id,source_dataset,original_label,num_generations,exact_match_agreement,unique_response_ratio,majority_response_fraction,mean_pairwise_similarity,min_pairwise_similarity,max_pairwise_similarity,pairwise_similarity_std,generation_disagreement
halueval-8465,halueval,1,5,1.0,0.2,1.0,1.0,1.0,1.0,0.0,0.0
halueval-9667,halueval,1,5,1.0,0.2,1.0,1.0,1.0,1.0,0.0,0.0
halueval-8673,halueval,0,5,1.0,0.2,1.0,1.0,1.0,1.0,0.0,0.0
halueval-5554,halueval,0,5,1.0,0.2,1.0,1.0,1.0,1.0,0.0,0.0
halueval-8298,halueval,0,5,1.0,0.2,1.0,1.0,1.0,1.0,0.0,0.0
halueval-157,halueval,1,5,1.0,0.2,1.0,1.0,1.0,1.0,0.0,0.0
halueval-9946,halueval,1,5,0.3,0.6,0.6,0.7934030294418335,0.6179896593093872,1.0,0.154385045170784,0.2065969705581665
halueval-7444,halueval,0,5,1.0,0.2,1.0,0.9999998807907104,0.9999998807907104,0.9999998807907104,0.0,1.1920928955078125e-07
halueval-1567,halueval,1,5,1.0,0.2,1.0,0.9834722280502319,0.9586806297302246,1.0,0.020242273807525635,0.016527771949768066
halueval-5072,halueval,0,5,0.6,0.4,0.8,0.7309057116508484,0.32726436853408813,1.0,0.32957181334495544,0.2690942883491516
halueval-3409,halueval,1,5,0.4,0.4,0.6,0.9910656809806824,0.9851094484329224,1.0,0.007294829003512859,0.008934319019317627
halueval-6034,halueval,1,5,0.4,0.4,0.6,0.4448528289794922,0.07848763465881348,1.0,0.4435540735721588,0.5551471710205078
halueval-1239,halueval,0,5,1.0,0.2,1.0,1.0,1.0,1.0,0.0,0.0
halueval-4890,halueval,1,5,1.0,0.2,1.0,0.9915063977241516,0.9858440160751343,1.0,0.006934987846761942,0.008493602275848389
halueval-5462,halueval,0,5,1.0,0.2,1.0,1.0,1.0,1.0,0.0,0.0
halueval-1130,halueval,1,5,1.0,0.2,1.0,0.9999998807907104,0.9999998807907104,0.9999998807907104,0.0,1.1920928955078125e-07
halueval-1717,halueval,1,5,1.0,0.2,1.0,1.0,1.0,1.0,0.0,0.0
halueval-5853,halueval,0,5,1.0,0.2,1.0,1.0,1.0,1.0,0.0,0.0
halueval-9293,halueval,0,5,1.0,0.2,1.0,1.0,1.0,1.0,0.0,0.0
halueval-9363,halueval,0,5,0.4,0.4,0.6,0.9256459474563599,0.8800209760665894,1.0,0.05171091854572296,0.07435405254364014
halueval-9204,halueval,1,5,1.0,0.2,1.0,0.9999998211860657,0.9999998211860657,0.9999998211860657,0.0,1.7881393432617188e-07
halueval-7635,halueval,1,5,1.0,0.2,1.0,0.9999998807907104,0.9999998807907104,0.9999998807907104,0.0,1.1920928955078125e-07
halueval-1353,halueval,1,5,1.0,0.2,1.0,1.0,1.0,1.0,0.0,0.0
halueval-6699,halueval,1,5,1.0,0.2,1.0,1.0,1.0,1.0,0.0,0.0
halueval-8917,halueval,1,5,0.6,0.4,0.8,0.8101398348808289,0.5003969669342041,1.0,0.21794062852859497,0.18986016511917114
halueval-184,halueval,0,5,1.0,0.2,1.0,1.0,1.0,1.0,0.0,0.0
halueval-7015,halueval,1,5,1.0,0.2,1.0,0.9999998807907104,0.9999998807907104,0.9999998807907104,0.0,1.1920928955078125e-07
halueval-8121,halueval,1,5,1.0,0.2,1.0,1.0,1.0,1.0,0.0,0.0
halueval-8119,halueval,1,5,1.0,0.2,1.0,1.0,1.0,1.0,0.0,0.0
halueval-3481,halueval,1,5,1.0,0.2,1.0,0.9999998807907104,0.9999998807907104,0.9999998807907104,0.0,1.1920928955078125e-07
halueval-2021,halueval,1,5,1.0,0.2,1.0,1.0,1.0,1.0,0.0,0.0
halueval-7892,halueval,0,5,1.0,0.2,1.0,1.0,1.0,1.0,0.0,0.0
halueval-922,halueval,1,5,1.0,0.2,1.0,0.9904869198799133,0.9762174487113953,0.9999998807907104,0.011650964617729187,0.00951308012008667
halueval-3618,halueval,1,5,1.0,0.2,1.0,0.9999998807907104,0.9999998807907104,0.9999998807907104,0.0,1.1920928955078125e-07
halueval-3508,halueval,0,5,1.0,0.2,1.0,1.0,1.0,1.0,0.0,0.0
halueval-3756,halueval,0,5,1.0,0.2,1.0,1.0,1.0,1.0,0.0,0.0
halueval-2137,halueval,0,5,1.0,0.2,1.0,0.9999997019767761,0.9999997019767761,0.9999997019767761,0.0,2.980232238769531e-07
halueval-5978,halueval,0,5,1.0,0.2,1.0,1.0,1.0,1.0,0.0,0.0
halueval-9235,halueval,1,5,1.0,0.2,1.0,1.0,1.0,1.0,0.0,0.0
halueval-3318,halueval,0,5,1.0,0.2,1.0,1.0,1.0,1.0,0.0,0.0
halueval-9699,halueval,1,5,1.0,0.2,1.0,0.9890443682670593,0.9726111888885498,0.9999997615814209,0.013417606242001057,0.010955631732940674
halueval-2408,halueval,0,5,1.0,0.2,1.0,1.0,1.0,1.0,0.0,0.0
halueval-1304,halueval,1,5,1.0,0.2,1.0,0.9999998807907104,0.9999998807907104,0.9999998807907104,0.0,1.1920928955078125e-07
halueval-6032,halueval,1,5,1.0,0.2,1.0,1.0,1.0,1.0,0.0,0.0
halueval-8393,halueval,1,5,0.4,0.4,0.6,0.8619968295097351,0.7699947357177734,1.0,0.11267910152673721,0.1380031704902649
halueval-8469,halueval,0,5,1.0,0.2,1.0,1.0,1.0,1.0,0.0,0.0
halueval-3137,halueval,0,5,0.6,0.4,0.8,0.9485292434692383,0.8713231086730957,1.0,0.06303855031728745,0.05147075653076172
halueval-3826,halueval,0,5,1.0,0.2,1.0,0.9999998807907104,0.9999998807907104,0.9999998807907104,0.0,1.1920928955078125e-07
halueval-606,halueval,0,5,1.0,0.2,1.0,0.9999998807907104,0.9999998807907104,0.9999998807907104,0.0,1.1920928955078125e-07
halueval-7279,halueval,1,5,1.0,0.2,1.0,0.9956701993942261,0.98917555809021,1.0,0.00530287204310298,0.004329800605773926
halueval-2321,halueval,0,5,1.0,0.2,1.0,1.0,1.0,1.0,0.0,0.0
halueval-4864,halueval,0,5,1.0,0.2,1.0,1.0,1.0,1.0,0.0,0.0
halueval-5649,halueval,1,5,0.4,0.4,0.6,0.8241299390792847,0.7068833112716675,1.0,0.14359726011753082,0.17587006092071533
halueval-4829,halueval,1,5,1.0,0.2,1.0,0.9906338453292847,0.9843899011611938,1.0,0.0076472461223602295,0.009366154670715332
halueval-2058,halueval,0,5,1.0,0.2,1.0,0.9899670481681824,0.9832785129547119,1.0,0.008191799744963646,0.010032951831817627
halueval-378,halueval,0,5,1.0,0.2,1.0,0.977968692779541,0.9449217319488525,1.0,0.026982728391885757,0.022031307220458984
halueval-1298,halueval,0,5,1.0,0.2,1.0,1.0,1.0,1.0,0.0,0.0
halueval-4403,halueval,0,5,1.0,0.2,1.0,1.0,1.0,1.0,0.0,0.0
halueval-5646,halueval,0,5,1.0,0.2,1.0,1.0,1.0,1.0,0.0,0.0
halueval-813,halueval,1,5,1.0,0.2,1.0,1.0,1.0,1.0,0.0,0.0
halueval-3774,halueval,0,5,1.0,0.2,1.0,0.9999998807907104,0.9999998807907104,0.9999998807907104,0.0,1.1920928955078125e-07
halueval-2337,halueval,0,5,0.6,0.4,0.8,0.9584282040596008,0.8960704803466797,1.0,0.05091485753655434,0.04157179594039917
halueval-5503,halueval,0,5,1.0,0.2,1.0,0.9999998807907104,0.9999998807907104,0.9999998807907104,0.0,1.1920928955078125e-07
halueval-3482,halueval,0,5,1.0,0.2,1.0,1.0,1.0,1.0,0.0,0.0
halueval-5565,halueval,1,5,0.6,0.4,0.8,0.6858855485916138,0.23542536795139313,1.0,0.3490982949733734,0.31411445140838623
halueval-2154,halueval,0,5,1.0,0.2,1.0,0.9539524912834167,0.923254132270813,1.0,0.037597645074129105,0.04604750871658325
halueval-8495,halueval,0,5,1.0,0.2,1.0,0.9999998807907104,0.9999998807907104,0.9999998807907104,0.0,1.1920928955078125e-07
halueval-1611,halueval,1,5,1.0,0.2,1.0,1.0,1.0,1.0,0.0,0.0
halueval-1564,halueval,1,5,1.0,0.2,1.0,1.0,1.0,1.0,0.0,0.0
halueval-9405,halueval,0,5,1.0,0.2,1.0,0.9839673042297363,0.9732788801193237,1.0,0.013090621680021286,0.016032695770263672
halueval-5754,halueval,0,5,1.0,0.2,1.0,1.0,1.0,1.0,0.0,0.0
halueval-1996,halueval,1,5,0.6,0.4,0.8,0.9190171360969543,0.810072124004364,1.0,0.06911949068307877,0.08098286390304565
halueval-7896,halueval,1,5,0.6,0.4,0.8,0.9859205484390259,0.9648013114929199,1.0,0.01724376529455185,0.014079451560974121
halueval-262,halueval,0,5,1.0,0.2,1.0,1.0,1.0,1.0,0.0,0.0
halueval-8107,halueval,0,5,1.0,0.2,1.0,1.0,1.0,1.0,0.0,0.0
halueval-6430,halueval,1,5,1.0,0.2,1.0,0.9999998807907104,0.9999999403953552,0.9999999403953552,5.960464477539063e-08,1.1920928955078125e-07
halueval-396,halueval,0,5,1.0,0.2,1.0,1.0,1.0,1.0,0.0,0.0
halueval-6835,halueval,0,5,1.0,0.2,1.0,1.0,1.0,1.0,0.0,0.0
halueval-438,halueval,0,5,1.0,0.2,1.0,1.0,1.0,1.0,0.0,0.0
halueval-9632,halueval,1,5,0.6,0.4,0.8,0.9187475442886353,0.7968689203262329,0.9999998211860657,0.09951341152191162,0.08125245571136475
halueval-909,halueval,1,5,1.0,0.2,1.0,1.0,1.0,1.0,0.0,0.0
halueval-4228,halueval,0,5,1.0,0.2,1.0,1.0,1.0,1.0,0.0,0.0
halueval-8756,halueval,0,5,1.0,0.2,1.0,0.9999998807907104,0.9999998807907104,0.9999998807907104,0.0,1.1920928955078125e-07
halueval-8958,halueval,1,5,1.0,0.2,1.0,1.0,1.0,1.0,0.0,0.0
halueval-351,halueval,1,5,1.0,0.2,1.0,0.9999998211860657,0.9999997615814209,0.9999997615814209,5.960464477539063e-08,1.7881393432617188e-07
halueval-8371,halueval,0,5,1.0,0.2,1.0,0.9940193295478821,0.9850481748580933,1.0,0.007324868813157082,0.00598067045211792
halueval-858,halueval,0,5,0.6,0.4,0.8,0.9382631182670593,0.8481512069702148,0.9999998807907104,0.04594877362251282,0.061736881732940674
halueval-302,halueval,1,5,1.0,0.2,1.0,0.9922130703926086,0.9805328249931335,0.9999997615814209,0.009536813013255596,0.007786929607391357
halueval-6446,halueval,1,5,1.0,0.2,1.0,1.0,1.0,1.0,0.0,0.0
halueval-5194,halueval,1,5,1.0,0.2,1.0,1.0,1.0,1.0,0.0,0.0
halueval-2679,halueval,1,5,1.0,0.2,1.0,1.0,1.0,1.0,0.0,0.0
halueval-2882,halueval,0,5,0.1,0.8,0.4,0.46369895339012146,0.3251694142818451,1.0,0.1860121637582779,0.5363010466098785
halueval-6195,halueval,0,5,1.0,0.2,1.0,1.0,1.0,1.0,0.0,0.0
halueval-3574,halueval,1,5,1.0,0.2,1.0,1.0,1.0,1.0,0.0,0.0
halueval-9344,halueval,1,5,1.0,0.2,1.0,0.9999998807907104,0.9999998807907104,0.9999998807907104,0.0,1.1920928955078125e-07
halueval-6572,halueval,0,5,1.0,0.2,1.0,0.9947041273117065,0.9911735653877258,1.0,0.004324052017182112,0.005295872688293457
halueval-1013,halueval,0,5,1.0,0.2,1.0,0.9999998807907104,0.9999999403953552,0.9999999403953552,5.960464477539063e-08,1.1920928955078125e-07
halueval-6480,halueval,0,5,1.0,0.2,1.0,1.0,1.0,1.0,0.0,0.0
halueval-9327,halueval,1,5,1.0,0.2,1.0,1.0,1.0,1.0,0.0,0.0
halueval-880,halueval,0,5,1.0,0.2,1.0,0.9936500787734985,0.9841251373291016,1.0,0.007777062244713306,0.006349921226501465
halueval-1221,halueval,1,5,1.0,0.2,1.0,1.0,1.0,1.0,0.0,0.0
halueval-6186,halueval,0,5,1.0,0.2,1.0,1.0,1.0,1.0,0.0,0.0
halueval-9766,halueval,1,5,1.0,0.2,1.0,0.9999998807907104,0.9999998807907104,0.9999998807907104,0.0,1.1920928955078125e-07
halueval-4378,halueval,1,5,1.0,0.2,1.0,0.9901937246322632,0.9836562871932983,1.0,0.008006750606000423,0.009806275367736816
halueval-3683,halueval,0,5,1.0,0.2,1.0,0.9999998807907104,0.9999998807907104,0.9999998807907104,0.0,1.1920928955078125e-07
halueval-6340,halueval,0,5,0.6,0.4,0.8,0.996817946434021,0.9920448660850525,1.0,0.003897203831002116,0.003182053565979004
halueval-4100,halueval,0,5,1.0,0.2,1.0,0.9999998807907104,0.9999998807907104,0.9999998807907104,0.0,1.1920928955078125e-07
halueval-6221,halueval,1,5,1.0,0.2,1.0,0.9999998807907104,0.9999998807907104,0.9999998807907104,0.0,1.1920928955078125e-07
halueval-6366,halueval,0,5,1.0,0.2,1.0,0.9714583158493042,0.9286458492279053,1.0,0.034956254065036774,0.0285416841506958
halueval-582,halueval,1,5,1.0,0.2,1.0,0.9920490384101868,0.9867483377456665,1.0,0.006491962354630232,0.007950961589813232
halueval-9911,halueval,0,5,1.0,0.2,1.0,0.9999998807907104,0.9999999403953552,0.9999999403953552,5.960464477539063e-08,1.1920928955078125e-07
halueval-9839,halueval,1,5,1.0,0.2,1.0,1.0,1.0,1.0,0.0,0.0
halueval-9616,halueval,0,5,1.0,0.2,1.0,0.9999997019767761,0.9999997019767761,0.9999997019767761,0.0,2.980232238769531e-07
halueval-9359,halueval,0,5,1.0,0.2,1.0,0.9999998211860657,0.9999997615814209,0.9999997615814209,5.960464477539063e-08,1.7881393432617188e-07
halueval-6087,halueval,0,5,1.0,0.2,1.0,0.9872968792915344,0.9788281917572021,1.0,0.010372010990977287,0.012703120708465576
halueval-3271,halueval,0,5,1.0,0.2,1.0,0.9999998807907104,0.9999998807907104,0.9999998807907104,0.0,1.1920928955078125e-07
halueval-2785,halueval,1,5,1.0,0.2,1.0,0.9999998807907104,0.9999998807907104,0.9999998807907104,0.0,1.1920928955078125e-07
halueval-5678,halueval,0,5,0.6,0.4,0.8,0.9964519739151001,0.991129994392395,1.0,0.0043453979305922985,0.0035480260848999023
halueval-1184,halueval,0,5,1.0,0.2,1.0,0.9878392219543457,0.9695980548858643,1.0,0.01489384938031435,0.012160778045654297
halueval-7750,halueval,1,5,1.0,0.2,1.0,1.0,1.0,1.0,0.0,0.0
halueval-6348,halueval,1,5,0.1,0.8,0.4,0.8598000407218933,0.8123906850814819,1.0,0.05895240232348442,0.1401999592781067
halueval-3577,halueval,1,5,1.0,0.2,1.0,1.0,1.0,1.0,0.0,0.0
halueval-4577,halueval,1,5,1.0,0.2,1.0,1.0,1.0,1.0,0.0,0.0
halueval-3261,halueval,0,5,1.0,0.2,1.0,1.0,1.0,1.0,0.0,0.0
halueval-5834,halueval,0,5,1.0,0.2,1.0,1.0,1.0,1.0,0.0,0.0
halueval-3654,halueval,1,5,1.0,0.2,1.0,1.0,1.0,1.0,0.0,0.0
halueval-4397,halueval,1,5,1.0,0.2,1.0,1.0,1.0,1.0,0.0,0.0
halueval-9181,halueval,1,5,1.0,0.2,1.0,0.9999998807907104,0.9999999403953552,0.9999999403953552,5.960464477539063e-08,1.1920928955078125e-07
halueval-7847,halueval,1,5,1.0,0.2,1.0,0.9999998807907104,0.9999999403953552,0.9999999403953552,5.960464477539063e-08,1.1920928955078125e-07
halueval-5915,halueval,0,5,0.6,0.4,0.8,0.639529824256897,0.09882444143295288,1.0,0.4414840638637543,0.360470175743103
halueval-9067,halueval,1,5,1.0,0.2,1.0,1.0,1.0,1.0,0.0,0.0
halueval-7859,halueval,0,5,0.4,0.4,0.6,0.96662437915802,0.9177144765853882,1.0,0.0338883139193058,0.03337562084197998
halueval-3463,halueval,1,5,1.0,0.2,1.0,0.9999998807907104,0.9999998807907104,0.9999998807907104,0.0,1.1920928955078125e-07
halueval-3559,halueval,1,5,1.0,0.2,1.0,0.9999998807907104,0.9999998807907104,0.9999998807907104,0.0,1.1920928955078125e-07
halueval-9730,halueval,0,5,1.0,0.2,1.0,0.9919799566268921,0.979949951171875,1.0,0.009822478517889977,0.00802004337310791
halueval-8161,halueval,0,5,1.0,0.2,1.0,1.0,1.0,1.0,0.0,0.0
halueval-1379,halueval,0,5,1.0,0.2,1.0,1.0,1.0,1.0,0.0,0.0
halueval-3059,halueval,0,5,1.0,0.2,1.0,1.0,1.0,1.0,0.0,0.0
halueval-1052,halueval,1,5,0.4,0.4,0.6,0.9193080067634583,0.8440276384353638,0.9999998807907104,0.060696061700582504,0.08069199323654175
halueval-6298,halueval,0,5,1.0,0.2,1.0,1.0,1.0,1.0,0.0,0.0
halueval-3101,halueval,1,5,1.0,0.2,1.0,1.0,1.0,1.0,0.0,0.0
halueval-7769,halueval,0,5,1.0,0.2,1.0,0.9999998807907104,0.9999999403953552,0.9999999403953552,5.960464477539063e-08,1.1920928955078125e-07
halueval-7445,halueval,1,5,1.0,0.2,1.0,1.0,1.0,1.0,0.0,0.0
halueval-1641,halueval,0,5,1.0,0.2,1.0,1.0,1.0,1.0,0.0,0.0
halueval-9738,halueval,0,5,1.0,0.2,1.0,1.0,1.0,1.0,0.0,0.0
halueval-4789,halueval,1,5,1.0,0.2,1.0,1.0,1.0,1.0,0.0,0.0
halueval-244,halueval,0,5,1.0,0.2,1.0,1.0,1.0,1.0,0.0,0.0
halueval-6578,halueval,1,5,1.0,0.2,1.0,1.0,1.0,1.0,0.0,0.0
halueval-4658,halueval,0,5,0.6,0.4,0.8,0.8632272481918335,0.6580682992935181,1.0,0.16751165688037872,0.1367727518081665
halueval-1382,halueval,1,5,1.0,0.2,1.0,0.9999998211860657,0.9999997615814209,0.9999997615814209,5.960464477539063e-08,1.7881393432617188e-07
halueval-7514,halueval,1,5,1.0,0.2,1.0,0.9954624176025391,0.9886559247970581,1.0,0.005557439289987087,0.0045375823974609375
halueval-2145,halueval,1,5,1.0,0.2,1.0,0.9999998807907104,0.9999998807907104,0.9999998807907104,0.0,1.1920928955078125e-07
halueval-7145,halueval,1,5,1.0,0.2,1.0,0.9957373738288879,0.9893434047698975,1.0,0.005220644176006317,0.0042626261711120605
halueval-2619,halueval,1,5,0.4,0.4,0.6,0.8892433047294617,0.8154056072235107,1.0,0.09043239057064056,0.11075669527053833
halueval-3056,halueval,0,5,0.6,0.4,0.8,0.6801584362983704,0.20899546146392822,1.0,0.3834366798400879,0.31984156370162964
halueval-7259,halueval,1,5,1.0,0.2,1.0,0.9999998211860657,0.9999998211860657,0.9999998211860657,0.0,1.7881393432617188e-07
halueval-9994,halueval,1,5,1.0,0.2,1.0,1.0,1.0,1.0,0.0,0.0
halueval-1651,halueval,0,5,1.0,0.2,1.0,0.9902176856994629,0.9755445122718811,0.9999998211860657,0.011980605311691761,0.00978231430053711
halueval-4271,halueval,0,5,1.0,0.2,1.0,1.0,1.0,1.0,0.0,0.0
halueval-8295,halueval,0,5,0.6,0.4,0.8,0.9966476559638977,0.991619348526001,0.9999998211860657,0.004105576314032078,0.003352344036102295
halueval-5735,halueval,0,5,1.0,0.2,1.0,0.9878870844841003,0.9697177410125732,1.0,0.014835216104984283,0.012112915515899658
halueval-7343,halueval,0,5,1.0,0.2,1.0,0.993598461151123,0.9839963912963867,0.9999998807907104,0.007840077392756939,0.006401538848876953
halueval-7076,halueval,1,5,1.0,0.2,1.0,1.0,1.0,1.0,0.0,0.0
halueval-7190,halueval,1,5,1.0,0.2,1.0,0.9999998211860657,0.9999998211860657,0.9999998211860657,0.0,1.7881393432617188e-07
halueval-8745,halueval,0,5,1.0,0.2,1.0,1.0,1.0,1.0,0.0,0.0
halueval-7270,halueval,0,5,1.0,0.2,1.0,0.9903556704521179,0.9758890867233276,1.0,0.011811886914074421,0.00964432954788208
halueval-3283,halueval,1,5,1.0,0.2,1.0,0.9999998211860657,0.9999997615814209,0.9999997615814209,5.960464477539063e-08,1.7881393432617188e-07
halueval-8456,halueval,1,5,1.0,0.2,1.0,0.9877579808235168,0.969394862651825,1.0,0.014993393793702126,0.012242019176483154
halueval-5153,halueval,1,5,1.0,0.2,1.0,1.0,1.0,1.0,0.0,0.0
halueval-6235,halueval,0,5,1.0,0.2,1.0,1.0,1.0,1.0,0.0,0.0
halueval-8815,halueval,0,5,1.0,0.2,1.0,1.0,1.0,1.0,0.0,0.0
halueval-905,halueval,1,5,1.0,0.2,1.0,0.9906511306762695,0.9766280651092529,0.9999997615814209,0.011449746787548065,0.009348869323730469
halueval-187,halueval,0,5,1.0,0.2,1.0,0.9905470609664917,0.9842451810836792,1.0,0.007718253415077925,0.0094529390335083
halueval-5850,halueval,0,5,1.0,0.2,1.0,1.0,1.0,1.0,0.0,0.0
halueval-469,halueval,0,5,1.0,0.2,1.0,1.0,1.0,1.0,0.0,0.0
halueval-5196,halueval,0,5,1.0,0.2,1.0,0.9820984601974487,0.9701642990112305,0.9999998807907104,0.0146163459867239,0.01790153980255127
halueval-7265,halueval,1,5,1.0,0.2,1.0,1.0,1.0,1.0,0.0,0.0
halueval-7047,halueval,0,5,0.4,0.4,0.6,0.45025473833084106,0.0837579146027565,1.0,0.4488650858402252,0.5497452616691589
halueval-271,halueval,0,5,1.0,0.2,1.0,1.0,1.0,1.0,0.0,0.0
halueval-2117,halueval,1,5,1.0,0.2,1.0,0.9799454808235168,0.9665757417678833,1.0,0.01637447439134121,0.020054519176483154
halueval-5929,halueval,0,5,1.0,0.2,1.0,0.9937111735343933,0.9842779636383057,1.0,0.007702192757278681,0.0062888264656066895
halueval-6386,halueval,0,5,1.0,0.2,1.0,1.0,1.0,1.0,0.0,0.0
halueval-1043,halueval,0,5,1.0,0.2,1.0,1.0,1.0,1.0,0.0,0.0
halueval-2843,halueval,0,5,1.0,0.2,1.0,1.0,1.0,1.0,0.0,0.0
halueval-9507,halueval,1,5,1.0,0.2,1.0,1.0,1.0,1.0,0.0,0.0
halueval-7956,halueval,1,5,1.0,0.2,1.0,0.9999998807907104,0.9999998807907104,0.9999998807907104,0.0,1.1920928955078125e-07
halueval-9698,halueval,1,5,1.0,0.2,1.0,0.9929484128952026,0.982370913028717,1.0,0.008636453188955784,0.007051587104797363
halueval-1393,halueval,0,5,1.0,0.2,1.0,0.965528666973114,0.9425477981567383,1.0,0.028145715594291687,0.034471333026885986
halueval-4686,halueval,1,5,1.0,0.2,1.0,1.0,1.0,1.0,0.0,0.0
halueval-5445,halueval,1,5,1.0,0.2,1.0,0.9935395121574402,0.9838489294052124,1.0,0.007912376895546913,0.0064604878425598145
halueval-9369,halueval,0,5,1.0,0.2,1.0,0.9771149754524231,0.9427876472473145,0.9999998807907104,0.028028154745697975,0.022885024547576904
halueval-8417,halueval,1,5,1.0,0.2,1.0,1.0,1.0,1.0,0.0,0.0
halueval-2797,halueval,1,5,1.0,0.2,1.0,0.9999998807907104,0.9999999403953552,0.9999999403953552,5.960464477539063e-08,1.1920928955078125e-07
halueval-3674,halueval,1,5,1.0,0.2,1.0,1.0,1.0,1.0,0.0,0.0
halueval-8452,halueval,1,5,1.0,0.2,1.0,1.0,1.0,1.0,0.0,0.0
halueval-8532,halueval,0,5,1.0,0.2,1.0,0.9931294322013855,0.988548994064331,1.0,0.005609802436083555,0.006870567798614502
halueval-6985,halueval,1,5,1.0,0.2,1.0,1.0,1.0,1.0,0.0,0.0
halueval-585,halueval,0,5,1.0,0.2,1.0,0.968082070350647,0.9468034505844116,1.0,0.026060881093144417,0.03191792964935303
halueval-2129,halueval,1,5,1.0,0.2,1.0,1.0,1.0,1.0,0.0,0.0
halueval-4508,halueval,0,5,0.4,0.4,0.6,0.5724361538887024,0.2899603247642517,1.0,0.3441826105117798,0.4275638461112976
halueval-8381,halueval,1,5,1.0,0.2,1.0,1.0,1.0,1.0,0.0,0.0
halueval-9386,halueval,0,5,1.0,0.2,1.0,0.99433434009552,0.9858357906341553,1.0,0.006939017213881016,0.0056656599044799805
halueval-7807,halueval,0,5,1.0,0.2,1.0,0.9999998807907104,0.9999998807907104,0.9999998807907104,0.0,1.1920928955078125e-07
halueval-4112,halueval,0,5,1.0,0.2,1.0,0.9940229654312134,0.9850574731826782,1.0,0.00732031324878335,0.005977034568786621
halueval-2197,halueval,1,5,1.0,0.2,1.0,1.0,1.0,1.0,0.0,0.0
halueval-5940,halueval,1,5,0.2,0.6,0.4,0.9597980380058289,0.922427773475647,1.0,0.02471073903143406,0.04020196199417114
halueval-7465,halueval,0,5,1.0,0.2,1.0,0.9815813302993774,0.9693021178245544,1.0,0.015038830228149891,0.01841866970062256
halueval-3949,halueval,0,5,1.0,0.2,1.0,1.0,1.0,1.0,0.0,0.0
halueval-1336,halueval,0,5,1.0,0.2,1.0,1.0,1.0,1.0,0.0,0.0
halueval-8565,halueval,1,5,1.0,0.2,1.0,1.0,1.0,1.0,0.0,0.0
halueval-3895,halueval,0,5,1.0,0.2,1.0,1.0,1.0,1.0,0.0,0.0
halueval-7261,halueval,1,5,1.0,0.2,1.0,0.9915658831596375,0.9789147973060608,1.0,0.010329597629606724,0.008434116840362549
halueval-4138,halueval,1,5,1.0,0.2,1.0,1.0,1.0,1.0,0.0,0.0
halueval-380,halueval,1,5,1.0,0.2,1.0,1.0,1.0,1.0,0.0,0.0
halueval-5582,halueval,0,5,1.0,0.2,1.0,0.9928844571113586,0.9822112321853638,0.9999999403953552,0.008714651688933372,0.007115542888641357
halueval-2427,halueval,0,5,1.0,0.2,1.0,1.0,1.0,1.0,0.0,0.0
halueval-8666,halueval,1,5,1.0,0.2,1.0,1.0,1.0,1.0,0.0,0.0
halueval-715,halueval,0,5,1.0,0.2,1.0,0.9999998807907104,0.9999999403953552,0.9999999403953552,5.960464477539063e-08,1.1920928955078125e-07
halueval-6861,halueval,1,5,1.0,0.2,1.0,1.0,1.0,1.0,0.0,0.0
halueval-2437,halueval,0,5,1.0,0.2,1.0,0.9932373762130737,0.9830936193466187,1.0,0.008282401598989964,0.0067626237869262695
halueval-1441,halueval,1,5,1.0,0.2,1.0,0.9999998807907104,0.9999998807907104,0.9999998807907104,0.0,1.1920928955078125e-07
halueval-8627,halueval,1,5,1.0,0.2,1.0,0.9999998807907104,0.9999998807907104,0.9999998807907104,0.0,1.1920928955078125e-07
halueval-9062,halueval,0,5,1.0,0.2,1.0,1.0,1.0,1.0,0.0,0.0
halueval-1848,halueval,0,5,0.1,0.8,0.4,0.9281318783760071,0.8969001770019531,1.0,0.03347157686948776,0.07186812162399292
halueval-4277,halueval,0,5,1.0,0.2,1.0,1.0,1.0,1.0,0.0,0.0
halueval-7074,halueval,0,5,1.0,0.2,1.0,1.0,1.0,1.0,0.0,0.0
halueval-1201,halueval,0,5,1.0,0.2,1.0,1.0,1.0,1.0,0.0,0.0
halueval-9089,halueval,0,5,1.0,0.2,1.0,1.0,1.0,1.0,0.0,0.0
halueval-161,halueval,1,5,0.4,0.4,0.6,0.8000661134719849,0.6667767763137817,1.0,0.16324537992477417,0.19993388652801514
halueval-3150,halueval,1,5,1.0,0.2,1.0,0.9999998807907104,0.9999998807907104,0.9999998807907104,0.0,1.1920928955078125e-07
halueval-8705,halueval,1,5,1.0,0.2,1.0,0.9931758046150208,0.9829394817352295,1.0,0.008357912302017212,0.006824195384979248
halueval-9238,halueval,0,5,0.6,0.4,0.8,0.9929983019828796,0.9824957847595215,1.0,0.008575279265642166,0.007001698017120361
halueval-5555,halueval,0,5,1.0,0.2,1.0,1.0,1.0,1.0,0.0,0.0
halueval-505,halueval,1,5,1.0,0.2,1.0,1.0,1.0,1.0,0.0,0.0
halueval-9601,halueval,1,5,1.0,0.2,1.0,1.0,1.0,1.0,0.0,0.0
halueval-5692,halueval,1,5,1.0,0.2,1.0,0.9999997019767761,0.9999996423721313,0.9999996423721313,5.960464477539063e-08,2.980232238769531e-07
halueval-5182,halueval,1,5,1.0,0.2,1.0,1.0,1.0,1.0,0.0,0.0
halueval-5774,halueval,1,5,1.0,0.2,1.0,1.0,1.0,1.0,0.0,0.0
halueval-1022,halueval,1,5,1.0,0.2,1.0,1.0,1.0,1.0,0.0,0.0
halueval-5089,halueval,1,5,1.0,0.2,1.0,1.0,1.0,1.0,0.0,0.0
halueval-2259,halueval,0,5,1.0,0.2,1.0,1.0,1.0,1.0,0.0,0.0
halueval-4560,halueval,1,5,1.0,0.2,1.0,0.9900822639465332,0.9834704995155334,1.0,0.008097768761217594,0.009917736053466797
halueval-8564,halueval,1,5,1.0,0.2,1.0,1.0,1.0,1.0,0.0,0.0
halueval-6586,halueval,0,5,0.4,0.4,0.6,0.9981401562690735,0.996900200843811,1.0,0.0015185853699222207,0.0018598437309265137
halueval-8022,halueval,0,5,1.0,0.2,1.0,1.0,1.0,1.0,0.0,0.0
halueval-3313,halueval,0,5,1.0,0.2,1.0,0.9999998807907104,0.9999998807907104,0.9999998807907104,0.0,1.1920928955078125e-07
halueval-6455,halueval,1,5,1.0,0.2,1.0,1.0,1.0,1.0,0.0,0.0
halueval-4056,halueval,1,5,1.0,0.2,1.0,1.0,1.0,1.0,0.0,0.0
halueval-4885,halueval,1,5,1.0,0.2,1.0,1.0,1.0,1.0,0.0,0.0
halueval-3057,halueval,0,5,0.6,0.4,0.8,0.83404940366745,0.585123598575592,1.0,0.2032471001148224,0.16595059633255005
halueval-1800,halueval,1,5,1.0,0.2,1.0,0.9999998211860657,0.9999997615814209,0.9999997615814209,5.960464477539063e-08,1.7881393432617188e-07
halueval-1699,halueval,0,5,1.0,0.2,1.0,1.0,1.0,1.0,0.0,0.0
halueval-4268,halueval,1,5,1.0,0.2,1.0,1.0,1.0,1.0,0.0,0.0
halueval-6224,halueval,0,5,1.0,0.2,1.0,1.0,1.0,1.0,0.0,0.0
halueval-7278,halueval,1,5,1.0,0.2,1.0,0.9926463961601257,0.9816161394119263,0.9999998807907104,0.009006157517433167,0.007353603839874268
halueval-6542,halueval,1,5,1.0,0.2,1.0,1.0,1.0,1.0,0.0,0.0
halueval-8120,halueval,0,5,1.0,0.2,1.0,0.9787996411323547,0.9646661281585693,1.0,0.017309991642832756,0.021200358867645264
halueval-1770,halueval,0,5,1.0,0.2,1.0,1.0,1.0,1.0,0.0,0.0
halueval-5616,halueval,1,5,1.0,0.2,1.0,0.9999998211860657,0.9999997615814209,0.9999997615814209,5.960464477539063e-08,1.7881393432617188e-07
halueval-4798,halueval,1,5,1.0,0.2,1.0,1.0,1.0,1.0,0.0,0.0
halueval-9542,halueval,1,5,1.0,0.2,1.0,1.0,1.0,1.0,0.0,0.0
halueval-987,halueval,0,5,0.4,0.4,0.6,0.9952953457832336,0.9921590089797974,0.9999998807907104,0.00384122715331614,0.004704654216766357
halueval-7725,halueval,0,5,1.0,0.2,1.0,1.0,1.0,1.0,0.0,0.0
halueval-6995,halueval,1,5,1.0,0.2,1.0,1.0,1.0,1.0,0.0,0.0
halueval-5982,halueval,1,5,1.0,0.2,1.0,0.9872962236404419,0.9788270592689514,1.0,0.01037253625690937,0.012703776359558105
halueval-7169,halueval,1,5,0.4,0.4,0.6,0.9134451746940613,0.8557419776916504,1.0,0.0706716850399971,0.08655482530593872
halueval-1874,halueval,0,5,1.0,0.2,1.0,1.0,1.0,1.0,0.0,0.0
halueval-6090,halueval,0,5,1.0,0.2,1.0,0.9999998807907104,0.9999999403953552,0.9999999403953552,5.960464477539063e-08,1.1920928955078125e-07
halueval-4527,halueval,1,5,1.0,0.2,1.0,1.0,1.0,1.0,0.0,0.0
halueval-4794,halueval,1,5,1.0,0.2,1.0,1.0,1.0,1.0,0.0,0.0
halueval-51,halueval,0,5,1.0,0.2,1.0,1.0,1.0,1.0,0.0,0.0
halueval-3130,halueval,0,5,1.0,0.2,1.0,1.0,1.0,1.0,0.0,0.0
halueval-5564,halueval,0,5,1.0,0.2,1.0,0.9516057968139648,0.9193430542945862,1.0,0.03951367363333702,0.048394203186035156
halueval-5904,halueval,1,5,1.0,0.2,1.0,1.0,1.0,1.0,0.0,0.0
halueval-666,halueval,1,5,0.6,0.4,0.8,0.9599601030349731,0.8999001979827881,1.0,0.04903868958353996,0.040039896965026855
halueval-3180,halueval,1,5,1.0,0.2,1.0,1.0,1.0,1.0,0.0,0.0
halueval-102,halueval,1,5,1.0,0.2,1.0,0.9999998807907104,0.9999998807907104,0.9999998807907104,0.0,1.1920928955078125e-07
halueval-1780,halueval,1,5,1.0,0.2,1.0,1.0,1.0,1.0,0.0,0.0
halueval-7326,halueval,0,5,1.0,0.2,1.0,1.0,1.0,1.0,0.0,0.0
halueval-3963,halueval,1,5,1.0,0.2,1.0,1.0,1.0,1.0,0.0,0.0
halueval-935,halueval,1,5,1.0,0.2,1.0,1.0,1.0,1.0,0.0,0.0
halueval-8967,halueval,1,5,1.0,0.2,1.0,1.0,1.0,1.0,0.0,0.0
halueval-8973,halueval,1,5,1.0,0.2,1.0,1.0,1.0,1.0,0.0,0.0
halueval-5740,halueval,0,5,1.0,0.2,1.0,0.9798396229743958,0.9663993120193481,1.0,0.016460886225104332,0.020160377025604248
halueval-7612,halueval,0,5,1.0,0.2,1.0,1.0,1.0,1.0,0.0,0.0
halueval-7263,halueval,0,5,1.0,0.2,1.0,1.0,1.0,1.0,0.0,0.0
halueval-6592,halueval,0,5,1.0,0.2,1.0,1.0,1.0,1.0,0.0,0.0
halueval-4514,halueval,1,5,0.4,0.4,0.6,0.5173464417457581,0.17949600517749786,0.9999998807907104,0.39006733894348145,0.48265355825424194
halueval-2565,halueval,0,5,0.6,0.4,0.8,0.9247751235961914,0.8363262414932251,1.0,0.07111678272485733,0.0752248764038086
halueval-3372,halueval,1,5,1.0,0.2,1.0,1.0,1.0,1.0,0.0,0.0
halueval-7171,halueval,0,5,1.0,0.2,1.0,1.0,1.0,1.0,0.0,0.0
halueval-2467,halueval,1,5,1.0,0.2,1.0,1.0,1.0,1.0,0.0,0.0
halueval-8330,halueval,0,5,1.0,0.2,1.0,1.0,1.0,1.0,0.0,0.0
halueval-9671,halueval,1,5,1.0,0.2,1.0,0.9999998807907104,0.9999998807907104,0.9999998807907104,0.0,1.1920928955078125e-07
halueval-6465,halueval,1,5,1.0,0.2,1.0,0.9999998807907104,0.9999998807907104,0.9999998807907104,0.0,1.1920928955078125e-07
halueval-6103,halueval,1,5,1.0,0.2,1.0,1.0,1.0,1.0,0.0,0.0
halueval-475,halueval,1,5,0.4,0.4,0.6,0.9668677449226379,0.9447795748710632,1.0,0.027052372694015503,0.03313225507736206
halueval-9060,halueval,1,5,1.0,0.2,1.0,1.0,1.0,1.0,0.0,0.0
halueval-4121,halueval,1,5,1.0,0.2,1.0,1.0,1.0,1.0,0.0,0.0
halueval-2109,halueval,1,5,1.0,0.2,1.0,1.0,1.0,1.0,0.0,0.0
halueval-3298,halueval,0,5,1.0,0.2,1.0,1.0,1.0,1.0,0.0,0.0
halueval-4495,halueval,0,5,1.0,0.2,1.0,0.9999998807907104,0.9999998807907104,0.9999998807907104,0.0,1.1920928955078125e-07
halueval-7533,halueval,1,5,1.0,0.2,1.0,1.0,1.0,1.0,0.0,0.0
halueval-7273,halueval,1,5,1.0,0.2,1.0,0.9999998807907104,0.9999999403953552,0.9999999403953552,5.960464477539063e-08,1.1920928955078125e-07
halueval-9666,halueval,0,5,1.0,0.2,1.0,0.9852133989334106,0.9630336165428162,0.9999998807907104,0.018109697848558426,0.014786601066589355
halueval-6411,halueval,0,5,1.0,0.2,1.0,1.0,1.0,1.0,0.0,0.0
halueval-7291,halueval,1,5,1.0,0.2,1.0,0.9905702471733093,0.9842839241027832,1.0,0.007699273992329836,0.009429752826690674
halueval-300,halueval,1,5,1.0,0.2,1.0,1.0,1.0,1.0,0.0,0.0
halueval-9888,halueval,0,5,1.0,0.2,1.0,0.9999998807907104,0.9999999403953552,0.9999999403953552,5.960464477539063e-08,1.1920928955078125e-07
halueval-4650,halueval,0,5,1.0,0.2,1.0,0.9903745651245117,0.9839576482772827,1.0,0.007859114557504654,0.009625434875488281
halueval-4684,halueval,0,5,1.0,0.2,1.0,0.9788123369216919,0.9646871089935303,1.0,0.0172997135668993,0.021187663078308105
halueval-1338,halueval,1,5,0.1,0.8,0.4,0.9710490107536316,0.9483320713043213,1.0,0.016288574784994125,0.028950989246368408
halueval-7113,halueval,0,5,1.0,0.2,1.0,0.9999998211860657,0.9999997615814209,0.9999997615814209,5.960464477539063e-08,1.7881393432617188e-07
halueval-7299,halueval,0,5,1.0,0.2,1.0,1.0,1.0,1.0,0.0,0.0
halueval-5841,halueval,1,5,1.0,0.2,1.0,1.0,1.0,1.0,0.0,0.0
halueval-3953,halueval,0,5,1.0,0.2,1.0,1.0,1.0,1.0,0.0,0.0
halueval-3037,halueval,0,5,1.0,0.2,1.0,1.0,1.0,1.0,0.0,0.0
halueval-554,halueval,1,5,1.0,0.2,1.0,0.9999998211860657,0.9999997615814209,0.9999997615814209,5.960464477539063e-08,1.7881393432617188e-07
halueval-1521,halueval,0,5,1.0,0.2,1.0,0.9999998211860657,0.9999997615814209,0.9999997615814209,5.960464477539063e-08,1.7881393432617188e-07
halueval-9884,halueval,1,5,1.0,0.2,1.0,1.0,1.0,1.0,0.0,0.0
halueval-952,halueval,1,5,1.0,0.2,1.0,0.9999997019767761,0.9999996423721313,0.9999996423721313,5.960464477539063e-08,2.980232238769531e-07
halueval-223,halueval,1,5,1.0,0.2,1.0,1.0,1.0,1.0,0.0,0.0
halueval-8843,halueval,0,5,1.0,0.2,1.0,0.9999998807907104,0.9999998807907104,0.9999998807907104,0.0,1.1920928955078125e-07
halueval-2360,halueval,1,5,0.4,0.4,0.6,0.9801657795906067,0.9613780975341797,1.0,0.013767257332801819,0.01983422040939331
halueval-6893,halueval,1,5,1.0,0.2,1.0,0.9856666326522827,0.9761110544204712,1.0,0.01170313823968172,0.014333367347717285
halueval-4923,halueval,1,5,1.0,0.2,1.0,0.9999998211860657,0.9999997615814209,0.9999997615814209,5.960464477539063e-08,1.7881393432617188e-07
halueval-1969,halueval,0,5,1.0,0.2,1.0,1.0,1.0,1.0,0.0,0.0
halueval-6036,halueval,1,5,1.0,0.2,1.0,0.9725581407546997,0.9542635083198547,1.0,0.0224061980843544,0.027441859245300293
halueval-7241,halueval,0,5,1.0,0.2,1.0,1.0,1.0,1.0,0.0,0.0
halueval-846,halueval,0,5,1.0,0.2,1.0,1.0,1.0,1.0,0.0,0.0
halueval-3268,halueval,1,5,0.3,0.6,0.6,0.8083330392837524,0.6536486744880676,1.0,0.13730388879776,0.19166696071624756
halueval-8780,halueval,1,5,1.0,0.2,1.0,0.9938198328018188,0.9845497012138367,0.9999999403953552,0.007569040637463331,0.006180167198181152
halueval-8798,halueval,1,5,1.0,0.2,1.0,0.9999998807907104,0.9999998807907104,0.9999998807907104,0.0,1.1920928955078125e-07
halueval-487,halueval,1,5,1.0,0.2,1.0,1.0,1.0,1.0,0.0,0.0
halueval-1648,halueval,0,5,0.1,0.8,0.4,0.5486435890197754,0.2392699122428894,1.0,0.3641965091228485,0.4513564109802246
halueval-2434,halueval,1,5,0.6,0.4,0.8,0.7468565702438354,0.3671415448188782,1.0,0.3100360631942749,0.25314342975616455
halueval-4238,halueval,0,5,1.0,0.2,1.0,1.0,1.0,1.0,0.0,0.0
halueval-4839,halueval,0,5,1.0,0.2,1.0,0.9886492490768433,0.9716231822967529,1.0,0.013901744037866592,0.011350750923156738
halueval-9782,halueval,0,5,1.0,0.2,1.0,0.9895964860916138,0.9826608300209045,1.0,0.0084944237023592,0.01040351390838623
halueval-7303,halueval,0,5,0.6,0.4,0.8,0.8467475175857544,0.6819247007369995,1.0,0.1271073818206787,0.1532524824142456
halueval-3702,halueval,0,5,1.0,0.2,1.0,0.986009418964386,0.9766824245452881,1.0,0.01142318919301033,0.013990581035614014
halueval-3405,halueval,0,5,1.0,0.2,1.0,1.0,1.0,1.0,0.0,0.0
halueval-6756,halueval,1,5,1.0,0.2,1.0,0.9865301847457886,0.9663254022598267,1.0,0.016497116535902023,0.013469815254211426
halueval-3616,halueval,1,5,0.4,0.4,0.6,0.4650987982749939,0.10849815607070923,1.0,0.4367448389530182,0.5349012017250061
halueval-1321,halueval,1,5,0.6,0.4,0.8,0.8902262449264526,0.7255657315254211,1.0,0.13444478809833527,0.10977375507354736
halueval-963,halueval,1,5,0.6,0.4,0.8,0.7420464754104614,0.35511618852615356,1.0,0.3159272372722626,0.2579535245895386
halueval-2921,halueval,0,5,1.0,0.2,1.0,1.0,1.0,1.0,0.0,0.0
halueval-9013,halueval,1,5,0.1,0.8,0.4,0.8845843076705933,0.7454310655593872,0.9999999403953552,0.10833467543125153,0.11541569232940674
halueval-634,halueval,0,5,0.6,0.4,0.8,0.9677131772041321,0.9192831516265869,0.9999999403953552,0.03954298794269562,0.03228682279586792
halueval-9579,halueval,1,5,1.0,0.2,1.0,0.9999998807907104,0.9999999403953552,0.9999999403953552,5.960464477539063e-08,1.1920928955078125e-07
halueval-9781,halueval,0,5,1.0,0.2,1.0,0.9950448870658875,0.987612247467041,1.0,0.00606873445212841,0.004955112934112549
halueval-2186,halueval,0,5,1.0,0.2,1.0,0.9861502647399902,0.9653756618499756,1.0,0.016962392255663872,0.013849735260009766
halueval-5821,halueval,0,5,0.1,0.8,0.4,0.48552703857421875,0.2100071758031845,1.0,0.3374427258968353,0.5144729614257812
halueval-5265,halueval,1,5,1.0,0.2,1.0,1.0,1.0,1.0,0.0,0.0
halueval-2454,halueval,1,5,1.0,0.2,1.0,0.9999998807907104,0.9999999403953552,0.9999999403953552,5.960464477539063e-08,1.1920928955078125e-07
halueval-2285,halueval,1,5,1.0,0.2,1.0,0.9999998211860657,0.9999997615814209,0.9999997615814209,5.960464477539063e-08,1.7881393432617188e-07
halueval-486,halueval,0,5,1.0,0.2,1.0,1.0,1.0,1.0,0.0,0.0
halueval-2726,halueval,1,5,1.0,0.2,1.0,1.0,1.0,1.0,0.0,0.0
halueval-3954,halueval,0,5,1.0,0.2,1.0,1.0,1.0,1.0,0.0,0.0
halueval-4711,halueval,0,5,1.0,0.2,1.0,1.0,1.0,1.0,0.0,0.0
halueval-4659,halueval,0,5,1.0,0.2,1.0,1.0,1.0,1.0,0.0,0.0
halueval-5105,halueval,1,5,1.0,0.2,1.0,1.0,1.0,1.0,0.0,0.0
halueval-6198,halueval,1,5,1.0,0.2,1.0,1.0,1.0,1.0,0.0,0.0
halueval-7256,halueval,1,5,1.0,0.2,1.0,0.9912198185920715,0.9780497550964355,0.9999998807907104,0.010753321461379528,0.008780181407928467
halueval-5895,halueval,1,5,1.0,0.2,1.0,1.0,1.0,1.0,0.0,0.0
halueval-2080,halueval,1,5,1.0,0.2,1.0,1.0,1.0,1.0,0.0,0.0
halueval-1807,halueval,0,5,1.0,0.2,1.0,0.9999998211860657,0.9999997615814209,0.9999997615814209,5.960464477539063e-08,1.7881393432617188e-07
halueval-6383,halueval,0,5,1.0,0.2,1.0,1.0,1.0,1.0,0.0,0.0
halueval-465,halueval,0,5,0.4,0.4,0.6,0.9787791967391968,0.9646320343017578,1.0,0.01732669398188591,0.021220803260803223
halueval-198,halueval,1,5,1.0,0.2,1.0,0.9886829257011414,0.9717074632644653,1.0,0.013860456645488739,0.011317074298858643
halueval-6081,halueval,0,5,1.0,0.2,1.0,1.0,1.0,1.0,0.0,0.0
halueval-9423,halueval,1,5,1.0,0.2,1.0,1.0,1.0,1.0,0.0,0.0
halueval-1711,halueval,1,5,1.0,0.2,1.0,1.0,1.0,1.0,0.0,0.0
halueval-7820,halueval,1,5,1.0,0.2,1.0,0.9999998211860657,0.9999997615814209,0.9999997615814209,5.960464477539063e-08,1.7881393432617188e-07
halueval-943,halueval,1,5,1.0,0.2,1.0,1.0,1.0,1.0,0.0,0.0
halueval-4702,halueval,1,5,1.0,0.2,1.0,1.0,1.0,1.0,0.0,0.0
halueval-4357,halueval,1,5,1.0,0.2,1.0,0.9954062700271606,0.9885157942771912,0.9999998807907104,0.005626030266284943,0.0045937299728393555
halueval-4262,halueval,1,5,1.0,0.2,1.0,1.0,1.0,1.0,0.0,0.0
halueval-6365,halueval,1,5,1.0,0.2,1.0,1.0,1.0,1.0,0.0,0.0
halueval-8479,halueval,0,5,0.4,0.4,0.6,0.9782711863517761,0.9637852907180786,1.0,0.01774151250720024,0.021728813648223877
halueval-5522,halueval,1,5,1.0,0.2,1.0,0.9999998211860657,0.9999998211860657,0.9999998211860657,0.0,1.7881393432617188e-07
halueval-5237,halueval,1,5,1.0,0.2,1.0,1.0,1.0,1.0,0.0,0.0
halueval-3649,halueval,1,5,0.6,0.4,0.8,0.9411875009536743,0.8529690504074097,0.9999997615814209,0.07203004509210587,0.058812499046325684
halueval-8097,halueval,1,5,1.0,0.2,1.0,1.0,1.0,1.0,0.0,0.0
halueval-2952,halueval,1,5,1.0,0.2,1.0,0.9890345335006714,0.9817242622375488,1.0,0.008953246288001537,0.010965466499328613
halueval-4358,halueval,0,5,0.2,0.6,0.4,0.6761850118637085,0.2069883644580841,1.0,0.3810054361820221,0.3238149881362915
halueval-765,halueval,1,5,1.0,0.2,1.0,1.0,1.0,1.0,0.0,0.0
halueval-1075,halueval,1,5,0.6,0.4,0.8,0.8091330528259277,0.5228328704833984,0.9999998807907104,0.23376312851905823,0.19086694717407227
halueval-1912,halueval,0,5,1.0,0.2,1.0,0.9999998807907104,0.9999998807907104,0.9999998807907104,0.0,1.1920928955078125e-07
halueval-7808,halueval,1,5,1.0,0.2,1.0,0.9861510396003723,0.9769185781478882,0.9999999403953552,0.011307504959404469,0.013848960399627686
halueval-749,halueval,0,5,1.0,0.2,1.0,1.0,1.0,1.0,0.0,0.0
halueval-7952,halueval,1,5,1.0,0.2,1.0,0.9999998807907104,0.9999999403953552,0.9999999403953552,5.960464477539063e-08,1.1920928955078125e-07
halueval-97,halueval,1,5,1.0,0.2,1.0,0.9999998807907104,0.9999999403953552,0.9999999403953552,5.960464477539063e-08,1.1920928955078125e-07
halueval-3863,halueval,0,5,1.0,0.2,1.0,0.9913056492805481,0.9782640933990479,1.0,0.010648375377058983,0.008694350719451904
halueval-2164,halueval,1,5,1.0,0.2,1.0,1.0,1.0,1.0,0.0,0.0
halueval-8543,halueval,0,5,1.0,0.2,1.0,0.9787214398384094,0.9468034505844116,1.0,0.026060879230499268,0.021278560161590576
halueval-4448,halueval,0,5,1.0,0.2,1.0,1.0,1.0,1.0,0.0,0.0
halueval-1250,halueval,1,5,1.0,0.2,1.0,1.0,1.0,1.0,0.0,0.0
halueval-1570,halueval,1,5,1.0,0.2,1.0,0.9888272285461426,0.9813786745071411,1.0,0.009122549556195736,0.011172771453857422
halueval-3260,halueval,1,5,1.0,0.2,1.0,1.0,1.0,1.0,0.0,0.0
halueval-3275,halueval,1,5,1.0,0.2,1.0,1.0,1.0,1.0,0.0,0.0
halueval-3498,halueval,0,5,1.0,0.2,1.0,0.9915882349014282,0.9859803915023804,1.0,0.006868177093565464,0.008411765098571777
halueval-8388,halueval,1,5,0.6,0.4,0.8,0.9578862190246582,0.8947155475616455,1.0,0.05157863721251488,0.0421137809753418
halueval-2043,halueval,1,5,0.3,0.6,0.6,0.8508313894271851,0.6266497373580933,1.0,0.17417624592781067,0.14916861057281494
halueval-9882,halueval,0,5,1.0,0.2,1.0,1.0,1.0,1.0,0.0,0.0
halueval-8249,halueval,1,5,1.0,0.2,1.0,1.0,1.0,1.0,0.0,0.0
halueval-4305,halueval,0,5,1.0,0.2,1.0,1.0,1.0,1.0,0.0,0.0
halueval-4433,halueval,0,5,1.0,0.2,1.0,1.0,1.0,1.0,0.0,0.0
halueval-491,halueval,0,5,1.0,0.2,1.0,0.9999998211860657,0.9999998211860657,0.9999998211860657,0.0,1.7881393432617188e-07
halueval-4200,halueval,1,5,0.6,0.4,0.8,0.9815871119499207,0.953967809677124,1.0,0.022551076486706734,0.018412888050079346
halueval-2678,halueval,1,5,1.0,0.2,1.0,0.9999997019767761,0.9999996423721313,0.9999996423721313,5.960464477539063e-08,2.980232238769531e-07
halueval-7020,halueval,0,5,1.0,0.2,1.0,0.9999998807907104,0.9999998807907104,0.9999998807907104,0.0,1.1920928955078125e-07
halueval-584,halueval,1,5,1.0,0.2,1.0,1.0,1.0,1.0,0.0,0.0
halueval-602,halueval,0,5,1.0,0.2,1.0,1.0,1.0,1.0,0.0,0.0
halueval-6435,halueval,0,5,0.6,0.4,0.8,0.9948989748954773,0.9872478246688843,0.9999997615814209,0.00624714745208621,0.005101025104522705
halueval-6529,halueval,0,5,1.0,0.2,1.0,1.0,1.0,1.0,0.0,0.0
halueval-4979,halueval,0,5,1.0,0.2,1.0,1.0,1.0,1.0,0.0,0.0
halueval-3429,halueval,1,5,0.6,0.4,0.8,0.9360250234603882,0.8400626182556152,1.0,0.07835299521684647,0.06397497653961182
halueval-237,halueval,0,5,1.0,0.2,1.0,1.0,1.0,1.0,0.0,0.0
halueval-5891,halueval,1,5,1.0,0.2,1.0,0.9909984469413757,0.9774962663650513,1.0,0.011024532839655876,0.009001553058624268
halueval-8597,halueval,0,5,1.0,0.2,1.0,0.9849011301994324,0.9622527956962585,1.0,0.018492277711629868,0.015098869800567627
halueval-4599,halueval,0,5,1.0,0.2,1.0,1.0,1.0,1.0,0.0,0.0
halueval-8957,halueval,0,5,1.0,0.2,1.0,1.0,1.0,1.0,0.0,0.0
halueval-5937,halueval,0,5,1.0,0.2,1.0,1.0,1.0,1.0,0.0,0.0
halueval-209,halueval,1,5,1.0,0.2,1.0,1.0,1.0,1.0,0.0,0.0
halueval-9968,halueval,1,5,1.0,0.2,1.0,0.9999998807907104,0.9999998807907104,0.9999998807907104,0.0,1.1920928955078125e-07
halueval-3177,halueval,1,5,1.0,0.2,1.0,0.9999998807907104,0.9999998807907104,0.9999998807907104,0.0,1.1920928955078125e-07
halueval-6753,halueval,0,5,1.0,0.2,1.0,1.0,1.0,1.0,0.0,0.0
halueval-8267,halueval,0,5,0.4,0.4,0.6,0.9622729420661926,0.9371216297149658,1.0,0.030803969129920006,0.03772705793380737
halueval-859,halueval,1,5,1.0,0.2,1.0,0.9915011525154114,0.9858353137969971,1.0,0.0069392286241054535,0.008498847484588623
halueval-6094,halueval,0,5,1.0,0.2,1.0,0.9463003277778625,0.9105005264282227,1.0,0.043845608830451965,0.05369967222213745
halueval-159,halueval,0,5,1.0,0.2,1.0,0.9854296445846558,0.9635743498802185,0.9999998807907104,0.0178447924554348,0.014570355415344238
halueval-3255,halueval,0,5,0.4,0.4,0.6,0.9936959147453308,0.9894931316375732,1.0,0.005147293210029602,0.0063040852546691895
halueval-1913,halueval,0,5,1.0,0.2,1.0,1.0,1.0,1.0,0.0,0.0
halueval-6231,halueval,0,5,1.0,0.2,1.0,1.0,1.0,1.0,0.0,0.0
halueval-1243,halueval,0,5,1.0,0.2,1.0,1.0,1.0,1.0,0.0,0.0
halueval-329,halueval,1,5,0.6,0.4,0.8,0.9759162068367004,0.9397904872894287,0.9999998807907104,0.029496459290385246,0.02408379316329956
halueval-2357,halueval,0,5,0.4,0.4,0.6,0.9937213659286499,0.9895357489585876,1.0,0.0051264152862131596,0.006278634071350098
halueval-2641,halueval,0,5,1.0,0.2,1.0,1.0,1.0,1.0,0.0,0.0
halueval-916,halueval,1,5,1.0,0.2,1.0,1.0,1.0,1.0,0.0,0.0
halueval-7405,halueval,1,5,1.0,0.2,1.0,0.9999998807907104,0.9999998807907104,0.9999998807907104,0.0,1.1920928955078125e-07
halueval-3491,halueval,0,5,1.0,0.2,1.0,0.9999998807907104,0.9999998807907104,0.9999998807907104,0.0,1.1920928955078125e-07
halueval-5457,halueval,0,5,0.4,0.4,0.6,0.8736532926559448,0.7894222140312195,1.0,0.10316160321235657,0.12634670734405518
halueval-735,halueval,1,5,0.2,0.6,0.4,0.5630000829696655,0.25483691692352295,0.9999998807907104,0.3305036723613739,0.4369999170303345
halueval-13,halueval,0,5,1.0,0.2,1.0,0.987645149230957,0.9794087409973145,1.0,0.010087615810334682,0.012354850769042969
halueval-8634,halueval,1,5,1.0,0.2,1.0,1.0,1.0,1.0,0.0,0.0
halueval-6019,halueval,1,5,1.0,0.2,1.0,0.9678462147712708,0.9464104175567627,1.0,0.02625342644751072,0.03215378522872925
halueval-6381,halueval,0,5,1.0,0.2,1.0,1.0,1.0,1.0,0.0,0.0
halueval-4170,halueval,1,5,1.0,0.2,1.0,1.0,1.0,1.0,0.0,0.0
halueval-7773,halueval,1,5,1.0,0.2,1.0,1.0,1.0,1.0,0.0,0.0
halueval-93,halueval,0,5,0.3,0.6,0.6,0.6677045822143555,0.37603843212127686,1.0,0.25606709718704224,0.33229541778564453
halueval-9205,halueval,0,5,1.0,0.2,1.0,1.0,1.0,1.0,0.0,0.0
halueval-68,halueval,0,5,1.0,0.2,1.0,0.9999998807907104,0.9999998807907104,0.9999998807907104,0.0,1.1920928955078125e-07
halueval-2488,halueval,1,5,0.6,0.4,0.8,0.9784538149833679,0.9461346864700317,1.0,0.026388507336378098,0.02154618501663208
halueval-4108,halueval,1,5,1.0,0.2,1.0,1.0,1.0,1.0,0.0,0.0
halueval-568,halueval,1,5,0.6,0.4,0.8,0.7841172218322754,0.4602930545806885,1.0,0.26440131664276123,0.2158827781677246
halueval-4479,halueval,1,5,1.0,0.2,1.0,0.9999998807907104,0.9999998807907104,0.9999998807907104,0.0,1.1920928955078125e-07
halueval-5199,halueval,1,5,1.0,0.2,1.0,0.9946150779724121,0.9910253286361694,1.0,0.004396643955260515,0.005384922027587891
halueval-600,halueval,0,5,1.0,0.2,1.0,1.0,1.0,1.0,0.0,0.0
halueval-1100,halueval,0,5,1.0,0.2,1.0,1.0,1.0,1.0,0.0,0.0
halueval-4517,halueval,0,5,1.0,0.2,1.0,1.0,1.0,1.0,0.0,0.0
halueval-6766,halueval,0,5,1.0,0.2,1.0,0.9999998211860657,0.9999998211860657,0.9999998211860657,0.0,1.7881393432617188e-07
halueval-1502,halueval,0,5,1.0,0.2,1.0,0.9658594131469727,0.9146485328674316,1.0,0.04181351140141487,0.034140586853027344
halueval-5625,halueval,0,5,1.0,0.2,1.0,1.0,1.0,1.0,0.0,0.0
halueval-6080,halueval,0,5,1.0,0.2,1.0,1.0,1.0,1.0,0.0,0.0
halueval-1101,halueval,0,5,1.0,0.2,1.0,1.0,1.0,1.0,0.0,0.0
halueval-473,halueval,0,5,1.0,0.2,1.0,0.9999998807907104,0.9999998807907104,0.9999998807907104,0.0,1.1920928955078125e-07
halueval-4131,halueval,1,5,1.0,0.2,1.0,1.0,1.0,1.0,0.0,0.0
halueval-2707,halueval,0,5,1.0,0.2,1.0,0.9999998807907104,0.9999998807907104,0.9999998807907104,0.0,1.1920928955078125e-07
halueval-7327,halueval,1,5,0.1,0.8,0.4,0.7984036207199097,0.6807886958122253,0.9999997615814209,0.1385323405265808,0.20159637928009033
halueval-6294,halueval,0,5,0.3,0.6,0.6,0.9086515307426453,0.8488937616348267,1.0,0.0622701495885849,0.09134846925735474
halueval-3120,halueval,1,5,0.2,0.6,0.4,0.576671838760376,0.18633490800857544,1.0,0.2740546762943268,0.423328161239624
halueval-1030,halueval,0,5,1.0,0.2,1.0,0.9932588338851929,0.9887648820877075,0.9999999403953552,0.005504024680703878,0.006741166114807129
halueval-1021,halueval,0,5,0.4,0.4,0.6,0.9933420419692993,0.9889033436775208,1.0,0.005436229053884745,0.006657958030700684
halueval-5417,halueval,0,5,1.0,0.2,1.0,1.0,1.0,1.0,0.0,0.0
halueval-7373,halueval,0,5,1.0,0.2,1.0,1.0,1.0,1.0,0.0,0.0
halueval-9107,halueval,0,5,1.0,0.2,1.0,0.9999998807907104,0.9999999403953552,0.9999999403953552,5.960464477539063e-08,1.1920928955078125e-07
halueval-2781,halueval,0,5,1.0,0.2,1.0,1.0,1.0,1.0,0.0,0.0
halueval-4778,halueval,0,5,1.0,0.2,1.0,1.0,1.0,1.0,0.0,0.0
halueval-9075,halueval,0,5,1.0,0.2,1.0,0.9999998211860657,0.9999998211860657,0.9999998211860657,0.0,1.7881393432617188e-07
halueval-7095,halueval,1,5,1.0,0.2,1.0,1.0,1.0,1.0,0.0,0.0
halueval-9315,halueval,0,5,1.0,0.2,1.0,1.0,1.0,1.0,0.0,0.0
halueval-3432,halueval,1,5,0.4,0.4,0.6,0.9505096673965454,0.9175161123275757,1.0,0.04040868580341339,0.04949033260345459
halueval-5538,halueval,1,5,1.0,0.2,1.0,1.0,1.0,1.0,0.0,0.0
halueval-3530,halueval,1,5,0.1,0.8,0.4,0.7107095718383789,0.5899208784103394,0.9546331763267517,0.12696407735347748,0.2892904281616211
halueval-1569,halueval,0,5,1.0,0.2,1.0,1.0,1.0,1.0,0.0,0.0
halueval-752,halueval,0,5,1.0,0.2,1.0,1.0,1.0,1.0,0.0,0.0
halueval-4429,halueval,1,5,1.0,0.2,1.0,1.0,1.0,1.0,0.0,0.0
halueval-2531,halueval,1,5,1.0,0.2,1.0,1.0,1.0,1.0,0.0,0.0
halueval-8920,halueval,0,5,1.0,0.2,1.0,1.0,1.0,1.0,0.0,0.0
halueval-7433,halueval,0,5,1.0,0.2,1.0,1.0,1.0,1.0,0.0,0.0
halueval-3349,halueval,1,5,1.0,0.2,1.0,0.9795093536376953,0.9658489227294922,1.0,0.016730541363358498,0.020490646362304688
halueval-3086,halueval,1,5,1.0,0.2,1.0,0.9956938028335571,0.9928231239318848,1.0,0.003515893127769232,0.004306197166442871
halueval-4253,halueval,1,5,1.0,0.2,1.0,0.9999998211860657,0.9999997615814209,0.9999997615814209,5.960464477539063e-08,1.7881393432617188e-07
halueval-573,halueval,1,5,1.0,0.2,1.0,1.0,1.0,1.0,0.0,0.0
halueval-3238,halueval,0,5,1.0,0.2,1.0,1.0,1.0,1.0,0.0,0.0
halueval-1322,halueval,0,5,0.4,0.4,0.6,0.7815238237380981,0.6358730792999268,1.0,0.17838501930236816,0.21847617626190186
halueval-9673,halueval,0,5,1.0,0.2,1.0,0.9999998807907104,0.9999998807907104,0.9999998807907104,0.0,1.1920928955078125e-07
halueval-8236,halueval,1,5,1.0,0.2,1.0,1.0,1.0,1.0,0.0,0.0
halueval-3833,halueval,1,5,1.0,0.2,1.0,1.0,1.0,1.0,0.0,0.0
halueval-2234,halueval,0,5,0.6,0.4,0.8,0.866540789604187,0.6663520336151123,0.9999999403953552,0.16345342993736267,0.133459210395813
halueval-1035,halueval,1,5,1.0,0.2,1.0,1.0,1.0,1.0,0.0,0.0
halueval-3815,halueval,0,5,1.0,0.2,1.0,0.9999998807907104,0.9999998807907104,0.9999998807907104,0.0,1.1920928955078125e-07
halueval-1880,halueval,0,5,1.0,0.2,1.0,1.0,1.0,1.0,0.0,0.0
halueval-3328,halueval,0,5,0.4,0.4,0.6,0.7583863735198975,0.5973106622695923,1.0,0.19727666676044464,0.24161362648010254
halueval-6569,halueval,1,5,1.0,0.2,1.0,0.9798504114151001,0.9664173126220703,1.0,0.016452061012387276,0.020149588584899902
halueval-5428,halueval,0,5,1.0,0.2,1.0,1.0,1.0,1.0,0.0,0.0
halueval-4546,halueval,0,5,1.0,0.2,1.0,1.0,1.0,1.0,0.0,0.0
halueval-2881,halueval,0,5,1.0,0.2,1.0,0.9999997019767761,0.9999996423721313,0.9999996423721313,5.960464477539063e-08,2.980232238769531e-07
halueval-1044,halueval,1,5,0.3,0.6,0.6,0.9291849136352539,0.8576940298080444,1.0,0.05515250563621521,0.0708150863647461
halueval-739,halueval,0,5,1.0,0.2,1.0,0.9911532402038574,0.9852555990219116,1.0,0.0072232079692184925,0.008846759796142578
halueval-1371,halueval,0,5,0.6,0.4,0.8,0.9980596303939819,0.9951492547988892,0.9999999403953552,0.002376341028138995,0.0019403696060180664
halueval-3384,halueval,1,5,1.0,0.2,1.0,1.0,1.0,1.0,0.0,0.0
halueval-2645,halueval,1,5,1.0,0.2,1.0,1.0,1.0,1.0,0.0,0.0
halueval-4156,halueval,1,5,1.0,0.2,1.0,0.9999998211860657,0.9999998211860657,0.9999998211860657,0.0,1.7881393432617188e-07
halueval-1450,halueval,0,5,1.0,0.2,1.0,1.0,1.0,1.0,0.0,0.0
halueval-9559,halueval,0,5,1.0,0.2,1.0,1.0,1.0,1.0,0.0,0.0
halueval-1661,halueval,0,5,1.0,0.2,1.0,0.9918237924575806,0.9795596599578857,0.9999997615814209,0.010013563558459282,0.008176207542419434
halueval-5491,halueval,1,5,1.0,0.2,1.0,1.0,1.0,1.0,0.0,0.0
halueval-3934,halueval,1,5,1.0,0.2,1.0,1.0,1.0,1.0,0.0,0.0
halueval-3208,halueval,1,5,1.0,0.2,1.0,0.9999998211860657,0.9999997615814209,0.9999997615814209,5.960464477539063e-08,1.7881393432617188e-07
halueval-2486,halueval,1,5,0.3,0.6,0.6,0.7066726684570312,0.41402125358581543,1.0,0.23070088028907776,0.29332733154296875
halueval-6575,halueval,1,5,1.0,0.2,1.0,1.0,1.0,1.0,0.0,0.0
halueval-2802,halueval,0,5,0.4,0.4,0.6,0.9688484072685242,0.9490493535995483,1.0,0.018284950405359268,0.03115159273147583
halueval-9408,halueval,1,5,1.0,0.2,1.0,1.0,1.0,1.0,0.0,0.0
halueval-4417,halueval,1,5,1.0,0.2,1.0,0.9533642530441284,0.9222737550735474,1.0,0.03807792812585831,0.04663574695587158
halueval-4415,halueval,0,5,0.4,0.4,0.6,0.9900771379470825,0.983461856842041,1.0,0.008101980201900005,0.00992286205291748
halueval-8221,halueval,1,5,1.0,0.2,1.0,1.0,1.0,1.0,0.0,0.0
halueval-8556,halueval,0,5,1.0,0.2,1.0,0.9999998807907104,0.9999998807907104,0.9999998807907104,0.0,1.1920928955078125e-07
halueval-9099,halueval,0,5,1.0,0.2,1.0,1.0,1.0,1.0,0.0,0.0
halueval-6450,halueval,1,5,1.0,0.2,1.0,1.0,1.0,1.0,0.0,0.0
halueval-6688,halueval,0,5,1.0,0.2,1.0,1.0,1.0,1.0,0.0,0.0
halueval-6155,halueval,1,5,1.0,0.2,1.0,1.0,1.0,1.0,0.0,0.0
halueval-9087,halueval,1,5,0.6,0.4,0.8,0.6598848104476929,0.1497121900320053,0.9999998807907104,0.41655418276786804,0.34011518955230713
halueval-1624,halueval,0,5,1.0,0.2,1.0,1.0,1.0,1.0,0.0,0.0
halueval-4204,halueval,1,5,0.4,0.4,0.6,0.7950352430343628,0.6582785844802856,0.9999998807907104,0.16480085253715515,0.2049647569656372
halueval-3651,halueval,1,5,1.0,0.2,1.0,1.0,1.0,1.0,0.0,0.0
halueval-836,halueval,1,5,1.0,0.2,1.0,0.9950183629989624,0.987546443939209,0.9999997615814209,0.006100854836404324,0.004981637001037598
halueval-2841,halueval,1,5,1.0,0.2,1.0,1.0,1.0,1.0,0.0,0.0
halueval-6301,halueval,0,5,1.0,0.2,1.0,1.0,1.0,1.0,0.0,0.0
halueval-4428,halueval,1,5,1.0,0.2,1.0,0.9896011352539062,0.9826685190200806,1.0,0.008490657433867455,0.01039886474609375
halueval-6055,halueval,1,5,1.0,0.2,1.0,1.0,1.0,1.0,0.0,0.0
halueval-178,halueval,0,5,1.0,0.2,1.0,1.0,1.0,1.0,0.0,0.0
halueval-9744,halueval,0,5,1.0,0.2,1.0,0.9935239553451538,0.9838099479675293,1.0,0.007931473664939404,0.006476044654846191
halueval-5045,halueval,1,5,1.0,0.2,1.0,0.9999998211860657,0.9999998211860657,0.9999998211860657,0.0,1.7881393432617188e-07
halueval-5235,halueval,1,5,1.0,0.2,1.0,0.989066481590271,0.9817776083946228,1.0,0.008927097544074059,0.010933518409729004
halueval-9171,halueval,0,5,1.0,0.2,1.0,1.0,1.0,1.0,0.0,0.0
halueval-4267,halueval,0,5,1.0,0.2,1.0,0.9889978170394897,0.9816629886627197,1.0,0.008983263745903969,0.011002182960510254
halueval-8766,halueval,0,5,1.0,0.2,1.0,1.0,1.0,1.0,0.0,0.0
halueval-9023,halueval,0,5,1.0,0.2,1.0,0.9797666668891907,0.9494166374206543,1.0,0.02478068508207798,0.020233333110809326
halueval-3264,halueval,1,5,1.0,0.2,1.0,0.9905532598495483,0.9763832688331604,0.9999998807907104,0.011569730006158352,0.00944674015045166
halueval-9005,halueval,1,5,1.0,0.2,1.0,0.9999998807907104,0.9999998807907104,0.9999998807907104,0.0,1.1920928955078125e-07
halueval-8930,halueval,0,5,0.4,0.4,0.6,0.8104246258735657,0.6668332815170288,1.0,0.143153116106987,0.18957537412643433
halueval-4735,halueval,1,5,1.0,0.2,1.0,1.0,1.0,1.0,0.0,0.0
halueval-6672,halueval,0,5,1.0,0.2,1.0,0.9999998807907104,0.9999999403953552,0.9999999403953552,5.960464477539063e-08,1.1920928955078125e-07
halueval-8758,halueval,0,5,0.4,0.4,0.6,0.9517073631286621,0.9195123314857483,1.0,0.03943074494600296,0.04829263687133789
halueval-7337,halueval,0,5,1.0,0.2,1.0,1.0,1.0,1.0,0.0,0.0
halueval-4113,halueval,1,5,1.0,0.2,1.0,0.9931305050849915,0.982826292514801,1.0,0.008413364179432392,0.006869494915008545
halueval-3455,halueval,1,5,1.0,0.2,1.0,0.9860274195671082,0.9767124652862549,1.0,0.011408516205847263,0.013972580432891846
halueval-3902,halueval,0,5,1.0,0.2,1.0,0.9999997019767761,0.9999996423721313,0.9999996423721313,5.960464477539063e-08,2.980232238769531e-07
halueval-9400,halueval,0,5,1.0,0.2,1.0,0.9908980131149292,0.9772449731826782,1.0,0.011147640645503998,0.0091019868850708
halueval-8390,halueval,0,5,1.0,0.2,1.0,0.9999998211860657,0.9999998211860657,0.9999998211860657,0.0,1.7881393432617188e-07
halueval-1216,halueval,1,5,1.0,0.2,1.0,0.9999998211860657,0.9999998211860657,0.9999998211860657,0.0,1.7881393432617188e-07
halueval-5195,halueval,1,5,1.0,0.2,1.0,1.0,1.0,1.0,0.0,0.0
halueval-9292,halueval,1,5,1.0,0.2,1.0,1.0,1.0,1.0,0.0,0.0
halueval-9794,halueval,0,5,1.0,0.2,1.0,0.9999998807907104,0.9999998807907104,0.9999998807907104,0.0,1.1920928955078125e-07
halueval-2879,halueval,0,5,1.0,0.2,1.0,1.0,1.0,1.0,0.0,0.0
halueval-6788,halueval,0,5,1.0,0.2,1.0,0.9999998807907104,0.9999999403953552,0.9999999403953552,5.960464477539063e-08,1.1920928955078125e-07
halueval-391,halueval,1,5,1.0,0.2,1.0,1.0,1.0,1.0,0.0,0.0
halueval-8460,halueval,1,5,0.6,0.4,0.8,0.597975492477417,0.12066445499658585,1.0,0.38093993067741394,0.402024507522583
halueval-3526,halueval,0,5,1.0,0.2,1.0,1.0,1.0,1.0,0.0,0.0
halueval-9814,halueval,0,5,1.0,0.2,1.0,1.0,1.0,1.0,0.0,0.0
halueval-3071,halueval,1,5,1.0,0.2,1.0,1.0,1.0,1.0,0.0,0.0
halueval-1423,halueval,1,5,1.0,0.2,1.0,1.0,1.0,1.0,0.0,0.0
halueval-9206,halueval,0,5,1.0,0.2,1.0,1.0,1.0,1.0,0.0,0.0
halueval-4998,halueval,1,5,1.0,0.2,1.0,0.9999998807907104,0.9999999403953552,0.9999999403953552,5.960464477539063e-08,1.1920928955078125e-07
halueval-5164,halueval,0,5,1.0,0.2,1.0,1.0,1.0,1.0,0.0,0.0
halueval-1316,halueval,0,5,0.4,0.4,0.6,0.47485414147377014,0.12475694715976715,1.0,0.4287797212600708,0.5251458585262299
halueval-6241,halueval,0,5,1.0,0.2,1.0,0.9999998211860657,0.9999997615814209,0.9999997615814209,5.960464477539063e-08,1.7881393432617188e-07
halueval-1881,halueval,1,5,1.0,0.2,1.0,1.0,1.0,1.0,0.0,0.0
halueval-8156,halueval,1,5,0.0,1.0,0.2,0.8413844108581543,0.7953796982765198,0.9602878093719482,0.04379601404070854,0.1586155891418457
halueval-4493,halueval,0,5,1.0,0.2,1.0,0.9999998211860657,0.9999997615814209,0.9999997615814209,5.960464477539063e-08,1.7881393432617188e-07
halueval-7799,halueval,1,5,1.0,0.2,1.0,0.9999998211860657,0.9999997615814209,0.9999997615814209,5.960464477539063e-08,1.7881393432617188e-07
halueval-2340,halueval,1,5,1.0,0.2,1.0,0.9999998211860657,0.9999997615814209,0.9999997615814209,5.960464477539063e-08,1.7881393432617188e-07
halueval-7449,halueval,1,5,1.0,0.2,1.0,0.9936879277229309,0.9842197895050049,1.0,0.007730692625045776,0.006312072277069092
halueval-1851,halueval,0,5,1.0,0.2,1.0,1.0,1.0,1.0,0.0,0.0
halueval-3591,halueval,0,5,1.0,0.2,1.0,0.9940236210823059,0.9900392889976501,1.0,0.004879732150584459,0.005976378917694092
halueval-3715,halueval,1,5,1.0,0.2,1.0,1.0,1.0,1.0,0.0,0.0
halueval-2478,halueval,0,5,0.6,0.4,0.8,0.8536626100540161,0.6341564655303955,1.0,0.17922599613666534,0.1463373899459839
halueval-977,halueval,1,5,1.0,0.2,1.0,1.0,1.0,1.0,0.0,0.0
halueval-7254,halueval,0,5,1.0,0.2,1.0,0.9999998807907104,0.9999998807907104,0.9999998807907104,0.0,1.1920928955078125e-07
halueval-8795,halueval,0,5,1.0,0.2,1.0,1.0,1.0,1.0,0.0,0.0
halueval-6551,halueval,0,5,1.0,0.2,1.0,1.0,1.0,1.0,0.0,0.0
halueval-3446,halueval,1,5,0.4,0.4,0.6,0.8879488706588745,0.8132481575012207,1.0,0.09148934483528137,0.11205112934112549
halueval-9163,halueval,0,5,0.6,0.4,0.8,0.9402557611465454,0.8506392240524292,1.0,0.07317153364419937,0.05974423885345459
halueval-495,halueval,1,5,1.0,0.2,1.0,1.0,1.0,1.0,0.0,0.0
halueval-5029,halueval,0,5,0.4,0.4,0.6,0.5981075167655945,0.33017927408218384,1.0,0.328143835067749,0.4018924832344055
halueval-5160,halueval,0,5,1.0,0.2,1.0,0.9999998807907104,0.9999998807907104,0.9999998807907104,0.0,1.1920928955078125e-07
halueval-6107,halueval,0,5,1.0,0.2,1.0,1.0,1.0,1.0,0.0,0.0
halueval-1236,halueval,0,5,1.0,0.2,1.0,0.9799982905387878,0.9499958157539368,1.0,0.02449694648385048,0.020001709461212158
halueval-2730,halueval,0,5,1.0,0.2,1.0,1.0,1.0,1.0,0.0,0.0
halueval-314,halueval,1,5,1.0,0.2,1.0,1.0,1.0,1.0,0.0,0.0
halueval-5698,halueval,1,5,1.0,0.2,1.0,1.0,1.0,1.0,0.0,0.0
halueval-8746,halueval,1,5,1.0,0.2,1.0,1.0,1.0,1.0,0.0,0.0
halueval-7574,halueval,1,5,1.0,0.2,1.0,0.9654043316841125,0.913511335849762,0.9999996423721313,0.04237044230103493,0.03459566831588745
halueval-6027,halueval,0,5,1.0,0.2,1.0,1.0,1.0,1.0,0.0,0.0
halueval-7328,halueval,1,5,1.0,0.2,1.0,1.0,1.0,1.0,0.0,0.0
halueval-9058,halueval,1,5,1.0,0.2,1.0,1.0,1.0,1.0,0.0,0.0
halueval-4868,halueval,1,5,1.0,0.2,1.0,1.0,1.0,1.0,0.0,0.0
halueval-8864,halueval,0,5,1.0,0.2,1.0,1.0,1.0,1.0,0.0,0.0
halueval-1471,halueval,0,5,1.0,0.2,1.0,1.0,1.0,1.0,0.0,0.0
halueval-4976,halueval,0,5,0.1,0.8,0.4,0.8925399780273438,0.7913585901260376,1.0,0.059330932796001434,0.10746002197265625
halueval-2244,halueval,0,5,1.0,0.2,1.0,0.9999998807907104,0.9999998807907104,0.9999998807907104,0.0,1.1920928955078125e-07
halueval-7913,halueval,1,5,1.0,0.2,1.0,1.0,1.0,1.0,0.0,0.0
halueval-447,halueval,1,5,1.0,0.2,1.0,1.0,1.0,1.0,0.0,0.0
halueval-54,halueval,1,5,1.0,0.2,1.0,1.0,1.0,1.0,0.0,0.0
halueval-160,halueval,0,5,1.0,0.2,1.0,0.9999998807907104,0.9999998807907104,0.9999998807907104,0.0,1.1920928955078125e-07
halueval-4510,halueval,0,5,1.0,0.2,1.0,0.9914884567260742,0.9787211418151855,1.0,0.010424468666315079,0.008511543273925781
halueval-3587,halueval,0,5,1.0,0.2,1.0,0.972205638885498,0.9305140972137451,1.0,0.03404100239276886,0.027794361114501953
halueval-5103,halueval,1,5,1.0,0.2,1.0,1.0,1.0,1.0,0.0,0.0
halueval-245,halueval,1,5,1.0,0.2,1.0,1.0,1.0,1.0,0.0,0.0
halueval-441,halueval,1,5,1.0,0.2,1.0,0.9999998807907104,0.9999999403953552,0.9999999403953552,5.960464477539063e-08,1.1920928955078125e-07
halueval-1466,halueval,1,5,1.0,0.2,1.0,0.9999998211860657,0.9999997615814209,0.9999997615814209,5.960464477539063e-08,1.7881393432617188e-07
halueval-7056,halueval,0,5,0.6,0.4,0.8,0.8719263076782227,0.6798157095909119,1.0,0.15685762465000153,0.12807369232177734
halueval-2522,halueval,0,5,1.0,0.2,1.0,1.0,1.0,1.0,0.0,0.0
halueval-4237,halueval,1,5,1.0,0.2,1.0,1.0,1.0,1.0,0.0,0.0
halueval-64,halueval,1,5,1.0,0.2,1.0,1.0,1.0,1.0,0.0,0.0
halueval-1837,halueval,1,5,1.0,0.2,1.0,1.0,1.0,1.0,0.0,0.0
halueval-4905,halueval,0,5,1.0,0.2,1.0,1.0,1.0,1.0,0.0,0.0
halueval-787,halueval,0,5,1.0,0.2,1.0,1.0,1.0,1.0,0.0,0.0
halueval-8686,halueval,0,5,1.0,0.2,1.0,1.0,1.0,1.0,0.0,0.0
halueval-5389,halueval,1,5,1.0,0.2,1.0,0.9915903806686401,0.9789760112762451,1.0,0.01029960811138153,0.008409619331359863
halueval-4444,halueval,0,5,1.0,0.2,1.0,1.0,1.0,1.0,0.0,0.0
halueval-1072,halueval,1,5,1.0,0.2,1.0,1.0,1.0,1.0,0.0,0.0
halueval-8407,halueval,1,5,1.0,0.2,1.0,0.9999998807907104,0.9999998807907104,0.9999998807907104,0.0,1.1920928955078125e-07
halueval-7655,halueval,0,5,1.0,0.2,1.0,0.9891402125358582,0.9728506207466125,1.0,0.013300425373017788,0.010859787464141846
halueval-7214,halueval,1,5,1.0,0.2,1.0,0.9999998807907104,0.9999998807907104,0.9999998807907104,0.0,1.1920928955078125e-07
halueval-7658,halueval,0,5,1.0,0.2,1.0,1.0,1.0,1.0,0.0,0.0
halueval-2527,halueval,0,5,1.0,0.2,1.0,0.9877346754074097,0.9795578718185425,0.9999998807907104,0.010014476254582405,0.012265324592590332
halueval-1631,halueval,1,5,1.0,0.2,1.0,1.0,1.0,1.0,0.0,0.0
halueval-2724,halueval,1,5,1.0,0.2,1.0,1.0,1.0,1.0,0.0,0.0
halueval-6334,halueval,1,5,1.0,0.2,1.0,0.9999998807907104,0.9999999403953552,0.9999999403953552,5.960464477539063e-08,1.1920928955078125e-07
halueval-6682,halueval,0,5,1.0,0.2,1.0,0.9999998211860657,0.9999997615814209,0.9999997615814209,5.960464477539063e-08,1.7881393432617188e-07
halueval-3172,halueval,1,5,1.0,0.2,1.0,0.9999998807907104,0.9999998807907104,0.9999998807907104,0.0,1.1920928955078125e-07
halueval-2068,halueval,0,5,1.0,0.2,1.0,1.0,1.0,1.0,0.0,0.0
halueval-28,halueval,1,5,1.0,0.2,1.0,1.0,1.0,1.0,0.0,0.0
halueval-1162,halueval,1,5,1.0,0.2,1.0,1.0,1.0,1.0,0.0,0.0
halueval-2025,halueval,1,5,1.0,0.2,1.0,1.0,1.0,1.0,0.0,0.0
halueval-7127,halueval,0,5,0.2,0.6,0.4,0.8338028192520142,0.6694890260696411,1.0,0.10493490099906921,0.16619718074798584
halueval-1139,halueval,0,5,1.0,0.2,1.0,1.0,1.0,1.0,0.0,0.0
halueval-3396,halueval,0,5,1.0,0.2,1.0,1.0,1.0,1.0,0.0,0.0
halueval-8098,halueval,0,5,1.0,0.2,1.0,0.9999998807907104,0.9999998807907104,0.9999998807907104,0.0,1.1920928955078125e-07
halueval-7368,halueval,0,5,1.0,0.2,1.0,1.0,1.0,1.0,0.0,0.0
halueval-8544,halueval,0,5,1.0,0.2,1.0,0.9999998807907104,0.9999999403953552,0.9999999403953552,5.960464477539063e-08,1.1920928955078125e-07
halueval-7185,halueval,0,5,1.0,0.2,1.0,1.0,1.0,1.0,0.0,0.0
halueval-3345,halueval,1,5,1.0,0.2,1.0,0.9907905459403992,0.9846509099006653,1.0,0.0075194877572357655,0.00920945405960083
halueval-7650,halueval,1,5,1.0,0.2,1.0,0.9934495091438293,0.9836239218711853,1.0,0.008022607304155827,0.006550490856170654
halueval-2290,halueval,1,5,1.0,0.2,1.0,0.9905784726142883,0.9764460921287537,1.0,0.011539011262357235,0.00942152738571167
halueval-6511,halueval,0,5,1.0,0.2,1.0,1.0,1.0,1.0,0.0,0.0
halueval-1474,halueval,1,5,1.0,0.2,1.0,1.0,1.0,1.0,0.0,0.0
halueval-3093,halueval,0,5,1.0,0.2,1.0,0.9999997019767761,0.9999997019767761,0.9999997019767761,0.0,2.980232238769531e-07
halueval-362,halueval,1,5,0.2,0.6,0.4,0.8641839027404785,0.7724061012268066,1.0,0.10987845808267593,0.13581609725952148
halueval-2776,halueval,1,5,0.6,0.4,0.8,0.7519135475158691,0.3797840476036072,0.9999998807907104,0.3038424551486969,0.24808645248413086
halueval-7958,halueval,1,5,0.6,0.4,0.8,0.9166882634162903,0.7917207479476929,0.9999999403953552,0.10203555226325989,0.08331173658370972
halueval-1273,halueval,0,5,1.0,0.2,1.0,0.9999998807907104,0.9999998807907104,0.9999998807907104,0.0,1.1920928955078125e-07
halueval-9214,halueval,1,5,1.0,0.2,1.0,1.0,1.0,1.0,0.0,0.0
halueval-8833,halueval,1,5,1.0,0.2,1.0,0.9777324795722961,0.9443310499191284,1.0,0.02727210521697998,0.022267520427703857
halueval-5127,halueval,0,5,1.0,0.2,1.0,1.0,1.0,1.0,0.0,0.0
halueval-8329,halueval,1,5,1.0,0.2,1.0,0.9999998211860657,0.9999998211860657,0.9999998211860657,0.0,1.7881393432617188e-07
halueval-3528,halueval,0,5,1.0,0.2,1.0,0.9999998807907104,0.9999998807907104,0.9999998807907104,0.0,1.1920928955078125e-07
halueval-1469,halueval,0,5,1.0,0.2,1.0,0.9639189839363098,0.939864993095398,1.0,0.029459994286298752,0.036081016063690186
halueval-3356,halueval,0,5,1.0,0.2,1.0,1.0,1.0,1.0,0.0,0.0
halueval-9086,halueval,0,5,1.0,0.2,1.0,0.9999998211860657,0.9999997615814209,0.9999997615814209,5.960464477539063e-08,1.7881393432617188e-07
halueval-1990,halueval,0,5,1.0,0.2,1.0,1.0,1.0,1.0,0.0,0.0
halueval-3843,halueval,0,5,1.0,0.2,1.0,0.9999998807907104,0.9999998807907104,0.9999998807907104,0.0,1.1920928955078125e-07
halueval-3143,halueval,0,5,0.2,0.6,0.4,0.999031662940979,0.9985517263412476,1.0,0.0006044709007255733,0.0009683370590209961
halueval-366,halueval,0,5,1.0,0.2,1.0,0.989528477191925,0.9738212823867798,0.9999999403953552,0.012824870645999908,0.010471522808074951
halueval-9672,halueval,1,5,0.4,0.4,0.6,0.9090356826782227,0.8483928442001343,1.0,0.0742720291018486,0.09096431732177734
halueval-4664,halueval,0,5,1.0,0.2,1.0,0.9714583158493042,0.9286458492279053,0.9999998807907104,0.034956194460392,0.0285416841506958
halueval-4452,halueval,0,5,1.0,0.2,1.0,1.0,1.0,1.0,0.0,0.0
halueval-1439,halueval,1,5,1.0,0.2,1.0,1.0,1.0,1.0,0.0,0.0
halueval-9658,halueval,1,5,1.0,0.2,1.0,1.0,1.0,1.0,0.0,0.0
halueval-7596,halueval,0,5,1.0,0.2,1.0,1.0,1.0,1.0,0.0,0.0
halueval-3166,halueval,1,5,1.0,0.2,1.0,1.0,1.0,1.0,0.0,0.0
halueval-552,halueval,0,5,0.6,0.4,0.8,0.6726371049880981,0.1815929412841797,0.9999997615814209,0.4009357988834381,0.32736289501190186
halueval-3076,halueval,0,5,1.0,0.2,1.0,1.0,1.0,1.0,0.0,0.0
halueval-7598,halueval,1,5,1.0,0.2,1.0,0.9914736747741699,0.9857895374298096,1.0,0.00696167629212141,0.008526325225830078
halueval-591,halueval,0,5,1.0,0.2,1.0,1.0,1.0,1.0,0.0,0.0
halueval-4067,halueval,1,5,0.4,0.4,0.6,0.5962965488433838,0.32716104388237,1.0,0.32962238788604736,0.4037034511566162
halueval-936,halueval,1,5,0.2,0.6,0.4,0.4774692952632904,0.153481125831604,1.0,0.3838091194629669,0.5225307047367096
halueval-6277,halueval,1,5,1.0,0.2,1.0,1.0,1.0,1.0,0.0,0.0
halueval-220,halueval,1,5,0.4,0.4,0.6,0.9424641728401184,0.9041067957878113,1.0,0.04697788506746292,0.05753582715988159
halueval-5383,halueval,0,5,1.0,0.2,1.0,1.0,1.0,1.0,0.0,0.0
halueval-7919,halueval,1,5,1.0,0.2,1.0,1.0,1.0,1.0,0.0,0.0
halueval-4234,halueval,0,5,1.0,0.2,1.0,1.0,1.0,1.0,0.0,0.0
halueval-6811,halueval,0,5,1.0,0.2,1.0,0.9999998211860657,0.9999997615814209,0.9999997615814209,5.960464477539063e-08,1.7881393432617188e-07
halueval-5652,halueval,1,5,1.0,0.2,1.0,1.0,1.0,1.0,0.0,0.0
halueval-9304,halueval,1,5,0.4,0.4,0.6,0.8591705560684204,0.7652842402458191,1.0,0.11498676985502243,0.1408294439315796
halueval-4387,halueval,1,5,1.0,0.2,1.0,1.0,1.0,1.0,0.0,0.0
halueval-4984,halueval,1,5,1.0,0.2,1.0,0.9867838621139526,0.9779731631278992,1.0,0.010790880769491196,0.013216137886047363
halueval-6531,halueval,0,5,1.0,0.2,1.0,1.0,1.0,1.0,0.0,0.0
halueval-2007,halueval,1,5,1.0,0.2,1.0,0.9999998211860657,0.9999997615814209,0.9999997615814209,5.960464477539063e-08,1.7881393432617188e-07
halueval-9045,halueval,0,5,0.3,0.6,0.6,0.89069002866745,0.8153126835823059,0.9999998807907104,0.0822635218501091,0.10930997133255005
halueval-7072,halueval,0,5,1.0,0.2,1.0,1.0,1.0,1.0,0.0,0.0
halueval-2423,halueval,0,5,0.4,0.4,0.6,0.5239537954330444,0.2065896838903427,1.0,0.3886900544166565,0.47604620456695557
halueval-7403,halueval,0,5,1.0,0.2,1.0,1.0,1.0,1.0,0.0,0.0
halueval-9803,halueval,0,5,1.0,0.2,1.0,0.9896933436393738,0.9828221797943115,1.0,0.008415363729000092,0.01030665636062622
halueval-3527,halueval,0,5,1.0,0.2,1.0,1.0,1.0,1.0,0.0,0.0
halueval-6249,halueval,0,5,1.0,0.2,1.0,0.9999998807907104,0.9999999403953552,0.9999999403953552,5.960464477539063e-08,1.1920928955078125e-07
halueval-1766,halueval,0,5,1.0,0.2,1.0,0.990519642829895,0.976298987865448,1.0,0.011611077934503555,0.00948035717010498
halueval-1560,halueval,1,5,0.4,0.4,0.6,0.7988370060920715,0.6647722721099854,1.0,0.16242149472236633,0.20116299390792847
halueval-1727,halueval,1,5,0.6,0.4,0.8,0.882707953453064,0.7067700624465942,1.0,0.1436527520418167,0.11729204654693604
halueval-5044,halueval,0,5,0.6,0.4,0.8,0.9588643312454224,0.8971609473228455,1.0,0.050380639731884,0.04113566875457764
halueval-1103,halueval,1,5,1.0,0.2,1.0,1.0,1.0,1.0,0.0,0.0
halueval-7544,halueval,0,5,1.0,0.2,1.0,1.0,1.0,1.0,0.0,0.0
halueval-135,halueval,0,5,1.0,0.2,1.0,0.9999997019767761,0.9999996423721313,0.9999996423721313,5.960464477539063e-08,2.980232238769531e-07
halueval-2627,halueval,1,5,1.0,0.2,1.0,1.0,1.0,1.0,0.0,0.0
halueval-2927,halueval,0,5,1.0,0.2,1.0,1.0,1.0,1.0,0.0,0.0
halueval-40,halueval,1,5,1.0,0.2,1.0,1.0,1.0,1.0,0.0,0.0
halueval-8662,halueval,0,5,1.0,0.2,1.0,1.0,1.0,1.0,0.0,0.0
halueval-9842,halueval,0,5,1.0,0.2,1.0,1.0,1.0,1.0,0.0,0.0
halueval-6049,halueval,1,5,1.0,0.2,1.0,0.9962782859802246,0.9906957149505615,1.0,0.004558150190860033,0.0037217140197753906
halueval-1634,halueval,1,5,1.0,0.2,1.0,1.0,1.0,1.0,0.0,0.0
halueval-3265,halueval,1,5,0.4,0.4,0.6,0.8418266177177429,0.7363778948783875,1.0,0.12914787232875824,0.15817338228225708
halueval-4420,halueval,1,5,1.0,0.2,1.0,1.0,1.0,1.0,0.0,0.0
halueval-7821,halueval,0,5,1.0,0.2,1.0,1.0,1.0,1.0,0.0,0.0
halueval-6606,halueval,0,5,1.0,0.2,1.0,1.0,1.0,1.0,0.0,0.0
halueval-9414,halueval,1,5,1.0,0.2,1.0,0.9846590757369995,0.9744318723678589,1.0,0.012525707483291626,0.015340924263000488
halueval-1663,halueval,0,5,1.0,0.2,1.0,0.9839304089546204,0.9732173085212708,1.0,0.013120785355567932,0.01606959104537964
halueval-1118,halueval,1,5,1.0,0.2,1.0,1.0,1.0,1.0,0.0,0.0
halueval-5356,halueval,0,5,1.0,0.2,1.0,1.0,1.0,1.0,0.0,0.0
halueval-2705,halueval,0,5,0.1,0.8,0.4,0.8786629438400269,0.7566416263580322,0.9999998807907104,0.0813230574131012,0.12133705615997314
halueval-8108,halueval,1,5,1.0,0.2,1.0,0.987470269203186,0.9791170358657837,1.0,0.01023052167147398,0.012529730796813965
halueval-7431,halueval,0,5,1.0,0.2,1.0,0.9999998211860657,0.9999998211860657,0.9999998211860657,0.0,1.7881393432617188e-07
halueval-1281,halueval,0,5,1.0,0.2,1.0,1.0,1.0,1.0,0.0,0.0
halueval-5020,halueval,0,5,0.6,0.4,0.8,0.9717928767204285,0.9294822812080383,1.0,0.03454648703336716,0.028207123279571533
halueval-5863,halueval,0,5,1.0,0.2,1.0,0.9999997019767761,0.9999996423721313,0.9999996423721313,5.960464477539063e-08,2.980232238769531e-07
halueval-3705,halueval,0,5,1.0,0.2,1.0,0.9999997019767761,0.9999997019767761,0.9999997019767761,0.0,2.980232238769531e-07
halueval-3629,halueval,0,5,1.0,0.2,1.0,1.0,1.0,1.0,0.0,0.0
halueval-3297,halueval,0,5,1.0,0.2,1.0,1.0,1.0,1.0,0.0,0.0
halueval-7781,halueval,0,5,0.6,0.4,0.8,0.9671586751937866,0.9305052757263184,1.0,0.02276698127388954,0.03284132480621338
halueval-8073,halueval,1,5,1.0,0.2,1.0,1.0,1.0,1.0,0.0,0.0
halueval-3699,halueval,0,5,1.0,0.2,1.0,1.0,1.0,1.0,0.0,0.0
halueval-8857,halueval,1,5,1.0,0.2,1.0,1.0,1.0,1.0,0.0,0.0
halueval-7180,halueval,1,5,1.0,0.2,1.0,1.0,1.0,1.0,0.0,0.0
halueval-2830,halueval,0,5,1.0,0.2,1.0,1.0,1.0,1.0,0.0,0.0
halueval-9490,halueval,0,5,0.3,0.6,0.6,0.5806540846824646,0.025486499071121216,1.0,0.3910861015319824,0.4193459153175354
halueval-1149,halueval,0,5,1.0,0.2,1.0,0.9999998807907104,0.9999998807907104,0.9999998807907104,0.0,1.1920928955078125e-07
halueval-1761,halueval,1,5,1.0,0.2,1.0,0.9999998807907104,0.9999999403953552,0.9999999403953552,5.960464477539063e-08,1.1920928955078125e-07
halueval-6371,halueval,1,5,0.4,0.4,0.6,0.8573132753372192,0.7621886730194092,1.0,0.1165032759308815,0.14268672466278076
halueval-2561,halueval,1,5,1.0,0.2,1.0,0.9865301251411438,0.9663254022598267,1.0,0.016497116535902023,0.013469874858856201
halueval-4866,halueval,0,5,1.0,0.2,1.0,1.0,1.0,1.0,0.0,0.0
halueval-702,halueval,1,5,1.0,0.2,1.0,0.9940956234931946,0.9901593923568726,1.0,0.004820879083126783,0.00590437650680542
halueval-5973,halueval,1,5,0.6,0.4,0.8,0.9394477009773254,0.8486194610595703,0.9999998807907104,0.07416095584630966,0.06055229902267456
halueval-7532,halueval,0,5,0.1,0.8,0.4,0.9527369737625122,0.8831896781921387,0.9999997615814209,0.04282430186867714,0.04726302623748779
halueval-3362,halueval,0,5,1.0,0.2,1.0,1.0,1.0,1.0,0.0,0.0
halueval-6819,halueval,0,5,1.0,0.2,1.0,0.9999998211860657,0.9999997615814209,0.9999997615814209,5.960464477539063e-08,1.7881393432617188e-07
halueval-8474,halueval,1,5,1.0,0.2,1.0,0.9999998807907104,0.9999999403953552,0.9999999403953552,5.960464477539063e-08,1.1920928955078125e-07
halueval-7376,halueval,0,5,1.0,0.2,1.0,1.0,1.0,1.0,0.0,0.0
halueval-3636,halueval,0,5,1.0,0.2,1.0,1.0,1.0,1.0,0.0,0.0
halueval-9012,halueval,0,5,0.6,0.4,0.8,0.9800173044204712,0.9500433206558228,0.9999998807907104,0.02447361685335636,0.01998269557952881
halueval-6482,halueval,1,5,1.0,0.2,1.0,0.9956024289131165,0.9890059232711792,1.0,0.005385975353419781,0.004397571086883545
halueval-4930,halueval,0,5,1.0,0.2,1.0,1.0,1.0,1.0,0.0,0.0
halueval-1840,halueval,0,5,0.3,0.6,0.6,0.7840309143066406,0.5195644497871399,1.0,0.15388503670692444,0.21596908569335938
halueval-3564,halueval,1,5,0.6,0.4,0.8,0.7341005206108093,0.33525168895721436,0.9999997615814209,0.32565873861312866,0.2658994793891907
halueval-4536,halueval,1,5,0.6,0.4,0.8,0.925390362739563,0.8135700821876526,1.0,0.0828733965754509,0.07460963726043701
halueval-2748,halueval,0,5,1.0,0.2,1.0,1.0,1.0,1.0,0.0,0.0
halueval-3754,halueval,0,5,1.0,0.2,1.0,0.9999998807907104,0.9999998807907104,0.9999998807907104,0.0,1.1920928955078125e-07
halueval-2814,halueval,1,5,1.0,0.2,1.0,1.0,1.0,1.0,0.0,0.0
halueval-5859,halueval,0,5,1.0,0.2,1.0,1.0,1.0,1.0,0.0,0.0
halueval-7914,halueval,1,5,0.4,0.4,0.6,0.9909859895706177,0.9849765300750732,1.0,0.007359967101365328,0.009014010429382324
halueval-2182,halueval,0,5,1.0,0.2,1.0,1.0,1.0,1.0,0.0,0.0
halueval-1535,halueval,0,5,1.0,0.2,1.0,1.0,1.0,1.0,0.0,0.0
halueval-5398,halueval,1,5,1.0,0.2,1.0,0.9693336486816406,0.9488893747329712,1.0,0.02503899112343788,0.030666351318359375
halueval-9474,halueval,0,5,1.0,0.2,1.0,1.0,1.0,1.0,0.0,0.0
halueval-2968,halueval,1,5,1.0,0.2,1.0,1.0,1.0,1.0,0.0,0.0
halueval-2187,halueval,1,5,1.0,0.2,1.0,1.0,1.0,1.0,0.0,0.0
halueval-4185,halueval,1,5,1.0,0.2,1.0,0.9999998211860657,0.9999998211860657,0.9999998211860657,0.0,1.7881393432617188e-07
halueval-6473,halueval,1,5,0.4,0.4,0.6,0.9015235900878906,0.8358727097511292,1.0,0.08040562272071838,0.09847640991210938
halueval-8787,halueval,0,5,1.0,0.2,1.0,1.0,1.0,1.0,0.0,0.0
halueval-5611,halueval,0,5,1.0,0.2,1.0,1.0,1.0,1.0,0.0,0.0
halueval-5307,halueval,1,5,1.0,0.2,1.0,1.0,1.0,1.0,0.0,0.0
halueval-3537,halueval,0,5,1.0,0.2,1.0,1.0,1.0,1.0,0.0,0.0
halueval-9980,halueval,0,5,1.0,0.2,1.0,0.9919049143791199,0.9865080714225769,1.0,0.006609668023884296,0.008095085620880127
halueval-291,halueval,1,5,1.0,0.2,1.0,0.9999998807907104,0.9999999403953552,0.9999999403953552,5.960464477539063e-08,1.1920928955078125e-07
halueval-4951,halueval,0,5,1.0,0.2,1.0,1.0,1.0,1.0,0.0,0.0
halueval-1732,halueval,1,5,0.2,0.6,0.4,0.4120900630950928,0.2192409336566925,1.0,0.2949826121330261,0.5879099369049072
halueval-7211,halueval,1,5,1.0,0.2,1.0,0.9743080139160156,0.9571800231933594,1.0,0.02097741886973381,0.025691986083984375
halueval-2166,halueval,0,5,1.0,0.2,1.0,0.994489312171936,0.9862231016159058,1.0,0.006749274209141731,0.005510687828063965
halueval-3955,halueval,1,5,1.0,0.2,1.0,1.0,1.0,1.0,0.0,0.0
halueval-2139,halueval,0,5,1.0,0.2,1.0,1.0,1.0,1.0,0.0,0.0
halueval-7023,halueval,1,5,1.0,0.2,1.0,0.9934167861938477,0.9835419654846191,1.0,0.0080627566203475,0.006583213806152344
halueval-4917,halueval,1,5,1.0,0.2,1.0,0.9885684251785278,0.9714210033416748,0.9999998807907104,0.014000733382999897,0.011431574821472168
halueval-8237,halueval,1,5,1.0,0.2,1.0,1.0,1.0,1.0,0.0,0.0
halueval-1339,halueval,0,5,1.0,0.2,1.0,1.0,1.0,1.0,0.0,0.0
halueval-1032,halueval,1,5,1.0,0.2,1.0,1.0,1.0,1.0,0.0,0.0
halueval-7867,halueval,1,5,1.0,0.2,1.0,1.0,1.0,1.0,0.0,0.0
halueval-2905,halueval,1,5,1.0,0.2,1.0,1.0,1.0,1.0,0.0,0.0
halueval-2000,halueval,0,5,1.0,0.2,1.0,1.0,1.0,1.0,0.0,0.0
halueval-1225,halueval,0,5,1.0,0.2,1.0,1.0,1.0,1.0,0.0,0.0
halueval-242,halueval,1,5,1.0,0.2,1.0,1.0,1.0,1.0,0.0,0.0
halueval-1437,halueval,0,5,0.6,0.4,0.8,0.9460242390632629,0.8650606870651245,0.9999998807907104,0.06610643118619919,0.05397576093673706
halueval-1989,halueval,1,5,1.0,0.2,1.0,0.9806360006332397,0.9515901803970337,0.9999997615814209,0.023715754970908165,0.019363999366760254
halueval-6762,halueval,1,5,1.0,0.2,1.0,1.0,1.0,1.0,0.0,0.0
halueval-168,halueval,0,5,1.0,0.2,1.0,0.9999998211860657,0.9999997615814209,0.9999997615814209,5.960464477539063e-08,1.7881393432617188e-07
halueval-1384,halueval,0,5,1.0,0.2,1.0,0.9999998211860657,0.9999997615814209,0.9999997615814209,5.960464477539063e-08,1.7881393432617188e-07
halueval-2116,halueval,1,5,1.0,0.2,1.0,1.0,1.0,1.0,0.0,0.0
halueval-5648,halueval,1,5,1.0,0.2,1.0,0.99524986743927,0.9881248474121094,0.9999998807907104,0.005817554425448179,0.0047501325607299805
halueval-6448,halueval,0,5,1.0,0.2,1.0,1.0,1.0,1.0,0.0,0.0
halueval-1091,halueval,0,5,1.0,0.2,1.0,0.9802974462509155,0.950743556022644,1.0,0.024130631238222122,0.019702553749084473
halueval-1276,halueval,0,5,1.0,0.2,1.0,0.9886442422866821,0.9810737371444702,1.0,0.009271922521293163,0.011355757713317871
halueval-6017,halueval,1,5,1.0,0.2,1.0,0.9878484010696411,0.9696210026741028,1.0,0.014882608316838741,0.012151598930358887
halueval-9333,halueval,0,5,1.0,0.2,1.0,1.0,1.0,1.0,0.0,0.0
halueval-1577,halueval,1,5,1.0,0.2,1.0,1.0,1.0,1.0,0.0,0.0
halueval-705,halueval,0,5,1.0,0.2,1.0,0.9944113492965698,0.9860283136367798,1.0,0.006844700314104557,0.005588650703430176
halueval-8861,halueval,1,5,1.0,0.2,1.0,0.9999998807907104,0.9999998807907104,0.9999998807907104,0.0,1.1920928955078125e-07
halueval-1816,halueval,0,5,1.0,0.2,1.0,0.9938575029373169,0.989762544631958,1.0,0.005015279166400433,0.0061424970626831055
halueval-5578,halueval,1,5,1.0,0.2,1.0,0.9999998211860657,0.9999998211860657,0.9999998211860657,0.0,1.7881393432617188e-07
halueval-2826,halueval,1,5,1.0,0.2,1.0,0.9808632731437683,0.9681055545806885,1.0,0.01562502235174179,0.01913672685623169
halueval-3167,halueval,0,5,1.0,0.2,1.0,0.9920028448104858,0.9800071120262146,1.0,0.009794474579393864,0.00799715518951416
halueval-8499,halueval,0,5,1.0,0.2,1.0,1.0,1.0,1.0,0.0,0.0
halueval-2946,halueval,1,5,1.0,0.2,1.0,1.0,1.0,1.0,0.0,0.0
halueval-1543,halueval,0,5,1.0,0.2,1.0,1.0,1.0,1.0,0.0,0.0
halueval-7290,halueval,0,5,1.0,0.2,1.0,0.9741150736808777,0.9568586349487305,1.0,0.021134814247488976,0.025884926319122314
halueval-9789,halueval,0,5,1.0,0.2,1.0,1.0,1.0,1.0,0.0,0.0
halueval-4651,halueval,0,5,1.0,0.2,1.0,1.0,1.0,1.0,0.0,0.0
halueval-8633,halueval,1,5,0.4,0.4,0.6,0.8803796768188477,0.8006328344345093,1.0,0.09766952693462372,0.11962032318115234
halueval-8785,halueval,1,5,1.0,0.2,1.0,1.0,1.0,1.0,0.0,0.0
halueval-7565,halueval,0,5,1.0,0.2,1.0,1.0,1.0,1.0,0.0,0.0
halueval-9147,halueval,1,5,1.0,0.2,1.0,1.0,1.0,1.0,0.0,0.0
halueval-4712,halueval,1,5,1.0,0.2,1.0,1.0,1.0,1.0,0.0,0.0
halueval-3026,halueval,0,5,1.0,0.2,1.0,0.9999998807907104,0.9999998807907104,0.9999998807907104,0.0,1.1920928955078125e-07
halueval-7788,halueval,0,5,1.0,0.2,1.0,1.0,1.0,1.0,0.0,0.0
halueval-814,halueval,1,5,1.0,0.2,1.0,0.9999998807907104,0.9999999403953552,0.9999999403953552,5.960464477539063e-08,1.1920928955078125e-07
halueval-288,halueval,0,5,1.0,0.2,1.0,0.9999998807907104,0.9999998807907104,0.9999998807907104,0.0,1.1920928955078125e-07
halueval-206,halueval,0,5,1.0,0.2,1.0,1.0,1.0,1.0,0.0,0.0
halueval-3374,halueval,1,5,1.0,0.2,1.0,1.0,1.0,1.0,0.0,0.0
halueval-3157,halueval,0,5,0.4,0.4,0.6,0.9843162298202515,0.9738603830337524,1.0,0.01280574407428503,0.015683770179748535
halueval-7208,halueval,1,5,1.0,0.2,1.0,0.9944353103637695,0.9860882759094238,1.0,0.00681532546877861,0.005564689636230469
halueval-4718,halueval,0,5,1.0,0.2,1.0,0.9950124025344849,0.9875311851501465,0.9999998807907104,0.006108388304710388,0.004987597465515137
halueval-9498,halueval,0,5,1.0,0.2,1.0,0.9999998807907104,0.9999998807907104,0.9999998807907104,0.0,1.1920928955078125e-07
halueval-8533,halueval,0,5,0.4,0.4,0.6,0.8843694925308228,0.8072823882102966,1.0,0.09441196173429489,0.11563050746917725
halueval-6065,halueval,1,5,1.0,0.2,1.0,1.0,1.0,1.0,0.0,0.0
halueval-9709,halueval,0,5,1.0,0.2,1.0,1.0,1.0,1.0,0.0,0.0
halueval-8991,halueval,1,5,1.0,0.2,1.0,0.9902383685112,0.9837307929992676,1.0,0.007970206439495087,0.009761631488800049
halueval-7385,halueval,1,5,1.0,0.2,1.0,1.0,1.0,1.0,0.0,0.0
halueval-7548,halueval,1,5,1.0,0.2,1.0,1.0,1.0,1.0,0.0,0.0
halueval-830,halueval,1,5,1.0,0.2,1.0,1.0,1.0,1.0,0.0,0.0
halueval-2373,halueval,1,5,1.0,0.2,1.0,0.9850993156433105,0.9751654863357544,1.0,0.012166377156972885,0.014900684356689453
halueval-3595,halueval,0,5,1.0,0.2,1.0,1.0,1.0,1.0,0.0,0.0
halueval-8534,halueval,1,5,1.0,0.2,1.0,0.98564213514328,0.9641053080558777,1.0,0.01758473552763462,0.01435786485671997
halueval-7622,halueval,0,5,1.0,0.2,1.0,0.9999998211860657,0.9999998211860657,0.9999998211860657,0.0,1.7881393432617188e-07
halueval-3964,halueval,1,5,1.0,0.2,1.0,0.9999998807907104,0.9999999403953552,0.9999999403953552,5.960464477539063e-08,1.1920928955078125e-07
halueval-7874,halueval,0,5,1.0,0.2,1.0,0.9908815622329712,0.9772037267684937,1.0,0.01116784755140543,0.009118437767028809
halueval-1164,halueval,1,5,1.0,0.2,1.0,1.0,1.0,1.0,0.0,0.0
halueval-3647,halueval,0,5,1.0,0.2,1.0,0.9999998211860657,0.9999998211860657,0.9999998211860657,0.0,1.7881393432617188e-07
halueval-3877,halueval,0,5,1.0,0.2,1.0,1.0,1.0,1.0,0.0,0.0
halueval-1126,halueval,1,5,0.6,0.4,0.8,0.9884946942329407,0.9712370038032532,0.9999997615814209,0.014090816490352154,0.011505305767059326
halueval-8583,halueval,1,5,1.0,0.2,1.0,0.9896618723869324,0.9741547703742981,0.9999998807907104,0.01266146544367075,0.010338127613067627
halueval-572,halueval,1,5,1.0,0.2,1.0,1.0,1.0,1.0,0.0,0.0
halueval-297,halueval,0,5,1.0,0.2,1.0,1.0,1.0,1.0,0.0,0.0
halueval-4221,halueval,1,5,1.0,0.2,1.0,1.0,1.0,1.0,0.0,0.0
halueval-8981,halueval,0,5,1.0,0.2,1.0,1.0,1.0,1.0,0.0,0.0
halueval-2313,halueval,1,5,1.0,0.2,1.0,1.0,1.0,1.0,0.0,0.0
halueval-3437,halueval,1,5,1.0,0.2,1.0,0.9999998807907104,0.9999998807907104,0.9999998807907104,0.0,1.1920928955078125e-07
halueval-857,halueval,0,5,1.0,0.2,1.0,1.0,1.0,1.0,0.0,0.0
halueval-3458,halueval,0,5,1.0,0.2,1.0,0.9999998807907104,0.9999998807907104,0.9999998807907104,0.0,1.1920928955078125e-07
halueval-4889,halueval,1,5,1.0,0.2,1.0,0.981397271156311,0.9534929990768433,1.0,0.022783683612942696,0.018602728843688965
halueval-3582,halueval,1,5,1.0,0.2,1.0,1.0,1.0,1.0,0.0,0.0
halueval-6468,halueval,1,5,1.0,0.2,1.0,0.9999998807907104,0.9999998807907104,0.9999998807907104,0.0,1.1920928955078125e-07
halueval-1212,halueval,1,5,1.0,0.2,1.0,1.0,1.0,1.0,0.0,0.0
halueval-7342,halueval,0,5,1.0,0.2,1.0,0.9999998807907104,0.9999999403953552,0.9999999403953552,5.960464477539063e-08,1.1920928955078125e-07
halueval-7708,halueval,0,5,0.6,0.4,0.8,0.7824763059616089,0.45619088411331177,1.0,0.2664109766483307,0.2175236940383911
halueval-5485,halueval,1,5,1.0,0.2,1.0,1.0,1.0,1.0,0.0,0.0
halueval-8009,halueval,0,5,1.0,0.2,1.0,1.0,1.0,1.0,0.0,0.0
halueval-7732,halueval,1,5,1.0,0.2,1.0,0.9999998807907104,0.9999999403953552,0.9999999403953552,5.960464477539063e-08,1.1920928955078125e-07
halueval-8546,halueval,0,5,1.0,0.2,1.0,0.9923784136772156,0.9809459447860718,1.0,0.009334542788565159,0.007621586322784424
halueval-3785,halueval,1,5,1.0,0.2,1.0,0.9999998807907104,0.9999998807907104,0.9999998807907104,0.0,1.1920928955078125e-07
halueval-5803,halueval,1,5,1.0,0.2,1.0,1.0,1.0,1.0,0.0,0.0
halueval-2112,halueval,0,5,1.0,0.2,1.0,0.9919412732124329,0.9865689277648926,1.0,0.006579840090125799,0.008058726787567139
halueval-861,halueval,0,5,0.6,0.4,0.8,0.9970365762710571,0.9925912618637085,1.0,0.0036295256577432156,0.002963423728942871
halueval-2283,halueval,0,5,1.0,0.2,1.0,1.0,1.0,1.0,0.0,0.0
halueval-127,halueval,1,5,1.0,0.2,1.0,1.0,1.0,1.0,0.0,0.0
halueval-2598,halueval,1,5,0.6,0.4,0.8,0.8166168332099915,0.5415421724319458,1.0,0.22459754347801208,0.18338316679000854
halueval-8710,halueval,1,5,1.0,0.2,1.0,0.9927107095718384,0.9817767143249512,1.0,0.008927550166845322,0.007289290428161621
halueval-6858,halueval,0,5,1.0,0.2,1.0,1.0,1.0,1.0,0.0,0.0
halueval-625,halueval,1,5,1.0,0.2,1.0,1.0,1.0,1.0,0.0,0.0
halueval-3782,halueval,0,5,0.6,0.4,0.8,0.9966112971305847,0.9915282130241394,1.0,0.00415031099691987,0.003388702869415283
halueval-1138,halueval,1,5,1.0,0.2,1.0,1.0,1.0,1.0,0.0,0.0
halueval-1208,halueval,0,5,1.0,0.2,1.0,0.9848872423171997,0.9622184634208679,0.9999997615814209,0.01850898005068302,0.015112757682800293
halueval-4404,halueval,1,5,1.0,0.2,1.0,1.0,1.0,1.0,0.0,0.0
halueval-3205,halueval,1,5,1.0,0.2,1.0,1.0,1.0,1.0,0.0,0.0
halueval-5832,halueval,0,5,1.0,0.2,1.0,1.0,1.0,1.0,0.0,0.0
halueval-8651,halueval,0,5,1.0,0.2,1.0,0.9906224012374878,0.9843707084655762,1.0,0.007656757719814777,0.009377598762512207
halueval-1572,halueval,0,5,0.6,0.4,0.8,0.965323269367218,0.9133082628250122,1.0,0.04247010499238968,0.03467673063278198
halueval-7407,halueval,1,5,1.0,0.2,1.0,1.0,1.0,1.0,0.0,0.0
halueval-4499,halueval,0,5,1.0,0.2,1.0,1.0,1.0,1.0,0.0,0.0
halueval-6368,halueval,1,5,1.0,0.2,1.0,0.9999998211860657,0.9999997615814209,0.9999997615814209,5.960464477539063e-08,1.7881393432617188e-07
halueval-4010,halueval,0,5,1.0,0.2,1.0,1.0,1.0,1.0,0.0,0.0
halueval-3019,halueval,0,5,1.0,0.2,1.0,1.0,1.0,1.0,0.0,0.0
halueval-9504,halueval,0,5,1.0,0.2,1.0,1.0,1.0,1.0,0.0,0.0
halueval-7722,halueval,0,5,1.0,0.2,1.0,1.0,1.0,1.0,0.0,0.0
halueval-7229,halueval,1,5,0.6,0.4,0.8,0.9157527089118958,0.789381742477417,0.9999998807907104,0.103181391954422,0.08424729108810425
halueval-8233,halueval,1,5,0.6,0.4,0.8,0.7342098951339722,0.3355247676372528,1.0,0.32552507519721985,0.26579010486602783
halueval-7460,halueval,1,5,1.0,0.2,1.0,0.9999998807907104,0.9999998807907104,0.9999998807907104,0.0,1.1920928955078125e-07
halueval-9615,halueval,0,5,1.0,0.2,1.0,1.0,1.0,1.0,0.0,0.0
halueval-120,halueval,1,5,1.0,0.2,1.0,1.0,1.0,1.0,0.0,0.0
halueval-2801,halueval,0,5,1.0,0.2,1.0,1.0,1.0,1.0,0.0,0.0
halueval-7702,halueval,0,5,1.0,0.2,1.0,0.9913572072982788,0.9855955243110657,1.0,0.007056635804474354,0.008642792701721191
halueval-8276,halueval,1,5,0.3,0.6,0.6,0.9973309636116028,0.9934459924697876,1.0,0.0029407450929284096,0.002669036388397217
halueval-776,halueval,1,5,1.0,0.2,1.0,1.0,1.0,1.0,0.0,0.0
halueval-7029,halueval,1,5,1.0,0.2,1.0,0.9999998807907104,0.9999998807907104,0.9999998807907104,0.0,1.1920928955078125e-07
halueval-9848,halueval,0,5,0.4,0.4,0.6,0.993951141834259,0.9899185299873352,0.9999998807907104,0.004938825499266386,0.006048858165740967
halueval-8691,halueval,0,5,1.0,0.2,1.0,0.9999998807907104,0.9999998807907104,0.9999998807907104,0.0,1.1920928955078125e-07
halueval-2407,halueval,0,5,1.0,0.2,1.0,1.0,1.0,1.0,0.0,0.0
halueval-7375,halueval,1,5,0.6,0.4,0.8,0.800541877746582,0.5013548135757446,1.0,0.24428525567054749,0.19945812225341797
halueval-9248,halueval,0,5,1.0,0.2,1.0,1.0,1.0,1.0,0.0,0.0
halueval-4765,halueval,1,5,1.0,0.2,1.0,1.0,1.0,1.0,0.0,0.0
halueval-5960,halueval,0,5,1.0,0.2,1.0,1.0,1.0,1.0,0.0,0.0
halueval-1036,halueval,0,5,1.0,0.2,1.0,1.0,1.0,1.0,0.0,0.0
halueval-1253,halueval,1,5,1.0,0.2,1.0,1.0,1.0,1.0,0.0,0.0
halueval-4543,halueval,0,5,1.0,0.2,1.0,0.9999998807907104,0.9999998807907104,0.9999998807907104,0.0,1.1920928955078125e-07
halueval-7064,halueval,1,5,1.0,0.2,1.0,0.9949833154678345,0.987458348274231,1.0,0.006144129671156406,0.005016684532165527
halueval-8149,halueval,1,5,1.0,0.2,1.0,0.9999998807907104,0.9999998807907104,0.9999998807907104,0.0,1.1920928955078125e-07
halueval-5599,halueval,1,5,1.0,0.2,1.0,1.0,1.0,1.0,0.0,0.0
halueval-8855,halueval,0,5,0.4,0.4,0.6,0.9637671709060669,0.9396119713783264,1.0,0.02958395704627037,0.036232829093933105
halueval-563,halueval,0,5,1.0,0.2,1.0,1.0,1.0,1.0,0.0,0.0
halueval-9724,halueval,0,5,1.0,0.2,1.0,1.0,1.0,1.0,0.0,0.0
halueval-9553,halueval,1,5,0.1,0.8,0.4,0.6076077222824097,0.274416983127594,1.0,0.2340039610862732,0.39239227771759033
halueval-1113,halueval,0,5,1.0,0.2,1.0,1.0,1.0,1.0,0.0,0.0
halueval-9421,halueval,0,5,1.0,0.2,1.0,1.0,1.0,1.0,0.0,0.0
halueval-7107,halueval,1,5,1.0,0.2,1.0,0.9910250902175903,0.9850418567657471,1.0,0.007327963598072529,0.008974909782409668
halueval-886,halueval,0,5,1.0,0.2,1.0,1.0,1.0,1.0,0.0,0.0
halueval-4541,halueval,1,5,1.0,0.2,1.0,0.9795442819595337,0.9659071564674377,1.0,0.016702013090252876,0.02045571804046631
halueval-7484,halueval,1,5,1.0,0.2,1.0,0.9999998807907104,0.9999998807907104,0.9999998807907104,0.0,1.1920928955078125e-07
halueval-3966,halueval,0,5,1.0,0.2,1.0,1.0,1.0,1.0,0.0,0.0
halueval-7601,halueval,1,5,1.0,0.2,1.0,1.0,1.0,1.0,0.0,0.0
halueval-7395,halueval,1,5,0.6,0.4,0.8,0.9942377805709839,0.9855945110321045,1.0,0.00705721927806735,0.005762219429016113
halueval-509,halueval,0,5,0.4,0.4,0.6,0.5020819902420044,0.17013667523860931,1.0,0.40654832124710083,0.4979180097579956
halueval-5262,halueval,0,5,1.0,0.2,1.0,0.9999998807907104,0.9999998807907104,0.9999998807907104,0.0,1.1920928955078125e-07
halueval-9464,halueval,1,5,1.0,0.2,1.0,1.0,1.0,1.0,0.0,0.0
halueval-8420,halueval,0,5,1.0,0.2,1.0,1.0,1.0,1.0,0.0,0.0
halueval-361,halueval,0,5,1.0,0.2,1.0,1.0,1.0,1.0,0.0,0.0
halueval-7226,halueval,0,5,1.0,0.2,1.0,1.0,1.0,1.0,0.0,0.0
halueval-873,halueval,0,5,1.0,0.2,1.0,0.9999998807907104,0.9999998807907104,0.9999998807907104,0.0,1.1920928955078125e-07
halueval-7518,halueval,0,5,0.4,0.4,0.6,0.8101094961166382,0.6835159063339233,1.0,0.15504489839076996,0.18989050388336182
halueval-4298,halueval,0,5,1.0,0.2,1.0,1.0,1.0,1.0,0.0,0.0
halueval-3035,halueval,1,5,1.0,0.2,1.0,1.0,1.0,1.0,0.0,0.0
halueval-3708,halueval,1,5,1.0,0.2,1.0,0.9999998211860657,0.9999998211860657,0.9999998211860657,0.0,1.7881393432617188e-07
halueval-5574,halueval,1,5,0.3,0.6,0.6,0.9804027676582336,0.9524997472763062,1.0,0.02277958020567894,0.019597232341766357
halueval-7305,halueval,1,5,1.0,0.2,1.0,0.9999998807907104,0.9999998807907104,0.9999998807907104,0.0,1.1920928955078125e-07
halueval-7916,halueval,0,5,1.0,0.2,1.0,0.9999998807907104,0.9999998807907104,0.9999998807907104,0.0,1.1920928955078125e-07
halueval-5653,halueval,0,5,1.0,0.2,1.0,1.0,1.0,1.0,0.0,0.0
halueval-915,halueval,0,5,0.4,0.4,0.6,0.9224264025688171,0.8707107305526733,1.0,0.06333852559328079,0.07757359743118286
halueval-7123,halueval,0,5,1.0,0.2,1.0,1.0,1.0,1.0,0.0,0.0
halueval-7292,halueval,0,5,1.0,0.2,1.0,1.0,1.0,1.0,0.0,0.0
halueval-4544,halueval,1,5,1.0,0.2,1.0,1.0,1.0,1.0,0.0,0.0
halueval-468,halueval,1,5,1.0,0.2,1.0,1.0,1.0,1.0,0.0,0.0
halueval-7296,halueval,1,5,1.0,0.2,1.0,1.0,1.0,1.0,0.0,0.0
halueval-4064,halueval,0,5,1.0,0.2,1.0,1.0,1.0,1.0,0.0,0.0
halueval-9976,halueval,1,5,1.0,0.2,1.0,0.9807076454162598,0.9678460955619812,1.0,0.01575213111937046,0.019292354583740234
halueval-4880,halueval,0,5,1.0,0.2,1.0,0.9999997019767761,0.9999996423721313,0.9999996423721313,5.960464477539063e-08,2.980232238769531e-07
halueval-3663,halueval,1,5,1.0,0.2,1.0,1.0,1.0,1.0,0.0,0.0
halueval-7925,halueval,0,5,1.0,0.2,1.0,0.9999998807907104,0.9999999403953552,0.9999999403953552,5.960464477539063e-08,1.1920928955078125e-07
halueval-2039,halueval,1,5,1.0,0.2,1.0,1.0,1.0,1.0,0.0,0.0
halueval-2017,halueval,0,5,1.0,0.2,1.0,0.9930230975151062,0.9883718490600586,1.0,0.005696577485650778,0.006976902484893799
halueval-5473,halueval,1,5,1.0,0.2,1.0,1.0,1.0,1.0,0.0,0.0
halueval-2222,halueval,0,5,0.6,0.4,0.8,0.8028625249862671,0.5071564316749573,1.0,0.24144305288791656,0.1971374750137329
halueval-4852,halueval,0,5,1.0,0.2,1.0,1.0,1.0,1.0,0.0,0.0
halueval-2613,halueval,0,5,1.0,0.2,1.0,0.991931140422821,0.979827880859375,1.0,0.009882279671728611,0.008068859577178955
halueval-3762,halueval,0,5,1.0,0.2,1.0,1.0,1.0,1.0,0.0,0.0
halueval-343,halueval,0,5,1.0,0.2,1.0,1.0,1.0,1.0,0.0,0.0
halueval-8057,halueval,1,5,1.0,0.2,1.0,0.9999998211860657,0.9999997615814209,0.9999997615814209,5.960464477539063e-08,1.7881393432617188e-07
halueval-4809,halueval,0,5,1.0,0.2,1.0,1.0,1.0,1.0,0.0,0.0
halueval-7341,halueval,1,5,1.0,0.2,1.0,0.9901480674743652,0.9753700494766235,1.0,0.012066162191331387,0.009851932525634766
halueval-2768,halueval,1,5,1.0,0.2,1.0,1.0,1.0,1.0,0.0,0.0
halueval-9148,halueval,0,5,1.0,0.2,1.0,1.0,1.0,1.0,0.0,0.0
halueval-47,halueval,0,5,0.4,0.4,0.6,0.9196736216545105,0.8661227226257324,1.0,0.06558620184659958,0.0803263783454895
halueval-7147,halueval,0,5,1.0,0.2,1.0,0.9903708696365356,0.9839513301849365,1.0,0.00786221120506525,0.009629130363464355
halueval-304,halueval,0,5,0.4,0.4,0.6,0.9641637802124023,0.9402728080749512,1.0,0.02926022931933403,0.035836219787597656
halueval-4361,halueval,0,5,1.0,0.2,1.0,1.0,1.0,1.0,0.0,0.0
halueval-6203,halueval,0,5,0.6,0.4,0.8,0.9217045903205872,0.8042615652084351,1.0,0.09589185565710068,0.07829540967941284
halueval-816,halueval,1,5,1.0,0.2,1.0,0.9999998211860657,0.9999997615814209,0.9999997615814209,5.960464477539063e-08,1.7881393432617188e-07
halueval-137,halueval,1,5,0.4,0.4,0.6,0.6731171607971191,0.45519542694091797,1.0,0.2668985426425934,0.32688283920288086
halueval-6923,halueval,1,5,0.1,0.8,0.4,0.8708850145339966,0.6705408096313477,1.0,0.15246722102165222,0.12911498546600342
halueval-1408,halueval,0,5,0.2,0.6,0.4,0.718929648399353,0.581154465675354,1.0,0.17199192941188812,0.281070351600647
halueval-85,halueval,0,5,1.0,0.2,1.0,1.0,1.0,1.0,0.0,0.0
halueval-7852,halueval,1,5,1.0,0.2,1.0,0.9751204252243042,0.9378013610839844,0.9999998807907104,0.03047092817723751,0.0248795747756958
halueval-2599,halueval,1,5,1.0,0.2,1.0,0.9935134649276733,0.9837836623191833,1.0,0.007944350130856037,0.00648653507232666
halueval-8550,halueval,0,5,1.0,0.2,1.0,1.0,1.0,1.0,0.0,0.0
halueval-6967,halueval,1,5,1.0,0.2,1.0,0.9876141548156738,0.9793570637702942,1.0,0.010112931951880455,0.012385845184326172
halueval-5856,halueval,1,5,1.0,0.2,1.0,1.0,1.0,1.0,0.0,0.0
halueval-8476,halueval,0,5,1.0,0.2,1.0,1.0,1.0,1.0,0.0,0.0
halueval-914,halueval,1,5,1.0,0.2,1.0,1.0,1.0,1.0,0.0,0.0
halueval-4857,halueval,1,5,0.4,0.4,0.6,0.8134247064590454,0.6890411376953125,1.0,0.15233808755874634,0.1865752935409546
halueval-9112,halueval,0,5,1.0,0.2,1.0,1.0,1.0,1.0,0.0,0.0
halueval-2249,halueval,0,5,1.0,0.2,1.0,1.0,1.0,1.0,0.0,0.0
halueval-6820,halueval,1,5,1.0,0.2,1.0,1.0,1.0,1.0,0.0,0.0
halueval-7573,halueval,1,5,1.0,0.2,1.0,1.0,1.0,1.0,0.0,0.0
halueval-5079,halueval,0,5,0.6,0.4,0.8,0.9992326498031616,0.9980816841125488,1.0,0.0009397789835929871,0.0007673501968383789
halueval-9676,halueval,0,5,1.0,0.2,1.0,1.0,1.0,1.0,0.0,0.0
halueval-637,halueval,0,5,1.0,0.2,1.0,1.0,1.0,1.0,0.0,0.0
halueval-3716,halueval,1,5,1.0,0.2,1.0,0.992889404296875,0.9822235107421875,1.0,0.008708666078746319,0.007110595703125
halueval-8037,halueval,0,5,1.0,0.2,1.0,1.0,1.0,1.0,0.0,0.0
halueval-6523,halueval,0,5,1.0,0.2,1.0,0.9999998807907104,0.9999998807907104,0.9999998807907104,0.0,1.1920928955078125e-07
halueval-5149,halueval,0,5,1.0,0.2,1.0,1.0,1.0,1.0,0.0,0.0
halueval-18,halueval,1,5,1.0,0.2,1.0,1.0,1.0,1.0,0.0,0.0
halueval-9956,halueval,0,5,1.0,0.2,1.0,1.0,1.0,1.0,0.0,0.0
halueval-3326,halueval,0,5,0.4,0.4,0.6,0.9508265256881714,0.9180443286895752,1.0,0.04014989361166954,0.04917347431182861
halueval-6060,halueval,0,5,1.0,0.2,1.0,1.0,1.0,1.0,0.0,0.0
halueval-8493,halueval,0,5,1.0,0.2,1.0,1.0,1.0,1.0,0.0,0.0
halueval-7304,halueval,0,5,1.0,0.2,1.0,1.0,1.0,1.0,0.0,0.0
halueval-5520,halueval,0,5,0.6,0.4,0.8,0.9921959042549133,0.9804896116256714,1.0,0.009558099322021008,0.00780409574508667
halueval-2287,halueval,1,5,1.0,0.2,1.0,1.0,1.0,1.0,0.0,0.0
halueval-1637,halueval,1,5,1.0,0.2,1.0,0.9999998807907104,0.9999998807907104,0.9999998807907104,0.0,1.1920928955078125e-07
halueval-589,halueval,0,5,1.0,0.2,1.0,1.0,1.0,1.0,0.0,0.0
halueval-8394,halueval,1,5,1.0,0.2,1.0,1.0,1.0,1.0,0.0,0.0
halueval-741,halueval,1,5,1.0,0.2,1.0,0.9999998807907104,0.9999998807907104,0.9999998807907104,0.0,1.1920928955078125e-07
halueval-8378,halueval,0,5,1.0,0.2,1.0,1.0,1.0,1.0,0.0,0.0
halueval-8586,halueval,0,5,0.6,0.4,0.8,0.9510750770568848,0.8776876926422119,1.0,0.059920549392700195,0.048924922943115234
halueval-418,halueval,1,5,1.0,0.2,1.0,0.9940090179443359,0.9850226044654846,1.0,0.007337396033108234,0.0059909820556640625
halueval-9472,halueval,0,5,1.0,0.2,1.0,1.0,1.0,1.0,0.0,0.0
halueval-5742,halueval,1,5,1.0,0.2,1.0,0.9999998211860657,0.9999997615814209,0.9999997615814209,5.960464477539063e-08,1.7881393432617188e-07
halueval-4375,halueval,1,5,1.0,0.2,1.0,1.0,1.0,1.0,0.0,0.0
halueval-500,halueval,1,5,1.0,0.2,1.0,1.0,1.0,1.0,0.0,0.0
halueval-4189,halueval,1,5,1.0,0.2,1.0,0.9999998807907104,0.9999998807907104,0.9999998807907104,0.0,1.1920928955078125e-07
halueval-8678,halueval,0,5,1.0,0.2,1.0,0.9999998211860657,0.9999997615814209,0.9999997615814209,5.960464477539063e-08,1.7881393432617188e-07
halueval-9606,halueval,0,5,1.0,0.2,1.0,1.0,1.0,1.0,0.0,0.0
halueval-9572,halueval,0,5,1.0,0.2,1.0,1.0,1.0,1.0,0.0,0.0
halueval-2233,halueval,1,5,1.0,0.2,1.0,0.9856386184692383,0.9760643243789673,1.0,0.011725950986146927,0.014361381530761719
halueval-4554,halueval,1,5,1.0,0.2,1.0,1.0,1.0,1.0,0.0,0.0
halueval-6475,halueval,1,5,1.0,0.2,1.0,0.9915059208869934,0.9787648320198059,1.0,0.01040306594222784,0.008494079113006592
halueval-5117,halueval,0,5,0.4,0.4,0.6,0.9759774208068848,0.9568101167678833,1.0,0.01700206845998764,0.024022579193115234
halueval-6304,halueval,0,5,1.0,0.2,1.0,1.0,1.0,1.0,0.0,0.0
halueval-1285,halueval,1,5,1.0,0.2,1.0,0.9999998211860657,0.9999998211860657,0.9999998211860657,0.0,1.7881393432617188e-07
halueval-5429,halueval,0,5,1.0,0.2,1.0,1.0,1.0,1.0,0.0,0.0
halueval-269,halueval,0,5,1.0,0.2,1.0,0.9999998211860657,0.9999998211860657,0.9999998211860657,0.0,1.7881393432617188e-07
halueval-4633,halueval,1,5,1.0,0.2,1.0,0.9789736866950989,0.9649561047554016,1.0,0.017167910933494568,0.021026313304901123
halueval-7009,halueval,1,5,1.0,0.2,1.0,1.0,1.0,1.0,0.0,0.0
halueval-4579,halueval,0,5,1.0,0.2,1.0,1.0,1.0,1.0,0.0,0.0
halueval-4827,halueval,0,5,1.0,0.2,1.0,0.9828699827194214,0.9714500904083252,1.0,0.013986541889607906,0.017130017280578613
halueval-959,halueval,1,5,1.0,0.2,1.0,1.0,1.0,1.0,0.0,0.0
halueval-1235,halueval,0,5,1.0,0.2,1.0,0.987246036529541,0.9787434339523315,1.0,0.010413547977805138,0.012753963470458984
halueval-5645,halueval,0,5,1.0,0.2,1.0,0.9999998807907104,0.9999998807907104,0.9999998807907104,0.0,1.1920928955078125e-07
halueval-5696,halueval,0,5,1.0,0.2,1.0,1.0,1.0,1.0,0.0,0.0
halueval-7482,halueval,1,5,1.0,0.2,1.0,0.9999998807907104,0.9999998807907104,0.9999998807907104,0.0,1.1920928955078125e-07
halueval-8134,halueval,1,5,1.0,0.2,1.0,1.0,1.0,1.0,0.0,0.0
halueval-4617,halueval,0,5,1.0,0.2,1.0,0.9898209571838379,0.9830348491668701,1.0,0.008311192505061626,0.01017904281616211
halueval-8698,halueval,1,5,1.0,0.2,1.0,0.9912028312683105,0.9780069589614868,1.0,0.010774346068501472,0.008797168731689453
halueval-3369,halueval,0,5,1.0,0.2,1.0,1.0,1.0,1.0,0.0,0.0
halueval-1573,halueval,1,5,1.0,0.2,1.0,1.0,1.0,1.0,0.0,0.0
halueval-9603,halueval,1,5,1.0,0.2,1.0,0.9904077649116516,0.9760196208953857,0.9999998807907104,0.011747879907488823,0.009592235088348389
halueval-6196,halueval,1,5,1.0,0.2,1.0,1.0,1.0,1.0,0.0,0.0
halueval-1497,halueval,1,5,1.0,0.2,1.0,0.9654045104980469,0.913511335849762,1.0,0.042370617389678955,0.034595489501953125
halueval-3186,halueval,0,5,1.0,0.2,1.0,0.9799546003341675,0.9665911197662354,1.0,0.01636694185435772,0.02004539966583252
halueval-402,halueval,0,5,0.6,0.4,0.8,0.9126879572868347,0.7817199230194092,1.0,0.10693496465682983,0.08731204271316528
halueval-2557,halueval,0,5,0.4,0.4,0.6,0.9928730726242065,0.9881216883659363,1.0,0.005819160956889391,0.007126927375793457
halueval-1962,halueval,0,5,0.6,0.4,0.8,0.9989311099052429,0.9973279237747192,0.9999999403953552,0.0013090154388919473,0.00106889009475708
halueval-1921,halueval,0,5,1.0,0.2,1.0,1.0,1.0,1.0,0.0,0.0
halueval-5917,halueval,1,5,1.0,0.2,1.0,0.9999998807907104,0.9999999403953552,0.9999999403953552,5.960464477539063e-08,1.1920928955078125e-07
halueval-3798,halueval,1,5,1.0,0.2,1.0,1.0,1.0,1.0,0.0,0.0
halueval-506,halueval,0,5,1.0,0.2,1.0,0.9945419430732727,0.9863548278808594,1.0,0.00668474193662405,0.005458056926727295
halueval-7086,halueval,1,5,1.0,0.2,1.0,1.0,1.0,1.0,0.0,0.0
halueval-2160,halueval,0,5,1.0,0.2,1.0,1.0,1.0,1.0,0.0,0.0
halueval-1282,halueval,1,5,1.0,0.2,1.0,1.0,1.0,1.0,0.0,0.0
halueval-5159,halueval,1,5,1.0,0.2,1.0,0.9906069040298462,0.9765171408653259,1.0,0.01150420494377613,0.009393095970153809
halueval-8272,halueval,0,5,1.0,0.2,1.0,1.0,1.0,1.0,0.0,0.0
halueval-2323,halueval,0,5,0.3,0.6,0.6,0.8247362375259399,0.6618459224700928,1.0,0.14163462817668915,0.17526376247406006
halueval-5056,halueval,1,5,1.0,0.2,1.0,1.0,1.0,1.0,0.0,0.0
halueval-2827,halueval,1,5,1.0,0.2,1.0,0.9929803013801575,0.9883006811141968,1.0,0.00573140662163496,0.007019698619842529
halueval-648,halueval,0,5,1.0,0.2,1.0,1.0,1.0,1.0,0.0,0.0
halueval-2100,halueval,1,5,1.0,0.2,1.0,1.0,1.0,1.0,0.0,0.0
halueval-8868,halueval,1,5,0.4,0.4,0.6,0.8142725825309753,0.6904542446136475,1.0,0.15164582431316376,0.18572741746902466
halueval-4087,halueval,1,5,1.0,0.2,1.0,0.9822112321853638,0.9703519344329834,1.0,0.01452452689409256,0.01778876781463623
halueval-6556,halueval,1,5,1.0,0.2,1.0,0.993458092212677,0.9890969395637512,1.0,0.005341357551515102,0.006541907787322998
halueval-2871,halueval,1,5,1.0,0.2,1.0,1.0,1.0,1.0,0.0,0.0
halueval-3712,halueval,0,5,1.0,0.2,1.0,1.0,1.0,1.0,0.0,0.0
halueval-4220,halueval,0,5,0.6,0.4,0.8,0.650276243686676,0.14545443654060364,1.0,0.4085785746574402,0.349723756313324
halueval-7815,halueval,0,5,1.0,0.2,1.0,1.0,1.0,1.0,0.0,0.0
halueval-270,halueval,1,5,1.0,0.2,1.0,0.9999998807907104,0.9999998807907104,0.9999998807907104,0.0,1.1920928955078125e-07
halueval-3301,halueval,0,5,1.0,0.2,1.0,0.9999998211860657,0.9999997615814209,0.9999997615814209,5.960464477539063e-08,1.7881393432617188e-07
halueval-4142,halueval,0,5,1.0,0.2,1.0,1.0,1.0,1.0,0.0,0.0
halueval-9682,halueval,0,5,1.0,0.2,1.0,0.9999998211860657,0.9999997615814209,0.9999997615814209,5.960464477539063e-08,1.7881393432617188e-07
halueval-7843,halueval,0,5,1.0,0.2,1.0,1.0,1.0,1.0,0.0,0.0
halueval-1935,halueval,1,5,1.0,0.2,1.0,1.0,1.0,1.0,0.0,0.0
halueval-7814,halueval,1,5,1.0,0.2,1.0,0.9824293851852417,0.9707158803939819,1.0,0.014346186071634293,0.0175706148147583
halueval-5961,halueval,1,5,0.6,0.4,0.8,0.7147199511528015,0.28679990768432617,1.0,0.3493952453136444,0.2852800488471985
halueval-9769,halueval,1,5,1.0,0.2,1.0,1.0,1.0,1.0,0.0,0.0
halueval-2291,halueval,0,5,0.3,0.6,0.6,0.45960602164268494,0.14730487763881683,1.0,0.35950687527656555,0.5403939783573151
halueval-1581,halueval,1,5,1.0,0.2,1.0,0.9999998807907104,0.9999998807907104,0.9999998807907104,0.0,1.1920928955078125e-07
halueval-6218,halueval,1,5,1.0,0.2,1.0,0.9881397485733032,0.9703491926193237,1.0,0.014525869861245155,0.011860251426696777
halueval-6194,halueval,0,5,1.0,0.2,1.0,0.9999998807907104,0.9999999403953552,0.9999999403953552,5.960464477539063e-08,1.1920928955078125e-07
halueval-450,halueval,1,5,1.0,0.2,1.0,0.9999998807907104,0.9999998807907104,0.9999998807907104,0.0,1.1920928955078125e-07
halueval-1738,halueval,0,5,1.0,0.2,1.0,1.0,1.0,1.0,0.0,0.0
halueval-5854,halueval,1,5,1.0,0.2,1.0,0.9999998807907104,0.9999998807907104,0.9999998807907104,0.0,1.1920928955078125e-07
halueval-5396,halueval,1,5,1.0,0.2,1.0,0.9999998211860657,0.9999997615814209,0.9999997615814209,5.960464477539063e-08,1.7881393432617188e-07
halueval-3516,halueval,1,5,1.0,0.2,1.0,0.9999998807907104,0.9999999403953552,0.9999999403953552,5.960464477539063e-08,1.1920928955078125e-07
halueval-3692,halueval,0,5,1.0,0.2,1.0,1.0,1.0,1.0,0.0,0.0
halueval-1527,halueval,0,5,0.6,0.4,0.8,0.9843441247940063,0.9608603715896606,1.0,0.019174423068761826,0.015655875205993652
halueval-87,halueval,1,5,1.0,0.2,1.0,1.0,1.0,1.0,0.0,0.0
halueval-5347,halueval,0,5,1.0,0.2,1.0,0.9880334138870239,0.9800556898117065,1.0,0.009770662523806095,0.011966586112976074
halueval-9003,halueval,0,5,1.0,0.2,1.0,1.0,1.0,1.0,0.0,0.0
halueval-60,halueval,1,5,1.0,0.2,1.0,1.0,1.0,1.0,0.0,0.0
halueval-2735,halueval,0,5,1.0,0.2,1.0,0.9807705879211426,0.951926589012146,1.0,0.02355106547474861,0.019229412078857422
halueval-2179,halueval,0,5,1.0,0.2,1.0,0.9869686961174011,0.9782811403274536,1.0,0.01064002513885498,0.013031303882598877
halueval-1495,halueval,1,5,1.0,0.2,1.0,1.0,1.0,1.0,0.0,0.0
halueval-7492,halueval,1,5,1.0,0.2,1.0,1.0,1.0,1.0,0.0,0.0
halueval-5558,halueval,1,5,1.0,0.2,1.0,0.9999998807907104,0.9999998807907104,0.9999998807907104,0.0,1.1920928955078125e-07
halueval-9265,halueval,0,5,1.0,0.2,1.0,0.9879063367843628,0.9798439145088196,1.0,0.009874381124973297,0.012093663215637207
halueval-3761,halueval,0,5,1.0,0.2,1.0,1.0,1.0,1.0,0.0,0.0
halueval-9164,halueval,1,5,1.0,0.2,1.0,1.0,1.0,1.0,0.0,0.0
halueval-7556,halueval,1,5,1.0,0.2,1.0,1.0,1.0,1.0,0.0,0.0
halueval-9457,halueval,0,5,1.0,0.2,1.0,0.9884175062179565,0.9710440039634705,1.0,0.014185482636094093,0.011582493782043457
halueval-9602,halueval,0,5,1.0,0.2,1.0,0.9999998211860657,0.9999998211860657,0.9999998211860657,0.0,1.7881393432617188e-07
halueval-7377,halueval,0,5,0.2,0.6,0.4,0.9967910647392273,0.9946627616882324,1.0,0.002274545840919018,0.003208935260772705
halueval-5060,halueval,0,5,1.0,0.2,1.0,0.9749614596366882,0.9374035596847534,1.0,0.030665867030620575,0.025038540363311768
halueval-3300,halueval,0,5,1.0,0.2,1.0,0.9849435091018677,0.9749056696891785,1.0,0.012293661013245583,0.015056490898132324
halueval-3541,halueval,0,5,1.0,0.2,1.0,0.9862177968025208,0.9655443429946899,1.0,0.01687975414097309,0.013782203197479248
halueval-3020,halueval,1,5,1.0,0.2,1.0,1.0,1.0,1.0,0.0,0.0
halueval-1330,halueval,1,5,1.0,0.2,1.0,1.0,1.0,1.0,0.0,0.0
halueval-6297,halueval,1,5,1.0,0.2,1.0,1.0,1.0,1.0,0.0,0.0
halueval-5033,halueval,0,5,1.0,0.2,1.0,1.0,1.0,1.0,0.0,0.0
halueval-8391,halueval,1,5,1.0,0.2,1.0,1.0,1.0,1.0,0.0,0.0
halueval-3665,halueval,1,5,1.0,0.2,1.0,0.9773010015487671,0.9621683359146118,1.0,0.018533654510974884,0.02269899845123291
halueval-1395,halueval,1,5,1.0,0.2,1.0,1.0,1.0,1.0,0.0,0.0
halueval-8011,halueval,1,5,0.4,0.4,0.6,0.8792943954467773,0.7954822182655334,1.0,0.08899427950382233,0.12070560455322266
halueval-4878,halueval,1,5,1.0,0.2,1.0,1.0,1.0,1.0,0.0,0.0
halueval-6117,halueval,0,5,1.0,0.2,1.0,1.0,1.0,1.0,0.0,0.0
halueval-3187,halueval,1,5,1.0,0.2,1.0,0.9999998807907104,0.9999999403953552,0.9999999403953552,5.960464477539063e-08,1.1920928955078125e-07
halueval-1943,halueval,1,5,1.0,0.2,1.0,1.0,1.0,1.0,0.0,0.0
halueval-8306,halueval,0,5,0.6,0.4,0.8,0.9035793542861938,0.7589482069015503,1.0,0.11809077858924866,0.09642064571380615
halueval-5651,halueval,1,5,1.0,0.2,1.0,1.0,1.0,1.0,0.0,0.0
halueval-1516,halueval,1,5,1.0,0.2,1.0,1.0,1.0,1.0,0.0,0.0
halueval-1159,halueval,0,5,1.0,0.2,1.0,1.0,1.0,1.0,0.0,0.0
halueval-1930,halueval,1,5,1.0,0.2,1.0,1.0,1.0,1.0,0.0,0.0
halueval-7760,halueval,1,5,1.0,0.2,1.0,1.0,1.0,1.0,0.0,0.0
halueval-9111,halueval,1,5,1.0,0.2,1.0,1.0,1.0,1.0,0.0,0.0
halueval-3336,halueval,1,5,0.6,0.4,0.8,0.9979376792907715,0.9948444366455078,0.9999997615814209,0.002525583142414689,0.0020623207092285156
halueval-3183,halueval,0,5,1.0,0.2,1.0,1.0,1.0,1.0,0.0,0.0
halueval-7973,halueval,1,5,1.0,0.2,1.0,1.0,1.0,1.0,0.0,0.0
halueval-9478,halueval,0,5,1.0,0.2,1.0,1.0,1.0,1.0,0.0,0.0
halueval-6875,halueval,0,5,1.0,0.2,1.0,1.0,1.0,1.0,0.0,0.0
halueval-3031,halueval,0,5,0.6,0.4,0.8,0.9973669052124023,0.9934172034263611,1.0,0.003224898362532258,0.0026330947875976562
halueval-1655,halueval,0,5,1.0,0.2,1.0,0.9999998807907104,0.9999998807907104,0.9999998807907104,0.0,1.1920928955078125e-07
halueval-3029,halueval,1,5,1.0,0.2,1.0,1.0,1.0,1.0,0.0,0.0
halueval-5902,halueval,0,5,0.4,0.4,0.6,0.703411877155304,0.5112905502319336,1.0,0.23232081532478333,0.29658812284469604
halueval-2767,halueval,1,5,1.0,0.2,1.0,1.0,1.0,1.0,0.0,0.0
halueval-1499,halueval,1,5,1.0,0.2,1.0,0.989800751209259,0.9830012917518616,1.0,0.008327632211148739,0.010199248790740967
halueval-422,halueval,0,5,1.0,0.2,1.0,1.0,1.0,1.0,0.0,0.0
halueval-2456,halueval,1,5,1.0,0.2,1.0,1.0,1.0,1.0,0.0,0.0
halueval-1889,halueval,0,5,1.0,0.2,1.0,1.0,1.0,1.0,0.0,0.0
halueval-3906,halueval,0,5,1.0,0.2,1.0,1.0,1.0,1.0,0.0,0.0
halueval-7212,halueval,0,5,0.6,0.4,0.8,0.9808756113052368,0.9521888494491577,1.0,0.023422585800290108,0.019124388694763184
halueval-1698,halueval,0,5,1.0,0.2,1.0,0.986017107963562,0.9766952991485596,1.0,0.011416926048696041,0.013982892036437988
halueval-3449,halueval,0,5,1.0,0.2,1.0,1.0,1.0,1.0,0.0,0.0
halueval-8091,halueval,0,5,1.0,0.2,1.0,0.9999998807907104,0.9999999403953552,0.9999999403953552,5.960464477539063e-08,1.1920928955078125e-07
halueval-3365,halueval,0,5,1.0,0.2,1.0,1.0,1.0,1.0,0.0,0.0
halueval-9647,halueval,1,5,1.0,0.2,1.0,0.9999998807907104,0.9999998807907104,0.9999998807907104,0.0,1.1920928955078125e-07
halueval-448,halueval,1,5,1.0,0.2,1.0,1.0,1.0,1.0,0.0,0.0
halueval-7710,halueval,1,5,1.0,0.2,1.0,1.0,1.0,1.0,0.0,0.0
halueval-7873,halueval,0,5,1.0,0.2,1.0,1.0,1.0,1.0,0.0,0.0
halueval-3968,halueval,1,5,1.0,0.2,1.0,0.9873005747795105,0.9788342714309692,1.0,0.01036904752254486,0.012699425220489502
halueval-2782,halueval,0,5,1.0,0.2,1.0,1.0,1.0,1.0,0.0,0.0
halueval-6355,halueval,1,5,1.0,0.2,1.0,1.0,1.0,1.0,0.0,0.0
halueval-3427,halueval,1,5,1.0,0.2,1.0,0.9923028945922852,0.9871715903282166,1.0,0.006284611765295267,0.007697105407714844
halueval-4001,halueval,0,5,1.0,0.2,1.0,0.9999997019767761,0.9999996423721313,0.9999996423721313,5.960464477539063e-08,2.980232238769531e-07
halueval-182,halueval,1,5,1.0,0.2,1.0,0.9999998807907104,0.9999999403953552,0.9999999403953552,5.960464477539063e-08,1.1920928955078125e-07
halueval-5076,halueval,1,5,1.0,0.2,1.0,1.0,1.0,1.0,0.0,0.0
halueval-2248,halueval,0,5,1.0,0.2,1.0,0.9999998807907104,0.9999998807907104,0.9999998807907104,0.0,1.1920928955078125e-07
halueval-9169,halueval,0,5,0.6,0.4,0.8,0.6523448824882507,0.13086235523223877,1.0,0.4257887303829193,0.34765511751174927
halueval-3746,halueval,1,5,1.0,0.2,1.0,1.0,1.0,1.0,0.0,0.0
halueval-6936,halueval,1,5,1.0,0.2,1.0,1.0,1.0,1.0,0.0,0.0
halueval-7425,halueval,0,5,1.0,0.2,1.0,0.983522891998291,0.9725383520126343,1.0,0.01345336064696312,0.016477108001708984
halueval-5372,halueval,0,5,1.0,0.2,1.0,1.0,1.0,1.0,0.0,0.0
halueval-1636,halueval,0,5,1.0,0.2,1.0,0.9999998211860657,0.9999997615814209,0.9999997615814209,5.960464477539063e-08,1.7881393432617188e-07
halueval-1099,halueval,1,5,1.0,0.2,1.0,1.0,1.0,1.0,0.0,0.0
halueval-3969,halueval,0,5,1.0,0.2,1.0,1.0,1.0,1.0,0.0,0.0
halueval-1205,halueval,0,5,1.0,0.2,1.0,0.9999998807907104,0.9999999403953552,0.9999999403953552,5.960464477539063e-08,1.1920928955078125e-07
halueval-2328,halueval,1,5,1.0,0.2,1.0,1.0,1.0,1.0,0.0,0.0
halueval-5524,halueval,1,5,1.0,0.2,1.0,1.0,1.0,1.0,0.0,0.0
halueval-2595,halueval,1,5,1.0,0.2,1.0,1.0,1.0,1.0,0.0,0.0
halueval-4254,halueval,0,5,0.3,0.6,0.6,0.9333295822143555,0.8287122249603271,1.0,0.05953528732061386,0.06667041778564453
halueval-4586,halueval,1,5,1.0,0.2,1.0,0.9999998807907104,0.9999999403953552,0.9999999403953552,5.960464477539063e-08,1.1920928955078125e-07
halueval-5634,halueval,1,5,0.6,0.4,0.8,0.6307430267333984,0.07685749232769012,1.0,0.4522456228733063,0.36925697326660156
halueval-7233,halueval,1,5,0.6,0.4,0.8,0.894722580909729,0.7368063926696777,1.0,0.1289380043745041,0.105277419090271
halueval-439,halueval,1,5,1.0,0.2,1.0,1.0,1.0,1.0,0.0,0.0
halueval-41,halueval,0,5,1.0,0.2,1.0,1.0,1.0,1.0,0.0,0.0
halueval-1708,halueval,0,5,1.0,0.2,1.0,1.0,1.0,1.0,0.0,0.0
halueval-2447,halueval,0,5,1.0,0.2,1.0,1.0,1.0,1.0,0.0,0.0
halueval-5260,halueval,0,5,1.0,0.2,1.0,1.0,1.0,1.0,0.0,0.0
halueval-9384,halueval,1,5,1.0,0.2,1.0,1.0,1.0,1.0,0.0,0.0
halueval-8142,halueval,1,5,0.6,0.4,0.8,0.9540807008743286,0.8852016925811768,1.0,0.05623945593833923,0.04591929912567139
halueval-6774,halueval,1,5,1.0,0.2,1.0,1.0,1.0,1.0,0.0,0.0
halueval-5297,halueval,0,5,1.0,0.2,1.0,0.9999998211860657,0.9999997615814209,0.9999997615814209,5.960464477539063e-08,1.7881393432617188e-07
halueval-4344,halueval,1,5,1.0,0.2,1.0,0.9999998807907104,0.9999998807907104,0.9999998807907104,0.0,1.1920928955078125e-07
halueval-7712,halueval,0,5,1.0,0.2,1.0,1.0,1.0,1.0,0.0,0.0
halueval-6808,halueval,0,5,1.0,0.2,1.0,0.9887056350708008,0.9811760187149048,1.0,0.00922182947397232,0.011294364929199219
halueval-6457,halueval,1,5,1.0,0.2,1.0,1.0,1.0,1.0,0.0,0.0
halueval-6243,halueval,0,5,1.0,0.2,1.0,1.0,1.0,1.0,0.0,0.0
halueval-2756,halueval,1,5,1.0,0.2,1.0,0.9654045104980469,0.913511335849762,1.0,0.042370617389678955,0.034595489501953125
halueval-5004,halueval,0,5,0.4,0.4,0.6,0.8330442309379578,0.7183969616889954,1.0,0.12906292080879211,0.16695576906204224
halueval-2998,halueval,0,5,1.0,0.2,1.0,0.9946228265762329,0.9865569472312927,1.0,0.0065857237204909325,0.00537717342376709
halueval-7528,halueval,1,5,1.0,0.2,1.0,1.0,1.0,1.0,0.0,0.0
halueval-7742,halueval,1,5,1.0,0.2,1.0,1.0,1.0,1.0,0.0,0.0
halueval-1957,halueval,1,5,1.0,0.2,1.0,1.0,1.0,1.0,0.0,0.0
halueval-2361,halueval,1,5,1.0,0.2,1.0,1.0,1.0,1.0,0.0,0.0
halueval-7357,halueval,1,5,1.0,0.2,1.0,1.0,1.0,1.0,0.0,0.0
halueval-5244,halueval,0,5,1.0,0.2,1.0,0.9654942750930786,0.9424904584884644,1.0,0.02817380614578724,0.03450572490692139
halueval-6940,halueval,1,5,0.3,0.6,0.6,0.8005023002624512,0.5348667502403259,1.0,0.2128676176071167,0.19949769973754883
halueval-7146,halueval,0,5,1.0,0.2,1.0,0.9999998807907104,0.9999998807907104,0.9999998807907104,0.0,1.1920928955078125e-07
halueval-501,halueval,0,5,1.0,0.2,1.0,1.0,1.0,1.0,0.0,0.0
halueval-9990,halueval,0,5,1.0,0.2,1.0,0.9881616830825806,0.9704041481018066,1.0,0.014498946256935596,0.011838316917419434
halueval-9570,halueval,1,5,1.0,0.2,1.0,1.0,1.0,1.0,0.0,0.0
halueval-8214,halueval,0,5,0.1,0.8,0.4,0.831513524055481,0.6921628713607788,1.0,0.08301661908626556,0.16848647594451904
halueval-1343,halueval,0,5,1.0,0.2,1.0,1.0,1.0,1.0,0.0,0.0
halueval-2475,halueval,0,5,1.0,0.2,1.0,1.0,1.0,1.0,0.0,0.0
halueval-1579,halueval,1,5,1.0,0.2,1.0,1.0,1.0,1.0,0.0,0.0
halueval-3904,halueval,0,5,1.0,0.2,1.0,1.0,1.0,1.0,0.0,0.0
halueval-9924,halueval,1,5,1.0,0.2,1.0,1.0,1.0,1.0,0.0,0.0
halueval-8405,halueval,1,5,1.0,0.2,1.0,1.0,1.0,1.0,0.0,0.0
halueval-9764,halueval,0,5,1.0,0.2,1.0,0.9925495386123657,0.9813739061355591,1.0,0.009124885313212872,0.007450461387634277
halueval-456,halueval,1,5,1.0,0.2,1.0,0.977806568145752,0.9630110263824463,1.0,0.018120821565389633,0.022193431854248047
halueval-4632,halueval,0,5,1.0,0.2,1.0,0.9197183847427368,0.8661972284317017,1.0,0.06554963439702988,0.08028161525726318
halueval-8455,halueval,1,5,1.0,0.2,1.0,1.0,1.0,1.0,0.0,0.0
halueval-195,halueval,1,5,1.0,0.2,1.0,1.0,1.0,1.0,0.0,0.0
halueval-5433,halueval,1,5,1.0,0.2,1.0,1.0,1.0,1.0,0.0,0.0
halueval-8459,halueval,1,5,1.0,0.2,1.0,1.0,1.0,1.0,0.0,0.0
halueval-5318,halueval,1,5,0.4,0.4,0.6,0.8212007284164429,0.7020012140274048,1.0,0.14598900079727173,0.17879927158355713
halueval-1435,halueval,1,5,1.0,0.2,1.0,1.0,1.0,1.0,0.0,0.0
halueval-9992,halueval,0,5,1.0,0.2,1.0,1.0,1.0,1.0,0.0,0.0
halueval-5969,halueval,1,5,1.0,0.2,1.0,1.0,1.0,1.0,0.0,0.0
halueval-8093,halueval,1,5,0.6,0.4,0.8,0.9969598054885864,0.9923994541168213,1.0,0.003723491681739688,0.0030401945114135742
halueval-4035,halueval,1,5,1.0,0.2,1.0,0.9895055890083313,0.9825093150138855,1.0,0.008568651042878628,0.010494410991668701
halueval-5621,halueval,1,5,1.0,0.2,1.0,1.0,1.0,1.0,0.0,0.0
halueval-1741,halueval,1,5,1.0,0.2,1.0,1.0,1.0,1.0,0.0,0.0
halueval-3658,halueval,1,5,1.0,0.2,1.0,0.9899897575378418,0.9749748110771179,0.9999998211860657,0.01225970033556223,0.010010242462158203
halueval-1595,halueval,0,5,1.0,0.2,1.0,1.0,1.0,1.0,0.0,0.0
halueval-9747,halueval,1,5,1.0,0.2,1.0,1.0,1.0,1.0,0.0,0.0
halueval-126,halueval,0,5,1.0,0.2,1.0,1.0,1.0,1.0,0.0,0.0
halueval-1420,halueval,1,5,1.0,0.2,1.0,1.0,1.0,1.0,0.0,0.0
halueval-7858,halueval,1,5,1.0,0.2,1.0,1.0,1.0,1.0,0.0,0.0
halueval-8671,halueval,0,5,1.0,0.2,1.0,1.0,1.0,1.0,0.0,0.0
halueval-7065,halueval,0,5,1.0,0.2,1.0,1.0,1.0,1.0,0.0,0.0
halueval-9746,halueval,1,5,0.4,0.4,0.6,0.9974335432052612,0.9957226514816284,1.0,0.002095464151352644,0.0025664567947387695
halueval-7559,halueval,1,5,1.0,0.2,1.0,1.0,1.0,1.0,0.0,0.0
halueval-7251,halueval,0,5,1.0,0.2,1.0,0.9846413731575012,0.9744022488594055,1.0,0.012540286406874657,0.01535862684249878
halueval-7593,halueval,0,5,1.0,0.2,1.0,0.9999998807907104,0.9999998807907104,0.9999998807907104,0.0,1.1920928955078125e-07
halueval-5232,halueval,0,5,1.0,0.2,1.0,1.0,1.0,1.0,0.0,0.0
halueval-9689,halueval,1,5,1.0,0.2,1.0,0.9999997019767761,0.9999997019767761,0.9999997019767761,0.0,2.980232238769531e-07
halueval-9701,halueval,0,5,1.0,0.2,1.0,1.0,1.0,1.0,0.0,0.0
halueval-7424,halueval,1,5,1.0,0.2,1.0,0.9928590059280396,0.9880985021591187,1.0,0.0058304313570261,0.007140994071960449
halueval-697,halueval,1,5,1.0,0.2,1.0,1.0,1.0,1.0,0.0,0.0
halueval-5250,halueval,0,5,1.0,0.2,1.0,0.989677906036377,0.9827964305877686,1.0,0.008427993394434452,0.010322093963623047
halueval-7202,halueval,1,5,1.0,0.2,1.0,1.0,1.0,1.0,0.0,0.0
halueval-1771,halueval,1,5,1.0,0.2,1.0,1.0,1.0,1.0,0.0,0.0
halueval-266,halueval,1,5,1.0,0.2,1.0,1.0,1.0,1.0,0.0,0.0
halueval-8309,halueval,0,5,1.0,0.2,1.0,0.9800783395767212,0.9667972326278687,1.0,0.016265960410237312,0.01992166042327881
halueval-4751,halueval,0,5,1.0,0.2,1.0,0.9999998807907104,0.9999998807907104,0.9999998807907104,0.0,1.1920928955078125e-07
halueval-2529,halueval,1,5,1.0,0.2,1.0,0.9787071347236633,0.9467678070068359,1.0,0.026078343391418457,0.02129286527633667
halueval-9134,halueval,1,5,1.0,0.2,1.0,1.0,1.0,1.0,0.0,0.0
halueval-3070,halueval,1,5,1.0,0.2,1.0,1.0,1.0,1.0,0.0,0.0
halueval-2915,halueval,1,5,1.0,0.2,1.0,0.9911039471626282,0.9777600169181824,0.9999998807907104,0.010895263403654099,0.008896052837371826
halueval-2670,halueval,0,5,1.0,0.2,1.0,0.9850651621818542,0.9626628756523132,1.0,0.018291380256414413,0.014934837818145752
halueval-7398,halueval,0,5,1.0,0.2,1.0,1.0,1.0,1.0,0.0,0.0
halueval-9604,halueval,1,5,1.0,0.2,1.0,0.9005473256111145,0.8342454433441162,1.0,0.08120281994342804,0.0994526743888855
halueval-23,halueval,0,5,1.0,0.2,1.0,1.0,1.0,1.0,0.0,0.0
halueval-7756,halueval,0,5,1.0,0.2,1.0,1.0,1.0,1.0,0.0,0.0
halueval-9417,halueval,0,5,0.6,0.4,0.8,0.9907770156860352,0.9841409921646118,0.9999998807907104,0.007195088546723127,0.009222984313964844
halueval-7271,halueval,0,5,1.0,0.2,1.0,1.0,1.0,1.0,0.0,0.0
halueval-9993,halueval,1,5,0.4,0.4,0.6,0.9084490537643433,0.8474153280258179,0.9999998807907104,0.07475084066390991,0.09155094623565674
halueval-5469,halueval,1,5,0.6,0.4,0.8,0.9261978268623352,0.8154944181442261,1.0,0.09038890898227692,0.0738021731376648
halueval-6463,halueval,0,5,1.0,0.2,1.0,0.9934065937995911,0.9835164546966553,1.0,0.008075255900621414,0.0065934062004089355
halueval-6414,halueval,1,5,0.6,0.4,0.8,0.6222561001777649,0.05564027279615402,1.0,0.46263986825942993,0.3777438998222351
halueval-8796,halueval,0,5,1.0,0.2,1.0,1.0,1.0,1.0,0.0,0.0
halueval-5576,halueval,1,5,0.4,0.4,0.6,0.9922609329223633,0.9871015548706055,1.0,0.006318922154605389,0.007739067077636719
halueval-6640,halueval,1,5,0.4,0.4,0.6,0.8617631793022156,0.7696053385734558,1.0,0.11286986619234085,0.13823682069778442
halueval-1144,halueval,0,5,1.0,0.2,1.0,1.0,1.0,1.0,0.0,0.0
halueval-4286,halueval,0,5,1.0,0.2,1.0,1.0,1.0,1.0,0.0,0.0
halueval-2401,halueval,1,5,0.3,0.6,0.6,0.7556537389755249,0.6147329807281494,1.0,0.17202237248420715,0.2443462610244751
halueval-9640,halueval,1,5,1.0,0.2,1.0,0.9999998807907104,0.9999999403953552,0.9999999403953552,5.960464477539063e-08,1.1920928955078125e-07
halueval-6040,halueval,0,5,1.0,0.2,1.0,1.0,1.0,1.0,0.0,0.0
halueval-4168,halueval,0,5,1.0,0.2,1.0,1.0,1.0,1.0,0.0,0.0
halueval-6627,halueval,0,5,1.0,0.2,1.0,0.9999997019767761,0.9999997019767761,0.9999997019767761,0.0,2.980232238769531e-07
halueval-8438,halueval,1,5,1.0,0.2,1.0,0.9928715825080872,0.9821788668632507,1.0,0.008730536326766014,0.007128417491912842
halueval-2820,halueval,1,5,1.0,0.2,1.0,0.9999998807907104,0.9999998807907104,0.9999998807907104,0.0,1.1920928955078125e-07
halueval-8547,halueval,0,5,1.0,0.2,1.0,1.0,1.0,1.0,0.0,0.0
halueval-5725,halueval,0,5,1.0,0.2,1.0,0.9999998211860657,0.9999997615814209,0.9999997615814209,5.960464477539063e-08,1.7881393432617188e-07
halueval-5927,halueval,1,5,1.0,0.2,1.0,0.9919673204421997,0.9866122007369995,0.9999998807907104,0.006558582186698914,0.008032679557800293
halueval-7332,halueval,1,5,1.0,0.2,1.0,1.0,1.0,1.0,0.0,0.0
halueval-8965,halueval,0,5,1.0,0.2,1.0,1.0,1.0,1.0,0.0,0.0
halueval-9180,halueval,1,5,1.0,0.2,1.0,0.9999998807907104,0.9999998807907104,0.9999998807907104,0.0,1.1920928955078125e-07
halueval-989,halueval,0,5,1.0,0.2,1.0,0.9999998807907104,0.9999998807907104,0.9999998807907104,0.0,1.1920928955078125e-07
halueval-4933,halueval,0,5,1.0,0.2,1.0,1.0,1.0,1.0,0.0,0.0
halueval-5748,halueval,1,5,1.0,0.2,1.0,0.9925289154052734,0.9875481724739075,1.0,0.006100124679505825,0.0074710845947265625
halueval-210,halueval,0,5,1.0,0.2,1.0,1.0,1.0,1.0,0.0,0.0
halueval-980,halueval,0,5,1.0,0.2,1.0,0.9924502372741699,0.981126070022583,0.9999997615814209,0.00924618262797594,0.007549762725830078
halueval-348,halueval,1,5,0.4,0.4,0.6,0.9970719218254089,0.9951200485229492,1.0,0.0023905907291918993,0.0029280781745910645
halueval-976,halueval,0,5,1.0,0.2,1.0,1.0,1.0,1.0,0.0,0.0
halueval-170,halueval,1,5,1.0,0.2,1.0,0.9999998807907104,0.9999998807907104,0.9999998807907104,0.0,1.1920928955078125e-07
halueval-1131,halueval,0,5,1.0,0.2,1.0,1.0,1.0,1.0,0.0,0.0
halueval-2816,halueval,1,5,1.0,0.2,1.0,1.0,1.0,1.0,0.0,0.0
halueval-6916,halueval,1,5,0.6,0.4,0.8,0.9662612676620483,0.9156532883644104,1.0,0.0413212776184082,0.03373873233795166
halueval-5011,halueval,1,5,1.0,0.2,1.0,0.9668464660644531,0.9447441101074219,1.0,0.02706974744796753,0.033153533935546875
halueval-6230,halueval,0,5,1.0,0.2,1.0,1.0,1.0,1.0,0.0,0.0
halueval-9398,halueval,1,5,1.0,0.2,1.0,1.0,1.0,1.0,0.0,0.0
halueval-2975,halueval,1,5,1.0,0.2,1.0,0.9999998211860657,0.9999997615814209,0.9999997615814209,5.960464477539063e-08,1.7881393432617188e-07
halueval-6646,halueval,0,5,1.0,0.2,1.0,0.9954261779785156,0.9885653257369995,1.0,0.005601823329925537,0.004573822021484375
halueval-8212,halueval,0,5,1.0,0.2,1.0,1.0,1.0,1.0,0.0,0.0
halueval-4681,halueval,0,5,1.0,0.2,1.0,1.0,1.0,1.0,0.0,0.0
halueval-804,halueval,0,5,1.0,0.2,1.0,1.0,1.0,1.0,0.0,0.0
halueval-4739,halueval,0,5,1.0,0.2,1.0,1.0,1.0,1.0,0.0,0.0
halueval-4197,halueval,1,5,1.0,0.2,1.0,1.0,1.0,1.0,0.0,0.0
halueval-4733,halueval,1,5,1.0,0.2,1.0,0.9999998211860657,0.9999997615814209,0.9999997615814209,5.960464477539063e-08,1.7881393432617188e-07
halueval-9186,halueval,1,5,1.0,0.2,1.0,0.9999998807907104,0.9999998807907104,0.9999998807907104,0.0,1.1920928955078125e-07
halueval-642,halueval,1,5,1.0,0.2,1.0,1.0,1.0,1.0,0.0,0.0
halueval-2085,halueval,1,5,1.0,0.2,1.0,1.0,1.0,1.0,0.0,0.0
halueval-4941,halueval,0,5,0.6,0.4,0.8,0.9952512979507446,0.9881281852722168,1.0,0.005815977696329355,0.004748702049255371
halueval-4046,halueval,1,5,0.4,0.4,0.6,0.8398531079292297,0.7330885529518127,1.0,0.1307593733072281,0.16014689207077026
halueval-9330,halueval,1,5,1.0,0.2,1.0,0.9842149019241333,0.960537314414978,0.9999998807907104,0.019332630559802055,0.0157850980758667
halueval-5877,halueval,0,5,1.0,0.2,1.0,1.0,1.0,1.0,0.0,0.0
halueval-9834,halueval,1,5,0.4,0.4,0.6,0.9820986986160278,0.9701644778251648,1.0,0.014616361819207668,0.017901301383972168
halueval-5296,halueval,1,5,1.0,0.2,1.0,0.9841901659965515,0.9736502170562744,1.0,0.012908704578876495,0.015809834003448486
halueval-2320,halueval,1,5,1.0,0.2,1.0,1.0,1.0,1.0,0.0,0.0
halueval-7019,halueval,0,5,0.4,0.4,0.6,0.709957480430603,0.5165959000587463,1.0,0.23681867122650146,0.290042519569397
halueval-2497,halueval,0,5,1.0,0.2,1.0,0.994651198387146,0.9866281747817993,0.9999998807907104,0.0065507711842656136,0.005348801612854004
halueval-5461,halueval,0,5,0.1,0.8,0.4,0.9460708498954773,0.9096407890319824,0.9999998807907104,0.03057803213596344,0.053929150104522705
halueval-1231,halueval,1,5,1.0,0.2,1.0,1.0,1.0,1.0,0.0,0.0
halueval-9493,halueval,1,5,0.4,0.4,0.6,0.988827109336853,0.9813786149024963,1.0,0.009122563526034355,0.011172890663146973
halueval-3974,halueval,0,5,1.0,0.2,1.0,0.991372287273407,0.9784308671951294,1.0,0.010566674172878265,0.008627712726593018
halueval-4297,halueval,0,5,1.0,0.2,1.0,0.9816862940788269,0.9542157649993896,1.0,0.022429604083299637,0.018313705921173096
halueval-7566,halueval,1,5,1.0,0.2,1.0,1.0,1.0,1.0,0.0,0.0
halueval-4151,halueval,1,5,1.0,0.2,1.0,0.9999998807907104,0.9999998807907104,0.9999998807907104,0.0,1.1920928955078125e-07
halueval-268,halueval,1,5,0.2,0.6,0.4,0.38303881883621216,0.09935624897480011,1.0,0.35401207208633423,0.6169611811637878
halueval-8663,halueval,1,5,1.0,0.2,1.0,0.9744887351989746,0.9574812650680542,1.0,0.02082981914281845,0.02551126480102539
halueval-1278,halueval,1,5,1.0,0.2,1.0,1.0,1.0,1.0,0.0,0.0
halueval-6226,halueval,1,5,1.0,0.2,1.0,1.0,1.0,1.0,0.0,0.0
halueval-104,halueval,0,5,1.0,0.2,1.0,1.0,1.0,1.0,0.0,0.0
halueval-7930,halueval,1,5,0.6,0.4,0.8,0.9014212489128113,0.7535532712936401,0.9999998807907104,0.12073369324207306,0.09857875108718872
halueval-1737,halueval,0,5,1.0,0.2,1.0,1.0,1.0,1.0,0.0,0.0
halueval-1057,halueval,0,5,1.0,0.2,1.0,0.9941838383674622,0.9854596853256226,1.0,0.007123270072042942,0.005816161632537842
halueval-5405,halueval,0,5,0.6,0.4,0.8,1.0,1.0,1.0,0.0,0.0
halueval-2013,halueval,1,5,1.0,0.2,1.0,1.0,1.0,1.0,0.0,0.0
halueval-1092,halueval,1,5,1.0,0.2,1.0,1.0,1.0,1.0,0.0,0.0
halueval-803,halueval,1,5,1.0,0.2,1.0,1.0,1.0,1.0,0.0,0.0
halueval-7312,halueval,0,5,1.0,0.2,1.0,1.0,1.0,1.0,0.0,0.0
halueval-6020,halueval,1,5,0.6,0.4,0.8,0.9876673817634583,0.9691684246063232,1.0,0.015104325488209724,0.012332618236541748
halueval-2943,halueval,0,5,1.0,0.2,1.0,1.0,1.0,1.0,0.0,0.0
halueval-7383,halueval,1,5,1.0,0.2,1.0,0.9826153516769409,0.9565384387969971,1.0,0.02129172906279564,0.017384648323059082
halueval-9475,halueval,0,5,1.0,0.2,1.0,1.0,1.0,1.0,0.0,0.0
halueval-33,halueval,1,5,1.0,0.2,1.0,0.9999998807907104,0.9999998807907104,0.9999998807907104,0.0,1.1920928955078125e-07
halueval-2761,halueval,0,5,1.0,0.2,1.0,1.0,1.0,1.0,0.0,0.0
halueval-3124,halueval,0,5,1.0,0.2,1.0,1.0,1.0,1.0,0.0,0.0
halueval-2213,halueval,1,5,1.0,0.2,1.0,1.0,1.0,1.0,0.0,0.0
halueval-6131,halueval,0,5,0.4,0.4,0.6,0.838182806968689,0.7303047180175781,1.0,0.1321231722831726,0.16181719303131104
halueval-4580,halueval,1,5,1.0,0.2,1.0,1.0,1.0,1.0,0.0,0.0
halueval-4931,halueval,0,5,1.0,0.2,1.0,0.9817198514938354,0.9542996883392334,1.0,0.022388489916920662,0.01828014850616455
halueval-6532,halueval,1,5,1.0,0.2,1.0,1.0,1.0,1.0,0.0,0.0
halueval-8821,halueval,1,5,0.6,0.4,0.8,0.7004864811897278,0.2512163519859314,0.9999998807907104,0.36682751774787903,0.2995135188102722
halueval-7382,halueval,1,5,1.0,0.2,1.0,0.981932520866394,0.9548313617706299,1.0,0.022128021344542503,0.018067479133605957
halueval-6417,halueval,0,5,1.0,0.2,1.0,1.0,1.0,1.0,0.0,0.0
halueval-9039,halueval,0,5,1.0,0.2,1.0,1.0,1.0,1.0,0.0,0.0
halueval-8775,halueval,1,5,1.0,0.2,1.0,0.9999998807907104,0.9999998807907104,0.9999998807907104,0.0,1.1920928955078125e-07
halueval-7893,halueval,1,5,1.0,0.2,1.0,0.953334629535675,0.9222244024276733,1.0,0.03810207545757294,0.04666537046432495
halueval-7827,halueval,0,5,1.0,0.2,1.0,0.9898220300674438,0.9830367565155029,1.0,0.008310213685035706,0.010177969932556152
halueval-8969,halueval,1,5,1.0,0.2,1.0,0.9813140630722046,0.9688568115234375,1.0,0.01525698322802782,0.01868593692779541
halueval-7188,halueval,1,5,1.0,0.2,1.0,1.0,1.0,1.0,0.0,0.0
halueval-3445,halueval,1,5,1.0,0.2,1.0,1.0,1.0,1.0,0.0,0.0
halueval-4526,halueval,1,5,1.0,0.2,1.0,0.993130087852478,0.9828253984451294,1.0,0.008413801901042461,0.006869912147521973
halueval-2896,halueval,0,5,0.4,0.4,0.6,0.891276478767395,0.8187941312789917,1.0,0.08877237886190414,0.10872352123260498
halueval-3033,halueval,0,5,1.0,0.2,1.0,0.9714583158493042,0.9286458492279053,1.0,0.034956254065036774,0.0285416841506958
halueval-7880,halueval,1,5,1.0,0.2,1.0,0.9999998807907104,0.9999998807907104,0.9999998807907104,0.0,1.1920928955078125e-07
halueval-9788,halueval,0,5,1.0,0.2,1.0,1.0,1.0,1.0,0.0,0.0
halueval-8099,halueval,0,5,0.4,0.4,0.6,0.736870288848877,0.5614504218101501,1.0,0.21484453976154327,0.26312971115112305
halueval-9271,halueval,0,5,1.0,0.2,1.0,1.0,1.0,1.0,0.0,0.0
halueval-7744,halueval,1,5,1.0,0.2,1.0,1.0,1.0,1.0,0.0,0.0
halueval-5243,halueval,0,5,1.0,0.2,1.0,1.0,1.0,1.0,0.0,0.0
halueval-996,halueval,0,5,1.0,0.2,1.0,0.9999998807907104,0.9999998807907104,0.9999998807907104,0.0,1.1920928955078125e-07
halueval-9078,halueval,1,5,1.0,0.2,1.0,0.9999997019767761,0.9999996423721313,0.9999996423721313,5.960464477539063e-08,2.980232238769531e-07
halueval-9906,halueval,1,5,0.6,0.4,0.8,0.8164453506469727,0.5411134362220764,1.0,0.22480759024620056,0.18355464935302734
halueval-6285,halueval,1,5,1.0,0.2,1.0,0.9918473362922668,0.979618489742279,1.0,0.009984860196709633,0.008152663707733154
halueval-7812,halueval,1,5,0.4,0.4,0.6,0.49407607316970825,0.16673880815505981,1.0,0.38757309317588806,0.5059239268302917
halueval-7345,halueval,0,5,1.0,0.2,1.0,1.0,1.0,1.0,0.0,0.0
halueval-9306,halueval,0,5,0.6,0.4,0.8,0.9886417388916016,0.9716044068336487,1.0,0.01391094271093607,0.011358261108398438
halueval-9016,halueval,1,5,1.0,0.2,1.0,1.0,1.0,1.0,0.0,0.0
halueval-7174,halueval,0,5,1.0,0.2,1.0,0.9925867319107056,0.9814667701721191,1.0,0.00907939113676548,0.007413268089294434
halueval-1809,halueval,1,5,0.6,0.4,0.8,0.9964454770088196,0.991113543510437,1.0,0.004353456664830446,0.00355452299118042
halueval-5279,halueval,0,5,1.0,0.2,1.0,1.0,1.0,1.0,0.0,0.0
halueval-4519,halueval,0,5,1.0,0.2,1.0,0.9999998807907104,0.9999998807907104,0.9999998807907104,0.0,1.1920928955078125e-07
halueval-4611,halueval,0,5,1.0,0.2,1.0,0.9806216359138489,0.9515540599822998,1.0,0.02373356558382511,0.019378364086151123
halueval-9878,halueval,0,5,1.0,0.2,1.0,1.0,1.0,1.0,0.0,0.0
halueval-9592,halueval,0,5,0.4,0.4,0.6,0.9960899353027344,0.9934831857681274,1.0,0.0031925737857818604,0.003910064697265625
halueval-1563,halueval,0,5,1.0,0.2,1.0,1.0,1.0,1.0,0.0,0.0
halueval-133,halueval,1,5,0.3,0.6,0.6,0.7429971694946289,0.46862030029296875,1.0,0.21591152250766754,0.2570028305053711
halueval-7672,halueval,1,5,1.0,0.2,1.0,0.9999998807907104,0.9999999403953552,0.9999999403953552,5.960464477539063e-08,1.1920928955078125e-07
halueval-1498,halueval,0,5,1.0,0.2,1.0,0.9947349429130554,0.9868372678756714,1.0,0.00644839508458972,0.00526505708694458
halueval-7948,halueval,1,5,1.0,0.2,1.0,0.9999998807907104,0.9999999403953552,0.9999999403953552,5.960464477539063e-08,1.1920928955078125e-07
halueval-4424,halueval,1,5,1.0,0.2,1.0,0.9912349581718445,0.9853916764259338,1.0,0.0071565876714885235,0.008765041828155518
halueval-6566,halueval,0,5,1.0,0.2,1.0,1.0,1.0,1.0,0.0,0.0
halueval-6720,halueval,0,5,1.0,0.2,1.0,1.0,1.0,1.0,0.0,0.0
halueval-7269,halueval,0,5,0.4,0.4,0.6,0.9187121391296387,0.8755813837051392,1.0,0.05183752253651619,0.08128786087036133
halueval-7848,halueval,1,5,0.1,0.8,0.4,0.9241021871566772,0.8629311323165894,1.0,0.04122080281376839,0.07589781284332275
halueval-1972,halueval,1,5,0.4,0.4,0.6,0.869459331035614,0.7824321985244751,1.0,0.1065860241651535,0.130540668964386
halueval-2568,halueval,0,5,1.0,0.2,1.0,1.0,1.0,1.0,0.0,0.0
halueval-142,halueval,0,5,0.6,0.4,0.8,0.8506657481193542,0.6372944116592407,1.0,0.16971036791801453,0.14933425188064575
halueval-3857,halueval,0,5,0.6,0.4,0.8,0.886130690574646,0.715326726436615,1.0,0.13946084678173065,0.113869309425354
halueval-3322,halueval,1,5,0.4,0.4,0.6,0.9957338571548462,0.9928897619247437,1.0,0.0034832910168915987,0.004266142845153809
halueval-7215,halueval,0,5,1.0,0.2,1.0,0.9863628149032593,0.9659071564674377,1.0,0.016702013090252876,0.013637185096740723
halueval-5613,halueval,1,5,0.4,0.4,0.6,0.9931143522262573,0.9885240197181702,1.0,0.0056220595724880695,0.006885647773742676
halueval-6909,halueval,1,5,1.0,0.2,1.0,1.0,1.0,1.0,0.0,0.0
halueval-7889,halueval,1,5,1.0,0.2,1.0,1.0,1.0,1.0,0.0,0.0
halueval-2560,halueval,0,5,1.0,0.2,1.0,0.9722802042961121,0.9538004398345947,1.0,0.0226330254226923,0.02771979570388794
halueval-8398,halueval,0,5,1.0,0.2,1.0,1.0,1.0,1.0,0.0,0.0
halueval-9568,halueval,0,5,0.6,0.4,0.8,0.9201254844665527,0.8003137111663818,0.9999999403953552,0.09782587736845016,0.07987451553344727
halueval-2135,halueval,1,5,1.0,0.2,1.0,1.0,1.0,1.0,0.0,0.0
halueval-4593,halueval,1,5,1.0,0.2,1.0,0.9736488461494446,0.9341224431991577,0.9999996423721313,0.032273102551698685,0.02635115385055542
halueval-6193,halueval,0,5,1.0,0.2,1.0,1.0,1.0,1.0,0.0,0.0
halueval-1418,halueval,1,5,1.0,0.2,1.0,1.0,1.0,1.0,0.0,0.0
halueval-5337,halueval,1,5,1.0,0.2,1.0,1.0,1.0,1.0,0.0,0.0
halueval-3153,halueval,0,5,0.4,0.4,0.6,0.9603050947189331,0.9338418245315552,1.0,0.03241075202822685,0.039694905281066895
halueval-2660,halueval,1,5,1.0,0.2,1.0,1.0,1.0,1.0,0.0,0.0
halueval-7417,halueval,0,5,1.0,0.2,1.0,1.0,1.0,1.0,0.0,0.0
halueval-2108,halueval,0,5,1.0,0.2,1.0,1.0,1.0,1.0,0.0,0.0
halueval-1086,halueval,0,5,0.3,0.6,0.6,0.8547364473342896,0.7296808958053589,1.0,0.11039062589406967,0.14526355266571045
halueval-2795,halueval,0,5,1.0,0.2,1.0,1.0,1.0,1.0,0.0,0.0
halueval-8084,halueval,0,5,1.0,0.2,1.0,1.0,1.0,1.0,0.0,0.0
halueval-9728,halueval,1,5,1.0,0.2,1.0,1.0,1.0,1.0,0.0,0.0
halueval-7247,halueval,0,5,1.0,0.2,1.0,1.0,1.0,1.0,0.0,0.0
halueval-1544,halueval,1,5,0.3,0.6,0.6,0.7456794381141663,0.5761016011238098,1.0,0.20680701732635498,0.25432056188583374
halueval-824,halueval,1,5,1.0,0.2,1.0,1.0,1.0,1.0,0.0,0.0
halueval-7455,halueval,1,5,1.0,0.2,1.0,1.0,1.0,1.0,0.0,0.0
halueval-4902,halueval,1,5,1.0,0.2,1.0,0.9937601089477539,0.9844001531600952,1.0,0.0076423329301178455,0.006239891052246094
halueval-6289,halueval,1,5,1.0,0.2,1.0,1.0,1.0,1.0,0.0,0.0
halueval-7039,halueval,0,5,0.3,0.6,0.6,0.6539435386657715,0.4225844144821167,0.9999997615814209,0.2789766192436218,0.3460564613342285
halueval-3822,halueval,0,5,1.0,0.2,1.0,1.0,1.0,1.0,0.0,0.0
halueval-4107,halueval,1,5,1.0,0.2,1.0,0.994356632232666,0.985891580581665,0.9999999403953552,0.006911656819283962,0.005643367767333984
halueval-9513,halueval,0,5,0.4,0.4,0.6,0.9378150105476379,0.8963583707809448,1.0,0.05077381804585457,0.06218498945236206
halueval-1456,halueval,1,5,1.0,0.2,1.0,0.9999998211860657,0.9999998211860657,0.9999998211860657,0.0,1.7881393432617188e-07
halueval-1154,halueval,1,5,1.0,0.2,1.0,1.0,1.0,1.0,0.0,0.0
halueval-8545,halueval,0,5,1.0,0.2,1.0,1.0,1.0,1.0,0.0,0.0
halueval-4699,halueval,1,5,1.0,0.2,1.0,1.0,1.0,1.0,0.0,0.0
halueval-9449,halueval,1,5,0.6,0.4,0.8,0.9703852534294128,0.9259632229804993,1.0,0.036270465701818466,0.029614746570587158
halueval-7246,halueval,0,5,1.0,0.2,1.0,1.0,1.0,1.0,0.0,0.0
halueval-7822,halueval,1,5,1.0,0.2,1.0,1.0,1.0,1.0,0.0,0.0
halueval-7929,halueval,1,5,1.0,0.2,1.0,0.9999998807907104,0.9999999403953552,0.9999999403953552,5.960464477539063e-08,1.1920928955078125e-07
halueval-6057,halueval,0,5,1.0,0.2,1.0,1.0,1.0,1.0,0.0,0.0
halueval-4124,halueval,0,5,1.0,0.2,1.0,0.973347008228302,0.9333674907684326,1.0,0.03264312818646431,0.026652991771697998
halueval-1009,halueval,0,5,1.0,0.2,1.0,1.0,1.0,1.0,0.0,0.0
halueval-8464,halueval,0,5,1.0,0.2,1.0,1.0,1.0,1.0,0.0,0.0
halueval-2542,halueval,0,5,0.6,0.4,0.8,0.954398512840271,0.9221761226654053,1.0,0.03312942013144493,0.045601487159729004
halueval-4940,halueval,1,5,1.0,0.2,1.0,1.0,1.0,1.0,0.0,0.0
halueval-192,halueval,0,5,1.0,0.2,1.0,0.9999998807907104,0.9999998807907104,0.9999998807907104,0.0,1.1920928955078125e-07
halueval-5332,halueval,1,5,1.0,0.2,1.0,1.0,1.0,1.0,0.0,0.0
halueval-58,halueval,0,5,1.0,0.2,1.0,1.0,1.0,1.0,0.0,0.0
halueval-8566,halueval,0,5,0.2,0.6,0.4,0.4669577479362488,0.10591337084770203,1.0,0.4328024983406067,0.5330422520637512
halueval-9261,halueval,1,5,0.4,0.4,0.6,0.994670569896698,0.9911177158355713,1.0,0.004351397976279259,0.005329430103302002
halueval-4377,halueval,1,5,1.0,0.2,1.0,1.0,1.0,1.0,0.0,0.0
halueval-729,halueval,1,5,1.0,0.2,1.0,1.0,1.0,1.0,0.0,0.0
halueval-144,halueval,0,5,1.0,0.2,1.0,1.0,1.0,1.0,0.0,0.0
halueval-6327,halueval,1,5,1.0,0.2,1.0,0.9843276143074036,0.9608190059661865,1.0,0.01919468864798546,0.015672385692596436
halueval-8067,halueval,0,5,1.0,0.2,1.0,1.0,1.0,1.0,0.0,0.0
halueval-4958,halueval,1,5,1.0,0.2,1.0,1.0,1.0,1.0,0.0,0.0
halueval-463,halueval,0,5,0.3,0.6,0.6,0.7836753726005554,0.45638227462768555,0.9999998807907104,0.26113638281822205,0.21632462739944458
halueval-9934,halueval,1,5,1.0,0.2,1.0,1.0,1.0,1.0,0.0,0.0
halueval-1168,halueval,0,5,1.0,0.2,1.0,0.9834734797477722,0.9724556803703308,1.0,0.013493905775249004,0.016526520252227783
halueval-4119,halueval,0,5,1.0,0.2,1.0,0.9791150093078613,0.9651917219161987,1.0,0.017052462324500084,0.020884990692138672
halueval-8913,halueval,1,5,1.0,0.2,1.0,0.985444188117981,0.9636104702949524,1.0,0.01782715506851673,0.014555811882019043
halueval-7836,halueval,0,5,1.0,0.2,1.0,0.9782060384750366,0.9455153942108154,0.9999997615814209,0.026691781356930733,0.02179396152496338
halueval-3818,halueval,1,5,1.0,0.2,1.0,1.0,1.0,1.0,0.0,0.0
halueval-4975,halueval,0,5,0.2,0.6,0.4,0.6682890057563782,0.17284800112247467,1.0,0.3991006910800934,0.3317109942436218
halueval-316,halueval,0,5,1.0,0.2,1.0,0.9999998211860657,0.9999997615814209,0.9999997615814209,5.960464477539063e-08,1.7881393432617188e-07
halueval-4481,halueval,0,5,1.0,0.2,1.0,1.0,1.0,1.0,0.0,0.0
halueval-1610,halueval,1,5,1.0,0.2,1.0,1.0,1.0,1.0,0.0,0.0
halueval-1481,halueval,0,5,1.0,0.2,1.0,0.991173267364502,0.9852887988090515,1.0,0.007206965237855911,0.008826732635498047
halueval-2829,halueval,1,5,0.4,0.4,0.6,0.6150614023208618,0.3547544479370117,0.9999997615814209,0.30664363503456116,0.3849385976791382
halueval-2250,halueval,0,5,1.0,0.2,1.0,1.0,1.0,1.0,0.0,0.0
halueval-8791,halueval,1,5,1.0,0.2,1.0,1.0,1.0,1.0,0.0,0.0
halueval-7571,halueval,1,5,1.0,0.2,1.0,1.0,1.0,1.0,0.0,0.0
halueval-1493,halueval,0,5,1.0,0.2,1.0,1.0,1.0,1.0,0.0,0.0
halueval-3623,halueval,1,5,0.4,0.4,0.6,0.8414925336837769,0.735821008682251,1.0,0.12942074239253998,0.15850746631622314
halueval-6157,halueval,1,5,1.0,0.2,1.0,0.9999998807907104,0.9999998807907104,0.9999998807907104,0.0,1.1920928955078125e-07
halueval-507,halueval,0,5,1.0,0.2,1.0,1.0,1.0,1.0,0.0,0.0
halueval-6642,halueval,1,5,1.0,0.2,1.0,1.0,1.0,1.0,0.0,0.0
halueval-4442,halueval,1,5,1.0,0.2,1.0,0.9885314702987671,0.9808858633041382,1.0,0.009363976307213306,0.01146852970123291
halueval-9927,halueval,0,5,1.0,0.2,1.0,1.0,1.0,1.0,0.0,0.0
halueval-6816,halueval,1,5,1.0,0.2,1.0,0.9999998807907104,0.9999998807907104,0.9999998807907104,0.0,1.1920928955078125e-07
halueval-7386,halueval,1,5,1.0,0.2,1.0,1.0,1.0,1.0,0.0,0.0
halueval-9853,halueval,1,5,1.0,0.2,1.0,0.9999998807907104,0.9999998807907104,0.9999998807907104,0.0,1.1920928955078125e-07
halueval-5204,halueval,0,5,1.0,0.2,1.0,1.0,1.0,1.0,0.0,0.0
halueval-4655,halueval,1,5,0.6,0.4,0.8,0.7462242245674133,0.3655606508255005,0.9999998807907104,0.31081047654151917,0.25377577543258667
halueval-2122,halueval,0,5,1.0,0.2,1.0,0.9936345815658569,0.9840865135192871,1.0,0.007795983925461769,0.006365418434143066
halueval-6213,halueval,1,5,0.6,0.4,0.8,0.8172997236251831,0.5545614957809448,1.0,0.2110455483198166,0.1827002763748169
halueval-1391,halueval,0,5,1.0,0.2,1.0,0.9999998807907104,0.9999998807907104,0.9999998807907104,0.0,1.1920928955078125e-07
halueval-5364,halueval,0,5,1.0,0.2,1.0,1.0,1.0,1.0,0.0,0.0
halueval-7183,halueval,1,5,1.0,0.2,1.0,1.0,1.0,1.0,0.0,0.0
halueval-7268,halueval,1,5,0.4,0.4,0.6,0.9831255674362183,0.9718759059906006,1.0,0.01377793587744236,0.01687443256378174
halueval-8198,halueval,1,5,0.3,0.6,0.6,0.5845586061477661,0.21906331181526184,1.0,0.3080671727657318,0.4154413938522339
halueval-3251,halueval,1,5,0.6,0.4,0.8,0.9428989291191101,0.8572472333908081,1.0,0.06993428617715836,0.05710107088088989
halueval-4159,halueval,1,5,1.0,0.2,1.0,1.0,1.0,1.0,0.0,0.0
halueval-4873,halueval,1,5,1.0,0.2,1.0,0.9999998807907104,0.9999998807907104,0.9999998807907104,0.0,1.1920928955078125e-07
halueval-1320,halueval,1,5,0.4,0.4,0.6,0.792212963104248,0.6536881923675537,1.0,0.16965745389461517,0.20778703689575195
truthfulqa_500_inc_1,truthfulqa,1,5,0.0,1.0,0.2,0.8474408984184265,0.6443716287612915,0.9949944615364075,0.150908961892128,0.1525591015815735
truthfulqa_293_inc_0,truthfulqa,1,5,1.0,0.2,1.0,1.0,1.0,1.0,0.0,0.0
truthfulqa_186_corr_2,truthfulqa,0,5,0.1,0.8,0.4,0.9879235029220581,0.9789979457855225,1.0,0.007268632762134075,0.012076497077941895
truthfulqa_629_corr_1,truthfulqa,0,5,0.1,0.8,0.4,0.7250055074691772,0.47708433866500854,1.0,0.18924374878406525,0.27499449253082275
truthfulqa_512_corr_3,truthfulqa,0,5,0.3,0.6,0.6,0.7859171032905579,0.6379027366638184,1.0,0.14685098826885223,0.21408289670944214
truthfulqa_437_inc_2,truthfulqa,1,5,0.4,0.4,0.6,0.8242457509040833,0.7070761919021606,1.0,0.14350277185440063,0.17575424909591675
truthfulqa_550_inc_0,truthfulqa,1,5,1.0,0.2,1.0,1.0,1.0,1.0,0.0,0.0
truthfulqa_184_corr_2,truthfulqa,0,5,0.1,0.8,0.4,0.9955234527587891,0.991497278213501,1.0,0.0029225877951830626,0.0044765472412109375
truthfulqa_518_inc_1,truthfulqa,1,5,1.0,0.2,1.0,1.0,1.0,1.0,0.0,0.0
truthfulqa_91_best,truthfulqa,0,5,0.0,1.0,0.2,0.575102686882019,0.27608221769332886,0.887586236000061,0.1769002228975296,0.42489731311798096
truthfulqa_654_inc_1,truthfulqa,1,5,0.1,0.8,0.4,0.9204539060592651,0.8586874604225159,0.9999998807907104,0.04873441159725189,0.07954609394073486
truthfulqa_117_inc_0,truthfulqa,1,5,1.0,0.2,1.0,1.0,1.0,1.0,0.0,0.0
truthfulqa_78_corr_1,truthfulqa,0,5,0.1,0.8,0.4,0.8004050254821777,0.6437265872955322,1.0,0.1129150465130806,0.19959497451782227
truthfulqa_292_inc_2,truthfulqa,1,5,0.0,1.0,0.2,0.6144776344299316,0.5096485614776611,0.7630672454833984,0.07869451493024826,0.38552236557006836
truthfulqa_791_best,truthfulqa,0,5,0.0,1.0,0.2,0.9171270132064819,0.888520359992981,0.9678923487663269,0.024525662884116173,0.08287298679351807
truthfulqa_498_inc_0,truthfulqa,1,5,0.0,1.0,0.2,0.8339076042175293,0.7598581314086914,0.9039726257324219,0.04477941244840622,0.1660923957824707
truthfulqa_155_inc_0,truthfulqa,1,5,1.0,0.2,1.0,1.0,1.0,1.0,0.0,0.0
truthfulqa_304_corr_1,truthfulqa,0,5,1.0,0.2,1.0,1.0,1.0,1.0,0.0,0.0
truthfulqa_472_corr_2,truthfulqa,0,5,1.0,0.2,1.0,1.0,1.0,1.0,0.0,0.0
truthfulqa_630_best,truthfulqa,0,5,0.3,0.6,0.6,0.7900031805038452,0.633314847946167,1.0,0.15126106142997742,0.20999681949615479
truthfulqa_785_inc_2,truthfulqa,1,5,0.1,0.8,0.4,0.9227725267410278,0.8781086206436157,1.0,0.04326514154672623,0.07722747325897217
truthfulqa_287_inc_0,truthfulqa,1,5,0.1,0.8,0.4,0.9648030996322632,0.9223061800003052,1.0,0.029617099091410637,0.035196900367736816
truthfulqa_216_inc_1,truthfulqa,1,5,0.0,1.0,0.2,0.6357015371322632,0.5559240579605103,0.7700064182281494,0.06716854870319366,0.3642984628677368
truthfulqa_14_inc_0,truthfulqa,1,5,1.0,0.2,1.0,0.9999998807907104,0.9999998807907104,0.9999998807907104,0.0,1.1920928955078125e-07
truthfulqa_74_inc_3,truthfulqa,1,5,0.0,1.0,0.2,0.7301934957504272,0.5691729187965393,0.9125797748565674,0.09967299550771713,0.26980650424957275
truthfulqa_714_best,truthfulqa,0,5,0.6,0.4,0.8,0.8307832479476929,0.5769580602645874,1.0,0.20724737644195557,0.16921675205230713
truthfulqa_6_inc_3,truthfulqa,1,5,1.0,0.2,1.0,1.0,1.0,1.0,0.0,0.0
truthfulqa_385_inc_2,truthfulqa,1,5,0.0,1.0,0.2,0.9416899681091309,0.8975711464881897,0.9789770841598511,0.0320163294672966,0.05831003189086914
truthfulqa_548_inc_4,truthfulqa,1,5,1.0,0.2,1.0,1.0,1.0,1.0,0.0,0.0
truthfulqa_358_inc_0,truthfulqa,1,5,1.0,0.2,1.0,1.0,1.0,1.0,0.0,0.0
truthfulqa_468_inc_5,truthfulqa,1,5,0.1,0.8,0.4,0.7361449003219604,0.5435199737548828,1.0,0.17282842099666595,0.26385509967803955
truthfulqa_189_corr_1,truthfulqa,0,5,0.0,1.0,0.2,0.9823805093765259,0.9678054451942444,0.9995441436767578,0.012055833823978901,0.01761949062347412
truthfulqa_90_inc_3,truthfulqa,1,5,0.6,0.4,0.8,0.9942472577095032,0.9856181740760803,1.0,0.0070456271059811115,0.005752742290496826
truthfulqa_548_inc_1,truthfulqa,1,5,0.6,0.4,0.8,0.7670661211013794,0.4176653027534485,1.0,0.28528454899787903,0.2329338788986206
truthfulqa_766_corr_1,truthfulqa,0,5,0.6,0.4,0.8,0.6920182704925537,0.2300461381673813,0.9999997019767761,0.37719863653182983,0.3079817295074463
truthfulqa_318_corr_1,truthfulqa,0,5,0.3,0.6,0.6,0.5956199765205383,0.3196047246456146,0.9999998807907104,0.2762666940689087,0.40438002347946167
truthfulqa_527_corr_1,truthfulqa,0,5,1.0,0.2,1.0,1.0,1.0,1.0,0.0,0.0
truthfulqa_262_best,truthfulqa,0,5,1.0,0.2,1.0,1.0,1.0,1.0,0.0,0.0
truthfulqa_457_inc_6,truthfulqa,1,5,0.0,1.0,0.2,0.7682960629463196,0.7058022022247314,0.8225821256637573,0.03948575630784035,0.23170393705368042
truthfulqa_256_best,truthfulqa,0,5,1.0,0.2,1.0,1.0,1.0,1.0,0.0,0.0
truthfulqa_288_inc_0,truthfulqa,1,5,0.4,0.4,0.6,0.6181169748306274,0.363528311252594,1.0,0.3118061423301697,0.38188302516937256
truthfulqa_423_corr_2,truthfulqa,0,5,1.0,0.2,1.0,1.0,1.0,1.0,0.0,0.0
truthfulqa_435_inc_5,truthfulqa,1,5,1.0,0.2,1.0,1.0,1.0,1.0,0.0,0.0
truthfulqa_27_inc_0,truthfulqa,1,5,1.0,0.2,1.0,0.9820538759231567,0.9700896739959717,1.0,0.014652993530035019,0.01794612407684326
truthfulqa_783_inc_1,truthfulqa,1,5,0.4,0.4,0.6,0.9971939325332642,0.9953233599662781,0.9999997615814209,0.0022909597028046846,0.00280606746673584
truthfulqa_713_best,truthfulqa,0,5,0.0,1.0,0.2,0.9392446279525757,0.8965171575546265,0.9893431663513184,0.026174763217568398,0.060755372047424316
truthfulqa_202_best,truthfulqa,0,5,0.0,1.0,0.2,0.9157214164733887,0.8696568012237549,0.9537924528121948,0.027171138674020767,0.08427858352661133
truthfulqa_811_corr_1,truthfulqa,0,5,1.0,0.2,1.0,1.0,1.0,1.0,0.0,0.0
truthfulqa_105_corr_1,truthfulqa,0,5,0.0,1.0,0.2,0.4935373365879059,0.23650887608528137,0.7877973318099976,0.1947365254163742,0.5064626634120941
truthfulqa_537_inc_1,truthfulqa,1,5,0.0,1.0,0.2,0.9075080752372742,0.8245904445648193,0.9808200597763062,0.05686075985431671,0.09249192476272583
truthfulqa_377_corr_1,truthfulqa,0,5,0.0,1.0,0.2,0.9529409408569336,0.9298359155654907,0.9874407052993774,0.017749913036823273,0.047059059143066406
truthfulqa_592_corr_1,truthfulqa,0,5,0.4,0.4,0.6,0.7916150093078613,0.6526919007301331,0.9999998807907104,0.1701454222202301,0.20838499069213867
truthfulqa_38_inc_0,truthfulqa,1,5,1.0,0.2,1.0,0.9798067212104797,0.949516773223877,1.0,0.024731628596782684,0.020193278789520264
truthfulqa_116_inc_2,truthfulqa,1,5,1.0,0.2,1.0,1.0,1.0,1.0,0.0,0.0
truthfulqa_218_corr_1,truthfulqa,0,5,0.0,1.0,0.2,0.8657330274581909,0.7859726548194885,0.9590545892715454,0.04870488494634628,0.13426697254180908
truthfulqa_381_best,truthfulqa,0,5,0.0,1.0,0.2,0.9070671200752258,0.8378857374191284,0.9694756269454956,0.041363995522260666,0.09293287992477417
truthfulqa_160_best,truthfulqa,0,5,1.0,0.2,1.0,1.0,1.0,1.0,0.0,0.0
truthfulqa_678_corr_1,truthfulqa,0,5,0.1,0.8,0.4,0.37306538224220276,0.17652316391468048,0.9999997615814209,0.2664496600627899,0.6269346177577972
truthfulqa_456_corr_1,truthfulqa,0,5,0.0,1.0,0.2,0.5663720369338989,0.4453905522823334,0.8716569542884827,0.133843332529068,0.4336279630661011
truthfulqa_311_inc_2,truthfulqa,1,5,0.2,0.6,0.4,0.9169574975967407,0.8568568229675293,1.0,0.05547473579645157,0.08304250240325928
truthfulqa_45_best,truthfulqa,0,5,0.1,0.8,0.4,0.671799898147583,0.3679179549217224,1.0,0.22608648240566254,0.328200101852417
truthfulqa_33_corr_3,truthfulqa,0,5,0.1,0.8,0.4,0.832754909992218,0.7231056094169617,0.9999998807907104,0.11441649496555328,0.16724509000778198
truthfulqa_416_corr_2,truthfulqa,0,5,1.0,0.2,1.0,1.0,1.0,1.0,0.0,0.0
truthfulqa_462_best,truthfulqa,0,5,0.0,1.0,0.2,0.8565972447395325,0.7850617170333862,0.9514872431755066,0.066741444170475,0.14340275526046753
truthfulqa_387_inc_4,truthfulqa,1,5,0.0,1.0,0.2,0.8096586465835571,0.5282059907913208,0.9958597421646118,0.22239132225513458,0.19034135341644287
truthfulqa_365_corr_4,truthfulqa,0,5,0.0,1.0,0.2,0.8617483377456665,0.7780709266662598,0.9723596572875977,0.055515535175800323,0.1382516622543335
truthfulqa_694_corr_2,truthfulqa,0,5,0.0,1.0,0.2,0.6348702311515808,0.4482860565185547,0.7744246125221252,0.10679206252098083,0.3651297688484192
truthfulqa_631_inc_2,truthfulqa,1,5,0.1,0.8,0.4,0.5093718767166138,0.22399047017097473,0.9999998807907104,0.2630097568035126,0.49062812328338623
truthfulqa_770_inc_1,truthfulqa,1,5,0.3,0.6,0.6,0.9907537698745728,0.9797278642654419,1.0,0.008166929706931114,0.009246230125427246
truthfulqa_539_best,truthfulqa,0,5,0.1,0.8,0.4,0.6693805456161499,0.49282705783843994,1.0,0.15596401691436768,0.3306194543838501
truthfulqa_685_corr_2,truthfulqa,0,5,0.0,1.0,0.2,0.8294368982315063,0.7373794317245483,0.9829928874969482,0.09768015891313553,0.17056310176849365
truthfulqa_786_inc_2,truthfulqa,1,5,0.0,1.0,0.2,0.8868060111999512,0.8314582109451294,0.996957540512085,0.06463196873664856,0.11319398880004883
truthfulqa_596_inc_5,truthfulqa,1,5,0.0,1.0,0.2,0.8762416839599609,0.7520902156829834,0.9952642917633057,0.09811043739318848,0.12375831604003906
truthfulqa_156_best,truthfulqa,0,5,0.0,1.0,0.2,0.9708250164985657,0.9417394399642944,0.9993801712989807,0.02152060903608799,0.029174983501434326
truthfulqa_777_best,truthfulqa,0,5,0.0,1.0,0.2,0.8534717559814453,0.7230219841003418,0.9378400444984436,0.07872907817363739,0.1465282440185547
truthfulqa_17_inc_2,truthfulqa,1,5,0.6,0.4,0.8,0.9707742929458618,0.9269357323646545,1.0,0.035794034600257874,0.029225707054138184
truthfulqa_120_corr_1,truthfulqa,0,5,1.0,0.2,1.0,1.0,1.0,1.0,0.0,0.0
truthfulqa_506_best,truthfulqa,0,5,0.1,0.8,0.4,0.8008348345756531,0.7011905908584595,1.0,0.08400584757328033,0.19916516542434692
truthfulqa_76_best,truthfulqa,0,5,1.0,0.2,1.0,1.0,1.0,1.0,0.0,0.0
truthfulqa_37_inc_3,truthfulqa,1,5,0.1,0.8,0.4,0.7609735727310181,0.6350518465042114,1.0,0.10251586139202118,0.23902642726898193
truthfulqa_361_inc_1,truthfulqa,1,5,1.0,0.2,1.0,1.0,1.0,1.0,0.0,0.0
truthfulqa_675_best,truthfulqa,0,5,0.0,1.0,0.2,0.7062639594078064,0.5467691421508789,0.913629412651062,0.12298895418643951,0.2937360405921936
truthfulqa_517_corr_2,truthfulqa,0,5,0.0,1.0,0.2,0.9284276962280273,0.8894935250282288,0.9740749001502991,0.023925697430968285,0.07157230377197266
truthfulqa_768_inc_5,truthfulqa,1,5,0.0,1.0,0.2,0.9381738901138306,0.9028829336166382,0.9837833046913147,0.025407351553440094,0.061826109886169434
truthfulqa_693_inc_1,truthfulqa,1,5,0.0,1.0,0.2,0.7588731050491333,0.589239239692688,0.9599395990371704,0.1186467632651329,0.2411268949508667
truthfulqa_77_best,truthfulqa,0,5,0.0,1.0,0.2,0.778100848197937,0.5664229393005371,0.9539629220962524,0.11027989536523819,0.221899151802063
truthfulqa_325_corr_2,truthfulqa,0,5,0.0,1.0,0.2,0.7180582284927368,0.5165209770202637,0.8994321823120117,0.13788026571273804,0.2819417715072632
truthfulqa_462_inc_2,truthfulqa,1,5,0.0,1.0,0.2,0.9089603424072266,0.8587633371353149,0.986581563949585,0.03682549670338631,0.09103965759277344
truthfulqa_567_inc_5,truthfulqa,1,5,1.0,0.2,1.0,1.0,1.0,1.0,0.0,0.0
truthfulqa_487_inc_7,truthfulqa,1,5,0.6,0.4,0.8,0.7927559018135071,0.5078048706054688,1.0,0.21882957220077515,0.20724409818649292
truthfulqa_7_inc_2,truthfulqa,1,5,0.0,1.0,0.2,0.6964594125747681,0.514549970626831,0.9767336249351501,0.14500820636749268,0.30354058742523193
truthfulqa_222_corr_1,truthfulqa,0,5,0.0,1.0,0.2,0.9599603414535522,0.9196088910102844,0.9903201460838318,0.030784787610173225,0.040039658546447754
truthfulqa_101_corr_3,truthfulqa,0,5,1.0,0.2,1.0,1.0,1.0,1.0,0.0,0.0
truthfulqa_512_inc_3,truthfulqa,1,5,0.3,0.6,0.6,0.8100239038467407,0.5975019931793213,1.0,0.17680856585502625,0.18997609615325928
truthfulqa_313_inc_4,truthfulqa,1,5,0.3,0.6,0.6,0.9845712780952454,0.9706946015357971,1.0,0.011510524898767471,0.015428721904754639
truthfulqa_18_corr_5,truthfulqa,0,5,0.6,0.4,0.8,0.9912093877792358,0.9780235886573792,1.0,0.010766198858618736,0.00879061222076416
truthfulqa_53_best,truthfulqa,0,5,0.1,0.8,0.4,0.6516551971435547,0.45483291149139404,1.0,0.18257898092269897,0.3483448028564453
truthfulqa_191_best,truthfulqa,0,5,0.1,0.8,0.4,0.9832542538642883,0.9645604491233826,1.0,0.012246586382389069,0.01674574613571167
truthfulqa_563_inc_5,truthfulqa,1,5,1.0,0.2,1.0,1.0,1.0,1.0,0.0,0.0
truthfulqa_323_corr_2,truthfulqa,0,5,0.0,1.0,0.2,0.7548238635063171,0.5276696085929871,0.9222627282142639,0.1078399047255516,0.24517613649368286
truthfulqa_501_inc_4,truthfulqa,1,5,0.4,0.4,0.6,0.6666969060897827,0.44449493288993835,1.0,0.272140771150589,0.3333030939102173
truthfulqa_309_corr_3,truthfulqa,0,5,0.1,0.8,0.4,0.9703744649887085,0.949966311454773,1.0,0.02146041952073574,0.029625535011291504
truthfulqa_345_inc_3,truthfulqa,1,5,0.4,0.4,0.6,0.9911576509475708,0.9852626323699951,1.0,0.007219791412353516,0.0088423490524292
truthfulqa_329_inc_1,truthfulqa,1,5,1.0,0.2,1.0,0.9599707722663879,0.9332846999168396,1.0,0.03268367424607277,0.04002922773361206
truthfulqa_613_corr_1,truthfulqa,0,5,0.6,0.4,0.8,0.8921219110488892,0.7303047180175781,1.0,0.1321231722831726,0.10787808895111084
truthfulqa_576_corr_2,truthfulqa,0,5,1.0,0.2,1.0,0.9999998807907104,0.9999998807907104,0.9999998807907104,0.0,1.1920928955078125e-07
truthfulqa_621_corr_1,truthfulqa,0,5,0.3,0.6,0.6,0.749758243560791,0.5799572467803955,1.0,0.1700439155101776,0.250241756439209
truthfulqa_549_inc_4,truthfulqa,1,5,0.6,0.4,0.8,0.7354735136032104,0.3507440388202667,0.9999997615814209,0.31143060326576233,0.26452648639678955
truthfulqa_366_corr_1,truthfulqa,0,5,0.0,1.0,0.2,0.7492859363555908,0.6488057374954224,0.8287876844406128,0.044172897934913635,0.2507140636444092
truthfulqa_136_inc_2,truthfulqa,1,5,1.0,0.2,1.0,0.9999998211860657,0.9999997615814209,0.9999997615814209,5.960464477539063e-08,1.7881393432617188e-07
truthfulqa_581_corr_1,truthfulqa,0,5,1.0,0.2,1.0,1.0,1.0,1.0,0.0,0.0
truthfulqa_344_inc_2,truthfulqa,1,5,0.0,1.0,0.2,0.6112942099571228,0.4817425012588501,0.9874605536460876,0.16553731262683868,0.3887057900428772
truthfulqa_228_corr_2,truthfulqa,0,5,0.3,0.6,0.6,0.97821444272995,0.9493757486343384,1.0,0.016096824780106544,0.02178555727005005
truthfulqa_62_corr_4,truthfulqa,0,5,1.0,0.2,1.0,1.0,1.0,1.0,0.0,0.0
truthfulqa_642_best,truthfulqa,0,5,1.0,0.2,1.0,1.0,1.0,1.0,0.0,0.0
truthfulqa_62_best,truthfulqa,0,5,0.6,0.4,0.8,0.8854854702949524,0.7137137651443481,1.0,0.1402510404586792,0.11451452970504761
truthfulqa_538_inc_6,truthfulqa,1,5,0.0,1.0,0.2,0.7087463736534119,0.4660099744796753,0.9103881120681763,0.18385116755962372,0.29125362634658813
truthfulqa_52_corr_0,truthfulqa,0,5,0.0,1.0,0.2,0.8241823315620422,0.7125260829925537,0.998294472694397,0.0931098461151123,0.17581766843795776
truthfulqa_531_corr_2,truthfulqa,0,5,0.6,0.4,0.8,0.9386396408081055,0.8711458444595337,1.0,0.05049644783139229,0.06136035919189453
truthfulqa_63_inc_0,truthfulqa,1,5,0.2,0.6,0.4,0.4879022240638733,0.2891777753829956,1.0,0.2696216404438019,0.5120977759361267
truthfulqa_44_inc_2,truthfulqa,1,5,0.3,0.6,0.6,0.6662518978118896,0.42825406789779663,1.0,0.25222739577293396,0.33374810218811035
truthfulqa_533_inc_0,truthfulqa,1,5,1.0,0.2,1.0,1.0,1.0,1.0,0.0,0.0
truthfulqa_321_inc_2,truthfulqa,1,5,0.3,0.6,0.6,0.9661738276481628,0.9249575138092041,0.9999998807907104,0.02930663526058197,0.03382617235183716
truthfulqa_163_corr_1,truthfulqa,0,5,1.0,0.2,1.0,1.0,1.0,1.0,0.0,0.0
truthfulqa_776_corr_1,truthfulqa,0,5,1.0,0.2,1.0,1.0,1.0,1.0,0.0,0.0
truthfulqa_574_inc_8,truthfulqa,1,5,1.0,0.2,1.0,1.0,1.0,1.0,0.0,0.0
truthfulqa_399_inc_0,truthfulqa,1,5,0.0,1.0,0.2,0.7079329490661621,0.5067360401153564,0.8896085023880005,0.12626418471336365,0.2920670509338379
truthfulqa_491_inc_5,truthfulqa,1,5,0.3,0.6,0.6,0.7410259246826172,0.4668247699737549,0.9999997615814209,0.19192272424697876,0.2589740753173828
truthfulqa_280_inc_1,truthfulqa,1,5,1.0,0.2,1.0,1.0,1.0,1.0,0.0,0.0
truthfulqa_789_corr_2,truthfulqa,0,5,0.1,0.8,0.4,0.9765701293945312,0.9644279479980469,1.0,0.009756116196513176,0.02342987060546875
truthfulqa_582_inc_6,truthfulqa,1,5,0.4,0.4,0.6,0.7396005392074585,0.5660008788108826,1.0,0.21261528134346008,0.2603994607925415
truthfulqa_683_best,truthfulqa,0,5,1.0,0.2,1.0,1.0,1.0,1.0,0.0,0.0
truthfulqa_227_inc_2,truthfulqa,1,5,0.3,0.6,0.6,0.756163477897644,0.5797094702720642,1.0,0.19208550453186035,0.24383652210235596
truthfulqa_300_inc_6,truthfulqa,1,5,1.0,0.2,1.0,1.0,1.0,1.0,0.0,0.0
truthfulqa_81_corr_2,truthfulqa,0,5,0.0,1.0,0.2,0.5005595088005066,0.31268060207366943,0.8840451836585999,0.15190643072128296,0.4994404911994934
truthfulqa_11_corr_2,truthfulqa,0,5,0.6,0.4,0.8,0.8923149108886719,0.7307871580123901,1.0,0.131886824965477,0.10768508911132812
truthfulqa_368_best,truthfulqa,0,5,0.0,1.0,0.2,0.5419168472290039,0.3646497428417206,0.6650435328483582,0.07691085338592529,0.4580831527709961
truthfulqa_72_best,truthfulqa,0,5,0.2,0.6,0.4,0.626133918762207,0.09593724459409714,1.0,0.42977574467658997,0.37386608123779297
truthfulqa_760_inc_3,truthfulqa,1,5,0.1,0.8,0.4,0.9005532264709473,0.842086672782898,0.9999999403953552,0.05672842264175415,0.09944677352905273
truthfulqa_68_corr_1,truthfulqa,0,5,0.6,0.4,0.8,0.9791237115859985,0.9478092193603516,1.0,0.025568155571818352,0.020876288414001465
truthfulqa_269_inc_1,truthfulqa,1,5,0.0,1.0,0.2,0.8847149610519409,0.8047478199005127,0.9653658866882324,0.05554667115211487,0.11528503894805908
truthfulqa_461_corr_1,truthfulqa,0,5,0.0,1.0,0.2,0.9185104370117188,0.8678308725357056,0.9776959419250488,0.03423866257071495,0.08148956298828125
truthfulqa_359_inc_0,truthfulqa,1,5,0.3,0.6,0.6,0.8601099848747253,0.6491321325302124,1.0,0.17109709978103638,0.13989001512527466
truthfulqa_778_corr_1,truthfulqa,0,5,1.0,0.2,1.0,0.9999998807907104,0.9999999403953552,0.9999999403953552,5.960464477539063e-08,1.1920928955078125e-07
truthfulqa_79_corr_1,truthfulqa,0,5,0.1,0.8,0.4,0.920965313911438,0.8495703935623169,1.0,0.05631684511899948,0.07903468608856201
truthfulqa_138_inc_1,truthfulqa,1,5,0.4,0.4,0.6,0.773314356803894,0.6221905946731567,1.0,0.18508803844451904,0.22668564319610596
truthfulqa_533_best,truthfulqa,0,5,1.0,0.2,1.0,1.0,1.0,1.0,0.0,0.0
truthfulqa_469_inc_4,truthfulqa,1,5,0.6,0.4,0.8,0.9219415783882141,0.8048540353775024,1.0,0.09560160338878632,0.07805842161178589
truthfulqa_358_corr_4,truthfulqa,0,5,1.0,0.2,1.0,1.0,1.0,1.0,0.0,0.0
truthfulqa_317_inc_1,truthfulqa,1,5,1.0,0.2,1.0,0.9718303680419922,0.9530507326126099,0.9999999403953552,0.02300032041966915,0.028169631958007812
truthfulqa_147_inc_3,truthfulqa,1,5,0.0,1.0,0.2,0.7201594114303589,0.6110712289810181,0.9838649034500122,0.0940735787153244,0.2798405885696411
truthfulqa_126_inc_2,truthfulqa,1,5,1.0,0.2,1.0,1.0,1.0,1.0,0.0,0.0
truthfulqa_40_inc_6,truthfulqa,1,5,0.1,0.8,0.4,0.8611708879470825,0.7245076894760132,0.9999997019767761,0.0959024652838707,0.13882911205291748
truthfulqa_10_inc_1,truthfulqa,1,5,1.0,0.2,1.0,1.0,1.0,1.0,0.0,0.0
truthfulqa_729_corr_1,truthfulqa,0,5,0.6,0.4,0.8,0.9779766798019409,0.9449417591094971,1.0,0.026972919702529907,0.022023320198059082
truthfulqa_443_inc_2,truthfulqa,1,5,1.0,0.2,1.0,0.9749456644058228,0.9373642206192017,1.0,0.030685139819979668,0.025054335594177246
truthfulqa_519_inc_3,truthfulqa,1,5,1.0,0.2,1.0,0.9846024513244629,0.9743374586105347,1.0,0.012571982108056545,0.01539754867553711
truthfulqa_264_corr_1,truthfulqa,0,5,0.2,0.6,0.4,0.7165259122848511,0.6184467077255249,1.0,0.1454007774591446,0.2834740877151489
truthfulqa_535_corr_1,truthfulqa,0,5,1.0,0.2,1.0,0.9999998807907104,0.9999998807907104,0.9999998807907104,0.0,1.1920928955078125e-07
truthfulqa_754_best,truthfulqa,0,5,0.1,0.8,0.4,0.3966875672340393,0.14386743307113647,0.9489880800247192,0.2455155849456787,0.6033124327659607
truthfulqa_451_best,truthfulqa,0,5,0.0,1.0,0.2,0.48593783378601074,0.2898252010345459,0.8235639333724976,0.16760452091693878,0.5140621662139893
truthfulqa_447_corr_1,truthfulqa,0,5,1.0,0.2,1.0,0.9781926274299622,0.945481538772583,1.0,0.026708483695983887,0.021807372570037842
truthfulqa_32_inc_3,truthfulqa,1,5,0.1,0.8,0.4,0.6568228006362915,0.28378140926361084,1.0,0.30063843727111816,0.3431771993637085
truthfulqa_185_inc_2,truthfulqa,1,5,0.3,0.6,0.6,0.6360049247741699,0.3489569425582886,0.9999998807907104,0.2788715958595276,0.3639950752258301
truthfulqa_715_best,truthfulqa,0,5,0.0,1.0,0.2,0.9534368515014648,0.9263340830802917,0.996337354183197,0.020514115691184998,0.046563148498535156
truthfulqa_347_corr_4,truthfulqa,0,5,0.2,0.6,0.4,0.8776082992553711,0.8106182813644409,1.0,0.06477125734090805,0.1223917007446289
truthfulqa_704_inc_2,truthfulqa,1,5,0.2,0.6,0.4,0.7057086229324341,0.4765348732471466,1.0,0.20027585327625275,0.2942913770675659
truthfulqa_613_inc_2,truthfulqa,1,5,0.4,0.4,0.6,0.838182806968689,0.7303047180175781,1.0,0.1321231722831726,0.16181719303131104
truthfulqa_79_inc_3,truthfulqa,1,5,0.0,1.0,0.2,0.8282047510147095,0.661346435546875,0.9495716094970703,0.08771046251058578,0.17179524898529053
truthfulqa_67_corr_1,truthfulqa,0,5,1.0,0.2,1.0,1.0,1.0,1.0,0.0,0.0
truthfulqa_122_corr_0,truthfulqa,0,5,1.0,0.2,1.0,0.9999998807907104,0.9999998807907104,0.9999998807907104,0.0,1.1920928955078125e-07
truthfulqa_368_inc_2,truthfulqa,1,5,0.0,1.0,0.2,0.7157269716262817,0.4832608699798584,0.8756003975868225,0.121176578104496,0.28427302837371826
truthfulqa_332_corr_2,truthfulqa,0,5,0.3,0.6,0.6,0.5447769165039062,0.2431046962738037,0.9999999403953552,0.35857176780700684,0.45522308349609375
truthfulqa_637_corr_2,truthfulqa,0,5,0.0,1.0,0.2,0.8613253831863403,0.7896913290023804,0.9291590452194214,0.0511433370411396,0.13867461681365967
truthfulqa_632_corr_1,truthfulqa,0,5,0.2,0.6,0.4,0.7647250890731812,0.6680281162261963,1.0,0.12785686552524567,0.23527491092681885
truthfulqa_597_best,truthfulqa,0,5,0.0,1.0,0.2,0.7670377492904663,0.607430636882782,0.9417753219604492,0.09447682648897171,0.2329622507095337
truthfulqa_119_inc_0,truthfulqa,1,5,0.0,1.0,0.2,0.942644476890564,0.879534125328064,0.9860594272613525,0.040118541568517685,0.057355523109436035
truthfulqa_342_best,truthfulqa,0,5,0.0,1.0,0.2,0.9313451647758484,0.8950778245925903,0.9741449952125549,0.023907369002699852,0.06865483522415161
truthfulqa_554_corr_2,truthfulqa,0,5,1.0,0.2,1.0,1.0,1.0,1.0,0.0,0.0
truthfulqa_487_inc_0,truthfulqa,1,5,0.1,0.8,0.4,0.706182062625885,0.5237852334976196,1.0,0.220611572265625,0.293817937374115
truthfulqa_799_best,truthfulqa,0,5,0.1,0.8,0.4,0.7952674627304077,0.6988682746887207,1.0,0.0940706804394722,0.20473253726959229
truthfulqa_329_corr_3,truthfulqa,0,5,1.0,0.2,1.0,0.9599707722663879,0.9332846999168396,1.0,0.03268364444375038,0.04002922773361206
truthfulqa_490_corr_1,truthfulqa,0,5,0.3,0.6,0.6,0.7174075245857239,0.29902246594429016,1.0,0.3405804932117462,0.2825924754142761
truthfulqa_45_corr_0,truthfulqa,0,5,0.1,0.8,0.4,0.7096670866012573,0.4944821000099182,1.0,0.16207225620746613,0.2903329133987427
truthfulqa_266_inc_1,truthfulqa,1,5,0.2,0.6,0.4,0.9112120866775513,0.8117693662643433,1.0,0.07392428070306778,0.08878791332244873
truthfulqa_787_inc_3,truthfulqa,1,5,0.1,0.8,0.4,0.7960207462310791,0.6936050653457642,1.0,0.08582503348588943,0.2039792537689209
truthfulqa_109_inc_2,truthfulqa,1,5,1.0,0.2,1.0,1.0,1.0,1.0,0.0,0.0
truthfulqa_557_corr_2,truthfulqa,0,5,0.2,0.6,0.4,0.971514880657196,0.9522660374641418,1.0,0.02283496968448162,0.028485119342803955
truthfulqa_381_inc_1,truthfulqa,1,5,0.0,1.0,0.2,0.931614100933075,0.8615069389343262,0.9896223545074463,0.053593967109918594,0.06838589906692505
truthfulqa_813_inc_4,truthfulqa,1,5,0.6,0.4,0.8,0.7561010122299194,0.36990320682525635,1.0,0.28481733798980713,0.24389898777008057
truthfulqa_572_best,truthfulqa,0,5,0.6,0.4,0.8,0.8739063143730164,0.6847662329673767,0.9999998807907104,0.15443231165409088,0.12609368562698364
truthfulqa_674_inc_3,truthfulqa,1,5,1.0,0.2,1.0,1.0,1.0,1.0,0.0,0.0
truthfulqa_357_inc_1,truthfulqa,1,5,0.1,0.8,0.4,0.2896512746810913,0.04987719655036926,1.0,0.2658199965953827,0.7103487253189087
truthfulqa_168_inc_0,truthfulqa,1,5,0.2,0.6,0.4,0.4754519462585449,0.168498694896698,1.0,0.3453323543071747,0.5245480537414551
truthfulqa_314_inc_3,truthfulqa,1,5,1.0,0.2,1.0,1.0,1.0,1.0,0.0,0.0
truthfulqa_787_corr_1,truthfulqa,0,5,0.0,1.0,0.2,0.8417967557907104,0.7027523517608643,0.9959335923194885,0.07974929362535477,0.15820324420928955
truthfulqa_114_inc_3,truthfulqa,1,5,1.0,0.2,1.0,0.9930486679077148,0.9884144067764282,1.0,0.0056757437996566296,0.006951332092285156
truthfulqa_212_corr_2,truthfulqa,0,5,0.0,1.0,0.2,0.861088752746582,0.7424380779266357,0.9975072741508484,0.07579152286052704,0.13891124725341797
truthfulqa_341_inc_1,truthfulqa,1,5,1.0,0.2,1.0,1.0,1.0,1.0,0.0,0.0
truthfulqa_646_best,truthfulqa,0,5,0.3,0.6,0.6,0.9165055155754089,0.8343058824539185,1.0,0.061548296362161636,0.08349448442459106
truthfulqa_559_inc_2,truthfulqa,1,5,1.0,0.2,1.0,1.0,1.0,1.0,0.0,0.0
truthfulqa_392_corr_1,truthfulqa,0,5,0.0,1.0,0.2,0.8443716168403625,0.7873080968856812,0.927219033241272,0.03939897194504738,0.15562838315963745
truthfulqa_332_best,truthfulqa,0,5,0.6,0.4,0.8,0.6771729588508606,0.23032346367835999,0.9999999403953552,0.3578645884990692,0.3228270411491394
truthfulqa_349_corr_1,truthfulqa,0,5,0.1,0.8,0.4,0.9176818132400513,0.8679081201553345,0.9999998807907104,0.03545398265123367,0.08231818675994873
truthfulqa_575_inc_6,truthfulqa,1,5,1.0,0.2,1.0,0.9999998807907104,0.9999998807907104,0.9999998807907104,0.0,1.1920928955078125e-07
truthfulqa_467_inc_0,truthfulqa,1,5,0.6,0.4,0.8,0.896174430847168,0.7404360771179199,0.9999998807907104,0.12715977430343628,0.10382556915283203
truthfulqa_308_corr_2,truthfulqa,0,5,0.1,0.8,0.4,0.8260471224784851,0.739322304725647,1.0,0.07633695751428604,0.1739528775215149
truthfulqa_443_best,truthfulqa,0,5,1.0,0.2,1.0,0.9749457240104675,0.9373642206192017,1.0,0.030685139819979668,0.02505427598953247
truthfulqa_424_corr_1,truthfulqa,0,5,1.0,0.2,1.0,1.0,1.0,1.0,0.0,0.0
truthfulqa_369_inc_2,truthfulqa,1,5,0.1,0.8,0.4,0.8371478319168091,0.6732861399650574,1.0,0.09133972227573395,0.16285216808319092
truthfulqa_115_corr_1,truthfulqa,0,5,1.0,0.2,1.0,1.0,1.0,1.0,0.0,0.0
truthfulqa_547_inc_0,truthfulqa,1,5,0.4,0.4,0.6,0.6487992405891418,0.4146654009819031,1.0,0.28675422072410583,0.35120075941085815
truthfulqa_546_inc_0,truthfulqa,1,5,0.6,0.4,0.8,0.9860513806343079,0.9651285409927368,0.9999998807907104,0.01708339899778366,0.013948619365692139
truthfulqa_222_inc_3,truthfulqa,1,5,0.0,1.0,0.2,0.9603559374809265,0.9176294803619385,0.9991171360015869,0.03306956961750984,0.039644062519073486
truthfulqa_331_corr_3,truthfulqa,0,5,0.2,0.6,0.4,0.6478503346443176,0.1205282211303711,1.0,0.4286060333251953,0.3521496653556824
truthfulqa_124_corr_0,truthfulqa,0,5,0.0,1.0,0.2,0.9555409550666809,0.9143878221511841,0.9941514730453491,0.027959715574979782,0.04445904493331909
truthfulqa_505_inc_4,truthfulqa,1,5,0.0,1.0,0.2,0.2584773898124695,0.009888699278235435,0.7480999827384949,0.22401855885982513,0.7415226101875305
truthfulqa_179_corr_2,truthfulqa,0,5,0.4,0.4,0.6,0.5646266341209412,0.274377703666687,1.0,0.3554808795452118,0.43537336587905884
truthfulqa_700_inc_0,truthfulqa,1,5,0.0,1.0,0.2,0.7916723489761353,0.5655069351196289,0.9671862721443176,0.1635328233242035,0.20832765102386475
truthfulqa_624_best,truthfulqa,0,5,0.0,1.0,0.2,0.221408873796463,0.09306567162275314,0.44214928150177,0.11174695938825607,0.778591126203537
truthfulqa_281_inc_5,truthfulqa,1,5,0.0,1.0,0.2,0.9298614263534546,0.8637378811836243,0.9971401691436768,0.04611532390117645,0.07013857364654541
truthfulqa_69_inc_2,truthfulqa,1,5,1.0,0.2,1.0,1.0,1.0,1.0,0.0,0.0
truthfulqa_24_corr_1,truthfulqa,0,5,0.0,1.0,0.2,0.7347191572189331,0.5404090285301208,0.9413489103317261,0.1416526436805725,0.2652808427810669
truthfulqa_549_best,truthfulqa,0,5,0.3,0.6,0.6,0.5972689390182495,0.3507440388202667,0.9999997615814209,0.28815433382987976,0.4027310609817505
truthfulqa_237_corr_1,truthfulqa,0,5,0.0,1.0,0.2,0.8452131152153015,0.7767775058746338,0.9288398027420044,0.04169287905097008,0.1547868847846985
truthfulqa_474_corr_1,truthfulqa,0,5,0.0,1.0,0.2,0.9317183494567871,0.8853082656860352,0.9868041276931763,0.033169664442539215,0.06828165054321289
truthfulqa_455_corr_1,truthfulqa,0,5,0.0,1.0,0.2,0.7682417631149292,0.6579787731170654,0.8853055238723755,0.05722733959555626,0.2317582368850708
truthfulqa_17_corr_2,truthfulqa,0,5,0.6,0.4,0.8,0.9707743525505066,0.9269357323646545,1.0,0.035794034600257874,0.029225647449493408
truthfulqa_753_inc_0,truthfulqa,1,5,0.0,1.0,0.2,0.8342117071151733,0.755239725112915,0.9930011034011841,0.07280381768941879,0.16578829288482666
truthfulqa_276_inc_4,truthfulqa,1,5,0.3,0.6,0.6,0.9862755537033081,0.9654957056045532,1.0,0.015384246595203876,0.013724446296691895
truthfulqa_362_inc_1,truthfulqa,1,5,0.1,0.8,0.4,0.9157341122627258,0.8640957474708557,1.0,0.04907761141657829,0.08426588773727417
truthfulqa_769_corr_1,truthfulqa,0,5,0.0,1.0,0.2,0.6670862436294556,0.4945758879184723,0.8857377171516418,0.1536087691783905,0.33291375637054443
truthfulqa_532_best,truthfulqa,0,5,0.3,0.6,0.6,0.5874109268188477,0.3140994906425476,1.0,0.3215654194355011,0.41258907318115234
truthfulqa_241_inc_1,truthfulqa,1,5,0.0,1.0,0.2,0.9052853584289551,0.8519605398178101,0.9872665405273438,0.04200578108429909,0.09471464157104492
truthfulqa_147_inc_2,truthfulqa,1,5,0.0,1.0,0.2,0.8408014178276062,0.7260899543762207,0.9064538478851318,0.051760002970695496,0.1591985821723938
truthfulqa_661_inc_3,truthfulqa,1,5,0.0,1.0,0.2,0.7397215366363525,0.6140744090080261,0.9857989549636841,0.11154630035161972,0.26027846336364746
truthfulqa_578_inc_2,truthfulqa,1,5,1.0,0.2,1.0,1.0,1.0,1.0,0.0,0.0
truthfulqa_370_inc_2,truthfulqa,1,5,0.0,1.0,0.2,0.8427373170852661,0.7011091709136963,0.9268617630004883,0.06721706688404083,0.1572626829147339
truthfulqa_16_inc_1,truthfulqa,1,5,0.0,1.0,0.2,0.8456584811210632,0.7332070469856262,0.9960469007492065,0.09924576431512833,0.15434151887893677
truthfulqa_300_inc_1,truthfulqa,1,5,1.0,0.2,1.0,1.0,1.0,1.0,0.0,0.0
truthfulqa_550_corr_2,truthfulqa,0,5,1.0,0.2,1.0,1.0,1.0,1.0,0.0,0.0
truthfulqa_374_inc_1,truthfulqa,1,5,0.6,0.4,0.8,0.7317289710044861,0.3293224275112152,1.0,0.32856354117393494,0.2682710289955139
truthfulqa_455_inc_3,truthfulqa,1,5,0.0,1.0,0.2,0.6603410243988037,0.5494769811630249,0.8357129693031311,0.07578413933515549,0.3396589756011963
truthfulqa_11_corr_0,truthfulqa,0,5,0.6,0.4,0.8,0.8923149108886719,0.7307871580123901,1.0,0.131886824965477,0.10768508911132812
truthfulqa_679_best,truthfulqa,0,5,0.6,0.4,0.8,0.8744260668754578,0.6860653162002563,1.0,0.15379595756530762,0.12557393312454224
truthfulqa_587_corr_1,truthfulqa,0,5,0.1,0.8,0.4,0.4284333288669586,0.23153841495513916,1.0,0.24062024056911469,0.5715666711330414
truthfulqa_191_inc_2,truthfulqa,1,5,0.0,1.0,0.2,0.9263256788253784,0.8812597990036011,0.9949181079864502,0.047335390001535416,0.07367432117462158
truthfulqa_624_inc_2,truthfulqa,1,5,0.0,1.0,0.2,0.27514320611953735,0.08670233190059662,0.833490788936615,0.1993248611688614,0.7248567938804626
truthfulqa_418_inc_0,truthfulqa,1,5,0.6,0.4,0.8,0.87346351146698,0.6836588382720947,1.0,0.15497487783432007,0.12653648853302002
truthfulqa_406_corr_4,truthfulqa,0,5,0.0,1.0,0.2,0.9544838070869446,0.898635745048523,0.9955323934555054,0.0376058928668499,0.04551619291305542
truthfulqa_203_inc_1,truthfulqa,1,5,0.1,0.8,0.4,0.8357787132263184,0.7261937856674194,1.0,0.0713762566447258,0.16422128677368164
truthfulqa_316_corr_1,truthfulqa,0,5,0.0,1.0,0.2,0.9622234106063843,0.9388835430145264,0.9952195882797241,0.020482195541262627,0.03777658939361572
truthfulqa_153_inc_1,truthfulqa,1,5,0.0,1.0,0.2,0.8892875909805298,0.825873613357544,0.9676797986030579,0.05002724379301071,0.11071240901947021
truthfulqa_245_corr_2,truthfulqa,0,5,0.1,0.8,0.4,0.9638053178787231,0.9379721283912659,1.0,0.02603100799024105,0.036194682121276855
truthfulqa_147_inc_1,truthfulqa,1,5,0.0,1.0,0.2,0.7526054382324219,0.6677244305610657,0.8688082695007324,0.06492190808057785,0.24739456176757812
truthfulqa_160_inc_1,truthfulqa,1,5,1.0,0.2,1.0,1.0,1.0,1.0,0.0,0.0
truthfulqa_152_corr_0,truthfulqa,0,5,0.0,1.0,0.2,0.3039949834346771,-0.028569387272000313,0.5782903432846069,0.17448517680168152,0.6960050165653229
truthfulqa_118_best,truthfulqa,0,5,0.1,0.8,0.4,0.7901266813278198,0.6622330546379089,1.0,0.15002839267253876,0.20987331867218018
truthfulqa_511_inc_2,truthfulqa,1,5,0.0,1.0,0.2,0.8915044665336609,0.8084601163864136,0.9408895373344421,0.04024706408381462,0.10849553346633911
truthfulqa_735_inc_0,truthfulqa,1,5,0.0,1.0,0.2,0.9356867671012878,0.8955094814300537,0.996599555015564,0.03925301134586334,0.06431323289871216
truthfulqa_474_inc_1,truthfulqa,1,5,0.0,1.0,0.2,0.9602863192558289,0.9394785165786743,0.9759676456451416,0.01212738361209631,0.03971368074417114
truthfulqa_363_corr_2,truthfulqa,0,5,0.6,0.4,0.8,0.9985877871513367,0.9964693784713745,1.0,0.0017296441365033388,0.00141221284866333
truthfulqa_316_best,truthfulqa,0,5,0.2,0.6,0.4,0.9658913612365723,0.9221644401550293,1.0,0.03024660050868988,0.034108638763427734
truthfulqa_493_inc_0,truthfulqa,1,5,1.0,0.2,1.0,1.0,1.0,1.0,0.0,0.0
truthfulqa_34_inc_4,truthfulqa,1,5,0.2,0.6,0.4,0.8408672213554382,0.6561476588249207,1.0,0.1102772131562233,0.15913277864456177
truthfulqa_338_inc_2,truthfulqa,1,5,0.3,0.6,0.6,0.7365169525146484,0.5542454123497009,0.9999997615814209,0.19242535531520844,0.26348304748535156
truthfulqa_330_corr_2,truthfulqa,0,5,1.0,0.2,1.0,1.0,1.0,1.0,0.0,0.0
truthfulqa_236_corr_3,truthfulqa,0,5,0.2,0.6,0.4,0.7764172554016113,0.5890653133392334,1.0,0.13572700321674347,0.22358274459838867
truthfulqa_438_inc_2,truthfulqa,1,5,1.0,0.2,1.0,1.0,1.0,1.0,0.0,0.0
truthfulqa_115_inc_1,truthfulqa,1,5,1.0,0.2,1.0,1.0,1.0,1.0,0.0,0.0
truthfulqa_658_best,truthfulqa,0,5,0.0,1.0,0.2,0.8981725573539734,0.7974299192428589,0.9951685667037964,0.08163187652826309,0.10182744264602661
truthfulqa_297_corr_2,truthfulqa,0,5,0.0,1.0,0.2,0.6211702227592468,0.5425562858581543,0.8228353261947632,0.07549482583999634,0.3788297772407532
truthfulqa_796_best,truthfulqa,0,5,0.0,1.0,0.2,0.743588924407959,0.6237126588821411,0.8743433952331543,0.0812605544924736,0.256411075592041
truthfulqa_619_inc_0,truthfulqa,1,5,0.0,1.0,0.2,0.6224234700202942,0.5073027014732361,0.8340699672698975,0.08490710705518723,0.3775765299797058
truthfulqa_469_inc_1,truthfulqa,1,5,1.0,0.2,1.0,1.0,1.0,1.0,0.0,0.0
truthfulqa_627_inc_1,truthfulqa,1,5,0.0,1.0,0.2,0.518792986869812,0.37408164143562317,0.9447065591812134,0.1585376113653183,0.481207013130188
truthfulqa_692_inc_1,truthfulqa,1,5,0.1,0.8,0.4,0.9223378300666809,0.8083067536354065,1.0,0.0686250850558281,0.07766216993331909
truthfulqa_287_inc_2,truthfulqa,1,5,0.0,1.0,0.2,0.6694017052650452,0.2679675221443176,0.906834602355957,0.2511689364910126,0.33059829473495483
truthfulqa_36_corr_3,truthfulqa,0,5,1.0,0.2,1.0,1.0,1.0,1.0,0.0,0.0
truthfulqa_589_inc_0,truthfulqa,1,5,0.4,0.4,0.6,0.9656369090080261,0.9427281618118286,1.0,0.02805735543370247,0.03436309099197388
truthfulqa_317_inc_2,truthfulqa,1,5,1.0,0.2,1.0,1.0,1.0,1.0,0.0,0.0
truthfulqa_660_inc_2,truthfulqa,1,5,0.6,0.4,0.8,0.719809353351593,0.29952332377433777,1.0,0.34316208958625793,0.280190646648407
truthfulqa_456_inc_1,truthfulqa,1,5,0.0,1.0,0.2,0.7303801774978638,0.5309103727340698,0.8823004961013794,0.12018696218729019,0.26961982250213623
truthfulqa_102_corr_3,truthfulqa,0,5,0.2,0.6,0.4,0.5487990379333496,0.38507187366485596,1.0,0.23212476074695587,0.4512009620666504
truthfulqa_56_corr_2,truthfulqa,0,5,0.0,1.0,0.2,0.8074386715888977,0.720585823059082,0.9088141918182373,0.05877431854605675,0.1925613284111023
truthfulqa_804_best,truthfulqa,0,5,0.0,1.0,0.2,0.5108815431594849,0.3852619528770447,0.6146161556243896,0.07904216647148132,0.48911845684051514
truthfulqa_362_corr_2,truthfulqa,0,5,0.0,1.0,0.2,0.9021380543708801,0.8418029546737671,0.9983856081962585,0.053010955452919006,0.09786194562911987
truthfulqa_190_inc_1,truthfulqa,1,5,0.0,1.0,0.2,0.9230033755302429,0.8475631475448608,0.9917716383934021,0.05261141434311867,0.07699662446975708
truthfulqa_785_best,truthfulqa,0,5,0.0,1.0,0.2,0.9153801202774048,0.8738688826560974,0.9892842769622803,0.03193607181310654,0.08461987972259521
truthfulqa_205_inc_1,truthfulqa,1,5,0.4,0.4,0.6,0.7743311524391174,0.6238852739334106,1.0,0.18425783514976501,0.22566884756088257
truthfulqa_75_corr_3,truthfulqa,0,5,0.0,1.0,0.2,0.7907073497772217,0.5951681733131409,0.9923596382141113,0.14465436339378357,0.20929265022277832
truthfulqa_588_inc_3,truthfulqa,1,5,0.0,1.0,0.2,0.41344699263572693,0.10824640095233917,0.9435751438140869,0.3743436634540558,0.5865530073642731
truthfulqa_410_best,truthfulqa,0,5,0.0,1.0,0.2,0.9445326924324036,0.9108632802963257,0.9810037016868591,0.02247588336467743,0.055467307567596436
truthfulqa_68_inc_2,truthfulqa,1,5,0.3,0.6,0.6,0.9621790051460266,0.9354375004768372,1.0,0.026746070012450218,0.03782099485397339
truthfulqa_319_inc_2,truthfulqa,1,5,0.1,0.8,0.4,0.8490723371505737,0.6419448852539062,1.0,0.16558924317359924,0.15092766284942627
truthfulqa_593_inc_4,truthfulqa,1,5,0.1,0.8,0.4,0.8523404002189636,0.764011561870575,1.0,0.1066017597913742,0.14765959978103638
truthfulqa_35_inc_3,truthfulqa,1,5,0.0,1.0,0.2,0.8795230984687805,0.809994101524353,0.9232305288314819,0.040179695934057236,0.12047690153121948
truthfulqa_169_inc_1,truthfulqa,1,5,0.0,1.0,0.2,0.7057030200958252,0.4751063585281372,0.9875032901763916,0.16373112797737122,0.2942969799041748
truthfulqa_600_inc_0,truthfulqa,1,5,0.1,0.8,0.4,0.7698758840560913,0.5570887327194214,1.0,0.177888423204422,0.2301241159439087
truthfulqa_777_inc_2,truthfulqa,1,5,0.0,1.0,0.2,0.7918355464935303,0.6919723749160767,0.9293186664581299,0.07267757505178452,0.20816445350646973
truthfulqa_123_best,truthfulqa,0,5,0.1,0.8,0.4,0.9845010638237,0.9562759399414062,1.0,0.013138041831552982,0.015498936176300049
truthfulqa_476_corr_2,truthfulqa,0,5,0.1,0.8,0.4,0.7044466733932495,0.48290109634399414,1.0,0.1685330718755722,0.2955533266067505
truthfulqa_364_inc_1,truthfulqa,1,5,0.0,1.0,0.2,0.7004333138465881,0.49786797165870667,0.8218692541122437,0.11360085755586624,0.29956668615341187
truthfulqa_195_inc_3,truthfulqa,1,5,0.0,1.0,0.2,0.7452335357666016,0.5126284956932068,0.9202783703804016,0.18096236884593964,0.25476646423339844
truthfulqa_703_corr_1,truthfulqa,0,5,0.0,1.0,0.2,0.891259491443634,0.7685960531234741,0.9797238111495972,0.07983873784542084,0.10874050855636597
truthfulqa_190_corr_1,truthfulqa,0,5,0.1,0.8,0.4,0.9016616940498352,0.8507331609725952,0.9999997615814209,0.054480940103530884,0.0983383059501648
truthfulqa_802_inc_2,truthfulqa,1,5,0.0,1.0,0.2,0.6235547661781311,0.48275911808013916,0.8442491292953491,0.12843504548072815,0.3764452338218689
truthfulqa_278_inc_0,truthfulqa,1,5,1.0,0.2,1.0,1.0,1.0,1.0,0.0,0.0
truthfulqa_768_best,truthfulqa,0,5,0.0,1.0,0.2,0.9019278287887573,0.8543628454208374,0.9718154668807983,0.03763151913881302,0.09807217121124268
truthfulqa_348_corr_6,truthfulqa,0,5,0.0,1.0,0.2,0.9264851808547974,0.8959124088287354,0.955945611000061,0.023444082587957382,0.07351481914520264
truthfulqa_577_corr_1,truthfulqa,0,5,0.6,0.4,0.8,0.8583769798278809,0.6459423303604126,1.0,0.17345212399959564,0.14162302017211914
truthfulqa_429_inc_0,truthfulqa,1,5,1.0,0.2,1.0,1.0,1.0,1.0,0.0,0.0
truthfulqa_585_corr_1,truthfulqa,0,5,1.0,0.2,1.0,0.9999998211860657,0.9999997615814209,0.9999997615814209,5.960464477539063e-08,1.7881393432617188e-07
truthfulqa_780_corr_3,truthfulqa,0,5,0.4,0.4,0.6,0.662953794002533,0.4382564127445221,1.0,0.27519699931144714,0.33704620599746704
truthfulqa_112_inc_0,truthfulqa,1,5,0.2,0.6,0.4,0.8482106924057007,0.7681278586387634,1.0,0.08728967607021332,0.15178930759429932
truthfulqa_76_corr_2,truthfulqa,0,5,1.0,0.2,1.0,1.0,1.0,1.0,0.0,0.0
truthfulqa_351_best,truthfulqa,0,5,0.0,1.0,0.2,0.9602876901626587,0.933074951171875,0.9866018295288086,0.01818670891225338,0.03971230983734131
truthfulqa_55_inc_3,truthfulqa,1,5,0.0,1.0,0.2,0.9411894679069519,0.9045868515968323,0.9660106897354126,0.01921037957072258,0.058810532093048096
truthfulqa_399_corr_2,truthfulqa,0,5,0.0,1.0,0.2,0.7041630744934082,0.5667450428009033,0.9738577604293823,0.11345924437046051,0.2958369255065918
truthfulqa_777_inc_0,truthfulqa,1,5,0.0,1.0,0.2,0.7973202466964722,0.6755159497261047,0.9895879626274109,0.11861493438482285,0.20267975330352783
truthfulqa_53_inc_1,truthfulqa,1,5,0.1,0.8,0.4,0.6976802945137024,0.540165364742279,1.0,0.18737377226352692,0.3023197054862976
truthfulqa_451_inc_4,truthfulqa,1,5,0.0,1.0,0.2,0.5198715925216675,0.28836068511009216,0.8115696907043457,0.1452951729297638,0.4801284074783325
truthfulqa_760_corr_1,truthfulqa,0,5,0.0,1.0,0.2,0.8983065485954285,0.7790740728378296,0.9777880907058716,0.0648556649684906,0.10169345140457153
truthfulqa_328_inc_2,truthfulqa,1,5,0.6,0.4,0.8,0.9161747694015503,0.7904371619224548,0.9999999403953552,0.10266437381505966,0.08382523059844971
truthfulqa_564_inc_3,truthfulqa,1,5,0.2,0.6,0.4,0.7011120319366455,0.5852948427200317,1.0,0.15100674331188202,0.2988879680633545
truthfulqa_289_inc_2,truthfulqa,1,5,1.0,0.2,1.0,0.9999998211860657,0.9999998211860657,0.9999998211860657,0.0,1.7881393432617188e-07
truthfulqa_236_corr_1,truthfulqa,0,5,0.6,0.4,0.8,0.9407995939254761,0.851999044418335,1.0,0.07250536978244781,0.059200406074523926
truthfulqa_54_inc_1,truthfulqa,1,5,0.0,1.0,0.2,0.8006284832954407,0.711118221282959,0.9327541589736938,0.062255825847387314,0.19937151670455933
truthfulqa_618_best,truthfulqa,0,5,0.1,0.8,0.4,0.6151207685470581,0.11498477309942245,1.0,0.35396555066108704,0.3848792314529419
truthfulqa_663_best,truthfulqa,0,5,0.4,0.4,0.6,0.8306633234024048,0.7177723050117493,0.9999998807907104,0.13826268911361694,0.16933667659759521
truthfulqa_594_inc_4,truthfulqa,1,5,0.0,1.0,0.2,0.6429700255393982,0.5144739747047424,0.765187680721283,0.08456242829561234,0.3570299744606018
truthfulqa_504_inc_3,truthfulqa,1,5,0.0,1.0,0.2,0.8257978558540344,0.7250292897224426,0.9090813398361206,0.05330710858106613,0.17420214414596558
truthfulqa_383_inc_2,truthfulqa,1,5,0.0,1.0,0.2,0.7074414491653442,0.37563905119895935,0.9209522604942322,0.230728417634964,0.29255855083465576
truthfulqa_576_inc_1,truthfulqa,1,5,1.0,0.2,1.0,0.9999998807907104,0.9999998807907104,0.9999998807907104,0.0,1.1920928955078125e-07
truthfulqa_65_corr_1,truthfulqa,0,5,0.0,1.0,0.2,0.8828299641609192,0.8021433353424072,0.9872404932975769,0.06135595962405205,0.11717003583908081
truthfulqa_181_inc_2,truthfulqa,1,5,0.1,0.8,0.4,0.9144473075866699,0.8438414931297302,1.0,0.04929089918732643,0.08555269241333008
truthfulqa_610_best,truthfulqa,0,5,0.0,1.0,0.2,0.7800599336624146,0.4193257689476013,0.9550495743751526,0.18426057696342468,0.21994006633758545
truthfulqa_751_corr_2,truthfulqa,0,5,0.0,1.0,0.2,0.9749013781547546,0.9587780833244324,0.9844541549682617,0.007628903724253178,0.02509862184524536
truthfulqa_519_corr_1,truthfulqa,0,5,1.0,0.2,1.0,1.0,1.0,1.0,0.0,0.0
truthfulqa_73_corr_1,truthfulqa,0,5,0.1,0.8,0.4,0.7851653099060059,0.5852373242378235,1.0,0.15940327942371368,0.21483469009399414
truthfulqa_471_corr_1,truthfulqa,0,5,1.0,0.2,1.0,0.9624421000480652,0.9374035596847534,1.0,0.030665867030620575,0.037557899951934814
truthfulqa_247_best,truthfulqa,0,5,0.0,1.0,0.2,0.8761633038520813,0.789309561252594,0.9502356052398682,0.04361223801970482,0.1238366961479187
truthfulqa_143_inc_4,truthfulqa,1,5,0.0,1.0,0.2,0.6921973824501038,0.43976330757141113,0.9262517690658569,0.17296788096427917,0.30780261754989624
truthfulqa_75_inc_1,truthfulqa,1,5,0.0,1.0,0.2,0.7700475454330444,0.5733301043510437,0.897177517414093,0.10404805094003677,0.22995245456695557
truthfulqa_470_inc_5,truthfulqa,1,5,1.0,0.2,1.0,0.9999998807907104,0.9999998807907104,0.9999998807907104,0.0,1.1920928955078125e-07
truthfulqa_421_inc_3,truthfulqa,1,5,1.0,0.2,1.0,1.0,1.0,1.0,0.0,0.0
truthfulqa_284_best,truthfulqa,0,5,0.0,1.0,0.2,0.6331068873405457,0.3395594358444214,0.888918399810791,0.18520906567573547,0.36689311265945435
truthfulqa_7_inc_1,truthfulqa,1,5,0.0,1.0,0.2,0.7619106769561768,0.5980988144874573,0.9615190029144287,0.10557333379983902,0.23808932304382324
truthfulqa_164_corr_1,truthfulqa,0,5,1.0,0.2,1.0,1.0,1.0,1.0,0.0,0.0
truthfulqa_100_inc_4,truthfulqa,1,5,1.0,0.2,1.0,1.0,1.0,1.0,0.0,0.0
truthfulqa_515_best,truthfulqa,0,5,0.0,1.0,0.2,0.8289433717727661,0.6182184219360352,0.9505577087402344,0.12951774895191193,0.1710566282272339
truthfulqa_296_corr_4,truthfulqa,0,5,0.0,1.0,0.2,0.534131646156311,0.26149070262908936,0.9037268161773682,0.1846080869436264,0.46586835384368896
truthfulqa_531_best,truthfulqa,0,5,0.6,0.4,0.8,0.9484583735466003,0.8711458444595337,1.0,0.06312538683414459,0.05154162645339966
truthfulqa_509_inc_4,truthfulqa,1,5,0.0,1.0,0.2,0.7218338251113892,0.5871137380599976,0.8296629190444946,0.07487405836582184,0.27816617488861084
truthfulqa_591_inc_3,truthfulqa,1,5,0.1,0.8,0.4,0.29731467366218567,0.11733587086200714,1.0,0.2518722414970398,0.7026853263378143
truthfulqa_463_inc_1,truthfulqa,1,5,0.0,1.0,0.2,0.841808021068573,0.7898988723754883,0.913409948348999,0.040068674832582474,0.158191978931427
truthfulqa_312_best,truthfulqa,0,5,0.6,0.4,0.8,0.7294833064079285,0.3237084746360779,0.9999998807907104,0.3313137888908386,0.27051669359207153
truthfulqa_385_inc_1,truthfulqa,1,5,0.0,1.0,0.2,0.9456487894058228,0.9163033366203308,0.9699890613555908,0.014661991968750954,0.054351210594177246
truthfulqa_82_corr_2,truthfulqa,0,5,0.0,1.0,0.2,0.8578307032585144,0.7805003523826599,0.9333207607269287,0.053359098732471466,0.1421692967414856
truthfulqa_324_corr_2,truthfulqa,0,5,0.0,1.0,0.2,0.594861626625061,0.22048494219779968,0.778633713722229,0.19493608176708221,0.40513837337493896
truthfulqa_485_corr_2,truthfulqa,0,5,0.0,1.0,0.2,0.891790509223938,0.8625682592391968,0.9383896589279175,0.02311127819120884,0.10820949077606201
truthfulqa_123_inc_0,truthfulqa,1,5,0.1,0.8,0.4,0.986079216003418,0.971034824848175,1.0,0.01008883398026228,0.013920783996582031
truthfulqa_522_inc_2,truthfulqa,1,5,1.0,0.2,1.0,0.9583085179328918,0.9305140972137451,1.0,0.03404100239276886,0.041691482067108154
truthfulqa_295_inc_6,truthfulqa,1,5,0.0,1.0,0.2,0.9214482307434082,0.8553835153579712,0.9856947660446167,0.0354924239218235,0.0785517692565918
truthfulqa_539_inc_0,truthfulqa,1,5,0.1,0.8,0.4,0.7315241098403931,0.4317150413990021,1.0,0.19536541402339935,0.26847589015960693
truthfulqa_490_inc_2,truthfulqa,1,5,0.4,0.4,0.6,0.5804401636123657,0.3007335662841797,1.0,0.34256917238235474,0.4195598363876343
truthfulqa_119_best,truthfulqa,0,5,0.1,0.8,0.4,0.94354647397995,0.8831436038017273,0.9999999403953552,0.04520018398761749,0.05645352602005005
truthfulqa_75_best,truthfulqa,0,5,0.0,1.0,0.2,0.7569608688354492,0.5383840799331665,0.9407305717468262,0.12269942462444305,0.24303913116455078
truthfulqa_56_corr_1,truthfulqa,0,5,0.0,1.0,0.2,0.7608627080917358,0.6035348773002625,0.9123612642288208,0.0980994924902916,0.23913729190826416
truthfulqa_334_inc_0,truthfulqa,1,5,0.1,0.8,0.4,0.9281553030014038,0.8869341611862183,0.9999999403953552,0.030994746834039688,0.07184469699859619
truthfulqa_35_corr_1,truthfulqa,0,5,0.0,1.0,0.2,0.8356931805610657,0.7147842645645142,0.9436472058296204,0.08587172627449036,0.16430681943893433
truthfulqa_143_inc_2,truthfulqa,1,5,0.0,1.0,0.2,0.6530957221984863,0.24729442596435547,0.9090086221694946,0.19627125561237335,0.34690427780151367
truthfulqa_132_inc_1,truthfulqa,1,5,0.1,0.8,0.4,0.6437657475471497,0.32838231325149536,1.0,0.24477197229862213,0.35623425245285034
truthfulqa_513_inc_3,truthfulqa,1,5,0.1,0.8,0.4,0.7254473567008972,0.530576229095459,0.9999998807907104,0.17073068022727966,0.2745526432991028
truthfulqa_445_inc_4,truthfulqa,1,5,0.1,0.8,0.4,0.659469485282898,0.4892081022262573,0.9588402509689331,0.13875877857208252,0.34053051471710205
truthfulqa_711_inc_1,truthfulqa,1,5,0.0,1.0,0.2,0.9505454897880554,0.9145638942718506,0.9939407110214233,0.027255918830633163,0.04945451021194458
truthfulqa_607_inc_1,truthfulqa,1,5,0.2,0.6,0.4,0.4525219798088074,0.2541809380054474,1.0,0.2809835970401764,0.5474780201911926
truthfulqa_623_inc_2,truthfulqa,1,5,0.0,1.0,0.2,0.6186991930007935,0.5183022618293762,0.8948236107826233,0.10458134114742279,0.38130080699920654
truthfulqa_716_inc_0,truthfulqa,1,5,0.0,1.0,0.2,0.7923005819320679,0.6074354648590088,0.9959760904312134,0.12676754593849182,0.20769941806793213
truthfulqa_721_corr_2,truthfulqa,0,5,0.0,1.0,0.2,0.9225667715072632,0.8444728851318359,0.9885114431381226,0.05604306608438492,0.07743322849273682
truthfulqa_564_inc_1,truthfulqa,1,5,0.4,0.4,0.6,0.7511769533157349,0.5852948427200317,1.0,0.20316319167613983,0.24882304668426514
truthfulqa_224_inc_0,truthfulqa,1,5,1.0,0.2,1.0,0.9999998807907104,0.9999998807907104,0.9999998807907104,0.0,1.1920928955078125e-07
truthfulqa_108_inc_3,truthfulqa,1,5,0.6,0.4,0.8,0.9466114044189453,0.8665283918380737,1.0,0.06538746505975723,0.05338859558105469
truthfulqa_480_inc_0,truthfulqa,1,5,1.0,0.2,1.0,1.0,1.0,1.0,0.0,0.0
truthfulqa_144_inc_0,truthfulqa,1,5,0.0,1.0,0.2,0.6905120015144348,0.25029313564300537,0.9872452020645142,0.3507066071033478,0.3094879984855652
truthfulqa_737_corr_2,truthfulqa,0,5,0.1,0.8,0.4,0.9876804351806641,0.9751924276351929,1.0,0.0087042897939682,0.012319564819335938
truthfulqa_440_inc_0,truthfulqa,1,5,1.0,0.2,1.0,1.0,1.0,1.0,0.0,0.0
truthfulqa_333_inc_3,truthfulqa,1,5,0.1,0.8,0.4,0.9199922680854797,0.8693311214447021,1.0,0.054226409643888474,0.08000773191452026
truthfulqa_24_corr_2,truthfulqa,0,5,0.1,0.8,0.4,0.8153132200241089,0.6715899705886841,1.0,0.08800128102302551,0.1846867799758911
truthfulqa_597_inc_0,truthfulqa,1,5,0.0,1.0,0.2,0.653087854385376,0.48407256603240967,0.903123140335083,0.11432462185621262,0.346912145614624
truthfulqa_427_corr_1,truthfulqa,0,5,1.0,0.2,1.0,1.0,1.0,1.0,0.0,0.0
truthfulqa_40_inc_5,truthfulqa,1,5,0.1,0.8,0.4,0.8962610960006714,0.7701214551925659,0.9999999403953552,0.0858544111251831,0.10373890399932861
truthfulqa_282_inc_3,truthfulqa,1,5,1.0,0.2,1.0,0.9999998807907104,0.9999998807907104,0.9999998807907104,0.0,1.1920928955078125e-07
truthfulqa_144_corr_2,truthfulqa,0,5,0.0,1.0,0.2,0.47369083762168884,0.2849676012992859,0.6940040588378906,0.145242378115654,0.5263091623783112
truthfulqa_225_inc_0,truthfulqa,1,5,0.1,0.8,0.4,0.8449833989143372,0.7837897539138794,1.0,0.07513856142759323,0.15501660108566284
truthfulqa_203_best,truthfulqa,0,5,0.3,0.6,0.6,0.8377641439437866,0.6895937919616699,1.0,0.12053094059228897,0.16223585605621338
truthfulqa_201_best,truthfulqa,0,5,0.0,1.0,0.2,0.8911568522453308,0.817508339881897,0.9700321555137634,0.052544210106134415,0.10884314775466919
truthfulqa_76_inc_1,truthfulqa,1,5,1.0,0.2,1.0,1.0,1.0,1.0,0.0,0.0
truthfulqa_556_inc_0,truthfulqa,1,5,0.0,1.0,0.2,0.924582839012146,0.8716316223144531,0.9825752973556519,0.03989588841795921,0.075417160987854
truthfulqa_236_inc_0,truthfulqa,1,5,0.3,0.6,0.6,0.789669394493103,0.6017953157424927,0.9999999403953552,0.160708487033844,0.21033060550689697
truthfulqa_110_inc_0,truthfulqa,1,5,1.0,0.2,1.0,1.0,1.0,1.0,0.0,0.0
truthfulqa_311_corr_2,truthfulqa,0,5,0.1,0.8,0.4,0.9366437196731567,0.8935490846633911,1.0,0.03240661323070526,0.06335628032684326
truthfulqa_144_inc_3,truthfulqa,1,5,0.0,1.0,0.2,0.9337702989578247,0.9075280427932739,0.9877551794052124,0.0255670715123415,0.06622970104217529
truthfulqa_606_inc_1,truthfulqa,1,5,0.0,1.0,0.2,0.8447863459587097,0.741219699382782,0.9145541191101074,0.05007294565439224,0.15521365404129028
truthfulqa_291_corr_3,truthfulqa,0,5,0.1,0.8,0.4,0.6696463227272034,0.4289097785949707,1.0,0.15015257894992828,0.33035367727279663
truthfulqa_348_inc_1,truthfulqa,1,5,0.0,1.0,0.2,0.8862269520759583,0.8569827079772949,0.9376125931739807,0.02897593379020691,0.11377304792404175
truthfulqa_720_corr_2,truthfulqa,0,5,0.1,0.8,0.4,0.9270502328872681,0.8692920804023743,1.0,0.038077231496572495,0.07294976711273193
truthfulqa_338_corr_2,truthfulqa,0,5,0.3,0.6,0.6,0.7161282300949097,0.5193662643432617,0.9999997615814209,0.1966342031955719,0.28387176990509033
truthfulqa_523_corr_1,truthfulqa,0,5,1.0,0.2,1.0,1.0,1.0,1.0,0.0,0.0
truthfulqa_466_inc_0,truthfulqa,1,5,1.0,0.2,1.0,1.0,1.0,1.0,0.0,0.0
truthfulqa_550_inc_6,truthfulqa,1,5,1.0,0.2,1.0,1.0,1.0,1.0,0.0,0.0
truthfulqa_64_corr_0,truthfulqa,0,5,0.0,1.0,0.2,0.833199679851532,0.7630965709686279,0.9665336608886719,0.05628904700279236,0.16680032014846802
truthfulqa_689_inc_1,truthfulqa,1,5,1.0,0.2,1.0,1.0,1.0,1.0,0.0,0.0
truthfulqa_611_best,truthfulqa,0,5,0.6,0.4,0.8,0.7002547979354858,0.2506371736526489,1.0,0.36711132526397705,0.29974520206451416
truthfulqa_578_corr_2,truthfulqa,0,5,1.0,0.2,1.0,1.0,1.0,1.0,0.0,0.0
truthfulqa_396_best,truthfulqa,0,5,0.0,1.0,0.2,0.5323623418807983,0.387450635433197,0.631415605545044,0.07107669860124588,0.46763765811920166
truthfulqa_144_corr_0,truthfulqa,0,5,0.0,1.0,0.2,0.9324861764907837,0.8900263905525208,0.9735838174819946,0.029059812426567078,0.06751382350921631
truthfulqa_657_inc_0,truthfulqa,1,5,0.0,1.0,0.2,0.8322763442993164,0.7220560312271118,0.9562072157859802,0.07460267841815948,0.1677236557006836
truthfulqa_665_corr_2,truthfulqa,0,5,0.4,0.4,0.6,0.7788345217704773,0.6313909292221069,1.0,0.18058077991008759,0.2211654782295227
truthfulqa_264_inc_3,truthfulqa,1,5,0.6,0.4,0.8,0.8473787307739258,0.6184467077255249,1.0,0.18692217767238617,0.15262126922607422
truthfulqa_735_corr_2,truthfulqa,0,5,0.0,1.0,0.2,0.9578762054443359,0.9083419442176819,0.9994219541549683,0.026222629472613335,0.04212379455566406
truthfulqa_693_corr_3,truthfulqa,0,5,0.1,0.8,0.4,0.8200794458389282,0.7304545044898987,1.0,0.09195277094841003,0.17992055416107178
truthfulqa_387_corr_1,truthfulqa,0,5,0.0,1.0,0.2,0.8154699206352234,0.5612077116966248,0.9822503328323364,0.20123915374279022,0.1845300793647766
truthfulqa_396_corr_1,truthfulqa,0,5,0.0,1.0,0.2,0.5845114588737488,0.40668272972106934,0.8304357528686523,0.12577828764915466,0.4154885411262512
truthfulqa_294_inc_0,truthfulqa,1,5,0.4,0.4,0.6,0.9931605458259583,0.9886010885238647,1.0,0.005584259517490864,0.006839454174041748
truthfulqa_121_inc_1,truthfulqa,1,5,1.0,0.2,1.0,0.9999998807907104,0.9999998807907104,0.9999998807907104,0.0,1.1920928955078125e-07
truthfulqa_584_inc_4,truthfulqa,1,5,0.4,0.4,0.6,0.7916151285171509,0.6526919007301331,0.9999998807907104,0.1701454520225525,0.20838487148284912
truthfulqa_230_corr_2,truthfulqa,0,5,1.0,0.2,1.0,0.9999998807907104,0.9999998807907104,0.9999998807907104,0.0,1.1920928955078125e-07
truthfulqa_798_corr_2,truthfulqa,0,5,0.0,1.0,0.2,0.7267929315567017,0.5240967273712158,0.9282941222190857,0.12707126140594482,0.27320706844329834
truthfulqa_594_inc_3,truthfulqa,1,5,0.0,1.0,0.2,0.7945080399513245,0.6894900798797607,0.8820506930351257,0.06149440258741379,0.20549196004867554
truthfulqa_363_corr_3,truthfulqa,0,5,0.3,0.6,0.6,0.9251747131347656,0.8145350217819214,1.0,0.08949121087789536,0.07482528686523438
truthfulqa_341_corr_3,truthfulqa,0,5,1.0,0.2,1.0,1.0,1.0,1.0,0.0,0.0
truthfulqa_341_best,truthfulqa,0,5,1.0,0.2,1.0,1.0,1.0,1.0,0.0,0.0
truthfulqa_673_best,truthfulqa,0,5,0.1,0.8,0.4,0.9759482145309448,0.9490033388137817,0.9999998807907104,0.014620942994952202,0.024051785469055176
truthfulqa_645_corr_1,truthfulqa,0,5,0.3,0.6,0.6,0.9304498434066772,0.8865309953689575,1.0,0.051284223794937134,0.06955015659332275
truthfulqa_62_corr_0,truthfulqa,0,5,1.0,0.2,1.0,1.0,1.0,1.0,0.0,0.0
truthfulqa_420_inc_1,truthfulqa,1,5,0.0,1.0,0.2,0.4414183497428894,0.3694024085998535,0.5745115280151367,0.06439695507287979,0.5585816502571106
truthfulqa_46_best,truthfulqa,0,5,0.1,0.8,0.4,0.40810832381248474,0.17300978302955627,1.0,0.2821228504180908,0.5918916761875153
truthfulqa_639_corr_2,truthfulqa,0,5,0.1,0.8,0.4,0.9497631192207336,0.9182043671607971,1.0,0.02522512897849083,0.05023688077926636
truthfulqa_318_inc_6,truthfulqa,1,5,1.0,0.2,1.0,0.9999998807907104,0.9999998807907104,0.9999998807907104,0.0,1.1920928955078125e-07
truthfulqa_57_inc_2,truthfulqa,1,5,0.3,0.6,0.6,0.8939716219902039,0.7668927907943726,1.0,0.10169538855552673,0.10602837800979614
truthfulqa_747_best,truthfulqa,0,5,0.0,1.0,0.2,0.25957489013671875,0.15960237383842468,0.44613921642303467,0.08816252648830414,0.7404251098632812
truthfulqa_345_best,truthfulqa,0,5,0.4,0.4,0.6,0.9955716133117676,0.9926192760467529,1.0,0.003615794237703085,0.004428386688232422
truthfulqa_115_inc_6,truthfulqa,1,5,1.0,0.2,1.0,1.0,1.0,1.0,0.0,0.0
truthfulqa_163_corr_2,truthfulqa,0,5,1.0,0.2,1.0,1.0,1.0,1.0,0.0,0.0
truthfulqa_647_inc_3,truthfulqa,1,5,1.0,0.2,1.0,0.9999998211860657,0.9999998211860657,0.9999998211860657,0.0,1.7881393432617188e-07
truthfulqa_578_inc_3,truthfulqa,1,5,1.0,0.2,1.0,1.0,1.0,1.0,0.0,0.0
truthfulqa_636_corr_2,truthfulqa,0,5,0.6,0.4,0.8,0.9171723127365112,0.7929309606552124,1.0,0.10144269466400146,0.08282768726348877
truthfulqa_71_inc_0,truthfulqa,1,5,0.2,0.6,0.4,0.4917636513710022,0.2529681921005249,1.0,0.2830165922641754,0.5082363486289978
truthfulqa_408_inc_3,truthfulqa,1,5,0.1,0.8,0.4,0.7956994771957397,0.676270604133606,1.0,0.09387436509132385,0.20430052280426025
truthfulqa_185_best,truthfulqa,0,5,0.0,1.0,0.2,0.7093563079833984,0.35121142864227295,0.9600111246109009,0.2542250156402588,0.29064369201660156
truthfulqa_358_best,truthfulqa,0,5,1.0,0.2,1.0,1.0,1.0,1.0,0.0,0.0
truthfulqa_509_corr_4,truthfulqa,0,5,0.0,1.0,0.2,0.8593446016311646,0.7549333572387695,0.923194169998169,0.05623473599553108,0.14065539836883545
truthfulqa_73_inc_3,truthfulqa,1,5,0.6,0.4,0.8,0.9431443214416504,0.857860803604126,1.0,0.06963369995355606,0.05685567855834961
truthfulqa_540_inc_1,truthfulqa,1,5,1.0,0.2,1.0,1.0,1.0,1.0,0.0,0.0
truthfulqa_767_inc_1,truthfulqa,1,5,0.0,1.0,0.2,0.9425996541976929,0.8746786713600159,0.992393970489502,0.0369500033557415,0.05740034580230713
truthfulqa_392_inc_3,truthfulqa,1,5,0.0,1.0,0.2,0.8700876235961914,0.8274173736572266,0.9172521829605103,0.0293288491666317,0.1299123764038086
truthfulqa_759_inc_2,truthfulqa,1,5,0.0,1.0,0.2,0.7385081052780151,0.633336067199707,0.8386846780776978,0.07055562734603882,0.26149189472198486
truthfulqa_634_corr_1,truthfulqa,0,5,0.0,1.0,0.2,0.8772459030151367,0.7597455978393555,0.9796951413154602,0.08535897731781006,0.12275409698486328
truthfulqa_283_corr_2,truthfulqa,0,5,0.3,0.6,0.6,0.43706196546554565,0.056890908628702164,0.9999998807907104,0.45298588275909424,0.5629380345344543
truthfulqa_391_corr_2,truthfulqa,0,5,1.0,0.2,1.0,1.0,1.0,1.0,0.0,0.0
truthfulqa_782_corr_3,truthfulqa,0,5,0.0,1.0,0.2,0.8289755582809448,0.7398178577423096,0.9977133274078369,0.07699064910411835,0.17102444171905518
truthfulqa_6_corr_0,truthfulqa,0,5,1.0,0.2,1.0,1.0,1.0,1.0,0.0,0.0
truthfulqa_744_best,truthfulqa,0,5,0.1,0.8,0.4,0.9729937314987183,0.95660400390625,1.0,0.015435474924743176,0.02700626850128174
truthfulqa_321_corr_3,truthfulqa,0,5,0.0,1.0,0.2,0.9330791234970093,0.8557130694389343,0.9836325645446777,0.036140426993370056,0.06692087650299072
truthfulqa_107_corr_2,truthfulqa,0,5,1.0,0.2,1.0,1.0,1.0,1.0,0.0,0.0
truthfulqa_684_corr_1,truthfulqa,0,5,1.0,0.2,1.0,0.9871848225593567,0.9786415100097656,0.9999999403953552,0.010463384911417961,0.01281517744064331
truthfulqa_403_inc_1,truthfulqa,1,5,0.4,0.4,0.6,0.6512699127197266,0.4187832176685333,1.0,0.28473690152168274,0.34873008728027344
truthfulqa_300_corr_9,truthfulqa,0,5,1.0,0.2,1.0,1.0,1.0,1.0,0.0,0.0
truthfulqa_183_inc_0,truthfulqa,1,5,0.0,1.0,0.2,0.5257887244224548,0.19568908214569092,0.8962808847427368,0.2868095636367798,0.47421127557754517
truthfulqa_59_corr_2,truthfulqa,0,5,0.0,1.0,0.2,0.9211751222610474,0.8913223147392273,0.9669033885002136,0.026673320680856705,0.07882487773895264
truthfulqa_284_inc_2,truthfulqa,1,5,0.0,1.0,0.2,0.8628250360488892,0.675256609916687,0.9979205131530762,0.14744974672794342,0.13717496395111084
truthfulqa_226_corr_1,truthfulqa,0,5,0.0,1.0,0.2,0.8996638059616089,0.8548586368560791,0.9894516468048096,0.03602360188961029,0.10033619403839111
truthfulqa_338_best,truthfulqa,0,5,0.1,0.8,0.4,0.7092558145523071,0.5390324592590332,0.9999997615814209,0.15828314423561096,0.29074418544769287
truthfulqa_587_corr_2,truthfulqa,0,5,0.0,1.0,0.2,0.4565083086490631,0.2175116240978241,0.9416817426681519,0.2478954941034317,0.5434916913509369
truthfulqa_125_corr_0,truthfulqa,0,5,0.1,0.8,0.4,0.975990891456604,0.9425991773605347,1.0,0.024861762300133705,0.024009108543395996
truthfulqa_562_best,truthfulqa,0,5,1.0,0.2,1.0,0.9999998807907104,0.9999998807907104,0.9999998807907104,0.0,1.1920928955078125e-07
truthfulqa_303_corr_3,truthfulqa,0,5,1.0,0.2,1.0,1.0,1.0,1.0,0.0,0.0
truthfulqa_42_corr_2,truthfulqa,0,5,0.4,0.4,0.6,0.8667203187942505,0.7778670787811279,1.0,0.10882246494293213,0.1332796812057495
truthfulqa_13_corr_1,truthfulqa,0,5,0.1,0.8,0.4,0.7057701945304871,0.5567324161529541,1.0,0.14632579684257507,0.29422980546951294
truthfulqa_30_inc_0,truthfulqa,1,5,0.2,0.6,0.4,0.46744829416275024,0.2571258246898651,1.0,0.269440233707428,0.5325517058372498
truthfulqa_87_corr_1,truthfulqa,0,5,0.1,0.8,0.4,0.9117645025253296,0.8070719242095947,1.0,0.05543094128370285,0.08823549747467041
truthfulqa_506_inc_6,truthfulqa,1,5,0.0,1.0,0.2,0.7931181192398071,0.6871829032897949,0.9321420192718506,0.06742263585329056,0.20688188076019287
truthfulqa_106_inc_0,truthfulqa,1,5,1.0,0.2,1.0,1.0,1.0,1.0,0.0,0.0
truthfulqa_473_inc_0,truthfulqa,1,5,0.0,1.0,0.2,0.9155505895614624,0.8533012866973877,0.9926905632019043,0.04929612576961517,0.0844494104385376
truthfulqa_775_best,truthfulqa,0,5,0.1,0.8,0.4,0.667336106300354,0.3187037706375122,0.9999997615814209,0.27960291504859924,0.332663893699646
truthfulqa_507_corr_2,truthfulqa,0,5,0.0,1.0,0.2,0.7611129879951477,0.6570122241973877,0.818240761756897,0.04913341626524925,0.2388870120048523
truthfulqa_353_inc_2,truthfulqa,1,5,0.0,1.0,0.2,0.815600574016571,0.6690407991409302,0.9219557046890259,0.08305802196264267,0.18439942598342896
truthfulqa_35_inc_5,truthfulqa,1,5,0.0,1.0,0.2,0.8839095830917358,0.7934001088142395,0.971136748790741,0.07416333258152008,0.11609041690826416
truthfulqa_208_corr_1,truthfulqa,0,5,1.0,0.2,1.0,1.0,1.0,1.0,0.0,0.0
truthfulqa_541_corr_1,truthfulqa,0,5,0.6,0.4,0.8,0.8639327883720398,0.6598321199417114,1.0,0.1666475385427475,0.1360672116279602
truthfulqa_391_inc_2,truthfulqa,1,5,1.0,0.2,1.0,1.0,1.0,1.0,0.0,0.0
truthfulqa_394_inc_4,truthfulqa,1,5,0.4,0.4,0.6,0.9266107678413391,0.8776845932006836,1.0,0.05992206558585167,0.07338923215866089
truthfulqa_13_inc_1,truthfulqa,1,5,0.0,1.0,0.2,0.6579458713531494,0.43465614318847656,0.9641861915588379,0.16248802840709686,0.3420541286468506
truthfulqa_773_inc_4,truthfulqa,1,5,0.6,0.4,0.8,0.9410235285758972,0.8525587916374207,1.0,0.07223114371299744,0.05897647142410278
truthfulqa_647_best,truthfulqa,0,5,1.0,0.2,1.0,0.9999998211860657,0.9999998211860657,0.9999998211860657,0.0,1.7881393432617188e-07
truthfulqa_322_corr_4,truthfulqa,0,5,1.0,0.2,1.0,0.9624185562133789,0.9373642206192017,1.0,0.03068513795733452,0.037581443786621094
truthfulqa_265_best,truthfulqa,0,5,1.0,0.2,1.0,1.0,1.0,1.0,0.0,0.0
truthfulqa_463_inc_5,truthfulqa,1,5,0.0,1.0,0.2,0.871395468711853,0.7832697629928589,0.9300763607025146,0.05764304846525192,0.12860453128814697
truthfulqa_402_inc_3,truthfulqa,1,5,0.0,1.0,0.2,0.35457533597946167,0.1041121631860733,0.991966962814331,0.24440522491931915,0.6454246640205383
truthfulqa_457_corr_1,truthfulqa,0,5,0.0,1.0,0.2,0.8172267079353333,0.7101767659187317,0.9021443128585815,0.061358705163002014,0.18277329206466675
truthfulqa_213_inc_2,truthfulqa,1,5,0.6,0.4,0.8,0.9777032732963562,0.9442583322525024,0.9999998807907104,0.027307670563459396,0.0222967267036438
truthfulqa_97_corr_1,truthfulqa,0,5,0.1,0.8,0.4,0.27356550097465515,0.03082875907421112,1.0,0.30601444840431213,0.7264344990253448
truthfulqa_276_corr_2,truthfulqa,0,5,0.4,0.4,0.6,0.9814404249191284,0.9690672755241394,1.0,0.01515387836843729,0.018559575080871582
truthfulqa_219_best,truthfulqa,0,5,0.1,0.8,0.4,0.9487264752388,0.8874052166938782,0.9999999403953552,0.036835312843322754,0.05127352476119995
truthfulqa_589_inc_1,truthfulqa,1,5,0.6,0.4,0.8,0.9770911931991577,0.9427281618118286,1.0,0.02805735543370247,0.022908806800842285
truthfulqa_752_corr_1,truthfulqa,0,5,1.0,0.2,1.0,0.9999998807907104,0.9999998807907104,0.9999998807907104,0.0,1.1920928955078125e-07
truthfulqa_493_corr_1,truthfulqa,0,5,0.6,0.4,0.8,0.9838417172431946,0.9596047401428223,0.9999998807907104,0.019789496436715126,0.01615828275680542
truthfulqa_101_corr_2,truthfulqa,0,5,1.0,0.2,1.0,1.0,1.0,1.0,0.0,0.0
truthfulqa_102_inc_4,truthfulqa,1,5,0.3,0.6,0.6,0.5270607471466064,0.2767370343208313,0.9999998211860657,0.31272801756858826,0.47293925285339355
truthfulqa_724_best,truthfulqa,0,5,1.0,0.2,1.0,1.0,1.0,1.0,0.0,0.0
truthfulqa_177_best,truthfulqa,0,5,0.1,0.8,0.4,0.8874400854110718,0.7321661114692688,1.0,0.12437484413385391,0.11255991458892822
truthfulqa_322_inc_2,truthfulqa,1,5,1.0,0.2,1.0,0.9624185562133789,0.9373642206192017,1.0,0.03068513795733452,0.037581443786621094
truthfulqa_806_inc_0,truthfulqa,1,5,0.3,0.6,0.6,0.8115308880805969,0.6949172019958496,1.0,0.13779878616333008,0.18846911191940308
truthfulqa_459_inc_0,truthfulqa,1,5,0.0,1.0,0.2,0.7362084984779358,0.6291190981864929,0.9459260702133179,0.08705077320337296,0.2637915015220642
truthfulqa_243_best,truthfulqa,0,5,0.0,1.0,0.2,0.9392164349555969,0.8782675266265869,0.9915062785148621,0.03985510766506195,0.060783565044403076
truthfulqa_454_best,truthfulqa,0,5,0.0,1.0,0.2,0.5051257610321045,0.15554304420948029,0.9442747235298157,0.2518523633480072,0.4948742389678955
truthfulqa_297_corr_6,truthfulqa,0,5,0.1,0.8,0.4,0.7834144830703735,0.636960506439209,0.9999998807907104,0.11344185471534729,0.21658551692962646
truthfulqa_316_inc_2,truthfulqa,1,5,0.2,0.6,0.4,0.9491921663284302,0.9158258438110352,1.0,0.03769250214099884,0.050807833671569824
truthfulqa_136_inc_0,truthfulqa,1,5,1.0,0.2,1.0,0.9999998211860657,0.9999997615814209,0.9999997615814209,5.960464477539063e-08,1.7881393432617188e-07
truthfulqa_176_inc_1,truthfulqa,1,5,0.1,0.8,0.4,0.3519711494445801,0.05926365777850151,1.0,0.34885188937187195,0.6480288505554199
truthfulqa_85_inc_0,truthfulqa,1,5,0.1,0.8,0.4,0.884296715259552,0.8329045176506042,1.0,0.052624545991420746,0.115703284740448
truthfulqa_711_inc_2,truthfulqa,1,5,0.0,1.0,0.2,0.9696336984634399,0.9283227324485779,0.995741605758667,0.023052552714943886,0.03036630153656006
truthfulqa_342_corr_1,truthfulqa,0,5,0.1,0.8,0.4,0.9305490255355835,0.8851816654205322,1.0,0.04501925781369209,0.0694509744644165
truthfulqa_238_inc_2,truthfulqa,1,5,1.0,0.2,1.0,1.0,1.0,1.0,0.0,0.0
truthfulqa_268_inc_0,truthfulqa,1,5,0.0,1.0,0.2,0.7094721794128418,0.5464973449707031,0.92146897315979,0.09111837297677994,0.2905278205871582
truthfulqa_345_corr_1,truthfulqa,0,5,0.4,0.4,0.6,0.9907407760620117,0.9845679402351379,0.9999999403953552,0.0075600831769406796,0.009259223937988281
truthfulqa_187_inc_1,truthfulqa,1,5,0.1,0.8,0.4,0.9107921719551086,0.7945775985717773,0.9999998807907104,0.08237860351800919,0.08920782804489136
truthfulqa_480_corr_1,truthfulqa,0,5,1.0,0.2,1.0,1.0,1.0,1.0,0.0,0.0
truthfulqa_564_corr_1,truthfulqa,0,5,0.3,0.6,0.6,0.72962486743927,0.5852948427200317,1.0,0.17822912335395813,0.27037513256073
truthfulqa_611_inc_3,truthfulqa,1,5,0.4,0.4,0.6,0.5357675552368164,0.22627925872802734,1.0,0.37904420495033264,0.4642324447631836
truthfulqa_333_corr_1,truthfulqa,0,5,0.1,0.8,0.4,0.9261621236801147,0.8738396763801575,0.9999999403953552,0.04607832431793213,0.07383787631988525
truthfulqa_391_inc_1,truthfulqa,1,5,1.0,0.2,1.0,1.0,1.0,1.0,0.0,0.0
truthfulqa_793_inc_2,truthfulqa,1,5,0.0,1.0,0.2,0.4120361804962158,0.052978988736867905,0.9991114139556885,0.39131924510002136,0.5879638195037842
truthfulqa_361_best,truthfulqa,0,5,1.0,0.2,1.0,1.0,1.0,1.0,0.0,0.0
truthfulqa_134_inc_0,truthfulqa,1,5,1.0,0.2,1.0,0.9999998211860657,0.9999997615814209,0.9999997615814209,5.960464477539063e-08,1.7881393432617188e-07
truthfulqa_701_inc_1,truthfulqa,1,5,0.1,0.8,0.4,0.7967645525932312,0.6876475214958191,1.0,0.13084639608860016,0.2032354474067688
truthfulqa_573_inc_1,truthfulqa,1,5,0.2,0.6,0.4,0.9199742078781128,0.8141841888427734,1.0,0.07299236208200455,0.08002579212188721
truthfulqa_201_inc_2,truthfulqa,1,5,0.0,1.0,0.2,0.9390478134155273,0.8953807950019836,0.9880497455596924,0.029367763549089432,0.060952186584472656
truthfulqa_398_corr_1,truthfulqa,0,5,0.0,1.0,0.2,0.6398102045059204,0.46751466393470764,0.8408700227737427,0.12508974969387054,0.3601897954940796
truthfulqa_138_inc_2,truthfulqa,1,5,0.6,0.4,0.8,0.8488761782646179,0.6221905946731567,0.9999999403953552,0.18508802354335785,0.15112382173538208
truthfulqa_364_inc_4,truthfulqa,1,5,0.0,1.0,0.2,0.8021380305290222,0.682330846786499,0.9255194664001465,0.07814355194568634,0.19786196947097778
truthfulqa_710_best,truthfulqa,0,5,1.0,0.2,1.0,0.9999998807907104,0.9999998807907104,0.9999998807907104,0.0,1.1920928955078125e-07
truthfulqa_153_corr_1,truthfulqa,0,5,0.0,1.0,0.2,0.7601578831672668,0.5070253014564514,0.9170252680778503,0.13450488448143005,0.23984211683273315
truthfulqa_109_inc_0,truthfulqa,1,5,1.0,0.2,1.0,1.0,1.0,1.0,0.0,0.0
truthfulqa_783_inc_2,truthfulqa,1,5,0.6,0.4,0.8,0.9981291890144348,0.9953233599662781,0.9999997615814209,0.0022909597028046846,0.0018708109855651855
truthfulqa_324_corr_6,truthfulqa,0,5,0.0,1.0,0.2,0.8566097021102905,0.77862548828125,0.9843804836273193,0.07803930342197418,0.14339029788970947
truthfulqa_185_corr_3,truthfulqa,0,5,0.0,1.0,0.2,0.5345624685287476,0.3115839958190918,0.9600417613983154,0.23984721302986145,0.46543753147125244
truthfulqa_483_corr_1,truthfulqa,0,5,0.0,1.0,0.2,0.9225351214408875,0.8360064625740051,0.9807981252670288,0.05337290093302727,0.07746487855911255
truthfulqa_301_best,truthfulqa,0,5,1.0,0.2,1.0,1.0,1.0,1.0,0.0,0.0
truthfulqa_365_inc_4,truthfulqa,1,5,0.0,1.0,0.2,0.8968888521194458,0.8296744227409363,0.9843922853469849,0.04210391640663147,0.1031111478805542
truthfulqa_581_inc_4,truthfulqa,1,5,1.0,0.2,1.0,1.0,1.0,1.0,0.0,0.0
truthfulqa_486_corr_1,truthfulqa,0,5,0.2,0.6,0.4,0.8668042421340942,0.7658393979072571,1.0,0.09726700186729431,0.13319575786590576
truthfulqa_201_inc_0,truthfulqa,1,5,0.0,1.0,0.2,0.9028526544570923,0.8514343500137329,0.9837966561317444,0.03909539803862572,0.09714734554290771
truthfulqa_504_best,truthfulqa,0,5,0.0,1.0,0.2,0.8932205438613892,0.8390231132507324,0.941879153251648,0.03560081496834755,0.10677945613861084
truthfulqa_318_corr_2,truthfulqa,0,5,1.0,0.2,1.0,0.9999998807907104,0.9999998807907104,0.9999998807907104,0.0,1.1920928955078125e-07
truthfulqa_664_best,truthfulqa,0,5,0.1,0.8,0.4,0.8407366871833801,0.7751590013504028,0.9999998211860657,0.08298137038946152,0.15926331281661987
truthfulqa_44_inc_3,truthfulqa,1,5,0.6,0.4,0.8,0.7713016271591187,0.42825406789779663,1.0,0.2800971567630768,0.22869837284088135
truthfulqa_454_inc_0,truthfulqa,1,5,0.0,1.0,0.2,0.5684539675712585,0.19426223635673523,0.8728365898132324,0.21884702146053314,0.43154603242874146
truthfulqa_498_corr_3,truthfulqa,0,5,0.0,1.0,0.2,0.7645636796951294,0.6593772768974304,0.9546095728874207,0.0872945562005043,0.2354363203048706
truthfulqa_147_corr_1,truthfulqa,0,5,0.0,1.0,0.2,0.8040019869804382,0.6570544242858887,0.9330335855484009,0.10784723609685898,0.19599801301956177
truthfulqa_330_corr_1,truthfulqa,0,5,1.0,0.2,1.0,1.0,1.0,1.0,0.0,0.0
truthfulqa_705_inc_1,truthfulqa,1,5,1.0,0.2,1.0,1.0,1.0,1.0,0.0,0.0
truthfulqa_568_inc_4,truthfulqa,1,5,1.0,0.2,1.0,1.0,1.0,1.0,0.0,0.0
truthfulqa_468_inc_6,truthfulqa,1,5,0.3,0.6,0.6,0.9253656268119812,0.854155957698822,1.0,0.05072158947587013,0.0746343731880188
truthfulqa_359_corr_3,truthfulqa,0,5,0.3,0.6,0.6,0.8484218716621399,0.6213018894195557,1.0,0.18541131913661957,0.1515781283378601
truthfulqa_410_corr_1,truthfulqa,0,5,0.0,1.0,0.2,0.9443647265434265,0.9082921743392944,0.9737244248390198,0.024074755609035492,0.055635273456573486
truthfulqa_59_best,truthfulqa,0,5,0.0,1.0,0.2,0.738538920879364,0.38342177867889404,0.9499309062957764,0.21837548911571503,0.261461079120636
truthfulqa_146_inc_0,truthfulqa,1,5,0.0,1.0,0.2,0.9653147459030151,0.9341784715652466,0.9951983094215393,0.01728946343064308,0.03468525409698486
truthfulqa_457_inc_4,truthfulqa,1,5,0.0,1.0,0.2,0.776718258857727,0.6980298757553101,0.8819575309753418,0.05691220611333847,0.22328174114227295
truthfulqa_437_corr_2,truthfulqa,0,5,0.4,0.4,0.6,0.8242456316947937,0.7070761919021606,1.0,0.14350277185440063,0.1757543683052063
truthfulqa_737_corr_1,truthfulqa,0,5,0.0,1.0,0.2,0.9814220666885376,0.9622084498405457,0.9969401359558105,0.010870332829654217,0.018577933311462402
truthfulqa_575_inc_2,truthfulqa,1,5,1.0,0.2,1.0,0.9999998807907104,0.9999998807907104,0.9999998807907104,0.0,1.1920928955078125e-07
truthfulqa_584_inc_1,truthfulqa,1,5,0.6,0.4,0.8,0.8610767126083374,0.6526919007301331,0.9999998807907104,0.17014546692371368,0.1389232873916626
truthfulqa_654_corr_2,truthfulqa,0,5,0.0,1.0,0.2,0.906119704246521,0.8280688524246216,0.9670069813728333,0.04805685207247734,0.093880295753479
truthfulqa_2_inc_2,truthfulqa,1,5,0.0,1.0,0.2,0.9448627233505249,0.906665027141571,0.9923182129859924,0.027109546586871147,0.0551372766494751
truthfulqa_554_best,truthfulqa,0,5,1.0,0.2,1.0,1.0,1.0,1.0,0.0,0.0
truthfulqa_543_corr_1,truthfulqa,0,5,0.4,0.4,0.6,0.7931649088859558,0.6552748680114746,1.0,0.1688801348209381,0.2068350911140442
truthfulqa_540_best,truthfulqa,0,5,1.0,0.2,1.0,1.0,1.0,1.0,0.0,0.0
truthfulqa_622_inc_0,truthfulqa,1,5,0.1,0.8,0.4,0.5985935926437378,0.45599502325057983,1.0,0.16777285933494568,0.4014064073562622
truthfulqa_804_inc_0,truthfulqa,1,5,0.0,1.0,0.2,0.5611385703086853,0.47283774614334106,0.7997779846191406,0.0884515568614006,0.4388614296913147
truthfulqa_720_corr_1,truthfulqa,0,5,0.1,0.8,0.4,0.9592303037643433,0.9100434184074402,1.0,0.036827508360147476,0.04076969623565674
truthfulqa_487_inc_2,truthfulqa,1,5,0.6,0.4,0.8,0.78105229139328,0.4767124652862549,1.0,0.22071494162082672,0.21894770860671997
truthfulqa_679_inc_5,truthfulqa,1,5,0.6,0.4,0.8,0.8744260668754578,0.6860653162002563,1.0,0.15379595756530762,0.12557393312454224
truthfulqa_145_inc_0,truthfulqa,1,5,1.0,0.2,1.0,0.966119110584259,0.9435316920280457,1.0,0.027663709595799446,0.03388088941574097
truthfulqa_251_best,truthfulqa,0,5,1.0,0.2,1.0,0.8972216844558716,0.8287026882171631,1.0,0.08391820639371872,0.10277831554412842
truthfulqa_124_corr_2,truthfulqa,0,5,0.1,0.8,0.4,0.9489470720291138,0.9026463031768799,0.9999998807907104,0.03653327748179436,0.05105292797088623
truthfulqa_446_inc_4,truthfulqa,1,5,0.6,0.4,0.8,0.9376109838485718,0.8440276384353638,0.9999998807907104,0.07641047984361649,0.06238901615142822
truthfulqa_119_corr_1,truthfulqa,0,5,0.1,0.8,0.4,0.9639806747436523,0.9409365653991699,1.0,0.023019306361675262,0.036019325256347656
truthfulqa_516_inc_0,truthfulqa,1,5,1.0,0.2,1.0,0.9999998807907104,0.9999998807907104,0.9999998807907104,0.0,1.1920928955078125e-07
truthfulqa_380_best,truthfulqa,0,5,0.0,1.0,0.2,0.8907557725906372,0.8276315927505493,0.9683027267456055,0.045628998428583145,0.10924422740936279
truthfulqa_544_corr_2,truthfulqa,0,5,0.6,0.4,0.8,0.8801021575927734,0.700255274772644,1.0,0.14684432744979858,0.11989784240722656
truthfulqa_51_corr_3,truthfulqa,0,5,0.0,1.0,0.2,0.7321746349334717,0.6049649715423584,0.9955481290817261,0.10309033840894699,0.2678253650665283
truthfulqa_762_inc_2,truthfulqa,1,5,1.0,0.2,1.0,0.9999998211860657,0.9999997615814209,0.9999997615814209,5.960464477539063e-08,1.7881393432617188e-07
truthfulqa_302_corr_3,truthfulqa,0,5,1.0,0.2,1.0,1.0,1.0,1.0,0.0,0.0
truthfulqa_770_inc_2,truthfulqa,1,5,0.1,0.8,0.4,0.9848501086235046,0.9689704179763794,1.0,0.008390580303966999,0.015149891376495361
truthfulqa_104_corr_0,truthfulqa,0,5,0.6,0.4,0.8,0.8921219110488892,0.7303047180175781,1.0,0.1321231722831726,0.10787808895111084
truthfulqa_530_best,truthfulqa,0,5,1.0,0.2,1.0,1.0,1.0,1.0,0.0,0.0
truthfulqa_630_corr_1,truthfulqa,0,5,0.3,0.6,0.6,0.6463394165039062,0.26140856742858887,1.0,0.2815176248550415,0.35366058349609375
truthfulqa_205_corr_2,truthfulqa,0,5,0.6,0.4,0.8,0.8495540618896484,0.6238852739334106,1.0,0.18425783514976501,0.15044593811035156
truthfulqa_3_corr_3,truthfulqa,0,5,1.0,0.2,1.0,1.0,1.0,1.0,0.0,0.0
truthfulqa_642_inc_4,truthfulqa,1,5,1.0,0.2,1.0,1.0,1.0,1.0,0.0,0.0
truthfulqa_22_inc_0,truthfulqa,1,5,0.1,0.8,0.4,0.516287624835968,0.3709316849708557,1.0,0.17421486973762512,0.483712375164032
truthfulqa_506_inc_3,truthfulqa,1,5,0.0,1.0,0.2,0.8643050193786621,0.688457190990448,0.980643630027771,0.12645167112350464,0.1356949806213379
truthfulqa_464_inc_3,truthfulqa,1,5,1.0,0.2,1.0,1.0,1.0,1.0,0.0,0.0
truthfulqa_19_corr_7,truthfulqa,0,5,0.0,1.0,0.2,0.9788720011711121,0.9628497362136841,0.9932646751403809,0.011217908933758736,0.02112799882888794
truthfulqa_229_inc_0,truthfulqa,1,5,0.0,1.0,0.2,0.681760847568512,0.5467018485069275,0.8781477212905884,0.11572877317667007,0.31823915243148804
truthfulqa_314_inc_0,truthfulqa,1,5,1.0,0.2,1.0,1.0,1.0,1.0,0.0,0.0
truthfulqa_141_inc_3,truthfulqa,1,5,0.4,0.4,0.6,0.7226532697677612,0.5377554297447205,1.0,0.22645267844200134,0.27734673023223877
truthfulqa_256_corr_1,truthfulqa,0,5,1.0,0.2,1.0,1.0,1.0,1.0,0.0,0.0
truthfulqa_29_best,truthfulqa,0,5,1.0,0.2,1.0,1.0,1.0,1.0,0.0,0.0
truthfulqa_494_corr_1,truthfulqa,0,5,1.0,0.2,1.0,1.0,1.0,1.0,0.0,0.0
truthfulqa_275_corr_1,truthfulqa,0,5,1.0,0.2,1.0,1.0,1.0,1.0,0.0,0.0
truthfulqa_131_inc_1,truthfulqa,1,5,0.4,0.4,0.6,0.7473269701004028,0.5641247034072876,0.9999998807907104,0.19981949031352997,0.25267302989959717
truthfulqa_505_inc_9,truthfulqa,1,5,0.3,0.6,0.6,0.37957674264907837,0.019516564905643463,1.0,0.41198718547821045,0.6204232573509216
truthfulqa_630_inc_1,truthfulqa,1,5,0.1,0.8,0.4,0.7699020504951477,0.633314847946167,1.0,0.10559705644845963,0.2300979495048523
truthfulqa_513_corr_1,truthfulqa,0,5,0.2,0.6,0.4,0.7748329639434814,0.6124476194381714,1.0,0.16216090321540833,0.22516703605651855
truthfulqa_612_corr_1,truthfulqa,0,5,1.0,0.2,1.0,1.0,1.0,1.0,0.0,0.0
truthfulqa_284_corr_1,truthfulqa,0,5,0.0,1.0,0.2,0.8200749158859253,0.6723546981811523,0.9689048528671265,0.10002556443214417,0.1799250841140747
truthfulqa_664_inc_2,truthfulqa,1,5,0.0,1.0,0.2,0.8798389434814453,0.7901546955108643,0.9830151796340942,0.0733989030122757,0.12016105651855469
truthfulqa_323_inc_3,truthfulqa,1,5,0.3,0.6,0.6,0.8958324193954468,0.7955987453460693,1.0,0.08549082279205322,0.10416758060455322
truthfulqa_5_inc_2,truthfulqa,1,5,0.0,1.0,0.2,0.7330664396286011,0.6203961968421936,0.9967138767242432,0.11140164732933044,0.2669335603713989
truthfulqa_738_inc_3,truthfulqa,1,5,0.6,0.4,0.8,0.9395054578781128,0.8487637639045715,1.0,0.07409032434225082,0.06049454212188721
truthfulqa_355_best,truthfulqa,0,5,0.4,0.4,0.6,0.6796749234199524,0.46612486243247986,0.9999998807907104,0.26154425740242004,0.3203250765800476
truthfulqa_253_corr_2,truthfulqa,0,5,0.4,0.4,0.6,0.643757164478302,0.4062618613243103,1.0,0.2908710837364197,0.356242835521698
truthfulqa_752_inc_2,truthfulqa,1,5,1.0,0.2,1.0,0.9999998807907104,0.9999998807907104,0.9999998807907104,0.0,1.1920928955078125e-07
truthfulqa_341_inc_3,truthfulqa,1,5,1.0,0.2,1.0,1.0,1.0,1.0,0.0,0.0
truthfulqa_121_inc_2,truthfulqa,1,5,1.0,0.2,1.0,0.9999998807907104,0.9999998807907104,0.9999998807907104,0.0,1.1920928955078125e-07
truthfulqa_387_best,truthfulqa,0,5,0.0,1.0,0.2,0.9785119891166687,0.9669694900512695,0.9930144548416138,0.007213175296783447,0.0214880108833313
truthfulqa_520_corr_1,truthfulqa,0,5,0.6,0.4,0.8,0.9197416305541992,0.7766801118850708,1.0,0.0857888013124466,0.08025836944580078
truthfulqa_602_best,truthfulqa,0,5,0.0,1.0,0.2,0.604045569896698,0.2965238094329834,0.9039652943611145,0.18642956018447876,0.395954430103302
truthfulqa_573_inc_8,truthfulqa,1,5,0.2,0.6,0.4,0.8129917979240417,0.6622567176818848,1.0,0.13141480088233948,0.18700820207595825
truthfulqa_615_corr_2,truthfulqa,0,5,0.4,0.4,0.6,0.838182806968689,0.7303047180175781,1.0,0.1321231722831726,0.16181719303131104
truthfulqa_41_inc_0,truthfulqa,1,5,0.0,1.0,0.2,0.7279582619667053,0.38659554719924927,0.9366737604141235,0.22175326943397522,0.2720417380332947
truthfulqa_375_inc_0,truthfulqa,1,5,0.6,0.4,0.8,0.9863511919975281,0.9658782482147217,0.9999997615814209,0.016716059297323227,0.013648808002471924
truthfulqa_745_best,truthfulqa,0,5,1.0,0.2,1.0,1.0,1.0,1.0,0.0,0.0
truthfulqa_451_inc_1,truthfulqa,1,5,0.0,1.0,0.2,0.6040449142456055,0.4775657057762146,0.8334875702857971,0.11065386980772018,0.39595508575439453
truthfulqa_635_best,truthfulqa,0,5,0.1,0.8,0.4,0.6053771376609802,0.3643849492073059,1.0,0.2349362075328827,0.3946228623390198
truthfulqa_606_best,truthfulqa,0,5,0.0,1.0,0.2,0.8678720593452454,0.8231372833251953,0.9655770659446716,0.042164258658885956,0.13212794065475464
truthfulqa_210_inc_2,truthfulqa,1,5,1.0,0.2,1.0,0.9999998807907104,0.9999998807907104,0.9999998807907104,0.0,1.1920928955078125e-07
truthfulqa_90_inc_1,truthfulqa,1,5,1.0,0.2,1.0,1.0,1.0,1.0,0.0,0.0
truthfulqa_289_inc_0,truthfulqa,1,5,1.0,0.2,1.0,0.9999998211860657,0.9999998211860657,0.9999998211860657,0.0,1.7881393432617188e-07
truthfulqa_311_best,truthfulqa,0,5,0.0,1.0,0.2,0.9192396998405457,0.8545597195625305,0.9766407608985901,0.041441064327955246,0.08076030015945435
truthfulqa_488_inc_2,truthfulqa,1,5,0.0,1.0,0.2,0.43874192237854004,0.17942439019680023,0.9006969928741455,0.24827691912651062,0.56125807762146
truthfulqa_481_best,truthfulqa,0,5,0.3,0.6,0.6,0.5666889548301697,0.3735085129737854,0.9999998807907104,0.28389835357666016,0.4333110451698303
truthfulqa_813_inc_0,truthfulqa,1,5,1.0,0.2,1.0,0.9889528155326843,0.9815880060195923,1.0,0.009019997902214527,0.011047184467315674
truthfulqa_586_inc_0,truthfulqa,1,5,0.0,1.0,0.2,0.388896644115448,0.21382378041744232,0.9742312431335449,0.2186020314693451,0.611103355884552
truthfulqa_732_inc_0,truthfulqa,1,5,0.0,1.0,0.2,0.9251832962036133,0.8962642550468445,0.9703927636146545,0.024544812738895416,0.07481670379638672
truthfulqa_23_best,truthfulqa,0,5,1.0,0.2,1.0,1.0,1.0,1.0,0.0,0.0
truthfulqa_16_corr_4,truthfulqa,0,5,0.2,0.6,0.4,0.9709668159484863,0.9323896169662476,1.0,0.02184544876217842,0.029033184051513672
truthfulqa_590_best,truthfulqa,0,5,0.0,1.0,0.2,0.6364778280258179,0.36701151728630066,0.9531009793281555,0.2021329551935196,0.36352217197418213
truthfulqa_751_best,truthfulqa,0,5,0.0,1.0,0.2,0.9781602025032043,0.9642314910888672,0.9962956309318542,0.010146019980311394,0.021839797496795654
truthfulqa_171_best,truthfulqa,0,5,0.0,1.0,0.2,0.87132728099823,0.8106610774993896,0.9159488081932068,0.03513382002711296,0.12867271900177002
truthfulqa_80_corr_3,truthfulqa,0,5,0.4,0.4,0.6,0.9559732675552368,0.9266220331192017,1.0,0.035947710275650024,0.044026732444763184
truthfulqa_668_corr_1,truthfulqa,0,5,0.0,1.0,0.2,0.8973739743232727,0.7974755167961121,0.9869565963745117,0.06679375469684601,0.1026260256767273
truthfulqa_550_inc_4,truthfulqa,1,5,1.0,0.2,1.0,1.0,1.0,1.0,0.0,0.0
truthfulqa_77_inc_1,truthfulqa,1,5,0.0,1.0,0.2,0.7867611646652222,0.6694871187210083,0.9972124099731445,0.09505397081375122,0.21323883533477783
truthfulqa_489_inc_3,truthfulqa,1,5,0.0,1.0,0.2,0.921195387840271,0.8659600615501404,0.9624148607254028,0.03823309764266014,0.078804612159729
truthfulqa_402_corr_1,truthfulqa,0,5,0.0,1.0,0.2,0.3816540539264679,0.09802594780921936,0.9985885620117188,0.22598420083522797,0.6183459460735321
truthfulqa_139_inc_0,truthfulqa,1,5,0.0,1.0,0.2,0.9745135307312012,0.9611908197402954,0.9958155155181885,0.010907397605478764,0.025486469268798828
truthfulqa_165_best,truthfulqa,0,5,1.0,0.2,1.0,1.0,1.0,1.0,0.0,0.0
truthfulqa_114_inc_2,truthfulqa,1,5,1.0,0.2,1.0,0.9953657984733582,0.9884144067764282,1.0,0.005675758235156536,0.004634201526641846
truthfulqa_223_inc_2,truthfulqa,1,5,0.0,1.0,0.2,0.7945215702056885,0.6810603141784668,0.8786739110946655,0.06051013618707657,0.20547842979431152
truthfulqa_206_inc_2,truthfulqa,1,5,0.2,0.6,0.4,0.7912088632583618,0.49062615633010864,1.0,0.24363762140274048,0.20879113674163818
truthfulqa_203_corr_0,truthfulqa,0,5,0.2,0.6,0.4,0.8372244834899902,0.6827560663223267,1.0,0.10472901165485382,0.16277551651000977
truthfulqa_687_inc_1,truthfulqa,1,5,0.0,1.0,0.2,0.46887654066085815,0.1589823067188263,0.997948169708252,0.2493867129087448,0.5311234593391418
truthfulqa_306_inc_4,truthfulqa,1,5,1.0,0.2,1.0,1.0,1.0,1.0,0.0,0.0
truthfulqa_98_corr_2,truthfulqa,0,5,1.0,0.2,1.0,0.9999998211860657,0.9999997615814209,0.9999997615814209,5.960464477539063e-08,1.7881393432617188e-07
truthfulqa_3_inc_2,truthfulqa,1,5,1.0,0.2,1.0,1.0,1.0,1.0,0.0,0.0
truthfulqa_547_corr_2,truthfulqa,0,5,0.2,0.6,0.4,0.490812212228775,0.22919180989265442,1.0,0.2639663815498352,0.509187787771225
truthfulqa_147_corr_0,truthfulqa,0,5,0.0,1.0,0.2,0.783786952495575,0.7018874883651733,0.8836840987205505,0.057442039251327515,0.21621304750442505
truthfulqa_780_corr_1,truthfulqa,0,5,1.0,0.2,1.0,0.9999998211860657,0.9999997615814209,0.9999997615814209,5.960464477539063e-08,1.7881393432617188e-07
truthfulqa_213_best,truthfulqa,0,5,0.6,0.4,0.8,0.9877349734306335,0.9693377017974854,0.9999998807907104,0.015021338127553463,0.012265026569366455
truthfulqa_505_best,truthfulqa,0,5,0.3,0.6,0.6,0.6559666395187378,0.13831396400928497,1.0,0.41971877217292786,0.3440333604812622
truthfulqa_657_best,truthfulqa,0,5,0.0,1.0,0.2,0.8626956939697266,0.7957093715667725,0.9575306177139282,0.04490320011973381,0.13730430603027344
truthfulqa_238_corr_1,truthfulqa,0,5,1.0,0.2,1.0,1.0,1.0,1.0,0.0,0.0
truthfulqa_746_best,truthfulqa,0,5,1.0,0.2,1.0,0.9873363375663757,0.9683407545089722,1.0,0.015509799122810364,0.012663662433624268
truthfulqa_544_inc_2,truthfulqa,1,5,0.6,0.4,0.8,0.8801021575927734,0.700255274772644,1.0,0.14684432744979858,0.11989784240722656
truthfulqa_161_best,truthfulqa,0,5,1.0,0.2,1.0,1.0,1.0,1.0,0.0,0.0
truthfulqa_731_best,truthfulqa,0,5,0.0,1.0,0.2,0.7266188859939575,0.6194963455200195,0.9844663739204407,0.12482494115829468,0.2733811140060425
truthfulqa_481_inc_0,truthfulqa,1,5,0.3,0.6,0.6,0.608534038066864,0.377413809299469,1.0,0.2575177252292633,0.391465961933136
truthfulqa_141_inc_2,truthfulqa,1,5,0.4,0.4,0.6,0.7226532697677612,0.5377554297447205,1.0,0.22645266354084015,0.27734673023223877
truthfulqa_807_best,truthfulqa,0,5,1.0,0.2,1.0,1.0,1.0,1.0,0.0,0.0
truthfulqa_549_inc_0,truthfulqa,1,5,0.3,0.6,0.6,0.6486214399337769,0.3942911922931671,0.9999997615814209,0.26392608880996704,0.35137856006622314
truthfulqa_696_corr_1,truthfulqa,0,5,0.6,0.4,0.8,0.9669805765151978,0.9174513816833496,0.9999998807907104,0.04044033959507942,0.033019423484802246
truthfulqa_273_corr_2,truthfulqa,0,5,0.0,1.0,0.2,0.7135897278785706,0.39484143257141113,0.9480342864990234,0.2325943559408188,0.28641027212142944
truthfulqa_724_inc_0,truthfulqa,1,5,1.0,0.2,1.0,1.0,1.0,1.0,0.0,0.0
truthfulqa_752_best,truthfulqa,0,5,1.0,0.2,1.0,0.9999998807907104,0.9999998807907104,0.9999998807907104,0.0,1.1920928955078125e-07
truthfulqa_550_inc_1,truthfulqa,1,5,1.0,0.2,1.0,1.0,1.0,1.0,0.0,0.0
truthfulqa_252_inc_0,truthfulqa,1,5,0.3,0.6,0.6,0.8408291935920715,0.5992497205734253,0.9999999403953552,0.18789926171302795,0.15917080640792847
truthfulqa_360_inc_0,truthfulqa,1,5,0.1,0.8,0.4,0.9961198568344116,0.9931819438934326,1.0,0.00207802327349782,0.003880143165588379
truthfulqa_445_inc_1,truthfulqa,1,5,0.1,0.8,0.4,0.6309634447097778,0.4892081022262573,0.9999998807907104,0.13613419234752655,0.36903655529022217
truthfulqa_482_corr_1,truthfulqa,0,5,0.0,1.0,0.2,0.9337524175643921,0.8851713538169861,0.9927767515182495,0.036212753504514694,0.06624758243560791
truthfulqa_179_inc_2,truthfulqa,1,5,0.6,0.4,0.8,0.7097511291503906,0.274377703666687,1.0,0.3554808497428894,0.2902488708496094
truthfulqa_377_best,truthfulqa,0,5,0.0,1.0,0.2,0.9671786427497864,0.9467769861221313,0.9802070260047913,0.011646585538983345,0.03282135725021362
truthfulqa_733_best,truthfulqa,0,5,0.0,1.0,0.2,0.9017590284347534,0.8059239387512207,0.9787622690200806,0.06197511777281761,0.09824097156524658
truthfulqa_567_inc_3,truthfulqa,1,5,0.4,0.4,0.6,0.5430957078933716,0.23849272727966309,1.0,0.37306082248687744,0.4569042921066284
truthfulqa_523_inc_4,truthfulqa,1,5,1.0,0.2,1.0,1.0,1.0,1.0,0.0,0.0
truthfulqa_476_inc_0,truthfulqa,1,5,0.0,1.0,0.2,0.7475964426994324,0.5031317472457886,0.9172745943069458,0.12876546382904053,0.2524035573005676
truthfulqa_358_inc_2,truthfulqa,1,5,1.0,0.2,1.0,1.0,1.0,1.0,0.0,0.0
truthfulqa_484_corr_3,truthfulqa,0,5,0.0,1.0,0.2,0.9408359527587891,0.8892783522605896,0.9748839139938354,0.03158710524439812,0.05916404724121094
truthfulqa_528_inc_3,truthfulqa,1,5,1.0,0.2,1.0,0.9673963785171509,0.9456605911254883,1.0,0.026620764285326004,0.03260362148284912
truthfulqa_726_best,truthfulqa,0,5,1.0,0.2,1.0,1.0,1.0,1.0,0.0,0.0
truthfulqa_368_corr_1,truthfulqa,0,5,0.0,1.0,0.2,0.6663178205490112,0.41701871156692505,0.8449257612228394,0.15747196972370148,0.33368217945098877
truthfulqa_295_corr_3,truthfulqa,0,5,0.0,1.0,0.2,0.9764183759689331,0.9624858498573303,0.99614417552948,0.010341605171561241,0.023581624031066895
truthfulqa_287_best,truthfulqa,0,5,0.0,1.0,0.2,0.8935645818710327,0.8508414030075073,0.9420292377471924,0.027818122878670692,0.10643541812896729
truthfulqa_443_corr_4,truthfulqa,0,5,1.0,0.2,1.0,0.9624185562133789,0.9373642206192017,1.0,0.030685139819979668,0.037581443786621094
truthfulqa_33_best,truthfulqa,0,5,0.1,0.8,0.4,0.8392596244812012,0.7248294949531555,0.9999998807907104,0.12465397268533707,0.16074037551879883
truthfulqa_117_corr_0,truthfulqa,0,5,1.0,0.2,1.0,1.0,1.0,1.0,0.0,0.0
truthfulqa_351_corr_2,truthfulqa,0,5,0.0,1.0,0.2,0.9765145182609558,0.9446991682052612,0.9978708028793335,0.021144261583685875,0.02348548173904419
truthfulqa_140_inc_4,truthfulqa,1,5,0.4,0.4,0.6,0.8304764628410339,0.7174607515335083,1.0,0.1384153962135315,0.16952353715896606
truthfulqa_297_inc_0,truthfulqa,1,5,0.0,1.0,0.2,0.7763329744338989,0.6473685503005981,0.9821991324424744,0.08298494666814804,0.22366702556610107
truthfulqa_446_corr_1,truthfulqa,0,5,0.2,0.6,0.4,0.7189239859580994,0.5468996167182922,1.0,0.17759482562541962,0.28107601404190063
truthfulqa_302_inc_2,truthfulqa,1,5,1.0,0.2,1.0,1.0,1.0,1.0,0.0,0.0
truthfulqa_386_corr_2,truthfulqa,0,5,0.0,1.0,0.2,0.8090338706970215,0.6703050136566162,0.9746760725975037,0.10393602401018143,0.19096612930297852
truthfulqa_436_corr_1,truthfulqa,0,5,1.0,0.2,1.0,1.0,1.0,1.0,0.0,0.0
truthfulqa_59_inc_2,truthfulqa,1,5,0.0,1.0,0.2,0.742514967918396,0.44175970554351807,0.963211178779602,0.23918326199054718,0.257485032081604
truthfulqa_363_best,truthfulqa,0,5,0.1,0.8,0.4,0.8448893427848816,0.7356957197189331,1.0,0.12029485404491425,0.1551106572151184
truthfulqa_454_inc_10,truthfulqa,1,5,0.0,1.0,0.2,0.6506729125976562,0.4679242968559265,0.8358483910560608,0.13334447145462036,0.34932708740234375
truthfulqa_328_corr_3,truthfulqa,0,5,0.6,0.4,0.8,0.9831935167312622,0.9579837918281555,0.9999999403953552,0.02058362402021885,0.016806483268737793
truthfulqa_653_best,truthfulqa,0,5,1.0,0.2,1.0,1.0,1.0,1.0,0.0,0.0
truthfulqa_491_inc_4,truthfulqa,1,5,0.3,0.6,0.6,0.7410259246826172,0.4668247699737549,0.9999997615814209,0.19192273914813995,0.2589740753173828
truthfulqa_103_inc_0,truthfulqa,1,5,1.0,0.2,1.0,1.0,1.0,1.0,0.0,0.0
truthfulqa_20_inc_2,truthfulqa,1,5,0.3,0.6,0.6,0.9589638710021973,0.930831253528595,1.0,0.03346705436706543,0.041036128997802734
truthfulqa_413_inc_0,truthfulqa,1,5,0.4,0.4,0.6,0.6307604312896729,0.38460078835487366,1.0,0.30148279666900635,0.36923956871032715
truthfulqa_421_corr_2,truthfulqa,0,5,1.0,0.2,1.0,1.0,1.0,1.0,0.0,0.0
truthfulqa_736_corr_1,truthfulqa,0,5,0.0,1.0,0.2,0.9381305575370789,0.9108618497848511,0.9770601987838745,0.020899590104818344,0.06186944246292114
truthfulqa_644_inc_0,truthfulqa,1,5,0.0,1.0,0.2,0.9101825952529907,0.8238542079925537,0.9631768465042114,0.03864437714219093,0.08981740474700928
truthfulqa_175_corr_1,truthfulqa,0,5,0.1,0.8,0.4,0.47217994928359985,0.341158926486969,0.9999996423721313,0.18194499611854553,0.5278200507164001
truthfulqa_57_inc_3,truthfulqa,1,5,0.1,0.8,0.4,0.8856198191642761,0.7668929100036621,0.9999997615814209,0.09133028984069824,0.11438018083572388
truthfulqa_108_corr_2,truthfulqa,0,5,1.0,0.2,1.0,0.9999998807907104,0.9999998807907104,0.9999998807907104,0.0,1.1920928955078125e-07
truthfulqa_319_corr_3,truthfulqa,0,5,0.4,0.4,0.6,0.7810912132263184,0.6351521015167236,1.0,0.17873823642730713,0.21890878677368164
truthfulqa_38_inc_5,truthfulqa,1,5,1.0,0.2,1.0,0.9798067212104797,0.949516773223877,1.0,0.024731628596782684,0.020193278789520264
truthfulqa_471_corr_3,truthfulqa,0,5,1.0,0.2,1.0,0.9749614596366882,0.9374035596847534,1.0,0.030665867030620575,0.025038540363311768
truthfulqa_733_corr_2,truthfulqa,0,5,0.3,0.6,0.6,0.9888518452644348,0.975229024887085,1.0,0.010330775752663612,0.011148154735565186
truthfulqa_79_best,truthfulqa,0,5,0.1,0.8,0.4,0.9383031725883484,0.906455934047699,0.9999999403953552,0.025153109803795815,0.06169682741165161
truthfulqa_307_corr_1,truthfulqa,0,5,0.0,1.0,0.2,0.9600494503974915,0.9354139566421509,0.9982293844223022,0.02227858640253544,0.039950549602508545
truthfulqa_608_best,truthfulqa,0,5,0.0,1.0,0.2,0.8409951329231262,0.7337042689323425,0.9623560309410095,0.06214997172355652,0.15900486707687378
truthfulqa_437_best,truthfulqa,0,5,0.6,0.4,0.8,0.8828304409980774,0.7070761919021606,1.0,0.14350277185440063,0.11716955900192261
truthfulqa_621_best,truthfulqa,0,5,0.0,1.0,0.2,0.7539387941360474,0.5620673298835754,0.918838620185852,0.11811976134777069,0.24606120586395264
truthfulqa_115_corr_4,truthfulqa,0,5,1.0,0.2,1.0,1.0,1.0,1.0,0.0,0.0
truthfulqa_788_inc_1,truthfulqa,1,5,0.2,0.6,0.4,0.9043008685112,0.8347080945968628,1.0,0.05399063602089882,0.09569913148880005
truthfulqa_273_corr_3,truthfulqa,0,5,0.0,1.0,0.2,0.8836128115653992,0.8166211843490601,0.9258315563201904,0.028365496546030045,0.11638718843460083
truthfulqa_119_inc_1,truthfulqa,1,5,0.1,0.8,0.4,0.915208637714386,0.8532840013504028,1.0,0.05111771821975708,0.08479136228561401
truthfulqa_553_inc_1,truthfulqa,1,5,0.1,0.8,0.4,0.8610595464706421,0.7636404633522034,1.0,0.07245849817991257,0.1389404535293579
truthfulqa_394_best,truthfulqa,0,5,0.1,0.8,0.4,0.4822579324245453,0.12645366787910461,0.9999998807907104,0.2994517982006073,0.5177420675754547
truthfulqa_285_corr_3,truthfulqa,0,5,0.0,1.0,0.2,0.5563100576400757,0.0682389885187149,0.9172301292419434,0.38097256422042847,0.4436899423599243
truthfulqa_235_corr_1,truthfulqa,0,5,0.1,0.8,0.4,0.9384967088699341,0.9006720781326294,0.9999998807907104,0.031375233083963394,0.06150329113006592
truthfulqa_139_inc_4,truthfulqa,1,5,0.1,0.8,0.4,0.9718257188796997,0.9558275938034058,0.9999998807907104,0.015253673307597637,0.028174281120300293
truthfulqa_416_inc_1,truthfulqa,1,5,1.0,0.2,1.0,1.0,1.0,1.0,0.0,0.0
truthfulqa_551_inc_9,truthfulqa,1,5,1.0,0.2,1.0,0.9999998807907104,0.9999999403953552,0.9999999403953552,5.960464477539063e-08,1.1920928955078125e-07
truthfulqa_374_best,truthfulqa,0,5,0.6,0.4,0.8,0.7317289710044861,0.3293224275112152,1.0,0.32856354117393494,0.2682710289955139
truthfulqa_521_inc_0,truthfulqa,1,5,1.0,0.2,1.0,1.0,1.0,1.0,0.0,0.0
truthfulqa_646_inc_1,truthfulqa,1,5,0.3,0.6,0.6,0.9078797101974487,0.8526624441146851,1.0,0.06593606621026993,0.09212028980255127
truthfulqa_605_corr_1,truthfulqa,0,5,0.6,0.4,0.8,0.8570688962936401,0.6426724195480347,0.9999999403953552,0.17505401372909546,0.14293110370635986
truthfulqa_345_corr_3,truthfulqa,0,5,0.3,0.6,0.6,0.9918214082717896,0.9845679402351379,1.0,0.006198736373335123,0.00817859172821045
truthfulqa_324_corr_4,truthfulqa,0,5,0.0,1.0,0.2,0.5581914186477661,0.3527909517288208,0.7716472148895264,0.14745402336120605,0.4418085813522339
truthfulqa_649_inc_1,truthfulqa,1,5,1.0,0.2,1.0,1.0,1.0,1.0,0.0,0.0
truthfulqa_806_corr_1,truthfulqa,0,5,0.1,0.8,0.4,0.7443758845329285,0.588911235332489,0.9999998211860657,0.13227631151676178,0.25562411546707153
truthfulqa_730_corr_2,truthfulqa,0,5,0.1,0.8,0.4,0.7250076532363892,0.387159526348114,0.9999998807907104,0.2402283102273941,0.27499234676361084
truthfulqa_364_corr_1,truthfulqa,0,5,0.0,1.0,0.2,0.8148390650749207,0.6579557657241821,0.9330991506576538,0.09250958263874054,0.18516093492507935
truthfulqa_399_inc_1,truthfulqa,1,5,0.0,1.0,0.2,0.7792395353317261,0.6483942270278931,0.9062888622283936,0.07237972319126129,0.22076046466827393
truthfulqa_754_corr_1,truthfulqa,0,5,0.0,1.0,0.2,0.3228572607040405,0.10462269932031631,0.7589429616928101,0.20727182924747467,0.6771427392959595
truthfulqa_484_corr_1,truthfulqa,0,5,0.0,1.0,0.2,0.9019114375114441,0.8380899429321289,0.9889698028564453,0.03998556733131409,0.09808856248855591
truthfulqa_37_inc_0,truthfulqa,1,5,0.1,0.8,0.4,0.719032347202301,0.6215397119522095,1.0,0.11876271665096283,0.280967652797699
truthfulqa_442_inc_3,truthfulqa,1,5,1.0,0.2,1.0,0.9999998807907104,0.9999998807907104,0.9999998807907104,0.0,1.1920928955078125e-07
truthfulqa_403_corr_3,truthfulqa,0,5,0.6,0.4,0.8,0.7675132751464844,0.4187832176685333,1.0,0.28473690152168274,0.23248672485351562
truthfulqa_90_best,truthfulqa,0,5,1.0,0.2,1.0,1.0,1.0,1.0,0.0,0.0
truthfulqa_169_inc_3,truthfulqa,1,5,0.1,0.8,0.4,0.6900142431259155,0.5893451571464539,1.0,0.11327242106199265,0.3099857568740845
truthfulqa_390_corr_2,truthfulqa,0,5,0.0,1.0,0.2,0.9389303922653198,0.9114173650741577,0.9983693361282349,0.024620627984404564,0.061069607734680176
truthfulqa_506_inc_4,truthfulqa,1,5,0.1,0.8,0.4,0.8255470395088196,0.7101740837097168,0.9934375882148743,0.10748478770256042,0.17445296049118042
truthfulqa_291_best,truthfulqa,0,5,0.0,1.0,0.2,0.6534968614578247,0.5022752285003662,0.9538017511367798,0.12080554664134979,0.3465031385421753
truthfulqa_293_best,truthfulqa,0,5,1.0,0.2,1.0,1.0,1.0,1.0,0.0,0.0
truthfulqa_491_inc_1,truthfulqa,1,5,0.6,0.4,0.8,0.783822238445282,0.4668247699737549,0.9999997615814209,0.2469037026166916,0.21617776155471802
truthfulqa_677_corr_2,truthfulqa,0,5,0.4,0.4,0.6,0.952574610710144,0.9209576845169067,1.0,0.03872266784310341,0.04742538928985596
truthfulqa_206_inc_0,truthfulqa,1,5,0.1,0.8,0.4,0.6896945238113403,0.4860430359840393,1.0,0.2438831925392151,0.31030547618865967
truthfulqa_224_inc_2,truthfulqa,1,5,0.6,0.4,0.8,0.872044563293457,0.6801114082336426,1.0,0.15671277046203613,0.12795543670654297
truthfulqa_44_inc_0,truthfulqa,1,5,0.1,0.8,0.4,0.398527055978775,0.0775195062160492,1.0,0.37035229802131653,0.601472944021225
truthfulqa_30_inc_1,truthfulqa,1,5,0.3,0.6,0.6,0.5389086008071899,0.2571258246898651,1.0,0.3034188449382782,0.46109139919281006
truthfulqa_56_best,truthfulqa,0,5,0.1,0.8,0.4,0.7066594362258911,0.5855098962783813,1.0,0.1473502814769745,0.2933405637741089
truthfulqa_213_corr_1,truthfulqa,0,5,0.3,0.6,0.6,0.9727733731269836,0.9442583322525024,0.9999998807907104,0.021607613191008568,0.027226626873016357
truthfulqa_549_inc_2,truthfulqa,1,5,0.6,0.4,0.8,0.7487753629684448,0.37193870544433594,0.9999997615814209,0.30768582224845886,0.2512246370315552
truthfulqa_447_best,truthfulqa,0,5,1.0,0.2,1.0,0.9672888517379761,0.945481538772583,1.0,0.026708481833338737,0.032711148262023926
truthfulqa_16_corr_6,truthfulqa,0,5,0.1,0.8,0.4,0.860681414604187,0.7633570432662964,0.9999998807907104,0.08690901845693588,0.139318585395813
truthfulqa_103_inc_3,truthfulqa,1,5,1.0,0.2,1.0,1.0,1.0,1.0,0.0,0.0
truthfulqa_489_best,truthfulqa,0,5,0.0,1.0,0.2,0.9092615246772766,0.8682742118835449,0.9521955251693726,0.02666165865957737,0.09073847532272339
truthfulqa_520_inc_3,truthfulqa,1,5,0.4,0.4,0.6,0.8981088399887085,0.8301814794540405,1.0,0.08319370448589325,0.1018911600112915
truthfulqa_743_inc_1,truthfulqa,1,5,1.0,0.2,1.0,1.0,1.0,1.0,0.0,0.0
truthfulqa_636_corr_1,truthfulqa,0,5,0.4,0.4,0.6,0.8757585287094116,0.7929309606552124,1.0,0.10144265741109848,0.12424147129058838
truthfulqa_568_inc_2,truthfulqa,1,5,1.0,0.2,1.0,1.0,1.0,1.0,0.0,0.0
truthfulqa_530_corr_3,truthfulqa,0,5,1.0,0.2,1.0,1.0,1.0,1.0,0.0,0.0
truthfulqa_279_inc_2,truthfulqa,1,5,0.4,0.4,0.6,0.9991636276245117,0.9986060857772827,1.0,0.0006828757468611002,0.0008363723754882812
truthfulqa_113_inc_2,truthfulqa,1,5,1.0,0.2,1.0,0.9957877993583679,0.9894694089889526,1.0,0.005158914718776941,0.00421220064163208
truthfulqa_62_inc_2,truthfulqa,1,5,0.6,0.4,0.8,0.8854854702949524,0.7137137651443481,1.0,0.1402510404586792,0.11451452970504761
truthfulqa_131_corr_2,truthfulqa,0,5,0.2,0.6,0.4,0.6590563058853149,0.4926378130912781,1.0,0.17562992870807648,0.34094369411468506
truthfulqa_131_inc_0,truthfulqa,1,5,0.4,0.4,0.6,0.7473270297050476,0.5641247034072876,0.9999998807907104,0.19981947541236877,0.2526729702949524
truthfulqa_642_inc_1,truthfulqa,1,5,1.0,0.2,1.0,1.0,1.0,1.0,0.0,0.0
truthfulqa_694_inc_2,truthfulqa,1,5,0.0,1.0,0.2,0.5818173289299011,0.2723783254623413,0.918724536895752,0.2162441909313202,0.4181826710700989
truthfulqa_188_corr_2,truthfulqa,0,5,1.0,0.2,1.0,1.0,1.0,1.0,0.0,0.0
truthfulqa_559_corr_2,truthfulqa,0,5,1.0,0.2,1.0,1.0,1.0,1.0,0.0,0.0
truthfulqa_356_inc_2,truthfulqa,1,5,0.1,0.8,0.4,0.5271378755569458,0.22820770740509033,0.9999998807907104,0.35950347781181335,0.4728621244430542
truthfulqa_382_best,truthfulqa,0,5,0.0,1.0,0.2,0.609829843044281,0.39429163932800293,0.9456157684326172,0.1844819039106369,0.390170156955719
truthfulqa_643_inc_2,truthfulqa,1,5,0.4,0.4,0.6,0.9788451194763184,0.9647418260574341,1.0,0.017272906377911568,0.02115488052368164
truthfulqa_565_inc_1,truthfulqa,1,5,1.0,0.2,1.0,1.0,1.0,1.0,0.0,0.0
truthfulqa_331_corr_4,truthfulqa,0,5,0.3,0.6,0.6,0.9833704829216003,0.9590962529182434,1.0,0.01849805936217308,0.016629517078399658
truthfulqa_582_corr_1,truthfulqa,0,5,0.4,0.4,0.6,0.7396005392074585,0.5660008788108826,1.0,0.21261528134346008,0.2603994607925415
truthfulqa_300_inc_9,truthfulqa,1,5,1.0,0.2,1.0,1.0,1.0,1.0,0.0,0.0
truthfulqa_541_inc_2,truthfulqa,1,5,0.3,0.6,0.6,0.6440245509147644,0.46516475081443787,0.9999997615814209,0.23505468666553497,0.3559754490852356
truthfulqa_681_corr_1,truthfulqa,0,5,0.6,0.4,0.8,0.7868450284004211,0.46711257100105286,1.0,0.2610604465007782,0.21315497159957886
truthfulqa_606_corr_2,truthfulqa,0,5,0.0,1.0,0.2,0.86420077085495,0.8182288408279419,0.9307005405426025,0.039203912019729614,0.13579922914505005
truthfulqa_263_best,truthfulqa,0,5,0.6,0.4,0.8,0.9930941462516785,0.9827352166175842,1.0,0.00845798198133707,0.006905853748321533
truthfulqa_512_inc_5,truthfulqa,1,5,0.6,0.4,0.8,0.8485720753669739,0.6214301586151123,1.0,0.18546058237552643,0.15142792463302612
truthfulqa_225_corr_1,truthfulqa,0,5,0.0,1.0,0.2,0.857819676399231,0.7849361896514893,0.9920365214347839,0.070306196808815,0.14218032360076904
truthfulqa_405_inc_2,truthfulqa,1,5,1.0,0.2,1.0,1.0,1.0,1.0,0.0,0.0
truthfulqa_174_corr_2,truthfulqa,0,5,0.1,0.8,0.4,0.6557780504226685,0.4717724323272705,0.9363946914672852,0.1310771256685257,0.34422194957733154
truthfulqa_728_inc_0,truthfulqa,1,5,1.0,0.2,1.0,0.9999998807907104,0.9999999403953552,0.9999999403953552,5.960464477539063e-08,1.1920928955078125e-07
truthfulqa_582_corr_2,truthfulqa,0,5,0.4,0.4,0.6,0.7396005392074585,0.5660008788108826,1.0,0.21261528134346008,0.2603994607925415
truthfulqa_87_inc_2,truthfulqa,1,5,0.0,1.0,0.2,0.5995508432388306,0.04386288300156593,0.9959990382194519,0.35642147064208984,0.40044915676116943
truthfulqa_436_inc_1,truthfulqa,1,5,1.0,0.2,1.0,1.0,1.0,1.0,0.0,0.0
truthfulqa_44_corr_2,truthfulqa,0,5,0.1,0.8,0.4,0.5423799753189087,0.07751952111721039,1.0,0.3523828983306885,0.4576200246810913
truthfulqa_62_corr_2,truthfulqa,0,5,1.0,0.2,1.0,1.0,1.0,1.0,0.0,0.0
truthfulqa_60_inc_1,truthfulqa,1,5,0.1,0.8,0.4,0.8022230863571167,0.6901665925979614,1.0,0.10287374258041382,0.1977769136428833
truthfulqa_193_best,truthfulqa,0,5,0.3,0.6,0.6,0.9528235197067261,0.916130781173706,1.0,0.037790969014167786,0.047176480293273926
truthfulqa_277_corr_3,truthfulqa,0,5,0.6,0.4,0.8,0.997463047504425,0.9936578869819641,0.9999997615814209,0.003106871386989951,0.002536952495574951
truthfulqa_288_corr_1,truthfulqa,0,5,0.2,0.6,0.4,0.4179086685180664,0.10002202540636063,1.0,0.319102942943573,0.5820913314819336
truthfulqa_6_best,truthfulqa,0,5,1.0,0.2,1.0,1.0,1.0,1.0,0.0,0.0
truthfulqa_392_inc_1,truthfulqa,1,5,0.0,1.0,0.2,0.8294774293899536,0.7851718664169312,0.8819786310195923,0.03364400193095207,0.1705225706100464
truthfulqa_20_inc_3,truthfulqa,1,5,0.2,0.6,0.4,0.9304466247558594,0.8859024047851562,1.0,0.04270193353295326,0.06955337524414062
truthfulqa_280_corr_3,truthfulqa,0,5,1.0,0.2,1.0,1.0,1.0,1.0,0.0,0.0
truthfulqa_434_inc_2,truthfulqa,1,5,1.0,0.2,1.0,1.0,1.0,1.0,0.0,0.0
truthfulqa_69_inc_0,truthfulqa,1,5,1.0,0.2,1.0,1.0,1.0,1.0,0.0,0.0
truthfulqa_780_best,truthfulqa,0,5,0.6,0.4,0.8,0.775302529335022,0.4382564127445221,1.0,0.27519702911376953,0.22469747066497803
truthfulqa_519_best,truthfulqa,0,5,1.0,0.2,1.0,0.9897348284721375,0.9743374586105347,0.9999996423721313,0.012571850791573524,0.010265171527862549
truthfulqa_776_inc_3,truthfulqa,1,5,0.3,0.6,0.6,0.391667902469635,0.0073250699788331985,1.0,0.46507975459098816,0.608332097530365
truthfulqa_259_corr_1,truthfulqa,0,5,0.0,1.0,0.2,0.9047277569770813,0.8319028615951538,0.9961807727813721,0.056869860738515854,0.0952722430229187
truthfulqa_190_corr_2,truthfulqa,0,5,0.1,0.8,0.4,0.9228841066360474,0.8757959604263306,1.0,0.03296470269560814,0.07711589336395264
truthfulqa_362_inc_2,truthfulqa,1,5,0.3,0.6,0.6,0.941847026348114,0.867637038230896,0.9999999403953552,0.05493520200252533,0.058152973651885986
truthfulqa_804_corr_1,truthfulqa,0,5,0.0,1.0,0.2,0.6639437675476074,0.4865099787712097,0.8925470113754272,0.1551583707332611,0.3360562324523926
truthfulqa_456_inc_2,truthfulqa,1,5,0.0,1.0,0.2,0.7925931811332703,0.7068771123886108,0.8890165686607361,0.05052155628800392,0.20740681886672974
truthfulqa_438_best,truthfulqa,0,5,1.0,0.2,1.0,1.0,1.0,1.0,0.0,0.0
truthfulqa_100_corr_3,truthfulqa,0,5,1.0,0.2,1.0,1.0,1.0,1.0,0.0,0.0
truthfulqa_250_corr_2,truthfulqa,0,5,0.4,0.4,0.6,0.626042902469635,0.37673816084861755,1.0,0.3053346872329712,0.373957097530365
truthfulqa_715_inc_0,truthfulqa,1,5,0.1,0.8,0.4,0.916307270526886,0.8706825375556946,1.0,0.04433530941605568,0.08369272947311401
truthfulqa_178_corr_1,truthfulqa,0,5,0.3,0.6,0.6,0.627414345741272,0.38373950123786926,1.0,0.25221139192581177,0.372585654258728
truthfulqa_95_inc_1,truthfulqa,1,5,1.0,0.2,1.0,1.0,1.0,1.0,0.0,0.0
truthfulqa_232_inc_2,truthfulqa,1,5,0.0,1.0,0.2,0.6803500652313232,0.567939043045044,0.8705245852470398,0.08467467129230499,0.31964993476867676
truthfulqa_312_inc_3,truthfulqa,1,5,1.0,0.2,1.0,0.9999998211860657,0.9999998211860657,0.9999998211860657,0.0,1.7881393432617188e-07
truthfulqa_541_inc_0,truthfulqa,1,5,0.1,0.8,0.4,0.622709333896637,0.46516475081443787,0.9999997615814209,0.14709517359733582,0.37729066610336304
truthfulqa_593_inc_1,truthfulqa,1,5,0.3,0.6,0.6,0.902328610420227,0.7580835819244385,1.0,0.1153234913945198,0.09767138957977295
truthfulqa_240_corr_2,truthfulqa,0,5,0.0,1.0,0.2,0.9511126279830933,0.9067602753639221,0.9949316382408142,0.026663009077310562,0.04888737201690674
truthfulqa_56_inc_0,truthfulqa,1,5,0.0,1.0,0.2,0.7394648194313049,0.6484770774841309,0.9322348833084106,0.08031093329191208,0.26053518056869507
truthfulqa_151_best,truthfulqa,0,5,0.1,0.8,0.4,0.9190510511398315,0.8033946752548218,1.0,0.06101389229297638,0.08094894886016846
truthfulqa_244_inc_2,truthfulqa,1,5,0.3,0.6,0.6,0.7560416460037231,0.5301178693771362,1.0,0.18125222623348236,0.24395835399627686
truthfulqa_670_corr_4,truthfulqa,0,5,1.0,0.2,1.0,1.0,1.0,1.0,0.0,0.0
truthfulqa_18_inc_4,truthfulqa,1,5,0.2,0.6,0.4,0.9823783040046692,0.9694604873657227,1.0,0.012815604917705059,0.01762169599533081
truthfulqa_336_best,truthfulqa,0,5,0.0,1.0,0.2,0.8737080693244934,0.8069230318069458,0.954246997833252,0.04026513174176216,0.1262919306755066
truthfulqa_421_corr_3,truthfulqa,0,5,1.0,0.2,1.0,1.0,1.0,1.0,0.0,0.0
truthfulqa_318_inc_4,truthfulqa,1,5,0.6,0.4,0.8,0.8307013511657715,0.576753556728363,0.9999998807907104,0.20734751224517822,0.16929864883422852
truthfulqa_172_inc_1,truthfulqa,1,5,0.0,1.0,0.2,0.9030300378799438,0.8256270885467529,0.9668160676956177,0.0387708880007267,0.09696996212005615
truthfulqa_695_inc_0,truthfulqa,1,5,0.3,0.6,0.6,0.9333099126815796,0.8988596200942993,1.0,0.04499262571334839,0.06669008731842041
truthfulqa_524_corr_2,truthfulqa,0,5,1.0,0.2,1.0,0.9673963785171509,0.9456605911254883,1.0,0.026620764285326004,0.03260362148284912
truthfulqa_110_inc_3,truthfulqa,1,5,1.0,0.2,1.0,1.0,1.0,1.0,0.0,0.0
truthfulqa_400_best,truthfulqa,0,5,0.3,0.6,0.6,0.5853731036186218,0.33042576909065247,0.9999998807907104,0.2893790304660797,0.4146268963813782
truthfulqa_344_inc_0,truthfulqa,1,5,0.0,1.0,0.2,0.8312786817550659,0.6101977825164795,0.9701676368713379,0.1510758399963379,0.16872131824493408
truthfulqa_6_inc_0,truthfulqa,1,5,1.0,0.2,1.0,1.0,1.0,1.0,0.0,0.0
truthfulqa_555_corr_2,truthfulqa,0,5,0.2,0.6,0.4,0.9865690469741821,0.9751020073890686,1.0,0.010314407758414745,0.013430953025817871
truthfulqa_102_corr_4,truthfulqa,0,5,1.0,0.2,1.0,1.0,1.0,1.0,0.0,0.0
truthfulqa_510_inc_6,truthfulqa,1,5,0.1,0.8,0.4,0.9338642954826355,0.8997102975845337,1.0,0.030238058418035507,0.0661357045173645
truthfulqa_537_inc_2,truthfulqa,1,5,0.0,1.0,0.2,0.9151843786239624,0.8536515235900879,0.9867331981658936,0.04240306839346886,0.0848156213760376
truthfulqa_43_inc_0,truthfulqa,1,5,0.6,0.4,0.8,0.8902929425239563,0.7257323265075684,0.9999999403953552,0.13436314463615417,0.1097070574760437
truthfulqa_617_inc_0,truthfulqa,1,5,0.1,0.8,0.4,0.41605037450790405,0.09748333692550659,0.9999997615814209,0.36856353282928467,0.583949625492096
truthfulqa_17_corr_1,truthfulqa,0,5,1.0,0.2,1.0,1.0,1.0,1.0,0.0,0.0
truthfulqa_694_best,truthfulqa,0,5,0.0,1.0,0.2,0.5459968447685242,0.3333127498626709,0.7572987079620361,0.13292065262794495,0.45400315523147583
truthfulqa_65_inc_0,truthfulqa,1,5,0.0,1.0,0.2,0.8886796236038208,0.7994242906570435,0.9778286218643188,0.058271367102861404,0.1113203763961792
truthfulqa_761_corr_1,truthfulqa,0,5,0.0,1.0,0.2,0.9583150148391724,0.9334657788276672,0.9989657402038574,0.027296585962176323,0.04168498516082764
truthfulqa_325_inc_3,truthfulqa,1,5,0.6,0.4,0.8,0.8202659487724304,0.5506648421287537,1.0,0.2201283723115921,0.17973405122756958
truthfulqa_340_corr_3,truthfulqa,0,5,0.6,0.4,0.8,0.998149573802948,0.9953739047050476,1.0,0.002266314346343279,0.001850426197052002
truthfulqa_41_inc_2,truthfulqa,1,5,0.0,1.0,0.2,0.9039552807807922,0.8705587983131409,0.9407578706741333,0.027037126943469048,0.09604471921920776
truthfulqa_703_inc_2,truthfulqa,1,5,0.0,1.0,0.2,0.9757397770881653,0.9643360376358032,0.985775351524353,0.006672161631286144,0.024260222911834717
truthfulqa_30_best,truthfulqa,0,5,0.6,0.4,0.8,0.7510606050491333,0.37765148282051086,1.0,0.3048872649669647,0.2489393949508667
truthfulqa_433_best,truthfulqa,0,5,1.0,0.2,1.0,1.0,1.0,1.0,0.0,0.0
truthfulqa_45_corr_4,truthfulqa,0,5,0.6,0.4,0.8,0.8102002143859863,0.5255007743835449,0.9999998807907104,0.23245614767074585,0.18979978561401367
truthfulqa_60_inc_0,truthfulqa,1,5,0.3,0.6,0.6,0.8359895944595337,0.6584388017654419,1.0,0.11345002055168152,0.1640104055404663
truthfulqa_310_inc_0,truthfulqa,1,5,0.4,0.4,0.6,0.9944478273391724,0.990746259689331,1.0,0.004533381201326847,0.005552172660827637
truthfulqa_363_inc_0,truthfulqa,1,5,0.3,0.6,0.6,0.8254300951957703,0.626744270324707,0.9999998807907104,0.12398742884397507,0.17456990480422974
truthfulqa_246_corr_1,truthfulqa,0,5,0.0,1.0,0.2,0.9758461713790894,0.9607217907905579,0.9910722970962524,0.009387727826833725,0.024153828620910645
truthfulqa_353_inc_1,truthfulqa,1,5,0.0,1.0,0.2,0.9122657775878906,0.8179079294204712,0.9908313751220703,0.06427488476037979,0.08773422241210938
truthfulqa_716_best,truthfulqa,0,5,0.0,1.0,0.2,0.7880187034606934,0.5845646858215332,0.9943411350250244,0.14222881197929382,0.21198129653930664
truthfulqa_493_inc_3,truthfulqa,1,5,0.6,0.4,0.8,0.9838418960571289,0.9596047401428223,1.0,0.019789554178714752,0.016158103942871094
truthfulqa_618_corr_2,truthfulqa,0,5,0.3,0.6,0.6,0.49801120162010193,0.11498477309942245,1.0,0.36123648285865784,0.5019887983798981
truthfulqa_129_inc_4,truthfulqa,1,5,0.6,0.4,0.8,0.7390725016593933,0.34768128395080566,1.0,0.31956958770751953,0.2609274983406067
truthfulqa_65_inc_1,truthfulqa,1,5,0.0,1.0,0.2,0.8123012781143188,0.7527564764022827,0.8880552053451538,0.04277477785944939,0.18769872188568115
truthfulqa_272_corr_2,truthfulqa,0,5,0.0,1.0,0.2,0.9820896983146667,0.9741185903549194,0.9957915544509888,0.006548529025167227,0.017910301685333252
truthfulqa_725_corr_2,truthfulqa,0,5,1.0,0.2,1.0,0.9999998807907104,0.9999999403953552,0.9999999403953552,5.960464477539063e-08,1.1920928955078125e-07
truthfulqa_113_best,truthfulqa,0,5,0.4,0.4,0.6,0.8759921789169312,0.7905705571174622,1.0,0.09613283723592758,0.12400782108306885
truthfulqa_205_inc_2,truthfulqa,1,5,0.4,0.4,0.6,0.7743311524391174,0.6238852739334106,1.0,0.18425783514976501,0.22566884756088257
truthfulqa_148_best,truthfulqa,0,5,0.6,0.4,0.8,0.7601145505905151,0.5039373636245728,1.0,0.20159386098384857,0.23988544940948486
truthfulqa_633_inc_0,truthfulqa,1,5,0.0,1.0,0.2,0.29414695501327515,0.19493873417377472,0.4718542993068695,0.08654113858938217,0.7058530449867249
truthfulqa_124_best,truthfulqa,0,5,0.0,1.0,0.2,0.959445595741272,0.9032615423202515,0.9997966289520264,0.04417656734585762,0.04055440425872803
truthfulqa_100_best,truthfulqa,0,5,1.0,0.2,1.0,1.0,1.0,1.0,0.0,0.0
truthfulqa_168_corr_1,truthfulqa,0,5,0.3,0.6,0.6,0.6317141652107239,0.168498694896698,1.0,0.3647669851779938,0.3682858347892761
truthfulqa_199_corr_1,truthfulqa,0,5,0.0,1.0,0.2,0.862786591053009,0.7937215566635132,0.9510778188705444,0.05329465493559837,0.13721340894699097
truthfulqa_685_inc_0,truthfulqa,1,5,0.1,0.8,0.4,0.9186159372329712,0.8650724291801453,0.9999998807907104,0.035753283649683,0.08138406276702881
truthfulqa_83_inc_1,truthfulqa,1,5,0.6,0.4,0.8,0.911270022392273,0.7781751155853271,0.9999998807907104,0.10867149382829666,0.08872997760772705
truthfulqa_350_inc_1,truthfulqa,1,5,0.0,1.0,0.2,0.8348970413208008,0.5876642465591431,0.985310971736908,0.166371688246727,0.16510295867919922
truthfulqa_70_best,truthfulqa,0,5,0.6,0.4,0.8,0.7883143424987793,0.47078585624694824,1.0,0.2592609226703644,0.2116856575012207
truthfulqa_769_inc_3,truthfulqa,1,5,0.0,1.0,0.2,0.5354253649711609,0.3492569327354431,0.6946519613265991,0.09992194175720215,0.4645746350288391
truthfulqa_614_best,truthfulqa,0,5,1.0,0.2,1.0,1.0,1.0,1.0,0.0,0.0
truthfulqa_419_best,truthfulqa,0,5,1.0,0.2,1.0,0.9718273878097534,0.9295685291290283,1.0,0.034504234790802,0.028172612190246582
truthfulqa_11_inc_3,truthfulqa,1,5,0.4,0.4,0.6,0.8384722471237183,0.7307871580123901,1.0,0.131886824965477,0.16152775287628174
truthfulqa_50_inc_1,truthfulqa,1,5,0.2,0.6,0.4,0.5010986924171448,0.30561941862106323,1.0,0.25225892663002014,0.4989013075828552
truthfulqa_629_inc_0,truthfulqa,1,5,0.0,1.0,0.2,0.5667263865470886,0.40486884117126465,0.8806020617485046,0.1752944439649582,0.4332736134529114
truthfulqa_274_best,truthfulqa,0,5,0.6,0.4,0.8,0.6540921926498413,0.13523051142692566,0.9999998807907104,0.4236487150192261,0.3459078073501587
truthfulqa_333_best,truthfulqa,0,5,0.0,1.0,0.2,0.8930116891860962,0.8314254283905029,0.9949461221694946,0.049583613872528076,0.10698831081390381
truthfulqa_201_corr_2,truthfulqa,0,5,0.0,1.0,0.2,0.9575332403182983,0.9319671392440796,0.9838011860847473,0.019557885825634003,0.04246675968170166
truthfulqa_615_inc_1,truthfulqa,1,5,0.6,0.4,0.8,0.8921219110488892,0.7303047180175781,1.0,0.1321231722831726,0.10787808895111084
truthfulqa_588_best,truthfulqa,0,5,0.0,1.0,0.2,0.5726948976516724,0.1172221302986145,0.9683278799057007,0.34417077898979187,0.42730510234832764
truthfulqa_41_inc_8,truthfulqa,1,5,0.0,1.0,0.2,0.6320446133613586,0.4199340045452118,0.9289013147354126,0.2096720188856125,0.36795538663864136
truthfulqa_613_corr_3,truthfulqa,0,5,0.6,0.4,0.8,0.8921219110488892,0.7303047180175781,1.0,0.1321231722831726,0.10787808895111084
truthfulqa_352_corr_2,truthfulqa,0,5,0.0,1.0,0.2,0.9067875146865845,0.8600549697875977,0.9631059169769287,0.027615906670689583,0.09321248531341553
truthfulqa_89_inc_1,truthfulqa,1,5,1.0,0.2,1.0,1.0,1.0,1.0,0.0,0.0
truthfulqa_109_corr_2,truthfulqa,0,5,1.0,0.2,1.0,1.0,1.0,1.0,0.0,0.0
truthfulqa_42_inc_0,truthfulqa,1,5,0.3,0.6,0.6,0.6709277033805847,0.35486358404159546,1.0,0.23671846091747284,0.3290722966194153
truthfulqa_276_inc_2,truthfulqa,1,5,0.1,0.8,0.4,0.9788538217544556,0.9646149277687073,0.9999999403953552,0.014336969703435898,0.021146178245544434
truthfulqa_285_inc_2,truthfulqa,1,5,0.0,1.0,0.2,0.5295240879058838,0.03354339301586151,0.9668683409690857,0.3853706121444702,0.4704759120941162
truthfulqa_150_best,truthfulqa,0,5,1.0,0.2,1.0,1.0,1.0,1.0,0.0,0.0
truthfulqa_810_corr_4,truthfulqa,0,5,0.0,1.0,0.2,0.3750338554382324,0.15120506286621094,0.9433428049087524,0.23838253319263458,0.6249661445617676
truthfulqa_578_best,truthfulqa,0,5,1.0,0.2,1.0,1.0,1.0,1.0,0.0,0.0
truthfulqa_747_inc_1,truthfulqa,1,5,0.0,1.0,0.2,0.3145357370376587,0.1719336211681366,0.6295839548110962,0.14402882754802704,0.6854642629623413
truthfulqa_551_best,truthfulqa,0,5,1.0,0.2,1.0,0.9999998807907104,0.9999999403953552,0.9999999403953552,5.960464477539063e-08,1.1920928955078125e-07
truthfulqa_274_corr_1,truthfulqa,0,5,0.4,0.4,0.6,0.4811382293701172,0.13523051142692566,0.9999998807907104,0.42364874482154846,0.5188617706298828
truthfulqa_733_inc_0,truthfulqa,1,5,0.0,1.0,0.2,0.8902481198310852,0.793178141117096,0.9969385862350464,0.07263396680355072,0.1097518801689148
truthfulqa_516_corr_1,truthfulqa,0,5,0.6,0.4,0.8,0.9978634715080261,0.9946588277816772,0.9999998807907104,0.002616570796817541,0.002136528491973877
truthfulqa_422_inc_2,truthfulqa,1,5,1.0,0.2,1.0,1.0,1.0,1.0,0.0,0.0
truthfulqa_564_inc_6,truthfulqa,1,5,0.2,0.6,0.4,0.6203418970108032,0.4113003611564636,1.0,0.2001998871564865,0.3796581029891968
truthfulqa_425_best,truthfulqa,0,5,1.0,0.2,1.0,1.0,1.0,1.0,0.0,0.0
truthfulqa_310_inc_2,truthfulqa,1,5,0.1,0.8,0.4,0.6508151292800903,0.15342389047145844,1.0,0.3373164236545563,0.34918487071990967
truthfulqa_709_inc_1,truthfulqa,1,5,1.0,0.2,1.0,0.9852690696716309,0.975448489189148,1.0,0.012027720920741558,0.01473093032836914
truthfulqa_389_best,truthfulqa,0,5,0.0,1.0,0.2,0.9339219927787781,0.9003552794456482,0.9636081457138062,0.0221067126840353,0.06607800722122192
truthfulqa_509_corr_1,truthfulqa,0,5,0.0,1.0,0.2,0.8294702768325806,0.778296709060669,0.980177640914917,0.05819854885339737,0.17052972316741943
truthfulqa_450_inc_0,truthfulqa,1,5,1.0,0.2,1.0,1.0,1.0,1.0,0.0,0.0
truthfulqa_116_best,truthfulqa,0,5,0.3,0.6,0.6,0.5873898863792419,0.3121591806411743,1.0,0.325295627117157,0.41261011362075806
truthfulqa_15_best,truthfulqa,0,5,0.0,1.0,0.2,0.6981460452079773,0.46804893016815186,0.9415748119354248,0.16525936126708984,0.3018539547920227
truthfulqa_361_corr_1,truthfulqa,0,5,1.0,0.2,1.0,1.0,1.0,1.0,0.0,0.0
truthfulqa_202_corr_1,truthfulqa,0,5,0.0,1.0,0.2,0.9394325017929077,0.9104601144790649,0.9631305932998657,0.016116736456751823,0.060567498207092285
truthfulqa_13_best,truthfulqa,0,5,0.0,1.0,0.2,0.744953453540802,0.5988525152206421,0.9241875410079956,0.114249087870121,0.255046546459198
truthfulqa_532_corr_1,truthfulqa,0,5,0.6,0.4,0.8,0.7348018884658813,0.3370046019554138,1.0,0.3248000741004944,0.26519811153411865
truthfulqa_576_inc_4,truthfulqa,1,5,1.0,0.2,1.0,0.9999998807907104,0.9999998807907104,0.9999998807907104,0.0,1.1920928955078125e-07
truthfulqa_295_inc_2,truthfulqa,1,5,0.0,1.0,0.2,0.9465254545211792,0.9057711362838745,0.9881901741027832,0.02536061964929104,0.0534745454788208
truthfulqa_77_inc_2,truthfulqa,1,5,0.0,1.0,0.2,0.78026282787323,0.7173405885696411,0.9089187979698181,0.05711078643798828,0.21973717212677002
truthfulqa_640_inc_1,truthfulqa,1,5,0.0,1.0,0.2,0.7782493829727173,0.6581568717956543,0.999210774898529,0.10558795928955078,0.22175061702728271
truthfulqa_363_corr_1,truthfulqa,0,5,0.2,0.6,0.4,0.839870274066925,0.7234013080596924,1.0,0.12168144434690475,0.16012972593307495
truthfulqa_233_best,truthfulqa,0,5,0.4,0.4,0.6,0.6424182653427124,0.4040305018424988,1.0,0.29196423292160034,0.3575817346572876
truthfulqa_547_best,truthfulqa,0,5,0.3,0.6,0.6,0.5286829471588135,0.1906597912311554,1.0,0.3161017596721649,0.4713170528411865
truthfulqa_574_best,truthfulqa,0,5,1.0,0.2,1.0,1.0,1.0,1.0,0.0,0.0
truthfulqa_405_corr_4,truthfulqa,0,5,0.3,0.6,0.6,0.9296488761901855,0.8670589923858643,0.9999998807907104,0.055700529366731644,0.07035112380981445
truthfulqa_102_inc_2,truthfulqa,1,5,0.2,0.6,0.4,0.5599097013473511,0.2767370343208313,1.0,0.2393602728843689,0.4400902986526489
truthfulqa_131_inc_3,truthfulqa,1,5,0.6,0.4,0.8,0.7692692875862122,0.4231732189655304,0.9999998807907104,0.2825862169265747,0.23073071241378784
truthfulqa_609_inc_0,truthfulqa,1,5,0.0,1.0,0.2,0.5718058347702026,0.30275315046310425,0.8375588655471802,0.18988701701164246,0.42819416522979736
truthfulqa_39_corr_1,truthfulqa,0,5,1.0,0.2,1.0,1.0,1.0,1.0,0.0,0.0
truthfulqa_55_inc_2,truthfulqa,1,5,0.0,1.0,0.2,0.975621223449707,0.96170973777771,0.9865243434906006,0.007712492719292641,0.02437877655029297
truthfulqa_396_corr_2,truthfulqa,0,5,0.0,1.0,0.2,0.5118578672409058,0.386789470911026,0.8927854299545288,0.13940031826496124,0.48814213275909424
truthfulqa_106_inc_3,truthfulqa,1,5,1.0,0.2,1.0,1.0,1.0,1.0,0.0,0.0
truthfulqa_399_corr_1,truthfulqa,0,5,0.0,1.0,0.2,0.6913613677024841,0.5452375411987305,0.8814160227775574,0.1089671328663826,0.30863863229751587
truthfulqa_765_inc_1,truthfulqa,1,5,0.0,1.0,0.2,0.7748643159866333,0.6078172922134399,0.9462311267852783,0.09757106006145477,0.2251356840133667
truthfulqa_264_corr_2,truthfulqa,0,5,0.3,0.6,0.6,0.7479013800621033,0.6184467077255249,1.0,0.16680152714252472,0.25209861993789673
truthfulqa_78_inc_2,truthfulqa,1,5,0.0,1.0,0.2,0.8273369073867798,0.7002410888671875,0.9646115303039551,0.09331317991018295,0.17266309261322021
truthfulqa_731_corr_2,truthfulqa,0,5,0.1,0.8,0.4,0.8012348413467407,0.6544294357299805,1.0,0.10792718082666397,0.19876515865325928
truthfulqa_407_corr_2,truthfulqa,0,5,0.0,1.0,0.2,0.529737114906311,0.398344486951828,0.7248810529708862,0.11677520722150803,0.47026288509368896
truthfulqa_639_best,truthfulqa,0,5,0.1,0.8,0.4,0.9635472297668457,0.9446285963058472,0.9999999403953552,0.016328969970345497,0.0364527702331543
truthfulqa_725_best,truthfulqa,0,5,1.0,0.2,1.0,0.9999998807907104,0.9999999403953552,0.9999999403953552,5.960464477539063e-08,1.1920928955078125e-07
truthfulqa_253_best,truthfulqa,0,5,0.4,0.4,0.6,0.643757164478302,0.4062618613243103,1.0,0.29087111353874207,0.356242835521698
truthfulqa_496_inc_2,truthfulqa,1,5,1.0,0.2,1.0,0.9603583216667175,0.933930516242981,1.0,0.03236730396747589,0.03964167833328247
truthfulqa_677_corr_1,truthfulqa,0,5,0.1,0.8,0.4,0.9210201501846313,0.8615608811378479,1.0,0.049429379403591156,0.07897984981536865
truthfulqa_563_inc_1,truthfulqa,1,5,0.6,0.4,0.8,0.8749361038208008,0.687340259552002,1.0,0.1531713604927063,0.12506389617919922
truthfulqa_407_inc_0,truthfulqa,1,5,0.0,1.0,0.2,0.5299654006958008,0.36203575134277344,0.7186940908432007,0.0985434353351593,0.4700345993041992
truthfulqa_140_corr_0,truthfulqa,0,5,0.4,0.4,0.6,0.8304764628410339,0.7174607515335083,1.0,0.1384153962135315,0.16952353715896606
truthfulqa_307_best,truthfulqa,0,5,0.0,1.0,0.2,0.9553500413894653,0.922351598739624,0.986411452293396,0.019311990588903427,0.04464995861053467
truthfulqa_54_best,truthfulqa,0,5,0.0,1.0,0.2,0.7487547993659973,0.5967479348182678,0.8451484441757202,0.0771482065320015,0.2512452006340027
truthfulqa_306_corr_1,truthfulqa,0,5,1.0,0.2,1.0,1.0,1.0,1.0,0.0,0.0
truthfulqa_235_corr_2,truthfulqa,0,5,0.1,0.8,0.4,0.9396343231201172,0.896612286567688,1.0,0.033366985619068146,0.06036567687988281
truthfulqa_672_corr_1,truthfulqa,0,5,0.0,1.0,0.2,0.7531907558441162,0.45569005608558655,0.9825745820999146,0.21966078877449036,0.2468092441558838
truthfulqa_108_inc_0,truthfulqa,1,5,0.2,0.6,0.4,0.772060215473175,0.5543003678321838,0.9999998807907104,0.17712807655334473,0.22793978452682495
truthfulqa_447_inc_4,truthfulqa,1,5,1.0,0.2,1.0,0.9781926274299622,0.945481538772583,1.0,0.026708481833338737,0.021807372570037842
truthfulqa_329_inc_0,truthfulqa,1,5,1.0,0.2,1.0,0.9599707722663879,0.9332846999168396,1.0,0.03268364444375038,0.04002922773361206
truthfulqa_441_best,truthfulqa,0,5,1.0,0.2,1.0,1.0,1.0,1.0,0.0,0.0
truthfulqa_637_corr_1,truthfulqa,0,5,0.0,1.0,0.2,0.9006191492080688,0.8462611436843872,0.9579863548278809,0.03425942361354828,0.09938085079193115
truthfulqa_505_inc_3,truthfulqa,1,5,0.6,0.4,0.8,0.6131986379623413,0.032996661961078644,1.0,0.47373294830322266,0.3868013620376587
truthfulqa_530_inc_1,truthfulqa,1,5,1.0,0.2,1.0,1.0,1.0,1.0,0.0,0.0
truthfulqa_642_corr_2,truthfulqa,0,5,1.0,0.2,1.0,1.0,1.0,1.0,0.0,0.0
truthfulqa_126_inc_1,truthfulqa,1,5,1.0,0.2,1.0,1.0,1.0,1.0,0.0,0.0
truthfulqa_583_inc_4,truthfulqa,1,5,0.0,1.0,0.2,0.6062853336334229,0.1653582602739334,0.9933568239212036,0.3381175100803375,0.39371466636657715
truthfulqa_327_corr_3,truthfulqa,0,5,0.0,1.0,0.2,0.9775409698486328,0.9651781916618347,0.9853061437606812,0.007687189616262913,0.022459030151367188
truthfulqa_129_inc_3,truthfulqa,1,5,0.3,0.6,0.6,0.6782287359237671,0.46673691272735596,1.0,0.2197626531124115,0.3217712640762329
truthfulqa_711_inc_5,truthfulqa,1,5,0.0,1.0,0.2,0.9476200342178345,0.9103577733039856,0.9996284246444702,0.037007611244916916,0.05237996578216553
truthfulqa_79_corr_2,truthfulqa,0,5,0.0,1.0,0.2,0.8360565304756165,0.6984156370162964,0.942897617816925,0.06632526218891144,0.16394346952438354
truthfulqa_137_best,truthfulqa,0,5,1.0,0.2,1.0,0.9999998807907104,0.9999998807907104,0.9999998807907104,0.0,1.1920928955078125e-07
truthfulqa_681_inc_1,truthfulqa,1,5,0.3,0.6,0.6,0.5630933046340942,0.2768890857696533,1.0,0.2888335585594177,0.43690669536590576
truthfulqa_281_inc_4,truthfulqa,1,5,0.0,1.0,0.2,0.822923481464386,0.6899213790893555,0.9577404260635376,0.08127648383378983,0.177076518535614
truthfulqa_701_best,truthfulqa,0,5,0.0,1.0,0.2,0.7473399043083191,0.6446611285209656,0.9916847944259644,0.10596193373203278,0.2526600956916809
truthfulqa_605_best,truthfulqa,0,5,0.3,0.6,0.6,0.8126746416091919,0.557892918586731,0.9999999403953552,0.16449899971485138,0.1873253583908081
truthfulqa_119_corr_2,truthfulqa,0,5,0.0,1.0,0.2,0.9565056562423706,0.9226996302604675,0.9927442669868469,0.023560086265206337,0.043494343757629395
truthfulqa_436_inc_0,truthfulqa,1,5,1.0,0.2,1.0,1.0,1.0,1.0,0.0,0.0
truthfulqa_504_corr_1,truthfulqa,0,5,0.0,1.0,0.2,0.8928004503250122,0.8068694472312927,0.9563428163528442,0.0472961962223053,0.10719954967498779
truthfulqa_792_best,truthfulqa,0,5,1.0,0.2,1.0,1.0,1.0,1.0,0.0,0.0
truthfulqa_67_best,truthfulqa,0,5,1.0,0.2,1.0,1.0,1.0,1.0,0.0,0.0
truthfulqa_728_inc_1,truthfulqa,1,5,1.0,0.2,1.0,0.9999998807907104,0.9999999403953552,0.9999999403953552,5.960464477539063e-08,1.1920928955078125e-07
truthfulqa_470_corr_2,truthfulqa,0,5,1.0,0.2,1.0,0.9999998807907104,0.9999998807907104,0.9999998807907104,0.0,1.1920928955078125e-07
truthfulqa_265_corr_1,truthfulqa,0,5,1.0,0.2,1.0,1.0,1.0,1.0,0.0,0.0
truthfulqa_364_best,truthfulqa,0,5,0.0,1.0,0.2,0.7652303576469421,0.57997727394104,0.945810079574585,0.1245616003870964,0.23476964235305786
truthfulqa_470_best,truthfulqa,0,5,1.0,0.2,1.0,0.9999998807907104,0.9999998807907104,0.9999998807907104,0.0,1.1920928955078125e-07
truthfulqa_598_best,truthfulqa,0,5,0.0,1.0,0.2,0.5640463829040527,0.2907726466655731,0.856460452079773,0.1860119104385376,0.43595361709594727
truthfulqa_439_corr_1,truthfulqa,0,5,1.0,0.2,1.0,1.0,1.0,1.0,0.0,0.0
truthfulqa_308_inc_3,truthfulqa,1,5,0.0,1.0,0.2,0.8591841459274292,0.7627881765365601,0.9400555491447449,0.05608872324228287,0.1408158540725708
truthfulqa_558_inc_2,truthfulqa,1,5,0.4,0.4,0.6,0.7635722756385803,0.6059538125991821,1.0,0.19304239749908447,0.23642772436141968
truthfulqa_149_corr_1,truthfulqa,0,5,0.3,0.6,0.6,0.7817330360412598,0.5872995853424072,1.0,0.16990821063518524,0.21826696395874023
truthfulqa_668_inc_2,truthfulqa,1,5,0.0,1.0,0.2,0.8610860705375671,0.7932946681976318,0.9867526888847351,0.06398969143629074,0.13891392946243286
truthfulqa_172_inc_3,truthfulqa,1,5,0.0,1.0,0.2,0.9336344003677368,0.8795108199119568,0.9734448194503784,0.03002876229584217,0.06636559963226318
truthfulqa_814_corr_1,truthfulqa,0,5,0.0,1.0,0.2,0.5094538331031799,0.3809232711791992,0.8529340028762817,0.1253259778022766,0.49054616689682007
truthfulqa_539_corr_0,truthfulqa,0,5,0.0,1.0,0.2,0.6542565226554871,0.49282705783843994,0.857196569442749,0.10209034383296967,0.34574347734451294
truthfulqa_547_inc_2,truthfulqa,1,5,0.2,0.6,0.4,0.5265448689460754,0.3561885356903076,1.0,0.2385413497686386,0.47345513105392456
truthfulqa_71_corr_0,truthfulqa,0,5,0.1,0.8,0.4,0.46368926763534546,0.23346619307994843,1.0,0.2324751764535904,0.5363107323646545
truthfulqa_586_inc_3,truthfulqa,1,5,0.2,0.6,0.4,0.4103175699710846,0.21780537068843842,1.0,0.29610928893089294,0.5896824300289154
truthfulqa_75_inc_0,truthfulqa,1,5,0.0,1.0,0.2,0.8881595730781555,0.7987263202667236,0.9993123412132263,0.05639177933335304,0.11184042692184448
truthfulqa_628_inc_3,truthfulqa,1,5,0.0,1.0,0.2,0.2928212881088257,0.08801981806755066,0.5306366682052612,0.1511802077293396,0.7071787118911743
truthfulqa_216_inc_2,truthfulqa,1,5,0.0,1.0,0.2,0.679755687713623,0.5059006810188293,0.9362792372703552,0.1228489801287651,0.32024431228637695
truthfulqa_796_corr_2,truthfulqa,0,5,0.0,1.0,0.2,0.6208751797676086,0.42880022525787354,0.8941132426261902,0.1345127820968628,0.37912482023239136
truthfulqa_161_corr_1,truthfulqa,0,5,1.0,0.2,1.0,1.0,1.0,1.0,0.0,0.0
truthfulqa_753_corr_2,truthfulqa,0,5,0.0,1.0,0.2,0.790259063243866,0.6389009356498718,0.9720436334609985,0.10213924199342728,0.20974093675613403
truthfulqa_493_inc_1,truthfulqa,1,5,0.4,0.4,0.6,0.9757627248764038,0.9596047401428223,1.0,0.019789541140198708,0.02423727512359619
truthfulqa_557_inc_1,truthfulqa,1,5,0.1,0.8,0.4,0.9592229723930359,0.9302515387535095,1.0,0.026478469371795654,0.04077702760696411
truthfulqa_104_inc_0,truthfulqa,1,5,0.4,0.4,0.6,0.838182806968689,0.7303047180175781,1.0,0.1321231722831726,0.16181719303131104
truthfulqa_478_corr_2,truthfulqa,0,5,0.6,0.4,0.8,0.7374449968338013,0.34361258149147034,0.9999999403953552,0.32156282663345337,0.26255500316619873
truthfulqa_782_best,truthfulqa,0,5,0.1,0.8,0.4,0.9160419702529907,0.846764087677002,1.0,0.05770234391093254,0.08395802974700928
truthfulqa_571_inc_7,truthfulqa,1,5,0.6,0.4,0.8,0.8289395570755005,0.5723488926887512,1.0,0.20950540900230408,0.1710604429244995
truthfulqa_194_best,truthfulqa,0,5,0.2,0.6,0.4,0.8793479204177856,0.7174217104911804,1.0,0.11888830363750458,0.12065207958221436
truthfulqa_32_corr_3,truthfulqa,0,5,0.0,1.0,0.2,0.5746188163757324,0.2741486430168152,0.9080508947372437,0.22465498745441437,0.4253811836242676
truthfulqa_772_inc_0,truthfulqa,1,5,1.0,0.2,1.0,1.0,1.0,1.0,0.0,0.0
truthfulqa_539_inc_3,truthfulqa,1,5,0.1,0.8,0.4,0.8330968022346497,0.657794177532196,1.0,0.10852182656526566,0.16690319776535034
truthfulqa_496_corr_2,truthfulqa,0,5,0.6,0.4,0.8,0.7041394114494324,0.3193191885948181,1.0,0.30938294529914856,0.2958605885505676
truthfulqa_55_corr_2,truthfulqa,0,5,0.0,1.0,0.2,0.9308916330337524,0.8724043369293213,0.9730839729309082,0.0371166355907917,0.06910836696624756
truthfulqa_166_inc_0,truthfulqa,1,5,1.0,0.2,1.0,1.0,1.0,1.0,0.0,0.0
truthfulqa_185_corr_2,truthfulqa,0,5,0.1,0.8,0.4,0.6711467504501343,0.41632115840911865,1.0,0.25659143924713135,0.3288532495498657
truthfulqa_453_corr_1,truthfulqa,0,5,0.0,1.0,0.2,0.5180613398551941,0.4142061471939087,0.7777765989303589,0.11010729521512985,0.4819386601448059
truthfulqa_471_corr_2,truthfulqa,0,5,1.0,0.2,1.0,1.0,1.0,1.0,0.0,0.0
truthfulqa_242_inc_0,truthfulqa,1,5,0.0,1.0,0.2,0.9705246090888977,0.955382227897644,0.9973287582397461,0.011477265506982803,0.029475390911102295
truthfulqa_304_inc_4,truthfulqa,1,5,1.0,0.2,1.0,1.0,1.0,1.0,0.0,0.0
truthfulqa_326_corr_3,truthfulqa,0,5,0.1,0.8,0.4,0.6814579367637634,0.2683185636997223,1.0,0.3189448416233063,0.3185420632362366
truthfulqa_446_inc_0,truthfulqa,1,5,0.2,0.6,0.4,0.7409027814865112,0.5468996167182922,1.0,0.160967156291008,0.25909721851348877
truthfulqa_639_corr_1,truthfulqa,0,5,0.1,0.8,0.4,0.9444421529769897,0.9221990704536438,1.0,0.02447613887488842,0.055557847023010254
truthfulqa_357_inc_3,truthfulqa,1,5,0.3,0.6,0.6,0.4761362075805664,0.19169831275939941,1.0,0.3482026755809784,0.5238637924194336
truthfulqa_534_inc_1,truthfulqa,1,5,0.4,0.4,0.6,0.92964106798172,0.8827351331710815,1.0,0.05744781717658043,0.07035893201828003
truthfulqa_208_inc_2,truthfulqa,1,5,0.4,0.4,0.6,0.9336540102958679,0.8894233703613281,1.0,0.05417126417160034,0.06634598970413208
truthfulqa_478_inc_1,truthfulqa,1,5,0.2,0.6,0.4,0.5548460483551025,0.2494927942752838,0.9999999403953552,0.31838953495025635,0.44515395164489746
truthfulqa_148_corr_2,truthfulqa,0,5,0.3,0.6,0.6,0.545488715171814,0.19882521033287048,1.0,0.31422969698905945,0.45451128482818604
truthfulqa_713_corr_1,truthfulqa,0,5,0.2,0.6,0.4,0.9589306116104126,0.9308186173439026,1.0,0.02974904514849186,0.0410693883895874
truthfulqa_217_best,truthfulqa,0,5,0.0,1.0,0.2,0.9275747537612915,0.8736927509307861,0.9791009426116943,0.04031197726726532,0.0724252462387085
truthfulqa_488_corr_1,truthfulqa,0,5,0.0,1.0,0.2,0.7615896463394165,0.6372801065444946,0.8442405462265015,0.052571576088666916,0.2384103536605835
truthfulqa_502_corr_2,truthfulqa,0,5,0.1,0.8,0.4,0.6642650365829468,0.2663785219192505,1.0,0.19956065714359283,0.3357349634170532
truthfulqa_549_inc_9,truthfulqa,1,5,0.3,0.6,0.6,0.6147423982620239,0.37441447377204895,0.9999997615814209,0.2926464378833771,0.3852576017379761
truthfulqa_273_inc_3,truthfulqa,1,5,0.1,0.8,0.4,0.6502448320388794,0.45549994707107544,1.0,0.22951047122478485,0.3497551679611206
truthfulqa_344_corr_1,truthfulqa,0,5,0.0,1.0,0.2,0.809759259223938,0.5864931344985962,0.9920139312744141,0.17498748004436493,0.190240740776062
truthfulqa_222_inc_1,truthfulqa,1,5,0.0,1.0,0.2,0.9645306468009949,0.9205880165100098,0.9985650777816772,0.03188829869031906,0.03546935319900513
truthfulqa_254_best,truthfulqa,0,5,0.0,1.0,0.2,0.8620461225509644,0.7807327508926392,0.9293267130851746,0.050017550587654114,0.13795387744903564
truthfulqa_628_inc_0,truthfulqa,1,5,0.0,1.0,0.2,0.31246358156204224,0.06459521502256393,0.6060570478439331,0.16752374172210693,0.6875364184379578
truthfulqa_138_inc_4,truthfulqa,1,5,0.6,0.4,0.8,0.8488761782646179,0.6221905946731567,0.9999999403953552,0.18508802354335785,0.15112382173538208
truthfulqa_698_best,truthfulqa,0,5,0.0,1.0,0.2,0.879589855670929,0.7527341842651367,0.9943190813064575,0.10077346116304398,0.12041014432907104
truthfulqa_391_best,truthfulqa,0,5,1.0,0.2,1.0,1.0,1.0,1.0,0.0,0.0
truthfulqa_210_inc_1,truthfulqa,1,5,1.0,0.2,1.0,0.9999998807907104,0.9999998807907104,0.9999998807907104,0.0,1.1920928955078125e-07
truthfulqa_567_inc_2,truthfulqa,1,5,0.4,0.4,0.6,0.543095588684082,0.23849272727966309,1.0,0.37306082248687744,0.45690441131591797
truthfulqa_441_corr_1,truthfulqa,0,5,1.0,0.2,1.0,1.0,1.0,1.0,0.0,0.0
truthfulqa_207_inc_1,truthfulqa,1,5,1.0,0.2,1.0,1.0,1.0,1.0,0.0,0.0
truthfulqa_668_inc_0,truthfulqa,1,5,0.0,1.0,0.2,0.7176280617713928,0.5829429030418396,0.8682737946510315,0.09440185874700546,0.2823719382286072
truthfulqa_191_inc_0,truthfulqa,1,5,0.0,1.0,0.2,0.9796803593635559,0.9589172601699829,0.9991409182548523,0.012178502976894379,0.020319640636444092
truthfulqa_243_inc_1,truthfulqa,1,5,0.3,0.6,0.6,0.9508711099624634,0.8762495517730713,1.0,0.05969584733247757,0.04912889003753662
truthfulqa_41_inc_4,truthfulqa,1,5,0.0,1.0,0.2,0.6364063024520874,0.42274487018585205,0.9614107012748718,0.2235136330127716,0.3635936975479126
truthfulqa_770_corr_2,truthfulqa,0,5,0.1,0.8,0.4,0.9809948205947876,0.9669890403747559,0.9999999403953552,0.010323257185518742,0.019005179405212402
truthfulqa_795_corr_2,truthfulqa,0,5,0.1,0.8,0.4,0.7897064089775085,0.5272195935249329,0.9999998807907104,0.2120741605758667,0.21029359102249146
truthfulqa_674_best,truthfulqa,0,5,1.0,0.2,1.0,1.0,1.0,1.0,0.0,0.0
truthfulqa_41_inc_1,truthfulqa,1,5,0.0,1.0,0.2,0.736897349357605,0.37710511684417725,0.9654596447944641,0.24681903421878815,0.263102650642395
truthfulqa_435_corr_2,truthfulqa,0,5,1.0,0.2,1.0,1.0,1.0,1.0,0.0,0.0
truthfulqa_300_corr_5,truthfulqa,0,5,1.0,0.2,1.0,1.0,1.0,1.0,0.0,0.0
truthfulqa_448_best,truthfulqa,0,5,0.6,0.4,0.8,0.8328156471252441,0.5820392370223999,1.0,0.20475810766220093,0.16718435287475586
truthfulqa_257_best,truthfulqa,0,5,0.1,0.8,0.4,0.9422663450241089,0.8925503492355347,1.0,0.038059525191783905,0.05773365497589111
truthfulqa_339_inc_2,truthfulqa,1,5,0.0,1.0,0.2,0.9681938886642456,0.9292930364608765,0.9986931681632996,0.025744745507836342,0.031806111335754395
truthfulqa_282_inc_1,truthfulqa,1,5,1.0,0.2,1.0,0.9999998807907104,0.9999998807907104,0.9999998807907104,0.0,1.1920928955078125e-07
truthfulqa_495_inc_0,truthfulqa,1,5,0.2,0.6,0.4,0.5420889258384705,0.33490002155303955,1.0,0.2365935742855072,0.45791107416152954
truthfulqa_291_inc_1,truthfulqa,1,5,0.0,1.0,0.2,0.48340821266174316,0.21461732685565948,0.8168364763259888,0.17224101722240448,0.5165917873382568
truthfulqa_514_corr_3,truthfulqa,0,5,0.0,1.0,0.2,0.9469049572944641,0.9170671701431274,0.9816247224807739,0.019475096836686134,0.05309504270553589
truthfulqa_668_inc_1,truthfulqa,1,5,0.0,1.0,0.2,0.8899304270744324,0.7921760082244873,0.9741359949111938,0.055840909481048584,0.11006957292556763
truthfulqa_124_inc_1,truthfulqa,1,5,0.0,1.0,0.2,0.9567640423774719,0.9029266238212585,0.9991512298583984,0.042194586247205734,0.043235957622528076
truthfulqa_77_corr_1,truthfulqa,0,5,0.0,1.0,0.2,0.7790056467056274,0.6841344833374023,0.8718652725219727,0.048797450959682465,0.22099435329437256
truthfulqa_385_inc_0,truthfulqa,1,5,0.0,1.0,0.2,0.9353399276733398,0.8889480829238892,0.9711811542510986,0.024046972393989563,0.06466007232666016
truthfulqa_489_corr_1,truthfulqa,0,5,0.0,1.0,0.2,0.9312731623649597,0.9041301012039185,0.9648445844650269,0.015683600679039955,0.06872683763504028
truthfulqa_144_inc_1,truthfulqa,1,5,0.0,1.0,0.2,0.5452200770378113,0.3265913426876068,0.976365327835083,0.1949695497751236,0.4547799229621887
truthfulqa_230_inc_5,truthfulqa,1,5,1.0,0.2,1.0,0.9999998807907104,0.9999998807907104,0.9999998807907104,0.0,1.1920928955078125e-07
truthfulqa_645_inc_2,truthfulqa,1,5,0.6,0.4,0.8,0.9878764152526855,0.9696910381317139,1.0,0.014848297461867332,0.012123584747314453
truthfulqa_536_best,truthfulqa,0,5,0.1,0.8,0.4,0.9360579252243042,0.8902104496955872,1.0,0.02992325648665428,0.0639420747756958
truthfulqa_397_corr_2,truthfulqa,0,5,0.0,1.0,0.2,0.8002899885177612,0.6509017944335938,0.9185946583747864,0.08631467074155807,0.19971001148223877
truthfulqa_33_inc_2,truthfulqa,1,5,0.0,1.0,0.2,0.8839318156242371,0.8247233629226685,0.982579231262207,0.058461107313632965,0.11606818437576294
truthfulqa_675_corr_2,truthfulqa,0,5,0.0,1.0,0.2,0.7279039621353149,0.631781816482544,0.9007968306541443,0.08774423599243164,0.27209603786468506
truthfulqa_335_best,truthfulqa,0,5,0.3,0.6,0.6,0.9213163256645203,0.8022688627243042,1.0,0.09512060880661011,0.07868367433547974
truthfulqa_218_inc_0,truthfulqa,1,5,0.0,1.0,0.2,0.6906189918518066,0.4814978837966919,0.9243717193603516,0.16709376871585846,0.30938100814819336
truthfulqa_296_corr_2,truthfulqa,0,5,0.0,1.0,0.2,0.49318259954452515,0.24375036358833313,0.7406350374221802,0.13553820550441742,0.5068174004554749
truthfulqa_640_corr_1,truthfulqa,0,5,0.2,0.6,0.4,0.9517146944999695,0.8799158334732056,1.0,0.05849368870258331,0.04828530550003052
truthfulqa_457_inc_3,truthfulqa,1,5,0.0,1.0,0.2,0.7049281001091003,0.5986143350601196,0.8372162580490112,0.07468000799417496,0.29507189989089966
truthfulqa_137_inc_2,truthfulqa,1,5,1.0,0.2,1.0,0.9999998807907104,0.9999998807907104,0.9999998807907104,0.0,1.1920928955078125e-07
truthfulqa_71_inc_2,truthfulqa,1,5,0.1,0.8,0.4,0.47880759835243225,0.2529681921005249,1.0,0.24383455514907837,0.5211924016475677
truthfulqa_313_corr_2,truthfulqa,0,5,0.1,0.8,0.4,0.9820448756217957,0.9673258662223816,1.0,0.010571543127298355,0.017955124378204346
truthfulqa_81_best,truthfulqa,0,5,0.0,1.0,0.2,0.5920754671096802,0.34140145778656006,0.8216958045959473,0.14133913815021515,0.4079245328903198
truthfulqa_108_inc_2,truthfulqa,1,5,0.4,0.4,0.6,0.9199169874191284,0.8665283918380737,1.0,0.06538745015859604,0.08008301258087158
truthfulqa_452_inc_2,truthfulqa,1,5,0.0,1.0,0.2,0.617779552936554,0.4374532699584961,0.8054004907608032,0.12002445757389069,0.38222044706344604
truthfulqa_749_best,truthfulqa,0,5,0.6,0.4,0.8,0.9756170511245728,0.9390426278114319,1.0,0.029862891882658005,0.024382948875427246
truthfulqa_554_corr_1,truthfulqa,0,5,1.0,0.2,1.0,1.0,1.0,1.0,0.0,0.0
truthfulqa_51_corr_1,truthfulqa,0,5,0.0,1.0,0.2,0.8508492708206177,0.725781261920929,0.9970740079879761,0.0902097225189209,0.14915072917938232
truthfulqa_326_corr_1,truthfulqa,0,5,0.0,1.0,0.2,0.9258810877799988,0.8689293265342712,0.976008951663971,0.03838752955198288,0.07411891222000122
truthfulqa_503_corr_2,truthfulqa,0,5,0.0,1.0,0.2,0.8855913281440735,0.8295011520385742,0.9660143852233887,0.04471856355667114,0.11440867185592651
truthfulqa_810_corr_2,truthfulqa,0,5,0.0,1.0,0.2,0.4185173511505127,0.17937521636486053,0.9659039974212646,0.2970436215400696,0.5814826488494873
truthfulqa_515_inc_2,truthfulqa,1,5,0.0,1.0,0.2,0.7479027509689331,0.5800048112869263,0.9504713416099548,0.15004029870033264,0.2520972490310669
truthfulqa_356_inc_4,truthfulqa,1,5,0.4,0.4,0.6,0.5489217042922974,0.2482028603553772,1.0,0.3683038651943207,0.45107829570770264
truthfulqa_563_inc_3,truthfulqa,1,5,1.0,0.2,1.0,1.0,1.0,1.0,0.0,0.0
truthfulqa_14_corr_3,truthfulqa,0,5,0.6,0.4,0.8,0.988025963306427,0.9700649976730347,0.9999998807907104,0.014665038324892521,0.011974036693572998
truthfulqa_739_inc_0,truthfulqa,1,5,0.2,0.6,0.4,0.3245698809623718,0.09096470475196838,1.0,0.34783387184143066,0.6754301190376282
truthfulqa_227_inc_0,truthfulqa,1,5,0.6,0.4,0.8,0.8208243250846863,0.5520607829093933,1.0,0.21944451332092285,0.17917567491531372
truthfulqa_787_inc_2,truthfulqa,1,5,0.0,1.0,0.2,0.9034568071365356,0.7972956299781799,0.9815324544906616,0.06642527878284454,0.09654319286346436
truthfulqa_622_inc_3,truthfulqa,1,5,0.0,1.0,0.2,0.6231542825698853,0.4936356544494629,0.8566286563873291,0.10553251206874847,0.37684571743011475
truthfulqa_303_inc_3,truthfulqa,1,5,0.4,0.4,0.6,0.8195610046386719,0.6992684006690979,1.0,0.14732779562473297,0.18043899536132812
truthfulqa_249_corr_2,truthfulqa,0,5,0.6,0.4,0.8,0.7364766001701355,0.34119150042533875,1.0,0.32274892926216125,0.2635233998298645
truthfulqa_431_inc_1,truthfulqa,1,5,1.0,0.2,1.0,1.0,1.0,1.0,0.0,0.0
truthfulqa_401_inc_2,truthfulqa,1,5,0.3,0.6,0.6,0.9163755178451538,0.7878655195236206,1.0,0.10102717578411102,0.08362448215484619
truthfulqa_431_corr_1,truthfulqa,0,5,1.0,0.2,1.0,1.0,1.0,1.0,0.0,0.0
truthfulqa_169_inc_4,truthfulqa,1,5,0.0,1.0,0.2,0.9365091323852539,0.8806736469268799,0.9875031113624573,0.042045604437589645,0.0634908676147461
truthfulqa_161_inc_0,truthfulqa,1,5,1.0,0.2,1.0,1.0,1.0,1.0,0.0,0.0
truthfulqa_35_corr_2,truthfulqa,0,5,0.0,1.0,0.2,0.9141830205917358,0.8779746294021606,0.9570636749267578,0.021910231560468674,0.08581697940826416
truthfulqa_781_inc_0,truthfulqa,1,5,1.0,0.2,1.0,1.0,1.0,1.0,0.0,0.0
truthfulqa_0_inc_0,truthfulqa,1,5,0.0,1.0,0.2,0.6091297268867493,0.19617798924446106,0.9619884490966797,0.22767964005470276,0.39087027311325073
truthfulqa_469_inc_3,truthfulqa,1,5,0.4,0.4,0.6,0.8583272695541382,0.7431954145431519,1.0,0.10727809369564056,0.14167273044586182
truthfulqa_672_inc_3,truthfulqa,1,5,0.0,1.0,0.2,0.9530771970748901,0.9301651120185852,0.9839000105857849,0.01804300583899021,0.04692280292510986
truthfulqa_157_best,truthfulqa,0,5,0.6,0.4,0.8,0.9990919232368469,0.9977297186851501,1.0,0.0011122061405330896,0.0009080767631530762
truthfulqa_363_inc_4,truthfulqa,1,5,0.3,0.6,0.6,0.8191449046134949,0.603172779083252,0.9999998807907104,0.1287277638912201,0.18085509538650513
truthfulqa_462_corr_2,truthfulqa,0,5,0.0,1.0,0.2,0.9073135256767273,0.8043809533119202,0.9866108298301697,0.05574813485145569,0.0926864743232727
truthfulqa_545_corr_1,truthfulqa,0,5,0.1,0.8,0.4,0.9842158555984497,0.9716742038726807,1.0,0.011034582741558552,0.015784144401550293
truthfulqa_794_corr_1,truthfulqa,0,5,1.0,0.2,1.0,0.9999998807907104,0.9999999403953552,0.9999999403953552,5.960464477539063e-08,1.1920928955078125e-07
truthfulqa_415_corr_1,truthfulqa,0,5,0.1,0.8,0.4,0.8510421514511108,0.6676642894744873,0.9999999403953552,0.13802601397037506,0.14895784854888916
truthfulqa_292_inc_3,truthfulqa,1,5,0.0,1.0,0.2,0.6994729042053223,0.5722653865814209,0.7787841558456421,0.05676320567727089,0.30052709579467773
truthfulqa_376_best,truthfulqa,0,5,0.0,1.0,0.2,0.9414371252059937,0.8983442783355713,0.9890733957290649,0.02735193446278572,0.05856287479400635
truthfulqa_650_inc_0,truthfulqa,1,5,0.0,1.0,0.2,0.5098506212234497,0.24053120613098145,0.9767057299613953,0.30409324169158936,0.4901493787765503
truthfulqa_796_inc_1,truthfulqa,1,5,0.0,1.0,0.2,0.6105044484138489,0.3221857249736786,0.7906767725944519,0.19657891988754272,0.3894955515861511
truthfulqa_156_corr_1,truthfulqa,0,5,0.3,0.6,0.6,0.9872184991836548,0.9705106019973755,1.0,0.013688293285667896,0.012781500816345215
truthfulqa_749_inc_0,truthfulqa,1,5,0.2,0.6,0.4,0.9605880975723267,0.9390426278114319,1.0,0.024372411891818047,0.03941190242767334
truthfulqa_45_corr_3,truthfulqa,0,5,0.1,0.8,0.4,0.7816084623336792,0.47240060567855835,1.0,0.15641433000564575,0.2183915376663208
truthfulqa_601_best,truthfulqa,0,5,0.4,0.4,0.6,0.99437415599823,0.9906237125396729,1.0,0.004593424033373594,0.0056258440017700195
truthfulqa_43_corr_0,truthfulqa,0,5,0.1,0.8,0.4,0.7974787950515747,0.7257323265075684,0.9999998807907104,0.08565835654735565,0.2025212049484253
truthfulqa_68_corr_2,truthfulqa,0,5,0.6,0.4,0.8,0.9757908582687378,0.9394773244857788,1.0,0.02964993566274643,0.024209141731262207
truthfulqa_313_corr_1,truthfulqa,0,5,0.0,1.0,0.2,0.9711766242980957,0.9463310241699219,0.9917581081390381,0.015582886524498463,0.028823375701904297
truthfulqa_346_corr_3,truthfulqa,0,5,0.1,0.8,0.4,0.9478837847709656,0.8713897466659546,1.0,0.0619528666138649,0.052116215229034424
truthfulqa_44_best,truthfulqa,0,5,0.2,0.6,0.4,0.8619773983955383,0.6704366207122803,1.0,0.1551426500082016,0.13802260160446167
truthfulqa_183_inc_2,truthfulqa,1,5,0.0,1.0,0.2,0.5825716853141785,0.10928948223590851,0.9459776878356934,0.34495046734809875,0.41742831468582153
truthfulqa_417_inc_3,truthfulqa,1,5,0.6,0.4,0.8,0.9456637501716614,0.8641594052314758,1.0,0.06654802709817886,0.05433624982833862
truthfulqa_485_inc_4,truthfulqa,1,5,0.0,1.0,0.2,0.8449541926383972,0.7066570520401001,0.9286181926727295,0.06805054098367691,0.15504580736160278
truthfulqa_411_best,truthfulqa,0,5,0.0,1.0,0.2,0.8280503153800964,0.6673974990844727,0.9717440605163574,0.12381498515605927,0.17194968461990356
truthfulqa_97_inc_2,truthfulqa,1,5,0.0,1.0,0.2,0.2795100510120392,0.09423798322677612,0.6791607141494751,0.17184531688690186,0.7204899489879608
truthfulqa_300_corr_2,truthfulqa,0,5,1.0,0.2,1.0,1.0,1.0,1.0,0.0,0.0
truthfulqa_46_inc_2,truthfulqa,1,5,0.1,0.8,0.4,0.5537280440330505,0.27135801315307617,0.9999999403953552,0.24646399915218353,0.44627195596694946
truthfulqa_402_inc_0,truthfulqa,1,5,0.0,1.0,0.2,0.5378985404968262,0.24141515791416168,0.997455358505249,0.3063291311264038,0.46210145950317383
truthfulqa_139_corr_0,truthfulqa,0,5,0.0,1.0,0.2,0.9775696992874146,0.9596259593963623,0.9956424236297607,0.010261568240821362,0.02243030071258545
truthfulqa_621_inc_0,truthfulqa,1,5,0.0,1.0,0.2,0.7874425649642944,0.5732395648956299,0.9865682125091553,0.15823060274124146,0.21255743503570557
truthfulqa_181_inc_0,truthfulqa,1,5,0.3,0.6,0.6,0.9456632733345032,0.8920357823371887,1.0,0.042546503245830536,0.054336726665496826
truthfulqa_367_best,truthfulqa,0,5,0.0,1.0,0.2,0.6054086685180664,0.35732799768447876,0.9143120646476746,0.21769706904888153,0.3945913314819336
truthfulqa_397_corr_1,truthfulqa,0,5,0.0,1.0,0.2,0.736514687538147,0.6389584541320801,0.8848546147346497,0.07407240569591522,0.263485312461853
truthfulqa_70_inc_2,truthfulqa,1,5,0.0,1.0,0.2,0.5481358766555786,0.35225117206573486,0.7830798625946045,0.1315145641565323,0.4518641233444214
truthfulqa_126_inc_6,truthfulqa,1,5,0.6,0.4,0.8,0.7974077463150024,0.4935191869735718,1.0,0.2481239140033722,0.20259225368499756
truthfulqa_276_corr_3,truthfulqa,0,5,0.2,0.6,0.4,0.9990383386611938,0.9977787137031555,1.0,0.0009926933562383056,0.0009616613388061523
truthfulqa_103_corr_3,truthfulqa,0,5,1.0,0.2,1.0,1.0,1.0,1.0,0.0,0.0
truthfulqa_98_best,truthfulqa,0,5,1.0,0.2,1.0,0.9999998211860657,0.9999997615814209,0.9999997615814209,5.960464477539063e-08,1.7881393432617188e-07
truthfulqa_31_inc_0,truthfulqa,1,5,1.0,0.2,1.0,1.0,1.0,1.0,0.0,0.0
truthfulqa_513_best,truthfulqa,0,5,0.1,0.8,0.4,0.7318294644355774,0.5227415561676025,1.0,0.18661950528621674,0.2681705355644226
truthfulqa_550_best,truthfulqa,0,5,1.0,0.2,1.0,1.0,1.0,1.0,0.0,0.0
truthfulqa_580_inc_2,truthfulqa,1,5,0.3,0.6,0.6,0.6315058469772339,0.44651177525520325,1.0,0.24247872829437256,0.3684941530227661
truthfulqa_61_inc_3,truthfulqa,1,5,0.0,1.0,0.2,0.5387742519378662,0.45758137106895447,0.6877584457397461,0.07072887569665909,0.4612257480621338
truthfulqa_750_inc_0,truthfulqa,1,5,0.0,1.0,0.2,0.9015429615974426,0.861020028591156,0.9815853834152222,0.04079115390777588,0.09845703840255737
truthfulqa_273_best,truthfulqa,0,5,0.0,1.0,0.2,0.4742653965950012,0.20220166444778442,0.9178200960159302,0.2862376868724823,0.5257346034049988
truthfulqa_664_inc_4,truthfulqa,1,5,0.0,1.0,0.2,0.8928127288818359,0.8186744451522827,0.987460732460022,0.06122155487537384,0.10718727111816406
truthfulqa_178_inc_1,truthfulqa,1,5,0.4,0.4,0.6,0.6302436590194702,0.38373950123786926,1.0,0.3019047677516937,0.3697563409805298
truthfulqa_170_inc_0,truthfulqa,1,5,0.0,1.0,0.2,0.7145331501960754,0.4243212342262268,0.9140449166297913,0.15357810258865356,0.28546684980392456
truthfulqa_746_inc_1,truthfulqa,1,5,1.0,0.2,1.0,0.9810044169425964,0.9683407545089722,1.0,0.015509755350649357,0.018995583057403564
truthfulqa_753_best,truthfulqa,0,5,0.0,1.0,0.2,0.8125656843185425,0.7756468057632446,0.9680696725845337,0.05415676534175873,0.18743431568145752
truthfulqa_254_corr_2,truthfulqa,0,5,0.0,1.0,0.2,0.8083230257034302,0.6954158544540405,0.9080442786216736,0.06682588160037994,0.19167697429656982
truthfulqa_751_corr_1,truthfulqa,0,5,0.0,1.0,0.2,0.9812830686569214,0.9709066152572632,0.9941844344139099,0.006867316551506519,0.018716931343078613
truthfulqa_382_corr_1,truthfulqa,0,5,0.0,1.0,0.2,0.6103820204734802,0.4321056306362152,0.8443429470062256,0.13469068706035614,0.3896179795265198
truthfulqa_453_inc_7,truthfulqa,1,5,0.0,1.0,0.2,0.5452179312705994,0.33137044310569763,0.8284648656845093,0.1471274495124817,0.45478206872940063
truthfulqa_275_inc_0,truthfulqa,1,5,0.6,0.4,0.8,0.6174269914627075,0.04356737434864044,1.0,0.46855437755584717,0.3825730085372925
truthfulqa_813_inc_5,truthfulqa,1,5,1.0,0.2,1.0,0.9926352500915527,0.9815880060195923,1.0,0.009019997902214527,0.007364749908447266
truthfulqa_572_corr_1,truthfulqa,0,5,0.4,0.4,0.6,0.8108596801757812,0.6847662329673767,1.0,0.15443235635757446,0.18914031982421875
truthfulqa_271_inc_3,truthfulqa,1,5,1.0,0.2,1.0,1.0,1.0,1.0,0.0,0.0
truthfulqa_115_corr_2,truthfulqa,0,5,1.0,0.2,1.0,1.0,1.0,1.0,0.0,0.0
truthfulqa_204_best,truthfulqa,0,5,0.0,1.0,0.2,0.8942629098892212,0.8723219633102417,0.9531847238540649,0.024232761934399605,0.10573709011077881
truthfulqa_44_inc_4,truthfulqa,1,5,0.3,0.6,0.6,0.6760016679763794,0.4436191916465759,1.0,0.23558489978313446,0.3239983320236206
truthfulqa_81_corr_1,truthfulqa,0,5,0.0,1.0,0.2,0.6352039575576782,0.46738168597221375,0.908814549446106,0.1723509281873703,0.3647960424423218
truthfulqa_564_inc_4,truthfulqa,1,5,0.4,0.4,0.6,0.6467801332473755,0.4113003611564636,1.0,0.2884027063846588,0.3532198667526245
truthfulqa_237_corr_2,truthfulqa,0,5,0.0,1.0,0.2,0.8253514170646667,0.7400802373886108,0.9482804536819458,0.06109417602419853,0.17464858293533325
truthfulqa_348_corr_3,truthfulqa,0,5,0.0,1.0,0.2,0.7877190709114075,0.609416127204895,0.9570168852806091,0.0987045019865036,0.21228092908859253
truthfulqa_357_inc_0,truthfulqa,1,5,0.2,0.6,0.4,0.5363919138908386,0.2584272623062134,1.0,0.2982467710971832,0.4636080861091614
truthfulqa_71_inc_3,truthfulqa,1,5,0.1,0.8,0.4,0.4853510856628418,0.2529681921005249,1.0,0.250235915184021,0.5146489143371582
truthfulqa_134_inc_3,truthfulqa,1,5,1.0,0.2,1.0,0.9999998211860657,0.9999997615814209,0.9999997615814209,5.960464477539063e-08,1.7881393432617188e-07
truthfulqa_12_inc_1,truthfulqa,1,5,0.1,0.8,0.4,0.35884231328964233,0.1903543621301651,1.0,0.21927984058856964,0.6411576867103577
truthfulqa_718_inc_0,truthfulqa,1,5,0.0,1.0,0.2,0.8839963674545288,0.777937650680542,0.9534015655517578,0.051059745252132416,0.11600363254547119
truthfulqa_468_corr_2,truthfulqa,0,5,0.0,1.0,0.2,0.6805453896522522,0.5140787959098816,0.9908494353294373,0.178928941488266,0.3194546103477478
truthfulqa_6_inc_4,truthfulqa,1,5,1.0,0.2,1.0,1.0,1.0,1.0,0.0,0.0
truthfulqa_524_corr_1,truthfulqa,0,5,1.0,0.2,1.0,0.9673963785171509,0.9456605911254883,1.0,0.026620764285326004,0.03260362148284912
truthfulqa_646_corr_2,truthfulqa,0,5,0.6,0.4,0.8,0.9513782262802124,0.8784455060958862,1.0,0.059549298137426376,0.0486217737197876
truthfulqa_683_corr_2,truthfulqa,0,5,1.0,0.2,1.0,1.0,1.0,1.0,0.0,0.0
truthfulqa_590_inc_3,truthfulqa,1,5,0.0,1.0,0.2,0.618492066860199,0.34360164403915405,0.8581502437591553,0.19189947843551636,0.381507933139801
truthfulqa_718_corr_1,truthfulqa,0,5,0.1,0.8,0.4,0.7873045802116394,0.5606766939163208,1.0,0.1683495044708252,0.2126954197883606
truthfulqa_395_corr_1,truthfulqa,0,5,0.3,0.6,0.6,0.9860548973083496,0.9651502966880798,1.0,0.0161639004945755,0.01394510269165039
truthfulqa_565_corr_2,truthfulqa,0,5,1.0,0.2,1.0,1.0,1.0,1.0,0.0,0.0
truthfulqa_558_inc_3,truthfulqa,1,5,0.6,0.4,0.8,0.769568681716919,0.42392170429229736,1.0,0.2822195887565613,0.23043131828308105
truthfulqa_90_corr_0,truthfulqa,0,5,0.6,0.4,0.8,0.9942472577095032,0.9856181740760803,1.0,0.0070456271059811115,0.005752742290496826
truthfulqa_493_inc_2,truthfulqa,1,5,1.0,0.2,1.0,1.0,1.0,1.0,0.0,0.0
truthfulqa_66_inc_1,truthfulqa,1,5,0.0,1.0,0.2,0.6648885011672974,0.47813427448272705,0.8406208753585815,0.137526273727417,0.33511149883270264
truthfulqa_171_corr_1,truthfulqa,0,5,0.0,1.0,0.2,0.9368526339530945,0.9003058671951294,0.9822185039520264,0.020959407091140747,0.06314736604690552
truthfulqa_249_inc_3,truthfulqa,1,5,0.6,0.4,0.8,0.7364766001701355,0.34119150042533875,1.0,0.32274892926216125,0.2635233998298645
truthfulqa_456_best,truthfulqa,0,5,0.0,1.0,0.2,0.6698346734046936,0.4419567286968231,0.8318616151809692,0.1361858993768692,0.3301653265953064
truthfulqa_48_inc_0,truthfulqa,1,5,0.0,1.0,0.2,0.8522598147392273,0.7703920006752014,0.8941963911056519,0.03670806065201759,0.1477401852607727
truthfulqa_673_inc_2,truthfulqa,1,5,0.0,1.0,0.2,0.8676986694335938,0.8108406066894531,0.970642626285553,0.04892725870013237,0.13230133056640625
truthfulqa_573_inc_9,truthfulqa,1,5,0.2,0.6,0.4,0.7849742770195007,0.6334497332572937,1.0,0.1627359390258789,0.21502572298049927
truthfulqa_111_inc_0,truthfulqa,1,5,1.0,0.2,1.0,1.0,1.0,1.0,0.0,0.0
truthfulqa_208_inc_0,truthfulqa,1,5,0.2,0.6,0.4,0.5866928696632385,0.3085363805294037,1.0,0.2975643277168274,0.4133071303367615
truthfulqa_625_inc_0,truthfulqa,1,5,1.0,0.2,1.0,0.9999998807907104,0.9999998807907104,0.9999998807907104,0.0,1.1920928955078125e-07
truthfulqa_313_corr_4,truthfulqa,0,5,0.1,0.8,0.4,0.9683409929275513,0.9463310241699219,1.0,0.01691742241382599,0.03165900707244873
truthfulqa_350_inc_3,truthfulqa,1,5,0.0,1.0,0.2,0.9559327960014343,0.9324324131011963,0.9990693926811218,0.024444900453090668,0.044067203998565674
truthfulqa_320_inc_0,truthfulqa,1,5,0.0,1.0,0.2,0.8811852335929871,0.8029881715774536,0.9867017269134521,0.049306001514196396,0.11881476640701294
truthfulqa_610_inc_0,truthfulqa,1,5,0.0,1.0,0.2,0.6029767990112305,0.27949804067611694,0.9360907077789307,0.24333560466766357,0.39702320098876953
truthfulqa_296_inc_1,truthfulqa,1,5,0.1,0.8,0.4,0.5025813579559326,0.2708449959754944,1.0,0.19115206599235535,0.4974186420440674
truthfulqa_202_inc_0,truthfulqa,1,5,0.0,1.0,0.2,0.9426180124282837,0.9082890748977661,0.980839729309082,0.02245531789958477,0.05738198757171631
truthfulqa_789_inc_0,truthfulqa,1,5,0.1,0.8,0.4,0.9875353574752808,0.9777156114578247,1.0,0.008317839354276657,0.012464642524719238
truthfulqa_89_best,truthfulqa,0,5,1.0,0.2,1.0,1.0,1.0,1.0,0.0,0.0
truthfulqa_658_inc_1,truthfulqa,1,5,0.0,1.0,0.2,0.7353783845901489,0.4388660788536072,0.9461237192153931,0.17471249401569366,0.2646216154098511
truthfulqa_280_corr_1,truthfulqa,0,5,1.0,0.2,1.0,1.0,1.0,1.0,0.0,0.0
truthfulqa_204_inc_0,truthfulqa,1,5,0.0,1.0,0.2,0.8446324467658997,0.7956981658935547,0.9381130933761597,0.046758707612752914,0.15536755323410034
truthfulqa_611_inc_1,truthfulqa,1,5,0.6,0.4,0.8,0.6709563136100769,0.1773909330368042,0.9999999403953552,0.40299445390701294,0.3290436863899231
truthfulqa_816_corr_3,truthfulqa,0,5,0.6,0.4,0.8,0.658798336982727,0.14699584245681763,1.0,0.4178850054740906,0.34120166301727295
truthfulqa_691_corr_1,truthfulqa,0,5,0.0,1.0,0.2,0.6190025210380554,0.49613022804260254,0.9717238545417786,0.15056346356868744,0.3809974789619446
truthfulqa_335_inc_3,truthfulqa,1,5,0.1,0.8,0.4,0.9411293268203735,0.8811317682266235,1.0,0.04532036557793617,0.058870673179626465
truthfulqa_150_inc_1,truthfulqa,1,5,1.0,0.2,1.0,1.0,1.0,1.0,0.0,0.0
truthfulqa_104_best,truthfulqa,0,5,0.6,0.4,0.8,0.8921219110488892,0.7303047180175781,1.0,0.1321231722831726,0.10787808895111084
truthfulqa_499_corr_1,truthfulqa,0,5,0.0,1.0,0.2,0.5448845624923706,0.29643452167510986,0.6855059862136841,0.13043656945228577,0.4551154375076294
truthfulqa_93_best,truthfulqa,0,5,0.1,0.8,0.4,0.815367579460144,0.6972546577453613,1.0,0.12712258100509644,0.18463242053985596
truthfulqa_4_inc_4,truthfulqa,1,5,0.6,0.4,0.8,0.9613572359085083,0.9033929705619812,1.0,0.04732758551836014,0.0386427640914917
truthfulqa_607_best,truthfulqa,0,5,0.2,0.6,0.4,0.4525219798088074,0.2541809380054474,1.0,0.2809835970401764,0.5474780201911926
truthfulqa_335_inc_2,truthfulqa,1,5,0.3,0.6,0.6,0.9735627174377441,0.9353014826774597,1.0,0.031134746968746185,0.02643728256225586
truthfulqa_477_inc_0,truthfulqa,1,5,0.3,0.6,0.6,0.4231646656990051,0.06968977302312851,1.0,0.3909040093421936,0.5768353343009949
truthfulqa_348_corr_2,truthfulqa,0,5,0.0,1.0,0.2,0.8074213862419128,0.6434324383735657,0.8936984539031982,0.07665469497442245,0.19257861375808716
truthfulqa_730_inc_0,truthfulqa,1,5,0.4,0.4,0.6,0.9507996439933777,0.9179993867874146,1.0,0.04017192870378494,0.049200356006622314
truthfulqa_394_inc_1,truthfulqa,1,5,0.1,0.8,0.4,0.5428627133369446,0.202767014503479,0.9999998807907104,0.29918283224105835,0.4571372866630554
truthfulqa_58_inc_3,truthfulqa,1,5,0.6,0.4,0.8,0.9719451665878296,0.9298628568649292,1.0,0.034360043704509735,0.02805483341217041
truthfulqa_353_corr_1,truthfulqa,0,5,0.1,0.8,0.4,0.9489954113960266,0.9236536026000977,1.0,0.02667084150016308,0.05100458860397339
truthfulqa_293_corr_1,truthfulqa,0,5,1.0,0.2,1.0,1.0,1.0,1.0,0.0,0.0
truthfulqa_374_inc_3,truthfulqa,1,5,0.6,0.4,0.8,0.7317289710044861,0.3293224275112152,1.0,0.3285635709762573,0.2682710289955139
truthfulqa_594_inc_0,truthfulqa,1,5,0.0,1.0,0.2,0.7077032327651978,0.5519892573356628,0.914661169052124,0.13348141312599182,0.29229676723480225
truthfulqa_265_inc_0,truthfulqa,1,5,1.0,0.2,1.0,1.0,1.0,1.0,0.0,0.0
truthfulqa_504_inc_0,truthfulqa,1,5,0.0,1.0,0.2,0.8433960676193237,0.7692840099334717,0.9429148435592651,0.04850142076611519,0.15660393238067627
truthfulqa_583_corr_1,truthfulqa,0,5,0.0,1.0,0.2,0.6430467963218689,0.2776642441749573,0.9965055584907532,0.29405903816223145,0.3569532036781311
truthfulqa_427_best,truthfulqa,0,5,1.0,0.2,1.0,0.9742876291275024,0.9357188940048218,1.0,0.03149118274450302,0.02571237087249756
truthfulqa_479_inc_2,truthfulqa,1,5,0.0,1.0,0.2,0.8496794700622559,0.7227499485015869,0.9398065805435181,0.0723329484462738,0.15032052993774414
truthfulqa_589_best,truthfulqa,0,5,0.4,0.4,0.6,0.9656369090080261,0.9427281618118286,1.0,0.02805735543370247,0.03436309099197388
truthfulqa_21_best,truthfulqa,0,5,0.2,0.6,0.4,0.7002326250076294,0.5068848133087158,1.0,0.1767570525407791,0.2997673749923706
truthfulqa_771_corr_2,truthfulqa,0,5,0.6,0.4,0.8,0.6508325934410095,0.12708155810832977,1.0,0.4276409447193146,0.3491674065589905
truthfulqa_613_corr_2,truthfulqa,0,5,0.4,0.4,0.6,0.838182806968689,0.7303047180175781,1.0,0.1321231722831726,0.16181719303131104
truthfulqa_604_inc_1,truthfulqa,1,5,1.0,0.2,1.0,0.9999998211860657,0.9999998211860657,0.9999998211860657,0.0,1.7881393432617188e-07
truthfulqa_679_inc_0,truthfulqa,1,5,0.4,0.4,0.6,0.8116391897201538,0.6860653162002563,1.0,0.15379595756530762,0.1883608102798462
truthfulqa_216_corr_3,truthfulqa,0,5,0.0,1.0,0.2,0.6336098313331604,0.47052010893821716,0.7707818150520325,0.0950780138373375,0.3663901686668396
truthfulqa_462_inc_5,truthfulqa,1,5,0.0,1.0,0.2,0.9182257652282715,0.8659110069274902,0.965090811252594,0.032654769718647,0.08177423477172852
truthfulqa_728_best,truthfulqa,0,5,1.0,0.2,1.0,0.9999998807907104,0.9999999403953552,0.9999999403953552,5.960464477539063e-08,1.1920928955078125e-07
truthfulqa_390_inc_2,truthfulqa,1,5,0.0,1.0,0.2,0.9577263593673706,0.9204041361808777,0.9886386394500732,0.02337140589952469,0.042273640632629395
truthfulqa_596_inc_1,truthfulqa,1,5,0.1,0.8,0.4,0.7048639059066772,0.4461366832256317,1.0,0.2186840921640396,0.29513609409332275
truthfulqa_465_best,truthfulqa,0,5,0.0,1.0,0.2,0.598087728023529,0.41223621368408203,0.7600094079971313,0.1183846965432167,0.40191227197647095
truthfulqa_191_corr_1,truthfulqa,0,5,0.0,1.0,0.2,0.9218282699584961,0.8492357730865479,0.9937005043029785,0.04736064374446869,0.0781717300415039
truthfulqa_347_inc_2,truthfulqa,1,5,0.2,0.6,0.4,0.8776082992553711,0.8106182813644409,1.0,0.06477125734090805,0.1223917007446289
truthfulqa_550_inc_7,truthfulqa,1,5,1.0,0.2,1.0,1.0,1.0,1.0,0.0,0.0
truthfulqa_47_corr_0,truthfulqa,0,5,0.0,1.0,0.2,0.9016027450561523,0.8560205101966858,0.9344520568847656,0.02658919431269169,0.09839725494384766
truthfulqa_319_best,truthfulqa,0,5,0.3,0.6,0.6,0.8285492062568665,0.6351521015167236,1.0,0.14855684340000153,0.17145079374313354
truthfulqa_491_corr_1,truthfulqa,0,5,0.3,0.6,0.6,0.7005079388618469,0.4089708924293518,0.9999997615814209,0.23811407387256622,0.2994920611381531
truthfulqa_553_inc_5,truthfulqa,1,5,0.0,1.0,0.2,0.8677708506584167,0.801788330078125,0.9538942575454712,0.051902759820222855,0.13222914934158325
truthfulqa_357_inc_2,truthfulqa,1,5,0.1,0.8,0.4,0.3946499526500702,0.13962070643901825,0.9899837374687195,0.3011758625507355,0.6053500473499298
truthfulqa_497_best,truthfulqa,0,5,0.1,0.8,0.4,0.8671077489852905,0.8190916776657104,0.9999997019767761,0.05080200359225273,0.13289225101470947
truthfulqa_685_corr_1,truthfulqa,0,5,0.0,1.0,0.2,0.7416198253631592,0.6623684167861938,0.9334120154380798,0.06991510838270187,0.2583801746368408
truthfulqa_782_inc_2,truthfulqa,1,5,0.1,0.8,0.4,0.8130718469619751,0.657975435256958,0.9999998807907104,0.12979544699192047,0.1869281530380249
truthfulqa_192_inc_3,truthfulqa,1,5,0.3,0.6,0.6,0.9778985977172852,0.9426988363265991,1.0,0.026580482721328735,0.022101402282714844
truthfulqa_43_corr_2,truthfulqa,0,5,0.4,0.4,0.6,0.8354393839836121,0.7257323265075684,0.9999999403953552,0.13436312973499298,0.16456061601638794
truthfulqa_18_inc_0,truthfulqa,1,5,0.4,0.4,0.6,0.9868141412734985,0.9780235886573792,1.0,0.010766198858618736,0.013185858726501465
truthfulqa_327_corr_5,truthfulqa,0,5,0.1,0.8,0.4,0.9911534190177917,0.9835707545280457,1.0,0.0058847470209002495,0.008846580982208252
truthfulqa_230_corr_3,truthfulqa,0,5,1.0,0.2,1.0,0.9999998807907104,0.9999998807907104,0.9999998807907104,0.0,1.1920928955078125e-07
truthfulqa_808_inc_0,truthfulqa,1,5,1.0,0.2,1.0,1.0,1.0,1.0,0.0,0.0
truthfulqa_487_best,truthfulqa,0,5,1.0,0.2,1.0,0.9755969047546387,0.9389923214912415,1.0,0.02988753654062748,0.024403095245361328
truthfulqa_412_corr_1,truthfulqa,0,5,0.0,1.0,0.2,0.4181446135044098,0.02153167501091957,0.9445074796676636,0.22301837801933289,0.5818553864955902
truthfulqa_221_inc_2,truthfulqa,1,5,0.0,1.0,0.2,0.8066085577011108,0.6507964134216309,0.9480697512626648,0.08847437798976898,0.19339144229888916
truthfulqa_588_corr_1,truthfulqa,0,5,0.0,1.0,0.2,0.5056397914886475,0.17816829681396484,0.9133601188659668,0.294951856136322,0.49436020851135254
truthfulqa_490_inc_4,truthfulqa,1,5,0.2,0.6,0.4,0.44845229387283325,0.2910865843296051,1.0,0.27653607726097107,0.5515477061271667
truthfulqa_58_corr_2,truthfulqa,0,5,0.6,0.4,0.8,0.979082465171814,0.9477061033248901,1.0,0.025618672370910645,0.020917534828186035
truthfulqa_412_inc_3,truthfulqa,1,5,0.2,0.6,0.4,0.6884264945983887,0.4891703724861145,1.0,0.2326674461364746,0.31157350540161133
truthfulqa_16_inc_3,truthfulqa,1,5,0.0,1.0,0.2,0.8570899963378906,0.7462553977966309,0.9544684886932373,0.06779921799898148,0.14291000366210938
truthfulqa_495_inc_2,truthfulqa,1,5,0.3,0.6,0.6,0.6094502806663513,0.33490002155303955,1.0,0.27404528856277466,0.3905497193336487
truthfulqa_464_corr_1,truthfulqa,0,5,1.0,0.2,1.0,1.0,1.0,1.0,0.0,0.0
truthfulqa_573_inc_11,truthfulqa,1,5,0.3,0.6,0.6,0.9339708089828491,0.8305475115776062,1.0,0.06285562366247177,0.06602919101715088
truthfulqa_572_inc_1,truthfulqa,1,5,1.0,0.2,1.0,1.0,1.0,1.0,0.0,0.0
truthfulqa_13_corr_3,truthfulqa,0,5,0.3,0.6,0.6,0.8244280815124512,0.6033213138580322,1.0,0.17122606933116913,0.17557191848754883
truthfulqa_688_corr_1,truthfulqa,0,5,1.0,0.2,1.0,1.0,1.0,1.0,0.0,0.0
truthfulqa_785_corr_1,truthfulqa,0,5,0.0,1.0,0.2,0.9092990756034851,0.8489346504211426,0.9788596630096436,0.03756154701113701,0.09070092439651489
truthfulqa_129_best,truthfulqa,0,5,0.3,0.6,0.6,0.6047340631484985,0.34768131375312805,1.0,0.2675842344760895,0.39526593685150146
truthfulqa_403_best,truthfulqa,0,5,0.2,0.6,0.4,0.5783652067184448,0.4095085859298706,1.0,0.2306477427482605,0.4216347932815552
truthfulqa_774_inc_1,truthfulqa,1,5,0.6,0.4,0.8,0.6914493441581726,0.2286233901977539,1.0,0.3778958022594452,0.3085506558418274
truthfulqa_41_inc_3,truthfulqa,1,5,0.0,1.0,0.2,0.7431994080543518,0.47074490785598755,0.9454324245452881,0.1975381076335907,0.2568005919456482
truthfulqa_519_inc_1,truthfulqa,1,5,1.0,0.2,1.0,0.9846023321151733,0.9743374586105347,1.0,0.012571895495057106,0.01539766788482666
truthfulqa_434_inc_0,truthfulqa,1,5,1.0,0.2,1.0,1.0,1.0,1.0,0.0,0.0
truthfulqa_485_inc_5,truthfulqa,1,5,0.0,1.0,0.2,0.8520205616950989,0.6775332093238831,0.9736650586128235,0.10406886041164398,0.14797943830490112
truthfulqa_783_best,truthfulqa,0,5,0.4,0.4,0.6,0.9971939921379089,0.9953233599662781,0.9999997615814209,0.0022909597028046846,0.0028060078620910645
truthfulqa_609_inc_1,truthfulqa,1,5,0.0,1.0,0.2,0.6310738325119019,0.42542511224746704,0.7570595741271973,0.11071424186229706,0.36892616748809814
truthfulqa_567_inc_6,truthfulqa,1,5,0.6,0.4,0.8,0.6953970789909363,0.23849272727966309,1.0,0.37306085228919983,0.3046029210090637
truthfulqa_761_best,truthfulqa,0,5,0.1,0.8,0.4,0.9577940702438354,0.9245976209640503,0.9999998807907104,0.024119092151522636,0.04220592975616455
truthfulqa_436_inc_2,truthfulqa,1,5,1.0,0.2,1.0,1.0,1.0,1.0,0.0,0.0
truthfulqa_39_inc_3,truthfulqa,1,5,0.1,0.8,0.4,0.4973042607307434,0.31210216879844666,1.0,0.19401682913303375,0.5026957392692566
truthfulqa_394_inc_2,truthfulqa,1,5,0.1,0.8,0.4,0.48533353209495544,0.12645366787910461,1.0,0.302085816860199,0.5146664679050446
truthfulqa_653_corr_2,truthfulqa,0,5,0.6,0.4,0.8,0.8586123585700989,0.6465308666229248,1.0,0.17316380143165588,0.14138764142990112
truthfulqa_195_corr_2,truthfulqa,0,5,0.0,1.0,0.2,0.8579638600349426,0.7736959457397461,0.9653568863868713,0.0634300634264946,0.14203613996505737
truthfulqa_326_corr_2,truthfulqa,0,5,0.0,1.0,0.2,0.7134919762611389,0.38386231660842896,0.9780148863792419,0.2640927731990814,0.2865080237388611
truthfulqa_309_inc_4,truthfulqa,1,5,0.3,0.6,0.6,0.9796843528747559,0.9518386125564575,1.0,0.022341525182127953,0.02031564712524414
truthfulqa_10_inc_2,truthfulqa,1,5,1.0,0.2,1.0,1.0,1.0,1.0,0.0,0.0
truthfulqa_306_best,truthfulqa,0,5,1.0,0.2,1.0,1.0,1.0,1.0,0.0,0.0
truthfulqa_440_best,truthfulqa,0,5,1.0,0.2,1.0,1.0,1.0,1.0,0.0,0.0
truthfulqa_274_inc_1,truthfulqa,1,5,0.3,0.6,0.6,0.6118670701980591,0.13523051142692566,0.9999998807907104,0.3813364803791046,0.3881329298019409
truthfulqa_202_inc_1,truthfulqa,1,5,0.0,1.0,0.2,0.9073423147201538,0.8410885334014893,0.9570308923721313,0.03220624476671219,0.09265768527984619
truthfulqa_174_inc_2,truthfulqa,1,5,0.6,0.4,0.8,0.8530874252319336,0.6327188014984131,0.9999997615814209,0.179930180311203,0.1469125747680664
truthfulqa_82_inc_3,truthfulqa,1,5,0.0,1.0,0.2,0.8502209782600403,0.7816064357757568,0.9666075706481934,0.06617548316717148,0.14977902173995972
truthfulqa_575_inc_7,truthfulqa,1,5,1.0,0.2,1.0,0.9999998807907104,0.9999998807907104,0.9999998807907104,0.0,1.1920928955078125e-07
truthfulqa_419_inc_1,truthfulqa,1,5,1.0,0.2,1.0,0.9577410817146301,0.9295685291290283,1.0,0.03450421243906021,0.04225891828536987
truthfulqa_388_corr_1,truthfulqa,0,5,0.6,0.4,0.8,0.7662531733512878,0.415632963180542,1.0,0.28628021478652954,0.23374682664871216
truthfulqa_508_inc_1,truthfulqa,1,5,0.0,1.0,0.2,0.8493908643722534,0.7782456874847412,0.9622380137443542,0.0675382912158966,0.15060913562774658
truthfulqa_444_corr_2,truthfulqa,0,5,0.0,1.0,0.2,0.6740573048591614,0.2201211005449295,0.992089033126831,0.2978878915309906,0.3259426951408386
truthfulqa_755_corr_1,truthfulqa,0,5,0.0,1.0,0.2,0.8629218935966492,0.641048789024353,0.9966079592704773,0.15947803854942322,0.13707810640335083
truthfulqa_59_corr_1,truthfulqa,0,5,0.0,1.0,0.2,0.8849781155586243,0.8383005857467651,0.9543448686599731,0.03603650629520416,0.11502188444137573
truthfulqa_583_inc_2,truthfulqa,1,5,0.0,1.0,0.2,0.3853672444820404,0.11744819581508636,0.9451178908348083,0.3050670325756073,0.6146327555179596
truthfulqa_381_inc_4,truthfulqa,1,5,0.0,1.0,0.2,0.9281317591667175,0.851754903793335,0.9709045886993408,0.036166395992040634,0.07186824083328247
truthfulqa_506_inc_2,truthfulqa,1,5,0.0,1.0,0.2,0.7569788694381714,0.6815513372421265,0.8718678951263428,0.06538629531860352,0.2430211305618286
truthfulqa_470_corr_1,truthfulqa,0,5,1.0,0.2,1.0,0.9999998807907104,0.9999998807907104,0.9999998807907104,0.0,1.1920928955078125e-07
truthfulqa_774_inc_2,truthfulqa,1,5,0.4,0.4,0.6,0.5371740460395813,0.2286233901977539,1.0,0.3778958022594452,0.4628259539604187
truthfulqa_735_best,truthfulqa,0,5,0.0,1.0,0.2,0.9530073404312134,0.9072157144546509,0.9972153902053833,0.031757425516843796,0.04699265956878662
truthfulqa_365_inc_1,truthfulqa,1,5,0.0,1.0,0.2,0.9159694910049438,0.8863228559494019,0.9550100564956665,0.021626761183142662,0.08403050899505615
truthfulqa_164_best,truthfulqa,0,5,1.0,0.2,1.0,1.0,1.0,1.0,0.0,0.0
truthfulqa_279_inc_0,truthfulqa,1,5,1.0,0.2,1.0,1.0,1.0,1.0,0.0,0.0
truthfulqa_329_corr_2,truthfulqa,0,5,1.0,0.2,1.0,0.9733139276504517,0.9332846999168396,1.0,0.03268368914723396,0.02668607234954834
truthfulqa_300_corr_1,truthfulqa,0,5,1.0,0.2,1.0,1.0,1.0,1.0,0.0,0.0
truthfulqa_112_inc_1,truthfulqa,1,5,0.3,0.6,0.6,0.8883107304573059,0.7681278586387634,1.0,0.08255619555711746,0.11168926954269409
truthfulqa_115_best,truthfulqa,0,5,1.0,0.2,1.0,1.0,1.0,1.0,0.0,0.0
truthfulqa_156_inc_1,truthfulqa,1,5,0.0,1.0,0.2,0.9505977630615234,0.9206351041793823,0.992577850818634,0.021088533103466034,0.04940223693847656
truthfulqa_461_corr_3,truthfulqa,0,5,0.0,1.0,0.2,0.8745952844619751,0.7866407632827759,0.9403405785560608,0.04872674494981766,0.1254047155380249
truthfulqa_462_inc_1,truthfulqa,1,5,0.0,1.0,0.2,0.8729273676872253,0.8034615516662598,0.9781843423843384,0.06935156881809235,0.12707263231277466
truthfulqa_738_inc_2,truthfulqa,1,5,1.0,0.2,1.0,1.0,1.0,1.0,0.0,0.0
truthfulqa_49_inc_1,truthfulqa,1,5,0.0,1.0,0.2,0.9250394701957703,0.8556770086288452,0.9702639579772949,0.03399183228611946,0.07496052980422974
truthfulqa_174_corr_1,truthfulqa,0,5,0.2,0.6,0.4,0.6817591786384583,0.5546804666519165,0.9999999403953552,0.1528134047985077,0.31824082136154175
truthfulqa_127_corr_1,truthfulqa,0,5,0.0,1.0,0.2,0.7240360975265503,0.673010528087616,0.8438699245452881,0.04747365042567253,0.2759639024734497
truthfulqa_361_inc_2,truthfulqa,1,5,1.0,0.2,1.0,1.0,1.0,1.0,0.0,0.0
truthfulqa_327_inc_0,truthfulqa,1,5,0.0,1.0,0.2,0.9787461161613464,0.9697445034980774,0.999817967414856,0.008962070569396019,0.021253883838653564
truthfulqa_41_corr_1,truthfulqa,0,5,0.0,1.0,0.2,0.764724612236023,0.43959981203079224,0.9732452630996704,0.21108628809452057,0.23527538776397705
truthfulqa_80_inc_0,truthfulqa,1,5,0.4,0.4,0.6,0.9559732675552368,0.9266220331192017,1.0,0.03594769537448883,0.044026732444763184
truthfulqa_311_inc_3,truthfulqa,1,5,0.0,1.0,0.2,0.9126795530319214,0.8508282899856567,0.9954333305358887,0.055311162024736404,0.08732044696807861
truthfulqa_7_inc_0,truthfulqa,1,5,0.1,0.8,0.4,0.7657006978988647,0.5774508118629456,1.0,0.12126011401414871,0.23429930210113525
truthfulqa_366_inc_1,truthfulqa,1,5,0.0,1.0,0.2,0.7020586729049683,0.5617281794548035,0.8670591711997986,0.0840713307261467,0.29794132709503174
truthfulqa_34_corr_0,truthfulqa,0,5,0.0,1.0,0.2,0.7947002649307251,0.6561475992202759,0.8794162273406982,0.07781864702701569,0.2052997350692749
truthfulqa_209_corr_1,truthfulqa,0,5,0.1,0.8,0.4,0.8146967887878418,0.6180776953697205,1.0,0.10049732029438019,0.1853032112121582
truthfulqa_565_inc_0,truthfulqa,1,5,1.0,0.2,1.0,1.0,1.0,1.0,0.0,0.0
truthfulqa_344_best,truthfulqa,0,5,0.0,1.0,0.2,0.9485524892807007,0.9260308742523193,0.9704709053039551,0.012788079679012299,0.051447510719299316
truthfulqa_629_best,truthfulqa,0,5,0.0,1.0,0.2,0.6851585507392883,0.5362371802330017,0.8083778619766235,0.0933302566409111,0.31484144926071167
truthfulqa_471_best,truthfulqa,0,5,1.0,0.2,1.0,1.0,1.0,1.0,0.0,0.0
truthfulqa_707_inc_1,truthfulqa,1,5,0.4,0.4,0.6,0.985962986946106,0.9766049385070801,1.0,0.01146119274199009,0.014037013053894043
truthfulqa_297_corr_1,truthfulqa,0,5,0.0,1.0,0.2,0.7017378211021423,0.5784586668014526,0.8217623233795166,0.07381975650787354,0.29826217889785767
truthfulqa_272_corr_0,truthfulqa,0,5,0.0,1.0,0.2,0.9746880531311035,0.9573144912719727,0.989922046661377,0.01171091478317976,0.025311946868896484
truthfulqa_574_inc_0,truthfulqa,1,5,1.0,0.2,1.0,1.0,1.0,1.0,0.0,0.0
truthfulqa_803_inc_1,truthfulqa,1,5,0.0,1.0,0.2,0.9181377291679382,0.8697975277900696,0.9479913711547852,0.02584071271121502,0.08186227083206177
truthfulqa_36_inc_0,truthfulqa,1,5,1.0,0.2,1.0,1.0,1.0,1.0,0.0,0.0
truthfulqa_12_inc_2,truthfulqa,1,5,0.2,0.6,0.4,0.6041820645332336,0.2544277608394623,1.0,0.28097325563430786,0.39581793546676636
truthfulqa_317_corr_2,truthfulqa,0,5,1.0,0.2,1.0,0.9718303680419922,0.9530507326126099,0.9999999403953552,0.02300032041966915,0.028169631958007812
truthfulqa_625_best,truthfulqa,0,5,1.0,0.2,1.0,0.9999998807907104,0.9999998807907104,0.9999998807907104,0.0,1.1920928955078125e-07
truthfulqa_11_inc_0,truthfulqa,1,5,0.6,0.4,0.8,0.8923149108886719,0.7307871580123901,1.0,0.131886824965477,0.10768508911132812
truthfulqa_467_best,truthfulqa,0,5,0.3,0.6,0.6,0.6527677774429321,0.2813560366630554,1.0,0.3115074932575226,0.34723222255706787
truthfulqa_375_inc_1,truthfulqa,1,5,0.2,0.6,0.4,0.9578908681869507,0.9352405071258545,1.0,0.022586796432733536,0.042109131813049316
truthfulqa_706_best,truthfulqa,0,5,0.1,0.8,0.4,0.8776056170463562,0.752111554145813,1.0,0.07052459567785263,0.1223943829536438
truthfulqa_483_corr_2,truthfulqa,0,5,0.0,1.0,0.2,0.9569282531738281,0.940029501914978,0.9898998737335205,0.014756949618458748,0.043071746826171875
truthfulqa_443_corr_1,truthfulqa,0,5,1.0,0.2,1.0,1.0,1.0,1.0,0.0,0.0
truthfulqa_175_corr_2,truthfulqa,0,5,0.1,0.8,0.4,0.5546327829360962,0.3879150152206421,1.0,0.21672821044921875,0.4453672170639038
truthfulqa_179_corr_3,truthfulqa,0,5,0.2,0.6,0.4,0.416666179895401,0.09378942847251892,1.0,0.3116413354873657,0.583333820104599
truthfulqa_786_corr_2,truthfulqa,0,5,0.0,1.0,0.2,0.8810117840766907,0.8073920011520386,0.9501289129257202,0.03876997157931328,0.11898821592330933
truthfulqa_135_inc_4,truthfulqa,1,5,1.0,0.2,1.0,0.9999998807907104,0.9999998807907104,0.9999998807907104,0.0,1.1920928955078125e-07
truthfulqa_48_inc_3,truthfulqa,1,5,0.0,1.0,0.2,0.7748918533325195,0.6657721996307373,0.8870517611503601,0.06843111664056778,0.22510814666748047
truthfulqa_83_corr_3,truthfulqa,0,5,0.3,0.6,0.6,0.726443886756897,0.5045693516731262,0.9999997615814209,0.2074592560529709,0.273556113243103
truthfulqa_579_inc_1,truthfulqa,1,5,1.0,0.2,1.0,0.9916695356369019,0.979174017906189,1.0,0.010202606208622456,0.008330464363098145
truthfulqa_272_inc_0,truthfulqa,1,5,0.1,0.8,0.4,0.985760509967804,0.9726433753967285,0.9999998807907104,0.008575004525482655,0.014239490032196045
truthfulqa_4_corr_5,truthfulqa,0,5,0.1,0.8,0.4,0.6877824664115906,0.4106231927871704,1.0,0.1900656521320343,0.3122175335884094
truthfulqa_278_corr_1,truthfulqa,0,5,1.0,0.2,1.0,1.0,1.0,1.0,0.0,0.0
truthfulqa_498_corr_2,truthfulqa,0,5,0.0,1.0,0.2,0.8558012247085571,0.7675639390945435,0.9858556985855103,0.06731434166431427,0.14419877529144287
truthfulqa_472_inc_1,truthfulqa,1,5,0.6,0.4,0.8,0.8585742712020874,0.6464356184005737,1.0,0.17321045696735382,0.1414257287979126
truthfulqa_479_inc_3,truthfulqa,1,5,0.0,1.0,0.2,0.8582429885864258,0.7929964661598206,0.9498997926712036,0.054858338087797165,0.14175701141357422
truthfulqa_141_best,truthfulqa,0,5,1.0,0.2,1.0,0.9859224557876587,0.9765374064445496,1.0,0.01149427704513073,0.014077544212341309
truthfulqa_455_best,truthfulqa,0,5,0.0,1.0,0.2,0.7760009169578552,0.6606913805007935,0.9205851554870605,0.07259661704301834,0.22399908304214478
truthfulqa_243_corr_1,truthfulqa,0,5,0.1,0.8,0.4,0.9400850534439087,0.8911007642745972,1.0,0.036827150732278824,0.05991494655609131
truthfulqa_221_inc_0,truthfulqa,1,5,0.0,1.0,0.2,0.7994082570075989,0.6768695712089539,0.9278281927108765,0.08605673164129257,0.20059174299240112
truthfulqa_481_corr_1,truthfulqa,0,5,1.0,0.2,1.0,0.9999998807907104,0.9999999403953552,0.9999999403953552,5.960464477539063e-08,1.1920928955078125e-07
truthfulqa_768_inc_1,truthfulqa,1,5,0.0,1.0,0.2,0.9283246994018555,0.8870861530303955,0.9840424060821533,0.026240233331918716,0.07167530059814453
truthfulqa_401_inc_1,truthfulqa,1,5,0.4,0.4,0.6,0.9984886050224304,0.9974809885025024,1.0,0.0012340585235506296,0.00151139497756958
truthfulqa_310_inc_4,truthfulqa,1,5,0.1,0.8,0.4,0.5768889784812927,0.16653481125831604,1.0,0.2984660267829895,0.4231110215187073
truthfulqa_719_corr_2,truthfulqa,0,5,0.0,1.0,0.2,0.8801279067993164,0.7863160371780396,0.9914376735687256,0.06896642595529556,0.1198720932006836
truthfulqa_386_corr_1,truthfulqa,0,5,0.1,0.8,0.4,0.8061293363571167,0.6876392960548401,1.0,0.08907313644886017,0.1938706636428833
truthfulqa_121_corr_1,truthfulqa,0,5,1.0,0.2,1.0,0.9999998807907104,0.9999998807907104,0.9999998807907104,0.0,1.1920928955078125e-07
truthfulqa_313_inc_2,truthfulqa,1,5,0.0,1.0,0.2,0.9370468258857727,0.871282696723938,0.998932957649231,0.05054447427392006,0.0629531741142273
truthfulqa_574_inc_7,truthfulqa,1,5,1.0,0.2,1.0,1.0,1.0,1.0,0.0,0.0
truthfulqa_188_corr_1,truthfulqa,0,5,1.0,0.2,1.0,1.0,1.0,1.0,0.0,0.0
truthfulqa_569_inc_0,truthfulqa,1,5,0.6,0.4,0.8,0.8363506197929382,0.5908764600753784,1.0,0.200428768992424,0.16364938020706177
truthfulqa_16_inc_4,truthfulqa,1,5,0.1,0.8,0.4,0.9017855525016785,0.7660959362983704,1.0,0.06873980909585953,0.09821444749832153
truthfulqa_659_best,truthfulqa,0,5,0.0,1.0,0.2,0.757655918598175,0.49781739711761475,0.9858241677284241,0.19468353688716888,0.24234408140182495
truthfulqa_15_inc_2,truthfulqa,1,5,0.0,1.0,0.2,0.8789666891098022,0.7946414947509766,0.9729223847389221,0.05490778014063835,0.12103331089019775
truthfulqa_313_best,truthfulqa,0,5,0.1,0.8,0.4,0.9075844883918762,0.7799292206764221,1.0,0.10061126947402954,0.09241551160812378
truthfulqa_49_corr_1,truthfulqa,0,5,0.0,1.0,0.2,0.927634060382843,0.8890646696090698,0.9592212438583374,0.02269565314054489,0.07236593961715698
truthfulqa_389_corr_1,truthfulqa,0,5,0.0,1.0,0.2,0.9089592099189758,0.8663753271102905,0.9537493586540222,0.029061827808618546,0.09104079008102417
truthfulqa_450_best,truthfulqa,0,5,1.0,0.2,1.0,1.0,1.0,1.0,0.0,0.0
truthfulqa_661_best,truthfulqa,0,5,0.0,1.0,0.2,0.4109112620353699,0.2155667096376419,0.8008377552032471,0.18875285983085632,0.5890887379646301
truthfulqa_787_inc_4,truthfulqa,1,5,0.0,1.0,0.2,0.7915810346603394,0.650196373462677,0.9222578406333923,0.07890623062849045,0.20841896533966064
truthfulqa_409_corr_2,truthfulqa,0,5,0.1,0.8,0.4,0.9522790908813477,0.9185810089111328,0.9999997615814209,0.030834125354886055,0.047720909118652344
truthfulqa_621_inc_1,truthfulqa,1,5,0.3,0.6,0.6,0.9962490797042847,0.9928439855575562,1.0,0.002531630452722311,0.003750920295715332
truthfulqa_463_inc_2,truthfulqa,1,5,0.0,1.0,0.2,0.9110730886459351,0.8780164122581482,0.9352540969848633,0.016754930838942528,0.08892691135406494
truthfulqa_416_inc_3,truthfulqa,1,5,0.3,0.6,0.6,0.3839799463748932,-0.02429095283150673,1.0,0.49858713150024414,0.6160200536251068
truthfulqa_776_inc_0,truthfulqa,1,5,1.0,0.2,1.0,1.0,1.0,1.0,0.0,0.0
truthfulqa_245_inc_1,truthfulqa,1,5,0.0,1.0,0.2,0.9795407056808472,0.947340726852417,0.9997271299362183,0.024237370118498802,0.020459294319152832
truthfulqa_693_corr_2,truthfulqa,0,5,0.0,1.0,0.2,0.8700639605522156,0.7219245433807373,0.9513653516769409,0.09508024901151657,0.12993603944778442
truthfulqa_18_corr_2,truthfulqa,0,5,0.2,0.6,0.4,0.9840909242630005,0.9694604873657227,1.0,0.011477168649435043,0.01590907573699951
truthfulqa_34_inc_3,truthfulqa,1,5,0.0,1.0,0.2,0.8660390973091125,0.8092029690742493,0.9172305464744568,0.03996620699763298,0.13396090269088745
truthfulqa_786_best,truthfulqa,0,5,0.0,1.0,0.2,0.9179883003234863,0.9027271270751953,0.993432879447937,0.02547909878194332,0.08201169967651367
truthfulqa_254_inc_1,truthfulqa,1,5,0.0,1.0,0.2,0.817381739616394,0.7200238704681396,0.8948665261268616,0.05642044544219971,0.18261826038360596
truthfulqa_456_inc_4,truthfulqa,1,5,0.0,1.0,0.2,0.7285480499267578,0.5323806405067444,0.8593234419822693,0.12478285282850266,0.2714519500732422
truthfulqa_699_corr_1,truthfulqa,0,5,0.1,0.8,0.4,0.8294752836227417,0.6805711984634399,0.9999999403953552,0.1107734888792038,0.1705247163772583
truthfulqa_192_inc_2,truthfulqa,1,5,0.3,0.6,0.6,0.9748885035514832,0.9326754212379456,1.0,0.02767503447830677,0.025111496448516846
truthfulqa_804_inc_3,truthfulqa,1,5,0.0,1.0,0.2,0.5683687925338745,0.4410061836242676,0.883507490158081,0.1449148803949356,0.4316312074661255
truthfulqa_232_corr_1,truthfulqa,0,5,0.0,1.0,0.2,0.7563842535018921,0.6248564720153809,0.9386785626411438,0.08644546568393707,0.2436157464981079
truthfulqa_579_inc_3,truthfulqa,1,5,0.6,0.4,0.8,0.6939584612846375,0.24622714519500732,1.0,0.3621898889541626,0.30604153871536255
truthfulqa_713_inc_2,truthfulqa,1,5,0.2,0.6,0.4,0.9580916166305542,0.9436718225479126,1.0,0.021604761481285095,0.0419083833694458
truthfulqa_153_corr_2,truthfulqa,0,5,0.0,1.0,0.2,0.8381867408752441,0.7316484451293945,0.9413200616836548,0.056162189692258835,0.16181325912475586
truthfulqa_816_corr_4,truthfulqa,0,5,0.6,0.4,0.8,0.658798336982727,0.14699584245681763,1.0,0.4178850054740906,0.34120166301727295
truthfulqa_220_best,truthfulqa,0,5,0.0,1.0,0.2,0.8068501353263855,0.7100214958190918,0.9808244109153748,0.09808125346899033,0.1931498646736145
truthfulqa_305_corr_4,truthfulqa,0,5,0.6,0.4,0.8,0.8445653915405273,0.611413300037384,1.0,0.19036783277988434,0.15543460845947266
truthfulqa_457_best,truthfulqa,0,5,0.0,1.0,0.2,0.7979105710983276,0.7036782503128052,0.8675710558891296,0.042242247611284256,0.20208942890167236
truthfulqa_305_inc_0,truthfulqa,1,5,0.6,0.4,0.8,0.8445652723312378,0.611413300037384,1.0,0.19036784768104553,0.1554347276687622
truthfulqa_586_corr_1,truthfulqa,0,5,0.3,0.6,0.6,0.48633480072021484,0.251648873090744,0.9999998807907104,0.3368130922317505,0.5136651992797852
truthfulqa_217_inc_1,truthfulqa,1,5,0.1,0.8,0.4,0.9307279586791992,0.881354808807373,1.0,0.030748162418603897,0.06927204132080078
truthfulqa_69_corr_0,truthfulqa,0,5,1.0,0.2,1.0,1.0,1.0,1.0,0.0,0.0
truthfulqa_533_corr_2,truthfulqa,0,5,1.0,0.2,1.0,1.0,1.0,1.0,0.0,0.0
truthfulqa_732_inc_2,truthfulqa,1,5,0.0,1.0,0.2,0.9304531216621399,0.9005651473999023,0.9954447746276855,0.02725231647491455,0.06954687833786011
truthfulqa_208_inc_1,truthfulqa,1,5,0.4,0.4,0.6,0.7297345399856567,0.5495574474334717,1.0,0.2206708937883377,0.27026546001434326
truthfulqa_511_inc_4,truthfulqa,1,5,0.0,1.0,0.2,0.8871784210205078,0.803652286529541,0.956596851348877,0.050282638520002365,0.11282157897949219
truthfulqa_803_best,truthfulqa,0,5,0.0,1.0,0.2,0.8804360628128052,0.7595818042755127,0.9761727452278137,0.07165887206792831,0.11956393718719482
truthfulqa_299_inc_2,truthfulqa,1,5,0.0,1.0,0.2,0.7767623066902161,0.614978551864624,0.8814553022384644,0.09209536015987396,0.22323769330978394
truthfulqa_419_corr_2,truthfulqa,0,5,1.0,0.2,1.0,0.9577410817146301,0.9295685291290283,1.0,0.03450421243906021,0.04225891828536987
truthfulqa_190_inc_2,truthfulqa,1,5,0.0,1.0,0.2,0.8887107968330383,0.8241661787033081,0.9668035507202148,0.04241127520799637,0.11128920316696167
truthfulqa_65_best,truthfulqa,0,5,0.0,1.0,0.2,0.8324793577194214,0.7558245062828064,0.9328510761260986,0.054922863841056824,0.1675206422805786
truthfulqa_483_inc_0,truthfulqa,1,5,0.0,1.0,0.2,0.9292289018630981,0.8526887893676758,0.9751037359237671,0.040282242000103,0.07077109813690186
truthfulqa_666_corr_3,truthfulqa,0,5,0.3,0.6,0.6,0.832628071308136,0.717761218547821,1.0,0.1361970752477646,0.167371928691864
truthfulqa_813_best,truthfulqa,0,5,0.4,0.4,0.6,0.6492685675621033,0.36990320682525635,1.0,0.28034791350364685,0.35073143243789673
truthfulqa_798_inc_5,truthfulqa,1,5,0.0,1.0,0.2,0.6907367706298828,0.5375814437866211,0.9082638621330261,0.11936593055725098,0.3092632293701172
truthfulqa_628_corr_1,truthfulqa,0,5,0.0,1.0,0.2,0.49175795912742615,0.38570696115493774,0.7493919730186462,0.11454733461141586,0.5082420408725739
truthfulqa_618_inc_0,truthfulqa,1,5,0.1,0.8,0.4,0.39764443039894104,0.0854470431804657,0.9999999403953552,0.3162060081958771,0.602355569601059
truthfulqa_732_best,truthfulqa,0,5,0.0,1.0,0.2,0.9148674011230469,0.8900980949401855,0.9582708477973938,0.020600927993655205,0.08513259887695312
truthfulqa_791_corr_3,truthfulqa,0,5,0.0,1.0,0.2,0.9271185994148254,0.8824202418327332,0.9574211835861206,0.02525276318192482,0.07288140058517456
truthfulqa_346_best,truthfulqa,0,5,0.0,1.0,0.2,0.9302622675895691,0.8664472699165344,0.9992109537124634,0.05227412283420563,0.06973773241043091
truthfulqa_261_inc_1,truthfulqa,1,5,0.4,0.4,0.6,0.9290642738342285,0.8817737698554993,1.0,0.05791878327727318,0.07093572616577148
truthfulqa_670_corr_3,truthfulqa,0,5,1.0,0.2,1.0,1.0,1.0,1.0,0.0,0.0
truthfulqa_470_inc_3,truthfulqa,1,5,1.0,0.2,1.0,0.9999998807907104,0.9999998807907104,0.9999998807907104,0.0,1.1920928955078125e-07
truthfulqa_409_corr_1,truthfulqa,0,5,0.0,1.0,0.2,0.9628039598464966,0.919569730758667,0.9936573505401611,0.022767940536141396,0.03719604015350342
truthfulqa_607_inc_3,truthfulqa,1,5,0.1,0.8,0.4,0.4597929120063782,0.2376953363418579,1.0,0.2630946934223175,0.5402070879936218
truthfulqa_792_inc_3,truthfulqa,1,5,0.6,0.4,0.8,0.719989001750946,0.29997241497039795,1.0,0.34294208884239197,0.28001099824905396
truthfulqa_323_corr_3,truthfulqa,0,5,0.1,0.8,0.4,0.8308137655258179,0.6349958181381226,1.0,0.09516700357198715,0.16918623447418213
truthfulqa_773_inc_2,truthfulqa,1,5,0.3,0.6,0.6,0.5915216207504272,0.06680624186992645,1.0,0.4140326678752899,0.40847837924957275
truthfulqa_574_inc_4,truthfulqa,1,5,1.0,0.2,1.0,1.0,1.0,1.0,0.0,0.0
truthfulqa_534_best,truthfulqa,0,5,0.6,0.4,0.8,0.7311717867851257,0.32792961597442627,1.0,0.3292458951473236,0.26882821321487427
truthfulqa_568_inc_6,truthfulqa,1,5,1.0,0.2,1.0,1.0,1.0,1.0,0.0,0.0
truthfulqa_345_inc_2,truthfulqa,1,5,0.2,0.6,0.4,0.9894035458564758,0.9845679402351379,0.9999999403953552,0.006107981316745281,0.01059645414352417
truthfulqa_184_best,truthfulqa,0,5,0.1,0.8,0.4,0.9907175302505493,0.9834622740745544,1.0,0.005587873514741659,0.009282469749450684
truthfulqa_40_inc_2,truthfulqa,1,5,0.1,0.8,0.4,0.8819463849067688,0.8091986775398254,0.9999997615814209,0.05881625413894653,0.1180536150932312
truthfulqa_344_inc_6,truthfulqa,1,5,0.0,1.0,0.2,0.9340066909790039,0.8964822292327881,0.966450035572052,0.023457979783415794,0.0659933090209961
truthfulqa_169_inc_5,truthfulqa,1,5,0.0,1.0,0.2,0.8315456509590149,0.769278883934021,0.9851502776145935,0.06762736290693283,0.1684543490409851
truthfulqa_315_corr_3,truthfulqa,0,5,0.0,1.0,0.2,0.6151179075241089,0.29711252450942993,0.9863287806510925,0.23388449847698212,0.3848820924758911
truthfulqa_237_inc_1,truthfulqa,1,5,0.0,1.0,0.2,0.8359020948410034,0.7436778545379639,0.9388561844825745,0.0645420253276825,0.16409790515899658
truthfulqa_539_corr_4,truthfulqa,0,5,0.1,0.8,0.4,0.7436824440956116,0.44376426935195923,1.0,0.20155318081378937,0.2563175559043884
truthfulqa_461_inc_0,truthfulqa,1,5,0.0,1.0,0.2,0.8615540266036987,0.7580330967903137,0.9470566511154175,0.07037132978439331,0.13844597339630127
truthfulqa_33_corr_4,truthfulqa,0,5,0.0,1.0,0.2,0.820977509021759,0.7174941301345825,0.9939364194869995,0.10983037948608398,0.17902249097824097
truthfulqa_267_best,truthfulqa,0,5,0.4,0.4,0.6,0.9879046678543091,0.9798409938812256,1.0,0.009875855408608913,0.012095332145690918
truthfulqa_233_inc_4,truthfulqa,1,5,0.6,0.4,0.8,0.7616122364997864,0.4040305018424988,1.0,0.29196423292160034,0.23838776350021362
truthfulqa_514_inc_1,truthfulqa,1,5,0.0,1.0,0.2,0.9205151796340942,0.8922324776649475,0.9680473804473877,0.024873940274119377,0.07948482036590576
truthfulqa_78_inc_1,truthfulqa,1,5,0.0,1.0,0.2,0.5896392464637756,0.16431118547916412,0.8891439437866211,0.24930067360401154,0.41036075353622437
truthfulqa_426_inc_0,truthfulqa,1,5,1.0,0.2,1.0,1.0,1.0,1.0,0.0,0.0
truthfulqa_380_inc_3,truthfulqa,1,5,0.0,1.0,0.2,0.8879788517951965,0.8416357040405273,0.9163988828659058,0.024048855528235435,0.11202114820480347
truthfulqa_173_inc_1,truthfulqa,1,5,1.0,0.2,1.0,1.0,1.0,1.0,0.0,0.0
truthfulqa_351_inc_0,truthfulqa,1,5,0.0,1.0,0.2,0.9588476419448853,0.939629077911377,0.9779086709022522,0.010868296027183533,0.041152358055114746
fever_42215,fever,1,5,1.0,0.2,1.0,1.0,1.0,1.0,0.0,0.0
fever_154608,fever,1,5,1.0,0.2,1.0,1.0,1.0,1.0,0.0,0.0
fever_121431,fever,1,5,0.3,0.6,0.6,0.964209258556366,0.9210396409034729,1.0,0.026905834674835205,0.03579074144363403
fever_38940,fever,1,5,1.0,0.2,1.0,1.0,1.0,1.0,0.0,0.0
fever_29577,fever,0,5,1.0,0.2,1.0,1.0,1.0,1.0,0.0,0.0
fever_94829,fever,1,5,0.0,1.0,0.2,0.8195754885673523,0.7173360586166382,0.9939523935317993,0.0857846811413765,0.1804245114326477
fever_109036,fever,1,5,1.0,0.2,1.0,1.0,1.0,1.0,0.0,0.0
fever_35914,fever,1,5,0.6,0.4,0.8,0.6726058721542358,0.18151463568210602,1.0,0.400974303483963,0.32739412784576416
fever_208149,fever,1,5,1.0,0.2,1.0,1.0,1.0,1.0,0.0,0.0
fever_17376,fever,0,5,1.0,0.2,1.0,1.0,1.0,1.0,0.0,0.0
fever_178225,fever,1,5,0.1,0.8,0.4,0.9586189985275269,0.9279239773750305,1.0,0.02211855910718441,0.041381001472473145
fever_155476,fever,0,5,1.0,0.2,1.0,1.0,1.0,1.0,0.0,0.0
fever_102161,fever,1,5,0.4,0.4,0.6,0.5089088082313538,0.18151463568210602,1.0,0.400974303483963,0.49109119176864624
fever_149042,fever,1,5,1.0,0.2,1.0,1.0,1.0,1.0,0.0,0.0
fever_27279,fever,1,5,0.4,0.4,0.6,0.9775766134262085,0.9626278877258301,1.0,0.018308432772755623,0.022423386573791504
fever_103118,fever,1,5,0.0,1.0,0.2,0.829043984413147,0.7629703283309937,0.9970155954360962,0.06351927667856216,0.17095601558685303
fever_96576,fever,0,5,1.0,0.2,1.0,1.0,1.0,1.0,0.0,0.0
fever_39716,fever,1,5,0.1,0.8,0.4,0.9728557467460632,0.9457412362098694,1.0,0.017537251114845276,0.027144253253936768
fever_140337,fever,1,5,1.0,0.2,1.0,1.0,1.0,1.0,0.0,0.0
fever_5950,fever,0,5,0.4,0.4,0.6,0.59238600730896,0.32064348459243774,1.0,0.3328152894973755,0.40761399269104004
fever_68000,fever,1,5,0.1,0.8,0.4,0.38033509254455566,0.06447234749794006,1.0,0.36408719420433044,0.6196649074554443
fever_96271,fever,0,5,0.1,0.8,0.4,0.9612401723861694,0.9369089603424072,1.0,0.027574289590120316,0.038759827613830566
fever_57008,fever,0,5,0.4,0.4,0.6,0.5132535099983215,0.18875578045845032,1.0,0.3974268436431885,0.48674649000167847
fever_91371,fever,1,5,0.4,0.4,0.6,0.9401941299438477,0.9003234505653381,1.0,0.048831336200237274,0.059805870056152344
fever_171597,fever,0,5,0.1,0.8,0.4,0.9297626614570618,0.8648646473884583,1.0,0.05568445101380348,0.07023733854293823
fever_48242,fever,0,5,0.1,0.8,0.4,0.48078566789627075,0.16221675276756287,0.9999998807907104,0.3863595128059387,0.5192143321037292
fever_125533,fever,0,5,0.6,0.4,0.8,0.977703869342804,0.9442598819732666,0.9999998807907104,0.02730691060423851,0.022296130657196045
fever_224569,fever,1,5,0.0,1.0,0.2,0.8611357808113098,0.8099266290664673,0.9337745308876038,0.03532383218407631,0.13886421918869019
fever_36829,fever,1,5,1.0,0.2,1.0,1.0,1.0,1.0,0.0,0.0
fever_25521,fever,1,5,0.1,0.8,0.4,0.630553662776947,0.10100837051868439,1.0,0.42336493730545044,0.369446337223053
fever_7639,fever,0,5,0.1,0.8,0.4,0.6590713262557983,0.15818917751312256,0.9999998807907104,0.39187681674957275,0.34092867374420166
fever_27301,fever,0,5,1.0,0.2,1.0,1.0,1.0,1.0,0.0,0.0
fever_215506,fever,1,5,0.0,1.0,0.2,0.5795450210571289,0.4161357283592224,0.7745339870452881,0.11160050332546234,0.4204549789428711
fever_183460,fever,0,5,1.0,0.2,1.0,1.0,1.0,1.0,0.0,0.0
fever_134344,fever,0,5,0.0,1.0,0.2,0.924273669719696,0.8741353154182434,0.9609516859054565,0.02454722300171852,0.07572633028030396
fever_43535,fever,0,5,1.0,0.2,1.0,1.0,1.0,1.0,0.0,0.0
fever_194466,fever,1,5,0.4,0.4,0.6,0.5089088082313538,0.18151463568210602,1.0,0.400974303483963,0.49109119176864624
fever_216365,fever,1,5,0.0,1.0,0.2,0.6985545754432678,0.542229175567627,0.9606062173843384,0.13526976108551025,0.3014454245567322
fever_181630,fever,1,5,0.2,0.6,0.4,0.9599297642707825,0.9293496012687683,1.0,0.030340055003762245,0.04007023572921753
fever_65047,fever,0,5,1.0,0.2,1.0,1.0,1.0,1.0,0.0,0.0
fever_28702,fever,0,5,1.0,0.2,1.0,1.0,1.0,1.0,0.0,0.0
fever_149033,fever,0,5,0.0,1.0,0.2,0.6463518738746643,0.4749521315097809,0.8329689502716064,0.11192184686660767,0.3536481261253357
fever_16378,fever,0,5,1.0,0.2,1.0,1.0,1.0,1.0,0.0,0.0
fever_202759,fever,1,5,0.1,0.8,0.4,0.5179445147514343,0.15057064592838287,1.0,0.2979331612586975,0.4820554852485657
fever_40417,fever,0,5,0.6,0.4,0.8,0.6293408870697021,0.07335222512483597,1.0,0.45396286249160767,0.37065911293029785
fever_131529,fever,0,5,1.0,0.2,1.0,1.0,1.0,1.0,0.0,0.0
fever_36849,fever,1,5,0.0,1.0,0.2,0.7112087607383728,0.6044400930404663,0.9199122786521912,0.1081705316901207,0.2887912392616272
fever_146157,fever,1,5,0.4,0.4,0.6,0.49522313475608826,0.15870517492294312,1.0,0.4121485948562622,0.5047768652439117
fever_44864,fever,0,5,0.6,0.4,0.8,0.9800160527229309,0.9500402212142944,1.0,0.02447519451379776,0.019983947277069092
fever_104617,fever,1,5,0.0,1.0,0.2,0.9685314297676086,0.9435825347900391,0.9901174902915955,0.015526042319834232,0.03146857023239136
fever_42343,fever,1,5,0.6,0.4,0.8,0.6384323239326477,0.09608066082000732,1.0,0.4428282380104065,0.3615676760673523
fever_128551,fever,1,5,1.0,0.2,1.0,1.0,1.0,1.0,0.0,0.0
fever_140044,fever,0,5,1.0,0.2,1.0,1.0,1.0,1.0,0.0,0.0
fever_148152,fever,1,5,1.0,0.2,1.0,1.0,1.0,1.0,0.0,0.0
fever_41786,fever,0,5,1.0,0.2,1.0,1.0,1.0,1.0,0.0,0.0
fever_174987,fever,0,5,1.0,0.2,1.0,1.0,1.0,1.0,0.0,0.0
fever_124295,fever,1,5,0.3,0.6,0.6,0.9210273623466492,0.8469352722167969,1.0,0.060484156012535095,0.07897263765335083
fever_45581,fever,0,5,1.0,0.2,1.0,1.0,1.0,1.0,0.0,0.0
fever_57259,fever,0,5,1.0,0.2,1.0,1.0,1.0,1.0,0.0,0.0
fever_42397,fever,1,5,1.0,0.2,1.0,1.0,1.0,1.0,0.0,0.0
fever_208413,fever,0,5,0.0,1.0,0.2,0.5691302418708801,0.1659829318523407,0.8699861764907837,0.3005732595920563,0.4308697581291199
fever_164092,fever,0,5,1.0,0.2,1.0,1.0,1.0,1.0,0.0,0.0
fever_136914,fever,1,5,1.0,0.2,1.0,1.0,1.0,1.0,0.0,0.0
fever_27416,fever,0,5,1.0,0.2,1.0,1.0,1.0,1.0,0.0,0.0
fever_178158,fever,1,5,0.6,0.4,0.8,0.9623652696609497,0.9059129953384399,1.0,0.04609303176403046,0.03763473033905029
fever_129878,fever,1,5,0.3,0.6,0.6,0.9880504608154297,0.9660170078277588,1.0,0.012169444933533669,0.011949539184570312
fever_14286,fever,1,5,0.0,1.0,0.2,0.8117969632148743,0.6795635223388672,0.9951238632202148,0.09399081766605377,0.18820303678512573
fever_164403,fever,1,5,1.0,0.2,1.0,1.0,1.0,1.0,0.0,0.0
fever_14901,fever,0,5,1.0,0.2,1.0,1.0,1.0,1.0,0.0,0.0
fever_56559,fever,1,5,1.0,0.2,1.0,1.0,1.0,1.0,0.0,0.0
fever_194761,fever,0,5,1.0,0.2,1.0,1.0,1.0,1.0,0.0,0.0
fever_174615,fever,0,5,0.3,0.6,0.6,0.5121572613716125,0.18467842042446136,0.9999998807907104,0.3940480649471283,0.48784273862838745
fever_180574,fever,1,5,1.0,0.2,1.0,1.0,1.0,1.0,0.0,0.0
fever_217102,fever,1,5,1.0,0.2,1.0,1.0,1.0,1.0,0.0,0.0
fever_138377,fever,0,5,1.0,0.2,1.0,1.0,1.0,1.0,0.0,0.0
fever_140820,fever,0,5,1.0,0.2,1.0,1.0,1.0,1.0,0.0,0.0
fever_106209,fever,1,5,1.0,0.2,1.0,1.0,1.0,1.0,0.0,0.0
fever_143533,fever,0,5,1.0,0.2,1.0,1.0,1.0,1.0,0.0,0.0
fever_92447,fever,1,5,0.0,1.0,0.2,0.8363267779350281,0.707581639289856,0.9410632252693176,0.06696266680955887,0.16367322206497192
fever_219285,fever,0,5,0.6,0.4,0.8,0.9995601773262024,0.9989004731178284,1.0,0.000538655964192003,0.0004398226737976074
fever_12403,fever,1,5,1.0,0.2,1.0,1.0,1.0,1.0,0.0,0.0
fever_74035,fever,0,5,1.0,0.2,1.0,1.0,1.0,1.0,0.0,0.0
fever_52751,fever,0,5,1.0,0.2,1.0,1.0,1.0,1.0,0.0,0.0
fever_174030,fever,0,5,1.0,0.2,1.0,1.0,1.0,1.0,0.0,0.0
fever_110652,fever,0,5,0.1,0.8,0.4,0.722649097442627,0.5368930101394653,1.0,0.21917515993118286,0.27735090255737305
fever_101008,fever,1,5,0.6,0.4,0.8,0.6690472364425659,0.17261821031570435,0.9999998807907104,0.4053325653076172,0.3309527635574341
fever_39664,fever,1,5,1.0,0.2,1.0,1.0,1.0,1.0,0.0,0.0
fever_181185,fever,1,5,1.0,0.2,1.0,1.0,1.0,1.0,0.0,0.0
fever_129460,fever,1,5,1.0,0.2,1.0,1.0,1.0,1.0,0.0,0.0
fever_194456,fever,0,5,1.0,0.2,1.0,1.0,1.0,1.0,0.0,0.0
fever_14113,fever,0,5,0.4,0.4,0.6,0.47052279114723206,0.1175379604101181,1.0,0.4323163628578186,0.5294772088527679
fever_48275,fever,0,5,0.4,0.4,0.6,0.5058830976486206,0.1764717847108841,1.0,0.40344473719596863,0.4941169023513794
fever_132524,fever,1,5,1.0,0.2,1.0,1.0,1.0,1.0,0.0,0.0
fever_78514,fever,0,5,0.0,1.0,0.2,0.7257667779922485,0.5690090656280518,0.8823468685150146,0.08456823229789734,0.27423322200775146
fever_135552,fever,1,5,0.3,0.6,0.6,0.4932166039943695,0.1501484513282776,0.9999998807907104,0.40539059042930603,0.5067833960056305
fever_18614,fever,0,5,1.0,0.2,1.0,1.0,1.0,1.0,0.0,0.0
fever_157641,fever,1,5,0.3,0.6,0.6,0.5436086058616638,0.23397621512413025,1.0,0.3652029037475586,0.4563913941383362
fever_131576,fever,0,5,1.0,0.2,1.0,1.0,1.0,1.0,0.0,0.0
fever_173118,fever,0,5,0.4,0.4,0.6,0.4487963616847992,0.08132737874984741,1.0,0.4500558078289032,0.5512036383152008
fever_194793,fever,1,5,1.0,0.2,1.0,1.0,1.0,1.0,0.0,0.0
fever_199276,fever,1,5,1.0,0.2,1.0,1.0,1.0,1.0,0.0,0.0
fever_61771,fever,0,5,1.0,0.2,1.0,1.0,1.0,1.0,0.0,0.0
fever_116446,fever,1,5,1.0,0.2,1.0,1.0,1.0,1.0,0.0,0.0
fever_134997,fever,0,5,1.0,0.2,1.0,1.0,1.0,1.0,0.0,0.0
fever_170398,fever,1,5,0.1,0.8,0.4,0.8480685949325562,0.7731137275695801,1.0,0.08868765085935593,0.15193140506744385
fever_99654,fever,1,5,1.0,0.2,1.0,1.0,1.0,1.0,0.0,0.0
fever_91798,fever,1,5,0.3,0.6,0.6,0.9503876566886902,0.8845385313034058,1.0,0.038478296250104904,0.049612343311309814
fever_193911,fever,1,5,0.1,0.8,0.4,0.90766441822052,0.8557149171829224,0.9999998807907104,0.04433300718665123,0.09233558177947998
fever_150412,fever,0,5,1.0,0.2,1.0,0.9999998211860657,0.9999998211860657,0.9999998211860657,0.0,1.7881393432617188e-07
fever_220958,fever,1,5,0.3,0.6,0.6,0.6412854790687561,0.13521969318389893,1.0,0.4101337194442749,0.3587145209312439
fever_34507,fever,1,5,1.0,0.2,1.0,1.0,1.0,1.0,0.0,0.0
fever_129171,fever,1,5,1.0,0.2,1.0,1.0,1.0,1.0,0.0,0.0
fever_55432,fever,1,5,1.0,0.2,1.0,1.0,1.0,1.0,0.0,0.0
fever_216777,fever,1,5,0.3,0.6,0.6,0.4105170667171478,0.022533074021339417,0.9999998807907104,0.45250529050827026,0.5894829332828522
fever_203011,fever,0,5,0.3,0.6,0.6,0.7048670649528503,0.2645418047904968,0.9999998807907104,0.3336919844150543,0.29513293504714966
fever_10118,fever,0,5,1.0,0.2,1.0,1.0,1.0,1.0,0.0,0.0
fever_72585,fever,0,5,0.0,1.0,0.2,0.6996015310287476,0.6214522123336792,0.8421779870986938,0.06689760088920593,0.30039846897125244
fever_62924,fever,1,5,0.2,0.6,0.4,0.8412308692932129,0.742037832736969,0.9999998807907104,0.09906533360481262,0.1587691307067871
fever_41452,fever,1,5,1.0,0.2,1.0,1.0,1.0,1.0,0.0,0.0
fever_92509,fever,0,5,1.0,0.2,1.0,1.0,1.0,1.0,0.0,0.0
fever_81305,fever,1,5,1.0,0.2,1.0,1.0,1.0,1.0,0.0,0.0
fever_44383,fever,0,5,1.0,0.2,1.0,1.0,1.0,1.0,0.0,0.0
fever_128332,fever,1,5,0.3,0.6,0.6,0.5026322603225708,0.17976868152618408,1.0,0.37570899724960327,0.4973677396774292
fever_101618,fever,0,5,1.0,0.2,1.0,1.0,1.0,1.0,0.0,0.0
fever_63521,fever,0,5,0.2,0.6,0.4,0.5000327229499817,0.1635730117559433,1.0,0.4074321687221527,0.4999672770500183
fever_82355,fever,1,5,0.6,0.4,0.8,0.6261253356933594,0.06531330943107605,1.0,0.45790109038352966,0.3738746643066406
fever_78175,fever,1,5,1.0,0.2,1.0,1.0,1.0,1.0,0.0,0.0
fever_93878,fever,0,5,0.3,0.6,0.6,0.4008834958076477,0.04690008983016014,0.9999998807907104,0.4338717758655548,0.5991165041923523
fever_32505,fever,1,5,1.0,0.2,1.0,1.0,1.0,1.0,0.0,0.0
fever_192858,fever,1,5,1.0,0.2,1.0,1.0,1.0,1.0,0.0,0.0
fever_117374,fever,1,5,1.0,0.2,1.0,1.0,1.0,1.0,0.0,0.0
fever_63885,fever,1,5,1.0,0.2,1.0,1.0,1.0,1.0,0.0,0.0
fever_211851,fever,0,5,0.1,0.8,0.4,0.5861533880233765,0.155986487865448,1.0,0.35588687658309937,0.41384661197662354
fever_76076,fever,1,5,0.0,1.0,0.2,0.9527528882026672,0.9212749004364014,0.9899626970291138,0.01991983689367771,0.047247111797332764
fever_7877,fever,1,5,1.0,0.2,1.0,1.0,1.0,1.0,0.0,0.0
fever_96128,fever,0,5,0.1,0.8,0.4,0.9401088953018188,0.8963576555252075,1.0,0.042464736849069595,0.05989110469818115
fever_192595,fever,0,5,1.0,0.2,1.0,1.0,1.0,1.0,0.0,0.0
fever_14820,fever,0,5,1.0,0.2,1.0,0.9999998807907104,0.9999998807907104,0.9999998807907104,0.0,1.1920928955078125e-07
fever_132312,fever,0,5,0.0,1.0,0.2,0.5742865800857544,0.10777175426483154,0.9730021953582764,0.37330907583236694,0.4257134199142456
fever_11146,fever,0,5,1.0,0.2,1.0,1.0,1.0,1.0,0.0,0.0
fever_94500,fever,0,5,0.3,0.6,0.6,0.5249357223510742,0.20996887981891632,0.9999998807907104,0.3741988241672516,0.4750642776489258
fever_128807,fever,0,5,0.0,1.0,0.2,0.5296752452850342,0.18362683057785034,0.7842855453491211,0.23484838008880615,0.4703247547149658
fever_177172,fever,1,5,0.0,1.0,0.2,0.8127471804618835,0.7306231260299683,0.9218874573707581,0.07344792038202286,0.18725281953811646
fever_25520,fever,0,5,1.0,0.2,1.0,1.0,1.0,1.0,0.0,0.0
fever_172104,fever,1,5,0.0,1.0,0.2,0.8325310945510864,0.7275481224060059,0.9720292687416077,0.09150789678096771,0.16746890544891357
fever_162836,fever,1,5,1.0,0.2,1.0,1.0,1.0,1.0,0.0,0.0
fever_89450,fever,1,5,1.0,0.2,1.0,1.0,1.0,1.0,0.0,0.0
fever_115143,fever,0,5,1.0,0.2,1.0,1.0,1.0,1.0,0.0,0.0
fever_118126,fever,1,5,1.0,0.2,1.0,1.0,1.0,1.0,0.0,0.0
fever_225295,fever,0,5,1.0,0.2,1.0,1.0,1.0,1.0,0.0,0.0
fever_17628,fever,1,5,1.0,0.2,1.0,1.0,1.0,1.0,0.0,0.0
fever_182283,fever,0,5,1.0,0.2,1.0,1.0,1.0,1.0,0.0,0.0
fever_187577,fever,1,5,0.1,0.8,0.4,0.470542848110199,0.14216645061969757,1.0,0.39321425557136536,0.529457151889801
fever_6833,fever,0,5,1.0,0.2,1.0,1.0,1.0,1.0,0.0,0.0
fever_105361,fever,1,5,0.1,0.8,0.4,0.9146698117256165,0.8568180203437805,0.9999998807907104,0.04187930002808571,0.08533018827438354
fever_160052,fever,0,5,0.6,0.4,0.8,0.6256674528121948,0.06416861712932587,1.0,0.45846185088157654,0.3743325471878052
fever_11539,fever,0,5,1.0,0.2,1.0,1.0,1.0,1.0,0.0,0.0
fever_126916,fever,1,5,1.0,0.2,1.0,1.0,1.0,1.0,0.0,0.0
fever_101604,fever,0,5,0.0,1.0,0.2,0.543653130531311,0.14262153208255768,0.968603253364563,0.33531710505485535,0.45634686946868896
fever_227350,fever,1,5,0.6,0.4,0.8,0.691728949546814,0.2293224334716797,1.0,0.3775533437728882,0.30827105045318604
fever_167171,fever,1,5,1.0,0.2,1.0,1.0,1.0,1.0,0.0,0.0
fever_44397,fever,1,5,1.0,0.2,1.0,1.0,1.0,1.0,0.0,0.0
fever_124723,fever,1,5,0.0,1.0,0.2,0.787531852722168,0.6613470911979675,0.8752129077911377,0.06841360032558441,0.21246814727783203
fever_9075,fever,1,5,0.1,0.8,0.4,0.6332206726074219,0.0747290849685669,1.0,0.41457292437553406,0.3667793273925781
fever_69035,fever,1,5,0.6,0.4,0.8,0.6556943655014038,0.13923600316047668,0.9999998807907104,0.42168644070625305,0.3443056344985962
fever_192709,fever,1,5,1.0,0.2,1.0,1.0,1.0,1.0,0.0,0.0
fever_162206,fever,0,5,1.0,0.2,1.0,1.0,1.0,1.0,0.0,0.0
fever_217669,fever,1,5,0.1,0.8,0.4,0.860108494758606,0.6913824081420898,1.0,0.09359712898731232,0.13989150524139404
fever_42998,fever,0,5,0.6,0.4,0.8,0.6726058721542358,0.18151463568210602,1.0,0.400974303483963,0.32739412784576416
fever_29675,fever,0,5,1.0,0.2,1.0,1.0,1.0,1.0,0.0,0.0
fever_112592,fever,0,5,1.0,0.2,1.0,1.0,1.0,1.0,0.0,0.0
fever_159093,fever,0,5,1.0,0.2,1.0,1.0,1.0,1.0,0.0,0.0
fever_220449,fever,0,5,0.0,1.0,0.2,0.9179293513298035,0.8330597877502441,0.9882888793945312,0.05966225638985634,0.08207064867019653
fever_37749,fever,1,5,0.4,0.4,0.6,0.5371600389480591,0.2286001443862915,1.0,0.37790724635124207,0.4628399610519409
fever_177958,fever,0,5,1.0,0.2,1.0,1.0,1.0,1.0,0.0,0.0
fever_187222,fever,0,5,0.6,0.4,0.8,0.6611407995223999,0.1528519243001938,1.0,0.4150160849094391,0.3388592004776001
fever_33982,fever,0,5,1.0,0.2,1.0,1.0,1.0,1.0,0.0,0.0
fever_14328,fever,0,5,0.4,0.4,0.6,0.9618719220161438,0.9364531636238098,1.0,0.03113146498799324,0.0381280779838562
fever_143003,fever,1,5,0.0,1.0,0.2,0.8506003618240356,0.763129711151123,0.9983856081962585,0.06305418163537979,0.14939963817596436
fever_93823,fever,1,5,1.0,0.2,1.0,1.0,1.0,1.0,0.0,0.0
fever_73756,fever,0,5,1.0,0.2,1.0,1.0,1.0,1.0,0.0,0.0
fever_147952,fever,1,5,1.0,0.2,1.0,1.0,1.0,1.0,0.0,0.0
fever_69663,fever,0,5,0.0,1.0,0.2,0.9070637822151184,0.8005752563476562,0.9776979684829712,0.05921383574604988,0.09293621778488159
fever_20060,fever,1,5,1.0,0.2,1.0,1.0,1.0,1.0,0.0,0.0
fever_111138,fever,1,5,1.0,0.2,1.0,1.0,1.0,1.0,0.0,0.0
fever_204631,fever,0,5,1.0,0.2,1.0,1.0,1.0,1.0,0.0,0.0
fever_70385,fever,0,5,0.1,0.8,0.4,0.6108077168464661,0.09146459400653839,0.9999998211860657,0.423031747341156,0.38919228315353394
fever_57507,fever,0,5,1.0,0.2,1.0,1.0,1.0,1.0,0.0,0.0
fever_223707,fever,1,5,0.3,0.6,0.6,0.9689753651618958,0.9355345964431763,1.0,0.025085294619202614,0.031024634838104248
fever_89163,fever,1,5,1.0,0.2,1.0,1.0,1.0,1.0,0.0,0.0
fever_145470,fever,1,5,0.4,0.4,0.6,0.9899385571479797,0.9832309484481812,1.0,0.008215123787522316,0.010061442852020264
fever_81778,fever,1,5,0.3,0.6,0.6,0.6642967462539673,0.20051659643650055,1.0,0.3782994747161865,0.3357032537460327
fever_126963,fever,1,5,1.0,0.2,1.0,1.0,1.0,1.0,0.0,0.0
fever_116424,fever,0,5,1.0,0.2,1.0,1.0,1.0,1.0,0.0,0.0
fever_64029,fever,0,5,1.0,0.2,1.0,1.0,1.0,1.0,0.0,0.0
fever_94136,fever,0,5,1.0,0.2,1.0,1.0,1.0,1.0,0.0,0.0
fever_104930,fever,0,5,1.0,0.2,1.0,1.0,1.0,1.0,0.0,0.0
fever_211013,fever,0,5,1.0,0.2,1.0,1.0,1.0,1.0,0.0,0.0
fever_140580,fever,1,5,0.6,0.4,0.8,0.6685291528701782,0.17132270336151123,1.0,0.4059673249721527,0.3314708471298218
fever_92587,fever,0,5,0.0,1.0,0.2,0.7855948209762573,0.5432078838348389,0.9466577172279358,0.11506146937608719,0.21440517902374268
fever_197340,fever,0,5,0.0,1.0,0.2,0.895556628704071,0.8093271255493164,0.9972856044769287,0.07091552019119263,0.10444337129592896
fever_143788,fever,1,5,0.4,0.4,0.6,0.5923860669136047,0.32064348459243774,1.0,0.33281537890434265,0.40761393308639526
fever_175464,fever,1,5,1.0,0.2,1.0,1.0,1.0,1.0,0.0,0.0
fever_139967,fever,1,5,0.3,0.6,0.6,0.8817539215087891,0.7680820226669312,1.0,0.08800806850194931,0.11824607849121094
fever_36207,fever,1,5,0.3,0.6,0.6,0.8590949773788452,0.7260954976081848,1.0,0.09777362644672394,0.14090502262115479
fever_204653,fever,1,5,0.2,0.6,0.4,0.35600563883781433,0.1815146505832672,1.0,0.3222847580909729,0.6439943611621857
fever_65634,fever,0,5,0.6,0.4,0.8,0.6691321134567261,0.17283035814762115,0.9999998807907104,0.4052286744117737,0.3308678865432739
fever_120836,fever,1,5,0.1,0.8,0.4,0.4812098443508148,0.15419700741767883,0.9999998807907104,0.3675364553928375,0.5187901556491852
fever_226848,fever,0,5,0.1,0.8,0.4,0.882510781288147,0.8185728788375854,1.0,0.06173330172896385,0.11748921871185303
fever_225301,fever,1,5,1.0,0.2,1.0,1.0,1.0,1.0,0.0,0.0
fever_220288,fever,0,5,0.1,0.8,0.4,0.49851781129837036,0.17380841076374054,0.9999998807907104,0.3760438859462738,0.5014821887016296
fever_98711,fever,0,5,0.2,0.6,0.4,0.970075249671936,0.9261812567710876,1.0,0.03436293825507164,0.029924750328063965
fever_15005,fever,1,5,1.0,0.2,1.0,1.0,1.0,1.0,0.0,0.0
fever_46883,fever,1,5,0.6,0.4,0.8,0.6653124690055847,0.16328135132789612,0.9999998807907104,0.40990665555000305,0.3346875309944153
fever_27897,fever,1,5,0.0,1.0,0.2,0.9745211601257324,0.9519995450973511,0.9939250946044922,0.01579318754374981,0.025478839874267578
fever_101528,fever,0,5,0.2,0.6,0.4,0.6278138756752014,0.06727994978427887,1.0,0.4519987404346466,0.3721861243247986
fever_203002,fever,1,5,1.0,0.2,1.0,1.0,1.0,1.0,0.0,0.0
fever_143157,fever,0,5,0.0,1.0,0.2,0.9689246416091919,0.9338803291320801,0.9990982413291931,0.027384646236896515,0.031075358390808105
fever_29544,fever,1,5,1.0,0.2,1.0,1.0,1.0,1.0,0.0,0.0
fever_170004,fever,1,5,1.0,0.2,1.0,1.0,1.0,1.0,0.0,0.0
fever_185389,fever,0,5,1.0,0.2,1.0,1.0,1.0,1.0,0.0,0.0
fever_31852,fever,1,5,0.6,0.4,0.8,0.9805377721786499,0.951344907283783,0.9999998211860657,0.023835942149162292,0.019462227821350098
fever_188579,fever,1,5,1.0,0.2,1.0,1.0,1.0,1.0,0.0,0.0
fever_201574,fever,0,5,1.0,0.2,1.0,1.0,1.0,1.0,0.0,0.0
fever_3210,fever,1,5,1.0,0.2,1.0,1.0,1.0,1.0,0.0,0.0
fever_131163,fever,0,5,0.3,0.6,0.6,0.4596737027168274,0.09761886298656464,0.9999997615814209,0.4274473786354065,0.5403262972831726
fever_120759,fever,1,5,1.0,0.2,1.0,1.0,1.0,1.0,0.0,0.0
fever_172302,fever,0,5,1.0,0.2,1.0,1.0,1.0,1.0,0.0,0.0
fever_75702,fever,1,5,0.3,0.6,0.6,0.8886682391166687,0.812705934047699,1.0,0.08101106435060501,0.1113317608833313
fever_33839,fever,1,5,1.0,0.2,1.0,1.0,1.0,1.0,0.0,0.0
fever_147427,fever,0,5,0.3,0.6,0.6,0.9184398651123047,0.852975606918335,0.9999999403953552,0.0584375336766243,0.08156013488769531
fever_188652,fever,1,5,1.0,0.2,1.0,1.0,1.0,1.0,0.0,0.0
fever_144293,fever,0,5,1.0,0.2,1.0,1.0,1.0,1.0,0.0,0.0
fever_15819,fever,1,5,1.0,0.2,1.0,1.0,1.0,1.0,0.0,0.0
fever_53197,fever,0,5,0.4,0.4,0.6,0.98729407787323,0.9788236021995544,1.0,0.010374186560511589,0.01270592212677002
fever_168042,fever,0,5,0.1,0.8,0.4,0.42106547951698303,0.11119556427001953,0.9999999403953552,0.35363948345184326,0.578934520483017
fever_35833,fever,0,5,0.6,0.4,0.8,0.662314772605896,0.15578718483448029,0.9999998807907104,0.413578063249588,0.337685227394104
fever_170403,fever,1,5,1.0,0.2,1.0,1.0,1.0,1.0,0.0,0.0
fever_121362,fever,0,5,0.0,1.0,0.2,0.7505248188972473,0.5826417207717896,0.907382607460022,0.11537133902311325,0.24947518110275269
fever_45109,fever,0,5,0.3,0.6,0.6,0.8629435300827026,0.7789490222930908,0.9999997615814209,0.10254919528961182,0.13705646991729736
fever_204342,fever,0,5,0.1,0.8,0.4,0.8471000790596008,0.7287610173225403,1.0,0.07381521910429001,0.15289992094039917
fever_183502,fever,0,5,0.3,0.6,0.6,0.8978515863418579,0.8201723098754883,1.0,0.08109471946954727,0.10214841365814209
fever_201602,fever,1,5,1.0,0.2,1.0,1.0,1.0,1.0,0.0,0.0
fever_32338,fever,1,5,1.0,0.2,1.0,1.0,1.0,1.0,0.0,0.0
fever_113341,fever,0,5,0.0,1.0,0.2,0.8756593465805054,0.7978354692459106,0.9406207799911499,0.049614619463682175,0.12434065341949463
fever_228063,fever,0,5,0.6,0.4,0.8,0.7542877793312073,0.3857194483280182,1.0,0.3009347915649414,0.24571222066879272
fever_159694,fever,0,5,0.6,0.4,0.8,0.671973705291748,0.1799343079328537,1.0,0.40174850821495056,0.32802629470825195
fever_137825,fever,0,5,1.0,0.2,1.0,1.0,1.0,1.0,0.0,0.0
fever_72560,fever,0,5,0.1,0.8,0.4,0.9217696189880371,0.8278242349624634,0.9999996423721313,0.06790630519390106,0.07823038101196289
fever_99696,fever,0,5,0.4,0.4,0.6,0.9627816081047058,0.937969446182251,1.0,0.030388610437512398,0.03721839189529419
fever_34357,fever,0,5,0.2,0.6,0.4,0.4704919457435608,0.1174074113368988,1.0,0.42941775918006897,0.5295080542564392
fever_178896,fever,1,5,0.6,0.4,0.8,0.9891742467880249,0.9729356169700623,1.0,0.01325878594070673,0.010825753211975098
fever_123100,fever,1,5,0.3,0.6,0.6,0.48628658056259155,0.19022373855113983,0.9999998807907104,0.3639654517173767,0.5137134194374084
fever_113032,fever,1,5,0.0,1.0,0.2,0.5630803108215332,0.09788426756858826,0.9346766471862793,0.36537283658981323,0.4369196891784668
fever_156816,fever,0,5,1.0,0.2,1.0,1.0,1.0,1.0,0.0,0.0
fever_138435,fever,0,5,0.1,0.8,0.4,0.6220746636390686,0.15390926599502563,0.9999997615814209,0.3829977214336395,0.3779253363609314
fever_75957,fever,1,5,0.6,0.4,0.8,0.6726058721542358,0.18151463568210602,1.0,0.400974303483963,0.32739412784576416
fever_123833,fever,1,5,0.6,0.4,0.8,0.9242192506790161,0.8105483651161194,0.9999997615814209,0.09281185269355774,0.07578074932098389
fever_156686,fever,1,5,1.0,0.2,1.0,1.0,1.0,1.0,0.0,0.0
fever_79956,fever,0,5,1.0,0.2,1.0,1.0,1.0,1.0,0.0,0.0
fever_68394,fever,1,5,0.2,0.6,0.4,0.6609446406364441,0.15497542917728424,1.0,0.3988298773765564,0.3390553593635559
fever_11451,fever,0,5,1.0,0.2,1.0,1.0,1.0,1.0,0.0,0.0
fever_5241,fever,0,5,1.0,0.2,1.0,1.0,1.0,1.0,0.0,0.0
fever_64024,fever,0,5,1.0,0.2,1.0,1.0,1.0,1.0,0.0,0.0
fever_215283,fever,0,5,0.6,0.4,0.8,0.9814068675041199,0.9535173177719116,1.0,0.022771770134568214,0.018593132495880127
fever_91849,fever,1,5,0.0,1.0,0.2,0.8883161544799805,0.8161368370056152,0.9752249717712402,0.05415748804807663,0.11168384552001953
fever_195244,fever,1,5,0.4,0.4,0.6,0.5032095909118652,0.17201602458953857,1.0,0.40562760829925537,0.49679040908813477
fever_184099,fever,0,5,1.0,0.2,1.0,1.0,1.0,1.0,0.0,0.0
fever_174038,fever,1,5,1.0,0.2,1.0,1.0,1.0,1.0,0.0,0.0
fever_187556,fever,0,5,0.0,1.0,0.2,0.8703872561454773,0.6920912265777588,0.9842736721038818,0.12473858892917633,0.1296127438545227
fever_46187,fever,0,5,0.1,0.8,0.4,0.9734641909599304,0.954071044921875,0.9999999403953552,0.01692279800772667,0.02653580904006958
fever_126423,fever,0,5,0.3,0.6,0.6,0.99506014585495,0.9899104833602905,1.0,0.0034146185498684645,0.004939854145050049
fever_174609,fever,1,5,0.0,1.0,0.2,0.6379750967025757,0.19998040795326233,0.9738129377365112,0.35571813583374023,0.3620249032974243
fever_223279,fever,0,5,1.0,0.2,1.0,1.0,1.0,1.0,0.0,0.0
fever_136865,fever,1,5,1.0,0.2,1.0,1.0,1.0,1.0,0.0,0.0
fever_18736,fever,0,5,0.0,1.0,0.2,0.8701313734054565,0.7512342929840088,0.9403238296508789,0.055993299931287766,0.12986862659454346
fever_21027,fever,0,5,1.0,0.2,1.0,1.0,1.0,1.0,0.0,0.0
fever_184067,fever,1,5,1.0,0.2,1.0,1.0,1.0,1.0,0.0,0.0
fever_90291,fever,0,5,0.2,0.6,0.4,0.49971237778663635,0.19411049783229828,1.0,0.3700075149536133,0.5002876222133636
fever_113488,fever,1,5,1.0,0.2,1.0,1.0,1.0,1.0,0.0,0.0
fever_74557,fever,1,5,0.1,0.8,0.4,0.9840158224105835,0.9671890735626221,1.0,0.010052657686173916,0.015984177589416504
fever_54383,fever,1,5,1.0,0.2,1.0,1.0,1.0,1.0,0.0,0.0
fever_221146,fever,0,5,0.3,0.6,0.6,0.6043831706047058,0.3132416903972626,1.0,0.31861746311187744,0.3956168293952942
fever_224956,fever,0,5,1.0,0.2,1.0,1.0,1.0,1.0,0.0,0.0
fever_39437,fever,0,5,1.0,0.2,1.0,1.0,1.0,1.0,0.0,0.0
fever_47356,fever,1,5,1.0,0.2,1.0,1.0,1.0,1.0,0.0,0.0
fever_181629,fever,0,5,0.4,0.4,0.6,0.4563111364841461,0.09385186433792114,1.0,0.4439201354980469,0.5436888635158539
fever_118411,fever,0,5,1.0,0.2,1.0,1.0,1.0,1.0,0.0,0.0
fever_16588,fever,0,5,1.0,0.2,1.0,1.0,1.0,1.0,0.0,0.0
fever_226840,fever,1,5,0.6,0.4,0.8,0.9813851118087769,0.9534629583358765,1.0,0.02279840037226677,0.018614888191223145
fever_221241,fever,1,5,0.2,0.6,0.4,0.9103838205337524,0.8317117691040039,1.0,0.05744818225502968,0.08961617946624756
fever_115131,fever,1,5,0.6,0.4,0.8,0.9992461204528809,0.9981152415275574,1.0,0.0009233392775058746,0.0007538795471191406
fever_105954,fever,1,5,1.0,0.2,1.0,1.0,1.0,1.0,0.0,0.0
fever_11928,fever,0,5,0.6,0.4,0.8,0.959339439868927,0.8983484506607056,1.0,0.049798883497714996,0.040660560131073
fever_181269,fever,0,5,1.0,0.2,1.0,1.0,1.0,1.0,0.0,0.0
fever_1395,fever,0,5,0.1,0.8,0.4,0.9345762133598328,0.8927451372146606,1.0,0.04636120796203613,0.06542378664016724
fever_193904,fever,1,5,1.0,0.2,1.0,1.0,1.0,1.0,0.0,0.0
fever_104244,fever,0,5,1.0,0.2,1.0,1.0,1.0,1.0,0.0,0.0
fever_82973,fever,0,5,1.0,0.2,1.0,1.0,1.0,1.0,0.0,0.0
fever_92524,fever,0,5,0.4,0.4,0.6,0.51891028881073,0.19899621605873108,1.0,0.3904809355735779,0.48108971118927
fever_155035,fever,1,5,0.2,0.6,0.4,0.4652468264102936,0.10986194014549255,0.9999999403953552,0.4262443482875824,0.5347531735897064
fever_198208,fever,0,5,0.0,1.0,0.2,0.9027358889579773,0.863666832447052,0.9736683368682861,0.03847500681877136,0.0972641110420227
fever_140663,fever,0,5,0.1,0.8,0.4,0.9867464900016785,0.9808696508407593,1.0,0.005836119409650564,0.013253509998321533
fever_175642,fever,0,5,0.3,0.6,0.6,0.48460108041763306,0.16057798266410828,0.9999999403953552,0.3841853141784668,0.5153989195823669
fever_204636,fever,1,5,1.0,0.2,1.0,1.0,1.0,1.0,0.0,0.0
fever_52472,fever,1,5,1.0,0.2,1.0,1.0,1.0,1.0,0.0,0.0
fever_22619,fever,0,5,0.4,0.4,0.6,0.4990053176879883,0.16500899195671082,0.9999998807907104,0.4090602695941925,0.5009946823120117
fever_25933,fever,1,5,0.0,1.0,0.2,0.5275917053222656,0.09060327708721161,0.9534803628921509,0.3332854211330414,0.4724082946777344
fever_26155,fever,1,5,1.0,0.2,1.0,1.0,1.0,1.0,0.0,0.0
fever_24063,fever,1,5,0.1,0.8,0.4,0.9512187242507935,0.8945463299751282,1.0,0.03472594544291496,0.04878127574920654
fever_68337,fever,1,5,1.0,0.2,1.0,1.0,1.0,1.0,0.0,0.0
fever_113127,fever,1,5,1.0,0.2,1.0,1.0,1.0,1.0,0.0,0.0
fever_206030,fever,1,5,0.3,0.6,0.6,0.8627018928527832,0.7529574632644653,1.0,0.09729058295488358,0.1372981071472168
fever_100145,fever,1,5,1.0,0.2,1.0,1.0,1.0,1.0,0.0,0.0
fever_76869,fever,0,5,1.0,0.2,1.0,1.0,1.0,1.0,0.0,0.0
fever_47228,fever,0,5,1.0,0.2,1.0,1.0,1.0,1.0,0.0,0.0
fever_156943,fever,0,5,1.0,0.2,1.0,1.0,1.0,1.0,0.0,0.0
fever_79601,fever,0,5,0.0,1.0,0.2,0.845239520072937,0.7765744924545288,0.9620918035507202,0.06782301515340805,0.154760479927063
fever_11441,fever,1,5,1.0,0.2,1.0,1.0,1.0,1.0,0.0,0.0
fever_175874,fever,0,5,0.1,0.8,0.4,0.9107956886291504,0.8728195428848267,1.0,0.04444044828414917,0.08920431137084961
fever_162201,fever,0,5,1.0,0.2,1.0,1.0,1.0,1.0,0.0,0.0
fever_91028,fever,0,5,1.0,0.2,1.0,1.0,1.0,1.0,0.0,0.0
fever_164894,fever,0,5,1.0,0.2,1.0,1.0,1.0,1.0,0.0,0.0
fever_19655,fever,1,5,0.3,0.6,0.6,0.4953346252441406,0.155101016163826,1.0,0.3962712287902832,0.5046653747558594
fever_21026,fever,1,5,0.1,0.8,0.4,0.9083326458930969,0.8428919315338135,1.0,0.04613568261265755,0.09166735410690308
fever_62633,fever,1,5,1.0,0.2,1.0,1.0,1.0,1.0,0.0,0.0
fever_4132,fever,0,5,0.2,0.6,0.4,0.9618672132492065,0.9226574897766113,1.0,0.026436321437358856,0.03813278675079346
fever_64631,fever,0,5,0.1,0.8,0.4,0.9388096928596497,0.9137531518936157,1.0,0.0258315596729517,0.06119030714035034
fever_21775,fever,1,5,1.0,0.2,1.0,1.0,1.0,1.0,0.0,0.0
fever_212779,fever,0,5,0.0,1.0,0.2,0.9188191294670105,0.8516126275062561,0.9840107560157776,0.04891694337129593,0.0811808705329895
fever_79706,fever,1,5,0.3,0.6,0.6,0.6667622923851013,0.16726398468017578,0.9999996423721313,0.4054315388202667,0.3332377076148987
fever_11915,fever,0,5,1.0,0.2,1.0,1.0,1.0,1.0,0.0,0.0
fever_159567,fever,1,5,0.0,1.0,0.2,0.95630943775177,0.9276679754257202,0.9931163191795349,0.023727118968963623,0.04369056224822998
fever_48276,fever,1,5,0.0,1.0,0.2,0.8954246640205383,0.8365501165390015,0.9876876473426819,0.054647818207740784,0.10457533597946167
fever_42412,fever,0,5,1.0,0.2,1.0,1.0,1.0,1.0,0.0,0.0
fever_121251,fever,0,5,1.0,0.2,1.0,1.0,1.0,1.0,0.0,0.0
fever_216781,fever,1,5,0.0,1.0,0.2,0.862768292427063,0.7382099628448486,0.9424132108688354,0.06089043244719505,0.137231707572937
fever_140139,fever,1,5,1.0,0.2,1.0,1.0,1.0,1.0,0.0,0.0
fever_82367,fever,1,5,0.2,0.6,0.4,0.4110872149467468,0.09363730251789093,1.0,0.381473571062088,0.5889127850532532
fever_168082,fever,1,5,1.0,0.2,1.0,1.0,1.0,1.0,0.0,0.0
fever_15899,fever,0,5,0.2,0.6,0.4,0.9461768269538879,0.904085636138916,1.0,0.03239510953426361,0.05382317304611206
fever_35031,fever,0,5,0.6,0.4,0.8,0.6710233688354492,0.1775585263967514,1.0,0.4029123783111572,0.3289766311645508
fever_81450,fever,0,5,1.0,0.2,1.0,1.0,1.0,1.0,0.0,0.0
fever_62117,fever,0,5,0.0,1.0,0.2,0.8927971124649048,0.8239219188690186,0.9984235167503357,0.04932314157485962,0.10720288753509521
fever_52799,fever,0,5,0.0,1.0,0.2,0.814538300037384,0.7344259023666382,0.9169731736183167,0.05101823806762695,0.18546169996261597
fever_139717,fever,0,5,1.0,0.2,1.0,1.0,1.0,1.0,0.0,0.0
fever_194574,fever,1,5,1.0,0.2,1.0,1.0,1.0,1.0,0.0,0.0
fever_48404,fever,1,5,1.0,0.2,1.0,1.0,1.0,1.0,0.0,0.0
fever_183587,fever,0,5,0.6,0.4,0.8,0.6962454915046692,0.24061405658721924,0.9999997615814209,0.37202149629592896,0.3037545084953308
fever_34195,fever,1,5,0.3,0.6,0.6,0.6185392141342163,0.10690607130527496,1.0,0.4107210636138916,0.3814607858657837
fever_138664,fever,0,5,1.0,0.2,1.0,1.0,1.0,1.0,0.0,0.0
fever_34619,fever,0,5,0.1,0.8,0.4,0.4338884949684143,0.058065369725227356,0.9999999403953552,0.428532212972641,0.5661115050315857
fever_204651,fever,1,5,0.0,1.0,0.2,0.9225338101387024,0.8452733755111694,0.9993656873703003,0.04902498424053192,0.07746618986129761
fever_98066,fever,0,5,0.3,0.6,0.6,0.9966831207275391,0.9912548661231995,0.9999999403953552,0.002697005867958069,0.0033168792724609375
fever_215867,fever,0,5,1.0,0.2,1.0,1.0,1.0,1.0,0.0,0.0
fever_57452,fever,0,5,0.1,0.8,0.4,0.9547232389450073,0.8982251882553101,1.0,0.036861468106508255,0.045276761054992676
fever_68483,fever,0,5,1.0,0.2,1.0,1.0,1.0,1.0,0.0,0.0
fever_47070,fever,0,5,0.1,0.8,0.4,0.8502386212348938,0.7252130508422852,0.9999998211860657,0.06987526267766953,0.1497613787651062
fever_194014,fever,0,5,0.2,0.6,0.4,0.46468406915664673,0.10365329682826996,0.9999999403953552,0.4358280897140503,0.5353159308433533
fever_183624,fever,0,5,0.0,1.0,0.2,0.48322758078575134,0.35599416494369507,0.6582870483398438,0.0847296416759491,0.5167724192142487
fever_174012,fever,0,5,1.0,0.2,1.0,1.0,1.0,1.0,0.0,0.0
fever_222045,fever,1,5,1.0,0.2,1.0,1.0,1.0,1.0,0.0,0.0
fever_179007,fever,0,5,0.4,0.4,0.6,0.5172635316848755,0.1954391598701477,0.9999999403953552,0.3941526710987091,0.4827364683151245
fever_113476,fever,0,5,0.6,0.4,0.8,0.8422572016716003,0.605643630027771,0.9999995827674866,0.193194180727005,0.15774279832839966
fever_165892,fever,0,5,1.0,0.2,1.0,1.0,1.0,1.0,0.0,0.0
fever_99428,fever,0,5,1.0,0.2,1.0,1.0,1.0,1.0,0.0,0.0
fever_145491,fever,1,5,0.0,1.0,0.2,0.8408174514770508,0.7815897464752197,0.9080823659896851,0.03816019371151924,0.15918254852294922
fever_71111,fever,0,5,0.0,1.0,0.2,0.8573588132858276,0.7995709180831909,0.9676246047019958,0.04803341627120972,0.14264118671417236
fever_7335,fever,0,5,0.6,0.4,0.8,0.6626420021057129,0.15660545229911804,0.9999997615814209,0.41317716240882874,0.3373579978942871
fever_138593,fever,1,5,1.0,0.2,1.0,1.0,1.0,1.0,0.0,0.0
fever_21274,fever,0,5,0.0,1.0,0.2,0.9535236358642578,0.9199761152267456,0.9922293424606323,0.019669266417622566,0.04647636413574219
fever_204341,fever,1,5,0.6,0.4,0.8,0.6066268682479858,0.0165671706199646,1.0,0.4817817509174347,0.39337313175201416
fever_117305,fever,0,5,1.0,0.2,1.0,1.0,1.0,1.0,0.0,0.0
fever_20026,fever,0,5,0.2,0.6,0.4,0.9423863291740417,0.8935961723327637,1.0,0.03692758083343506,0.05761367082595825
fever_172508,fever,0,5,1.0,0.2,1.0,1.0,1.0,1.0,0.0,0.0
fever_26793,fever,1,5,0.6,0.4,0.8,0.6726058721542358,0.18151463568210602,1.0,0.400974303483963,0.32739412784576416
fever_164402,fever,0,5,0.4,0.4,0.6,0.4773835241794586,0.12897251546382904,1.0,0.42671459913253784,0.5226164758205414
fever_11418,fever,0,5,0.1,0.8,0.4,0.9107473492622375,0.8450194597244263,1.0,0.05185795575380325,0.08925265073776245
fever_170005,fever,1,5,1.0,0.2,1.0,1.0,1.0,1.0,0.0,0.0
fever_188636,fever,1,5,1.0,0.2,1.0,1.0,1.0,1.0,0.0,0.0
fever_63185,fever,0,5,0.4,0.4,0.6,0.9986664056777954,0.9977774620056152,1.0,0.0010887730168178678,0.0013335943222045898
fever_227080,fever,0,5,1.0,0.2,1.0,1.0,1.0,1.0,0.0,0.0
fever_75025,fever,1,5,1.0,0.2,1.0,1.0,1.0,1.0,0.0,0.0
fever_85138,fever,0,5,1.0,0.2,1.0,1.0,1.0,1.0,0.0,0.0
fever_45364,fever,0,5,0.1,0.8,0.4,0.751343309879303,0.6301909685134888,0.9999999403953552,0.11172797530889511,0.24865669012069702
fever_49515,fever,1,5,0.6,0.4,0.8,0.9465635418891907,0.8664088249206543,1.0,0.06544604152441025,0.053436458110809326
fever_73080,fever,1,5,0.1,0.8,0.4,0.46655505895614624,0.12079985439777374,1.0,0.41562268137931824,0.5334449410438538
fever_14900,fever,0,5,1.0,0.2,1.0,1.0,1.0,1.0,0.0,0.0
fever_187776,fever,1,5,0.3,0.6,0.6,0.5216861367225647,0.20257078111171722,0.9999997615814209,0.38941386342048645,0.4783138632774353
fever_106496,fever,1,5,0.0,1.0,0.2,0.5957622528076172,0.07802826911211014,0.9910858869552612,0.4156493842601776,0.4042377471923828
fever_130027,fever,0,5,0.6,0.4,0.8,0.6444846391677856,0.11121179163455963,0.9999998807907104,0.43541547656059265,0.35551536083221436
fever_199263,fever,0,5,0.3,0.6,0.6,0.5597251057624817,0.08845213055610657,1.0,0.38840943574905396,0.4402748942375183
fever_73961,fever,1,5,0.6,0.4,0.8,0.9971192479133606,0.9927982687950134,1.0,0.003528113476932049,0.0028807520866394043
fever_215504,fever,0,5,1.0,0.2,1.0,1.0,1.0,1.0,0.0,0.0
fever_149134,fever,1,5,0.6,0.4,0.8,0.6723343729972839,0.180836021900177,0.9999999403953552,0.40130671858787537,0.32766562700271606
fever_17213,fever,0,5,1.0,0.2,1.0,1.0,1.0,1.0,0.0,0.0
fever_120630,fever,0,5,0.3,0.6,0.6,0.4605572819709778,0.10894063115119934,0.9999999403953552,0.42478349804878235,0.5394427180290222
fever_89483,fever,0,5,1.0,0.2,1.0,1.0,1.0,1.0,0.0,0.0
fever_97418,fever,1,5,1.0,0.2,1.0,1.0,1.0,1.0,0.0,0.0
fever_188976,fever,1,5,0.1,0.8,0.4,0.9462468028068542,0.8982557058334351,0.9999999403953552,0.03039611130952835,0.05375319719314575
fever_60720,fever,0,5,1.0,0.2,1.0,1.0,1.0,1.0,0.0,0.0
fever_80800,fever,0,5,0.2,0.6,0.4,0.4474261403083801,0.10638242959976196,1.0,0.4161740839481354,0.5525738596916199
fever_189894,fever,1,5,0.0,1.0,0.2,0.8253129124641418,0.7313287258148193,0.9148104190826416,0.05579927936196327,0.17468708753585815
fever_179763,fever,1,5,1.0,0.2,1.0,1.0,1.0,1.0,0.0,0.0
fever_140067,fever,1,5,1.0,0.2,1.0,1.0,1.0,1.0,0.0,0.0
fever_63313,fever,1,5,1.0,0.2,1.0,1.0,1.0,1.0,0.0,0.0
fever_34583,fever,1,5,1.0,0.2,1.0,1.0,1.0,1.0,0.0,0.0
fever_159716,fever,0,5,0.0,1.0,0.2,0.8150300979614258,0.7416656017303467,0.9034643173217773,0.05323565751314163,0.18496990203857422
fever_72250,fever,0,5,1.0,0.2,1.0,1.0,1.0,1.0,0.0,0.0
fever_49839,fever,1,5,1.0,0.2,1.0,1.0,1.0,1.0,0.0,0.0
fever_143301,fever,1,5,1.0,0.2,1.0,1.0,1.0,1.0,0.0,0.0
fever_36251,fever,1,5,0.1,0.8,0.4,0.4296685755252838,0.05618561804294586,0.9999998807907104,0.4388364851474762,0.5703314244747162
fever_2798,fever,1,5,1.0,0.2,1.0,1.0,1.0,1.0,0.0,0.0
fever_112773,fever,0,5,1.0,0.2,1.0,1.0,1.0,1.0,0.0,0.0
fever_177491,fever,1,5,0.4,0.4,0.6,0.44935092329978943,0.08225159347057343,1.0,0.44960302114486694,0.5506490767002106
fever_44955,fever,1,5,0.0,1.0,0.2,0.9036663174629211,0.8693105578422546,0.99554443359375,0.033877428621053696,0.09633368253707886
fever_75587,fever,1,5,0.6,0.4,0.8,0.9845708608627319,0.9636372923851013,1.0,0.013515029102563858,0.015429139137268066
fever_11572,fever,1,5,0.6,0.4,0.8,0.9552427530288696,0.8881068229675293,1.0,0.05481623485684395,0.04475724697113037
fever_137665,fever,1,5,1.0,0.2,1.0,1.0,1.0,1.0,0.0,0.0
fever_11491,fever,0,5,0.0,1.0,0.2,0.8929252624511719,0.8266150951385498,0.9602158069610596,0.04170353338122368,0.10707473754882812
fever_16809,fever,0,5,0.0,1.0,0.2,0.9279163479804993,0.8211995959281921,0.9998220801353455,0.08551043272018433,0.07208365201950073
fever_205088,fever,1,5,1.0,0.2,1.0,1.0,1.0,1.0,0.0,0.0
fever_41049,fever,0,5,1.0,0.2,1.0,1.0,1.0,1.0,0.0,0.0
fever_172512,fever,1,5,0.1,0.8,0.4,0.5790141820907593,0.11530493199825287,0.9999998807907104,0.3563852608203888,0.4209858179092407
fever_211798,fever,0,5,1.0,0.2,1.0,1.0,1.0,1.0,0.0,0.0
fever_28911,fever,0,5,0.4,0.4,0.6,0.9930591583251953,0.9884319305419922,1.0,0.005667173303663731,0.0069408416748046875
fever_111414,fever,0,5,1.0,0.2,1.0,1.0,1.0,1.0,0.0,0.0
fever_165890,fever,0,5,0.0,1.0,0.2,0.4685307443141937,0.0659598857164383,0.9807206392288208,0.35635364055633545,0.5314692556858063
fever_180581,fever,1,5,1.0,0.2,1.0,1.0,1.0,1.0,0.0,0.0
fever_185772,fever,0,5,1.0,0.2,1.0,1.0,1.0,1.0,0.0,0.0
fever_97036,fever,0,5,1.0,0.2,1.0,1.0,1.0,1.0,0.0,0.0
fever_88107,fever,0,5,0.3,0.6,0.6,0.4562385082244873,0.06844203919172287,0.9999999403953552,0.4189700782299042,0.5437614917755127
fever_218372,fever,0,5,0.0,1.0,0.2,0.8668734431266785,0.7932032346725464,0.9310152530670166,0.044355589896440506,0.13312655687332153
fever_154719,fever,0,5,0.0,1.0,0.2,0.8924123644828796,0.8476254940032959,0.9476273655891418,0.03502747789025307,0.10758763551712036
fever_172485,fever,0,5,1.0,0.2,1.0,1.0,1.0,1.0,0.0,0.0
fever_175865,fever,0,5,0.0,1.0,0.2,0.8232663869857788,0.7480783462524414,0.9738460183143616,0.06665325164794922,0.1767336130142212
fever_121994,fever,0,5,0.0,1.0,0.2,0.9374288320541382,0.8975566625595093,0.993232250213623,0.025362804532051086,0.06257116794586182
fever_16646,fever,0,5,0.1,0.8,0.4,0.9271739721298218,0.853814423084259,1.0,0.04612353444099426,0.07282602787017822
fever_75210,fever,1,5,0.6,0.4,0.8,0.6326858401298523,0.08171463012695312,1.0,0.4498661458492279,0.3673141598701477
fever_112877,fever,1,5,0.1,0.8,0.4,0.9085286855697632,0.8467660546302795,0.9999998807907104,0.0673433169722557,0.09147131443023682
fever_30640,fever,0,5,1.0,0.2,1.0,1.0,1.0,1.0,0.0,0.0
fever_111717,fever,1,5,1.0,0.2,1.0,1.0,1.0,1.0,0.0,0.0
fever_42026,fever,1,5,1.0,0.2,1.0,1.0,1.0,1.0,0.0,0.0
fever_35291,fever,1,5,0.0,1.0,0.2,0.8910015225410461,0.8112361431121826,0.9950548410415649,0.055845554918050766,0.10899847745895386
fever_137370,fever,1,5,0.0,1.0,0.2,0.41910606622695923,0.0993400290608406,0.9026466608047485,0.324129581451416,0.5808939337730408
fever_85175,fever,1,5,0.2,0.6,0.4,0.6245651841163635,0.128802090883255,1.0,0.39560770988464355,0.3754348158836365
fever_154659,fever,1,5,1.0,0.2,1.0,1.0,1.0,1.0,0.0,0.0
fever_111060,fever,0,5,0.0,1.0,0.2,0.8684638738632202,0.8191505670547485,0.9059082865715027,0.027418214827775955,0.13153612613677979
fever_97307,fever,1,5,0.3,0.6,0.6,0.8639343976974487,0.7765505313873291,1.0,0.09154923260211945,0.13606560230255127
fever_185188,fever,1,5,0.1,0.8,0.4,0.8486946821212769,0.7186355590820312,1.0,0.10759557038545609,0.15130531787872314
fever_49836,fever,1,5,0.0,1.0,0.2,0.5660998225212097,0.05087313801050186,0.935602068901062,0.4010836184024811,0.4339001774787903
fever_109293,fever,1,5,1.0,0.2,1.0,1.0,1.0,1.0,0.0,0.0
fever_160345,fever,0,5,1.0,0.2,1.0,1.0,1.0,1.0,0.0,0.0
fever_66940,fever,0,5,0.0,1.0,0.2,0.9245874285697937,0.8764341473579407,0.9588860869407654,0.028060322627425194,0.0754125714302063
fever_168636,fever,0,5,0.1,0.8,0.4,0.5233873724937439,0.24611252546310425,1.0,0.23263561725616455,0.4766126275062561
fever_104386,fever,1,5,1.0,0.2,1.0,1.0,1.0,1.0,0.0,0.0
fever_149130,fever,1,5,1.0,0.2,1.0,1.0,1.0,1.0,0.0,0.0
fever_192788,fever,1,5,1.0,0.2,1.0,1.0,1.0,1.0,0.0,0.0
fever_169319,fever,0,5,1.0,0.2,1.0,1.0,1.0,1.0,0.0,0.0
fever_223220,fever,0,5,0.4,0.4,0.6,0.4599498212337494,0.09991639852523804,1.0,0.44094908237457275,0.5400501787662506
fever_165244,fever,0,5,1.0,0.2,1.0,1.0,1.0,1.0,0.0,0.0
fever_192044,fever,0,5,0.1,0.8,0.4,0.8657435178756714,0.6996352672576904,1.0,0.1026482805609703,0.1342564821243286
fever_85066,fever,1,5,0.6,0.4,0.8,0.7282573580741882,0.32064348459243774,1.0,0.33281537890434265,0.27174264192581177
fever_43776,fever,1,5,1.0,0.2,1.0,1.0,1.0,1.0,0.0,0.0
fever_140391,fever,0,5,0.6,0.4,0.8,0.6825815439224243,0.20645400881767273,1.0,0.38875654339790344,0.3174184560775757
fever_197345,fever,0,5,0.1,0.8,0.4,0.9629882574081421,0.9176315069198608,1.0,0.03164370357990265,0.03701174259185791
fever_5488,fever,0,5,1.0,0.2,1.0,1.0,1.0,1.0,0.0,0.0
fever_41980,fever,0,5,1.0,0.2,1.0,1.0,1.0,1.0,0.0,0.0
fever_137813,fever,1,5,0.6,0.4,0.8,0.6583685278892517,0.14592143893241882,1.0,0.41841137409210205,0.3416314721107483
fever_186599,fever,0,5,0.1,0.8,0.4,0.4316089153289795,0.05045441538095474,1.0,0.4418031573295593,0.5683910846710205
fever_24659,fever,0,5,1.0,0.2,1.0,1.0,1.0,1.0,0.0,0.0
fever_198432,fever,0,5,0.3,0.6,0.6,0.9711424708366394,0.929483950138092,0.9999998211860657,0.022760553285479546,0.028857529163360596
fever_166640,fever,1,5,1.0,0.2,1.0,1.0,1.0,1.0,0.0,0.0
fever_164897,fever,0,5,0.6,0.4,0.8,0.6386215686798096,0.09655396640300751,0.9999999403953552,0.44259634613990784,0.36137843132019043
fever_208438,fever,0,5,1.0,0.2,1.0,1.0,1.0,1.0,0.0,0.0
fever_79644,fever,1,5,0.6,0.4,0.8,0.6726058721542358,0.18151463568210602,1.0,0.400974303483963,0.32739412784576416
fever_168041,fever,1,5,0.3,0.6,0.6,0.6349967122077942,0.11580865830183029,1.0,0.4229992628097534,0.3650032877922058
fever_63631,fever,1,5,0.6,0.4,0.8,0.6894890069961548,0.22372250258922577,1.0,0.3802967369556427,0.3105109930038452
fever_7336,fever,1,5,0.3,0.6,0.6,0.4903114438056946,0.14994944632053375,1.0,0.3879866898059845,0.5096885561943054
fever_66812,fever,1,5,0.6,0.4,0.8,0.6387521028518677,0.09688033163547516,0.9999999403953552,0.44243642687797546,0.3612478971481323
fever_218249,fever,1,5,1.0,0.2,1.0,1.0,1.0,1.0,0.0,0.0
fever_116103,fever,0,5,0.1,0.8,0.4,0.9252598881721497,0.9004372358322144,0.9999999403953552,0.035663068294525146,0.07474011182785034
fever_171500,fever,0,5,0.6,0.4,0.8,0.6378881335258484,0.09472037851810455,0.9999999403953552,0.443494588136673,0.3621118664741516
fever_55468,fever,0,5,0.1,0.8,0.4,0.37850421667099,0.002976140007376671,1.0,0.4482513964176178,0.62149578332901
fever_129026,fever,1,5,1.0,0.2,1.0,1.0,1.0,1.0,0.0,0.0
fever_113297,fever,0,5,1.0,0.2,1.0,1.0,1.0,1.0,0.0,0.0
fever_179832,fever,0,5,0.6,0.4,0.8,0.7146241068840027,0.2865602374076843,1.0,0.34951266646385193,0.2853758931159973
fever_6684,fever,0,5,1.0,0.2,1.0,1.0,1.0,1.0,0.0,0.0
fever_155955,fever,0,5,0.1,0.8,0.4,0.8632602691650391,0.755282998085022,1.0,0.07723196595907211,0.13673973083496094
fever_160795,fever,0,5,0.6,0.4,0.8,0.8677846789360046,0.669461727142334,1.0,0.16193002462387085,0.13221532106399536
fever_38750,fever,1,5,1.0,0.2,1.0,1.0,1.0,1.0,0.0,0.0
fever_192759,fever,1,5,1.0,0.2,1.0,1.0,1.0,1.0,0.0,0.0
fever_38267,fever,1,5,1.0,0.2,1.0,1.0,1.0,1.0,0.0,0.0
fever_3337,fever,0,5,1.0,0.2,1.0,0.9999998807907104,0.9999998807907104,0.9999998807907104,0.0,1.1920928955078125e-07
fever_224557,fever,0,5,0.1,0.8,0.4,0.47240203619003296,0.14607533812522888,0.9999998807907104,0.39774641394615173,0.527597963809967
fever_195040,fever,0,5,1.0,0.2,1.0,1.0,1.0,1.0,0.0,0.0
fever_183415,fever,0,5,0.1,0.8,0.4,0.9678584337234497,0.946816086769104,1.0,0.01663046143949032,0.03214156627655029
fever_187213,fever,0,5,1.0,0.2,1.0,1.0,1.0,1.0,0.0,0.0
fever_124862,fever,1,5,0.0,1.0,0.2,0.7144426107406616,0.5292089581489563,0.9736155271530151,0.13481687009334564,0.2855573892593384
fever_87793,fever,1,5,1.0,0.2,1.0,1.0,1.0,1.0,0.0,0.0
fever_37202,fever,1,5,0.3,0.6,0.6,0.48217758536338806,0.14613090455532074,1.0,0.40799394249916077,0.5178224146366119
fever_137360,fever,0,5,0.0,1.0,0.2,0.9265596270561218,0.8615643382072449,0.9983453154563904,0.05123325064778328,0.07344037294387817
fever_125010,fever,0,5,1.0,0.2,1.0,1.0,1.0,1.0,0.0,0.0
fever_175633,fever,1,5,1.0,0.2,1.0,1.0,1.0,1.0,0.0,0.0
fever_124986,fever,1,5,1.0,0.2,1.0,1.0,1.0,1.0,0.0,0.0
fever_90615,fever,1,5,0.3,0.6,0.6,0.4669552445411682,0.11322590708732605,1.0,0.40536412596702576,0.5330447554588318
fever_112757,fever,1,5,1.0,0.2,1.0,1.0,1.0,1.0,0.0,0.0
fever_183416,fever,0,5,0.1,0.8,0.4,0.7942062616348267,0.47359657287597656,0.9999998807907104,0.24714387953281403,0.20579373836517334
fever_101322,fever,1,5,1.0,0.2,1.0,1.0,1.0,1.0,0.0,0.0
fever_215497,fever,1,5,1.0,0.2,1.0,1.0,1.0,1.0,0.0,0.0
fever_159689,fever,0,5,0.6,0.4,0.8,0.6409013867378235,0.10225329548120499,1.0,0.4398042559623718,0.3590986132621765
fever_147260,fever,1,5,0.2,0.6,0.4,0.9395487904548645,0.9055323600769043,1.0,0.04168274998664856,0.0604512095451355
fever_165121,fever,0,5,0.1,0.8,0.4,0.902420699596405,0.7472792863845825,0.9999997615814209,0.1156095415353775,0.09757930040359497
fever_183459,fever,0,5,0.0,1.0,0.2,0.5105680227279663,0.06854449957609177,0.8834730386734009,0.32473069429397583,0.4894319772720337
fever_129932,fever,0,5,0.6,0.4,0.8,0.6778767704963684,0.1946921944618225,0.9999997615814209,0.39451852440834045,0.3221232295036316
fever_205095,fever,1,5,1.0,0.2,1.0,1.0,1.0,1.0,0.0,0.0
fever_99800,fever,0,5,1.0,0.2,1.0,1.0,1.0,1.0,0.0,0.0
fever_33009,fever,0,5,1.0,0.2,1.0,1.0,1.0,1.0,0.0,0.0
fever_177533,fever,1,5,1.0,0.2,1.0,1.0,1.0,1.0,0.0,0.0
fever_132620,fever,0,5,0.0,1.0,0.2,0.7473164796829224,0.6914821863174438,0.8584367632865906,0.061544593423604965,0.25268352031707764
fever_218362,fever,0,5,0.0,1.0,0.2,0.9118639826774597,0.8483263850212097,0.9624767899513245,0.03725503757596016,0.08813601732254028
fever_141188,fever,1,5,1.0,0.2,1.0,1.0,1.0,1.0,0.0,0.0
fever_29113,fever,1,5,0.0,1.0,0.2,0.8323674201965332,0.7589435577392578,0.9723715782165527,0.06030862778425217,0.1676325798034668
fever_89908,fever,0,5,0.1,0.8,0.4,0.9835212826728821,0.9682656526565552,1.0,0.010697253979742527,0.01647871732711792
fever_67529,fever,0,5,0.0,1.0,0.2,0.8636528849601746,0.731001079082489,0.9687058925628662,0.0714552253484726,0.13634711503982544
fever_216791,fever,1,5,1.0,0.2,1.0,1.0,1.0,1.0,0.0,0.0
fever_125695,fever,1,5,1.0,0.2,1.0,1.0,1.0,1.0,0.0,0.0
fever_11346,fever,0,5,0.0,1.0,0.2,0.9120576977729797,0.8594883680343628,0.9728201627731323,0.0430077500641346,0.08794230222702026
fever_100366,fever,1,5,0.0,1.0,0.2,0.9354413151741028,0.8887552618980408,0.9976544380187988,0.03906596079468727,0.06455868482589722
fever_53097,fever,0,5,0.0,1.0,0.2,0.7271403074264526,0.5199916362762451,0.9257426261901855,0.11271178722381592,0.27285969257354736
fever_44347,fever,1,5,0.0,1.0,0.2,0.976822018623352,0.955548882484436,0.997075617313385,0.01290087029337883,0.02317798137664795
fever_216352,fever,0,5,0.0,1.0,0.2,0.8153330683708191,0.7427328824996948,0.8451679944992065,0.028096653521060944,0.1846669316291809
fever_185426,fever,1,5,0.4,0.4,0.6,0.4924977719783783,0.15416298806667328,1.0,0.41437381505966187,0.5075022280216217
fever_194362,fever,0,5,0.0,1.0,0.2,0.7954387068748474,0.641056478023529,0.924595832824707,0.08637670427560806,0.2045612931251526
fever_219155,fever,1,5,1.0,0.2,1.0,1.0,1.0,1.0,0.0,0.0
fever_203997,fever,0,5,1.0,0.2,1.0,1.0,1.0,1.0,0.0,0.0
fever_26886,fever,0,5,0.0,1.0,0.2,0.9199269413948059,0.87741619348526,0.9661025404930115,0.028674548491835594,0.08007305860519409
fever_138023,fever,0,5,1.0,0.2,1.0,1.0,1.0,1.0,0.0,0.0
fever_164411,fever,1,5,1.0,0.2,1.0,1.0,1.0,1.0,0.0,0.0
fever_198427,fever,0,5,1.0,0.2,1.0,1.0,1.0,1.0,0.0,0.0
fever_23588,fever,0,5,1.0,0.2,1.0,1.0,1.0,1.0,0.0,0.0
fever_59266,fever,0,5,0.2,0.6,0.4,0.9227568507194519,0.8815069794654846,1.0,0.05049782618880272,0.0772431492805481
fever_4822,fever,0,5,0.3,0.6,0.6,0.505784809589386,0.1801166534423828,0.9999997615814209,0.3975878059864044,0.494215190410614
fever_41316,fever,0,5,1.0,0.2,1.0,1.0,1.0,1.0,0.0,0.0
fever_66845,fever,0,5,0.2,0.6,0.4,0.9618929624557495,0.9002636671066284,1.0,0.04132014140486717,0.03810703754425049
fever_88082,fever,1,5,0.1,0.8,0.4,0.9021547436714172,0.8130137920379639,1.0,0.0748353824019432,0.09784525632858276
fever_207010,fever,1,5,1.0,0.2,1.0,1.0,1.0,1.0,0.0,0.0
fever_86568,fever,1,5,1.0,0.2,1.0,1.0,1.0,1.0,0.0,0.0
fever_160927,fever,1,5,0.0,1.0,0.2,0.9410332441329956,0.9121942520141602,0.9797316789627075,0.021671801805496216,0.058966755867004395
fever_127981,fever,0,5,1.0,0.2,1.0,1.0,1.0,1.0,0.0,0.0
fever_53676,fever,0,5,0.4,0.4,0.6,0.998529314994812,0.9975574016571045,1.0,0.0008914226200431585,0.0014706850051879883
fever_88619,fever,0,5,0.3,0.6,0.6,0.5955454707145691,0.09755221754312515,1.0,0.4102221131324768,0.4044545292854309
fever_110672,fever,1,5,0.0,1.0,0.2,0.560234010219574,0.14599210023880005,0.9204974174499512,0.32805559039115906,0.439765989780426
fever_68973,fever,0,5,1.0,0.2,1.0,1.0,1.0,1.0,0.0,0.0
fever_120046,fever,1,5,0.4,0.4,0.6,0.4392715394496918,0.06545274704694748,1.0,0.4578327238559723,0.5607284605503082
fever_139174,fever,1,5,0.0,1.0,0.2,0.534480094909668,0.07215571403503418,0.8862550854682922,0.32891881465911865,0.46551990509033203
fever_150614,fever,0,5,0.6,0.4,0.8,0.9947884678840637,0.9869712591171265,1.0,0.006382753606885672,0.005211532115936279
fever_68610,fever,0,5,1.0,0.2,1.0,1.0,1.0,1.0,0.0,0.0
fever_155865,fever,0,5,0.6,0.4,0.8,0.9875229597091675,0.9688075184822083,1.0,0.015281133353710175,0.01247704029083252
fever_148735,fever,0,5,1.0,0.2,1.0,1.0,1.0,1.0,0.0,0.0
fever_38944,fever,0,5,1.0,0.2,1.0,1.0,1.0,1.0,0.0,0.0
fever_48514,fever,1,5,0.6,0.4,0.8,0.6845600008964539,0.21139991283416748,1.0,0.3863335847854614,0.31543999910354614
fever_142899,fever,1,5,1.0,0.2,1.0,1.0,1.0,1.0,0.0,0.0
fever_212768,fever,1,5,0.0,1.0,0.2,0.9733449816703796,0.9530178904533386,0.994678258895874,0.015668781474232674,0.02665501832962036
fever_205065,fever,0,5,1.0,0.2,1.0,1.0,1.0,1.0,0.0,0.0
fever_178213,fever,0,5,0.1,0.8,0.4,0.9087082743644714,0.8860450387001038,1.0,0.032966017723083496,0.09129172563552856
fever_145956,fever,1,5,0.3,0.6,0.6,0.45460566878318787,0.07899084687232971,1.0,0.4338875412940979,0.5453943312168121
fever_166474,fever,0,5,0.0,1.0,0.2,0.6469175219535828,0.3163110315799713,0.929125189781189,0.2360295206308365,0.35308247804641724
fever_29543,fever,0,5,1.0,0.2,1.0,1.0,1.0,1.0,0.0,0.0
fever_130614,fever,1,5,1.0,0.2,1.0,1.0,1.0,1.0,0.0,0.0
fever_34180,fever,0,5,1.0,0.2,1.0,1.0,1.0,1.0,0.0,0.0
fever_192837,fever,0,5,0.2,0.6,0.4,0.43371614813804626,0.050939492881298065,1.0,0.4587334990501404,0.5662838518619537
fever_22724,fever,1,5,0.3,0.6,0.6,0.9636133313179016,0.9144010543823242,1.0,0.040138889104127884,0.03638666868209839
fever_23296,fever,0,5,1.0,0.2,1.0,1.0,1.0,1.0,0.0,0.0
fever_78395,fever,0,5,1.0,0.2,1.0,1.0,1.0,1.0,0.0,0.0
fever_7183,fever,1,5,1.0,0.2,1.0,1.0,1.0,1.0,0.0,0.0
fever_182700,fever,0,5,1.0,0.2,1.0,1.0,1.0,1.0,0.0,0.0
fever_75838,fever,0,5,0.1,0.8,0.4,0.9640242457389832,0.9476962089538574,1.0,0.017299721017479897,0.035975754261016846
fever_162881,fever,0,5,0.0,1.0,0.2,0.8976472616195679,0.7974185347557068,0.9892022609710693,0.0645209550857544,0.10235273838043213
fever_192053,fever,1,5,0.0,1.0,0.2,0.8751590847969055,0.7232399582862854,0.977702260017395,0.08528171479701996,0.12484091520309448
fever_18542,fever,0,5,1.0,0.2,1.0,1.0,1.0,1.0,0.0,0.0
fever_40205,fever,0,5,1.0,0.2,1.0,1.0,1.0,1.0,0.0,0.0
fever_45018,fever,1,5,1.0,0.2,1.0,1.0,1.0,1.0,0.0,0.0
fever_99546,fever,1,5,0.6,0.4,0.8,0.6726058721542358,0.18151463568210602,1.0,0.400974303483963,0.32739412784576416
fever_108162,fever,1,5,0.0,1.0,0.2,0.558438241481781,0.28342896699905396,0.9556561708450317,0.2418929487466812,0.441561758518219
fever_225281,fever,0,5,0.6,0.4,0.8,0.6765772700309753,0.19144320487976074,1.0,0.39611029624938965,0.32342272996902466
fever_129780,fever,1,5,0.1,0.8,0.4,0.9635248184204102,0.9437323808670044,0.9999996423721313,0.0200202614068985,0.036475181579589844
fever_8304,fever,1,5,0.1,0.8,0.4,0.48340415954589844,0.14557303488254547,1.0,0.37922707200050354,0.5165958404541016
fever_159709,fever,0,5,1.0,0.2,1.0,1.0,1.0,1.0,0.0,0.0
fever_209088,fever,0,5,0.3,0.6,0.6,0.48271530866622925,0.1443282663822174,0.9999999403953552,0.40434888005256653,0.5172846913337708
fever_198896,fever,0,5,0.0,1.0,0.2,0.8206278681755066,0.7457242012023926,0.9130973815917969,0.041230782866477966,0.1793721318244934
fever_157098,fever,1,5,0.4,0.4,0.6,0.9717756509780884,0.9529595375061035,1.0,0.023044995963573456,0.02822434902191162
fever_70208,fever,1,5,1.0,0.2,1.0,1.0,1.0,1.0,0.0,0.0
fever_142839,fever,1,5,1.0,0.2,1.0,1.0,1.0,1.0,0.0,0.0
fever_84836,fever,1,5,0.1,0.8,0.4,0.45856910943984985,0.12657463550567627,1.0,0.4035106301307678,0.5414308905601501
fever_2144,fever,0,5,1.0,0.2,1.0,1.0,1.0,1.0,0.0,0.0
fever_215130,fever,0,5,0.6,0.4,0.8,0.6388087272644043,0.0970221534371376,0.9999997615814209,0.4423668682575226,0.3611912727355957
fever_92128,fever,1,5,0.4,0.4,0.6,0.5089088082313538,0.18151463568210602,1.0,0.400974303483963,0.49109119176864624
fever_170953,fever,1,5,0.2,0.6,0.4,0.9248402714729309,0.8756954669952393,1.0,0.05838974192738533,0.07515972852706909
fever_207006,fever,1,5,1.0,0.2,1.0,1.0,1.0,1.0,0.0,0.0
fever_116715,fever,0,5,0.0,1.0,0.2,0.7717989087104797,0.695589542388916,0.8331491947174072,0.046481844037771225,0.22820109128952026
fever_8492,fever,0,5,0.1,0.8,0.4,0.893092930316925,0.8034393787384033,1.0,0.06264117360115051,0.10690706968307495
fever_180730,fever,0,5,0.1,0.8,0.4,0.8245986104011536,0.7330349683761597,0.9997507333755493,0.09641870111227036,0.17540138959884644
fever_159324,fever,0,5,1.0,0.2,1.0,1.0,1.0,1.0,0.0,0.0
fever_182268,fever,1,5,0.1,0.8,0.4,0.389606773853302,0.11973138153553009,0.9999998807907104,0.3377247452735901,0.610393226146698
fever_133797,fever,1,5,0.0,1.0,0.2,0.6331754922866821,0.1567375361919403,0.9977768659591675,0.3774873912334442,0.36682450771331787
fever_161530,fever,0,5,1.0,0.2,1.0,1.0,1.0,1.0,0.0,0.0
fever_1934,fever,0,5,1.0,0.2,1.0,1.0,1.0,1.0,0.0,0.0
fever_208420,fever,1,5,1.0,0.2,1.0,1.0,1.0,1.0,0.0,0.0
fever_77157,fever,1,5,0.3,0.6,0.6,0.6238280534744263,0.1434115767478943,1.0,0.3897777795791626,0.37617194652557373
fever_141370,fever,0,5,0.3,0.6,0.6,0.8858968019485474,0.8177393674850464,1.0,0.07689173519611359,0.11410319805145264
fever_173725,fever,0,5,0.3,0.6,0.6,0.48382338881492615,0.14282383024692535,1.0,0.41088682413101196,0.5161766111850739
fever_49125,fever,1,5,0.6,0.4,0.8,0.9473211169242859,0.8683027029037476,1.0,0.06451823562383652,0.05267888307571411
fever_50948,fever,1,5,0.6,0.4,0.8,0.6688343286514282,0.172085702419281,1.0,0.40559348464012146,0.3311656713485718
fever_166383,fever,1,5,0.1,0.8,0.4,0.40528392791748047,0.07263077050447464,1.0,0.3781009912490845,0.5947160720825195
fever_85881,fever,1,5,1.0,0.2,1.0,1.0,1.0,1.0,0.0,0.0
fever_91114,fever,1,5,0.0,1.0,0.2,0.8110138177871704,0.659550666809082,0.9245773553848267,0.09410649538040161,0.1889861822128296
fever_117192,fever,1,5,0.3,0.6,0.6,0.9567333459854126,0.9311081171035767,1.0,0.028952570632100105,0.0432666540145874
fever_86738,fever,1,5,0.0,1.0,0.2,0.9224292635917664,0.8543511629104614,0.9984216690063477,0.05448680371046066,0.07757073640823364
fever_226445,fever,0,5,0.3,0.6,0.6,0.9556846618652344,0.8821914792060852,0.9999997615814209,0.05054067447781563,0.044315338134765625
fever_147207,fever,1,5,1.0,0.2,1.0,1.0,1.0,1.0,0.0,0.0
fever_226136,fever,0,5,1.0,0.2,1.0,1.0,1.0,1.0,0.0,0.0
fever_205107,fever,1,5,1.0,0.2,1.0,1.0,1.0,1.0,0.0,0.0
fever_107589,fever,0,5,0.3,0.6,0.6,0.48342499136924744,0.1422169804573059,0.9999997615814209,0.41592302918434143,0.5165750086307526
fever_105896,fever,0,5,0.3,0.6,0.6,0.47905293107032776,0.13649742305278778,1.0,0.4179692566394806,0.5209470689296722
fever_181271,fever,1,5,1.0,0.2,1.0,1.0,1.0,1.0,0.0,0.0
fever_34156,fever,0,5,1.0,0.2,1.0,1.0,1.0,1.0,0.0,0.0
fever_122887,fever,1,5,1.0,0.2,1.0,1.0,1.0,1.0,0.0,0.0
fever_161556,fever,1,5,0.6,0.4,0.8,0.9563039541244507,0.890760064125061,1.0,0.05351642146706581,0.043696045875549316
fever_139090,fever,1,5,1.0,0.2,1.0,1.0,1.0,1.0,0.0,0.0
fever_129729,fever,1,5,1.0,0.2,1.0,1.0,1.0,1.0,0.0,0.0
fever_11414,fever,0,5,1.0,0.2,1.0,1.0,1.0,1.0,0.0,0.0
fever_18574,fever,0,5,1.0,0.2,1.0,1.0,1.0,1.0,0.0,0.0
fever_145624,fever,1,5,0.2,0.6,0.4,0.43282824754714966,0.05434072017669678,1.0,0.4615708589553833,0.5671717524528503
fever_191439,fever,1,5,1.0,0.2,1.0,1.0,1.0,1.0,0.0,0.0
fever_222896,fever,0,5,1.0,0.2,1.0,1.0,1.0,1.0,0.0,0.0
fever_119212,fever,0,5,1.0,0.2,1.0,1.0,1.0,1.0,0.0,0.0
fever_34353,fever,1,5,1.0,0.2,1.0,1.0,1.0,1.0,0.0,0.0
fever_160764,fever,0,5,1.0,0.2,1.0,1.0,1.0,1.0,0.0,0.0
fever_202930,fever,1,5,1.0,0.2,1.0,1.0,1.0,1.0,0.0,0.0
fever_168923,fever,0,5,1.0,0.2,1.0,1.0,1.0,1.0,0.0,0.0
fever_205126,fever,0,5,0.6,0.4,0.8,0.6622146368026733,0.15553691983222961,0.9999997615814209,0.4137006402015686,0.33778536319732666
fever_76307,fever,0,5,0.6,0.4,0.8,0.8921219110488892,0.7303047180175781,1.0,0.1321231722831726,0.10787808895111084
fever_215477,fever,1,5,1.0,0.2,1.0,1.0,1.0,1.0,0.0,0.0
fever_15913,fever,0,5,0.3,0.6,0.6,0.8677156567573547,0.7425488233566284,1.0,0.10067188739776611,0.13228434324264526
fever_65511,fever,0,5,1.0,0.2,1.0,1.0,1.0,1.0,0.0,0.0
fever_89014,fever,1,5,1.0,0.2,1.0,1.0,1.0,1.0,0.0,0.0
fever_205092,fever,1,5,1.0,0.2,1.0,1.0,1.0,1.0,0.0,0.0
fever_69655,fever,1,5,0.0,1.0,0.2,0.8900865316390991,0.7979326248168945,0.9636112451553345,0.05255203694105148,0.10991346836090088
fever_74163,fever,1,5,0.1,0.8,0.4,0.8034027814865112,0.6910696029663086,0.9999998211860657,0.11014776676893234,0.19659721851348877
fever_201457,fever,0,5,0.0,1.0,0.2,0.7702773809432983,0.6346234083175659,0.9506901502609253,0.14048750698566437,0.22972261905670166
fever_216399,fever,1,5,1.0,0.2,1.0,1.0,1.0,1.0,0.0,0.0
fever_76126,fever,1,5,1.0,0.2,1.0,1.0,1.0,1.0,0.0,0.0
fever_135951,fever,1,5,0.1,0.8,0.4,0.9794634580612183,0.9549826979637146,0.9999998807907104,0.013269300572574139,0.02053654193878174
fever_180717,fever,1,5,0.2,0.6,0.4,0.4888041615486145,0.14914608001708984,1.0,0.39253538846969604,0.5111958384513855
fever_111850,fever,1,5,0.6,0.4,0.8,0.9981228113174438,0.9953069686889648,1.0,0.0022991064470261335,0.0018771886825561523
fever_171901,fever,1,5,1.0,0.2,1.0,1.0,1.0,1.0,0.0,0.0
fever_48048,fever,1,5,1.0,0.2,1.0,1.0,1.0,1.0,0.0,0.0
fever_42922,fever,0,5,0.3,0.6,0.6,0.6118727326393127,0.08553598076105118,1.0,0.43044865131378174,0.38812726736068726
fever_124817,fever,1,5,1.0,0.2,1.0,1.0,1.0,1.0,0.0,0.0
fever_117699,fever,0,5,0.6,0.4,0.8,0.6568542718887329,0.14213599264621735,0.9999997615814209,0.42026570439338684,0.3431457281112671
fever_106478,fever,1,5,1.0,0.2,1.0,1.0,1.0,1.0,0.0,0.0
fever_69354,fever,1,5,1.0,0.2,1.0,1.0,1.0,1.0,0.0,0.0
fever_62835,fever,1,5,1.0,0.2,1.0,1.0,1.0,1.0,0.0,0.0
fever_142717,fever,0,5,1.0,0.2,1.0,1.0,1.0,1.0,0.0,0.0
fever_218479,fever,0,5,0.1,0.8,0.4,0.9804003834724426,0.9519100189208984,1.0,0.014027723111212254,0.019599616527557373
fever_205121,fever,1,5,0.0,1.0,0.2,0.9511728286743164,0.9229775667190552,0.988399088382721,0.02064109779894352,0.048827171325683594
fever_157640,fever,0,5,1.0,0.2,1.0,1.0,1.0,1.0,0.0,0.0
fever_50923,fever,0,5,1.0,0.2,1.0,1.0,1.0,1.0,0.0,0.0
fever_166919,fever,0,5,1.0,0.2,1.0,1.0,1.0,1.0,0.0,0.0
fever_123189,fever,1,5,0.6,0.4,0.8,0.6800855398178101,0.20021399855613708,0.9999997615814209,0.3918134272098541,0.31991446018218994
fever_43974,fever,1,5,0.3,0.6,0.6,0.9009495973587036,0.8433580994606018,1.0,0.07070866972208023,0.09905040264129639
fever_50198,fever,1,5,1.0,0.2,1.0,1.0,1.0,1.0,0.0,0.0
fever_22861,fever,1,5,1.0,0.2,1.0,1.0,1.0,1.0,0.0,0.0
fever_185194,fever,0,5,1.0,0.2,1.0,1.0,1.0,1.0,0.0,0.0
fever_166940,fever,0,5,0.3,0.6,0.6,0.4719577729701996,0.15729889273643494,0.9999999403953552,0.3894055485725403,0.5280422270298004
fever_53147,fever,0,5,1.0,0.2,1.0,1.0,1.0,1.0,0.0,0.0
fever_169317,fever,0,5,1.0,0.2,1.0,1.0,1.0,1.0,0.0,0.0
fever_77435,fever,1,5,0.1,0.8,0.4,0.623790442943573,0.1285332590341568,1.0,0.38422471284866333,0.376209557056427
fever_69892,fever,0,5,1.0,0.2,1.0,0.9999998807907104,0.9999998807907104,0.9999998807907104,0.0,1.1920928955078125e-07
fever_130220,fever,1,5,1.0,0.2,1.0,1.0,1.0,1.0,0.0,0.0
fever_132225,fever,1,5,0.0,1.0,0.2,0.933608889579773,0.8905494213104248,0.9741880893707275,0.03049418516457081,0.06639111042022705
fever_67950,fever,1,5,1.0,0.2,1.0,1.0,1.0,1.0,0.0,0.0
fever_226092,fever,0,5,1.0,0.2,1.0,1.0,1.0,1.0,0.0,0.0
fever_132447,fever,1,5,1.0,0.2,1.0,1.0,1.0,1.0,0.0,0.0
fever_36425,fever,0,5,1.0,0.2,1.0,1.0,1.0,1.0,0.0,0.0
fever_98786,fever,0,5,0.6,0.4,0.8,0.6336191892623901,0.08404847979545593,0.9999997615814209,0.44872263073921204,0.36638081073760986
fever_74507,fever,1,5,0.3,0.6,0.6,0.47589802742004395,0.12835602462291718,0.9999998807907104,0.4181961715221405,0.524101972579956
fever_165864,fever,0,5,0.0,1.0,0.2,0.9656106233596802,0.9519853591918945,0.9872225522994995,0.009829483926296234,0.034389376640319824
fever_151680,fever,0,5,0.6,0.4,0.8,0.659942090511322,0.14985525608062744,1.0,0.41648417711257935,0.340057909488678
fever_112986,fever,1,5,1.0,0.2,1.0,1.0,1.0,1.0,0.0,0.0
fever_23381,fever,1,5,1.0,0.2,1.0,1.0,1.0,1.0,0.0,0.0
fever_71986,fever,1,5,1.0,0.2,1.0,1.0,1.0,1.0,0.0,0.0
fever_92807,fever,1,5,1.0,0.2,1.0,1.0,1.0,1.0,0.0,0.0
fever_71368,fever,1,5,0.3,0.6,0.6,0.9650501012802124,0.9380393028259277,1.0,0.027038628235459328,0.0349498987197876
fever_217658,fever,0,5,1.0,0.2,1.0,1.0,1.0,1.0,0.0,0.0
fever_50223,fever,1,5,0.1,0.8,0.4,0.9301475286483765,0.8957384824752808,1.0,0.04259071126580238,0.06985247135162354
fever_4134,fever,0,5,1.0,0.2,1.0,1.0,1.0,1.0,0.0,0.0
fever_26340,fever,0,5,0.0,1.0,0.2,0.9841655492782593,0.9713850021362305,0.9959723949432373,0.007714526727795601,0.015834450721740723
fever_195057,fever,0,5,1.0,0.2,1.0,0.9999998807907104,0.9999999403953552,0.9999999403953552,5.960464477539063e-08,1.1920928955078125e-07
fever_172776,fever,1,5,1.0,0.2,1.0,1.0,1.0,1.0,0.0,0.0
fever_84694,fever,1,5,1.0,0.2,1.0,1.0,1.0,1.0,0.0,0.0
fever_102745,fever,1,5,0.0,1.0,0.2,0.8861392140388489,0.8101357817649841,0.9685755968093872,0.05594813823699951,0.11386078596115112
fever_80054,fever,1,5,0.3,0.6,0.6,0.8711849451065063,0.716535210609436,1.0,0.11076688021421432,0.12881505489349365
fever_14019,fever,1,5,0.0,1.0,0.2,0.9523089528083801,0.8890519142150879,0.9971781969070435,0.03522155433893204,0.04769104719161987
fever_144309,fever,0,5,0.0,1.0,0.2,0.8856075406074524,0.8082056045532227,0.9953449368476868,0.08237998187541962,0.11439245939254761
fever_37097,fever,0,5,0.0,1.0,0.2,0.8750611543655396,0.8176820278167725,0.9991083145141602,0.05034632235765457,0.12493884563446045
fever_212035,fever,0,5,0.0,1.0,0.2,0.9397827386856079,0.8977770805358887,0.9986059665679932,0.02864667773246765,0.06021726131439209
fever_100204,fever,1,5,0.1,0.8,0.4,0.5912917852401733,0.11418695747852325,1.0,0.34495219588279724,0.40870821475982666
fever_213948,fever,1,5,1.0,0.2,1.0,1.0,1.0,1.0,0.0,0.0
fever_137267,fever,1,5,0.3,0.6,0.6,0.9685842394828796,0.9386856555938721,1.0,0.02400081604719162,0.03141576051712036
fever_119940,fever,1,5,1.0,0.2,1.0,1.0,1.0,1.0,0.0,0.0
fever_158306,fever,0,5,1.0,0.2,1.0,1.0,1.0,1.0,0.0,0.0
fever_165896,fever,0,5,0.1,0.8,0.4,0.9581353068351746,0.9172660112380981,1.0,0.03215271234512329,0.04186469316482544
fever_126509,fever,0,5,1.0,0.2,1.0,1.0,1.0,1.0,0.0,0.0
fever_112573,fever,0,5,0.1,0.8,0.4,0.5861573815345764,0.12640303373336792,1.0,0.35892370343208313,0.4138426184654236
fever_186590,fever,0,5,0.3,0.6,0.6,0.634743332862854,0.0944378450512886,1.0,0.4402109384536743,0.365256667137146
fever_128297,fever,1,5,0.3,0.6,0.6,0.4334239065647125,0.03494489938020706,0.9999998807907104,0.45032623410224915,0.5665760934352875
fever_26332,fever,1,5,1.0,0.2,1.0,1.0,1.0,1.0,0.0,0.0
fever_48183,fever,0,5,1.0,0.2,1.0,1.0,1.0,1.0,0.0,0.0
fever_45829,fever,1,5,1.0,0.2,1.0,1.0,1.0,1.0,0.0,0.0
fever_134854,fever,0,5,0.0,1.0,0.2,0.9243796467781067,0.8780525922775269,0.9939692616462708,0.03584223985671997,0.07562035322189331
fever_211027,fever,1,5,1.0,0.2,1.0,1.0,1.0,1.0,0.0,0.0
fever_37159,fever,0,5,0.0,1.0,0.2,0.9485400319099426,0.9167290329933167,0.9822183847427368,0.01752898469567299,0.05145996809005737
fever_156057,fever,0,5,1.0,0.2,1.0,1.0,1.0,1.0,0.0,0.0
fever_155837,fever,0,5,0.0,1.0,0.2,0.9165189862251282,0.8807113170623779,0.9571634531021118,0.025042684748768806,0.08348101377487183
fever_10452,fever,0,5,1.0,0.2,1.0,1.0,1.0,1.0,0.0,0.0
fever_202439,fever,0,5,1.0,0.2,1.0,1.0,1.0,1.0,0.0,0.0
fever_144018,fever,0,5,1.0,0.2,1.0,1.0,1.0,1.0,0.0,0.0
fever_118806,fever,0,5,1.0,0.2,1.0,1.0,1.0,1.0,0.0,0.0
fever_70276,fever,0,5,1.0,0.2,1.0,1.0,1.0,1.0,0.0,0.0
fever_82859,fever,0,5,0.6,0.4,0.8,0.625562310218811,0.06390568614006042,1.0,0.45859068632125854,0.37443768978118896
fever_83454,fever,1,5,1.0,0.2,1.0,1.0,1.0,1.0,0.0,0.0
fever_213451,fever,1,5,1.0,0.2,1.0,1.0,1.0,1.0,0.0,0.0
fever_153819,fever,1,5,0.6,0.4,0.8,0.6594480276107788,0.14862003922462463,1.0,0.4170893132686615,0.3405519723892212
fever_23846,fever,1,5,1.0,0.2,1.0,1.0,1.0,1.0,0.0,0.0
fever_8167,fever,1,5,1.0,0.2,1.0,1.0,1.0,1.0,0.0,0.0
fever_36828,fever,0,5,1.0,0.2,1.0,1.0,1.0,1.0,0.0,0.0
fever_138500,fever,1,5,0.3,0.6,0.6,0.9125140905380249,0.823178768157959,1.0,0.06866268813610077,0.0874859094619751
fever_78388,fever,0,5,0.6,0.4,0.8,0.7282573580741882,0.32064348459243774,1.0,0.33281537890434265,0.27174264192581177
fever_144809,fever,1,5,0.0,1.0,0.2,0.8595948219299316,0.7475432753562927,0.969506025314331,0.06785473972558975,0.14040517807006836
fever_52356,fever,1,5,1.0,0.2,1.0,1.0,1.0,1.0,0.0,0.0
fever_144509,fever,1,5,1.0,0.2,1.0,1.0,1.0,1.0,0.0,0.0
fever_211288,fever,1,5,1.0,0.2,1.0,1.0,1.0,1.0,0.0,0.0
fever_29746,fever,0,5,1.0,0.2,1.0,1.0,1.0,1.0,0.0,0.0
fever_32652,fever,1,5,1.0,0.2,1.0,1.0,1.0,1.0,0.0,0.0
fever_35365,fever,1,5,0.0,1.0,0.2,0.6070605516433716,0.05894782021641731,0.9960131645202637,0.4171709418296814,0.3929394483566284
fever_182936,fever,1,5,1.0,0.2,1.0,1.0,1.0,1.0,0.0,0.0
fever_167172,fever,1,5,1.0,0.2,1.0,1.0,1.0,1.0,0.0,0.0
fever_143288,fever,1,5,0.6,0.4,0.8,0.6701439023017883,0.17535966634750366,1.0,0.40398961305618286,0.32985609769821167
fever_149173,fever,1,5,0.6,0.4,0.8,0.9746831655502319,0.9367080926895142,0.9999999403953552,0.031006546691060066,0.025316834449768066
fever_50357,fever,1,5,0.0,1.0,0.2,0.950398325920105,0.9108215570449829,0.9840852618217468,0.021166983991861343,0.04960167407989502
fever_135962,fever,1,5,1.0,0.2,1.0,1.0,1.0,1.0,0.0,0.0
fever_59319,fever,0,5,0.3,0.6,0.6,0.9339480400085449,0.8869143724441528,1.0,0.046816952526569366,0.06605195999145508
fever_200051,fever,1,5,1.0,0.2,1.0,1.0,1.0,1.0,0.0,0.0
fever_204444,fever,1,5,0.0,1.0,0.2,0.7706453204154968,0.6254711747169495,0.9358460903167725,0.08792319893836975,0.22935467958450317
fever_184285,fever,0,5,1.0,0.2,1.0,1.0,1.0,1.0,0.0,0.0
fever_55041,fever,1,5,1.0,0.2,1.0,1.0,1.0,1.0,0.0,0.0
fever_212335,fever,0,5,1.0,0.2,1.0,1.0,1.0,1.0,0.0,0.0
fever_44552,fever,0,5,1.0,0.2,1.0,1.0,1.0,1.0,0.0,0.0
fever_2615,fever,0,5,0.0,1.0,0.2,0.9072081446647644,0.8328983187675476,0.9807385206222534,0.04589490965008736,0.0927918553352356
fever_192043,fever,1,5,0.6,0.4,0.8,0.9284569025039673,0.8211422562599182,1.0,0.08762203902006149,0.07154309749603271
fever_100320,fever,0,5,0.1,0.8,0.4,0.9519121050834656,0.8757683038711548,1.0,0.03867296501994133,0.048087894916534424
fever_126561,fever,1,5,0.6,0.4,0.8,0.645118236541748,0.11279578506946564,0.9999998807907104,0.43463948369026184,0.35488176345825195
fever_217684,fever,1,5,1.0,0.2,1.0,1.0,1.0,1.0,0.0,0.0
fever_89608,fever,1,5,0.3,0.6,0.6,0.9529746770858765,0.864051103591919,0.9999998211860657,0.04222238063812256,0.047025322914123535
fever_189776,fever,0,5,0.3,0.6,0.6,0.9589617848396301,0.9170800447463989,0.9999998807907104,0.0273289792239666,0.04103821516036987
fever_171067,fever,1,5,1.0,0.2,1.0,1.0,1.0,1.0,0.0,0.0
fever_181274,fever,1,5,1.0,0.2,1.0,1.0,1.0,1.0,0.0,0.0
fever_121634,fever,0,5,1.0,0.2,1.0,1.0,1.0,1.0,0.0,0.0
fever_228062,fever,1,5,0.0,1.0,0.2,0.6023391485214233,0.06061583012342453,0.9809809923171997,0.40779930353164673,0.39766085147857666
fever_61803,fever,1,5,0.1,0.8,0.4,0.8850437998771667,0.8343055248260498,0.9999998211860657,0.04491220414638519,0.11495620012283325
fever_13126,fever,0,5,1.0,0.2,1.0,1.0,1.0,1.0,0.0,0.0
fever_229309,fever,1,5,1.0,0.2,1.0,1.0,1.0,1.0,0.0,0.0
fever_66610,fever,0,5,0.4,0.4,0.6,0.4859420359134674,0.14323674142360687,1.0,0.41972655057907104,0.5140579640865326
fever_34755,fever,1,5,1.0,0.2,1.0,1.0,1.0,1.0,0.0,0.0
fever_34924,fever,1,5,1.0,0.2,1.0,1.0,1.0,1.0,0.0,0.0
fever_90925,fever,0,5,0.6,0.4,0.8,0.6454628109931946,0.11365694552659988,1.0,0.434217631816864,0.3545371890068054
fever_74806,fever,0,5,0.1,0.8,0.4,0.9429994821548462,0.9204383492469788,1.0,0.023026417940855026,0.05700051784515381
fever_53016,fever,1,5,1.0,0.2,1.0,1.0,1.0,1.0,0.0,0.0
fever_131422,fever,1,5,1.0,0.2,1.0,1.0,1.0,1.0,0.0,0.0
fever_108957,fever,1,5,1.0,0.2,1.0,1.0,1.0,1.0,0.0,0.0
fever_191255,fever,0,5,0.0,1.0,0.2,0.9380162358283997,0.8911629915237427,0.9884285926818848,0.029268963262438774,0.06198376417160034
fever_216771,fever,0,5,0.0,1.0,0.2,0.9817034602165222,0.965299129486084,0.9974353313446045,0.01029841136187315,0.018296539783477783
fever_32355,fever,0,5,1.0,0.2,1.0,1.0,1.0,1.0,0.0,0.0
fever_198035,fever,0,5,1.0,0.2,1.0,1.0,1.0,1.0,0.0,0.0
fever_51351,fever,1,5,0.0,1.0,0.2,0.8877747654914856,0.8230937123298645,0.9643099308013916,0.039780884981155396,0.1122252345085144
fever_182923,fever,1,5,1.0,0.2,1.0,1.0,1.0,1.0,0.0,0.0
fever_47736,fever,0,5,0.0,1.0,0.2,0.9150123596191406,0.8465133905410767,0.9865660071372986,0.049478981643915176,0.08498764038085938
fever_32321,fever,0,5,1.0,0.2,1.0,1.0,1.0,1.0,0.0,0.0
fever_178210,fever,1,5,0.0,1.0,0.2,0.8896089792251587,0.8170642256736755,0.9988952875137329,0.05549035966396332,0.11039102077484131
fever_35286,fever,1,5,1.0,0.2,1.0,1.0,1.0,1.0,0.0,0.0
fever_192212,fever,1,5,0.0,1.0,0.2,0.95497065782547,0.917822003364563,0.9993205070495605,0.030972817912697792,0.04502934217453003
fever_202450,fever,1,5,0.1,0.8,0.4,0.5585035085678101,0.11972318589687347,1.0,0.35955384373664856,0.44149649143218994
fever_165875,fever,1,5,1.0,0.2,1.0,1.0,1.0,1.0,0.0,0.0
fever_76386,fever,1,5,0.0,1.0,0.2,0.726094126701355,0.6000299453735352,0.9002397060394287,0.09103702753782272,0.273905873298645
fever_118442,fever,1,5,0.4,0.4,0.6,0.5089088082313538,0.18151463568210602,1.0,0.400974303483963,0.49109119176864624
fever_179266,fever,1,5,0.0,1.0,0.2,0.8365617990493774,0.7645615339279175,0.9328017234802246,0.0498514361679554,0.16343820095062256
fever_108950,fever,1,5,1.0,0.2,1.0,1.0,1.0,1.0,0.0,0.0
fever_154919,fever,1,5,0.1,0.8,0.4,0.4795506000518799,0.13034996390342712,0.9999999403953552,0.416269987821579,0.5204493999481201
fever_198554,fever,1,5,1.0,0.2,1.0,1.0,1.0,1.0,0.0,0.0
fever_134135,fever,1,5,1.0,0.2,1.0,1.0,1.0,1.0,0.0,0.0
fever_81806,fever,1,5,0.6,0.4,0.8,0.6288137435913086,0.07203434407711029,1.0,0.4546084702014923,0.3711862564086914
fever_53613,fever,1,5,1.0,0.2,1.0,1.0,1.0,1.0,0.0,0.0
fever_81439,fever,0,5,0.0,1.0,0.2,0.761188805103302,0.6904879212379456,0.8304438591003418,0.04820962995290756,0.238811194896698
fever_119558,fever,0,5,1.0,0.2,1.0,1.0,1.0,1.0,0.0,0.0
fever_99635,fever,1,5,1.0,0.2,1.0,1.0,1.0,1.0,0.0,0.0
fever_102346,fever,0,5,0.0,1.0,0.2,0.7315743565559387,0.5970133543014526,0.8519843816757202,0.07285503298044205,0.2684256434440613
fever_93018,fever,1,5,0.0,1.0,0.2,0.9361364245414734,0.9139220118522644,0.9731509685516357,0.019979119300842285,0.06386357545852661
fever_124875,fever,0,5,1.0,0.2,1.0,1.0,1.0,1.0,0.0,0.0
fever_89171,fever,1,5,0.6,0.4,0.8,0.9163755178451538,0.7909388542175293,1.0,0.10241863131523132,0.08362448215484619
fever_104178,fever,0,5,1.0,0.2,1.0,1.0,1.0,1.0,0.0,0.0
fever_61612,fever,1,5,0.0,1.0,0.2,0.8122962117195129,0.6253503561019897,0.9427976608276367,0.10489292442798615,0.18770378828048706
fever_127819,fever,1,5,1.0,0.2,1.0,1.0,1.0,1.0,0.0,0.0
fever_195502,fever,1,5,0.6,0.4,0.8,0.6223646402359009,0.05591150373220444,1.0,0.462507039308548,0.3776353597640991
fever_212331,fever,1,5,1.0,0.2,1.0,1.0,1.0,1.0,0.0,0.0
fever_169324,fever,1,5,1.0,0.2,1.0,1.0,1.0,1.0,0.0,0.0
fever_59056,fever,1,5,0.6,0.4,0.8,0.6955795288085938,0.23894894123077393,1.0,0.3728373646736145,0.30442047119140625
fever_168091,fever,0,5,0.3,0.6,0.6,0.5397535562515259,-0.012738293036818504,0.9999999403953552,0.44320812821388245,0.4602464437484741
fever_112394,fever,1,5,0.1,0.8,0.4,0.8823150396347046,0.8186514377593994,1.0,0.0686601996421814,0.11768496036529541
fever_133948,fever,0,5,0.4,0.4,0.6,0.5007951855659485,0.16799196600914001,1.0,0.40759900212287903,0.4992048144340515
fever_141271,fever,1,5,1.0,0.2,1.0,1.0,1.0,1.0,0.0,0.0
fever_198037,fever,1,5,0.1,0.8,0.4,0.9323468208312988,0.8810957670211792,1.0,0.0372365340590477,0.06765317916870117
fever_142701,fever,1,5,1.0,0.2,1.0,1.0,1.0,1.0,0.0,0.0
fever_40859,fever,0,5,0.3,0.6,0.6,0.47235003113746643,0.13586078584194183,0.9999998807907104,0.4091605544090271,0.5276499688625336
fever_7138,fever,1,5,0.0,1.0,0.2,0.8609603643417358,0.8121991157531738,0.9525076150894165,0.038876257836818695,0.13903963565826416
fever_24273,fever,1,5,0.6,0.4,0.8,0.6421303749084473,0.10532630234956741,0.9999997615814209,0.43829870223999023,0.35786962509155273
fever_12178,fever,0,5,0.3,0.6,0.6,0.9397643804550171,0.8623988628387451,1.0,0.06302659958600998,0.06023561954498291
fever_84328,fever,0,5,1.0,0.2,1.0,1.0,1.0,1.0,0.0,0.0
fever_87760,fever,1,5,0.1,0.8,0.4,0.8126112222671509,0.7208468914031982,1.0,0.0856567993760109,0.18738877773284912
fever_53901,fever,0,5,1.0,0.2,1.0,1.0,1.0,1.0,0.0,0.0
fever_108736,fever,1,5,1.0,0.2,1.0,1.0,1.0,1.0,0.0,0.0
fever_106826,fever,1,5,1.0,0.2,1.0,1.0,1.0,1.0,0.0,0.0
fever_212324,fever,0,5,0.1,0.8,0.4,0.49888768792152405,0.16607724130153656,0.9999998807907104,0.40283605456352234,0.501112312078476
fever_89796,fever,0,5,1.0,0.2,1.0,1.0,1.0,1.0,0.0,0.0
fever_213945,fever,1,5,1.0,0.2,1.0,1.0,1.0,1.0,0.0,0.0
fever_148149,fever,1,5,0.1,0.8,0.4,0.430122047662735,0.2002944052219391,0.9999998807907104,0.2895881235599518,0.569877952337265
fever_146288,fever,1,5,0.3,0.6,0.6,0.45284852385520935,0.09559191763401031,1.0,0.43596112728118896,0.5471514761447906
fever_123226,fever,1,5,1.0,0.2,1.0,1.0,1.0,1.0,0.0,0.0
fever_93600,fever,1,5,1.0,0.2,1.0,1.0,1.0,1.0,0.0,0.0
fever_118434,fever,1,5,1.0,0.2,1.0,1.0,1.0,1.0,0.0,0.0
fever_149842,fever,1,5,1.0,0.2,1.0,1.0,1.0,1.0,0.0,0.0
fever_141561,fever,1,5,0.3,0.6,0.6,0.46133914589881897,0.09861632436513901,0.9999998807907104,0.42958879470825195,0.538660854101181
fever_183411,fever,0,5,1.0,0.2,1.0,1.0,1.0,1.0,0.0,0.0
fever_184100,fever,1,5,1.0,0.2,1.0,1.0,1.0,1.0,0.0,0.0
fever_145389,fever,1,5,0.6,0.4,0.8,0.620152473449707,0.05038109049201012,1.0,0.46521636843681335,0.37984752655029297
fever_142620,fever,1,5,0.2,0.6,0.4,0.4686049520969391,0.13015097379684448,1.0,0.41451218724250793,0.5313950479030609
fever_4705,fever,0,5,1.0,0.2,1.0,1.0,1.0,1.0,0.0,0.0
fever_83425,fever,1,5,1.0,0.2,1.0,1.0,1.0,1.0,0.0,0.0
fever_168086,fever,0,5,0.6,0.4,0.8,0.9461407661437988,0.8653519153594971,1.0,0.06596381962299347,0.05385923385620117
fever_134438,fever,0,5,0.4,0.4,0.6,0.969163715839386,0.948606014251709,1.0,0.02517780102789402,0.030836284160614014
fever_133512,fever,1,5,0.1,0.8,0.4,0.8857104182243347,0.7873622179031372,1.0,0.062355488538742065,0.11428958177566528
fever_57850,fever,1,5,1.0,0.2,1.0,1.0,1.0,1.0,0.0,0.0
fever_53760,fever,0,5,0.0,1.0,0.2,0.6915518045425415,0.5745304226875305,0.8223593235015869,0.08077674359083176,0.3084481954574585
fever_184083,fever,0,5,0.6,0.4,0.8,0.8308899998664856,0.5772252678871155,0.9999997615814209,0.20711635053157806,0.1691100001335144
fever_29289,fever,0,5,0.2,0.6,0.4,0.9769166707992554,0.9637248516082764,1.0,0.012375900521874428,0.02308332920074463
fever_150964,fever,1,5,0.3,0.6,0.6,0.4456101357936859,0.11424247920513153,0.9999997615814209,0.3721345067024231,0.5543898642063141
fever_123023,fever,0,5,1.0,0.2,1.0,1.0,1.0,1.0,0.0,0.0
fever_198217,fever,0,5,0.4,0.4,0.6,0.5498460531234741,0.2497434914112091,1.0,0.3675491213798523,0.4501539468765259
fever_98879,fever,1,5,0.0,1.0,0.2,0.9403530359268188,0.8882396817207336,0.9977001547813416,0.04310762882232666,0.05964696407318115
fever_53025,fever,0,5,0.1,0.8,0.4,0.8890808820724487,0.8140647411346436,1.0,0.05299598351120949,0.11091911792755127
fever_215230,fever,0,5,0.4,0.4,0.6,0.5518613457679749,0.2531023621559143,1.0,0.3659035265445709,0.44813865423202515
fever_194781,fever,0,5,0.4,0.4,0.6,0.508736789226532,0.17189639806747437,0.9999997615814209,0.398435115814209,0.491263210773468
fever_143417,fever,1,5,0.1,0.8,0.4,0.9478152394294739,0.9065616726875305,0.9999999403953552,0.02999171055853367,0.05218476057052612
fever_45310,fever,0,5,0.0,1.0,0.2,0.9229203462600708,0.8597209453582764,0.9977799654006958,0.04734344035387039,0.0770796537399292
fever_86109,fever,1,5,0.6,0.4,0.8,0.6684914827346802,0.1712290197610855,0.9999997615814209,0.4060131013393402,0.3315085172653198
fever_37924,fever,0,5,1.0,0.2,1.0,1.0,1.0,1.0,0.0,0.0
fever_112568,fever,0,5,1.0,0.2,1.0,1.0,1.0,1.0,0.0,0.0
fever_16329,fever,0,5,1.0,0.2,1.0,1.0,1.0,1.0,0.0,0.0
fever_1313,fever,0,5,0.3,0.6,0.6,0.934296727180481,0.8769959807395935,1.0,0.04999863728880882,0.06570327281951904
fever_89213,fever,1,5,0.0,1.0,0.2,0.9551342129707336,0.9270645380020142,0.9930822253227234,0.025942640379071236,0.04486578702926636
fever_34961,fever,0,5,0.1,0.8,0.4,0.8937157392501831,0.8546544313430786,1.0,0.04185022786259651,0.1062842607498169
fever_212228,fever,1,5,1.0,0.2,1.0,1.0,1.0,1.0,0.0,0.0
fever_192190,fever,1,5,0.3,0.6,0.6,0.9743741750717163,0.9540904760360718,0.9999998807907104,0.01731358841061592,0.02562582492828369
fever_177185,fever,1,5,1.0,0.2,1.0,1.0,1.0,1.0,0.0,0.0
fever_112087,fever,1,5,0.0,1.0,0.2,0.9104945063591003,0.851651132106781,0.9654333591461182,0.04197924956679344,0.08950549364089966
fever_21072,fever,0,5,0.0,1.0,0.2,0.841229259967804,0.7134222984313965,0.9493633508682251,0.07444031536579132,0.15877074003219604
fever_21986,fever,1,5,0.1,0.8,0.4,0.9301264882087708,0.8811761140823364,1.0,0.050375066697597504,0.06987351179122925
fever_19902,fever,0,5,0.2,0.6,0.4,0.4994674324989319,0.1690506488084793,0.9999998807907104,0.3950693905353546,0.5005325675010681
fever_34205,fever,0,5,0.6,0.4,0.8,0.6525670289993286,0.1314178854227066,0.9999998807907104,0.4255165457725525,0.3474329710006714
fever_170400,fever,0,5,1.0,0.2,1.0,1.0,1.0,1.0,0.0,0.0
fever_58417,fever,0,5,1.0,0.2,1.0,1.0,1.0,1.0,0.0,0.0
fever_127408,fever,0,5,0.3,0.6,0.6,0.4410017132759094,0.05363050103187561,0.9999999403953552,0.4111872911453247,0.5589982867240906
fever_6576,fever,0,5,1.0,0.2,1.0,1.0,1.0,1.0,0.0,0.0
fever_224197,fever,1,5,0.3,0.6,0.6,0.5173498392105103,0.1946987360715866,0.9999997615814209,0.39308902621269226,0.48265016078948975
fever_17783,fever,0,5,0.2,0.6,0.4,0.411128431558609,0.014846081845462322,0.9999998807907104,0.48029008507728577,0.588871568441391
fever_222172,fever,1,5,1.0,0.2,1.0,1.0,1.0,1.0,0.0,0.0
fever_183470,fever,0,5,0.1,0.8,0.4,0.949184775352478,0.9241101741790771,1.0,0.028373772278428078,0.05081522464752197
fever_179105,fever,1,5,0.6,0.4,0.8,0.9633749723434448,0.9123128652572632,1.0,0.04042883589863777,0.036625027656555176
fever_66842,fever,0,5,0.1,0.8,0.4,0.925103485584259,0.8886347413063049,0.9999997019767761,0.038899969309568405,0.07489651441574097
fever_80676,fever,1,5,0.0,1.0,0.2,0.7229211926460266,0.5434213876724243,0.9944007396697998,0.1395866721868515,0.2770788073539734
fever_181114,fever,1,5,1.0,0.2,1.0,1.0,1.0,1.0,0.0,0.0
fever_119884,fever,1,5,1.0,0.2,1.0,1.0,1.0,1.0,0.0,0.0
fever_15452,fever,0,5,1.0,0.2,1.0,1.0,1.0,1.0,0.0,0.0
fever_53317,fever,1,5,0.4,0.4,0.6,0.5089088082313538,0.18151463568210602,1.0,0.400974303483963,0.49109119176864624
fever_203154,fever,0,5,0.4,0.4,0.6,0.5000728368759155,0.1667880415916443,1.0,0.4081887900829315,0.4999271631240845
fever_145848,fever,1,5,0.2,0.6,0.4,0.5439799427986145,0.08302100002765656,1.0,0.3535764515399933,0.4560200572013855
fever_166848,fever,0,5,0.3,0.6,0.6,0.8464711904525757,0.7623680830001831,1.0,0.10215896368026733,0.15352880954742432
fever_218481,fever,0,5,1.0,0.2,1.0,1.0,1.0,1.0,0.0,0.0
fever_141894,fever,1,5,1.0,0.2,1.0,1.0,1.0,1.0,0.0,0.0
fever_180736,fever,1,5,0.6,0.4,0.8,0.6925431489944458,0.2313579022884369,1.0,0.3765561878681183,0.3074568510055542
fever_66211,fever,1,5,0.3,0.6,0.6,0.6507365107536316,0.16673150658607483,0.9999999403953552,0.36832231283187866,0.3492634892463684
fever_159700,fever,0,5,1.0,0.2,1.0,1.0,1.0,1.0,0.0,0.0
fever_81045,fever,0,5,0.0,1.0,0.2,0.9561895132064819,0.9279080033302307,0.9949887990951538,0.020935604348778725,0.043810486793518066
fever_216351,fever,0,5,0.1,0.8,0.4,0.9204379320144653,0.8751444816589355,1.0,0.049253448843955994,0.07956206798553467
fever_12682,fever,1,5,0.3,0.6,0.6,0.3904966711997986,-0.006550077348947525,1.0,0.47753119468688965,0.6095033288002014
fever_162408,fever,1,5,0.4,0.4,0.6,0.838182806968689,0.7303047180175781,1.0,0.1321231722831726,0.16181719303131104
fever_221072,fever,0,5,1.0,0.2,1.0,1.0,1.0,1.0,0.0,0.0
fever_178341,fever,1,5,0.0,1.0,0.2,0.9125944972038269,0.8471920490264893,0.9755030274391174,0.04393241927027702,0.0874055027961731
fever_151450,fever,0,5,1.0,0.2,1.0,1.0,1.0,1.0,0.0,0.0
fever_38861,fever,1,5,0.0,1.0,0.2,0.964502215385437,0.9376732707023621,0.9952876567840576,0.019377300515770912,0.03549778461456299
fever_161234,fever,1,5,1.0,0.2,1.0,1.0,1.0,1.0,0.0,0.0
fever_15425,fever,0,5,1.0,0.2,1.0,1.0,1.0,1.0,0.0,0.0
fever_40432,fever,1,5,1.0,0.2,1.0,1.0,1.0,1.0,0.0,0.0
fever_162035,fever,0,5,1.0,0.2,1.0,1.0,1.0,1.0,0.0,0.0
fever_64457,fever,0,5,1.0,0.2,1.0,1.0,1.0,1.0,0.0,0.0
fever_127957,fever,1,5,1.0,0.2,1.0,1.0,1.0,1.0,0.0,0.0
fever_194893,fever,1,5,0.1,0.8,0.4,0.6319251656532288,0.1715780347585678,1.0,0.361877977848053,0.36807483434677124
fever_195038,fever,1,5,1.0,0.2,1.0,1.0,1.0,1.0,0.0,0.0
fever_90000,fever,0,5,0.6,0.4,0.8,0.9875074625015259,0.9739903211593628,0.9999998807907104,0.009687847457826138,0.012492537498474121
fever_186588,fever,0,5,0.4,0.4,0.6,0.47571104764938354,0.1261851042509079,1.0,0.42808011174201965,0.5242889523506165
fever_104847,fever,0,5,1.0,0.2,1.0,1.0,1.0,1.0,0.0,0.0
fever_69425,fever,1,5,1.0,0.2,1.0,1.0,1.0,1.0,0.0,0.0
fever_33011,fever,1,5,0.0,1.0,0.2,0.8349725008010864,0.7494313716888428,0.934087872505188,0.04903847351670265,0.16502749919891357
fever_9182,fever,0,5,1.0,0.2,1.0,1.0,1.0,1.0,0.0,0.0
fever_67766,fever,0,5,1.0,0.2,1.0,1.0,1.0,1.0,0.0,0.0
fever_113361,fever,0,5,1.0,0.2,1.0,1.0,1.0,1.0,0.0,0.0
fever_21187,fever,0,5,0.6,0.4,0.8,0.6609235405921936,0.152308851480484,1.0,0.41528213024139404,0.3390764594078064
fever_69536,fever,0,5,1.0,0.2,1.0,1.0,1.0,1.0,0.0,0.0
fever_123477,fever,1,5,0.3,0.6,0.6,0.9891512989997864,0.9720333814620972,1.0,0.009464037604629993,0.010848701000213623
fever_84329,fever,1,5,1.0,0.2,1.0,1.0,1.0,1.0,0.0,0.0
fever_114050,fever,0,5,1.0,0.2,1.0,1.0,1.0,1.0,0.0,0.0
fever_113188,fever,1,5,1.0,0.2,1.0,1.0,1.0,1.0,0.0,0.0
fever_19592,fever,0,5,0.3,0.6,0.6,0.47721606492996216,0.1314241886138916,0.9999998807907104,0.41833969950675964,0.5227839350700378
fever_199414,fever,0,5,0.0,1.0,0.2,0.6853893995285034,0.5245574116706848,0.9101018309593201,0.13824476301670074,0.3146106004714966
fever_146260,fever,0,5,1.0,0.2,1.0,1.0,1.0,1.0,0.0,0.0
fever_28679,fever,1,5,0.0,1.0,0.2,0.7674461603164673,0.5057772397994995,0.9789560437202454,0.1880643367767334,0.23255383968353271
fever_124565,fever,0,5,1.0,0.2,1.0,1.0,1.0,1.0,0.0,0.0
fever_146361,fever,0,5,0.3,0.6,0.6,0.6747950315475464,0.2428082525730133,1.0,0.3534506559371948,0.3252049684524536
fever_10713,fever,0,5,1.0,0.2,1.0,1.0,1.0,1.0,0.0,0.0
fever_225749,fever,1,5,1.0,0.2,1.0,1.0,1.0,1.0,0.0,0.0
fever_150098,fever,1,5,0.4,0.4,0.6,0.5550805926322937,0.2584676742553711,1.0,0.3632751703262329,0.4449194073677063
fever_181264,fever,1,5,0.6,0.4,0.8,0.6726058721542358,0.18151463568210602,1.0,0.400974303483963,0.32739412784576416
fever_125912,fever,1,5,0.6,0.4,0.8,0.6726058721542358,0.18151463568210602,1.0,0.400974303483963,0.32739412784576416
fever_139330,fever,0,5,0.0,1.0,0.2,0.9014573097229004,0.802890419960022,0.9701104164123535,0.05988504737615585,0.09854269027709961
fever_11570,fever,1,5,0.0,1.0,0.2,0.5952149629592896,0.11551526188850403,0.9529892206192017,0.3640340268611908,0.40478503704071045
fever_194183,fever,1,5,1.0,0.2,1.0,1.0,1.0,1.0,0.0,0.0
fever_164103,fever,1,5,1.0,0.2,1.0,1.0,1.0,1.0,0.0,0.0
fever_204997,fever,0,5,1.0,0.2,1.0,0.993511974811554,0.9837799668312073,1.0,0.00794616062194109,0.006488025188446045
fever_155629,fever,1,5,0.0,1.0,0.2,0.8668972253799438,0.7697324752807617,0.988272488117218,0.05555758997797966,0.13310277462005615
fever_178240,fever,1,5,0.2,0.6,0.4,0.629793643951416,0.07990060746669769,1.0,0.4465675354003906,0.370206356048584
fever_172306,fever,1,5,1.0,0.2,1.0,1.0,1.0,1.0,0.0,0.0
fever_86749,fever,1,5,1.0,0.2,1.0,1.0,1.0,1.0,0.0,0.0
fever_119606,fever,0,5,1.0,0.2,1.0,1.0,1.0,1.0,0.0,0.0
fever_205643,fever,1,5,1.0,0.2,1.0,1.0,1.0,1.0,0.0,0.0
fever_2317,fever,1,5,1.0,0.2,1.0,1.0,1.0,1.0,0.0,0.0
fever_222643,fever,0,5,1.0,0.2,1.0,1.0,1.0,1.0,0.0,0.0
fever_10675,fever,1,5,1.0,0.2,1.0,1.0,1.0,1.0,0.0,0.0
fever_198067,fever,1,5,0.1,0.8,0.4,0.81298828125,0.5804741382598877,1.0,0.14836333692073822,0.18701171875
fever_145516,fever,0,5,0.2,0.6,0.4,0.9953339695930481,0.992709219455719,1.0,0.0027315551415085793,0.004666030406951904
fever_192959,fever,0,5,0.6,0.4,0.8,0.8180343508720398,0.5450857877731323,1.0,0.22286154329776764,0.1819656491279602
fever_117447,fever,1,5,0.4,0.4,0.6,0.4665391445159912,0.11089859902858734,1.0,0.4355689287185669,0.5334608554840088
fever_208441,fever,1,5,1.0,0.2,1.0,1.0,1.0,1.0,0.0,0.0
fever_127814,fever,1,5,1.0,0.2,1.0,1.0,1.0,1.0,0.0,0.0
fever_78311,fever,0,5,0.6,0.4,0.8,0.6765467524528503,0.1913672834634781,0.9999997615814209,0.39614740014076233,0.32345324754714966
fever_32490,fever,0,5,1.0,0.2,1.0,1.0,1.0,1.0,0.0,0.0
fever_27657,fever,0,5,1.0,0.2,1.0,1.0,1.0,1.0,0.0,0.0
fever_21145,fever,0,5,1.0,0.2,1.0,1.0,1.0,1.0,0.0,0.0
fever_220234,fever,0,5,0.0,1.0,0.2,0.8266538381576538,0.7263435125350952,0.972614049911499,0.07625295966863632,0.1733461618423462
fever_220278,fever,0,5,1.0,0.2,1.0,1.0,1.0,1.0,0.0,0.0
fever_185402,fever,1,5,0.4,0.4,0.6,0.9292672872543335,0.8821121454238892,1.0,0.057753004133701324,0.0707327127456665
fever_5092,fever,0,5,0.0,1.0,0.2,0.7432186603546143,0.6654009222984314,0.8087396025657654,0.04816591739654541,0.25678133964538574
fever_165111,fever,0,5,0.6,0.4,0.8,0.6787960529327393,0.1969902068376541,0.9999998807907104,0.39339280128479004,0.32120394706726074
fever_42152,fever,1,5,1.0,0.2,1.0,1.0,1.0,1.0,0.0,0.0
fever_197368,fever,0,5,1.0,0.2,1.0,1.0,1.0,1.0,0.0,0.0
fever_174510,fever,0,5,1.0,0.2,1.0,1.0,1.0,1.0,0.0,0.0
fever_61563,fever,0,5,0.1,0.8,0.4,0.4545588493347168,0.13776260614395142,0.9999999403953552,0.3627582788467407,0.5454411506652832
fever_184054,fever,1,5,0.2,0.6,0.4,0.4867270886898041,0.1487124264240265,1.0,0.4091814458370209,0.5132729113101959
fever_187114,fever,0,5,1.0,0.2,1.0,1.0,1.0,1.0,0.0,0.0
fever_183618,fever,1,5,0.1,0.8,0.4,0.8835194706916809,0.7661525011062622,1.0,0.06934165209531784,0.11648052930831909
fever_166485,fever,0,5,0.2,0.6,0.4,0.6340298652648926,0.3572397828102112,1.0,0.27835333347320557,0.3659701347351074
fever_186592,fever,1,5,0.2,0.6,0.4,0.9569746851921082,0.9230329394340515,1.0,0.024699630215764046,0.043025314807891846
fever_99105,fever,1,5,1.0,0.2,1.0,1.0,1.0,1.0,0.0,0.0
fever_134200,fever,0,5,0.0,1.0,0.2,0.6077079176902771,0.03404278680682182,0.9959931373596191,0.4637700617313385,0.3922920823097229
fever_137038,fever,0,5,1.0,0.2,1.0,1.0,1.0,1.0,0.0,0.0
fever_193860,fever,0,5,1.0,0.2,1.0,1.0,1.0,1.0,0.0,0.0
fever_30062,fever,0,5,1.0,0.2,1.0,1.0,1.0,1.0,0.0,0.0
fever_78018,fever,0,5,0.1,0.8,0.4,0.72207111120224,0.48549044132232666,1.0,0.2001093178987503,0.27792888879776
fever_165652,fever,0,5,0.0,1.0,0.2,0.8852599859237671,0.8206183910369873,0.9823012351989746,0.05969587340950966,0.11474001407623291
fever_225254,fever,0,5,0.2,0.6,0.4,0.6456420421600342,0.13279268145561218,1.0,0.41656801104545593,0.3543579578399658
fever_8246,fever,0,5,0.6,0.4,0.8,0.8921219110488892,0.7303047180175781,1.0,0.1321231722831726,0.10787808895111084
fever_10278,fever,1,5,0.0,1.0,0.2,0.9569422006607056,0.9249929189682007,0.9841114282608032,0.017388584092259407,0.043057799339294434
fever_42619,fever,0,5,1.0,0.2,1.0,1.0,1.0,1.0,0.0,0.0
fever_204010,fever,1,5,1.0,0.2,1.0,1.0,1.0,1.0,0.0,0.0
fever_15006,fever,0,5,1.0,0.2,1.0,1.0,1.0,1.0,0.0,0.0
fever_201364,fever,0,5,0.0,1.0,0.2,0.6577109694480896,0.353828489780426,0.9293297529220581,0.1957906186580658,0.3422890305519104
fever_147936,fever,0,5,1.0,0.2,1.0,1.0,1.0,1.0,0.0,0.0
fever_37558,fever,1,5,0.0,1.0,0.2,0.8859561681747437,0.8369314670562744,0.9281888008117676,0.03166070953011513,0.11404383182525635
fever_212187,fever,0,5,0.3,0.6,0.6,0.4903506636619568,0.15442347526550293,1.0,0.39894118905067444,0.5096493363380432
fever_94059,fever,0,5,0.2,0.6,0.4,0.498955637216568,0.15815283358097076,1.0,0.40051430463790894,0.501044362783432
