id,source_dataset,original_label,num_generations,mean_pairwise_entailment,mean_pairwise_contradiction,mean_pairwise_neutral,fraction_entailing_pairs,fraction_contradicting_pairs,fraction_neutral_pairs,nli_disagreement
halueval-8465,halueval,1,5,0.9789918877758051,0.002582208359156639,0.018425903865038416,1.0,0.0,0.0,0.011795160291675847
halueval-9667,halueval,1,5,0.9591162429048474,0.00637800979635324,0.03450574729879967,1.0,0.0,0.0,0.023630883445753075
halueval-8673,halueval,0,5,0.967028077965319,0.006322165923665597,0.026649756111015416,1.0,0.0,0.0,0.019647043979173304
halueval-5554,halueval,0,5,0.9144265535742747,0.017940592648191055,0.06763285377753425,1.0,0.0,0.0,0.05175701953695818
halueval-8298,halueval,0,5,0.9533399608046548,0.004562051806409395,0.04209798738893598,1.0,0.0,0.0,0.025611045500877384
halueval-157,halueval,1,5,0.9835148005802316,0.004917896110877286,0.011567303308890891,1.0,0.0,0.0,0.010701547765322731
halueval-9946,halueval,1,5,0.6427653401838186,0.004748788467209564,0.3524858713489719,0.3,0.0,0.7,0.1809917241416955
halueval-7444,halueval,0,5,0.9885252112570017,0.0032535858727854327,0.008221202870212926,1.0,0.0,0.0,0.0073641873078918955
halueval-1567,halueval,1,5,0.9805696777180648,0.0038640136573024806,0.015566308624632855,1.0,0.0,0.0,0.011647167969618908
halueval-5072,halueval,0,5,0.786630141849526,0.006235739050559952,0.20713411909991414,0.6,0.0,0.4,0.10980279860051702
halueval-3409,halueval,1,5,0.9929333012529874,0.0007328050918797583,0.006333893655132693,1.0,0.0,0.0,0.0038997519194461047
halueval-6034,halueval,1,5,0.38735823538544295,0.5987761979338623,0.013865566680694916,0.4,0.6,0.0,0.6057089812742097
halueval-1239,halueval,0,5,0.9764542180613385,0.0030508155270581377,0.02049496641160354,1.0,0.0,0.0,0.013298298732859908
halueval-4890,halueval,1,5,0.9829212355064361,0.0027404928822777107,0.014338271611286433,1.0,0.0,0.0,0.009909628687920927
halueval-5462,halueval,0,5,0.9904640785587204,0.0008287354774052822,0.008707185963874129,1.0,0.0,0.0,0.005182328459342347
halueval-1130,halueval,1,5,0.9898767070570373,0.0011546036405377068,0.008968689302424919,1.0,0.0,0.0,0.005638948291750166
halueval-1717,halueval,1,5,0.9539719246480244,0.001106544635261959,0.04492153071671356,1.0,0.0,0.0,0.023567309993618737
halueval-5853,halueval,0,5,0.9875129085344871,0.0019969863714095755,0.010490105094103143,1.0,0.0,0.0,0.007242038918461147
halueval-9293,halueval,0,5,0.9687954449458267,0.0018305257292453888,0.02937402932492768,1.0,0.0,0.0,0.016517540391709228
halueval-9363,halueval,0,5,0.984079071667981,0.0021969095964572477,0.013724018735561607,1.0,0.0,0.0,0.009058918964238051
halueval-9204,halueval,1,5,0.9592405503476616,0.00926849039237225,0.031490959259966186,1.0,0.0,0.0,0.025013970022355343
halueval-7635,halueval,1,5,0.9897242104375568,0.002143003148174643,0.008132786414268319,1.0,0.0,0.0,0.006209396355308802
halueval-1353,halueval,1,5,0.9907249213296266,0.001418450620136128,0.007856628050237135,1.0,0.0,0.0,0.0053467646452546955
halueval-6699,halueval,1,5,0.9880398675603749,0.002748236874405527,0.009211895565219586,1.0,0.0,0.0,0.00735418465701532
halueval-8917,halueval,1,5,0.7554656678110672,0.05403293143982093,0.1905014007491119,0.8,0.0,0.2,0.14928363181437687
halueval-184,halueval,0,5,0.9775411914241892,0.0016646685907829196,0.02079413998502807,1.0,0.0,0.0,0.012061738583296955
halueval-7015,halueval,1,5,0.9909969444118172,0.0009465999601000251,0.008056455628082632,1.0,0.0,0.0,0.004974827774141341
halueval-8121,halueval,1,5,0.9732265740547325,0.0019719230068239715,0.02480150293844361,1.0,0.0,0.0,0.014372674476045778
halueval-8119,halueval,1,5,0.9890476962149849,0.0012361683525644069,0.009716135432450649,1.0,0.0,0.0,0.006094236068789731
halueval-3481,halueval,1,5,0.9892921825397188,0.0015624153607361638,0.009145402099545048,1.0,0.0,0.0,0.006135116410508687
halueval-2021,halueval,1,5,0.9832524548436214,0.0025232167913226476,0.014224328365055777,1.0,0.0,0.0,0.009635380973850536
halueval-7892,halueval,0,5,0.9853817660884925,0.0011669623566557311,0.01345127155485171,1.0,0.0,0.0,0.007892598134081587
halueval-922,halueval,1,5,0.9887825307456228,0.0022576369362635193,0.00895983231811384,1.0,0.0,0.0,0.006737553095320439
halueval-3618,halueval,1,5,0.8978404546954806,0.04788216631009965,0.054277378994419576,1.0,0.0,0.0,0.07502085580730944
halueval-3508,halueval,0,5,0.936826863386923,0.017235715907018632,0.04593742070605848,1.0,0.0,0.0,0.040204426260047874
halueval-3756,halueval,0,5,0.9851310481015118,0.0026363000021428075,0.01223265189634538,1.0,0.0,0.0,0.008752625950315498
halueval-2137,halueval,0,5,0.9782032760208843,0.0032778032976672534,0.018518920681448444,1.0,0.0,0.0,0.012537263638391475
halueval-5978,halueval,0,5,0.9831811204040413,0.0007738308391657711,0.01604504875679297,1.0,0.0,0.0,0.008796355217562257
halueval-9235,halueval,1,5,0.9493444926581794,0.018736525162255158,0.03191898217956526,1.0,0.0,0.0,0.03469601625203779
halueval-3318,halueval,0,5,0.9725447185355632,0.003710498198347797,0.02374478326608887,1.0,0.0,0.0,0.015582889831392232
halueval-9699,halueval,1,5,0.9869450829854397,0.0010955732457211434,0.011959343768839033,1.0,0.0,0.0,0.0070752451301406595
halueval-2408,halueval,0,5,0.9427706040559738,0.012267317553814132,0.044962078390212386,1.0,0.0,0.0,0.03474835674892032
halueval-1304,halueval,1,5,0.9907396176791629,0.0006497450107018964,0.008610637310135411,1.0,0.0,0.0,0.004955063665769602
halueval-6032,halueval,1,5,0.9897857141455197,0.0019026587460375694,0.008311627108442538,1.0,0.0,0.0,0.006058472300258838
halueval-8393,halueval,1,5,0.4818788605619699,0.23235016407793746,0.28577097536009255,0.4,0.0,0.6,0.37523565175798373
halueval-8469,halueval,0,5,0.9914314334701764,0.001401825903643537,0.00716674062617995,1.0,0.0,0.0,0.004985196216733512
halueval-3137,halueval,0,5,0.9860781183914051,0.0004829172333776048,0.013438964375217157,1.0,0.0,0.0,0.007202399420986183
halueval-3826,halueval,0,5,0.9630377936621285,0.0013949224190242702,0.03556728391884727,1.0,0.0,0.0,0.019178564378447904
halueval-606,halueval,0,5,0.9917727917013937,0.0007102077207160564,0.007517000577890192,1.0,0.0,0.0,0.004468708009661152
halueval-7279,halueval,1,5,0.9650060374943518,0.004217819657763303,0.030776142847884776,1.0,0.0,0.0,0.01960589108170569
halueval-2321,halueval,0,5,0.8671837100920572,0.0276522791428149,0.10516401076512798,1.0,0.0,0.0,0.0802342845253789
halueval-4864,halueval,0,5,0.9826993441391535,0.00042328314591742776,0.01687737271492914,1.0,0.0,0.0,0.008861969503381997
halueval-5649,halueval,1,5,0.656973750292314,0.2751486121090591,0.06787763759862683,1.0,0.0,0.0,0.30908743090837254
halueval-4829,halueval,1,5,0.9413698517004668,0.014491730489675036,0.044138417809858214,1.0,0.0,0.0,0.03656093939460414
halueval-2058,halueval,0,5,0.979308965986097,0.005051024684679299,0.015640009329223725,1.0,0.0,0.0,0.012871029349291161
halueval-378,halueval,0,5,0.9557241608899523,0.009874558780739048,0.03440128032930876,1.0,0.0,0.0,0.02707519894539343
halueval-1298,halueval,0,5,0.9827480157539646,0.004833536867547192,0.012418447378488292,1.0,0.0,0.0,0.011042760556791337
halueval-4403,halueval,0,5,0.9883322359260355,0.0008200387642135267,0.010847725309751073,1.0,0.0,0.0,0.006243901419089063
halueval-5646,halueval,0,5,0.8272879931487858,0.007336193679338429,0.16537581317187583,1.0,0.0,0.0,0.09002410026527634
halueval-813,halueval,1,5,0.9130710946960556,0.013636683045842821,0.07329222225810131,1.0,0.0,0.0,0.05028279417489347
halueval-3774,halueval,0,5,0.9912548729250362,0.0014610084528976735,0.007284118622066324,1.0,0.0,0.0,0.0051030677639308355
halueval-2337,halueval,0,5,0.7572655783994077,0.06003271406109393,0.18270170753949824,0.6,0.0,0.4,0.15138356783084306
halueval-5503,halueval,0,5,0.979165780553817,0.003701881064521907,0.017132338381661092,1.0,0.0,0.0,0.012268050255352454
halueval-3482,halueval,0,5,0.9842718111866343,0.0007464579628930058,0.014981730850472469,1.0,0.0,0.0,0.00823732338812924
halueval-5565,halueval,1,5,0.5923196182300774,0.29759762253513006,0.1100827592347925,0.6,0.4,0.0,0.3526390021525263
halueval-2154,halueval,0,5,0.9846051373415184,0.0010569443047139132,0.014337918353767626,1.0,0.0,0.0,0.008225903481597727
halueval-8495,halueval,0,5,0.9866766691493775,0.0024702526977887977,0.01085307815283371,1.0,0.0,0.0,0.007896791774205653
halueval-1611,halueval,1,5,0.9708613005254619,0.009312929666913872,0.019825769807624065,1.0,0.0,0.0,0.019225814570725905
halueval-1564,halueval,1,5,0.9385168962958733,0.015357381297027036,0.046125722407099654,1.0,0.0,0.0,0.038420242500576865
halueval-9405,halueval,0,5,0.9266992551720212,0.02500481393630031,0.048295930891678586,1.0,0.0,0.0,0.049152779382139605
halueval-5754,halueval,0,5,0.9816528032808154,0.0027468962149017886,0.015600300504282547,1.0,0.0,0.0,0.010547046467043061
halueval-1996,halueval,1,5,0.6146316256175529,0.35480326900217846,0.030565105380268624,0.6,0.4,0.0,0.37008582169231274
halueval-7896,halueval,1,5,0.9143667688195489,0.004958445675959357,0.08067478550449178,1.0,0.0,0.0,0.04529583842820525
halueval-262,halueval,0,5,0.965578567080154,0.004686877137061606,0.02973455578278434,1.0,0.0,0.0,0.019554155028453778
halueval-8107,halueval,0,5,0.9600421651002119,0.007777555640334809,0.0321802792594535,1.0,0.0,0.0,0.023867695270061558
halueval-6430,halueval,1,5,0.9842948329639839,0.00105959346843983,0.014645573567576498,1.0,0.0,0.0,0.008382380252228079
halueval-396,halueval,0,5,0.9648117020279072,0.00399372583520652,0.031194572136886152,1.0,0.0,0.0,0.019591011903649598
halueval-6835,halueval,0,5,0.9860568674052012,0.0019099979986299416,0.012033134596168962,1.0,0.0,0.0,0.007926565296714422
halueval-438,halueval,0,5,0.983333747461247,0.00034211007799295456,0.016324142460760027,1.0,0.0,0.0,0.008504181308372967
halueval-9632,halueval,1,5,0.7613181981327953,0.01943360798309442,0.21924819388411027,0.6,0.0,0.4,0.12905770492514956
halueval-909,halueval,1,5,0.982716320471086,0.0025459223947412813,0.014737757134172544,1.0,0.0,0.0,0.009914800961827553
halueval-4228,halueval,0,5,0.9413758905738128,0.017773256301447084,0.0408508531247402,1.0,0.0,0.0,0.03819868286381718
halueval-8756,halueval,0,5,0.9910673813048417,0.0014204363355158592,0.007512182359642422,1.0,0.0,0.0,0.00517652751533707
halueval-8958,halueval,1,5,0.9826993441391535,0.00042328314591742776,0.01687737271492914,1.0,0.0,0.0,0.008861969503381997
halueval-351,halueval,1,5,0.9782247636793022,0.0030550068915411116,0.01872022942915675,1.0,0.0,0.0,0.012415121606119486
halueval-8371,halueval,0,5,0.9676690900246523,0.00811538097243204,0.024215529002915702,1.0,0.0,0.0,0.02022314547388989
halueval-858,halueval,0,5,0.9861746359866366,0.001571753331190542,0.012253610682172919,1.0,0.0,0.0,0.007698558672277001
halueval-302,halueval,1,5,0.9784095579758203,0.004051479598519795,0.017538962425659863,1.0,0.0,0.0,0.012820960811349726
halueval-6446,halueval,1,5,0.9741164685131286,0.00775797746444854,0.0181255540224231,1.0,0.0,0.0,0.016820754475660088
halueval-5194,halueval,1,5,0.983333747461247,0.00034211007799295456,0.016324142460760027,1.0,0.0,0.0,0.008504181308372967
halueval-2679,halueval,1,5,0.9614209997039025,0.0014487553270997237,0.03713024496899791,1.0,0.0,0.0,0.02001387781159868
halueval-2882,halueval,0,5,0.10093182222075858,0.8720497265980087,0.027018451181232583,0.1,0.9,0.0,0.885558952188625
halueval-6195,halueval,0,5,0.9874579138748516,0.0006367973437955109,0.011905288781353112,1.0,0.0,0.0,0.006589441734472067
halueval-3574,halueval,1,5,0.9717838267804597,0.005032551619862006,0.023183621599678357,1.0,0.0,0.0,0.016624362419701184
halueval-9344,halueval,1,5,0.9747205961274655,0.0016610233107658208,0.02361838056176854,1.0,0.0,0.0,0.01347021359165009
halueval-6572,halueval,0,5,0.9758345695468431,0.0054357478269729895,0.01872968262618379,1.0,0.0,0.0,0.014800589140064884
halueval-1013,halueval,0,5,0.979617393933234,0.0008799573022623198,0.019502648764503795,1.0,0.0,0.0,0.010631281684514217
halueval-6480,halueval,0,5,0.9507462218215584,0.0036311967751616802,0.04562258140328001,1.0,0.0,0.0,0.026442487476801686
halueval-9327,halueval,1,5,0.983333747461247,0.00034211007799295456,0.016324142460760027,1.0,0.0,0.0,0.008504181308372967
halueval-880,halueval,0,5,0.9308258305506927,0.024136687203374287,0.04503748224593308,1.0,0.0,0.0,0.04665542832634083
halueval-1221,halueval,1,5,0.9725235986563028,0.0005717233454042653,0.026904677998292797,1.0,0.0,0.0,0.014024062344550664
halueval-6186,halueval,0,5,0.9874579138748516,0.0006367973437955109,0.011905288781353112,1.0,0.0,0.0,0.006589441734472067
halueval-9766,halueval,1,5,0.9357472640053469,0.020810890671532085,0.04344184532312088,1.0,0.0,0.0,0.04253181333309253
halueval-4378,halueval,1,5,0.9704925567361482,0.007324446240304755,0.02218299702354707,1.0,0.0,0.0,0.018415944752078292
halueval-3683,halueval,0,5,0.9491694241382692,0.005701389114296492,0.045129186747434165,1.0,0.0,0.0,0.028265982488013576
halueval-6340,halueval,0,5,0.9809530551687272,0.009525190314235281,0.009521754517037358,1.0,0.0,0.0,0.01428606757275396
halueval-4100,halueval,0,5,0.9618630999622175,0.006435269519945848,0.031701630517836796,1.0,0.0,0.0,0.022286084778864245
halueval-6221,halueval,1,5,0.9737232234630596,0.0008272418487949879,0.025449534688145266,1.0,0.0,0.0,0.013552009192867621
halueval-6366,halueval,0,5,0.9863394669366823,0.0006368729167992198,0.01302366014651855,1.0,0.0,0.0,0.007148702990058495
halueval-582,halueval,1,5,0.971165607819272,0.005511232641398226,0.023323159539329907,1.0,0.0,0.0,0.01717281241106318
halueval-9911,halueval,0,5,0.8874761758215024,0.04722988936678274,0.06529393481171486,1.0,0.0,0.0,0.07987685677264017
halueval-9839,halueval,1,5,0.9919033111883969,0.0006826969403559487,0.007413991871247158,1.0,0.0,0.0,0.004389692875979527
halueval-9616,halueval,0,5,0.979767303755384,0.0015195879511110868,0.01871310829350471,1.0,0.0,0.0,0.010876142097863441
halueval-9359,halueval,0,5,0.9829922797091639,0.003008805921594443,0.013998914369241758,1.0,0.0,0.0,0.010008263106215321
halueval-6087,halueval,0,5,0.9890756606766772,0.0005824054895072594,0.010341933833815542,1.0,0.0,0.0,0.005753372406415031
halueval-3271,halueval,0,5,0.9774827905433485,0.0028034188471603165,0.01971379060949118,1.0,0.0,0.0,0.012660314151905907
halueval-2785,halueval,1,5,0.9075204152934091,0.027596148493727796,0.06488343621286288,1.0,0.0,0.0,0.06003786660015924
halueval-5678,halueval,0,5,0.9630338688372315,0.008585326189161436,0.02838080497360712,1.0,0.0,0.0,0.022775728675964994
halueval-1184,halueval,0,5,0.9575565997263601,0.001853508026503356,0.04058989224713653,1.0,0.0,0.0,0.02214845415007162
halueval-7750,halueval,1,5,0.9819271534914085,0.0026166878773519276,0.015456158631239555,1.0,0.0,0.0,0.010344767192971706
halueval-6348,halueval,1,5,0.5431741787641393,0.011815743603237831,0.4450100776326228,0.7,0.0,0.3,0.23432078241954923
halueval-3577,halueval,1,5,0.9517825170336188,0.012937466595599051,0.035280016370782305,1.0,0.0,0.0,0.030577474780990203
halueval-4577,halueval,1,5,0.9681822208020009,0.00620847663366319,0.025609302564336033,1.0,0.0,0.0,0.019013127915831207
halueval-3261,halueval,0,5,0.9366601091624952,0.0022543285651032046,0.06108556227240162,1.0,0.0,0.0,0.03279710970130401
halueval-5834,halueval,0,5,0.983333747461247,0.00034211007799295456,0.016324142460760027,1.0,0.0,0.0,0.008504181308372967
halueval-3654,halueval,1,5,0.9892787432703123,0.002301295337970924,0.008419961391716689,1.0,0.0,0.0,0.006511276033829268
halueval-4397,halueval,1,5,0.9790748399344935,0.005987240446613985,0.014937919618892691,1.0,0.0,0.0,0.01345620025606033
halueval-9181,halueval,1,5,0.969739829117587,0.005613247527878914,0.024646923354534136,1.0,0.0,0.0,0.017936709205145982
halueval-7847,halueval,1,5,0.9848464887778088,0.0007976120547574788,0.014355899167433624,1.0,0.0,0.0,0.007975561638474292
halueval-5915,halueval,0,5,0.58169023987619,0.0823515791802276,0.33595818094358243,0.6,0.0,0.4,0.25033066965201883
halueval-9067,halueval,1,5,0.9901084354157449,0.0006034732497569204,0.00928809133449812,1.0,0.0,0.0,0.00524751891700598
halueval-7859,halueval,0,5,0.9578582634240463,0.008785783456355917,0.033355953119597714,1.0,0.0,0.0,0.025463760016154774
halueval-3463,halueval,1,5,0.9804389422560918,0.0039019346335619222,0.015659123110346042,1.0,0.0,0.0,0.011731496188734944
halueval-3559,halueval,1,5,0.9735217798665085,0.004913377797794145,0.02156484233569763,1.0,0.0,0.0,0.01569579896564296
halueval-9730,halueval,0,5,0.9672075457278991,0.0019880715690652716,0.030804382703035538,1.0,0.0,0.0,0.01739026292058304
halueval-8161,halueval,0,5,0.9819870123753776,0.00585793114883375,0.01215505647578861,1.0,0.0,0.0,0.011935459386728055
halueval-1379,halueval,0,5,0.9907992941083489,0.0010409545250640345,0.008159751366587075,1.0,0.0,0.0,0.005120830208357572
halueval-3059,halueval,0,5,0.9523281168461161,0.009112918152247032,0.03855896500163704,1.0,0.0,0.0,0.02839240065306555
halueval-1052,halueval,1,5,0.9871336667354054,0.0008046281995132574,0.012061705065081252,1.0,0.0,0.0,0.006835480732053883
halueval-6298,halueval,0,5,0.9717999671677504,0.0006133001477207364,0.02758673268452901,1.0,0.0,0.0,0.01440666648998524
halueval-3101,halueval,1,5,0.9883733298948275,0.0017579790826487943,0.009868691022523702,1.0,0.0,0.0,0.006692324593910646
halueval-7769,halueval,0,5,0.9701033300195435,0.004336293036043612,0.025560376944412943,1.0,0.0,0.0,0.017116481508250084
halueval-7445,halueval,1,5,0.9903566879204295,0.001739495943087219,0.00790381613648343,1.0,0.0,0.0,0.005691404011328934
halueval-1641,halueval,0,5,0.9332405323197787,0.0050300419267830365,0.06172942575343852,1.0,0.0,0.0,0.03589475480350229
halueval-9738,halueval,0,5,0.933573360667841,0.0019701969203160803,0.06445644241184298,1.0,0.0,0.0,0.03419841812623757
halueval-4789,halueval,1,5,0.9400470253268193,0.012332982359084865,0.04761999231409614,1.0,0.0,0.0,0.036142978516132934
halueval-244,halueval,0,5,0.982332955351515,0.00690248580282443,0.010764558845660839,1.0,0.0,0.0,0.012284765225654849
halueval-6578,halueval,1,5,0.9826993441391535,0.00042328314591742776,0.01687737271492914,1.0,0.0,0.0,0.008861969503381997
halueval-4658,halueval,0,5,0.7890760396880759,0.004179271362710178,0.20674468894921388,0.6,0.0,0.4,0.10755161583731712
halueval-1382,halueval,1,5,0.9688839686528933,0.005621247721829448,0.025494783625277323,1.0,0.0,0.0,0.018368639534468108
halueval-7514,halueval,1,5,0.9840493798069065,0.0028236724696881392,0.013126947723405443,1.0,0.0,0.0,0.009387146331390862
halueval-2145,halueval,1,5,0.9657033874104817,0.007336433354719547,0.026960179234798813,1.0,0.0,0.0,0.020816522972118952
halueval-7145,halueval,1,5,0.9477805920589486,0.012438532567592897,0.03978087537345873,1.0,0.0,0.0,0.03232897025432226
halueval-2619,halueval,1,5,0.838994840945789,0.14478038862204154,0.01622477043216964,1.0,0.0,0.0,0.15289277383812636
halueval-3056,halueval,0,5,0.5926576196112937,0.3942533558333932,0.013089024555313088,0.6,0.4,0.0,0.4007978681110498
halueval-7259,halueval,1,5,0.979244661701348,0.0026576932413328045,0.018097645057318933,1.0,0.0,0.0,0.011706515769992272
halueval-9994,halueval,1,5,0.9728328066763675,0.004040422871745241,0.023126770451887237,1.0,0.0,0.0,0.01560380809768886
halueval-1651,halueval,0,5,0.9864711432091718,0.0009086752247817916,0.012620181566046221,1.0,0.0,0.0,0.007218766007804902
halueval-4271,halueval,0,5,0.9885770328825465,0.0010453247531520425,0.01037764236430121,1.0,0.0,0.0,0.006234145935302648
halueval-8295,halueval,0,5,0.9727106328311692,0.005459535543933962,0.02182983162489701,1.0,0.0,0.0,0.016374451356382467
halueval-5735,halueval,0,5,0.969425345262261,0.0022277948289667953,0.02834685990877217,1.0,0.0,0.0,0.01640122478335288
halueval-7343,halueval,0,5,0.9847162616090926,0.0007007416480903379,0.01458299674281704,1.0,0.0,0.0,0.007992240019498859
halueval-7076,halueval,1,5,0.984552192001835,0.0017596031529931405,0.013688204845172098,1.0,0.0,0.0,0.00860370557557919
halueval-7190,halueval,1,5,0.9826465085091802,0.0007001301846661826,0.01665336130615339,1.0,0.0,0.0,0.009026810837742877
halueval-8745,halueval,0,5,0.9691037942019024,0.004428379128651924,0.02646782666944596,1.0,0.0,0.0,0.017662292463374904
halueval-7270,halueval,0,5,0.9266104676950256,0.01610199725054778,0.05728753505442648,1.0,0.0,0.0,0.044745764777761016
halueval-3283,halueval,1,5,0.9853910239050852,0.0024852232928152915,0.012123752802099552,1.0,0.0,0.0,0.008547099693865067
halueval-8456,halueval,1,5,0.9639494350770272,0.007949390833477014,0.02810117408949598,1.0,0.0,0.0,0.021999977878225004
halueval-5153,halueval,1,5,0.9882760205726397,0.0025608887830461296,0.009163090644314092,1.0,0.0,0.0,0.007142434105203176
halueval-6235,halueval,0,5,0.9847386695212854,0.003201181532907211,0.012060148945807436,1.0,0.0,0.0,0.009231256005810928
halueval-8815,halueval,0,5,0.9741971699188289,0.004337955518354141,0.021464874562817062,1.0,0.0,0.0,0.015070392799762671
halueval-905,halueval,1,5,0.988989293571436,0.001126412113791492,0.009884294314772609,1.0,0.0,0.0,0.006068559271177797
halueval-187,halueval,0,5,0.9873545533932001,0.001766832597318848,0.010878614009481216,1.0,0.0,0.0,0.007206139602059456
halueval-5850,halueval,0,5,0.965755609589193,0.0023143890246556252,0.03193000138615145,1.0,0.0,0.0,0.01827938971773135
halueval-469,halueval,0,5,0.9376956353726994,0.015796942819246235,0.0465074218080543,1.0,0.0,0.0,0.03905065372327338
halueval-5196,halueval,0,5,0.9842984443954859,0.0010841334868280802,0.014617422117685968,1.0,0.0,0.0,0.008392844545671064
halueval-7265,halueval,1,5,0.9893767654626654,0.001710771074672645,0.008912463462662024,1.0,0.0,0.0,0.0061670028060036575
halueval-7047,halueval,0,5,0.3935392307529663,0.5134704576021566,0.09299031164487707,0.4,0.6,0.0,0.5599656134245952
halueval-271,halueval,0,5,0.9806005470764495,0.0018062170591937698,0.017593235864356606,1.0,0.0,0.0,0.010602834991372073
halueval-2117,halueval,1,5,0.9875107875038823,0.0008364234542994307,0.011652789041818063,1.0,0.0,0.0,0.006662817975208462
halueval-5929,halueval,0,5,0.9801286050626439,0.0032762477414714623,0.016595147195884556,1.0,0.0,0.0,0.01157382133941374
halueval-6386,halueval,0,5,0.9700219888477214,0.005980789855699214,0.02399722129657945,1.0,0.0,0.0,0.01797940050398894
halueval-1043,halueval,0,5,0.9629531755931726,0.014187068623642229,0.022859755783185227,1.0,0.0,0.0,0.025616946515234842
halueval-2843,halueval,0,5,0.9833303170657158,0.0007225069179980899,0.015947176016286008,1.0,0.0,0.0,0.008696094926141094
halueval-9507,halueval,1,5,0.98765808269794,0.0025598471377208153,0.009782070164339364,1.0,0.0,0.0,0.007450882219890497
halueval-7956,halueval,1,5,0.9835149364286103,0.0019870241350861393,0.014498039436303716,1.0,0.0,0.0,0.009236043853237997
halueval-9698,halueval,1,5,0.9868460559838935,0.0021332114848024164,0.011020732531304098,1.0,0.0,0.0,0.007643577750454465
halueval-1393,halueval,0,5,0.9798068536028761,0.001008944238157284,0.019184202158966462,1.0,0.0,0.0,0.010601045317640514
halueval-4686,halueval,1,5,0.8929620051830808,0.033045527501119325,0.07399246731579986,1.0,0.0,0.0,0.07004176115901925
halueval-5445,halueval,1,5,0.9895457784651954,0.001847463948014285,0.008606757586790307,1.0,0.0,0.0,0.006150842741409438
halueval-9369,halueval,0,5,0.9438257954248502,0.021895868373733272,0.03427833620141659,1.0,0.0,0.0,0.039035036474441565
halueval-8417,halueval,1,5,0.9900238850308953,0.0010850564876945668,0.008891058481410152,1.0,0.0,0.0,0.005530585728399643
halueval-2797,halueval,1,5,0.9788184748221062,0.002519728224677344,0.01866179695321637,1.0,0.0,0.0,0.01185062670128553
halueval-3674,halueval,1,5,0.9146743294598549,0.0028253567087908253,0.08250031383135446,1.0,0.0,0.0,0.04407551362446806
halueval-8452,halueval,1,5,0.9435013212221264,0.01209388765637419,0.04440479112149908,1.0,0.0,0.0,0.03429628321712373
halueval-8532,halueval,0,5,0.976592142456227,0.006220270076013211,0.01718758746775994,1.0,0.0,0.0,0.014814063809893181
halueval-6985,halueval,1,5,0.93597969299181,0.01400801297967139,0.050012294028518325,1.0,0.0,0.0,0.039014159993930556
halueval-585,halueval,0,5,0.97486022065629,0.0014514010976054165,0.023688378246104563,1.0,0.0,0.0,0.013295590220657698
halueval-2129,halueval,1,5,0.983333747461247,0.00034211007799295456,0.016324142460760027,1.0,0.0,0.0,0.008504181308372967
halueval-4508,halueval,0,5,0.43495447246002883,0.45427929635751757,0.11076623118245348,0.4,0.6,0.0,0.5096624119487443
halueval-8381,halueval,1,5,0.9914121985190134,0.00133652085939418,0.007251280621592362,1.0,0.0,0.0,0.0049621611701903615
halueval-9386,halueval,0,5,0.9779889909759552,0.005153355619158076,0.016857653404886687,1.0,0.0,0.0,0.013582182321601419
halueval-7807,halueval,0,5,0.9809213476364465,0.004251143790060057,0.014827508573493456,1.0,0.0,0.0,0.011664898076806785
halueval-4112,halueval,0,5,0.9836254783283286,0.00269833414491723,0.013676187526754358,1.0,0.0,0.0,0.009536427908294409
halueval-2197,halueval,1,5,0.9936407384443282,0.0012091175573873086,0.005150143998284512,1.0,0.0,0.0,0.0037841895565295645
halueval-5940,halueval,1,5,0.7457723055781356,0.006767165988144534,0.24746052843371985,1.0,0.0,0.0,0.13049743020500446
halueval-7465,halueval,0,5,0.9712655290710623,0.007252555658009236,0.021481915270928416,1.0,0.0,0.0,0.017993513293473443
halueval-3949,halueval,0,5,0.9839871524691702,0.0019116002300024182,0.014101247300827468,1.0,0.0,0.0,0.008962223880416152
halueval-1336,halueval,0,5,0.9762834152837495,0.007965407928631678,0.01575117678761887,1.0,0.0,0.0,0.01584099632244111
halueval-8565,halueval,1,5,0.991847259144531,0.001359382790216274,0.006793358065252821,1.0,0.0,0.0,0.004756061822842684
halueval-3895,halueval,0,5,0.9758964065361914,0.003941067885220521,0.02016252557858813,1.0,0.0,0.0,0.014022330674514586
halueval-7261,halueval,1,5,0.9826947700015355,0.001196205839693831,0.016109024158770704,1.0,0.0,0.0,0.009250717919079183
halueval-4138,halueval,1,5,0.9648141337105549,0.0021041520640871373,0.03308171422535764,1.0,0.0,0.0,0.018645009176765957
halueval-380,halueval,1,5,0.983333747461247,0.00034211007799295456,0.016324142460760027,1.0,0.0,0.0,0.008504181308372967
halueval-5582,halueval,0,5,0.9813995171393506,0.005042568280010646,0.013557914580638857,1.0,0.0,0.0,0.011821525570330074
halueval-2427,halueval,0,5,0.9845341796854005,0.0026502780077981357,0.012815542306801481,1.0,0.0,0.0,0.009058049161198876
halueval-8666,halueval,1,5,0.9904083495101478,0.0011988344376574563,0.008392816052194673,1.0,0.0,0.0,0.005395242463754793
halueval-715,halueval,0,5,0.97608002843355,0.003360321802723959,0.020559649763725867,1.0,0.0,0.0,0.013640146684586893
halueval-6861,halueval,1,5,0.8332659821150991,0.08378903762224951,0.08294498026265132,1.0,0.0,0.0,0.12526152775357519
halueval-2437,halueval,0,5,0.9892304120646918,0.0015132011457711526,0.009256386789536978,1.0,0.0,0.0,0.006141394540539641
halueval-1441,halueval,1,5,0.9630377936621285,0.0013949224190242702,0.03556728391884727,1.0,0.0,0.0,0.019178564378447904
halueval-8627,halueval,1,5,0.9542903649518466,0.008103640507118703,0.03760599454103443,1.0,0.0,0.0,0.026906637777635918
halueval-9062,halueval,0,5,0.9845320406578381,0.004522105564079862,0.010945853778081991,1.0,0.0,0.0,0.009995032453120858
halueval-1848,halueval,0,5,0.5724957580987232,0.001387658596075782,0.42611658330520097,0.2,0.0,0.8,0.21444595024867627
halueval-4277,halueval,0,5,0.9891500988015268,0.002076572885132719,0.008773328313340408,1.0,0.0,0.0,0.006463237041802922
halueval-7074,halueval,0,5,0.9775786914967185,0.0011865019317191168,0.021234806571562535,1.0,0.0,0.0,0.011803905217500384
halueval-1201,halueval,0,5,0.9615323816294501,0.0012984988775405198,0.0371691194930095,1.0,0.0,0.0,0.01988305862404527
halueval-9089,halueval,0,5,0.9599481818123807,0.002503015701056992,0.03754880248656211,1.0,0.0,0.0,0.021277416944338046
halueval-161,halueval,1,5,0.9806228231818885,0.0037222309140664406,0.01565494590404514,1.0,0.0,0.0,0.011549703866089011
halueval-3150,halueval,1,5,0.9450753502248774,0.0038825697168053596,0.05104208005831702,1.0,0.0,0.0,0.02940360974596387
halueval-8705,halueval,1,5,0.9640377085611096,0.003907756913053503,0.032054534525836724,1.0,0.0,0.0,0.019935024175971865
halueval-9238,halueval,0,5,0.9685724201901523,0.00398189764552985,0.027445682164317912,1.0,0.0,0.0,0.017704738727688806
halueval-5555,halueval,0,5,0.8771979032116356,0.04616294147486279,0.07663915531350148,1.0,0.0,0.0,0.08448251913161353
halueval-505,halueval,1,5,0.9889119806840012,0.001787375168516684,0.00930064414748183,1.0,0.0,0.0,0.0064376972422575994
halueval-9601,halueval,1,5,0.983333747461247,0.00034211007799295456,0.016324142460760027,1.0,0.0,0.0,0.008504181308372967
halueval-5692,halueval,1,5,0.9785421675800091,0.004292772733445456,0.01716505968654552,1.0,0.0,0.0,0.012875302576718217
halueval-5182,halueval,1,5,0.9827976125409428,0.0007961762816936705,0.016406211177363288,1.0,0.0,0.0,0.008999281870375315
halueval-5774,halueval,1,5,0.983021103874336,0.0004804070428985314,0.01649848908276527,1.0,0.0,0.0,0.008729651584281165
halueval-1022,halueval,1,5,0.9767548785992176,0.0044977653222277375,0.018747356078554787,1.0,0.0,0.0,0.013871443361505132
halueval-5089,halueval,1,5,0.9711965177322991,0.005963128026040326,0.022840354241660418,1.0,0.0,0.0,0.017383305146870535
halueval-2259,halueval,0,5,0.9340043757129941,0.01942060448227357,0.04657501980473249,1.0,0.0,0.0,0.04270811438463981
halueval-4560,halueval,1,5,0.9685976366309828,0.007180093873357258,0.024222269495660077,1.0,0.0,0.0,0.019291228621187297
halueval-8564,halueval,1,5,0.9913592566882163,0.0015891653847624307,0.00705157792702118,1.0,0.0,0.0,0.005114954348273021
halueval-6586,halueval,0,5,0.9913634538939062,0.002321933943030681,0.006314612163063121,1.0,0.0,0.0,0.005479240024562241
halueval-8022,halueval,0,5,0.9863567804576044,0.0035448056741695646,0.010098413868226118,1.0,0.0,0.0,0.008594012608282624
halueval-3313,halueval,0,5,0.9631353648287654,0.0031931720785034956,0.033671463092731405,1.0,0.0,0.0,0.0200289036248692
halueval-6455,halueval,1,5,0.9848476252898803,0.0007446226908131872,0.01440775201930634,1.0,0.0,0.0,0.007948498700466357
halueval-4056,halueval,1,5,0.9779072002517312,0.007120042475568666,0.014972757272700168,1.0,0.0,0.0,0.01460642111191875
halueval-4885,halueval,1,5,0.9900640684869375,0.001745055335203465,0.008190876177859236,1.0,0.0,0.0,0.005840493424133083
halueval-3057,halueval,0,5,0.8562989927799407,0.12258482711250515,0.021116180107554137,1.0,0.0,0.0,0.1331429171662822
halueval-1800,halueval,1,5,0.9441380202043538,0.02426338070973689,0.03159859908590936,1.0,0.0,0.0,0.040062680252691565
halueval-1699,halueval,0,5,0.9899318159167161,0.0012359201171819186,0.008832263966102248,1.0,0.0,0.0,0.005652052100233043
halueval-4268,halueval,1,5,0.9858756513305144,0.003225328083859094,0.01089902058562663,1.0,0.0,0.0,0.00867483837667241
halueval-6224,halueval,0,5,0.9870671878039238,0.003057334235707531,0.0098754779603685,1.0,0.0,0.0,0.007995073215891782
halueval-7278,halueval,1,5,0.9202833970050399,0.021529104113280885,0.0581874988816792,1.0,0.0,0.0,0.05062285355412048
halueval-6542,halueval,1,5,0.9588270408153008,0.009977059507759716,0.031195899676939486,1.0,0.0,0.0,0.025575009346229458
halueval-8120,halueval,0,5,0.9512363450463328,0.004729780360824683,0.04403387459284257,1.0,0.0,0.0,0.026746717657245966
halueval-1770,halueval,0,5,0.9567859462613454,0.008212197650713307,0.035001856087941166,1.0,0.0,0.0,0.02571312569468389
halueval-5616,halueval,1,5,0.9307723041548055,0.002219220535260369,0.06700847530993416,1.0,0.0,0.0,0.03572345819022745
halueval-4798,halueval,1,5,0.9019236524685773,0.0335673045773454,0.06450904295407735,1.0,0.0,0.0,0.06582182605438408
halueval-9542,halueval,1,5,0.970449714247924,0.0016317370702245884,0.027918548681850997,1.0,0.0,0.0,0.015591011411150086
halueval-987,halueval,0,5,0.9650238583764148,0.004905598461350893,0.03007054316223437,1.0,0.0,0.0,0.019940870042468077
halueval-7725,halueval,0,5,0.9934924277847195,0.0007625728689440328,0.005744999346336643,1.0,0.0,0.0,0.0036350725421123546
halueval-6995,halueval,1,5,0.9825378226599163,0.004474437456776273,0.012987739883307542,1.0,0.0,0.0,0.010968307398430042
halueval-5982,halueval,1,5,0.9811638173242858,0.005300519852368795,0.013535662823345266,1.0,0.0,0.0,0.012068351264041429
halueval-7169,halueval,1,5,0.4533573360299762,0.4854393512917282,0.061203312678295485,0.4,0.6,0.0,0.5160410076308759
halueval-1874,halueval,0,5,0.9917348865075033,0.0007302384256252816,0.007534875066871253,1.0,0.0,0.0,0.004497675959060908
halueval-6090,halueval,0,5,0.9433506416917915,0.002143836930730021,0.05450552137747868,1.0,0.0,0.0,0.02939659761946936
halueval-4527,halueval,1,5,0.985144335631791,0.002903976600826158,0.011951687767382814,1.0,0.0,0.0,0.008879820484517565
halueval-4794,halueval,1,5,0.9149486602380821,0.024893513601718677,0.060157826160199414,1.0,0.0,0.0,0.054972426681818384
halueval-51,halueval,0,5,0.9698323745615005,0.0020786926731295144,0.028088932765370007,1.0,0.0,0.0,0.016123159055814518
halueval-3130,halueval,0,5,0.9880373424950465,0.0019367479974579753,0.010025909507495306,1.0,0.0,0.0,0.006949702751205628
halueval-5564,halueval,0,5,0.9769082069841719,0.0006796101848758598,0.022412182830952195,1.0,0.0,0.0,0.011885701600351958
halueval-5904,halueval,1,5,0.9783884336588342,0.006691751407251331,0.014919814933914591,1.0,0.0,0.0,0.014151658874208627
halueval-666,halueval,1,5,0.792442966920484,0.0034033647561195193,0.20415366832339651,0.6,0.0,0.4,0.10548019891781778
halueval-3180,halueval,1,5,0.9644135980196917,0.009113074006876332,0.02647332797343177,1.0,0.0,0.0,0.022349737993592217
halueval-102,halueval,1,5,0.9694526249665231,0.001377621866036808,0.029169753167440367,1.0,0.0,0.0,0.01596249844975699
halueval-1780,halueval,1,5,0.9788834449523465,0.0016102890330187772,0.01950626601463445,1.0,0.0,0.0,0.011363422040336003
halueval-7326,halueval,0,5,0.983333747461247,0.00034211007799295456,0.016324142460760027,1.0,0.0,0.0,0.008504181308372967
halueval-3963,halueval,1,5,0.983333747461247,0.00034211007799295456,0.016324142460760027,1.0,0.0,0.0,0.008504181308372967
halueval-935,halueval,1,5,0.9820942115143885,0.004902228572552089,0.01300355991305947,1.0,0.0,0.0,0.011404008529081824
halueval-8967,halueval,1,5,0.983333747461247,0.00034211007799295456,0.016324142460760027,1.0,0.0,0.0,0.008504181308372967
halueval-8973,halueval,1,5,0.9571131488514959,0.002797103605850442,0.04008974754265342,1.0,0.0,0.0,0.02284197737717715
halueval-5740,halueval,0,5,0.9754205762472019,0.0021491173992467445,0.022430306353551453,1.0,0.0,0.0,0.01336427057602247
halueval-7612,halueval,0,5,0.9652730694712724,0.013686770491773317,0.021040160036954116,1.0,0.0,0.0,0.024206850510250375
halueval-7263,halueval,0,5,0.9880341856489612,0.0008419087018891217,0.011123905649149867,1.0,0.0,0.0,0.006403861526464056
halueval-6592,halueval,0,5,0.9821046577618325,0.003417433368956992,0.014477908869210462,1.0,0.0,0.0,0.010656387803562224
halueval-4514,halueval,1,5,0.6150455080616914,0.25518910936820577,0.12976538257010273,0.4,0.6,0.0,0.32007180065325713
halueval-2565,halueval,0,5,0.844718488315516,0.07576340606698166,0.0795181056175025,1.0,0.0,0.0,0.11552245887573291
halueval-3372,halueval,1,5,0.9281026438562666,0.02245349575762341,0.04944386038611008,1.0,0.0,0.0,0.047175425950678446
halueval-7171,halueval,0,5,0.9878007614704934,0.0018962159612877405,0.010303022568218967,1.0,0.0,0.0,0.0070477272453972235
halueval-2467,halueval,1,5,0.9798123344943669,0.006117321473919656,0.01407034403171357,1.0,0.0,0.0,0.013152493489776441
halueval-8330,halueval,0,5,0.9873579117010222,0.0018502890257909607,0.010791799273186794,1.0,0.0,0.0,0.007246188662384358
halueval-9671,halueval,1,5,0.9861968882947171,0.003326014716814833,0.010477096988468045,1.0,0.0,0.0,0.008564563211048856
halueval-6465,halueval,1,5,0.9884482514098842,0.0012193614373100035,0.010332387152805923,1.0,0.0,0.0,0.006385555013712965
halueval-6103,halueval,1,5,0.9866480267642764,0.0033029819462235947,0.010048991289500072,1.0,0.0,0.0,0.008327477590973631
halueval-475,halueval,1,5,0.7119252315670552,0.07308950554469049,0.21498526288825426,1.0,0.0,0.0,0.18058213698881762
halueval-9060,halueval,1,5,0.9869172311332518,0.0007927196526697211,0.012290049214078292,1.0,0.0,0.0,0.006937744259708867
halueval-4121,halueval,1,5,0.9823015581699476,0.000716923573247503,0.016981518256804776,1.0,0.0,0.0,0.009207682701649891
halueval-2109,halueval,1,5,0.9187623118527863,0.03047983210137885,0.050757856045834625,1.0,0.0,0.0,0.055858760124296164
halueval-3298,halueval,0,5,0.971914541586116,0.00254359562157853,0.02554186279230559,1.0,0.0,0.0,0.015314527017731325
halueval-4495,halueval,0,5,0.9916002931385505,0.0017713999415477205,0.006628306919901755,1.0,0.0,0.0,0.005085553401498598
halueval-7533,halueval,1,5,0.9892128898310627,0.001693317092439609,0.009093793076497646,1.0,0.0,0.0,0.006240213630688432
halueval-7273,halueval,1,5,0.9873668456747973,0.003090160787833931,0.009542993537368776,1.0,0.0,0.0,0.007861657556518319
halueval-9666,halueval,0,5,0.9870425004098573,0.000896495739350403,0.012061003850792387,1.0,0.0,0.0,0.006926997664746596
halueval-6411,halueval,0,5,0.9406196677102214,0.0014957803875780514,0.057884551902200466,1.0,0.0,0.0,0.030438056338678285
halueval-7291,halueval,1,5,0.9836023204407894,0.004003761837277559,0.012393917721933061,1.0,0.0,0.0,0.01020072069824409
halueval-300,halueval,1,5,0.9832329341795132,0.0012081157575494386,0.015558950062937412,1.0,0.0,0.0,0.008987590789018144
halueval-9888,halueval,0,5,0.9667447161262401,0.009586791879736269,0.02366849199402326,1.0,0.0,0.0,0.0214210378767479
halueval-4650,halueval,0,5,0.9840388928807995,0.0038775722979820793,0.012083534821218392,1.0,0.0,0.0,0.009919339708591275
halueval-4684,halueval,0,5,0.9796755633616986,0.00333458499274709,0.016989851645554322,1.0,0.0,0.0,0.01182951081552425
halueval-1338,halueval,1,5,0.7750876039870647,0.0021162388402349934,0.22279615717270032,0.7,0.0,0.3,0.11351431742658516
halueval-7113,halueval,0,5,0.9716999208570074,0.006761528938284569,0.021538550204707956,1.0,0.0,0.0,0.017530804040638545
halueval-7299,halueval,0,5,0.9735623026946681,0.00382797653094214,0.022609720774389747,1.0,0.0,0.0,0.015132836918137013
halueval-5841,halueval,1,5,0.9922826768072156,0.0006909403366953334,0.007026382856089304,1.0,0.0,0.0,0.004204131764739986
halueval-3953,halueval,0,5,0.9804926729444048,0.0010687309342454058,0.018438596121349786,1.0,0.0,0.0,0.010288028994920298
halueval-3037,halueval,0,5,0.9886169359742288,0.002831214749560762,0.008551849276210504,1.0,0.0,0.0,0.007107139387666014
halueval-554,halueval,1,5,0.9341934658380227,0.006689119149099543,0.05911741501287752,1.0,0.0,0.0,0.0362478266555383
halueval-1521,halueval,0,5,0.9838496157474814,0.0042398903249879485,0.011910493927530349,1.0,0.0,0.0,0.010195137288753122
halueval-9884,halueval,1,5,0.9831811204040413,0.0007738308391657711,0.01604504875679297,1.0,0.0,0.0,0.008796355217562257
halueval-952,halueval,1,5,0.9852174763641415,0.000565747770998426,0.014216775864860193,1.0,0.0,0.0,0.007674135703428522
halueval-223,halueval,1,5,0.9813779976731143,0.0033858772825698436,0.015236125044315827,1.0,0.0,0.0,0.011003939804727757
halueval-8843,halueval,0,5,0.9856405789074365,0.0036079767152665657,0.01075144437729666,1.0,0.0,0.0,0.008983698903914896
halueval-2360,halueval,1,5,0.9887370952439284,0.001510557996070866,0.009752346760000776,1.0,0.0,0.0,0.006386731376071254
halueval-6893,halueval,1,5,0.9792042095820607,0.003318316518180158,0.01747747389975924,1.0,0.0,0.0,0.012057053468059778
halueval-4923,halueval,1,5,0.9685153771932807,0.005647677031361662,0.0258369457753578,1.0,0.0,0.0,0.018566149919040563
halueval-1969,halueval,0,5,0.9826993441391535,0.00042328314591742776,0.01687737271492914,1.0,0.0,0.0,0.008861969503381997
halueval-6036,halueval,1,5,0.9784077138090019,0.0016858047635593966,0.01990648142743869,1.0,0.0,0.0,0.011639045477278741
halueval-7241,halueval,0,5,0.943934866529197,0.011174536682317115,0.044890596788486156,1.0,0.0,0.0,0.03361983507656019
halueval-846,halueval,0,5,0.9835544600564872,0.0019241841103244642,0.01452135583318844,1.0,0.0,0.0,0.009184862026918685
halueval-3268,halueval,1,5,0.6868991525569079,0.04361172852752468,0.2694891189155674,0.7,0.0,0.3,0.1783562879853084
halueval-8780,halueval,1,5,0.9637278925972425,0.0066025434522483965,0.029669563950509254,1.0,0.0,0.0,0.021437325427503023
halueval-8798,halueval,1,5,0.8180135945748119,0.0050243939322891515,0.17696201149289886,1.0,0.0,0.0,0.09350539967873858
halueval-487,halueval,1,5,0.9713588632209571,0.0043838725141765525,0.02425726426486622,1.0,0.0,0.0,0.016512504646609662
halueval-1648,halueval,0,5,0.6934979243536216,0.00369989553704542,0.30280218010933313,0.4,0.0,0.6,0.15510098559171198
halueval-2434,halueval,1,5,0.9463176703106047,0.0023390546669291544,0.05134327502246614,1.0,0.0,0.0,0.028010692178162225
halueval-4238,halueval,0,5,0.9877068778716598,0.003122244641970644,0.009170877486369368,1.0,0.0,0.0,0.007707683385155328
halueval-4839,halueval,0,5,0.9569395390022428,0.008936831732107336,0.03412362926564984,1.0,0.0,0.0,0.025998646364932255
halueval-9782,halueval,0,5,0.9784665040801002,0.0035803943131189767,0.017953101606780875,1.0,0.0,0.0,0.012556945116509413
halueval-7303,halueval,0,5,0.6865079146662056,0.2702303578781552,0.043261727455639096,0.6,0.4,0.0,0.2918612216059747
halueval-3702,halueval,0,5,0.9412058706096168,0.02099181600989657,0.03780231338048645,1.0,0.0,0.0,0.03989297270013979
halueval-3405,halueval,0,5,0.9741822565811977,0.00896434250129116,0.016853400917511092,1.0,0.0,0.0,0.017391042960046704
halueval-6756,halueval,1,5,0.9787573253414836,0.002283627405218896,0.01895904725329748,1.0,0.0,0.0,0.011763151031867636
halueval-3616,halueval,1,5,0.6887981802804719,0.0018951620898028608,0.30930665762972526,0.4,0.0,0.6,0.1565484909046655
halueval-1321,halueval,1,5,0.7787753746029471,0.006217564821932854,0.2150070605751199,0.6,0.0,0.4,0.1137210951094928
halueval-963,halueval,1,5,0.6312809332470511,0.27291901681840985,0.09580004993453886,0.6,0.4,0.0,0.32081904178567927
halueval-2921,halueval,0,5,0.9834801868762053,0.0007704225481784902,0.015749390575616168,1.0,0.0,0.0,0.008645117835986574
halueval-9013,halueval,1,5,0.7529197031958159,0.001080727624590785,0.24599956917959326,0.6,0.0,0.4,0.12408051221438741
halueval-634,halueval,0,5,0.7995588063414496,0.004047877949245394,0.19639331570930496,1.0,0.0,0.0,0.10224453580389788
halueval-9579,halueval,1,5,0.9491410601165686,0.004566370582577989,0.04629256930085355,1.0,0.0,0.0,0.027712655233004764
halueval-9781,halueval,0,5,0.9508163076269085,0.012788705724263874,0.036394986648827746,1.0,0.0,0.0,0.03098619904867775
halueval-2186,halueval,0,5,0.9791829972816034,0.0018518513249012678,0.01896515139349525,1.0,0.0,0.0,0.011334427021648892
halueval-5821,halueval,0,5,0.29087007089151795,0.6758774452207204,0.03325248388776174,0.3,0.7,0.0,0.6925036871646012
halueval-5265,halueval,1,5,0.9826993441391535,0.00042328314591742776,0.01687737271492914,1.0,0.0,0.0,0.008861969503381997
halueval-2454,halueval,1,5,0.9705178576046134,0.0047105433849565295,0.024771599010430197,1.0,0.0,0.0,0.017096342890171628
halueval-2285,halueval,1,5,0.931251154674451,0.022185076327975763,0.04656376899757313,1.0,0.0,0.0,0.045466960826762326
halueval-486,halueval,0,5,0.956133337899742,0.0009579205246940918,0.04290874157556383,1.0,0.0,0.0,0.022412291312476008
halueval-2726,halueval,1,5,0.9816182021035458,0.0018892650141035887,0.0164925328823508,1.0,0.0,0.0,0.01013553145527899
halueval-3954,halueval,0,5,0.9710727319870942,0.0010261898518828631,0.027901078161022736,1.0,0.0,0.0,0.014976728932394231
halueval-4711,halueval,0,5,0.96379848249812,0.008120349402819391,0.028081168099060843,1.0,0.0,0.0,0.02216093345234981
halueval-4659,halueval,0,5,0.983333747461247,0.00034211007799295456,0.016324142460760027,1.0,0.0,0.0,0.008504181308372967
halueval-5105,halueval,1,5,0.9880205759802221,0.0021351731672345883,0.009844250852543313,1.0,0.0,0.0,0.007057298593506244
halueval-6198,halueval,1,5,0.9592858709248324,0.0026318706827636205,0.038082258392404075,1.0,0.0,0.0,0.02167299987896566
halueval-7256,halueval,1,5,0.9895719935950138,0.0007327885625848024,0.009695217842401344,1.0,0.0,0.0,0.005580397483785474
halueval-5895,halueval,1,5,0.9551988627174154,0.013080679129810046,0.03172045815277448,1.0,0.0,0.0,0.028940908206197286
halueval-2080,halueval,1,5,0.983333747461247,0.00034211007799295456,0.016324142460760027,1.0,0.0,0.0,0.008504181308372967
halueval-1807,halueval,0,5,0.9795501025199501,0.002191174057712435,0.018258723422337395,1.0,0.0,0.0,0.011320535768881132
halueval-6383,halueval,0,5,0.9707620076457595,0.0031749308466898136,0.026063061507550812,1.0,0.0,0.0,0.01620646160046522
halueval-465,halueval,0,5,0.9829009140374619,0.0013372994449254167,0.015761786517612474,1.0,0.0,0.0,0.009218192703731653
halueval-198,halueval,1,5,0.9800695084004728,0.0013195633991110324,0.01861092820041623,1.0,0.0,0.0,0.010625027499319147
halueval-6081,halueval,0,5,0.9754098981995952,0.0026298010791033144,0.02196030072130134,1.0,0.0,0.0,0.013609951439753985
halueval-9423,halueval,1,5,0.9831701864006265,0.003786200765006848,0.013043612834366638,1.0,0.0,0.0,0.010308007182190167
halueval-1711,halueval,1,5,0.9914372655418322,0.000652722461755216,0.007910011996412374,1.0,0.0,0.0,0.004607728459961403
halueval-7820,halueval,1,5,0.9859910963613847,0.0029601918621445776,0.011048711776470644,1.0,0.0,0.0,0.008484547750379899
halueval-943,halueval,1,5,0.9315696140821006,0.01876385590618293,0.049666530011716545,1.0,0.0,0.0,0.0435971209120412
halueval-4702,halueval,1,5,0.9811071245885861,0.004288639607688924,0.014604235803724766,1.0,0.0,0.0,0.011590757509551308
halueval-4357,halueval,1,5,0.9438909599967271,0.008505248784289043,0.04760379121898388,1.0,0.0,0.0,0.03230714439378098
halueval-4262,halueval,1,5,0.8634288859138965,0.005398578101427631,0.13117253598467551,1.0,0.0,0.0,0.07098484609376539
halueval-6365,halueval,1,5,0.9808569240313817,0.003005904039065117,0.0161371719295533,1.0,0.0,0.0,0.011074490003841767
halueval-8479,halueval,0,5,0.6918325915761698,0.03168160291695681,0.2764858055068734,1.0,0.0,0.0,0.16992450567039352
halueval-5522,halueval,1,5,0.9852667074502157,0.0022935170184135165,0.012439775531370406,1.0,0.0,0.0,0.008513404784098719
halueval-5237,halueval,1,5,0.9786531489905107,0.0007129079286018702,0.020633943080887278,1.0,0.0,0.0,0.011029879469045508
halueval-3649,halueval,1,5,0.8572357575413683,0.00265871130923615,0.1401055311493956,1.0,0.0,0.0,0.07271147688393395
halueval-8097,halueval,1,5,0.8830624465928192,0.03516694393096302,0.08177060947621793,1.0,0.0,0.0,0.07605224866907198
halueval-2952,halueval,1,5,0.9379129165337995,0.015896957371536218,0.04619012609466424,1.0,0.0,0.0,0.03899202041886834
halueval-4358,halueval,0,5,0.5822081358747494,0.40106563905746323,0.016726225067787533,0.6,0.4,0.0,0.409428751591357
halueval-765,halueval,1,5,0.983333747461247,0.00034211007799295456,0.016324142460760027,1.0,0.0,0.0,0.008504181308372967
halueval-1075,halueval,1,5,0.7901157997639909,0.0014158281553130158,0.208468372080696,0.6,0.0,0.4,0.10565001419566102
halueval-1912,halueval,0,5,0.957354241035574,0.001654105604536221,0.040991653359889704,1.0,0.0,0.0,0.022149932284481075
halueval-7808,halueval,1,5,0.9860392207248868,0.0018121311462248085,0.012148648128888424,1.0,0.0,0.0,0.007886455210669021
halueval-749,halueval,0,5,0.9820816523888164,0.0024889821362700662,0.015429365474913434,1.0,0.0,0.0,0.010203664873726783
halueval-7952,halueval,1,5,0.9647365796023971,0.004565144150108351,0.03069827624749445,1.0,0.0,0.0,0.019914282273855576
halueval-97,halueval,1,5,0.9857282617543971,0.0031876271565676197,0.011084111089035478,1.0,0.0,0.0,0.008729682701085359
halueval-3863,halueval,0,5,0.9833939279020163,0.004028705431396002,0.01257736666658781,1.0,0.0,0.0,0.010317388764689907
halueval-2164,halueval,1,5,0.9689018712780075,0.0018458747428839908,0.029252253979108356,1.0,0.0,0.0,0.01647200173243817
halueval-8543,halueval,0,5,0.9633963535869127,0.0019093262399893286,0.034694320173097995,1.0,0.0,0.0,0.019256486326538327
halueval-4448,halueval,0,5,0.9636604482167636,0.0018082565271537328,0.0345312952560828,1.0,0.0,0.0,0.01907390415519513
halueval-1250,halueval,1,5,0.9547532065910163,0.0030863000557208213,0.042160493353262975,1.0,0.0,0.0,0.024166546732352308
halueval-1570,halueval,1,5,0.9779390651557648,0.004786034840274537,0.017274900003960696,1.0,0.0,0.0,0.013423484842254885
halueval-3260,halueval,1,5,0.9855875641044699,0.0014753389938379287,0.012937096901692017,1.0,0.0,0.0,0.007943887444683937
halueval-3275,halueval,1,5,0.9875068543360506,0.0029214087345120097,0.009571736929437493,1.0,0.0,0.0,0.007707277199230756
halueval-3498,halueval,0,5,0.9737636058020899,0.008692949958481066,0.01754344423942917,1.0,0.0,0.0,0.017464672078195652
halueval-8388,halueval,1,5,0.9504106291030153,0.011065403777741857,0.038523967119242684,1.0,0.0,0.0,0.030327387337363197
halueval-2043,halueval,1,5,0.6540817708705928,0.002839659983109988,0.34307856914629714,0.7,0.0,0.3,0.17437894455625855
halueval-9882,halueval,0,5,0.9743409512717877,0.0038303376142188273,0.021828711113993697,1.0,0.0,0.0,0.014744693171215677
halueval-8249,halueval,1,5,0.9514063199949445,0.0035241451943118104,0.04506953481074351,1.0,0.0,0.0,0.026058912599683563
halueval-4305,halueval,0,5,0.8473135476241724,0.04898683712638112,0.10369961524944635,1.0,0.0,0.0,0.10083664475110429
halueval-4433,halueval,0,5,0.9869320702662889,0.003961621061225414,0.009106308672485613,1.0,0.0,0.0,0.00851477539746822
halueval-491,halueval,0,5,0.9707928544165926,0.003934478081808793,0.025272667501598445,1.0,0.0,0.0,0.016570811832608015
halueval-4200,halueval,1,5,0.9883513049923275,0.0010514316019457706,0.010597263405726576,1.0,0.0,0.0,0.006350063304809059
halueval-2678,halueval,1,5,0.9830993217321323,0.0005556547893785672,0.01634502347848891,1.0,0.0,0.0,0.008728166528623021
halueval-7020,halueval,0,5,0.9736986909797961,0.011078678881048683,0.015222630139155275,1.0,0.0,0.0,0.018689993950626323
halueval-584,halueval,1,5,0.9828797201021668,0.004794990252242675,0.012325289645590567,1.0,0.0,0.0,0.010957635075037959
halueval-602,halueval,0,5,0.9391786534453305,0.01415879684482899,0.04666254970984056,1.0,0.0,0.0,0.03749007169974927
halueval-6435,halueval,0,5,0.9703511834220613,0.006431429562833888,0.02321738701510473,1.0,0.0,0.0,0.01804012307038625
halueval-6529,halueval,0,5,0.9571648731620941,0.0005733134492034543,0.04226181338870234,1.0,0.0,0.0,0.021704220143554626
halueval-4979,halueval,0,5,0.9826993441391535,0.00042328314591742776,0.01687737271492914,1.0,0.0,0.0,0.008861969503381997
halueval-3429,halueval,1,5,0.7878810284582487,0.014176568795067401,0.19794240274668393,1.0,0.0,0.0,0.11314777016840936
halueval-237,halueval,0,5,0.9551794031737076,0.009255190068690414,0.03556540675760182,1.0,0.0,0.0,0.027037893447491326
halueval-5891,halueval,1,5,0.9714753096550869,0.004104040501949002,0.024420649842964014,1.0,0.0,0.0,0.01631436542343101
halueval-8597,halueval,0,5,0.9912404952010674,0.0008451479045833375,0.007914356894349403,1.0,0.0,0.0,0.0048023263517580385
halueval-4599,halueval,0,5,0.9892015671594365,0.0024825443084592865,0.00831588853210437,1.0,0.0,0.0,0.006640488574511471
halueval-8957,halueval,0,5,0.9502639104761602,0.008239405478525103,0.0414966840453145,1.0,0.0,0.0,0.028987747501182354
halueval-5937,halueval,0,5,0.970696090135682,0.004608865902113499,0.02469504396220428,1.0,0.0,0.0,0.01695638788321564
halueval-209,halueval,1,5,0.9612485852733658,0.003298689140831637,0.03545272558580249,1.0,0.0,0.0,0.021025051933732882
halueval-9968,halueval,1,5,0.9860609072116068,0.0018801455748022485,0.012058947213590975,1.0,0.0,0.0,0.007909619181597737
halueval-3177,halueval,1,5,0.9518707352148625,0.01238894307398902,0.035740321711148444,1.0,0.0,0.0,0.03025910392956324
halueval-6753,halueval,0,5,0.983333747461247,0.00034211007799295456,0.016324142460760027,1.0,0.0,0.0,0.008504181308372967
halueval-8267,halueval,0,5,0.692712064016995,0.006395082701989635,0.3008928532810153,1.0,0.0,0.0,0.15684150934249727
halueval-859,halueval,1,5,0.9766665576150029,0.004732668535080973,0.018600773849916048,1.0,0.0,0.0,0.014033055460038997
halueval-6094,halueval,0,5,0.9781583769958125,0.00047398334749063607,0.021367639656697003,1.0,0.0,0.0,0.011157803175839138
halueval-159,halueval,0,5,0.9877141740603153,0.001641802752898023,0.010644023186786925,1.0,0.0,0.0,0.0069638143462914855
halueval-3255,halueval,0,5,0.9818807567318684,0.0023270237052930654,0.015792219562838574,1.0,0.0,0.0,0.010223133486712353
halueval-1913,halueval,0,5,0.9896596096907869,0.001154434085140875,0.00918595622407219,1.0,0.0,0.0,0.0057474121971769696
halueval-6231,halueval,0,5,0.9604096930206903,0.0019663663696667458,0.037623940609642754,1.0,0.0,0.0,0.020778336674488123
halueval-1243,halueval,0,5,0.9714410277558143,0.0019319336163075994,0.026627038627878036,1.0,0.0,0.0,0.015245452930246617
halueval-329,halueval,1,5,0.9825925878684174,0.0021151892935563485,0.015292222838026392,1.0,0.0,0.0,0.009761300712569546
halueval-2357,halueval,0,5,0.9842522990317202,0.0014131820443786726,0.014334518923901038,1.0,0.0,0.0,0.008580441506329192
halueval-2641,halueval,0,5,0.989769236234871,0.002038276736498523,0.008192487028630376,1.0,0.0,0.0,0.006134520250813711
halueval-916,halueval,1,5,0.9855888171674717,0.0005430492924424284,0.01386813354008581,1.0,0.0,0.0,0.0074771160624853335
halueval-7405,halueval,1,5,0.9684861404103404,0.0023154327231250742,0.029198426866534417,1.0,0.0,0.0,0.016914646156392283
halueval-3491,halueval,0,5,0.8440084518610291,0.07580825455461958,0.08018329358435129,1.0,0.0,0.0,0.11589990134679523
halueval-5457,halueval,0,5,0.787158143495535,0.10361939358695167,0.10922246291751328,1.0,0.0,0.0,0.1582306250457083
halueval-735,halueval,1,5,0.4059642564080491,0.44594895727363826,0.1480867863183128,0.4,0.6,0.0,0.5199923504327947
halueval-13,halueval,0,5,0.9865914380952553,0.0011993808480977599,0.012209181056646914,1.0,0.0,0.0,0.0073039713764212165
halueval-8634,halueval,1,5,0.9632038267985484,0.006037206994305178,0.030758966207146476,1.0,0.0,0.0,0.021416690097878416
halueval-6019,halueval,1,5,0.9852281778674117,0.0012707333859126404,0.01350108874667555,1.0,0.0,0.0,0.008021277759250415
halueval-6381,halueval,0,5,0.9840891746510996,0.0038636123648328282,0.012047212984067444,1.0,0.0,0.0,0.00988721885686655
halueval-4170,halueval,1,5,0.9778640411532841,0.00562803023496415,0.016507928611751786,1.0,0.0,0.0,0.013881994540840043
halueval-7773,halueval,1,5,0.9826993441391535,0.00042328314591742776,0.01687737271492914,1.0,0.0,0.0,0.008861969503381997
halueval-93,halueval,0,5,0.4540482875654761,0.40436797985421424,0.14158373258030965,0.6,0.4,0.0,0.47515984614436907
halueval-9205,halueval,0,5,0.9813248657384392,0.002942094588354029,0.015733039673206915,1.0,0.0,0.0,0.010808614424957487
halueval-68,halueval,0,5,0.9602387997750567,0.006494363921286031,0.033266836303657524,1.0,0.0,0.0,0.02312778207311479
halueval-2488,halueval,1,5,0.791675236454614,0.0010472195284336396,0.20727754401695236,1.0,0.0,0.0,0.10468599153690983
halueval-4108,halueval,1,5,0.9865568086546398,0.0012496360025316985,0.012193555342828543,1.0,0.0,0.0,0.00734641367394597
halueval-568,halueval,1,5,0.8993249928651075,0.07417249781102393,0.026502509323868422,1.0,0.0,0.0,0.08742375247295814
halueval-4479,halueval,1,5,0.9737232234630596,0.0008272418487949879,0.025449534688145266,1.0,0.0,0.0,0.013552009192867621
halueval-5199,halueval,1,5,0.9889058243268807,0.000767414605200291,0.010326761067919243,1.0,0.0,0.0,0.005930795139159913
halueval-600,halueval,0,5,0.9609886804363568,0.007019043998713082,0.03199227556493016,1.0,0.0,0.0,0.02301518178117816
halueval-1100,halueval,0,5,0.9514193757255562,0.007161819272477238,0.041418805001966714,1.0,0.0,0.0,0.027871221773460596
halueval-4517,halueval,0,5,0.9655629872448971,0.0007756841956285917,0.03366132855947452,1.0,0.0,0.0,0.01760634847536585
halueval-6766,halueval,0,5,0.9870456207155665,0.0016333435855746727,0.011321035698858898,1.0,0.0,0.0,0.007293861435004122
halueval-1502,halueval,0,5,0.9696332810513535,0.0036381265275566635,0.02672859242108991,1.0,0.0,0.0,0.017002422738101618
halueval-5625,halueval,0,5,0.9564422307848559,0.002521743524281499,0.0410360256908623,1.0,0.0,0.0,0.02303975636971265
halueval-6080,halueval,0,5,0.9795801718632442,0.0025684066494824935,0.017851421487273443,1.0,0.0,0.0,0.011494117393119216
halueval-1101,halueval,0,5,0.9905723636719997,0.0009925389234990106,0.008435097404501159,1.0,0.0,0.0,0.00521008762574959
halueval-473,halueval,0,5,0.986327578965492,0.002185038169723027,0.011487382864784988,1.0,0.0,0.0,0.007928729602115521
halueval-4131,halueval,1,5,0.9826993441391535,0.00042328314591742776,0.01687737271492914,1.0,0.0,0.0,0.008861969503381997
halueval-2707,halueval,0,5,0.9857145189047932,0.0020751201528625583,0.01221036094234421,1.0,0.0,0.0,0.008180300624034662
halueval-7327,halueval,1,5,0.6799178026874317,0.002228502458066473,0.3178536948545018,0.4,0.0,0.6,0.16115534988531738
halueval-6294,halueval,0,5,0.6739126217423739,0.005377082418489823,0.3207102958391363,0.6,0.0,0.4,0.16573223033805798
halueval-3120,halueval,1,5,0.3968776320140893,0.40079035261157137,0.20233201537433945,0.2,0.4,0.4,0.5019563602987411
halueval-1030,halueval,0,5,0.9818131449668936,0.003663525974623582,0.01452332905848274,1.0,0.0,0.0,0.010925190503864951
halueval-1021,halueval,0,5,0.9722106606431445,0.005974145988206683,0.021815193368648622,1.0,0.0,0.0,0.016881742672530994
halueval-5417,halueval,0,5,0.983333747461247,0.00034211007799295456,0.016324142460760027,1.0,0.0,0.0,0.008504181308372967
halueval-7373,halueval,0,5,0.9850397411096555,0.0034137112480136155,0.011546547642330967,1.0,0.0,0.0,0.009186985069179098
halueval-9107,halueval,0,5,0.9785744028783088,0.00812182504065639,0.013303772081034915,1.0,0.0,0.0,0.014773711081173847
halueval-2781,halueval,0,5,0.9873129330814822,0.0033805115781388893,0.009306555340378919,1.0,0.0,0.0,0.008033789248328349
halueval-4778,halueval,0,5,0.8923310875844853,0.022075100161926348,0.08559381225358839,1.0,0.0,0.0,0.06487200628872054
halueval-9075,halueval,0,5,0.9876645894984539,0.0032955958603311866,0.009039814641214772,1.0,0.0,0.0,0.007815503180938573
halueval-7095,halueval,1,5,0.9888581478629577,0.0012083784242251038,0.009933473712817217,1.0,0.0,0.0,0.006175115280633713
halueval-9315,halueval,0,5,0.9718340507586894,0.0017648656414994356,0.026401083599811182,1.0,0.0,0.0,0.014965407441405027
halueval-3432,halueval,1,5,0.6828927315573152,0.06489144031658517,0.25221582812609955,1.0,0.0,0.0,0.19099935437963494
halueval-5538,halueval,1,5,0.9754928281344307,0.010295882799456077,0.014211289066113223,1.0,0.0,0.0,0.017401527332512687
halueval-3530,halueval,1,5,0.23570456527123818,0.688605354482047,0.07569008024671481,0.3,0.7,0.0,0.7264503946054044
halueval-1569,halueval,0,5,0.975334201324497,0.00310769396697918,0.021558104708523707,1.0,0.0,0.0,0.013886746321241032
halueval-752,halueval,0,5,0.9894969411682213,0.0007645817888724784,0.009738477042906316,1.0,0.0,0.0,0.005633820310325636
halueval-4429,halueval,1,5,0.9795156699315714,0.0022947739286676766,0.018189556139760928,1.0,0.0,0.0,0.011389551998548141
halueval-2531,halueval,1,5,0.9034556731878702,0.021864862750243765,0.0746794640618862,1.0,0.0,0.0,0.059204594781186864
halueval-8920,halueval,0,5,0.9901977828846255,0.0006616303928151725,0.00914058672255932,1.0,0.0,0.0,0.005231923754094833
halueval-7433,halueval,0,5,0.9867954271201936,0.0012808814924635775,0.011923691387343015,1.0,0.0,0.0,0.007242727186135086
halueval-3349,halueval,1,5,0.9780241497179194,0.005580329343649129,0.016395520938431416,1.0,0.0,0.0,0.013778089812864838
halueval-3086,halueval,1,5,0.9772981508729066,0.002982705950275032,0.019719143176818436,1.0,0.0,0.0,0.01284227753868425
halueval-4253,halueval,1,5,0.9909990201087491,0.001686882549058617,0.007314097342192488,1.0,0.0,0.0,0.005343931220154861
halueval-573,halueval,1,5,0.8953421000376769,0.0397386160237521,0.06491928393857102,1.0,0.0,0.0,0.07219825799303761
halueval-3238,halueval,0,5,0.9567500315560686,0.010433355920566465,0.032816612523364916,1.0,0.0,0.0,0.026841662182248923
halueval-1322,halueval,0,5,0.6937671698594281,0.00963347464827145,0.29659935549230043,1.0,0.0,0.0,0.15793315239442166
halueval-9673,halueval,0,5,0.9095048863544635,0.032923971537602834,0.05757114210793389,1.0,0.0,0.0,0.06170954259156978
halueval-8236,halueval,1,5,0.9695658041821726,0.00504519459039743,0.025389001227429802,1.0,0.0,0.0,0.01773969520411233
halueval-3833,halueval,1,5,0.9496467997378023,0.0014657309763110708,0.0488874692858865,1.0,0.0,0.0,0.02590946561925432
halueval-2234,halueval,0,5,0.7910559236082293,0.002699210460766503,0.20624486593100425,0.6,0.0,0.4,0.10582164342626862
halueval-1035,halueval,1,5,0.9858031963471413,0.0025833362881800244,0.011613467364678668,1.0,0.0,0.0,0.00839006997051936
halueval-3815,halueval,0,5,0.9653264702174372,0.002823898541903792,0.03184963124065916,1.0,0.0,0.0,0.018748714162233372
halueval-1880,halueval,0,5,0.9211035873195037,0.031318317507451905,0.047578095173044434,1.0,0.0,0.0,0.055107365093974126
halueval-3328,halueval,0,5,0.6925801357209573,0.008034003446010813,0.29938586083303187,1.0,0.0,0.0,0.15772693386252676
halueval-6569,halueval,1,5,0.9884810492313975,0.0017889504328224407,0.00973000033578011,1.0,0.0,0.0,0.006653950600712496
halueval-5428,halueval,0,5,0.9620749630981391,0.007004490677736415,0.030920546224124525,1.0,0.0,0.0,0.022464763789798677
halueval-4546,halueval,0,5,0.9826993441391535,0.00042328314591742776,0.01687737271492914,1.0,0.0,0.0,0.008861969503381997
halueval-2881,halueval,0,5,0.970048481364627,0.0033655257677004656,0.026585992867672527,1.0,0.0,0.0,0.01665852220153673
halueval-1044,halueval,1,5,0.6448447379717924,0.0021078570273252257,0.35304740500088233,0.3,0.0,0.7,0.17863155952776638
halueval-739,halueval,0,5,0.9848734381742584,0.002611948308156436,0.01251461351758503,1.0,0.0,0.0,0.008869255066948951
halueval-1371,halueval,0,5,0.9729059351303055,0.004527818091273619,0.022566246778420784,1.0,0.0,0.0,0.015810941480484012
halueval-3384,halueval,1,5,0.9496467997378023,0.0014657309763110708,0.0488874692858865,1.0,0.0,0.0,0.02590946561925432
halueval-2645,halueval,1,5,0.9855216957761964,0.002172522618038568,0.012305781605765075,1.0,0.0,0.0,0.008325413420921106
halueval-4156,halueval,1,5,0.9905079958425034,0.001427061657503513,0.008064942499992818,1.0,0.0,0.0,0.005459532907499922
halueval-1450,halueval,0,5,0.9750183109168541,0.007450125465173457,0.01753156361797225,1.0,0.0,0.0,0.016215907274159582
halueval-9559,halueval,0,5,0.9701731515812158,0.003956610342237583,0.025870238076546682,1.0,0.0,0.0,0.016891729380510923
halueval-1661,halueval,0,5,0.9879977835139,0.00197327009884634,0.010028946387253624,1.0,0.0,0.0,0.006987743292473152
halueval-5491,halueval,1,5,0.9867904609950301,0.0029730555003665447,0.010236483504603208,1.0,0.0,0.0,0.008091297252668148
halueval-3934,halueval,1,5,0.9612263352484304,0.0043490965916124285,0.03442456815995718,1.0,0.0,0.0,0.02156138067159102
halueval-3208,halueval,1,5,0.9722810586948475,0.012725286404745134,0.014993654900407275,1.0,0.0,0.0,0.02022211385494877
halueval-2486,halueval,1,5,0.6949645573790895,0.1652032541988226,0.13983218842208803,1.0,0.0,0.0,0.2351193484098666
halueval-6575,halueval,1,5,0.9826993441391535,0.00042328314591742776,0.01687737271492914,1.0,0.0,0.0,0.008861969503381997
halueval-2802,halueval,0,5,0.7455351837230599,0.0043563046793980474,0.25010851159754205,1.0,0.0,0.0,0.12941056047816907
halueval-9408,halueval,1,5,0.9507921745961386,0.010740626739841132,0.03846719866402016,1.0,0.0,0.0,0.029974226071851212
halueval-4417,halueval,1,5,0.9796895384653421,0.0006384858462733021,0.019671975688384545,1.0,0.0,0.0,0.010474473690465575
halueval-4415,halueval,0,5,0.9898022663582928,0.0008842201419484115,0.009313513499758707,1.0,0.0,0.0,0.005540976891827765
halueval-8221,halueval,1,5,0.9844455095881883,0.004467915310295336,0.011086575101516064,1.0,0.0,0.0,0.010011202861053368
halueval-8556,halueval,0,5,0.9302295472649554,0.01905081914198784,0.050719633593056715,1.0,0.0,0.0,0.0444106359385162
halueval-9099,halueval,0,5,0.9807035152814171,0.002944673146683054,0.016351811571899934,1.0,0.0,0.0,0.011120578932633022
halueval-6450,halueval,1,5,0.9641343480539819,0.00698426048328925,0.028881391462729073,1.0,0.0,0.0,0.021424956214653786
halueval-6688,halueval,0,5,0.8671837100920572,0.0276522791428149,0.10516401076512798,1.0,0.0,0.0,0.0802342845253789
halueval-6155,halueval,1,5,0.9549770307036857,0.0063160482699019275,0.03870692102641237,1.0,0.0,0.0,0.025669508783108114
halueval-9087,halueval,1,5,0.7901580616931252,0.002036631394402112,0.2078053069124727,0.6,0.0,0.4,0.10593928485063847
halueval-1624,halueval,0,5,0.9893718068092922,0.0009308894904581805,0.009697303700249568,1.0,0.0,0.0,0.005779541340582965
halueval-4204,halueval,1,5,0.688056205365501,0.12256547959285413,0.18937831504164482,1.0,0.0,0.0,0.21725463711367654
halueval-3651,halueval,1,5,0.9896156717075801,0.0023188084369375325,0.008065519855482567,1.0,0.0,0.0,0.006351568364678816
halueval-836,halueval,1,5,0.9294226699771416,0.020151328776652343,0.050426001246206054,1.0,0.0,0.0,0.04536432939975537
halueval-2841,halueval,1,5,0.9410124450269721,0.00563721425853423,0.05335034071449345,1.0,0.0,0.0,0.032312384615780954
halueval-6301,halueval,0,5,0.983333747461247,0.00034211007799295456,0.016324142460760027,1.0,0.0,0.0,0.008504181308372967
halueval-4428,halueval,1,5,0.9726104882070065,0.006733263140298366,0.02065624865269523,1.0,0.0,0.0,0.017061387466645983
halueval-6055,halueval,1,5,0.9835602141430935,0.0007026315299507038,0.015737154326955983,1.0,0.0,0.0,0.008571208693428695
halueval-178,halueval,0,5,0.979986926646647,0.0057266494531394005,0.014286423900213733,1.0,0.0,0.0,0.012869861403246266
halueval-9744,halueval,0,5,0.9699995002641234,0.008939174091234124,0.02106132564464253,1.0,0.0,0.0,0.01946983691355539
halueval-5045,halueval,1,5,0.9860992780692545,0.003310839097961439,0.010589882832784015,1.0,0.0,0.0,0.008605780514353447
halueval-5235,halueval,1,5,0.9813257651608025,0.003940921106925093,0.01473331373227239,1.0,0.0,0.0,0.011307577973061287
halueval-9171,halueval,0,5,0.9658682417407048,0.013558319393008911,0.020573438866286316,1.0,0.0,0.0,0.02384503882615207
halueval-4267,halueval,0,5,0.9090062503674448,0.03786327650092345,0.05313047313163164,1.0,0.0,0.0,0.06442851306673927
halueval-8766,halueval,0,5,0.983333747461247,0.00034211007799295456,0.016324142460760027,1.0,0.0,0.0,0.008504181308372967
halueval-9023,halueval,0,5,0.9857564293174308,0.0006001493218966256,0.013643421360672628,1.0,0.0,0.0,0.00742186000223294
halueval-3264,halueval,1,5,0.9222235144188897,0.025863116667661435,0.05191336891344887,1.0,0.0,0.0,0.05181980112438587
halueval-9005,halueval,1,5,0.9742853951861864,0.0024776467970692617,0.023236958016744084,1.0,0.0,0.0,0.014096125805441303
halueval-8930,halueval,0,5,0.9624092238630759,0.0037900380617245585,0.033800738075199795,1.0,0.0,0.0,0.020690407099324456
halueval-4735,halueval,1,5,0.9850128413866728,0.0006578501162804194,0.014329308497046953,1.0,0.0,0.0,0.007822504364803896
halueval-6672,halueval,0,5,0.9502994332206558,0.010840612800125948,0.038859953979218084,1.0,0.0,0.0,0.03027058978973499
halueval-8758,halueval,0,5,0.9243802289811777,0.0010905830038867002,0.07452918801493558,1.0,0.0,0.0,0.03835517701135449
halueval-7337,halueval,0,5,0.9566245673615853,0.003295896718954097,0.04007953591946055,1.0,0.0,0.0,0.02333566467868437
halueval-4113,halueval,1,5,0.985869877480701,0.0026676767415986,0.011462445777700347,1.0,0.0,0.0,0.008398899630448774
halueval-3455,halueval,1,5,0.9819805742696852,0.003366586601574223,0.01465283912874039,1.0,0.0,0.0,0.01069300616594442
halueval-3902,halueval,0,5,0.9830993217321323,0.0005556547893785672,0.01634502347848891,1.0,0.0,0.0,0.008728166528623021
halueval-9400,halueval,0,5,0.8645692424093235,0.05484073850728457,0.08059001908339206,1.0,0.0,0.0,0.09513574804898059
halueval-8390,halueval,0,5,0.975266404979282,0.003792710675617496,0.02094088434510042,1.0,0.0,0.0,0.014263152848167706
halueval-1216,halueval,1,5,0.9858255678614259,0.00335245222061051,0.01082197991796358,1.0,0.0,0.0,0.0087634421795923
halueval-5195,halueval,1,5,0.9859632979166932,0.0026973532560472624,0.011339348827259798,1.0,0.0,0.0,0.008367027669677162
halueval-9292,halueval,1,5,0.9826993441391535,0.00042328314591742776,0.01687737271492914,1.0,0.0,0.0,0.008861969503381997
halueval-9794,halueval,0,5,0.9902152443213902,0.0017517463697629577,0.008033009308846999,1.0,0.0,0.0,0.005768251024186457
halueval-2879,halueval,0,5,0.983333747461247,0.00034211007799295456,0.016324142460760027,1.0,0.0,0.0,0.008504181308372967
halueval-6788,halueval,0,5,0.9763848573852588,0.001342721191571972,0.02227242142316913,1.0,0.0,0.0,0.012478931903156536
halueval-391,halueval,1,5,0.9433270122025966,0.015530208870076482,0.04114277892732675,1.0,0.0,0.0,0.036101598333739854
halueval-8460,halueval,1,5,0.5954301843800298,0.3859096719427212,0.018660143677248955,0.6,0.4,0.0,0.3952397437813457
halueval-3526,halueval,0,5,0.9253128524663529,0.010451533567358213,0.06423561396628907,1.0,0.0,0.0,0.04256934055050275
halueval-9814,halueval,0,5,0.9890280920107261,0.0028063263175645533,0.008165581671709254,1.0,0.0,0.0,0.00688911715341918
halueval-3071,halueval,1,5,0.9712115583173435,0.007842920762341266,0.02094552092031515,1.0,0.0,0.0,0.01831568122249884
halueval-1423,halueval,1,5,0.9817726490690767,0.0028459700378947145,0.015381380893028648,1.0,0.0,0.0,0.010536660484409039
halueval-9206,halueval,0,5,0.9893370273004397,0.001629501312784161,0.009033471386776184,1.0,0.0,0.0,0.0061462370061722525
halueval-4998,halueval,1,5,0.9874624081854521,0.002616817932046717,0.009920773882501399,1.0,0.0,0.0,0.007577204873297417
halueval-5164,halueval,0,5,0.9467116306960358,0.0064652123825107224,0.046823156921453515,1.0,0.0,0.0,0.02987679084323748
halueval-1316,halueval,0,5,0.3788263739944323,0.5970569568850403,0.024116669120527394,0.4,0.6,0.0,0.6091152914453041
halueval-6241,halueval,0,5,0.9171813494334614,0.033031431954497134,0.04978721861204137,1.0,0.0,0.0,0.05792504126051782
halueval-1881,halueval,1,5,0.9826993441391535,0.00042328314591742776,0.01687737271492914,1.0,0.0,0.0,0.008861969503381997
halueval-8156,halueval,1,5,0.2298249804172506,0.014541285023539977,0.7556337345592095,0.0,0.0,1.0,0.3923581523031447
halueval-4493,halueval,0,5,0.9872953782166258,0.00240556548751785,0.010299056295856335,1.0,0.0,0.0,0.0075550936354460176
halueval-7799,halueval,1,5,0.9876990378111422,0.0025974486718974483,0.009703513516960461,1.0,0.0,0.0,0.007449205430377678
halueval-2340,halueval,1,5,0.9693757278270103,0.0008461441224119917,0.029778128050577668,1.0,0.0,0.0,0.015735208147700824
halueval-7449,halueval,1,5,0.9696102044428045,0.0041699262867872,0.02621986927040837,1.0,0.0,0.0,0.017279860921991384
halueval-1851,halueval,0,5,0.8877083245369523,0.052387722991907096,0.05990395247114068,1.0,0.0,0.0,0.08233969922747744
halueval-3591,halueval,0,5,0.9708627147666007,0.007035379002545255,0.022101906230854,1.0,0.0,0.0,0.018086332117972254
halueval-3715,halueval,1,5,0.9267014771194766,0.02129116527823527,0.052007357602288064,1.0,0.0,0.0,0.0472948440793793
halueval-2478,halueval,0,5,0.838789669483978,0.0013639711868844028,0.15984635932913754,1.0,0.0,0.0,0.08128715085145317
halueval-977,halueval,1,5,0.9592975220248,0.009868164805757623,0.03083431316944229,1.0,0.0,0.0,0.025285321390478767
halueval-7254,halueval,0,5,0.9874364233564018,0.001730626853228458,0.010832949790369717,1.0,0.0,0.0,0.007147101748413317
halueval-8795,halueval,0,5,0.9212790053983403,0.004787072720502118,0.07393392188115742,1.0,0.0,0.0,0.04175403366108083
halueval-6551,halueval,0,5,0.9826993441391535,0.00042328314591742776,0.01687737271492914,1.0,0.0,0.0,0.008861969503381997
halueval-3446,halueval,1,5,0.6909531194790327,0.0026303191593854427,0.3064165613615818,0.4,0.0,0.6,0.15583859984017634
halueval-9163,halueval,0,5,0.9190120323152415,0.043263425410985844,0.03772454227377276,1.0,0.0,0.0,0.06212569654787223
halueval-495,halueval,1,5,0.9568741824024254,0.004267088230524061,0.03885872936705028,1.0,0.0,0.0,0.0236964529140492
halueval-5029,halueval,0,5,0.774772562129882,0.001890757219727791,0.2233366806503904,1.0,0.0,0.0,0.11355909754492298
halueval-5160,halueval,0,5,0.9360095604583372,0.02396085372840474,0.040029585813258176,1.0,0.0,0.0,0.043975646635033824
halueval-6107,halueval,0,5,0.983333747461247,0.00034211007799295456,0.016324142460760027,1.0,0.0,0.0,0.008504181308372967
halueval-1236,halueval,0,5,0.977928188720318,0.002966690548980119,0.01910512073070204,1.0,0.0,0.0,0.01251925091433114
halueval-2730,halueval,0,5,0.9874621275964166,0.0011345532281927906,0.011403319175390378,1.0,0.0,0.0,0.00683621281588798
halueval-314,halueval,1,5,0.9598906704035597,0.0030744353945243233,0.037034894201916184,1.0,0.0,0.0,0.021591882495482415
halueval-5698,halueval,1,5,0.9916991167166339,0.0007420761606196427,0.007558807122746235,1.0,0.0,0.0,0.00452147972199276
halueval-8746,halueval,1,5,0.9885515070732657,0.0005759127977298081,0.010872580129004623,1.0,0.0,0.0,0.006012202862232119
halueval-7574,halueval,1,5,0.9810095249809299,0.0005332480868575044,0.018457226932212533,1.0,0.0,0.0,0.00976186155296377
halueval-6027,halueval,0,5,0.9868176302677139,0.0007665979261486517,0.012415771806137354,1.0,0.0,0.0,0.0069744838292173286
halueval-7328,halueval,1,5,0.9745372075054244,0.004547564684306284,0.020915227810269135,1.0,0.0,0.0,0.015005178589440851
halueval-9058,halueval,1,5,0.9410801537996754,0.007470365668076612,0.05144948053224765,1.0,0.0,0.0,0.033195105934200435
halueval-4868,halueval,1,5,0.9661766644418067,0.011873135705515046,0.021950199852678324,1.0,0.0,0.0,0.02284823563185421
halueval-8864,halueval,0,5,0.9615323816294501,0.0012984988775405198,0.0371691194930095,1.0,0.0,0.0,0.01988305862404527
halueval-1471,halueval,0,5,0.9761233669897929,0.005032982553558081,0.01884365045664909,1.0,0.0,0.0,0.014454807781882626
halueval-4976,halueval,0,5,0.3612109289280594,0.3243943152585502,0.3143947558133904,0.4,0.4,0.2,0.4815916931652454
halueval-2244,halueval,0,5,0.9165821066708093,0.02866629920262249,0.054751594126568326,1.0,0.0,0.0,0.05604209626590666
halueval-7913,halueval,1,5,0.9797499664802309,0.004698871080518604,0.015551162439250366,1.0,0.0,0.0,0.012474452300143787
halueval-447,halueval,1,5,0.9841577134551713,0.002690791973835459,0.013151494570993624,1.0,0.0,0.0,0.009266539259332272
halueval-54,halueval,1,5,0.9903280140714525,0.0017064708005065476,0.007965515128041197,1.0,0.0,0.0,0.005689228364527146
halueval-160,halueval,0,5,0.9629633517948737,0.0017382267375747995,0.035298421467551584,1.0,0.0,0.0,0.01938743747135059
halueval-4510,halueval,0,5,0.9721886796903669,0.002778942749058636,0.025032377560574248,1.0,0.0,0.0,0.01529513152934576
halueval-3587,halueval,0,5,0.9809400052488553,0.0009462718548395085,0.018113722896305313,1.0,0.0,0.0,0.010003133302992165
halueval-5103,halueval,1,5,0.9608901564709769,0.007371135236325663,0.03173870829269766,1.0,0.0,0.0,0.023240489382674492
halueval-245,halueval,1,5,0.9775604795404945,0.004517463365600162,0.017922057093905215,1.0,0.0,0.0,0.01347849191255277
halueval-441,halueval,1,5,0.9874330669317788,0.0026269429763062903,0.009939990091914878,1.0,0.0,0.0,0.007596938022263729
halueval-1466,halueval,1,5,0.9758498815410273,0.0009061443659207434,0.023243974093052143,1.0,0.0,0.0,0.012528131412446814
halueval-7056,halueval,0,5,0.7722672365936198,0.00442432168277658,0.22330844172360353,0.6,0.0,0.4,0.11607854254457835
halueval-2522,halueval,0,5,0.9398133038724572,0.006173337380018878,0.0540133587475239,1.0,0.0,0.0,0.03318001675378083
halueval-4237,halueval,1,5,0.9665301510134313,0.0018895210921519377,0.03158032789441691,1.0,0.0,0.0,0.01767968503936039
halueval-64,halueval,1,5,0.9647057926806287,0.0009283163799640533,0.0343658909394073,1.0,0.0,0.0,0.0181112618496677
halueval-1837,halueval,1,5,0.9834980888198339,0.0038119395682365276,0.012689971611929422,1.0,0.0,0.0,0.010156925374201238
halueval-4905,halueval,0,5,0.9871359455126077,0.003262159659355151,0.009601894828037066,1.0,0.0,0.0,0.008063107073373684
halueval-787,halueval,0,5,0.9689036378693568,0.0011817763198716492,0.029914585810771315,1.0,0.0,0.0,0.01613906922525731
halueval-8686,halueval,0,5,0.9750597220168368,0.002104436765495676,0.02283584121766779,1.0,0.0,0.0,0.01352235737432957
halueval-5389,halueval,1,5,0.9833771940313293,0.0046533096730279454,0.011969496295642854,1.0,0.0,0.0,0.010638057820849372
halueval-4444,halueval,0,5,0.9772438262599124,0.0036078849417770223,0.019148288798310438,1.0,0.0,0.0,0.013182029340932242
halueval-1072,halueval,1,5,0.9721943021144893,0.005761197454009633,0.02204450043150108,1.0,0.0,0.0,0.01678344766976017
halueval-8407,halueval,1,5,0.9681146919876189,0.006168611868700704,0.025716696143680374,1.0,0.0,0.0,0.01902695994054089
halueval-7655,halueval,0,5,0.9842454447550477,0.0021487692562473988,0.013605785988705049,1.0,0.0,0.0,0.008951662250599924
halueval-7214,halueval,1,5,0.9778776049537896,0.00223202731461325,0.019890367731597282,1.0,0.0,0.0,0.01217721118041189
halueval-7658,halueval,0,5,0.9875587242145694,0.00139220316526776,0.011049072620162966,1.0,0.0,0.0,0.006916739475349243
halueval-2527,halueval,0,5,0.9682873132278965,0.007423344994208024,0.024289341777895313,1.0,0.0,0.0,0.01956801588315568
halueval-1631,halueval,1,5,0.9738305896330595,0.00473637102591317,0.021433039341027606,1.0,0.0,0.0,0.015452890696426972
halueval-2724,halueval,1,5,0.9618257487739378,0.007623440854974665,0.03055081037108743,1.0,0.0,0.0,0.02289884604051838
halueval-6334,halueval,1,5,0.9769849496942106,0.0065153664652874395,0.01649968384050219,1.0,0.0,0.0,0.014765208385538534
halueval-6682,halueval,0,5,0.9629418290600678,0.010644884365813304,0.026413286574118944,1.0,0.0,0.0,0.023851527652872774
halueval-3172,halueval,1,5,0.988852074438815,0.0018107307704407689,0.009337194790744421,1.0,0.0,0.0,0.006479328165812979
halueval-2068,halueval,0,5,0.9914578639841519,0.0010596926986112102,0.007482443317236897,1.0,0.0,0.0,0.004800914357229659
halueval-28,halueval,1,5,0.9826993441391535,0.00042328314591742776,0.01687737271492914,1.0,0.0,0.0,0.008861969503381997
halueval-1162,halueval,1,5,0.9631300451997726,0.007376255978257596,0.029493698821969856,1.0,0.0,0.0,0.022123105389242524
halueval-2025,halueval,1,5,0.9900080341170877,0.0019252803805954876,0.008066685502316841,1.0,0.0,0.0,0.005958623131753908
halueval-7127,halueval,0,5,0.6924255775624897,0.03394931762237052,0.27362510481513996,0.8,0.0,0.2,0.1707618700299405
halueval-1139,halueval,0,5,0.9803313080212982,0.0014246833142936154,0.018244008664408142,1.0,0.0,0.0,0.010546687646497686
halueval-3396,halueval,0,5,0.9701731515812158,0.003956610342237583,0.025870238076546682,1.0,0.0,0.0,0.016891729380510923
halueval-8098,halueval,0,5,0.990588351640872,0.0016951840924666096,0.007716464266661384,1.0,0.0,0.0,0.005553416225797301
halueval-7368,halueval,0,5,0.9829823917084995,0.001248150756107976,0.015769457535392377,1.0,0.0,0.0,0.009132879523804165
halueval-8544,halueval,0,5,0.981613094989766,0.004504105300161188,0.01388279971007272,1.0,0.0,0.0,0.011445505155197547
halueval-7185,halueval,0,5,0.9539719246480244,0.001106544635261959,0.04492153071671356,1.0,0.0,0.0,0.023567309993618737
halueval-3345,halueval,1,5,0.9743813628803124,0.005749868304143332,0.019868768815544096,1.0,0.0,0.0,0.01568425271191538
halueval-7650,halueval,1,5,0.9787668343776588,0.003993761297245742,0.017239404325095443,1.0,0.0,0.0,0.012613463459793464
halueval-2290,halueval,1,5,0.9745092321205403,0.0023231610844937755,0.023167606794965857,1.0,0.0,0.0,0.013906964481976704
halueval-6511,halueval,0,5,0.9903693505532944,0.0008505197185603358,0.008780129728145058,1.0,0.0,0.0,0.005240584582632864
halueval-1474,halueval,1,5,0.9541807138219788,0.003929258636035157,0.041890027541985966,1.0,0.0,0.0,0.02487427240702814
halueval-3093,halueval,0,5,0.9645228067248611,0.005733797963033269,0.02974339531210555,1.0,0.0,0.0,0.020605495619086044
halueval-362,halueval,1,5,0.4397374855556067,0.2800131341641282,0.280249380280265,0.7,0.3,0.0,0.4201378243042607
halueval-2776,halueval,1,5,0.6533481178970808,0.320133380356389,0.026518501746530133,0.6,0.4,0.0,0.33339263122965407
halueval-7958,halueval,1,5,0.5985263241391154,0.0018246075254688791,0.39964906833541564,0.6,0.0,0.4,0.2016491416931767
halueval-1273,halueval,0,5,0.9630377936621285,0.0013949224190242702,0.03556728391884727,1.0,0.0,0.0,0.019178564378447904
halueval-9214,halueval,1,5,0.966874930248838,0.004140124077372883,0.02898494567378947,1.0,0.0,0.0,0.018632596914267618
halueval-8833,halueval,1,5,0.9711373846297535,0.0036864100038254744,0.025176205366420994,1.0,0.0,0.0,0.01627451268703597
halueval-5127,halueval,0,5,0.9748482432377596,0.010646207962499179,0.014505548799741221,1.0,0.0,0.0,0.017898982362369788
halueval-8329,halueval,1,5,0.9872101551438826,0.0006825151041890082,0.012107329751928375,1.0,0.0,0.0,0.006736179980153196
halueval-3528,halueval,0,5,0.9895080022902581,0.0011797720323927488,0.009312225677349076,1.0,0.0,0.0,0.005835884871067287
halueval-1469,halueval,0,5,0.9738689318593792,0.004551255979077017,0.021579812161543747,1.0,0.0,0.0,0.015341162059848892
halueval-3356,halueval,0,5,0.9567627468675506,0.0019579348596435943,0.04127931827280585,1.0,0.0,0.0,0.02259759399604652
halueval-9086,halueval,0,5,0.9307723041548055,0.002219220535260369,0.06700847530993416,1.0,0.0,0.0,0.03572345819022745
halueval-1990,halueval,0,5,0.9721279222825722,0.0022040250071517923,0.02566805271027618,1.0,0.0,0.0,0.015038051362289882
halueval-3843,halueval,0,5,0.9872810917126882,0.0005961408458352732,0.012122767441476365,1.0,0.0,0.0,0.006657524566573456
halueval-3143,halueval,0,5,0.9922701622013939,0.0017366978955547607,0.005993139903051297,1.0,0.0,0.0,0.004733267847080409
halueval-366,halueval,0,5,0.9756282642823966,0.0019471227329597497,0.022424612984643984,1.0,0.0,0.0,0.013159429225281741
halueval-9672,halueval,1,5,0.6384548498643917,0.1433820519397885,0.2181630981958198,1.0,0.0,0.0,0.2524636010376984
halueval-4664,halueval,0,5,0.9780986693751365,0.0007511396340125507,0.021150190990850953,1.0,0.0,0.0,0.011326235129438027
halueval-4452,halueval,0,5,0.986872383088817,0.003378585066916042,0.009749031844267038,1.0,0.0,0.0,0.00825310098904956
halueval-1439,halueval,1,5,0.983333747461247,0.00034211007799295456,0.016324142460760027,1.0,0.0,0.0,0.008504181308372967
halueval-9658,halueval,1,5,0.9818837190839244,0.0024348162372801684,0.01568146467879567,1.0,0.0,0.0,0.010275548576678005
halueval-7596,halueval,0,5,0.9685466164878722,0.002047090010972849,0.029406293501154847,1.0,0.0,0.0,0.016750236761550272
halueval-3166,halueval,1,5,0.9724287874490802,0.005339573224182223,0.022231639326737586,1.0,0.0,0.0,0.016455392887551018
halueval-552,halueval,0,5,0.5942207336284251,0.36104906550529514,0.04473020086627977,0.6,0.4,0.0,0.383414165938435
halueval-3076,halueval,0,5,0.9884266127720828,0.003398502314248767,0.008174884913668407,1.0,0.0,0.0,0.0074859447710829705
halueval-7598,halueval,1,5,0.9742702817046867,0.006511322507964522,0.019218395787348526,1.0,0.0,0.0,0.016120520401638784
halueval-591,halueval,0,5,0.9859306433182369,0.0011468409259893684,0.0129225157557739,1.0,0.0,0.0,0.007608098803876319
halueval-4067,halueval,1,5,0.3886316317321052,0.6001971476723316,0.01117122059556314,0.4,0.6,0.0,0.6057827579701132
halueval-936,halueval,1,5,0.2953822279167564,0.5943966161865111,0.11022115589673247,0.2,0.6,0.2,0.6495071941348773
halueval-6277,halueval,1,5,0.9821824891617895,0.005163215490904807,0.01265429534730581,1.0,0.0,0.0,0.011490363164557711
halueval-220,halueval,1,5,0.6912686976719616,0.002467196896507942,0.30626410543153054,0.4,0.0,0.6,0.15559924961227323
halueval-5383,halueval,0,5,0.9877156927116431,0.0021101937630098678,0.010174113525346931,1.0,0.0,0.0,0.007197250525683333
halueval-7919,halueval,1,5,0.771512364512245,0.09042618681268447,0.13806144867507048,1.0,0.0,0.0,0.1594569111502197
halueval-4234,halueval,0,5,0.9758337658488969,0.0040987381325646366,0.02006749601853853,1.0,0.0,0.0,0.014132486141833902
halueval-6811,halueval,0,5,0.9844871942104453,0.0018662832102860076,0.013646522579268783,1.0,0.0,0.0,0.008689544499920399
halueval-5652,halueval,1,5,0.9477607882765714,0.006381452290052514,0.04585775943337607,1.0,0.0,0.0,0.029310332006740547
halueval-9304,halueval,1,5,0.708112267653452,0.014579788130062369,0.2773079442164855,1.0,0.0,0.0,0.15323376023830512
halueval-4387,halueval,1,5,0.9803751799007381,0.0015207051311504662,0.018104114968111314,1.0,0.0,0.0,0.010572762615206123
halueval-4984,halueval,1,5,0.9709243323253451,0.008238377014844709,0.020837290659810086,1.0,0.0,0.0,0.018657022344749752
halueval-6531,halueval,0,5,0.9914807911145035,0.0009550853069399918,0.007564123578556491,1.0,0.0,0.0,0.004737147096218237
halueval-2007,halueval,1,5,0.9702596584012506,0.01079486341164727,0.01894547818710219,1.0,0.0,0.0,0.020267602505198365
halueval-9045,halueval,0,5,0.6446230523461554,0.003131741646049082,0.3522452060077955,0.3,0.0,0.7,0.17925434464994683
halueval-7072,halueval,0,5,0.9758432279735626,0.0028186107650803307,0.021338161261357153,1.0,0.0,0.0,0.013487691395758908
halueval-2423,halueval,0,5,0.3870256467428482,0.5580631694329456,0.05491118382420633,0.4,0.6,0.0,0.5855187613450488
halueval-7403,halueval,0,5,0.9637153992725184,0.005472194202810488,0.030812406524671165,1.0,0.0,0.0,0.02087839746514607
halueval-9803,halueval,0,5,0.9908356989742504,0.0017027614088114338,0.007461539616938006,1.0,0.0,0.0,0.005433531217280437
halueval-3527,halueval,0,5,0.982331997008051,0.006406129456000967,0.011261873535948251,1.0,0.0,0.0,0.012037066223975093
halueval-6249,halueval,0,5,0.9792519271949797,0.006229894437893075,0.014518178367127354,1.0,0.0,0.0,0.013488983621456752
halueval-1766,halueval,0,5,0.9914436446533843,0.001040515165595798,0.007515840181020088,1.0,0.0,0.0,0.004798435256105842
halueval-1560,halueval,1,5,0.6917366636134844,0.0029035208013517035,0.30535981558516384,0.8,0.0,0.2,0.15558342859393362
halueval-1727,halueval,1,5,0.7915655924121274,0.01962151288506262,0.18881289470280987,1.0,0.0,0.0,0.11402796023646755
halueval-5044,halueval,0,5,0.7962135688516365,0.08085524480025312,0.12293118634811032,1.0,0.0,0.0,0.14232083797430828
halueval-1103,halueval,1,5,0.9423316314218881,0.0050788116647293175,0.052589556913382386,1.0,0.0,0.0,0.03137359012142051
halueval-7544,halueval,0,5,0.9846953663492913,0.0019448562740743281,0.013359777376634371,1.0,0.0,0.0,0.008624744962391514
halueval-135,halueval,0,5,0.9828982312065089,0.0029187531903355135,0.014183015603155607,1.0,0.0,0.0,0.010010260991913317
halueval-2627,halueval,1,5,0.988796216030441,0.0005742337918776929,0.010629550177681385,1.0,0.0,0.0,0.005889008880718386
halueval-2927,halueval,0,5,0.9609955302472525,0.008546714324863713,0.030457755427883877,1.0,0.0,0.0,0.02377559203880565
halueval-40,halueval,1,5,0.9027155248998767,0.03473441106943213,0.06255006403069134,1.0,0.0,0.0,0.0660094430847778
halueval-8662,halueval,0,5,0.981764631569788,0.0012192936820396973,0.017016074748172343,1.0,0.0,0.0,0.009727331056125868
halueval-9842,halueval,0,5,0.9644690401102587,0.0014183334122700817,0.03411262647747153,1.0,0.0,0.0,0.018474646651005844
halueval-6049,halueval,1,5,0.9858456654139192,0.0026074215812660886,0.01154691300481503,1.0,0.0,0.0,0.008380878083673604
halueval-1634,halueval,1,5,0.9891680541901897,0.0014769257595390714,0.00935502005027122,1.0,0.0,0.0,0.006154435784674681
halueval-3265,halueval,1,5,0.6791634202553934,0.02911270191195229,0.29172387783265424,1.0,0.0,0.0,0.1749746408282794
halueval-4420,halueval,1,5,0.990296968209879,0.0010822503496853448,0.008620781440435637,1.0,0.0,0.0,0.005392641069903163
halueval-7821,halueval,0,5,0.9788334708204334,0.001276933758060527,0.019889595421506097,1.0,0.0,0.0,0.011221731468813575
halueval-6606,halueval,0,5,0.9286224718355541,0.016326088902076236,0.055051439262369696,1.0,0.0,0.0,0.04385180853326108
halueval-9414,halueval,1,5,0.9832629265592455,0.003283030567269335,0.013454042873485126,1.0,0.0,0.0,0.010010052004011897
halueval-1663,halueval,0,5,0.9800775395096105,0.003588210530968304,0.016334249959421208,1.0,0.0,0.0,0.011755335510678908
halueval-1118,halueval,1,5,0.9689141359149721,0.0010836309308408002,0.030002233154187243,1.0,0.0,0.0,0.01608474750793442
halueval-5356,halueval,0,5,0.9753051773446723,0.007795969740760756,0.016898852914567056,1.0,0.0,0.0,0.016245396198044285
halueval-2705,halueval,0,5,0.5432853408727343,0.011291431312296266,0.44542322781496957,0.6,0.0,0.4,0.23400304521978105
halueval-8108,halueval,1,5,0.9829727500805688,0.0020588340029234495,0.014968415916507646,1.0,0.0,0.0,0.009543041961177272
halueval-7431,halueval,0,5,0.9700109449154308,0.00752851579577529,0.02246053928879397,1.0,0.0,0.0,0.018758785440172274
halueval-1281,halueval,0,5,0.9474856557763223,0.010306074200929896,0.04220827002274778,1.0,0.0,0.0,0.03141020921230379
halueval-5020,halueval,0,5,0.7906183555209593,0.004924643765968389,0.20445700071307238,1.0,0.0,0.0,0.10715314412250458
halueval-5863,halueval,0,5,0.9442098650204047,0.013879003477139223,0.04191113150245591,1.0,0.0,0.0,0.034834569228367175
halueval-3705,halueval,0,5,0.9883370037904491,0.0026900348610557965,0.008972961348495057,1.0,0.0,0.0,0.007176515535303326
halueval-3629,halueval,0,5,0.920943530127696,0.01095584401044947,0.06810062586185443,1.0,0.0,0.0,0.04500615694137669
halueval-3297,halueval,0,5,0.990660797787576,0.0006278976984352712,0.008711304513988914,1.0,0.0,0.0,0.004983549955429728
halueval-7781,halueval,0,5,0.9891607135867849,0.0016227602098780468,0.00921652620333692,1.0,0.0,0.0,0.006231023311546506
halueval-8073,halueval,1,5,0.9805571106065928,0.0074798679506172085,0.01196302144279025,1.0,0.0,0.0,0.013461378672012334
halueval-3699,halueval,0,5,0.9811293915328443,0.0035432504047202807,0.015327358062435351,1.0,0.0,0.0,0.011206929435937957
halueval-8857,halueval,1,5,0.9819054631668424,0.004051675432005393,0.014042861401152299,1.0,0.0,0.0,0.011073106132581542
halueval-7180,halueval,1,5,0.9826993441391535,0.00042328314591742776,0.01687737271492914,1.0,0.0,0.0,0.008861969503381997
halueval-2830,halueval,0,5,0.9069923680709634,0.015082486229619246,0.07792514569941725,1.0,0.0,0.0,0.05404505907932787
halueval-9490,halueval,0,5,0.5441607711755838,0.21476869105669644,0.24107053776771975,0.6,0.3,0.1,0.3353039599405563
halueval-1149,halueval,0,5,0.9867670169622393,0.002379968162319845,0.010853014875441115,1.0,0.0,0.0,0.007806475600040403
halueval-1761,halueval,1,5,0.9929829406374026,0.000729601667234215,0.006287457695363241,1.0,0.0,0.0,0.003873330514915835
halueval-6371,halueval,1,5,0.3972991882123192,0.5787408534371256,0.023959958350555116,0.4,0.6,0.0,0.5907208326124032
halueval-2561,halueval,1,5,0.9787573253414836,0.002283627405218896,0.01895904725329748,1.0,0.0,0.0,0.011763151031867636
halueval-4866,halueval,0,5,0.9767034564265437,0.0019475013877637763,0.021349042185692474,1.0,0.0,0.0,0.012622022480610014
halueval-702,halueval,1,5,0.9589994584700021,0.004869917467105482,0.036130624062892344,1.0,0.0,0.0,0.022935229498551653
halueval-5973,halueval,1,5,0.8369864150106052,0.010014699189085086,0.1529988858003099,1.0,0.0,0.0,0.08651414208924003
halueval-7532,halueval,0,5,0.6731490794799675,0.010591567278765462,0.3162593532412671,1.0,0.0,0.0,0.168721243899399
halueval-3362,halueval,0,5,0.9641151181401357,0.007622683980247204,0.028262197879617073,1.0,0.0,0.0,0.02175378292005574
halueval-6819,halueval,0,5,0.9898531413447405,0.0006235949564817247,0.009523263698777793,1.0,0.0,0.0,0.005385226805870621
halueval-8474,halueval,1,5,0.9897119240657342,0.0019171349992766634,0.008370940934989149,1.0,0.0,0.0,0.006102605466771238
halueval-7376,halueval,0,5,0.9536728497728484,0.010283221609916337,0.03604392861723525,1.0,0.0,0.0,0.02830518591853396
halueval-3636,halueval,0,5,0.9739797753758779,0.008829762264272265,0.017190462359849633,1.0,0.0,0.0,0.01742499344419708
halueval-9012,halueval,0,5,0.9397559735569404,0.009869999401733642,0.050374027041326,1.0,0.0,0.0,0.035057012922396644
halueval-6482,halueval,1,5,0.9667983395735004,0.007849774718516892,0.02535188570798279,1.0,0.0,0.0,0.02052571757250829
halueval-4930,halueval,0,5,0.9826993441391535,0.00042328314591742776,0.01687737271492914,1.0,0.0,0.0,0.008861969503381997
halueval-1840,halueval,0,5,0.5914462974387092,0.32214834598338504,0.08640535657790568,0.6,0.4,0.0,0.3653510242723379
halueval-3564,halueval,1,5,0.5822234373983043,0.40186424922531555,0.0159123133763803,0.6,0.4,0.0,0.4098204059135057
halueval-4536,halueval,1,5,0.8241434252562978,0.008179969355454767,0.16767660538824747,1.0,0.0,0.0,0.0920182720495785
halueval-2748,halueval,0,5,0.9715549419735272,0.004543667451766571,0.023901390574706284,1.0,0.0,0.0,0.016494362739119712
halueval-3754,halueval,0,5,0.9791377947028737,0.0017988500488635868,0.019063355248262713,1.0,0.0,0.0,0.011330527672994943
halueval-2814,halueval,1,5,0.9826993441391535,0.00042328314591742776,0.01687737271492914,1.0,0.0,0.0,0.008861969503381997
halueval-5859,halueval,0,5,0.9856628981084977,0.0021705805318792486,0.01216652135962309,1.0,0.0,0.0,0.008253841211690793
halueval-7914,halueval,1,5,0.9862667485552656,0.0012360245508459137,0.012497226893888543,1.0,0.0,0.0,0.007484637997790185
halueval-2182,halueval,0,5,0.9766634186380042,0.00432555789063028,0.01901102347136558,1.0,0.0,0.0,0.01383106962631307
halueval-1535,halueval,0,5,0.9756686606691259,0.007865091718371008,0.01646624761250307,1.0,0.0,0.0,0.016098215524622542
halueval-5398,halueval,1,5,0.8785663251284015,0.05303803526315772,0.06839563960844088,1.0,0.0,0.0,0.08723585506737816
halueval-9474,halueval,0,5,0.9910956600634536,0.0016603968991864512,0.0072439430373601645,1.0,0.0,0.0,0.005282368417866534
halueval-2968,halueval,1,5,0.9796807736391318,0.0027494998303645053,0.01756972653050376,1.0,0.0,0.0,0.011534363095616385
halueval-2187,halueval,1,5,0.983810986481185,0.0032823882766063045,0.012906625242208657,1.0,0.0,0.0,0.009735700897710633
halueval-4185,halueval,1,5,0.9916051197782704,0.0010819407310896233,0.007312939490639871,1.0,0.0,0.0,0.004738410476409559
halueval-6473,halueval,1,5,0.6412373164930393,0.18833718106400527,0.1704255024429554,1.0,0.0,0.0,0.27354993228548297
halueval-8787,halueval,0,5,0.9589817826533219,0.006167975600457635,0.03485024174622031,1.0,0.0,0.0,0.02359309647356779
halueval-5611,halueval,0,5,0.965391534169345,0.0015198091675804521,0.03308865666307474,1.0,0.0,0.0,0.018064137499117824
halueval-5307,halueval,1,5,0.9522330658748709,0.002706385996336525,0.04506054812879269,1.0,0.0,0.0,0.02523666006073287
halueval-3537,halueval,0,5,0.9478160909351022,0.0009438383624705823,0.051240070702427434,1.0,0.0,0.0,0.0265638737136843
halueval-9980,halueval,0,5,0.9697628410620119,0.008212753151204228,0.02202440578678386,1.0,0.0,0.0,0.019224956044596158
halueval-291,halueval,1,5,0.9628565808206544,0.008189001534048642,0.02895441764529715,1.0,0.0,0.0,0.022666210356697216
halueval-4951,halueval,0,5,0.9784108922680556,0.004298052286453953,0.017291055445490373,1.0,0.0,0.0,0.01294358000919914
halueval-1732,halueval,1,5,0.20859902352089002,0.6459115469483256,0.1454894295307844,0.2,0.8,0.0,0.7186562617137179
halueval-7211,halueval,1,5,0.9729634611530112,0.001435308150649924,0.025601230696338757,1.0,0.0,0.0,0.014235923498819303
halueval-2166,halueval,0,5,0.9650434241563113,0.010471920876949925,0.02448465496673865,1.0,0.0,0.0,0.02271424836031925
halueval-3955,halueval,1,5,0.9660796069577119,0.002579497698262808,0.031340895344025135,1.0,0.0,0.0,0.018249945370275376
halueval-2139,halueval,0,5,0.9865857097954696,0.001528130932561028,0.01188615927196947,1.0,0.0,0.0,0.007471210568545763
halueval-7023,halueval,1,5,0.9843705820635764,0.0023862939918130634,0.013243123944610588,1.0,0.0,0.0,0.009007855964118357
halueval-4917,halueval,1,5,0.9867878955932927,0.0014436244469086766,0.011768479959798833,1.0,0.0,0.0,0.007327864426808093
halueval-8237,halueval,1,5,0.9628694710768192,0.013459366890284374,0.02367116203289635,1.0,0.0,0.0,0.02529494790673255
halueval-1339,halueval,0,5,0.961273364036081,0.0067878908250170854,0.03193874513890198,1.0,0.0,0.0,0.022757263394468076
halueval-1032,halueval,1,5,0.9670504118075642,0.0024284067379560363,0.030521181454479702,1.0,0.0,0.0,0.017688997465195887
halueval-7867,halueval,1,5,0.9880714132151788,0.004461366852260255,0.00746721993256109,1.0,0.0,0.0,0.0081949768185408
halueval-2905,halueval,1,5,0.9711690632940165,0.005005440764673309,0.023825495941310386,1.0,0.0,0.0,0.0169181887353285
halueval-2000,halueval,0,5,0.9571648731620941,0.0005733134492034543,0.04226181338870234,1.0,0.0,0.0,0.021704220143554626
halueval-1225,halueval,0,5,0.9875712753127047,0.001757821488536136,0.010670903198759293,1.0,0.0,0.0,0.007093273087915782
halueval-242,halueval,1,5,0.9427483847876171,0.004970439117242545,0.05228117609514036,1.0,0.0,0.0,0.031111027164812725
halueval-1437,halueval,0,5,0.7920138943477802,0.004357175015517972,0.2036289306367017,0.6,0.0,0.4,0.10617164033386882
halueval-1989,halueval,1,5,0.9812401761430636,0.0016283635435850965,0.01713146031335134,1.0,0.0,0.0,0.010194093700260766
halueval-6762,halueval,1,5,0.9791103115176687,0.0012912212578339872,0.01959846722449727,1.0,0.0,0.0,0.011090454870082622
halueval-168,halueval,0,5,0.9908811580481902,0.0011574391591040506,0.007961402792705564,1.0,0.0,0.0,0.005138140555456833
halueval-1384,halueval,0,5,0.9684984201233509,0.0008017573389414102,0.030699822537707745,1.0,0.0,0.0,0.016151668607795284
halueval-2116,halueval,1,5,0.9827637814428678,0.002583488548616959,0.014652730008515236,1.0,0.0,0.0,0.009909853552874577
halueval-5648,halueval,1,5,0.9776038117462658,0.006487320252408083,0.015908868001326144,1.0,0.0,0.0,0.014441754253071155
halueval-6448,halueval,0,5,0.9908287167585913,0.0007265707671990078,0.008444712474209732,1.0,0.0,0.0,0.004948927004303874
halueval-1091,halueval,0,5,0.9780846287731763,0.0009089527503702616,0.02100641847645343,1.0,0.0,0.0,0.011412161988596977
halueval-1276,halueval,0,5,0.9831458130267794,0.004122833261332421,0.012731353711888136,1.0,0.0,0.0,0.01048851011727649
halueval-6017,halueval,1,5,0.9662898652706247,0.004843025871963294,0.028867108857411772,1.0,0.0,0.0,0.01927658030066918
halueval-9333,halueval,0,5,0.9761011186792456,0.0034674442145575584,0.020431437106196656,1.0,0.0,0.0,0.013683162767655885
halueval-1577,halueval,1,5,0.9776070100520234,0.003956573503050847,0.018436416444925798,1.0,0.0,0.0,0.013174781725513746
halueval-705,halueval,0,5,0.9864665771514162,0.0032221693292110607,0.010311253519372681,1.0,0.0,0.0,0.008377796088897401
halueval-8861,halueval,1,5,0.9589447450542472,0.0027373586723247146,0.03831789627342779,1.0,0.0,0.0,0.02189630680903861
halueval-1816,halueval,0,5,0.9634199076617656,0.007381198336020049,0.029198894002214502,1.0,0.0,0.0,0.0219806453371273
halueval-5578,halueval,1,5,0.978856162698856,0.006656327309867314,0.014487509991276506,1.0,0.0,0.0,0.013900082305505566
halueval-2826,halueval,1,5,0.9490340106089992,0.021109753284831966,0.029856236106168714,1.0,0.0,0.0,0.03603787133791632
halueval-3167,halueval,0,5,0.981300355273348,0.002457974757553849,0.0162416699690982,1.0,0.0,0.0,0.01057880974210295
halueval-8499,halueval,0,5,0.8671837100920572,0.0276522791428149,0.10516401076512798,1.0,0.0,0.0,0.0802342845253789
halueval-2946,halueval,1,5,0.9909631857223389,0.0005839780813212435,0.008452836196340097,1.0,0.0,0.0,0.004810396179491292
halueval-1543,halueval,0,5,0.9657428834075773,0.014693889111394664,0.019563227481027963,1.0,0.0,0.0,0.024475502851908644
halueval-7290,halueval,0,5,0.9782385526402235,0.002731836651875524,0.01902961070790122,1.0,0.0,0.0,0.012246642005826133
halueval-9789,halueval,0,5,0.9615323816294501,0.0012984988775405198,0.0371691194930095,1.0,0.0,0.0,0.01988305862404527
halueval-4651,halueval,0,5,0.988985024854413,0.002231868899474515,0.00878310624611255,1.0,0.0,0.0,0.00662342202253079
halueval-8633,halueval,1,5,0.6737058075895601,0.010851894478978916,0.3154422979314611,0.4,0.0,0.6,0.16857304344470947
halueval-8785,halueval,1,5,0.9316985214509408,0.02148884208147269,0.046812636467586224,1.0,0.0,0.0,0.0448951603152658
halueval-7565,halueval,0,5,0.9917950545599645,0.0008953086695440628,0.007309636770491535,1.0,0.0,0.0,0.00455012705478983
halueval-9147,halueval,1,5,0.983333747461247,0.00034211007799295456,0.016324142460760027,1.0,0.0,0.0,0.008504181308372967
halueval-4712,halueval,1,5,0.9900699408448025,0.0017850926773514898,0.008144966477845903,1.0,0.0,0.0,0.005857575916274442
halueval-3026,halueval,0,5,0.9860575721323368,0.002489100347236637,0.011453327520426443,1.0,0.0,0.0,0.008215764107449858
halueval-7788,halueval,0,5,0.9571648731620941,0.0005733134492034543,0.04226181338870234,1.0,0.0,0.0,0.021704220143554626
halueval-814,halueval,1,5,0.9909011791225598,0.0012332721826284147,0.007865548694811975,1.0,0.0,0.0,0.005166046530034402
halueval-288,halueval,0,5,0.9710792087460174,0.0042973174061312356,0.024623473847851206,1.0,0.0,0.0,0.016609054330056838
halueval-206,halueval,0,5,0.9680905441425786,0.0010276464742186718,0.03088180938320261,1.0,0.0,0.0,0.016468551165819977
halueval-3374,halueval,1,5,0.9906654684211768,0.0007124953445090061,0.00862203623431426,1.0,0.0,0.0,0.005023513461666136
halueval-3157,halueval,0,5,0.6955493517837132,0.0013829724690909,0.3030676757471958,1.0,0.0,0.0,0.15291681034268878
halueval-7208,halueval,1,5,0.9875538728918469,0.002471770046150755,0.00997435706200222,1.0,0.0,0.0,0.007458948577151865
halueval-4718,halueval,0,5,0.9740220007314584,0.0028840486377053843,0.023093950630836246,1.0,0.0,0.0,0.014431023953123508
halueval-9498,halueval,0,5,0.9474514035981224,0.023466813285836136,0.029081783116041548,1.0,0.0,0.0,0.03800770484385691
halueval-8533,halueval,0,5,0.40260389705099053,0.5814339222783976,0.015962180670611913,0.4,0.6,0.0,0.5894150126137035
halueval-6065,halueval,1,5,0.9791515239267945,0.004154669161686443,0.016693806911519286,1.0,0.0,0.0,0.012501572617446086
halueval-9709,halueval,0,5,0.9633845694128679,0.0016893627608435882,0.034926067826288584,1.0,0.0,0.0,0.01915239667398788
halueval-8991,halueval,1,5,0.9814206844264282,0.0033772888755050855,0.015202026698066773,1.0,0.0,0.0,0.010978302224538472
halueval-7385,halueval,1,5,0.9618858152702654,0.007482489759492039,0.030631694970242835,1.0,0.0,0.0,0.022798337244613456
halueval-7548,halueval,1,5,0.9917036908420405,0.0009884321737235239,0.007307876984235967,1.0,0.0,0.0,0.004642370665841507
halueval-830,halueval,1,5,0.9626730428739773,0.0018422738365662164,0.03548468328945644,1.0,0.0,0.0,0.019584615481294438
halueval-2373,halueval,1,5,0.9839835224613941,0.0019010243655516752,0.014115453173054304,1.0,0.0,0.0,0.008958750952078827
halueval-3595,halueval,0,5,0.9490905346895229,0.005859738334905703,0.04504972697557137,1.0,0.0,0.0,0.02838460182269139
halueval-8534,halueval,1,5,0.9807444481769878,0.004918384420021367,0.014337167402990727,1.0,0.0,0.0,0.01208696812151673
halueval-7622,halueval,0,5,0.9885572699241963,0.0008850820406185397,0.010557648035185186,1.0,0.0,0.0,0.006163906058211132
halueval-3964,halueval,1,5,0.9891317339473872,0.0017709406645828427,0.009097325388029789,1.0,0.0,0.0,0.006319603358597737
halueval-7874,halueval,0,5,0.9836879484978022,0.0011255836692167375,0.01518646783298121,1.0,0.0,0.0,0.008718817585707342
halueval-1164,halueval,1,5,0.9810726651254486,0.0026234045893933798,0.01630393028515823,1.0,0.0,0.0,0.010775369731972496
halueval-3647,halueval,0,5,0.9880841419556617,0.0011416990037439593,0.01077415904059445,1.0,0.0,0.0,0.006528778524041184
halueval-3877,halueval,0,5,0.9791845673885392,0.004922082003637354,0.01589335060782349,1.0,0.0,0.0,0.012868757307549099
halueval-1126,halueval,1,5,0.5553230358925425,0.4011616306264879,0.04351533348096946,0.6,0.4,0.0,0.42291929736697265
halueval-8583,halueval,1,5,0.9864620094100873,0.0025261404047515327,0.011011850185161097,1.0,0.0,0.0,0.008032065497332081
halueval-572,halueval,1,5,0.9874832694274855,0.0020361860541408326,0.01048054451837342,1.0,0.0,0.0,0.007276458313327542
halueval-297,halueval,0,5,0.9713096936287939,0.0012005702557374434,0.02748973611546867,1.0,0.0,0.0,0.014945438313471778
halueval-4221,halueval,1,5,0.9904816734825678,0.002311148035316121,0.007207178482115996,1.0,0.0,0.0,0.0059147372763741195
halueval-8981,halueval,0,5,0.9661711024126152,0.002828033617435809,0.03100086396994885,1.0,0.0,0.0,0.018328465602410235
halueval-2313,halueval,1,5,0.9377700221186028,0.015284615010675138,0.046945362870722096,1.0,0.0,0.0,0.038757296446036184
halueval-3437,halueval,1,5,0.9643420533477253,0.004904958359277003,0.030752988292997625,1.0,0.0,0.0,0.020281452505775815
halueval-857,halueval,0,5,0.9890583456342903,0.0007416423254681781,0.01020001204024169,1.0,0.0,0.0,0.005841648345589023
halueval-3458,halueval,0,5,0.9584641998686886,0.0015983270830697356,0.03993747304824137,1.0,0.0,0.0,0.02156706360719042
halueval-4889,halueval,1,5,0.9880611082308068,0.0016379200762299793,0.010300971692963335,1.0,0.0,0.0,0.006788405922711647
halueval-3582,halueval,1,5,0.9848521629789472,0.0007179837070211452,0.014429853314031788,1.0,0.0,0.0,0.00793291036403704
halueval-6468,halueval,1,5,0.989511100060714,0.0009240612131061141,0.009564838726180058,1.0,0.0,0.0,0.005706480576196143
halueval-1212,halueval,1,5,0.9531577235877341,0.012391480990696346,0.03445079542156986,1.0,0.0,0.0,0.029616878701481275
halueval-7342,halueval,0,5,0.9715285826570822,0.008802039582318243,0.019669377760599772,1.0,0.0,0.0,0.01863672846261813
halueval-7708,halueval,0,5,0.7907367042065205,0.008881392433279418,0.20038190336019984,1.0,0.0,0.0,0.10907234411337934
halueval-5485,halueval,1,5,0.9871537935471311,0.001690226726102404,0.011155979726766501,1.0,0.0,0.0,0.007268216589485655
halueval-8009,halueval,0,5,0.9892524221913513,0.0011521177839347468,0.00959546002471388,1.0,0.0,0.0,0.0059498477962916865
halueval-7732,halueval,1,5,0.9818573971274756,0.006580806075402576,0.011561796797121828,1.0,0.0,0.0,0.012361704473963491
halueval-8546,halueval,0,5,0.9707437199149916,0.01441126719477261,0.014845012890235773,1.0,0.0,0.0,0.021833773639890496
halueval-3785,halueval,1,5,0.9752115271549349,0.003902212208657915,0.020886260636407285,1.0,0.0,0.0,0.014345342526861558
halueval-5803,halueval,1,5,0.9783433388051389,0.0028198825382908066,0.01883677865657029,1.0,0.0,0.0,0.012238271866575952
halueval-2112,halueval,0,5,0.9830229509825745,0.002226213287206121,0.014750835730219338,1.0,0.0,0.0,0.009601631152315791
halueval-861,halueval,0,5,0.9869288754452702,0.0027404091431063628,0.010330715411623448,1.0,0.0,0.0,0.007905766848918087
halueval-2283,halueval,0,5,0.9868215070517954,0.004010591732468703,0.009167901215735904,1.0,0.0,0.0,0.008594542340336655
halueval-127,halueval,1,5,0.9375224981302349,0.003116506949540705,0.05936099492022462,1.0,0.0,0.0,0.03279700440965302
halueval-2598,halueval,1,5,0.7737536823380404,0.13289741330976004,0.09334890435219949,1.0,0.0,0.0,0.1795718654858598
halueval-8710,halueval,1,5,0.9626750591995992,0.013321256387370427,0.024003684413030423,1.0,0.0,0.0,0.025323098593885637
halueval-6858,halueval,0,5,0.924367905064164,0.017864431661566562,0.05776766327426948,1.0,0.0,0.0,0.0467482632987013
halueval-625,halueval,1,5,0.9562873416012622,0.01063525041783023,0.033077407980907754,1.0,0.0,0.0,0.027173954408284108
halueval-3782,halueval,0,5,0.9723879259724425,0.006411460456691079,0.021200613570866406,1.0,0.0,0.0,0.017011767242124283
halueval-1138,halueval,1,5,0.9524717966742926,0.00823888871691265,0.039289314608794465,1.0,0.0,0.0,0.027883546021309883
halueval-1208,halueval,0,5,0.9707136522459935,0.002689406622316818,0.026596941131689544,1.0,0.0,0.0,0.015987877188161588
halueval-4404,halueval,1,5,0.9807178451759082,0.001005559699090266,0.01827659512500144,1.0,0.0,0.0,0.010143857261590986
halueval-3205,halueval,1,5,0.9786893791025225,0.0012053483156929106,0.02010527258178457,1.0,0.0,0.0,0.011257984606585196
halueval-5832,halueval,0,5,0.9890302713934995,0.001197136095595981,0.009772592510904583,1.0,0.0,0.0,0.006083432351048272
halueval-8651,halueval,0,5,0.9807428265856701,0.004536357744607291,0.014720815669722614,1.0,0.0,0.0,0.011896765579468598
halueval-1572,halueval,0,5,0.9653410708744138,0.002068580452679036,0.03259034867290727,1.0,0.0,0.0,0.018363754789132672
halueval-7407,halueval,1,5,0.8858948149544184,0.04703275542974482,0.06707242961583695,1.0,0.0,0.0,0.0805689702376633
halueval-4499,halueval,0,5,0.9879906342447068,0.0025503737090701454,0.009458992046223042,1.0,0.0,0.0,0.0072798697321816664
halueval-6368,halueval,1,5,0.9858388725669988,0.001908885664099215,0.012252241768902185,1.0,0.0,0.0,0.008035006548550308
halueval-4010,halueval,0,5,0.9650810994542376,0.004845758314154137,0.030073142231608497,1.0,0.0,0.0,0.019882329429958386
halueval-3019,halueval,0,5,0.9849580406480969,0.0035404202904152754,0.011501539061487685,1.0,0.0,0.0,0.009291189821159118
halueval-9504,halueval,0,5,0.9784076624980814,0.0008902136954727664,0.020702123806445823,1.0,0.0,0.0,0.011241275598695678
halueval-7722,halueval,0,5,0.9826993441391535,0.00042328314591742776,0.01687737271492914,1.0,0.0,0.0,0.008861969503381997
halueval-7229,halueval,1,5,0.7904120238198878,0.005964878370723729,0.2036230978093884,1.0,0.0,0.0,0.10777642727541792
halueval-8233,halueval,1,5,0.5812878470464485,0.40028068751429907,0.018431465439252327,0.6,0.4,0.0,0.40949642023392524
halueval-7460,halueval,1,5,0.9508333778459408,0.006820247911965896,0.04234637424209327,1.0,0.0,0.0,0.02799343503301253
halueval-9615,halueval,0,5,0.9892606977265798,0.001185347638498396,0.009553954634921908,1.0,0.0,0.0,0.0059623249559593505
halueval-120,halueval,1,5,0.9557631320303267,0.003545391218179969,0.04069147675149334,1.0,0.0,0.0,0.023891129593926638
halueval-2801,halueval,0,5,0.9447410484552122,0.0225346600929468,0.03272429145184077,1.0,0.0,0.0,0.03889680581886719
halueval-7702,halueval,0,5,0.9900528619512429,0.0006494403520532564,0.00929769769670381,1.0,0.0,0.0,0.0052982892004051615
halueval-8276,halueval,1,5,0.9422916730875113,0.011409746150914687,0.04629858076157399,1.0,0.0,0.0,0.034559036531701684
halueval-776,halueval,1,5,0.9529306636364605,0.004234524043646757,0.04283481231989249,1.0,0.0,0.0,0.025651930203593
halueval-7029,halueval,1,5,0.9859891594943934,0.0007392813280423498,0.01327155917756422,1.0,0.0,0.0,0.00737506091682446
halueval-9848,halueval,0,5,0.981581328541167,0.001906124080573805,0.01651254737825921,1.0,0.0,0.0,0.01016239776970341
halueval-8691,halueval,0,5,0.9863731352975597,0.003499087762605191,0.010127776939835239,1.0,0.0,0.0,0.00856297623252281
halueval-2407,halueval,0,5,0.9346687046889827,0.03096642979398299,0.03436486551703423,1.0,0.0,0.0,0.0481488625525001
halueval-7375,halueval,1,5,0.5949819684628145,0.39462335672891774,0.010394674808267845,0.6,0.4,0.0,0.39982069413305166
halueval-9248,halueval,0,5,0.9882829786968388,0.0022051772306721264,0.009511844072488753,1.0,0.0,0.0,0.006961099266916503
halueval-4765,halueval,1,5,0.9902888950402049,0.0011657014219740166,0.00854540353782127,1.0,0.0,0.0,0.0054384031908846515
halueval-5960,halueval,0,5,0.971208905635363,0.002867682208357641,0.02592341215627929,1.0,0.0,0.0,0.015829388286497287
halueval-1036,halueval,0,5,0.9826993441391535,0.00042328314591742776,0.01687737271492914,1.0,0.0,0.0,0.008861969503381997
halueval-1253,halueval,1,5,0.978943669609422,0.0056043062135052255,0.015452024177072764,1.0,0.0,0.0,0.013330318302041608
halueval-4543,halueval,0,5,0.9471023731643442,0.011947444818437724,0.04095018201721816,1.0,0.0,0.0,0.0324225358270468
halueval-7064,halueval,1,5,0.9856345288956894,0.000781008826718094,0.013584462277592774,1.0,0.0,0.0,0.007573239965514481
halueval-8149,halueval,1,5,0.957354241035574,0.001654105604536221,0.040991653359889704,1.0,0.0,0.0,0.022149932284481075
halueval-5599,halueval,1,5,0.9413856796794227,0.015483233237387064,0.04313108708319045,1.0,0.0,0.0,0.03704877677898229
halueval-8855,halueval,0,5,0.9522037990976683,0.0008107177240214113,0.04698548317831028,1.0,0.0,0.0,0.02430345931317655
halueval-563,halueval,0,5,0.9913575625794874,0.001624501324380591,0.007017936096132163,1.0,0.0,0.0,0.005133469372446672
halueval-9724,halueval,0,5,0.9807251005851457,0.005712780994492103,0.013562118420362113,1.0,0.0,0.0,0.01249384020467316
halueval-9553,halueval,1,5,0.25044792493041207,0.04152218025577744,0.7080298948138105,0.4,0.0,0.6,0.3955371276626827
halueval-1113,halueval,0,5,0.9887270558826129,0.0013304277499256796,0.009942516367461523,1.0,0.0,0.0,0.006301685933656442
halueval-9421,halueval,0,5,0.984472749223476,0.003775622547563308,0.011751628228960656,1.0,0.0,0.0,0.009651436662043636
halueval-7107,halueval,1,5,0.9534199543839584,0.017533659219731417,0.029046386396310065,1.0,0.0,0.0,0.03205685241788645
halueval-886,halueval,0,5,0.9829178725102331,0.0007340157046783595,0.01634811178508854,1.0,0.0,0.0,0.00890807159722263
halueval-4541,halueval,1,5,0.9846331972661135,0.0011502826879491424,0.014216520045937302,1.0,0.0,0.0,0.008258542710917794
halueval-7484,halueval,1,5,0.9875093704144959,0.0017935849719927176,0.010697044613511604,1.0,0.0,0.0,0.007142107278748519
halueval-3966,halueval,0,5,0.9862281840600845,0.0023473912804647776,0.011424424659451015,1.0,0.0,0.0,0.008059603610190286
halueval-7601,halueval,1,5,0.9703511993251738,0.004315873606736645,0.02533292706808954,1.0,0.0,0.0,0.016982337140781414
halueval-7395,halueval,1,5,0.952615212523324,0.003882360641668045,0.04350242683500778,1.0,0.0,0.0,0.025633574059171937
halueval-509,halueval,0,5,0.40305377262064457,0.26662902238625535,0.33031720499310013,0.4,0.0,0.6,0.4317876248828054
halueval-5262,halueval,0,5,0.9760705156476309,0.0021153782705587614,0.021814106081810277,1.0,0.0,0.0,0.0130224313114639
halueval-9464,halueval,1,5,0.9717871066399211,0.002269228354158653,0.02594366500592053,1.0,0.0,0.0,0.015241060857118918
halueval-8420,halueval,0,5,0.9904434525056509,0.0008419697509992223,0.008714577743350063,1.0,0.0,0.0,0.005199258622674254
halueval-361,halueval,0,5,0.9902285863677666,0.0010174340911572842,0.008753979541076363,1.0,0.0,0.0,0.005394423861695466
halueval-7226,halueval,0,5,0.9720697034584914,0.0019442852380657633,0.025986011303442698,1.0,0.0,0.0,0.014937290889787113
halueval-873,halueval,0,5,0.992397608665334,0.0007502634568736043,0.006852127877792403,1.0,0.0,0.0,0.004176327395769806
halueval-7518,halueval,0,5,0.6923353481570711,0.22733972356499454,0.08032492827793422,1.0,0.0,0.0,0.26750218770396167
halueval-4298,halueval,0,5,0.9436131141815588,0.017411816133561697,0.03897506968487961,1.0,0.0,0.0,0.0368993509760015
halueval-3035,halueval,1,5,0.9836675543972561,0.0039913079351843895,0.01234113766755936,1.0,0.0,0.0,0.01016187676896407
halueval-3708,halueval,1,5,0.9784621604700161,0.0026440638187728823,0.018893775711210814,1.0,0.0,0.0,0.012090951674378288
halueval-5574,halueval,1,5,0.7925721799667231,0.001362905274673553,0.20606491475860342,0.6,0.0,0.4,0.10439536265397527
halueval-7305,halueval,1,5,0.9808835551338365,0.004157414678485792,0.014959030187677502,1.0,0.0,0.0,0.011636929772324542
halueval-7916,halueval,0,5,0.9842382912983462,0.003370344929774455,0.012391363771879552,1.0,0.0,0.0,0.00956602681571423
halueval-5653,halueval,0,5,0.9816922293202962,0.002738491822022988,0.015569278857680915,1.0,0.0,0.0,0.010523131250863446
halueval-915,halueval,0,5,0.7023256185905896,0.00312458775537552,0.294549793654035,1.0,0.0,0.0,0.15039948458239302
halueval-7123,halueval,0,5,0.9853727574744016,0.0020085863706063647,0.012618656154992058,1.0,0.0,0.0,0.008317914448102395
halueval-7292,halueval,0,5,0.9807224495847148,0.0024322323165667644,0.016845318098718476,1.0,0.0,0.0,0.010854891365926003
halueval-4544,halueval,1,5,0.9707555779456273,0.011322685805980491,0.01792173624839236,1.0,0.0,0.0,0.02028355393017667
halueval-468,halueval,1,5,0.9810060826177379,0.002549542793041376,0.016444374589220722,1.0,0.0,0.0,0.010771730087651737
halueval-7296,halueval,1,5,0.9755519609634054,0.0045288960375521065,0.01991914299904263,1.0,0.0,0.0,0.014488467537073422
halueval-4064,halueval,0,5,0.983333747461247,0.00034211007799295456,0.016324142460760027,1.0,0.0,0.0,0.008504181308372967
halueval-9976,halueval,1,5,0.9839985070411581,0.0011909006494651296,0.01481059230937681,1.0,0.0,0.0,0.008596196804153534
halueval-4880,halueval,0,5,0.9781503882406953,0.0030325801210546025,0.018817031638250045,1.0,0.0,0.0,0.012441095940179624
halueval-3663,halueval,1,5,0.9536932798821696,0.022089128979259045,0.024217591138571703,1.0,0.0,0.0,0.034197924548544895
halueval-7925,halueval,0,5,0.979617393933234,0.0008799573022623198,0.019502648764503795,1.0,0.0,0.0,0.010631281684514217
halueval-2039,halueval,1,5,0.9826993441391535,0.00042328314591742776,0.01687737271492914,1.0,0.0,0.0,0.008861969503381997
halueval-2017,halueval,0,5,0.9789350581971776,0.0026505367134885406,0.018414405089333785,1.0,0.0,0.0,0.011857739258155434
halueval-5473,halueval,1,5,0.9819399339247447,0.004280785700149939,0.013779280375105446,1.0,0.0,0.0,0.011170425887702663
halueval-2222,halueval,0,5,0.5699241803317838,0.40144518320350875,0.028630636464707336,0.6,0.4,0.0,0.4157605014358624
halueval-4852,halueval,0,5,0.9908983402947065,0.0007207150845462142,0.008380944620747175,1.0,0.0,0.0,0.004911187394919802
halueval-2613,halueval,0,5,0.9800140919609251,0.000877468247636969,0.01910843979143787,1.0,0.0,0.0,0.010431688143355905
halueval-3762,halueval,0,5,0.9854638746769554,0.0015213888904952058,0.01301473643254945,1.0,0.0,0.0,0.00802875710676993
halueval-343,halueval,0,5,0.9930220334361193,0.0009900987750203812,0.005987867788860385,1.0,0.0,0.0,0.003984032669450573
halueval-8057,halueval,1,5,0.9341934658380227,0.006689119149099543,0.05911741501287752,1.0,0.0,0.0,0.0362478266555383
halueval-4809,halueval,0,5,0.9692776366463567,0.00865986981198828,0.022062493541654984,1.0,0.0,0.0,0.01969111658281577
halueval-7341,halueval,1,5,0.9455466620894196,0.003929113967648399,0.05052422394293181,1.0,0.0,0.0,0.0291912259391143
halueval-2768,halueval,1,5,0.9685466164878722,0.002047090010972849,0.029406293501154847,1.0,0.0,0.0,0.016750236761550272
halueval-9148,halueval,0,5,0.9650923285888965,0.008166150957739997,0.026741520453363605,1.0,0.0,0.0,0.0215369111844218
halueval-47,halueval,0,5,0.6897969690756829,0.008225096469779682,0.3019779344545376,1.0,0.0,0.0,0.15921406369704846
halueval-7147,halueval,0,5,0.9751275164925735,0.005595522590430409,0.01927696091699595,1.0,0.0,0.0,0.015234003048928385
halueval-304,halueval,0,5,0.8022872586580327,0.02190857374983977,0.1758041675921275,1.0,0.0,0.0,0.10981065754590352
halueval-4361,halueval,0,5,0.9902023955080692,0.0009665090931656473,0.00883109539876541,1.0,0.0,0.0,0.005382056792548352
halueval-6203,halueval,0,5,0.7884529444641352,0.0037604086849477207,0.20778664685091713,0.6,0.0,0.4,0.10765373211040628
halueval-816,halueval,1,5,0.9912094483462003,0.0006934299883468389,0.00809712166545283,1.0,0.0,0.0,0.004741990821073254
halueval-137,halueval,1,5,0.4004675424653267,0.3173213933461622,0.2822110641885111,0.4,0.6,0.0,0.45842692544041774
halueval-6923,halueval,1,5,0.7864109112988492,0.006880057549595808,0.2067090311515551,1.0,0.0,0.0,0.11023457312537335
halueval-1408,halueval,0,5,0.7050252062624383,0.01984679222411851,0.2751280015134433,1.0,0.0,0.0,0.15741079298084015
halueval-85,halueval,0,5,0.9702371498746347,0.005761851060443549,0.024000999064921848,1.0,0.0,0.0,0.01776235059290447
halueval-7852,halueval,1,5,0.9842589376508796,0.003993914136900428,0.011747148212219984,1.0,0.0,0.0,0.00986748824301042
halueval-2599,halueval,1,5,0.9665227426387923,0.009668373019212525,0.023808884341995046,1.0,0.0,0.0,0.021572815190210048
halueval-8550,halueval,0,5,0.9852614640028359,0.000724681518194933,0.014013854478969306,1.0,0.0,0.0,0.007731608757679586
halueval-6967,halueval,1,5,0.9886964041477778,0.0013718195308483005,0.009931776321373986,1.0,0.0,0.0,0.006337707691535294
halueval-5856,halueval,1,5,0.9897604840788506,0.0015110041928216445,0.00872851172832745,1.0,0.0,0.0,0.00587526005698537
halueval-8476,halueval,0,5,0.983333747461247,0.00034211007799295456,0.016324142460760027,1.0,0.0,0.0,0.008504181308372967
halueval-914,halueval,1,5,0.9851474948554648,0.0019521262949479228,0.012900378849587096,1.0,0.0,0.0,0.00840231571974147
halueval-4857,halueval,1,5,0.3947479566739643,0.5922819971848494,0.012970046141186381,0.4,0.6,0.0,0.5987670202554426
halueval-9112,halueval,0,5,0.9134744369873454,0.03529474017936411,0.051230822833290376,1.0,0.0,0.0,0.0609101515960093
halueval-2249,halueval,0,5,0.9721687857825534,0.007947054148922602,0.019884160068523983,1.0,0.0,0.0,0.017889134183184593
halueval-6820,halueval,1,5,0.9847913718396141,0.0007782214777617062,0.014430406682624292,1.0,0.0,0.0,0.007993424819073853
halueval-7573,halueval,1,5,0.9873666793143568,0.003277250531333132,0.009356070154310194,1.0,0.0,0.0,0.007955285608488228
halueval-5079,halueval,0,5,0.9883441716102077,0.0028022455651268755,0.008853582824665179,1.0,0.0,0.0,0.007229036977459465
halueval-9676,halueval,0,5,0.9869377500309862,0.002673691464115515,0.01038855850489848,1.0,0.0,0.0,0.007867970716564754
halueval-637,halueval,0,5,0.9623462263464162,0.0028716104448612964,0.034782163208722336,1.0,0.0,0.0,0.020262692049222465
halueval-3716,halueval,1,5,0.9391491714273622,0.016258375978358948,0.04459245259427895,1.0,0.0,0.0,0.03855460227549842
halueval-8037,halueval,0,5,0.9777673759238615,0.0035592728953388587,0.0186733511807994,1.0,0.0,0.0,0.01289594848573856
halueval-6523,halueval,0,5,0.9652624941165241,0.004138185321172543,0.030599320562303505,1.0,0.0,0.0,0.019437845602324297
halueval-5149,halueval,0,5,0.983333747461247,0.00034211007799295456,0.016324142460760027,1.0,0.0,0.0,0.008504181308372967
halueval-18,halueval,1,5,0.9642357037552731,0.0007311232211661258,0.035033173023560585,1.0,0.0,0.0,0.01824770973294642
halueval-9956,halueval,0,5,0.9690980660693853,0.0039239590370896815,0.02697797489352518,1.0,0.0,0.0,0.01741294648385227
halueval-3326,halueval,0,5,0.9857083571128584,0.002900899386030906,0.011390743501110934,1.0,0.0,0.0,0.008596271136586373
halueval-6060,halueval,0,5,0.968088531257877,0.010094920221408291,0.02181654852071461,1.0,0.0,0.0,0.021003194481765596
halueval-8493,halueval,0,5,0.9502449606793009,0.02297671938077168,0.026778319939927613,1.0,0.0,0.0,0.036365879350735486
halueval-7304,halueval,0,5,0.9834529371507481,0.001061654873212007,0.015485407976039842,1.0,0.0,0.0,0.008804358861231928
halueval-5520,halueval,0,5,0.7940091329769359,0.0008477197232185573,0.20514314729984542,0.6,0.0,0.4,0.10341929337314126
halueval-2287,halueval,1,5,0.9848765325005193,0.0007285874505689325,0.014394880048912009,1.0,0.0,0.0,0.007926027475024936
halueval-1637,halueval,1,5,0.9793952707662908,0.0024435135552941132,0.0181612156784149,1.0,0.0,0.0,0.011524121394501562
halueval-589,halueval,0,5,0.988163034721065,0.0015344807348335707,0.010302484544101287,1.0,0.0,0.0,0.006685723006884215
halueval-8394,halueval,1,5,0.93446830956305,0.003924148270173303,0.061607542166776795,1.0,0.0,0.0,0.034727919353561704
halueval-741,halueval,1,5,0.9900753122943742,0.0009415121315227641,0.008983175574103124,1.0,0.0,0.0,0.005433099918574326
halueval-8378,halueval,0,5,0.957314929067841,0.006589733062885983,0.03609533786927312,1.0,0.0,0.0,0.02463740199752254
halueval-8586,halueval,0,5,0.7919646130607932,0.06338687414427914,0.14464851279492769,1.0,0.0,0.0,0.135711130541743
halueval-418,halueval,1,5,0.9774283959794456,0.006869862337348877,0.01570174168320538,1.0,0.0,0.0,0.014720733178951567
halueval-9472,halueval,0,5,0.9701731515812158,0.003956610342237583,0.025870238076546682,1.0,0.0,0.0,0.016891729380510923
halueval-5742,halueval,1,5,0.9684984201233509,0.0008017573389414102,0.030699822537707745,1.0,0.0,0.0,0.016151668607795284
halueval-4375,halueval,1,5,0.9826993441391535,0.00042328314591742776,0.01687737271492914,1.0,0.0,0.0,0.008861969503381997
halueval-500,halueval,1,5,0.9869167989120111,0.004250793943094494,0.008832407144894552,1.0,0.0,0.0,0.00866699751554177
halueval-4189,halueval,1,5,0.9899811601829839,0.0017343680553695423,0.00828447176164644,1.0,0.0,0.0,0.005876603936192762
halueval-8678,halueval,0,5,0.9307723041548055,0.002219220535260369,0.06700847530993416,1.0,0.0,0.0,0.03572345819022745
halueval-9606,halueval,0,5,0.9629100753575923,0.006128405458573615,0.030961519183834097,1.0,0.0,0.0,0.021609165050490663
halueval-9572,halueval,0,5,0.9877907470066256,0.003528599314499463,0.008680653678874915,1.0,0.0,0.0,0.00786892615393692
halueval-2233,halueval,1,5,0.9806971005260442,0.0012406648887541834,0.018062234585201547,1.0,0.0,0.0,0.010271782181354957
halueval-4554,halueval,1,5,0.9758361115509506,0.004409122939558781,0.01975476550949049,1.0,0.0,0.0,0.014286505694304025
halueval-6475,halueval,1,5,0.9580392040285771,0.013539983630600192,0.028420812340822887,1.0,0.0,0.0,0.027750389801011636
halueval-5117,halueval,0,5,0.9889416077244972,0.0007766812163424636,0.010281711059160342,1.0,0.0,0.0,0.005917536745922635
halueval-6304,halueval,0,5,0.9657781187268123,0.002292533570553128,0.03192934770263446,1.0,0.0,0.0,0.01825720742187036
halueval-1285,halueval,1,5,0.9917543011101465,0.000658733608153504,0.007586965281700035,1.0,0.0,0.0,0.004452216249003521
halueval-5429,halueval,0,5,0.9697182625541977,0.0020132506671959455,0.02826848677860631,1.0,0.0,0.0,0.016147494056499102
halueval-269,halueval,0,5,0.9686201657020567,0.011834014373020955,0.019545819924922277,1.0,0.0,0.0,0.021606924335482093
halueval-4633,halueval,1,5,0.9810682364830022,0.0013175224889919225,0.01761424102800589,1.0,0.0,0.0,0.010124643002994867
halueval-7009,halueval,1,5,0.9683847761862289,0.0024043115993253655,0.029210912214445762,1.0,0.0,0.0,0.017009767706548246
halueval-4579,halueval,0,5,0.8751178650097466,0.05036541844909461,0.07451671654115853,1.0,0.0,0.0,0.08762377671967388
halueval-4827,halueval,0,5,0.9874870876679642,0.0004917585975291047,0.012021153734506709,1.0,0.0,0.0,0.006502335464782459
halueval-959,halueval,1,5,0.9638649890087674,0.0028066290784553648,0.033328381912777316,1.0,0.0,0.0,0.019470820034844023
halueval-1235,halueval,0,5,0.9877084686219909,0.001113561888766618,0.01117796948924249,1.0,0.0,0.0,0.006702546633387863
halueval-5645,halueval,0,5,0.9519407164609349,0.0013402262846468076,0.04671905725441845,1.0,0.0,0.0,0.024699754911856033
halueval-5696,halueval,0,5,0.9685746036752312,0.0023577321752973153,0.029067664149471546,1.0,0.0,0.0,0.01689156425003309
halueval-7482,halueval,1,5,0.9875476655629697,0.0018172022629230765,0.010635132174107328,1.0,0.0,0.0,0.00713476834997674
halueval-8134,halueval,1,5,0.9721941019262645,0.006838254934263153,0.020967643139472,1.0,0.0,0.0,0.017322076503999154
halueval-4617,halueval,0,5,0.9836582037908188,0.0032399663421294514,0.013101829867051745,1.0,0.0,0.0,0.009790881275655324
halueval-8698,halueval,1,5,0.980414812669858,0.0033893765170267182,0.016195810813115136,1.0,0.0,0.0,0.011487281923584286
halueval-3369,halueval,0,5,0.9591981854906996,0.0038721461079693556,0.03692966840133112,1.0,0.0,0.0,0.022336980308634916
halueval-1573,halueval,1,5,0.9911608424392797,0.0014945745125720358,0.007344583048148323,1.0,0.0,0.0,0.005166866036646197
halueval-9603,halueval,1,5,0.9661562172733067,0.007491889672345294,0.02635189305434813,1.0,0.0,0.0,0.02066783619951936
halueval-6196,halueval,1,5,0.9885311274923,0.0006601552930358896,0.010808717214664117,1.0,0.0,0.0,0.006064513900367948
halueval-1497,halueval,1,5,0.9654488695821659,0.000543843290984242,0.0340072871268499,1.0,0.0,0.0,0.017547486854409194
halueval-3186,halueval,0,5,0.989307160483601,0.0016825563213197416,0.0090102831950793,1.0,0.0,0.0,0.006187697918859392
halueval-402,halueval,0,5,0.7918711338364431,0.19173944253952716,0.016389423624029825,1.0,0.0,0.0,0.19993415435154208
halueval-2557,halueval,0,5,0.9588042860717152,0.0050373019013099235,0.036158412026974715,1.0,0.0,0.0,0.02311650791479728
halueval-1962,halueval,0,5,0.9853492108057509,0.002706649645458613,0.01194413954879045,1.0,0.0,0.0,0.008678719419853837
halueval-1921,halueval,0,5,0.9725131347887498,0.0020720887649116186,0.02541477644633867,1.0,0.0,0.0,0.014779476988080954
halueval-5917,halueval,1,5,0.9916992669603368,0.0006675410311981334,0.007633192008464976,1.0,0.0,0.0,0.004484137035430621
halueval-3798,halueval,1,5,0.983333747461247,0.00034211007799295456,0.016324142460760027,1.0,0.0,0.0,0.008504181308372967
halueval-506,halueval,0,5,0.9855511344886146,0.004441500936796885,0.010007364574588552,1.0,0.0,0.0,0.009445183224091162
halueval-7086,halueval,1,5,0.9930259311921107,0.0008285224349532246,0.00614554637293635,1.0,0.0,0.0,0.0039012956214213995
halueval-2160,halueval,0,5,0.9550905794821738,0.005117967843337621,0.039791452674488706,1.0,0.0,0.0,0.025013694180581976
halueval-1282,halueval,1,5,0.9721279222825722,0.0022040250071517923,0.02566805271027618,1.0,0.0,0.0,0.015038051362289882
halueval-5159,halueval,1,5,0.9590764959142236,0.0071178947459358665,0.03380560933984039,1.0,0.0,0.0,0.024020699415856064
halueval-8272,halueval,0,5,0.983333747461247,0.00034211007799295456,0.016324142460760027,1.0,0.0,0.0,0.008504181308372967
halueval-2323,halueval,0,5,0.6164258839061529,0.02393690115911624,0.3596372149347307,0.4,0.0,0.6,0.2037555086264816
halueval-5056,halueval,1,5,0.9826993441391535,0.00042328314591742776,0.01687737271492914,1.0,0.0,0.0,0.008861969503381997
halueval-2827,halueval,1,5,0.9860887227192471,0.0016186162860875014,0.012292660994665361,1.0,0.0,0.0,0.007764946783420182
halueval-648,halueval,0,5,0.983333747461247,0.00034211007799295456,0.016324142460760027,1.0,0.0,0.0,0.008504181308372967
halueval-2100,halueval,1,5,0.9878308910222643,0.0021717593995129597,0.009997349578222754,1.0,0.0,0.0,0.0071704341886243365
halueval-8868,halueval,1,5,0.7053771664724582,0.0014416772536654065,0.2931811562738764,1.0,0.0,0.0,0.1480322553906036
halueval-4087,halueval,1,5,0.9665587386091126,0.004996643399494076,0.02844461799139334,1.0,0.0,0.0,0.019218952395190746
halueval-6556,halueval,1,5,0.9710757876928812,0.005372811115776308,0.023551401191342455,1.0,0.0,0.0,0.017148511711447535
halueval-2871,halueval,1,5,0.9717999671677504,0.0006133001477207364,0.02758673268452901,1.0,0.0,0.0,0.01440666648998524
halueval-3712,halueval,0,5,0.9919741998802755,0.0012196423361683882,0.006806157783556012,1.0,0.0,0.0,0.004622721227946394
halueval-4220,halueval,0,5,0.5905510241087102,0.38051723027214096,0.0289317456191489,0.6,0.4,0.0,0.3949831030817154
halueval-7815,halueval,0,5,0.641861964958921,0.17881016239687691,0.1793278726442021,1.0,0.0,0.0,0.268474098718978
halueval-270,halueval,1,5,0.9530144787131725,0.008126345857670688,0.03885917542915673,1.0,0.0,0.0,0.02755593357224905
halueval-3301,halueval,0,5,0.9894734861369393,0.0012779456695470996,0.009248568193513522,1.0,0.0,0.0,0.005902229766303861
halueval-4142,halueval,0,5,0.9771619821357088,0.0016848268007572619,0.021153191063533746,1.0,0.0,0.0,0.012261422332524134
halueval-9682,halueval,0,5,0.9868018383360319,0.0017485483016930284,0.011449613362275155,1.0,0.0,0.0,0.007473354982830606
halueval-7843,halueval,0,5,0.9894025917622077,0.0014394664304143501,0.009157941807377766,1.0,0.0,0.0,0.0060184373341032335
halueval-1935,halueval,1,5,0.9346000898585898,0.019504140797888456,0.04589576934352185,1.0,0.0,0.0,0.04245202546964938
halueval-7814,halueval,1,5,0.9598685439654474,0.00835489128569521,0.03177656474885729,1.0,0.0,0.0,0.024243173660123855
halueval-5961,halueval,1,5,0.590916802736351,0.3971749371528144,0.011908260110834512,0.6,0.4,0.0,0.4031290672082316
halueval-9769,halueval,1,5,0.9865378596361569,0.002827875418606352,0.01063426494523651,1.0,0.0,0.0,0.008145007891224607
halueval-2291,halueval,0,5,0.30834399998120066,0.46532521723509773,0.22633078278370164,0.3,0.4,0.3,0.5784906086269486
halueval-1581,halueval,1,5,0.9854179247839043,0.0019181938230265025,0.012663881393069256,1.0,0.0,0.0,0.008250134519561131
halueval-6218,halueval,1,5,0.9559268935969719,0.006009495639642167,0.03806361076338592,1.0,0.0,0.0,0.025041301021335127
halueval-6194,halueval,0,5,0.9095267885098647,0.00812254993460817,0.08235066155552703,1.0,0.0,0.0,0.049297880712371685
halueval-450,halueval,1,5,0.9333926399302278,0.006641228518287176,0.059966131551485016,1.0,0.0,0.0,0.036624294294029684
halueval-1738,halueval,0,5,0.9870047350672998,0.0014491815057725602,0.011546083426927676,1.0,0.0,0.0,0.007222223219236398
halueval-5854,halueval,1,5,0.9519407164609349,0.0013402262846468076,0.04671905725441845,1.0,0.0,0.0,0.024699754911856033
halueval-5396,halueval,1,5,0.9880227341334484,0.0006719423293408715,0.011305323537210836,1.0,0.0,0.0,0.006324604097946289
halueval-3516,halueval,1,5,0.9803060491894481,0.003269022168024805,0.016424928642526947,1.0,0.0,0.0,0.011481486489288279
halueval-3692,halueval,0,5,0.979695537292679,0.006921729642472618,0.013382733064848207,1.0,0.0,0.0,0.013613096174896722
halueval-1527,halueval,0,5,0.9801818573211166,0.004508444973776435,0.015309697705107025,1.0,0.0,0.0,0.012163293826329948
halueval-87,halueval,1,5,0.983333747461247,0.00034211007799295456,0.016324142460760027,1.0,0.0,0.0,0.008504181308372967
halueval-5347,halueval,0,5,0.9620559210124533,0.008482729444059565,0.029461349543487208,1.0,0.0,0.0,0.023213404215803167
halueval-9003,halueval,0,5,0.9827971061410276,0.004225479249217656,0.012977414609754923,1.0,0.0,0.0,0.010714186554095118
halueval-60,halueval,1,5,0.9867899793516438,0.0030226259084526657,0.010187394739903334,1.0,0.0,0.0,0.008116323278404333
halueval-2735,halueval,0,5,0.9584145670212105,0.002310293346773168,0.03927513963201598,1.0,0.0,0.0,0.021947863162781158
halueval-2179,halueval,0,5,0.981642071966025,0.0009443905691325831,0.017413537464842237,1.0,0.0,0.0,0.009651159301553702
halueval-1495,halueval,1,5,0.9781493730403608,0.0030132976607250075,0.018837329298914397,1.0,0.0,0.0,0.012431962310182206
halueval-7492,halueval,1,5,0.942897757926619,0.009081430022546948,0.04802081205083397,1.0,0.0,0.0,0.03309183604796394
halueval-5558,halueval,1,5,0.9863962146506717,0.0009363968540143208,0.012667388495313814,1.0,0.0,0.0,0.007270091101671228
halueval-9265,halueval,0,5,0.9760785050548983,0.004425846387934562,0.019495648557166987,1.0,0.0,0.0,0.014173670666518055
halueval-3761,halueval,0,5,0.8965079462644054,0.0018218665726921425,0.10167018716290224,1.0,0.0,0.0,0.05265696015414326
halueval-9164,halueval,1,5,0.990982773817563,0.0012881452663413668,0.00772908091609587,1.0,0.0,0.0,0.005152685724389302
halueval-7556,halueval,1,5,0.983333747461247,0.00034211007799295456,0.016324142460760027,1.0,0.0,0.0,0.008504181308372967
halueval-9457,halueval,0,5,0.9921389544712863,0.0007847396418638386,0.007076305886849997,1.0,0.0,0.0,0.0043228925852888365
halueval-9602,halueval,0,5,0.9587895005462286,0.009443308628514033,0.031767190825257245,1.0,0.0,0.0,0.025326904041142656
halueval-7377,halueval,0,5,0.9903507209409271,0.000906783273895959,0.008742495785177062,1.0,0.0,0.0,0.00527803116648449
halueval-5060,halueval,0,5,0.9907142073835156,0.0008303012113123559,0.00845549140517218,1.0,0.0,0.0,0.005058046913898446
halueval-3300,halueval,0,5,0.9813370820486329,0.0034254324620186564,0.015237485489348519,1.0,0.0,0.0,0.011044175206692916
halueval-3541,halueval,0,5,0.9807036408695513,0.001143831240223349,0.01815252789022543,1.0,0.0,0.0,0.010220095185336064
halueval-3020,halueval,1,5,0.9920557002806165,0.0012596004954948615,0.006684699223888704,1.0,0.0,0.0,0.004601950107439213
halueval-1330,halueval,1,5,0.9869291551892461,0.0036326773355776624,0.009438167475176283,1.0,0.0,0.0,0.008351761073165804
halueval-6297,halueval,1,5,0.9613846207232548,0.007427808602294828,0.031187570674450254,1.0,0.0,0.0,0.023021593939519955
halueval-5033,halueval,0,5,0.983333747461247,0.00034211007799295456,0.016324142460760027,1.0,0.0,0.0,0.008504181308372967
halueval-8391,halueval,1,5,0.9824877622122713,0.0013580111755113727,0.016154226612217097,1.0,0.0,0.0,0.00943512448161992
halueval-3665,halueval,1,5,0.9793666448661205,0.0008596845291391536,0.019773670604740442,1.0,0.0,0.0,0.010746519831509375
halueval-1395,halueval,1,5,0.9571648731620941,0.0005733134492034543,0.04226181338870234,1.0,0.0,0.0,0.021704220143554626
halueval-8011,halueval,1,5,0.9321644892804475,0.039998383789984486,0.02783712692956809,1.0,0.0,0.0,0.05391694725476853
halueval-4878,halueval,1,5,0.9478160909351022,0.0009438383624705823,0.051240070702427434,1.0,0.0,0.0,0.0265638737136843
halueval-6117,halueval,0,5,0.9914737621718647,0.0006017933307478011,0.007924444497387533,1.0,0.0,0.0,0.004564015579441568
halueval-3187,halueval,1,5,0.8451402877722411,0.0625406670009653,0.09231904522679364,1.0,0.0,0.0,0.10870018961436212
halueval-1943,halueval,1,5,0.9271634218740814,0.01808038859437271,0.054756189531545665,1.0,0.0,0.0,0.045458483360145546
halueval-8306,halueval,0,5,0.7609924060774166,0.01895402777823723,0.2200535661443462,0.6,0.0,0.4,0.12898081085041033
halueval-5651,halueval,1,5,0.9827469800228116,0.005655712933905704,0.011597307043282767,1.0,0.0,0.0,0.011454366455547087
halueval-1516,halueval,1,5,0.9915823494464,0.000860333464807683,0.007557317088792534,1.0,0.0,0.0,0.00463899200920395
halueval-1159,halueval,0,5,0.9835009394937252,0.0008285014024164729,0.015670559103858176,1.0,0.0,0.0,0.00866378095434556
halueval-1930,halueval,1,5,0.983333747461247,0.00034211007799295456,0.016324142460760027,1.0,0.0,0.0,0.008504181308372967
halueval-7760,halueval,1,5,0.9909106606162055,0.0010650681474694576,0.008024271236325016,1.0,0.0,0.0,0.0050772037656319656
halueval-9111,halueval,1,5,0.9907058156585136,0.001695488184500378,0.0075986961569862125,1.0,0.0,0.0,0.005494836262993484
halueval-3336,halueval,1,5,0.9904471809058368,0.0015551184200050135,0.007997700674158158,1.0,0.0,0.0,0.005553968757084093
halueval-3183,halueval,0,5,0.9698330206484818,0.004292659191130171,0.0258743201603882,1.0,0.0,0.0,0.01722981927132427
halueval-7973,halueval,1,5,0.9848665853257061,0.0030315605400326145,0.01210185413426124,1.0,0.0,0.0,0.009082487607163235
halueval-9478,halueval,0,5,0.9783959172154347,0.005539978836327511,0.016064103948238068,1.0,0.0,0.0,0.013572030810446545
halueval-6875,halueval,0,5,0.9867363289701838,0.003926904179173079,0.009336766850642891,1.0,0.0,0.0,0.008595287604494524
halueval-3031,halueval,0,5,0.9632889321206072,0.005606725147325829,0.031104342732067046,1.0,0.0,0.0,0.02115889651335935
halueval-1655,halueval,0,5,0.9901002228494715,0.0012285591054806131,0.008671218045048074,1.0,0.0,0.0,0.00556416812800465
halueval-3029,halueval,1,5,0.983333747461247,0.00034211007799295456,0.016324142460760027,1.0,0.0,0.0,0.008504181308372967
halueval-5902,halueval,0,5,0.683888679523848,0.25299133083185177,0.0631199896443003,1.0,0.0,0.0,0.28455132565400193
halueval-2767,halueval,1,5,0.983333747461247,0.00034211007799295456,0.016324142460760027,1.0,0.0,0.0,0.008504181308372967
halueval-1499,halueval,1,5,0.960253607159203,0.009333187088403232,0.03041320575239382,1.0,0.0,0.0,0.024539789964600142
halueval-422,halueval,0,5,0.9893230850910252,0.0005134514255586784,0.01016346348341624,1.0,0.0,0.0,0.005595183167266799
halueval-2456,halueval,1,5,0.9684709401018287,0.003532977894396077,0.027996082003775413,1.0,0.0,0.0,0.017531018896283782
halueval-1889,halueval,0,5,0.9782802630083299,0.006927434499023303,0.01479230249264656,1.0,0.0,0.0,0.014323585745346583
halueval-3906,halueval,0,5,0.9921478348316006,0.0006426092206309651,0.007209555947768437,1.0,0.0,0.0,0.0042473871945151835
halueval-7212,halueval,0,5,0.9686244154398101,0.0052814508406195965,0.026094133719570152,1.0,0.0,0.0,0.018328517700404674
halueval-1698,halueval,0,5,0.9694434503754656,0.005177157702513493,0.02537939192202094,1.0,0.0,0.0,0.017866853663523963
halueval-3449,halueval,0,5,0.9512958755757566,0.004637515766189155,0.04406660865805411,1.0,0.0,0.0,0.02667082009521621
halueval-8091,halueval,0,5,0.9895923071174237,0.0019533220535761097,0.00845437082900009,1.0,0.0,0.0,0.006180507468076154
halueval-3365,halueval,0,5,0.9909056535682371,0.0012582689869687946,0.007836077444794077,1.0,0.0,0.0,0.005176307709365833
halueval-9647,halueval,1,5,0.9759242625905232,0.0072247052675195374,0.016851032141957056,1.0,0.0,0.0,0.015650221338498065
halueval-448,halueval,1,5,0.9687341825238228,0.0013176098849118664,0.029948207591265617,1.0,0.0,0.0,0.016291713680544676
halueval-7710,halueval,1,5,0.9712369007798877,0.007059447427328819,0.021703651792783503,1.0,0.0,0.0,0.01791127332372057
halueval-7873,halueval,0,5,0.9830246264103909,0.000802219289746944,0.016173154299861887,1.0,0.0,0.0,0.008888796439677887
halueval-3968,halueval,1,5,0.9704720000157051,0.009456240732042747,0.020071759252252287,1.0,0.0,0.0,0.019492120358168892
halueval-2782,halueval,0,5,0.9585278919698356,0.002492697902147221,0.0389794101280173,1.0,0.0,0.0,0.02198240296615587
halueval-6355,halueval,1,5,0.974767216165161,0.0007663321185861858,0.024466451716252557,1.0,0.0,0.0,0.012999557976712465
halueval-3427,halueval,1,5,0.9631885697436658,0.009095356318542254,0.027716073937791862,1.0,0.0,0.0,0.022953393287438187
halueval-4001,halueval,0,5,0.9836870674956739,0.0026432524049482616,0.013669680099377995,1.0,0.0,0.0,0.009478092454637259
halueval-182,halueval,1,5,0.9594068362290333,0.0032212028049760214,0.03737196096599087,1.0,0.0,0.0,0.02190718328797146
halueval-5076,halueval,1,5,0.9911715460911678,0.0011875936418551535,0.007640860266977208,1.0,0.0,0.0,0.005008023775343757
halueval-2248,halueval,0,5,0.9823098976273525,0.005063260590353614,0.012626841782293747,1.0,0.0,0.0,0.011376681481500488
halueval-9169,halueval,0,5,0.5882982056328452,0.39985745196925826,0.011844342397896584,0.6,0.4,0.0,0.40577962316820654
halueval-3746,halueval,1,5,0.983333747461247,0.00034211007799295456,0.016324142460760027,1.0,0.0,0.0,0.008504181308372967
halueval-6936,halueval,1,5,0.9901575110697838,0.0016449071373571592,0.008197581792859027,1.0,0.0,0.0,0.005743698033786673
halueval-7425,halueval,0,5,0.9804424675941575,0.0044989915411403686,0.015058540864702125,1.0,0.0,0.0,0.012028261973491432
halueval-5372,halueval,0,5,0.983333747461247,0.00034211007799295456,0.016324142460760027,1.0,0.0,0.0,0.008504181308372967
halueval-1636,halueval,0,5,0.9410760424366705,0.013321862370702733,0.04560209519262646,1.0,0.0,0.0,0.03612290996701596
halueval-1099,halueval,1,5,0.990278602123318,0.001617308878055397,0.008104088998626595,1.0,0.0,0.0,0.005669353377368695
halueval-3969,halueval,0,5,0.9826993441391535,0.00042328314591742776,0.01687737271492914,1.0,0.0,0.0,0.008861969503381997
halueval-1205,halueval,0,5,0.9902025719297567,0.0012355509631545567,0.008561877107088636,1.0,0.0,0.0,0.005516489516698874
halueval-2328,halueval,1,5,0.9713944869086314,0.001965061402115755,0.02664045168925282,1.0,0.0,0.0,0.015285287246742165
halueval-5524,halueval,1,5,0.9703181869124563,0.0031377502451296487,0.026544062842413875,1.0,0.0,0.0,0.016409781666336585
halueval-2595,halueval,1,5,0.9893104171852182,0.0017934168037887041,0.008896166010992957,1.0,0.0,0.0,0.0062414998092851824
halueval-4254,halueval,0,5,0.7918553605443279,0.002622359280915771,0.2055222801747562,0.6,0.0,0.4,0.10538349936829387
halueval-4586,halueval,1,5,0.9243137043148393,0.026555172272005618,0.04913112341315519,1.0,0.0,0.0,0.051120733978583216
halueval-5634,halueval,1,5,0.7813551443651644,0.007090204526883864,0.21155465110795166,0.6,0.0,0.4,0.11286753008085969
halueval-7233,halueval,1,5,0.7806697704881358,0.01051358598350982,0.20881664352835413,0.6,0.0,0.4,0.11492190774768689
halueval-439,halueval,1,5,0.9874209417898167,0.002772243802173251,0.009806814408010121,1.0,0.0,0.0,0.007675651006178312
halueval-41,halueval,0,5,0.9716995380554406,0.0009912860418279002,0.02730917590273142,1.0,0.0,0.0,0.01464587399319361
halueval-1708,halueval,0,5,0.9744771190566126,0.004503547507342562,0.0210193334360447,1.0,0.0,0.0,0.015013214225364913
halueval-2447,halueval,0,5,0.9817141213589118,0.004043536018757168,0.014242342622331141,1.0,0.0,0.0,0.011164707329922738
halueval-5260,halueval,0,5,0.9915496028514159,0.0013819881541742604,0.007068408994409995,1.0,0.0,0.0,0.004916192651379258
halueval-9384,halueval,1,5,0.9856920655607203,0.0007573592632835016,0.013550575175996057,1.0,0.0,0.0,0.00753264685128153
halueval-8142,halueval,1,5,0.9893191805477679,0.0025422973961486506,0.008138522056083407,1.0,0.0,0.0,0.006611558424190355
halueval-6774,halueval,1,5,0.9908690315013079,0.0009109356427642814,0.008220032855927638,1.0,0.0,0.0,0.005020952070728101
halueval-5297,halueval,0,5,0.977351669251909,0.007512214995576192,0.0151361157525149,1.0,0.0,0.0,0.015080272871833642
halueval-4344,halueval,1,5,0.9926451788081845,0.0008262859013649113,0.006528535290450517,1.0,0.0,0.0,0.00409055354659017
halueval-7712,halueval,0,5,0.9899049399637617,0.0009505429218630466,0.009144517114375025,1.0,0.0,0.0,0.005522801479050559
halueval-6808,halueval,0,5,0.9276241541731916,0.03606234196937923,0.036313503857429305,1.0,0.0,0.0,0.05421909389809388
halueval-6457,halueval,1,5,0.9528928984139922,0.013875692876327367,0.033231408709680485,1.0,0.0,0.0,0.03049139723116761
halueval-6243,halueval,0,5,0.9598435952255446,0.005718609150489956,0.03443779562396534,1.0,0.0,0.0,0.022937506962472626
halueval-2756,halueval,1,5,0.9654488695821659,0.000543843290984242,0.0340072871268499,1.0,0.0,0.0,0.017547486854409194
halueval-5004,halueval,0,5,0.6755365297497393,0.22459760271267296,0.09986586753758783,1.0,0.0,0.0,0.27453053648146686
halueval-2998,halueval,0,5,0.9593420465448623,0.007884944591730062,0.03277300886340767,1.0,0.0,0.0,0.024271449023433898
halueval-7528,halueval,1,5,0.9796807736391318,0.0027494998303645053,0.01756972653050376,1.0,0.0,0.0,0.011534363095616385
halueval-7742,halueval,1,5,0.9535370249525286,0.003625967851246463,0.042837007196224915,1.0,0.0,0.0,0.02504447144935892
halueval-1957,halueval,1,5,0.933919939111185,0.010787791405338282,0.05529226948347673,1.0,0.0,0.0,0.03843392614707665
halueval-2361,halueval,1,5,0.9893230850910252,0.0005134514255586784,0.01016346348341624,1.0,0.0,0.0,0.005595183167266799
halueval-7357,halueval,1,5,0.9838027786490644,0.0008233999666547463,0.015373821384280978,1.0,0.0,0.0,0.008510310658795235
halueval-5244,halueval,0,5,0.9286534447785082,0.022167437853435258,0.04917911736805668,1.0,0.0,0.0,0.046756996537463597
halueval-6940,halueval,1,5,0.4627129081994578,0.02653395777913417,0.5107531340214082,0.6,0.0,0.4,0.28191052478983825
halueval-7146,halueval,0,5,0.990190151159899,0.0006955067211275728,0.009114342118973539,1.0,0.0,0.0,0.005252677780614342
halueval-501,halueval,0,5,0.9858850116836108,0.0010068114062699268,0.013108176910119198,1.0,0.0,0.0,0.007560899861329526
halueval-9990,halueval,0,5,0.9816973899244192,0.0036642840490748985,0.014638326026505926,1.0,0.0,0.0,0.010983447062327862
halueval-9570,halueval,1,5,0.8770546790579454,0.04171879546606882,0.08122652547598598,1.0,0.0,0.0,0.08233205820406181
halueval-8214,halueval,0,5,0.3430479428918066,0.0944138151325356,0.5625382419756577,0.2,0.0,0.8,0.37568293612036446
halueval-1343,halueval,0,5,0.964665879678196,0.007059520639182982,0.02827459968262087,1.0,0.0,0.0,0.021196820480493418
halueval-2475,halueval,0,5,0.9293417999268078,0.022762535259002244,0.047895664814189935,1.0,0.0,0.0,0.04671036766609721
halueval-1579,halueval,1,5,0.9621199981158405,0.006580341182593053,0.03129966070156616,1.0,0.0,0.0,0.02223017153337613
halueval-3904,halueval,0,5,0.9839716090780973,0.0008577013188511039,0.015170689603051684,1.0,0.0,0.0,0.008443046120376945
halueval-9924,halueval,1,5,0.9780033235438632,0.006659972158443819,0.015336704297693229,1.0,0.0,0.0,0.014328324307290433
halueval-8405,halueval,1,5,0.9711580249035171,0.0013504831644313036,0.02749149193205148,1.0,0.0,0.0,0.015096229130457044
halueval-9764,halueval,0,5,0.9689082981135877,0.0033497368700748306,0.027741965016337328,1.0,0.0,0.0,0.017220719378243494
halueval-456,halueval,1,5,0.9840667620273399,0.0014145244282442165,0.014518713544415796,1.0,0.0,0.0,0.008673881200452115
halueval-4632,halueval,0,5,0.9651261439506806,0.006486420012571123,0.02838743603674828,1.0,0.0,0.0,0.02068013803094526
halueval-8455,halueval,1,5,0.9309651182775747,0.007054358004041195,0.061980523718384126,1.0,0.0,0.0,0.03804461986323326
halueval-195,halueval,1,5,0.9891191802526753,0.001689799781785845,0.00919101996553882,1.0,0.0,0.0,0.006285309764555255
halueval-5433,halueval,1,5,0.9920073753182412,0.0007063021346541063,0.007286322547104375,1.0,0.0,0.0,0.004349463408206294
halueval-8459,halueval,1,5,0.9855928586774866,0.0038248733304032403,0.010582267992110313,1.0,0.0,0.0,0.009116007326458397
halueval-5318,halueval,1,5,0.6946239559836289,0.001860660286898431,0.30351538372947273,0.4,0.0,0.6,0.1536183521516348
halueval-1435,halueval,1,5,0.9813159164040947,0.005281331565030391,0.01340275203087496,1.0,0.0,0.0,0.01198270758046787
halueval-9992,halueval,0,5,0.8623609062817282,0.031913151990090795,0.10572594172818091,1.0,0.0,0.0,0.08477612285418125
halueval-5969,halueval,1,5,0.9825415606758346,0.005193171314431761,0.012265268009733406,1.0,0.0,0.0,0.011325805319298464
halueval-8093,halueval,1,5,0.9777086007349794,0.004832093043542588,0.01745930622147774,1.0,0.0,0.0,0.013561746154281459
halueval-4035,halueval,1,5,0.9863864182348779,0.0022291343541539234,0.011384447410968357,1.0,0.0,0.0,0.007921358059638102
halueval-5621,halueval,1,5,0.955297026142442,0.009456860850077341,0.03524611300748055,1.0,0.0,0.0,0.027079917353817616
halueval-1741,halueval,1,5,0.9645885612568144,0.0042268174560039905,0.031184621287181514,1.0,0.0,0.0,0.019819128099594747
halueval-3658,halueval,1,5,0.9868926482874276,0.0012297135926168797,0.0118776381199557,1.0,0.0,0.0,0.007168532652594729
halueval-1595,halueval,0,5,0.9922717278817895,0.0015197450896331038,0.006208527028577425,1.0,0.0,0.0,0.004624008603921816
halueval-9747,halueval,1,5,0.9805877098407982,0.006021273537997218,0.01339101662120427,1.0,0.0,0.0,0.012716781848599354
halueval-126,halueval,0,5,0.9721682551531199,0.0033939737913974343,0.024437771055482557,1.0,0.0,0.0,0.015612859319138712
halueval-1420,halueval,1,5,0.9892774158416534,0.001092948771505857,0.009629635386840864,1.0,0.0,0.0,0.005907766464926289
halueval-7858,halueval,1,5,0.9826993441391535,0.00042328314591742776,0.01687737271492914,1.0,0.0,0.0,0.008861969503381997
halueval-8671,halueval,0,5,0.9685268934090094,0.006382721036749349,0.02509038555424099,1.0,0.0,0.0,0.018927913813869844
halueval-7065,halueval,0,5,0.9725741852976018,0.007908545907542251,0.019517268794855738,1.0,0.0,0.0,0.01766718030497012
halueval-9746,halueval,1,5,0.946921893691407,0.011427948988099196,0.04165015732049372,1.0,0.0,0.0,0.03225302764834606
halueval-7559,halueval,1,5,0.9614209997039025,0.0014487553270997237,0.03713024496899791,1.0,0.0,0.0,0.02001387781159868
halueval-7251,halueval,0,5,0.9613733996060165,0.010432320521309551,0.02819427987267385,1.0,0.0,0.0,0.024529460457646476
halueval-7593,halueval,0,5,0.9692202690198293,0.004324747158533615,0.026454983821636958,1.0,0.0,0.0,0.017552239069352094
halueval-5232,halueval,0,5,0.9732062653650713,0.00334395075853216,0.023449783876396357,1.0,0.0,0.0,0.015068842696730339
halueval-9689,halueval,1,5,0.9846438555681051,0.004272974674502597,0.01108316975739229,1.0,0.0,0.0,0.00981455955319874
halueval-9701,halueval,0,5,0.9887650757162973,0.0021868354353383355,0.00904808884836442,1.0,0.0,0.0,0.006710879859520545
halueval-7424,halueval,1,5,0.9703836256501243,0.008123940421101029,0.021492433928774788,1.0,0.0,0.0,0.018870157385488424
halueval-697,halueval,1,5,0.9922403586702657,0.0007334551072141562,0.0070261862225201865,1.0,0.0,0.0,0.004246548218474249
halueval-5250,halueval,0,5,0.9844098285230265,0.002681650038125337,0.012908521438848125,1.0,0.0,0.0,0.009135910757549399
halueval-7202,halueval,1,5,0.9923330108335111,0.0011776168025125996,0.0064893723639765,1.0,0.0,0.0,0.00442230298450085
halueval-1771,halueval,1,5,0.985820742146376,0.002329390211670011,0.011849867641954026,1.0,0.0,0.0,0.008254324032647024
halueval-266,halueval,1,5,0.9808475672254694,0.005959356303981226,0.013193076470549455,1.0,0.0,0.0,0.012555894539255954
halueval-8309,halueval,0,5,0.9590872194657308,0.00822379464118567,0.03268898589308352,1.0,0.0,0.0,0.02456828758772743
halueval-4751,halueval,0,5,0.9918242119556833,0.0008508752552788049,0.00732491278903778,1.0,0.0,0.0,0.004513331649797695
halueval-2529,halueval,1,5,0.9548572934381603,0.004397434236648345,0.04074527232519127,1.0,0.0,0.0,0.02477007039924398
halueval-9134,halueval,1,5,0.9759392245172979,0.0041366931612625,0.019924082321439683,1.0,0.0,0.0,0.014098734321982342
halueval-3070,halueval,1,5,0.9602350436549424,0.00783768600547523,0.03192727033958236,1.0,0.0,0.0,0.023801321175266413
halueval-2915,halueval,1,5,0.9690306353826428,0.011253271706693806,0.019716092910663584,1.0,0.0,0.0,0.021111318162025598
halueval-2670,halueval,0,5,0.9795358183269698,0.0019718763675325756,0.01849230530549763,1.0,0.0,0.0,0.011218029020281392
halueval-7398,halueval,0,5,0.9727526265491871,0.004259657283233273,0.022987716167579546,1.0,0.0,0.0,0.015753515367023047
halueval-9604,halueval,1,5,0.9593253477376497,0.011417232067492159,0.029257420194858164,1.0,0.0,0.0,0.02604594216492124
halueval-23,halueval,0,5,0.9868118605913343,0.0011030905284791434,0.012085048880186576,1.0,0.0,0.0,0.007145614968572431
halueval-7756,halueval,0,5,0.983333747461247,0.00034211007799295456,0.016324142460760027,1.0,0.0,0.0,0.008504181308372967
halueval-9417,halueval,0,5,0.9821358754864755,0.00290611027737762,0.014958014236146849,1.0,0.0,0.0,0.010385117395451044
halueval-7271,halueval,0,5,0.8099678847083135,0.05689668344203734,0.133135431849649,1.0,0.0,0.0,0.12346439936686184
halueval-9993,halueval,1,5,0.683397193733599,0.005069227994578969,0.311533578271822,0.4,0.0,0.6,0.16083601713048995
halueval-5469,halueval,1,5,0.7748997877359208,0.042106965832708496,0.18299324643137055,1.0,0.0,0.0,0.13360358904839376
halueval-6463,halueval,0,5,0.9643163824733877,0.002891762448422945,0.0327918550781894,1.0,0.0,0.0,0.019287689987517644
halueval-6414,halueval,1,5,0.5880979812837849,0.39974145251448584,0.01216056620172928,0.6,0.4,0.0,0.40582173561535045
halueval-8796,halueval,0,5,0.9876000972998428,0.0029521647717166157,0.009447737928440838,1.0,0.0,0.0,0.007676033735937034
halueval-5576,halueval,1,5,0.9803635705739552,0.001988574588437861,0.01764785483760693,1.0,0.0,0.0,0.010812502007241325
halueval-6640,halueval,1,5,0.6910379443261847,0.010623240520570681,0.29833881515324473,1.0,0.0,0.0,0.15979264809719304
halueval-1144,halueval,0,5,0.9725447185355632,0.003710498198347797,0.02374478326608887,1.0,0.0,0.0,0.015582889831392232
halueval-4286,halueval,0,5,0.9847360724359063,0.002660449196036179,0.012603478368057624,1.0,0.0,0.0,0.008962188380064991
halueval-2401,halueval,1,5,0.5148057761775224,0.3013586699180775,0.18383555390440015,0.7,0.3,0.0,0.39327644687027763
halueval-9640,halueval,1,5,0.9386420621478623,0.014452909873869768,0.04690502797826766,1.0,0.0,0.0,0.0379054238630036
halueval-6040,halueval,0,5,0.9297518895402928,0.017135143831869946,0.05311296662783731,1.0,0.0,0.0,0.0436916271457886
halueval-4168,halueval,0,5,0.9672564781342763,0.0016383992705256048,0.031105122595198077,1.0,0.0,0.0,0.017190960568124643
halueval-6627,halueval,0,5,0.9550472389105223,0.004703928295833112,0.04024883279364429,1.0,0.0,0.0,0.024828344692655255
halueval-8438,halueval,1,5,0.9628303401665056,0.004684099041167117,0.03248556079232725,1.0,0.0,0.0,0.020926879437330743
halueval-2820,halueval,1,5,0.9791365683273596,0.0028550926031549882,0.01800833906948526,1.0,0.0,0.0,0.011859262137897618
halueval-8547,halueval,0,5,0.9732265740547325,0.0019719230068239715,0.02480150293844361,1.0,0.0,0.0,0.014372674476045778
halueval-5725,halueval,0,5,0.9341934658380227,0.006689119149099543,0.05911741501287752,1.0,0.0,0.0,0.0362478266555383
halueval-5927,halueval,1,5,0.975888508695659,0.00581816136910525,0.0182933299352355,1.0,0.0,0.0,0.014964826336723
halueval-7332,halueval,1,5,0.9386110696122646,0.018508792108338633,0.042880138279396525,1.0,0.0,0.0,0.0399488612480369
halueval-8965,halueval,0,5,0.983333747461247,0.00034211007799295456,0.016324142460760027,1.0,0.0,0.0,0.008504181308372967
halueval-9180,halueval,1,5,0.9890466504497507,0.001917763444729838,0.009035586105519581,1.0,0.0,0.0,0.006435556497489629
halueval-989,halueval,0,5,0.9642118505450702,0.007026173619311985,0.028761975835617532,1.0,0.0,0.0,0.02140716153712075
halueval-4933,halueval,0,5,0.9625187646947589,0.003739879558369683,0.03374135574687141,1.0,0.0,0.0,0.020610557431805388
halueval-5748,halueval,1,5,0.9628739672752487,0.009662359842956936,0.027463672881794472,1.0,0.0,0.0,0.023394196283854172
halueval-210,halueval,0,5,0.9566138341105848,0.007080657380859412,0.036305508508555726,1.0,0.0,0.0,0.025233411635137273
halueval-980,halueval,0,5,0.9773441844934627,0.0042864439453869415,0.018369371561150472,1.0,0.0,0.0,0.013471129725962178
halueval-348,halueval,1,5,0.9601244056175264,0.0051591035461672485,0.03471649083630646,1.0,0.0,0.0,0.022517348964320477
halueval-976,halueval,0,5,0.9852643971345854,0.0007762809318239728,0.013959321933590627,1.0,0.0,0.0,0.007755941898619286
halueval-170,halueval,1,5,0.9841552878054923,0.0037230207283678643,0.012121691466139894,1.0,0.0,0.0,0.009783866461437812
halueval-1131,halueval,0,5,0.97813291047089,0.005459240434613654,0.016407849094496448,1.0,0.0,0.0,0.013663164981861878
halueval-2816,halueval,1,5,0.9909847136993124,0.0007432834865242443,0.008272002814163518,1.0,0.0,0.0,0.004879284893606004
halueval-6916,halueval,1,5,0.7914079206841882,0.00217614302520633,0.20641593629060567,1.0,0.0,0.0,0.10538411117050916
halueval-5011,halueval,1,5,0.9733327965462151,0.003758416950715981,0.022908786503068972,1.0,0.0,0.0,0.015212810202250467
halueval-6230,halueval,0,5,0.9836465580228053,0.0015881457649125669,0.014765296212282241,1.0,0.0,0.0,0.008970793871053687
halueval-9398,halueval,1,5,0.9293354277484095,0.01796387124411814,0.05270070100747213,1.0,0.0,0.0,0.04431422174785421
halueval-2975,halueval,1,5,0.9880571612592514,0.0017893244985510005,0.010153514242197667,1.0,0.0,0.0,0.0068660816196498345
halueval-6646,halueval,0,5,0.9810977508840366,0.0032223703529905357,0.015679878762972894,1.0,0.0,0.0,0.011062309734476982
halueval-8212,halueval,0,5,0.9786093521541585,0.00401310225108824,0.01737754559475343,1.0,0.0,0.0,0.012701875048464956
halueval-4681,halueval,0,5,0.9478160909351022,0.0009438383624705823,0.051240070702427434,1.0,0.0,0.0,0.0265638737136843
halueval-804,halueval,0,5,0.9563290180626829,0.003883669081532897,0.039787312855784074,1.0,0.0,0.0,0.023777325509424935
halueval-4739,halueval,0,5,0.9908022164614406,0.0008702676661595195,0.008327515872400052,1.0,0.0,0.0,0.005034025602359545
halueval-4197,halueval,1,5,0.9843658682039701,0.00317857864092359,0.012455553155106453,1.0,0.0,0.0,0.009406355218476816
halueval-4733,halueval,1,5,0.9846678160186648,0.0028404680278683024,0.012491715953466603,1.0,0.0,0.0,0.009086326004601604
halueval-9186,halueval,1,5,0.9776308374443106,0.0077164364791751,0.01465272607651441,1.0,0.0,0.0,0.015042799517432304
halueval-642,halueval,1,5,0.9826993441391535,0.00042328314591742776,0.01687737271492914,1.0,0.0,0.0,0.008861969503381997
halueval-2085,halueval,1,5,0.9500010086578984,0.0034824383725023168,0.0465165529695991,1.0,0.0,0.0,0.026740714857301867
halueval-4941,halueval,0,5,0.990013328862559,0.0027346725948476426,0.007251998542593516,1.0,0.0,0.0,0.006360671866144401
halueval-4046,halueval,1,5,0.6951058196073419,0.004679017129847658,0.30021516326281045,1.0,0.0,0.0,0.1547865987612529
halueval-9330,halueval,1,5,0.9885347463247284,0.0013221725453886322,0.010143081129883044,1.0,0.0,0.0,0.0063937131103301535
halueval-5877,halueval,0,5,0.9532572391100963,0.013444608213540519,0.03329815267636331,1.0,0.0,0.0,0.030093684551722174
halueval-9834,halueval,1,5,0.7270366294811621,0.007994739201882537,0.26496863131695536,1.0,0.0,0.0,0.14047905486036022
halueval-5296,halueval,1,5,0.9564389410397046,0.015850551125117338,0.027710507835178123,1.0,0.0,0.0,0.0297058050427064
halueval-2320,halueval,1,5,0.9653320593553586,0.015326834423048354,0.0193411062215929,1.0,0.0,0.0,0.024997387533844805
halueval-7019,halueval,0,5,0.3809667286775709,0.5983609516147179,0.020672319707710985,0.4,0.6,0.0,0.6086971114685734
halueval-2497,halueval,0,5,0.9657201264989592,0.0050872569226710395,0.029192616578369534,1.0,0.0,0.0,0.019683565211855807
halueval-5461,halueval,0,5,0.2749818195377325,0.008322143549273311,0.7166960369129943,0.3,0.0,0.7,0.36667016200577046
halueval-1231,halueval,1,5,0.9642725938685459,0.004059124287659707,0.03166828184379451,1.0,0.0,0.0,0.019893265209556962
halueval-9493,halueval,1,5,0.9845606154341221,0.0020577593210882447,0.013381625244789596,1.0,0.0,0.0,0.008748571943483042
halueval-3974,halueval,0,5,0.9606358798007051,0.004597862981700458,0.03476625721759468,1.0,0.0,0.0,0.0219809915904978
halueval-4297,halueval,0,5,0.9420683799415321,0.007196591770935591,0.05073502828753229,1.0,0.0,0.0,0.032564105914701734
halueval-7566,halueval,1,5,0.9647057926806287,0.0009283163799640533,0.0343658909394073,1.0,0.0,0.0,0.0181112618496677
halueval-4151,halueval,1,5,0.9828809019801896,0.0007724756256301578,0.016346622394180256,1.0,0.0,0.0,0.008945786822720285
halueval-268,halueval,1,5,0.46724882021592506,0.03636027535117287,0.4963909044329021,0.2,0.0,0.8,0.28455572756762393
halueval-8663,halueval,1,5,0.9883631858152453,0.0007100320697051961,0.010926782115049521,1.0,0.0,0.0,0.0061734231272299565
halueval-1278,halueval,1,5,0.9722545663432086,0.0010180841924673782,0.02672734946432389,1.0,0.0,0.0,0.014381758924629322
halueval-6226,halueval,1,5,0.9895946750776441,0.0015377106466958653,0.00886761427566028,1.0,0.0,0.0,0.005971517784526006
halueval-104,halueval,0,5,0.9846578101823622,0.0008111469946742005,0.014531042822963714,1.0,0.0,0.0,0.008076668406156057
halueval-7930,halueval,1,5,0.7771419517328362,0.004139450669012,0.21871859759815182,0.6,0.0,0.4,0.11349874946808791
halueval-1737,halueval,0,5,0.985997499761987,0.0008979550115818207,0.013104545226431097,1.0,0.0,0.0,0.007450227624797369
halueval-1057,halueval,0,5,0.9685491323223436,0.006310980798303474,0.025139886879352875,1.0,0.0,0.0,0.018880924237979914
halueval-5405,halueval,0,5,0.9145962595694961,0.04606324845855179,0.039340491971952,1.0,0.0,0.0,0.06573349444452779
halueval-2013,halueval,1,5,0.9826993441391535,0.00042328314591742776,0.01687737271492914,1.0,0.0,0.0,0.008861969503381997
halueval-1092,halueval,1,5,0.9884276878289155,0.002320144458184491,0.009252167712899934,1.0,0.0,0.0,0.006946228314634458
halueval-803,halueval,1,5,0.8965909035967903,0.01346234322624309,0.08994675317696661,1.0,0.0,0.0,0.058435719814726395
halueval-7312,halueval,0,5,0.9889620147628102,0.0005925898103469059,0.0104453954268427,1.0,0.0,0.0,0.005815287523768256
halueval-6020,halueval,1,5,0.9905120642415973,0.001374643221503738,0.008113292536899,1.0,0.0,0.0,0.005431289489953238
halueval-2943,halueval,0,5,0.9658273807232087,0.014609995977593234,0.019562623299198032,1.0,0.0,0.0,0.02439130762719225
halueval-7383,halueval,1,5,0.9496855243565422,0.0014696888072896646,0.04884478683616829,1.0,0.0,0.0,0.02589208222537381
halueval-9475,halueval,0,5,0.9786612165864218,0.0021643975567917583,0.019174385856786498,1.0,0.0,0.0,0.011751590485185008
halueval-33,halueval,1,5,0.992873361314731,0.0007077958440140028,0.006418842841254877,1.0,0.0,0.0,0.003917217264641441
halueval-2761,halueval,0,5,0.9651303056944533,0.005683930224378271,0.029185764081168485,1.0,0.0,0.0,0.020276812264962515
halueval-3124,halueval,0,5,0.9760473835715532,0.004424528022726401,0.019528088405720352,1.0,0.0,0.0,0.014188572225586577
halueval-2213,halueval,1,5,0.9809387053959663,0.0008846918119089607,0.018176602792124737,1.0,0.0,0.0,0.009972993207971329
halueval-6131,halueval,0,5,0.39342511600168767,0.5992678873956132,0.00730699660269922,0.4,0.6,0.0,0.6029213856969629
halueval-4580,halueval,1,5,0.9571648731620941,0.0005733134492034543,0.04226181338870234,1.0,0.0,0.0,0.021704220143554626
halueval-4931,halueval,0,5,0.980686844692252,0.0014393434271884689,0.017873811880559497,1.0,0.0,0.0,0.010376249367468218
halueval-6532,halueval,1,5,0.9529405043822153,0.007255548966375857,0.03980394665140896,1.0,0.0,0.0,0.027157522292080336
halueval-8821,halueval,1,5,0.5789131677343446,0.3896738393194723,0.0314129929461829,0.6,0.4,0.0,0.4053803357925638
halueval-7382,halueval,1,5,0.9834924154143568,0.004180636129665684,0.0123269484559777,1.0,0.0,0.0,0.010344110357654535
halueval-6417,halueval,0,5,0.9843705290521572,0.0007858928548509527,0.014843578092991949,1.0,0.0,0.0,0.008207681901346927
halueval-9039,halueval,0,5,0.9714533094478449,0.0030913089348190348,0.025455381617336226,1.0,0.0,0.0,0.015818999743487147
halueval-8775,halueval,1,5,0.9724883040255389,0.0014810831230025682,0.026030612851458614,1.0,0.0,0.0,0.014496389548731874
halueval-7893,halueval,1,5,0.9775257111445095,0.004719226248908753,0.01775506260658171,1.0,0.0,0.0,0.013596757552199608
halueval-7827,halueval,0,5,0.9797780936534416,0.004293489640362852,0.015928416706195738,1.0,0.0,0.0,0.012257697993460721
halueval-8969,halueval,1,5,0.977910915689604,0.0030768027533726663,0.019012281557023274,1.0,0.0,0.0,0.012582943531884303
halueval-7188,halueval,1,5,0.9504793729426637,0.010314593286498613,0.03920603377083754,1.0,0.0,0.0,0.029917610171917384
halueval-3445,halueval,1,5,0.9673851892618656,0.004377229662985717,0.028237581075148777,1.0,0.0,0.0,0.018496020200560105
halueval-4526,halueval,1,5,0.9704731344968345,0.005770962771043579,0.023755902732122147,1.0,0.0,0.0,0.017648914137104652
halueval-2896,halueval,0,5,0.6919899730552508,0.0010687679132051011,0.3069412590315442,0.4,0.0,0.6,0.15453939742897718
halueval-3033,halueval,0,5,0.9863394669366821,0.0006368729167992198,0.01302366014651855,1.0,0.0,0.0,0.007148702990058495
halueval-7880,halueval,1,5,0.9169328046802454,0.022690483755618884,0.06037671156413573,1.0,0.0,0.0,0.05287883953768675
halueval-9788,halueval,0,5,0.9857135006847615,0.002041508456281093,0.012244990858957134,1.0,0.0,0.0,0.00816400388575966
halueval-8099,halueval,0,5,0.3958466095672032,0.025558675475302228,0.5785947149574946,0.4,0.0,0.6,0.3148560329540495
halueval-9271,halueval,0,5,0.9816312767994327,0.0035650048671736294,0.014803718333393662,1.0,0.0,0.0,0.01096686403387046
halueval-7744,halueval,1,5,0.983333747461247,0.00034211007799295456,0.016324142460760027,1.0,0.0,0.0,0.008504181308372967
halueval-5243,halueval,0,5,0.991428104438451,0.003440308023165966,0.00513158753838326,1.0,0.0,0.0,0.006006101792357596
halueval-996,halueval,0,5,0.990478993942863,0.001465462283494963,0.008055543773642034,1.0,0.0,0.0,0.00549323417031598
halueval-9078,halueval,1,5,0.963206744901768,0.0005053674971104022,0.03628788760112149,1.0,0.0,0.0,0.018649311297671146
halueval-9906,halueval,1,5,0.7426821801618032,0.020447162178176458,0.2368706576600205,0.6,0.0,0.4,0.1388824910081867
halueval-6285,halueval,1,5,0.9894373072545977,0.0007458568840382607,0.00981683586136422,1.0,0.0,0.0,0.005654274814720371
halueval-7812,halueval,1,5,0.46384589802418336,0.33047310606354696,0.20568099591226963,0.4,0.6,0.0,0.4333136040196818
halueval-7345,halueval,0,5,0.9874577288243904,0.0020538763345094623,0.010488394841100047,1.0,0.0,0.0,0.007298073755059486
halueval-9306,halueval,0,5,0.7912310825528504,0.002826832283896263,0.20594208516325327,0.6,0.0,0.4,0.1057978748655229
halueval-9016,halueval,1,5,0.9440647479778231,0.021424274283734227,0.034510977738442805,1.0,0.0,0.0,0.038679763152955626
halueval-7174,halueval,0,5,0.9738817566415578,0.004578208570935695,0.02154003478750633,1.0,0.0,0.0,0.01534822596468886
halueval-1809,halueval,1,5,0.9819986941087084,0.0029755124478179303,0.015025793443473504,1.0,0.0,0.0,0.010488409169554682
halueval-5279,halueval,0,5,0.9908690315013079,0.0009109356427642814,0.008220032855927638,1.0,0.0,0.0,0.005020952070728101
halueval-4519,halueval,0,5,0.9302295472649554,0.01905081914198784,0.050719633593056715,1.0,0.0,0.0,0.0444106359385162
halueval-4611,halueval,0,5,0.9872386191736681,0.0012368904368208155,0.011524490389511205,1.0,0.0,0.0,0.006999135631576418
halueval-9878,halueval,0,5,0.9833168612453408,0.005548886844281469,0.011134251910377733,1.0,0.0,0.0,0.011116012799470335
halueval-9592,halueval,0,5,0.985155909177785,0.0040497420981712535,0.01079434872404376,1.0,0.0,0.0,0.009446916460193133
halueval-1563,halueval,0,5,0.9881260571054137,0.002198329390950815,0.009675613503635295,1.0,0.0,0.0,0.007036136142768462
halueval-133,halueval,1,5,0.640848063597548,0.0033179482437061163,0.35583398815874595,0.3,0.0,0.7,0.1812349423230791
halueval-7672,halueval,1,5,0.9887858894559363,0.002189230041012676,0.009024880503050914,1.0,0.0,0.0,0.0067016702925381325
halueval-1498,halueval,0,5,0.9794725368354609,0.0031731884200640282,0.01735427474447515,1.0,0.0,0.0,0.011850325792301605
halueval-7948,halueval,1,5,0.9733988978038755,0.00958022358405911,0.017020878612065325,1.0,0.0,0.0,0.01809066289009177
halueval-4424,halueval,1,5,0.9718924268667628,0.00664651024388113,0.021461062889356224,1.0,0.0,0.0,0.01737704168855924
halueval-6566,halueval,0,5,0.9699346040899884,0.009917433340417184,0.020147962569594398,1.0,0.0,0.0,0.019991414625214383
halueval-6720,halueval,0,5,0.972541911803227,0.001098337075873868,0.026359751120899083,1.0,0.0,0.0,0.014278212636323409
halueval-7269,halueval,0,5,0.6904826645558371,0.008876006134413644,0.30064132930974924,1.0,0.0,0.0,0.15919667078928826
halueval-7848,halueval,1,5,0.6558694194342303,0.010269624089696954,0.3338609564760726,0.7,0.0,0.3,0.17720010232773326
halueval-1972,halueval,1,5,0.6932360522230356,0.011381294330580497,0.29538265344638387,1.0,0.0,0.0,0.15907262105377243
halueval-2568,halueval,0,5,0.9852136892434936,0.0028948367884639057,0.011891473968042455,1.0,0.0,0.0,0.008840573772485132
halueval-142,halueval,0,5,0.7891714405285967,0.002546921132302714,0.20828163833910057,1.0,0.0,0.0,0.106687740301853
halueval-3857,halueval,0,5,0.7701638154152279,0.007319807607833036,0.2225163769769391,0.6,0.0,0.4,0.11857799609630258
halueval-3322,halueval,1,5,0.9764972000986353,0.0053971210558468275,0.01810567884551805,1.0,0.0,0.0,0.014449960478605854
halueval-7215,halueval,0,5,0.9801529973330501,0.001289098446726547,0.01855790422022341,1.0,0.0,0.0,0.010568050556838252
halueval-5613,halueval,1,5,0.9835394337534499,0.003216259560863869,0.013244306685686203,1.0,0.0,0.0,0.009838412903706972
halueval-6909,halueval,1,5,0.9212790053983403,0.004787072720502118,0.07393392188115742,1.0,0.0,0.0,0.04175403366108083
halueval-7889,halueval,1,5,0.9826993441391535,0.00042328314591742776,0.01687737271492914,1.0,0.0,0.0,0.008861969503381997
halueval-2560,halueval,0,5,0.9562020890363353,0.010297740014456885,0.03350017094920782,1.0,0.0,0.0,0.027047825489060796
halueval-8398,halueval,0,5,0.9904607419924372,0.0014719598886596273,0.008067298118903355,1.0,0.0,0.0,0.005505608948111305
halueval-9568,halueval,0,5,0.7788649902604193,0.0033611441741367904,0.2177738655654438,0.6,0.0,0.4,0.11224807695685869
halueval-2135,halueval,1,5,0.9665301510134313,0.0018895210921519377,0.03158032789441691,1.0,0.0,0.0,0.01767968503936039
halueval-4593,halueval,1,5,0.9825829799466756,0.0005937910833478434,0.016823228969976674,1.0,0.0,0.0,0.009005405568336181
halueval-6193,halueval,0,5,0.9762468631379342,0.004123002778064848,0.019630134084000796,1.0,0.0,0.0,0.013938069820065246
halueval-1418,halueval,1,5,0.9901502580217209,0.0011890209874149287,0.008660720990864304,1.0,0.0,0.0,0.00551938148284708
halueval-5337,halueval,1,5,0.9761267591010533,0.0018157603368353311,0.022057480562111265,1.0,0.0,0.0,0.012844500617890964
halueval-3153,halueval,0,5,0.976600454271955,0.0038871929540882748,0.019512352773956614,1.0,0.0,0.0,0.013643369341066582
halueval-2660,halueval,1,5,0.8843806474588872,0.03857805648793795,0.0770412960531748,1.0,0.0,0.0,0.07709870451452536
halueval-7417,halueval,0,5,0.9687173611197417,0.0018722508643458514,0.029410388015912326,1.0,0.0,0.0,0.016577444872302016
halueval-2108,halueval,0,5,0.983333747461247,0.00034211007799295456,0.016324142460760027,1.0,0.0,0.0,0.008504181308372967
halueval-1086,halueval,0,5,0.8783825578014588,0.01754539977437012,0.10407204242417116,1.0,0.0,0.0,0.0695814209864557
halueval-2795,halueval,0,5,0.9669612565921956,0.005793903139577903,0.027244840268226534,1.0,0.0,0.0,0.01941632327369117
halueval-8084,halueval,0,5,0.988796216030441,0.0005742337918776929,0.010629550177681385,1.0,0.0,0.0,0.005889008880718386
halueval-9728,halueval,1,5,0.9631588567450425,0.002291101579580402,0.03455004167537706,1.0,0.0,0.0,0.019566122417268933
halueval-7247,halueval,0,5,0.9675020399608465,0.005332873298047056,0.02716508674110645,1.0,0.0,0.0,0.01891541666860028
halueval-1544,halueval,1,5,0.3963733604909372,0.5183196535018286,0.08530698600723417,0.4,0.6,0.0,0.5609731465054457
halueval-824,halueval,1,5,0.9717847286856619,0.002027756584845137,0.026187514729493228,1.0,0.0,0.0,0.015121513949591752
halueval-7455,halueval,1,5,0.9695391261134654,0.011462600036724195,0.018998273849810364,1.0,0.0,0.0,0.020961736961629375
halueval-4902,halueval,1,5,0.9722558142559382,0.003074695242338622,0.024669490501723106,1.0,0.0,0.0,0.015409440493200175
halueval-6289,halueval,1,5,0.953841609498712,0.0063358198289462766,0.03982257067234181,1.0,0.0,0.0,0.02624710516511718
halueval-7039,halueval,0,5,0.6767130592601627,0.04526553337135298,0.2780214073684842,1.0,0.0,0.0,0.18427623705559507
halueval-3822,halueval,0,5,0.9599909050199417,0.0020973031899814277,0.03791179179007673,1.0,0.0,0.0,0.021053199085019795
halueval-4107,halueval,1,5,0.960539754993096,0.006076530172831747,0.03338371483407252,1.0,0.0,0.0,0.02276838758986801
halueval-9513,halueval,0,5,0.6945416975712584,0.0007153093352141929,0.3047429930935272,0.4,0.0,0.6,0.1530868058819778
halueval-1456,halueval,1,5,0.972918399135607,0.005231099739004464,0.021850501125388395,1.0,0.0,0.0,0.016156350301698662
halueval-1154,halueval,1,5,0.9898604284372781,0.0013636701816532146,0.008775901381068985,1.0,0.0,0.0,0.005751620872187706
halueval-8545,halueval,0,5,0.9829198245441211,0.002612272790439873,0.014467902665439037,1.0,0.0,0.0,0.009846224123159391
halueval-4699,halueval,1,5,0.9859662148443242,0.0037829309826459406,0.010250854173030033,1.0,0.0,0.0,0.008908358069160956
halueval-9449,halueval,1,5,0.9459316864349621,0.01037598993654151,0.043692323628496385,1.0,0.0,0.0,0.0322221517507897
halueval-7246,halueval,0,5,0.9647057926806287,0.0009283163799640533,0.0343658909394073,1.0,0.0,0.0,0.0181112618496677
halueval-7822,halueval,1,5,0.945044142737224,0.010381394734950509,0.044574462527825445,1.0,0.0,0.0,0.032668625998863235
halueval-7929,halueval,1,5,0.9542925569575921,0.0033845369123413904,0.04232290613006629,1.0,0.0,0.0,0.024545989977374536
halueval-6057,halueval,0,5,0.9685455935484987,0.0028949503802504083,0.02855945607125101,1.0,0.0,0.0,0.017174678415875912
halueval-4124,halueval,0,5,0.9692217126077265,0.004498079273145296,0.026280208119128113,1.0,0.0,0.0,0.01763818333270935
halueval-1009,halueval,0,5,0.9869892720258393,0.0009415101204054494,0.012069217853755148,1.0,0.0,0.0,0.006976119047283023
halueval-8464,halueval,0,5,0.9789116612752403,0.006085863952672713,0.015002474772086999,1.0,0.0,0.0,0.013587101338716212
halueval-2542,halueval,0,5,0.9491413884924885,0.0057409226766227455,0.04511768883088885,1.0,0.0,0.0,0.02829976709206717
halueval-4940,halueval,1,5,0.840762440098087,0.05456368212364454,0.10467387777826838,1.0,0.0,0.0,0.10690062101277872
halueval-192,halueval,0,5,0.9533591152624574,0.013615213466456891,0.03302567127108587,1.0,0.0,0.0,0.030128049101999826
halueval-5332,halueval,1,5,0.983333747461247,0.00034211007799295456,0.016324142460760027,1.0,0.0,0.0,0.008504181308372967
halueval-58,halueval,0,5,0.9669618769537964,0.0021886248657970687,0.030849498180406443,1.0,0.0,0.0,0.01761337395600029
halueval-8566,halueval,0,5,0.5846350630207502,0.009201719113460214,0.40616321786578957,0.2,0.0,0.8,0.212283328046355
halueval-9261,halueval,1,5,0.9753548890469513,0.005411539649685182,0.019233571303363527,1.0,0.0,0.0,0.015028325301366946
halueval-4377,halueval,1,5,0.990292047761932,0.0009719361780496559,0.008736016060018347,1.0,0.0,0.0,0.00533994420805883
halueval-729,halueval,1,5,0.9622066052760789,0.0030594684368117873,0.034733926287109265,1.0,0.0,0.0,0.02042643158036642
halueval-144,halueval,0,5,0.988359175881104,0.0026867243644086236,0.008954099754487436,1.0,0.0,0.0,0.007163774241652342
halueval-6327,halueval,1,5,0.9029202667717211,0.020156175534120815,0.07692355769415812,1.0,0.0,0.0,0.05861795438119988
halueval-8067,halueval,0,5,0.983333747461247,0.00034211007799295456,0.016324142460760027,1.0,0.0,0.0,0.008504181308372967
halueval-4958,halueval,1,5,0.9411176943081468,0.016571161613396883,0.04231114407845653,1.0,0.0,0.0,0.03772673365262515
halueval-463,halueval,0,5,0.7741670247596916,0.005629442656057212,0.22020353258425124,1.0,0.0,0.0,0.11573120894818283
halueval-9934,halueval,1,5,0.9701731515812158,0.003956610342237583,0.025870238076546682,1.0,0.0,0.0,0.016891729380510923
halueval-1168,halueval,0,5,0.984578628610004,0.0015537933348111,0.013867578055185051,1.0,0.0,0.0,0.008487582362403625
halueval-4119,halueval,0,5,0.98315306324213,0.0009926429159050146,0.015854293841965107,1.0,0.0,0.0,0.008919789836887569
halueval-8913,halueval,1,5,0.9829662785322473,0.001597282214075844,0.015436439253677093,1.0,0.0,0.0,0.00931550184091439
halueval-7836,halueval,0,5,0.9832661705777841,0.003024069448607084,0.013709759973608876,1.0,0.0,0.0,0.009878949435411523
halueval-3818,halueval,1,5,0.983831454518443,0.0008679315451992012,0.015300613936357824,1.0,0.0,0.0,0.008518238513378113
halueval-4975,halueval,0,5,0.5858851643548146,0.4013160722259096,0.012798763419275763,0.6,0.4,0.0,0.4077154539355475
halueval-316,halueval,0,5,0.9891065925170348,0.0009769807473249876,0.009916426735640084,1.0,0.0,0.0,0.00593519411514503
halueval-4481,halueval,0,5,0.9513953117754056,0.010020813932028161,0.03858387429256632,1.0,0.0,0.0,0.02931275107831132
halueval-1610,halueval,1,5,0.9919720826069793,0.0006314233381889079,0.007396494054831832,1.0,0.0,0.0,0.004329670365604824
halueval-1481,halueval,0,5,0.9735039751810902,0.0055351101181622744,0.020960914700747478,1.0,0.0,0.0,0.016015567468536013
halueval-2829,halueval,1,5,0.3941253897136919,0.5964880835739981,0.00938652671231013,0.4,0.6,0.0,0.6011813469301531
halueval-2250,halueval,0,5,0.9902991395553998,0.000838821169551918,0.008862039275048157,1.0,0.0,0.0,0.005269840807075996
halueval-8791,halueval,1,5,0.9876772252896903,0.003410868214907762,0.008911906495402012,1.0,0.0,0.0,0.007866821462608767
halueval-7571,halueval,1,5,0.9515111061387472,0.011706700698917372,0.03678219316233534,1.0,0.0,0.0,0.03009779728008504
halueval-1493,halueval,0,5,0.9867558991224324,0.0008191844231460828,0.012424916454421536,1.0,0.0,0.0,0.007031642650356851
halueval-3623,halueval,1,5,0.7641513943599261,0.05871303101731238,0.1771355746227615,1.0,0.0,0.0,0.14728081832869314
halueval-6157,halueval,1,5,0.9879383327559156,0.0007058131670425727,0.011355854077041653,1.0,0.0,0.0,0.006383740205563399
halueval-507,halueval,0,5,0.9873920145501774,0.0018970181708791653,0.01071096727894336,1.0,0.0,0.0,0.007252501810350845
halueval-6642,halueval,1,5,0.98730275757782,0.0026562193073504077,0.0100410231148297,1.0,0.0,0.0,0.007676730864765257
halueval-4442,halueval,1,5,0.9745792229513934,0.0051328478298934945,0.020287929218713075,1.0,0.0,0.0,0.015276812439250033
halueval-9927,halueval,0,5,0.9826993441391535,0.00042328314591742776,0.01687737271492914,1.0,0.0,0.0,0.008861969503381997
halueval-6816,halueval,1,5,0.9831823727123666,0.0011782892138114257,0.015639338073821996,1.0,0.0,0.0,0.008997958250722424
halueval-7386,halueval,1,5,0.940624134937995,0.01859962978483082,0.04077623527717412,1.0,0.0,0.0,0.03898774742341788
halueval-9853,halueval,1,5,0.9901954184862009,0.0020282240108738777,0.007776357502925077,1.0,0.0,0.0,0.005916402762336416
halueval-5204,halueval,0,5,0.9800711596513343,0.0035171585668011666,0.016411681781864328,1.0,0.0,0.0,0.01172299945773333
halueval-4655,halueval,1,5,0.7647532340962693,0.011430984725239873,0.2238157811784907,0.6,0.0,0.4,0.12333887531448523
halueval-2122,halueval,0,5,0.9908886213951635,0.0014109513851629815,0.0077004272196732615,1.0,0.0,0.0,0.005261164994999613
halueval-6213,halueval,1,5,0.7561142816534869,0.022541099839382822,0.22134461850713025,0.6,0.0,0.4,0.13321340909294793
halueval-1391,halueval,0,5,0.988980020492302,0.0016692439482469186,0.009350735559451113,1.0,0.0,0.0,0.006344611727972475
halueval-5364,halueval,0,5,0.9050624745071374,0.020609087347360434,0.07432843814550201,1.0,0.0,0.0,0.05777330642011144
halueval-7183,halueval,1,5,0.9850138306997043,0.001269439583036737,0.013716729717259268,1.0,0.0,0.0,0.00812780444166637
halueval-7268,halueval,1,5,0.9842751206004803,0.0025773058363289412,0.013147573563190884,1.0,0.0,0.0,0.009151092617924383
halueval-8198,halueval,1,5,0.4433693252009613,0.3402872143908579,0.21634346040818078,0.3,0.3,0.4,0.4484589445949483
halueval-3251,halueval,1,5,0.983309451390362,0.0009480272507597108,0.015742521358878388,1.0,0.0,0.0,0.008819287930198904
halueval-4159,halueval,1,5,0.9723260579557866,0.008381884081960776,0.019292057962252716,1.0,0.0,0.0,0.018027913063087132
halueval-4873,halueval,1,5,0.9454782391461446,0.01363903151393384,0.04088272933992152,1.0,0.0,0.0,0.0340803961838946
halueval-1320,halueval,1,5,0.6506349001367706,0.01786390515394242,0.3315011947092871,0.4,0.0,0.6,0.18361450250858596
truthfulqa_500_inc_1,truthfulqa,1,5,0.2923643799915373,0.6054483974372837,0.10218722257117892,0.2,0.8,0.0,0.6565420087228732
truthfulqa_293_inc_0,truthfulqa,1,5,0.983333747461247,0.00034211007799295456,0.016324142460760027,1.0,0.0,0.0,0.008504181308372967
truthfulqa_186_corr_2,truthfulqa,0,5,0.7080906775079383,0.0021060665483272544,0.28980325594373446,1.0,0.0,0.0,0.1470076945201945
truthfulqa_629_corr_1,truthfulqa,0,5,0.2373058908665429,0.14661641133155276,0.6160776978019044,0.1,0.0,0.9,0.4546552602325049
truthfulqa_512_corr_3,truthfulqa,0,5,0.43385674168142463,0.36389003063298897,0.20225322768558635,0.3,0.4,0.3,0.46501664447578217
truthfulqa_437_inc_2,truthfulqa,1,5,0.3913866230015391,0.5975156716717509,0.0110977053267101,0.4,0.6,0.0,0.6030645243351059
truthfulqa_550_inc_0,truthfulqa,1,5,0.9866991112133251,0.003931187780069139,0.009369701006605762,1.0,0.0,0.0,0.00861603828337202
truthfulqa_184_corr_2,truthfulqa,0,5,0.9874642742342287,0.0006669928875398586,0.011868732878231496,1.0,0.0,0.0,0.006601359326655606
truthfulqa_518_inc_1,truthfulqa,1,5,0.9733941084006845,0.00186462816934941,0.024741263429966194,1.0,0.0,0.0,0.014235259884332507
truthfulqa_91_best,truthfulqa,0,5,0.008471543495717578,0.03355894868190388,0.9579695078223786,0.0,0.0,1.0,0.5125437025930931
truthfulqa_654_inc_1,truthfulqa,1,5,0.990911617347269,0.0011646262517064844,0.007923756401024478,1.0,0.0,0.0,0.005126504452218723
truthfulqa_117_inc_0,truthfulqa,1,5,0.9862770193754983,0.0011923431503050995,0.012530637474196665,1.0,0.0,0.0,0.007457661887403432
truthfulqa_78_corr_1,truthfulqa,0,5,0.7763895361573221,0.0015967174513883673,0.2220137463912896,0.6,0.0,0.4,0.11260359064703317
truthfulqa_292_inc_2,truthfulqa,1,5,0.28610253345104486,0.010819592932574151,0.703077873616381,0.4,0.0,0.6,0.36235852974076466
truthfulqa_791_best,truthfulqa,0,5,0.08970209574288666,0.8269829753858341,0.08331492887127913,0.1,0.9,0.0,0.8686404398214737
truthfulqa_498_inc_0,truthfulqa,1,5,0.10074717683972587,0.0378406993471531,0.8614121238131212,0.0,0.0,1.0,0.4685467612537137
truthfulqa_155_inc_0,truthfulqa,1,5,0.9878090018337893,0.0009004268173244869,0.01129057134888622,1.0,0.0,0.0,0.006545712491767597
truthfulqa_304_corr_1,truthfulqa,0,5,0.9711580249035171,0.0013504831644313036,0.02749149193205148,1.0,0.0,0.0,0.015096229130457044
truthfulqa_472_corr_2,truthfulqa,0,5,0.9905514124825799,0.0008382968259630183,0.008610290691457013,1.0,0.0,0.0,0.0051434421716915245
truthfulqa_630_best,truthfulqa,0,5,0.664534325545908,0.10169798698018225,0.23376768747390972,1.0,0.0,0.0,0.2185818307171371
truthfulqa_785_inc_2,truthfulqa,1,5,0.5825550774222519,0.0015138540492059213,0.4159310685285423,0.6,0.0,0.4,0.20947938831347707
truthfulqa_287_inc_0,truthfulqa,1,5,0.7838523919457704,0.000723025261305326,0.21542458279292434,0.6,0.0,0.4,0.1084353166577675
truthfulqa_216_inc_1,truthfulqa,1,5,0.121805826138801,0.2835058209794325,0.5946883528817665,0.0,0.2,0.8,0.5808499974203157
truthfulqa_14_inc_0,truthfulqa,1,5,0.992657386892515,0.0011621595516277813,0.006180453555857382,1.0,0.0,0.0,0.004252386329556472
truthfulqa_74_inc_3,truthfulqa,1,5,0.10175047223233272,0.07980615094622848,0.8184433768214389,0.0,0.0,1.0,0.48902783935694794
truthfulqa_714_best,truthfulqa,0,5,0.5969664221569416,0.0053710131114679165,0.3976625647315904,0.6,0.0,0.4,0.20420229547726312
truthfulqa_6_inc_3,truthfulqa,1,5,0.9807743788981573,0.000777531810903137,0.018448089290939322,1.0,0.0,0.0,0.010001576456372799
truthfulqa_385_inc_2,truthfulqa,1,5,0.14023713616273176,0.04207961413461515,0.8176832497026529,0.0,0.0,1.0,0.4509212389859416
truthfulqa_548_inc_4,truthfulqa,1,5,0.9768546269067606,0.0025027689050966073,0.020642604188142594,1.0,0.0,0.0,0.012824070999167905
truthfulqa_358_inc_0,truthfulqa,1,5,0.9908485822359412,0.0006265180575411608,0.008524899706517767,1.0,0.0,0.0,0.004888967910800044
truthfulqa_468_inc_5,truthfulqa,1,5,0.265183469382011,0.34902538374343195,0.38579114687455707,0.3,0.3,0.4,0.5419209571807104
truthfulqa_189_corr_1,truthfulqa,0,5,0.4947655065233606,0.0024785414380092156,0.5027559520386301,0.4,0.0,0.6,0.2538565174573243
truthfulqa_90_inc_3,truthfulqa,1,5,0.7084859739677161,0.0006854568427918566,0.29082856918949224,0.6,0.0,0.4,0.14609974143753798
truthfulqa_548_inc_1,truthfulqa,1,5,0.5872379931025066,0.3987299002342549,0.014032106663238458,0.6,0.4,0.0,0.4057459535658742
truthfulqa_766_corr_1,truthfulqa,0,5,0.5949862608495814,0.20355752577315753,0.2014562133772612,0.6,0.4,0.0,0.30428563246178814
truthfulqa_318_corr_1,truthfulqa,0,5,0.29726925731257847,0.6933440851651571,0.009386657522264221,0.3,0.7,0.0,0.6980374139262893
truthfulqa_527_corr_1,truthfulqa,0,5,0.9829422995378534,0.0011739013921898606,0.01588379906995677,1.0,0.0,0.0,0.009115800927168245
truthfulqa_262_best,truthfulqa,0,5,0.9826993441391535,0.00042328314591742776,0.01687737271492914,1.0,0.0,0.0,0.008861969503381997
truthfulqa_457_inc_6,truthfulqa,1,5,0.04378014701379887,0.8253660260826304,0.1308538269035707,0.0,1.0,0.0,0.8907929395344157
truthfulqa_256_best,truthfulqa,0,5,0.9863108187365602,0.0019667836885210108,0.011722397574918804,1.0,0.0,0.0,0.007827982475980412
truthfulqa_288_inc_0,truthfulqa,1,5,0.47772698832080174,0.4868688816328913,0.03540413004630696,0.4,0.6,0.0,0.5045709466560448
truthfulqa_423_corr_2,truthfulqa,0,5,0.9691695740698381,0.004287949573406011,0.026542476356755877,1.0,0.0,0.0,0.01755918775178395
truthfulqa_435_inc_5,truthfulqa,1,5,0.9717999671677504,0.0006133001477207364,0.02758673268452901,1.0,0.0,0.0,0.01440666648998524
truthfulqa_27_inc_0,truthfulqa,1,5,0.9602514657968936,0.0014817050050777176,0.03826682919802873,1.0,0.0,0.0,0.020615119604092083
truthfulqa_783_inc_1,truthfulqa,1,5,0.9803780142767907,0.003712716103299793,0.015909269619909447,1.0,0.0,0.0,0.011667350913254517
truthfulqa_713_best,truthfulqa,0,5,0.48172952725932705,0.029987626503171372,0.48828284623750146,0.4,0.0,0.6,0.2741290496219221
truthfulqa_202_best,truthfulqa,0,5,0.30038965837876563,0.13720904828638109,0.5624012933348534,0.2,0.0,0.8,0.4184096949538078
truthfulqa_811_corr_1,truthfulqa,0,5,0.9935755253668127,0.0008401144784462031,0.005584360154740993,1.0,0.0,0.0,0.0036322945558166994
truthfulqa_105_corr_1,truthfulqa,0,5,0.10978719393919331,0.34921536483048643,0.5409974412303202,0.1,0.4,0.5,0.6197140854456465
truthfulqa_537_inc_1,truthfulqa,1,5,0.16746116930421828,0.3721594013699174,0.4603794293258643,0.0,0.3,0.7,0.6023491160328496
truthfulqa_377_corr_1,truthfulqa,0,5,0.1713145237293591,0.11375850380021402,0.7149269724704269,0.1,0.0,0.9,0.4712219900354275
truthfulqa_592_corr_1,truthfulqa,0,5,0.39758194872469305,0.5962110266909338,0.006207024584372947,0.4,0.6,0.0,0.5993145389831204
truthfulqa_38_inc_0,truthfulqa,1,5,0.9856807241087034,0.0008240150888186148,0.013495260802477935,1.0,0.0,0.0,0.007571645490057582
truthfulqa_116_inc_2,truthfulqa,1,5,0.9884733985074913,0.0004701267509531185,0.0110564747415555,1.0,0.0,0.0,0.005998364121730868
truthfulqa_218_corr_1,truthfulqa,0,5,0.27573787438997766,0.0035260428277440253,0.7207360827822783,0.3,0.0,0.7,0.3638940842188832
truthfulqa_381_best,truthfulqa,0,5,0.03717182073987614,0.483619051109449,0.4792091281506748,0.0,0.4,0.6,0.7232236151847864
truthfulqa_160_best,truthfulqa,0,5,0.983333747461247,0.00034211007799295456,0.016324142460760027,1.0,0.0,0.0,0.008504181308372967
truthfulqa_678_corr_1,truthfulqa,0,5,0.1518057526144732,0.37648792191116287,0.4717063254743639,0.1,0.4,0.5,0.6123410846483448
truthfulqa_456_corr_1,truthfulqa,0,5,0.018324092134663433,0.8680745207393334,0.11360138712600305,0.0,1.0,0.0,0.924875214302335
truthfulqa_311_inc_2,truthfulqa,1,5,0.4938475888844466,0.006783016374581558,0.4993693947409718,0.2,0.0,0.8,0.25646771374506744
truthfulqa_45_best,truthfulqa,0,5,0.28149599894322463,0.002540487479696733,0.7159635135770785,0.1,0.0,0.9,0.360522244268236
truthfulqa_33_corr_3,truthfulqa,0,5,0.24188426991883807,0.030142033381037946,0.727973696700124,0.1,0.0,0.9,0.39412888173109994
truthfulqa_416_corr_2,truthfulqa,0,5,0.982418436085563,0.005165511169387307,0.012416052745049668,1.0,0.0,0.0,0.011373537541912141
truthfulqa_462_best,truthfulqa,0,5,0.24464674709088405,0.11247012956324365,0.6428831233458723,0.2,0.0,0.8,0.4339116912361798
truthfulqa_387_inc_4,truthfulqa,1,5,0.11030456875116638,0.716230026939172,0.1734654043096616,0.0,0.9,0.1,0.8029627290940028
truthfulqa_365_corr_4,truthfulqa,0,5,0.12915348150926337,0.07998848325120908,0.7908580352395276,0.1,0.0,0.9,0.4754175008709729
truthfulqa_694_corr_2,truthfulqa,0,5,0.06728092421733377,0.1483749721829483,0.7843441035997178,0.0,0.0,1.0,0.5405470239828072
truthfulqa_631_inc_2,truthfulqa,1,5,0.2774559737220555,0.5351036587522048,0.18744036752573978,0.4,0.6,0.0,0.6288238425150747
truthfulqa_770_inc_1,truthfulqa,1,5,0.7941241811532771,0.001650442088534368,0.20422537675818853,0.9,0.0,0.1,0.10376313046762863
truthfulqa_539_best,truthfulqa,0,5,0.2373296882860667,0.5275052793027499,0.23516503241118336,0.2,0.5,0.3,0.6450877955083416
truthfulqa_685_corr_2,truthfulqa,0,5,0.29833529545683296,0.48488590043201174,0.2167788041111553,0.2,0.4,0.4,0.5932753024875894
truthfulqa_786_inc_2,truthfulqa,1,5,0.1789028825512243,0.43713777755556305,0.38395933989321274,0.0,0.4,0.6,0.6291174475021695
truthfulqa_596_inc_5,truthfulqa,1,5,0.29014041331038565,0.35738845681698195,0.3524711298726324,0.3,0.3,0.4,0.5336240217532982
truthfulqa_156_best,truthfulqa,0,5,0.4631727618128861,0.01120345045126277,0.525623787735851,0.2,0.0,0.8,0.2740153443191882
truthfulqa_777_best,truthfulqa,0,5,0.1991320409947924,0.128600633397457,0.6722673256077506,0.1,0.0,0.9,0.46473429620133233
truthfulqa_17_inc_2,truthfulqa,1,5,0.5938146903241528,0.39714675780371445,0.009038551872132664,0.6,0.4,0.0,0.40166603373978077
truthfulqa_120_corr_1,truthfulqa,0,5,0.9868035738659279,0.0012031900632308572,0.011993236070841337,1.0,0.0,0.0,0.0071998080986515256
truthfulqa_506_best,truthfulqa,0,5,0.16780216338840695,0.6481577803810794,0.18404005623051378,0.1,0.8,0.1,0.7401778084963363
truthfulqa_76_best,truthfulqa,0,5,0.9826993441391535,0.00042328314591742776,0.01687737271492914,1.0,0.0,0.0,0.008861969503381997
truthfulqa_37_inc_3,truthfulqa,1,5,0.10153107265937227,0.8105190333901022,0.08794989395052541,0.1,0.9,0.0,0.854493980365365
truthfulqa_361_inc_1,truthfulqa,1,5,0.9853611831645083,0.004414655604743775,0.010224161230747831,1.0,0.0,0.0,0.00952673622011769
truthfulqa_675_best,truthfulqa,0,5,0.14361085808418975,0.015613851043055496,0.8407752908727547,0.0,0.0,1.0,0.43600149647943287
truthfulqa_517_corr_2,truthfulqa,0,5,0.17875365544140623,0.7634481709619101,0.0577981735966837,0.1,0.9,0.0,0.7923472577602519
truthfulqa_768_inc_5,truthfulqa,1,5,0.14990172718798983,0.20302386498073574,0.6470744078312743,0.2,0.2,0.6,0.5265610688963729
truthfulqa_693_inc_1,truthfulqa,1,5,0.19440084583375647,0.038800906966291314,0.7667982471999522,0.1,0.0,0.9,0.42220003056626737
truthfulqa_77_best,truthfulqa,0,5,0.3397132042258352,0.0055350566002598705,0.6547517391739048,0.3,0.0,0.7,0.3329109261872123
truthfulqa_325_corr_2,truthfulqa,0,5,0.0503749860963744,0.8957232294141846,0.05390178448944094,0.1,0.9,0.0,0.922674121658905
truthfulqa_462_inc_2,truthfulqa,1,5,0.08335148025612267,0.3733252866926633,0.5433232330512141,0.0,0.3,0.7,0.6449869032182703
truthfulqa_567_inc_5,truthfulqa,1,5,0.9187938421553616,0.016986871789030657,0.06421928605560787,1.0,0.0,0.0,0.049096514816834594
truthfulqa_487_inc_7,truthfulqa,1,5,0.7848383874973707,0.005549947970146838,0.2096116645324823,0.6,0.0,0.4,0.11035578023638799
truthfulqa_7_inc_2,truthfulqa,1,5,0.11860776341199,0.3950585012813975,0.48633373530661245,0.0,0.4,0.6,0.6382253689347037
truthfulqa_222_corr_1,truthfulqa,0,5,0.4180577003449186,0.00340052447515782,0.5785417751799236,0.5,0.0,0.5,0.2926714120651196
truthfulqa_101_corr_3,truthfulqa,0,5,0.9826993441391535,0.00042328314591742776,0.01687737271492914,1.0,0.0,0.0,0.008861969503381997
truthfulqa_512_inc_3,truthfulqa,1,5,0.6528249921732636,0.011898927503994017,0.3352760803227424,0.6,0.0,0.4,0.17953696766536523
truthfulqa_313_inc_4,truthfulqa,1,5,0.6468115300499289,0.004982820024826507,0.34820564992524455,0.4,0.0,0.6,0.17908564498744878
truthfulqa_18_corr_5,truthfulqa,0,5,0.7923046202206837,0.0017888363564845325,0.20590654342283177,0.6,0.0,0.4,0.10474210806790042
truthfulqa_53_best,truthfulqa,0,5,0.22306337779911084,0.3845880342839389,0.39234858791695026,0.2,0.6,0.2,0.580762328242414
truthfulqa_191_best,truthfulqa,0,5,0.5938573717845743,0.0010203269852535886,0.40512230123017207,0.5,0.0,0.5,0.20358147760033962
truthfulqa_563_inc_5,truthfulqa,1,5,0.9819205690363347,0.0017950407429663056,0.01628439022069904,1.0,0.0,0.0,0.009937235853315827
truthfulqa_323_corr_2,truthfulqa,0,5,0.03723454903511099,0.5123996396138911,0.4503658113509978,0.0,0.5,0.5,0.73758254528939
truthfulqa_501_inc_4,truthfulqa,1,5,0.49456023140035893,0.20454016980413234,0.30089959879550865,0.4,0.0,0.6,0.35498996920188663
truthfulqa_309_corr_3,truthfulqa,0,5,0.7051044111065781,0.0012807661211389346,0.29361482277228307,1.0,0.0,0.0,0.14808817750728046
truthfulqa_345_inc_3,truthfulqa,1,5,0.7068322265349235,0.024830087603891382,0.26833768586118517,1.0,0.0,0.0,0.15899893053448397
truthfulqa_329_inc_1,truthfulqa,1,5,0.983095199046114,0.0012620464666098098,0.015642754487276048,1.0,0.0,0.0,0.009083423710247833
truthfulqa_613_corr_1,truthfulqa,0,5,0.5901882071526261,0.39960972700948816,0.010202065837885667,0.6,0.4,0.0,0.404710759928431
truthfulqa_576_corr_2,truthfulqa,0,5,0.9917478261970804,0.0010120793397907992,0.007240094463128949,1.0,0.0,0.0,0.004632126571355274
truthfulqa_621_corr_1,truthfulqa,0,5,0.30732101207533924,0.018115939105363958,0.6745630488192969,0.3,0.0,0.7,0.3553974635150124
truthfulqa_549_inc_4,truthfulqa,1,5,0.6002358835606599,0.1303020116971745,0.2694621047421656,0.6,0.0,0.4,0.26503306406825733
truthfulqa_366_corr_1,truthfulqa,0,5,0.001979150704104861,0.9893601659203602,0.008660683375535003,0.0,1.0,0.0,0.9936905076081277
truthfulqa_136_inc_2,truthfulqa,1,5,0.9739923707330785,0.0030282389001614384,0.02297939036676009,1.0,0.0,0.0,0.014517934083541482
truthfulqa_581_corr_1,truthfulqa,0,5,0.9873993596829637,0.0014308909889165972,0.011169749328119904,1.0,0.0,0.0,0.00701576565297655
truthfulqa_344_inc_2,truthfulqa,1,5,0.09329849556028438,0.49882743270282,0.4078740717368956,0.1,0.3,0.6,0.7027644685712677
truthfulqa_228_corr_2,truthfulqa,0,5,0.786873450769012,0.0020149253602515537,0.2111116238707364,0.6,0.0,0.4,0.10757073729561975
truthfulqa_62_corr_4,truthfulqa,0,5,0.9696118979776477,0.0031963009899219344,0.0271918010324304,1.0,0.0,0.0,0.016792201506137135
truthfulqa_642_best,truthfulqa,0,5,0.9899799906967962,0.000833679448906084,0.009186329854297851,1.0,0.0,0.0,0.005426844376055009
truthfulqa_62_best,truthfulqa,0,5,0.7638976061693202,0.01068902099739621,0.2254133728332835,0.6,0.0,0.4,0.12339570741403796
truthfulqa_538_inc_6,truthfulqa,1,5,0.059405973576701424,0.906538173489948,0.03405585293335049,0.0,1.0,0.0,0.9235660999566233
truthfulqa_52_corr_0,truthfulqa,0,5,0.5415344029996063,0.07352144078500884,0.38494415621538486,0.3,0.1,0.6,0.2659935188927013
truthfulqa_531_corr_2,truthfulqa,0,5,0.9785328912149691,0.002011834422999965,0.019455274362031098,1.0,0.0,0.0,0.011739471604015514
truthfulqa_63_inc_0,truthfulqa,1,5,0.19856666279752053,0.7970889278697577,0.004344409332721751,0.2,0.8,0.0,0.7992611325361186
truthfulqa_44_inc_2,truthfulqa,1,5,0.5756347039163974,0.007227552838686174,0.4171377432449166,0.3,0.0,0.7,0.21579642446114447
truthfulqa_533_inc_0,truthfulqa,1,5,0.988443913279504,0.0007732516445744795,0.010782835075921633,1.0,0.0,0.0,0.006164669182535296
truthfulqa_321_inc_2,truthfulqa,1,5,0.487892042964077,0.0021021187378502076,0.5100058382980729,0.3,0.0,0.7,0.25710503788688666
truthfulqa_163_corr_1,truthfulqa,0,5,0.983333747461247,0.00034211007799295456,0.016324142460760027,1.0,0.0,0.0,0.008504181308372967
truthfulqa_776_corr_1,truthfulqa,0,5,0.9795148395039988,0.0005804184173723922,0.01990474207862885,1.0,0.0,0.0,0.010532789456686818
truthfulqa_574_inc_8,truthfulqa,1,5,0.9818360824348437,0.0015902493680096663,0.01657366819714671,1.0,0.0,0.0,0.00987708346658302
truthfulqa_399_inc_0,truthfulqa,1,5,0.06528219430584097,0.1179426110029066,0.8167751946912525,0.0,0.1,0.9,0.5263302083485328
truthfulqa_491_inc_5,truthfulqa,1,5,0.5046955663499648,0.38630341216342723,0.10900102148660791,0.6,0.4,0.0,0.4408039229067312
truthfulqa_280_inc_1,truthfulqa,1,5,0.9900141376966263,0.0005435376752064979,0.009442324628167364,1.0,0.0,0.0,0.00526469998929018
truthfulqa_789_corr_2,truthfulqa,0,5,0.4351562697544876,0.011678115590347237,0.5531656146551651,0.1,0.0,0.9,0.2882609229179298
truthfulqa_582_inc_6,truthfulqa,1,5,0.6873488777422607,0.08640447839735965,0.22624664386037968,1.0,0.0,0.0,0.1995278003275495
truthfulqa_683_best,truthfulqa,0,5,0.9818312904089941,0.002579881816056658,0.015588827774949219,1.0,0.0,0.0,0.010374295703531267
truthfulqa_227_inc_2,truthfulqa,1,5,0.6507749260849217,0.006544849831037159,0.34268022408404103,0.4,0.0,0.6,0.17788496187305766
truthfulqa_300_inc_6,truthfulqa,1,5,0.990669731561732,0.0007928437452955387,0.008537424692972518,1.0,0.0,0.0,0.0050615560917817975
truthfulqa_81_corr_2,truthfulqa,0,5,0.17827568751400474,0.07896140358766826,0.742762908898327,0.0,0.0,1.0,0.4503428580368317
truthfulqa_11_corr_2,truthfulqa,0,5,0.593298728119502,0.39883283677028125,0.007868435110216626,0.6,0.4,0.0,0.40276705432538956
truthfulqa_368_best,truthfulqa,0,5,0.0075455108421134095,0.8417411519368937,0.15071333722099306,0.0,1.0,0.0,0.9170978205473902
truthfulqa_72_best,truthfulqa,0,5,0.7853458130151542,0.0025524490186738602,0.2121017379661719,0.6,0.0,0.4,0.10860331800175982
truthfulqa_760_inc_3,truthfulqa,1,5,0.451336433118422,0.0020965504860150333,0.5465670163955629,0.3,0.0,0.7,0.2753800586837965
truthfulqa_68_corr_1,truthfulqa,0,5,0.7797707301453508,0.0036356291915371534,0.216593640663112,0.6,0.0,0.4,0.11193244952309316
truthfulqa_269_inc_1,truthfulqa,1,5,0.25932293265853684,0.0020652794757186933,0.7386117878657444,0.0,0.0,1.0,0.37137117340859094
truthfulqa_461_corr_1,truthfulqa,0,5,0.1227603563722363,0.5533954590838089,0.32384418454395475,0.0,0.6,0.4,0.7153175513557863
truthfulqa_359_inc_0,truthfulqa,1,5,0.7534780703980944,0.12774352755542648,0.11877840204647898,0.9,0.0,0.1,0.18713272857866597
truthfulqa_778_corr_1,truthfulqa,0,5,0.9913754987370063,0.000930904090546631,0.007693597172447293,1.0,0.0,0.0,0.004777702676770278
truthfulqa_79_corr_1,truthfulqa,0,5,0.29385887216749473,0.3273634635608059,0.37877766427169945,0.3,0.4,0.3,0.5167522956966557
truthfulqa_138_inc_1,truthfulqa,1,5,0.3967617396405066,0.5954673347668921,0.0077709255926014225,0.4,0.6,0.0,0.5993527975631928
truthfulqa_533_best,truthfulqa,0,5,0.988443913279504,0.0007732516445744795,0.010782835075921633,1.0,0.0,0.0,0.006164669182535296
truthfulqa_469_inc_4,truthfulqa,1,5,0.5948524656580376,0.39723549318183327,0.007912041160129212,0.6,0.4,0.0,0.4011915137618979
truthfulqa_358_corr_4,truthfulqa,0,5,0.9908485822359412,0.0006265180575411608,0.008524899706517767,1.0,0.0,0.0,0.004888967910800044
truthfulqa_317_inc_1,truthfulqa,1,5,0.984713785375509,0.0007716379062537693,0.014514576718237162,1.0,0.0,0.0,0.00802892626537235
truthfulqa_147_inc_3,truthfulqa,1,5,0.09411985879293618,0.7386002967132731,0.1672798444937907,0.1,0.8,0.1,0.8222402189601684
truthfulqa_126_inc_2,truthfulqa,1,5,0.9722545663432086,0.0010180841924673782,0.02672734946432389,1.0,0.0,0.0,0.014381758924629322
truthfulqa_40_inc_6,truthfulqa,1,5,0.19656331056913764,0.6651344748482353,0.13830221458262718,0.1,0.8,0.1,0.7342855821395489
truthfulqa_10_inc_1,truthfulqa,1,5,0.9874491382084736,0.0010059617923357527,0.011544899999190698,1.0,0.0,0.0,0.006778411791931102
truthfulqa_729_corr_1,truthfulqa,0,5,0.9488758379847354,0.0016124955254691246,0.04951166648979547,1.0,0.0,0.0,0.02636832877036686
truthfulqa_443_inc_2,truthfulqa,1,5,0.9893092157768735,0.0008150067804736809,0.009875777442652944,1.0,0.0,0.0,0.005752895501800153
truthfulqa_519_inc_3,truthfulqa,1,5,0.983080241453995,0.001868795393283022,0.015050963152722108,1.0,0.0,0.0,0.009394276969644077
truthfulqa_264_corr_1,truthfulqa,0,5,0.24064137221008863,0.7381641138271815,0.021194513962729845,0.2,0.8,0.0,0.7487613708085464
truthfulqa_535_corr_1,truthfulqa,0,5,0.9910789007694542,0.0008954837842438543,0.008025615446301882,1.0,0.0,0.0,0.004908291507394796
truthfulqa_754_best,truthfulqa,0,5,0.12114672264335653,0.6864668696067661,0.19238640774987742,0.1,0.9,0.0,0.7826600734817047
truthfulqa_451_best,truthfulqa,0,5,0.12264356445975966,0.8278758601538071,0.04948057538643326,0.1,0.9,0.0,0.8526161478470238
truthfulqa_447_corr_1,truthfulqa,0,5,0.9896135682718399,0.0008042778408201518,0.0095821538873402,1.0,0.0,0.0,0.005595354784490253
truthfulqa_32_inc_3,truthfulqa,1,5,0.4895198859895153,0.3091613867703148,0.2013187272401698,0.6,0.4,0.0,0.40982075039039967
truthfulqa_185_inc_2,truthfulqa,1,5,0.5853906716946741,0.0027741689016236156,0.4118351594037023,0.4,0.0,0.6,0.20869174860347475
truthfulqa_715_best,truthfulqa,0,5,0.17141547027274637,0.3135367564875357,0.5150477732397178,0.2,0.4,0.4,0.5710606431073946
truthfulqa_347_corr_4,truthfulqa,0,5,0.7999308177173876,0.001116833925270292,0.19895234835734205,1.0,0.0,0.0,0.10059300810394131
truthfulqa_704_inc_2,truthfulqa,1,5,0.8383463784255591,0.062337156624027924,0.09931646495041305,1.0,0.0,0.0,0.11199538909923445
truthfulqa_613_inc_2,truthfulqa,1,5,0.3935519966661064,0.5992516527820282,0.007196350551865396,0.4,0.6,0.0,0.6028498280579608
truthfulqa_79_inc_3,truthfulqa,1,5,0.17728385603379068,0.09988491770908704,0.7228312262571223,0.2,0.0,0.8,0.46130053083764816
truthfulqa_67_corr_1,truthfulqa,0,5,0.9826993441391535,0.00042328314591742776,0.01687737271492914,1.0,0.0,0.0,0.008861969503381997
truthfulqa_122_corr_0,truthfulqa,0,5,0.9413789398241625,0.010320403949908016,0.048300656225929425,1.0,0.0,0.0,0.034470732062872725
truthfulqa_368_inc_2,truthfulqa,1,5,0.072757475748666,0.8111456090194544,0.11609691523187952,0.0,1.0,0.0,0.8691940666353942
truthfulqa_332_corr_2,truthfulqa,0,5,0.34995675853047464,0.547796899588478,0.10224634188104745,0.3,0.6,0.1,0.5989200705290018
truthfulqa_637_corr_2,truthfulqa,0,5,0.07854522658404146,0.2265683999299509,0.6948863734860076,0.0,0.0,1.0,0.5740115866729547
truthfulqa_632_corr_1,truthfulqa,0,5,0.26628638108645925,0.4395548364103815,0.29415878250315924,0.2,0.4,0.4,0.5866342276619612
truthfulqa_597_best,truthfulqa,0,5,0.43917534841129957,0.24498497961311583,0.31583967197558466,0.5,0.3,0.2,0.4029048156009082
truthfulqa_119_inc_0,truthfulqa,1,5,0.3998191699343081,0.018053494390120217,0.5821273356755717,0.3,0.0,0.7,0.3091171622279061
truthfulqa_342_best,truthfulqa,0,5,0.124562873251402,0.054205058291909615,0.8212320684566885,0.0,0.0,1.0,0.4648210925202539
truthfulqa_554_corr_2,truthfulqa,0,5,0.983333747461247,0.00034211007799295456,0.016324142460760027,1.0,0.0,0.0,0.008504181308372967
truthfulqa_487_inc_0,truthfulqa,1,5,0.4780450795860034,0.01079426442063576,0.5111606559933609,0.1,0.0,0.9,0.2663745924173162
truthfulqa_799_best,truthfulqa,0,5,0.21000370142260266,0.3451753785698237,0.44482092000757356,0.1,0.3,0.6,0.5675858385736106
truthfulqa_329_corr_3,truthfulqa,0,5,0.9796766006936984,0.0013317644305674693,0.01899163487573409,1.0,0.0,0.0,0.010827581868434515
truthfulqa_490_corr_1,truthfulqa,0,5,0.5953334153497613,0.302451420342292,0.10221516430794672,0.6,0.4,0.0,0.3535590024962654
truthfulqa_45_corr_0,truthfulqa,0,5,0.18989591855021323,0.03176895995126023,0.7783351214985265,0.2,0.0,0.8,0.42093652070052345
truthfulqa_266_inc_1,truthfulqa,1,5,0.9046346344724201,0.0013412294250289944,0.09402413610255082,1.0,0.0,0.0,0.04835329747630441
truthfulqa_787_inc_3,truthfulqa,1,5,0.20931043210443728,0.007320152729476927,0.7833694151660857,0.2,0.0,0.8,0.3990048603125198
truthfulqa_109_inc_2,truthfulqa,1,5,0.9902933123385076,0.0004552910994562004,0.009251396562036478,1.0,0.0,0.0,0.0050809893804744394
truthfulqa_557_corr_2,truthfulqa,0,5,0.6378111536227306,0.08301166946065136,0.27917717691661814,1.0,0.0,0.0,0.22260025791896043
truthfulqa_381_inc_1,truthfulqa,1,5,0.1544107640908364,0.29891713661117897,0.5466720992979847,0.1,0.1,0.8,0.5722531862601713
truthfulqa_813_inc_4,truthfulqa,1,5,0.5916362040543406,0.400398095533374,0.007965700412285325,0.6,0.4,0.0,0.40438094573951666
truthfulqa_572_best,truthfulqa,0,5,0.5899573317811528,0.3934072891238535,0.01663537909499375,0.6,0.4,0.0,0.4017249786713504
truthfulqa_674_inc_3,truthfulqa,1,5,0.9839478897591671,0.0004491231255990298,0.015602987115233748,1.0,0.0,0.0,0.008250616683215905
truthfulqa_357_inc_1,truthfulqa,1,5,0.11829049213567626,0.34730700979220963,0.5344024980721142,0.1,0.1,0.8,0.6145082588282667
truthfulqa_168_inc_0,truthfulqa,1,5,0.5381588777142365,0.11856209291472938,0.3432790293710341,0.4,0.1,0.5,0.29020160760024644
truthfulqa_314_inc_3,truthfulqa,1,5,0.9892126699325952,0.0005018429592298635,0.010285487108175105,1.0,0.0,0.0,0.005644586513317416
truthfulqa_787_corr_1,truthfulqa,0,5,0.3446676748097152,0.007917130307553744,0.647415194882731,0.3,0.0,0.7,0.33162472774891927
truthfulqa_114_inc_3,truthfulqa,1,5,0.9913518981403284,0.000926945811882625,0.007721156047788955,1.0,0.0,0.0,0.004787523835777102
truthfulqa_212_corr_2,truthfulqa,0,5,0.5666199585590941,0.002888024120431524,0.4304920173204745,0.3,0.0,0.7,0.21813403278066876
truthfulqa_341_inc_1,truthfulqa,1,5,0.9930707956011504,0.0007389176095269318,0.006190286789322588,1.0,0.0,0.0,0.003834061004188226
truthfulqa_646_best,truthfulqa,0,5,0.3033550381118192,0.6889759625581846,0.007668999329996484,0.3,0.7,0.0,0.6928104622231829
truthfulqa_559_inc_2,truthfulqa,1,5,0.9647057926806287,0.0009283163799640533,0.0343658909394073,1.0,0.0,0.0,0.0181112618496677
truthfulqa_392_corr_1,truthfulqa,0,5,0.12266632975174119,0.27809376079130166,0.599239909456957,0.0,0.2,0.8,0.5777137155197802
truthfulqa_332_best,truthfulqa,0,5,0.5962400665395735,0.3588439921362714,0.0449159413241551,0.6,0.4,0.0,0.38130196279834894
truthfulqa_349_corr_1,truthfulqa,0,5,0.3530377015685386,0.1916095769495389,0.4553527214819225,0.2,0.2,0.6,0.41928593769050015
truthfulqa_575_inc_6,truthfulqa,1,5,0.9791377947028737,0.0017988500488635868,0.019063355248262713,1.0,0.0,0.0,0.011330527672994943
truthfulqa_467_inc_0,truthfulqa,1,5,0.5943500918745289,0.39590105243974466,0.009748855685726502,0.6,0.4,0.0,0.4007754802826079
truthfulqa_308_corr_2,truthfulqa,0,5,0.2992194333479959,0.0009146605357919695,0.6998659061162122,0.1,0.0,0.9,0.3508476135938981
truthfulqa_443_best,truthfulqa,0,5,0.9893092157768733,0.0008150067804736809,0.009875777442652944,1.0,0.0,0.0,0.005752895501800153
truthfulqa_424_corr_1,truthfulqa,0,5,0.9691695740698381,0.004287949573406011,0.026542476356755877,1.0,0.0,0.0,0.01755918775178395
truthfulqa_369_inc_2,truthfulqa,1,5,0.43321656220756033,0.004435328876919805,0.5623481089155199,0.1,0.0,0.9,0.2856093833346798
truthfulqa_115_corr_1,truthfulqa,0,5,0.973503986540528,0.0031319932349589802,0.02336402022451308,1.0,0.0,0.0,0.014814003347215521
truthfulqa_547_inc_0,truthfulqa,1,5,0.6150144396989213,0.3318115241611329,0.053174036139945834,0.4,0.6,0.0,0.35839854223110584
truthfulqa_546_inc_0,truthfulqa,1,5,0.990448203654465,0.0009047826347474556,0.008647013710787466,1.0,0.0,0.0,0.005228289490141189
truthfulqa_222_inc_3,truthfulqa,1,5,0.2558428915682306,0.00276681164954809,0.7413902967822213,0.3,0.0,0.7,0.3734619600406588
truthfulqa_331_corr_3,truthfulqa,0,5,0.7918476406756281,0.0011600263693795861,0.20699233295499245,0.6,0.0,0.4,0.10465619284687581
truthfulqa_124_corr_0,truthfulqa,0,5,0.4071145524193902,0.0007914670681836847,0.5920939805124261,0.4,0.0,0.6,0.29683845732439673
truthfulqa_505_inc_4,truthfulqa,1,5,0.02737204249006413,0.6249911028913493,0.34763685461858657,0.0,0.7,0.3,0.7988095302006426
truthfulqa_179_corr_2,truthfulqa,0,5,0.6920495438161144,0.000953028311615493,0.30699742787227013,0.4,0.0,0.6,0.15445174224775057
truthfulqa_700_inc_0,truthfulqa,1,5,0.1255081394568247,0.2757155314051864,0.5987763291379891,0.0,0.2,0.8,0.5751036959741809
truthfulqa_624_best,truthfulqa,0,5,0.005405040425713714,0.9888606741259599,0.005734285448326331,0.0,1.0,0.0,0.9917278168501231
truthfulqa_281_inc_5,truthfulqa,1,5,0.6027967844590076,0.00293870370697098,0.3942645118340214,0.6,0.0,0.4,0.20007095962398166
truthfulqa_69_inc_2,truthfulqa,1,5,0.9766230390063658,0.0007010593069597272,0.022675901686674414,1.0,0.0,0.0,0.012039010150296934
truthfulqa_24_corr_1,truthfulqa,0,5,0.2863167029620676,0.41343804533011347,0.3002452517078189,0.1,0.4,0.5,0.5635606711840229
truthfulqa_549_best,truthfulqa,0,5,0.3058264157354246,0.2824622685720348,0.41171131569254066,0.3,0.0,0.7,0.4883179264183052
truthfulqa_237_corr_1,truthfulqa,0,5,0.1417897973490389,0.3852736513083044,0.47293655134265683,0.1,0.5,0.4,0.6217419269796328
truthfulqa_474_corr_1,truthfulqa,0,5,0.3690663832446593,0.5567295358475743,0.0742040809077663,0.4,0.6,0.0,0.5938315763014574
truthfulqa_455_corr_1,truthfulqa,0,5,0.10271531772923126,0.8484290445172075,0.04885563775356146,0.1,0.9,0.0,0.8728568633939882
truthfulqa_17_corr_2,truthfulqa,0,5,0.5938146903241528,0.3971467578037144,0.009038551872132664,0.6,0.4,0.0,0.4016660337397807
truthfulqa_753_inc_0,truthfulqa,1,5,0.10372568492425908,0.03333466389045618,0.8629396511852846,0.1,0.0,0.9,0.4648044894830985
truthfulqa_276_inc_4,truthfulqa,1,5,0.9131415873486114,0.0009276273684619652,0.08593078528292661,1.0,0.0,0.0,0.04389302000992527
truthfulqa_362_inc_1,truthfulqa,1,5,0.6235960593014797,0.18590162761041476,0.19050231308810553,0.7,0.3,0.0,0.28115278415446754
truthfulqa_769_corr_1,truthfulqa,0,5,0.4038412581717436,0.12372496538807778,0.4724337764401786,0.4,0.2,0.4,0.3599418536081671
truthfulqa_532_best,truthfulqa,0,5,0.6667416011557067,0.30407061957431414,0.029187779269979102,0.4,0.6,0.0,0.31866450920930367
truthfulqa_241_inc_1,truthfulqa,1,5,0.46763804719396707,0.013120344297571616,0.5192416085084613,0.1,0.0,0.9,0.2727411485518023
truthfulqa_147_inc_2,truthfulqa,1,5,0.1479375959059997,0.10245000354870433,0.7496124005452959,0.0,0.0,1.0,0.47725620382135225
truthfulqa_661_inc_3,truthfulqa,1,5,0.16142845087963562,0.02247682374633863,0.8160947253740257,0.1,0.0,0.9,0.4305241864333515
truthfulqa_578_inc_2,truthfulqa,1,5,0.9887947887264478,0.0007950319940833133,0.010410179279469028,1.0,0.0,0.0,0.006000121633817827
truthfulqa_370_inc_2,truthfulqa,1,5,0.03825804048578775,0.04585526944206022,0.9158866900721521,0.0,0.0,1.0,0.5037986144781362
truthfulqa_16_inc_1,truthfulqa,1,5,0.9612140441876939,0.0008673018649204674,0.0379186539473858,1.0,0.0,0.0,0.019826628838613365
truthfulqa_300_inc_1,truthfulqa,1,5,0.990669731561732,0.0007928437452955387,0.008537424692972518,1.0,0.0,0.0,0.0050615560917817975
truthfulqa_550_corr_2,truthfulqa,0,5,0.9866991112133251,0.003931187780069139,0.009369701006605762,1.0,0.0,0.0,0.00861603828337202
truthfulqa_374_inc_1,truthfulqa,1,5,0.6003368331190205,0.3820012246951378,0.017661942185841682,0.6,0.4,0.0,0.39083219578805867
truthfulqa_455_inc_3,truthfulqa,1,5,0.021727733724333915,0.8656358286006279,0.11263643767503809,0.0,1.0,0.0,0.921954047438147
truthfulqa_11_corr_0,truthfulqa,0,5,0.593298728119502,0.39883283677028125,0.007868435110216626,0.6,0.4,0.0,0.40276705432538956
truthfulqa_679_best,truthfulqa,0,5,0.5826842069697111,0.3988603868631725,0.018455406167116363,0.6,0.4,0.0,0.4080880899467307
truthfulqa_587_corr_1,truthfulqa,0,5,0.17411694765528846,0.09259180727368221,0.7332912450710294,0.1,0.1,0.8,0.4592374298091969
truthfulqa_191_inc_2,truthfulqa,1,5,0.44562647288246293,0.0007607705593125452,0.5536127565582245,0.6,0.0,0.4,0.2775671488384248
truthfulqa_624_inc_2,truthfulqa,1,5,0.02138793452284842,0.9637567021750174,0.014855363302134172,0.0,1.0,0.0,0.9711843838260845
truthfulqa_418_inc_0,truthfulqa,1,5,0.6264372935850794,0.35607935492710274,0.017483351487817704,0.6,0.4,0.0,0.36482103067101157
truthfulqa_406_corr_4,truthfulqa,0,5,0.12627772090770736,0.39915579756844277,0.47456648152384995,0.0,0.4,0.6,0.6364390383303677
truthfulqa_203_inc_1,truthfulqa,1,5,0.7147661606071896,0.0012173549000176957,0.2840164844927927,0.9,0.0,0.1,0.14322559714641406
truthfulqa_316_corr_1,truthfulqa,0,5,0.7935964310950355,0.00219299966478382,0.2042105692401807,0.6,0.0,0.4,0.10429828428487417
truthfulqa_153_inc_1,truthfulqa,1,5,0.05718754515205782,0.06825838658725794,0.8745540682606843,0.0,0.1,0.9,0.5055354207176
truthfulqa_245_corr_2,truthfulqa,0,5,0.4961920376807981,0.001783269990683165,0.5020246923285187,0.2,0.0,0.8,0.2527956161549425
truthfulqa_147_inc_1,truthfulqa,1,5,0.06230402815790144,0.46441218972246023,0.47328378211963845,0.1,0.6,0.3,0.7010540807822795
truthfulqa_160_inc_1,truthfulqa,1,5,0.983333747461247,0.00034211007799295456,0.016324142460760027,1.0,0.0,0.0,0.008504181308372967
truthfulqa_152_corr_0,truthfulqa,0,5,0.05833645375546983,0.6934058351738073,0.24825771107072292,0.0,0.7,0.3,0.8175346907091687
truthfulqa_118_best,truthfulqa,0,5,0.6675977043359195,0.0031125012917976266,0.3292897943722829,0.4,0.0,0.6,0.16775739847793908
truthfulqa_511_inc_2,truthfulqa,1,5,0.3307745363728184,0.0013992346181313118,0.6678262290090503,0.2,0.0,0.8,0.33531234912265645
truthfulqa_735_inc_0,truthfulqa,1,5,0.2962876520847839,0.00914621108559853,0.6945661368296175,0.3,0.0,0.7,0.3564292795004073
truthfulqa_474_inc_1,truthfulqa,1,5,0.7884364126558205,0.1291879377026824,0.08237564964149713,1.0,0.0,0.0,0.17037576252343095
truthfulqa_363_corr_2,truthfulqa,0,5,0.9905024466638487,0.0010026082408279998,0.008494945095323184,1.0,0.0,0.0,0.005250080788489592
truthfulqa_316_best,truthfulqa,0,5,0.7927354674217361,0.0029697783604933966,0.20429475421777057,0.6,0.0,0.4,0.10511715546937868
truthfulqa_493_inc_0,truthfulqa,1,5,0.9894022596753336,0.0019397481324171652,0.008657992192248994,1.0,0.0,0.0,0.006268744228541663
truthfulqa_34_inc_4,truthfulqa,1,5,0.6951320001374767,0.001354886905287124,0.30351311295723626,0.6,0.0,0.4,0.15311144338390525
truthfulqa_338_inc_2,truthfulqa,1,5,0.3003429795069875,0.046740745923338316,0.6529162745696742,0.3,0.0,0.7,0.3731988832081754
truthfulqa_330_corr_2,truthfulqa,0,5,0.9870445002635698,0.000876029392152421,0.01207947034427781,1.0,0.0,0.0,0.006915764564291326
truthfulqa_236_corr_3,truthfulqa,0,5,0.19892296781800003,0.44128690890506145,0.3597901232769386,0.2,0.4,0.4,0.6211819705435307
truthfulqa_438_inc_2,truthfulqa,1,5,0.983562364291642,0.0008978260193941046,0.015539809688963884,1.0,0.0,0.0,0.008667730863876047
truthfulqa_115_inc_1,truthfulqa,1,5,0.973503986540528,0.0031319932349589802,0.02336402022451308,1.0,0.0,0.0,0.014814003347215521
truthfulqa_658_best,truthfulqa,0,5,0.2938018897427491,0.0007930895037526733,0.7054050207534983,0.3,0.0,0.7,0.35349559988050183
truthfulqa_297_corr_2,truthfulqa,0,5,0.02020594635528491,0.4226681924774784,0.5571258611672366,0.0,0.4,0.6,0.7012311230610967
truthfulqa_796_best,truthfulqa,0,5,0.11973619473996207,0.1411578120460383,0.7391059932139996,0.0,0.0,1.0,0.5107108086530381
truthfulqa_619_inc_0,truthfulqa,1,5,0.0019094109442119715,0.8671939825409248,0.1308966065148631,0.0,0.9,0.1,0.9326422857983564
truthfulqa_469_inc_1,truthfulqa,1,5,0.9894870969470618,0.0019368019417074684,0.008576101111230973,1.0,0.0,0.0,0.006224852497322955
truthfulqa_627_inc_1,truthfulqa,1,5,0.07747983613590467,0.14239181411011154,0.7801283497539837,0.1,0.1,0.8,0.5324559889871034
truthfulqa_692_inc_1,truthfulqa,1,5,0.4767027991097524,0.003000175993783682,0.520297024896464,0.5,0.0,0.5,0.26314868844201567
truthfulqa_287_inc_2,truthfulqa,1,5,0.24928222792435414,0.005495300652290508,0.7452224714233553,0.1,0.0,0.9,0.3781065363639682
truthfulqa_36_corr_3,truthfulqa,0,5,0.9911854122368885,0.0006541423962510438,0.008160445366860239,1.0,0.0,0.0,0.0047343650796811635
truthfulqa_589_inc_0,truthfulqa,1,5,0.3984232657927803,0.5956606645159477,0.005916069691272066,0.4,0.6,0.0,0.5986186993615837
truthfulqa_317_inc_2,truthfulqa,1,5,0.9767686412356087,0.0008965975924965895,0.02233476117189479,1.0,0.0,0.0,0.012063978178443985
truthfulqa_660_inc_2,truthfulqa,1,5,0.9197968284313379,0.023671306449165735,0.056531865119496615,1.0,0.0,0.0,0.051937239008914046
truthfulqa_456_inc_1,truthfulqa,1,5,0.007185177761061463,0.9460045598499367,0.04681026238900195,0.0,1.0,0.0,0.9694096910444376
truthfulqa_102_corr_3,truthfulqa,0,5,0.3280815001923937,0.650016669352748,0.02190183045485819,0.2,0.8,0.0,0.6609675845801771
truthfulqa_56_corr_2,truthfulqa,0,5,0.02724130663528721,0.6208424113886755,0.35191628197603736,0.0,0.7,0.3,0.7968005523766941
truthfulqa_804_best,truthfulqa,0,5,0.1573284901152939,0.1016004005690482,0.7410711093156579,0.1,0.1,0.8,0.4721359552268771
truthfulqa_362_corr_2,truthfulqa,0,5,0.6065662255349304,0.017594840848007488,0.3758389336170621,0.6,0.0,0.4,0.20551430765653855
truthfulqa_190_inc_1,truthfulqa,1,5,0.713127802316031,0.0009989068101593501,0.2858732908738097,0.7,0.0,0.3,0.1439355522470642
truthfulqa_785_best,truthfulqa,0,5,0.1402272157850485,0.004011569282490448,0.855761214932461,0.1,0.0,0.9,0.431892176748721
truthfulqa_205_inc_1,truthfulqa,1,5,0.41595954946376246,0.5093793861492931,0.07466106438694439,0.4,0.6,0.0,0.5467099183427653
truthfulqa_75_corr_3,truthfulqa,0,5,0.20542741903182887,0.0695980436142943,0.7249745373538768,0.1,0.0,0.9,0.4320853122912327
truthfulqa_588_inc_3,truthfulqa,1,5,0.11767197828723522,0.0038743334781594424,0.8784536882346053,0.1,0.0,0.9,0.44310117759546214
truthfulqa_410_best,truthfulqa,0,5,0.29239627117410777,0.07607584420148716,0.6315278846244052,0.2,0.0,0.8,0.3918397865136898
truthfulqa_68_inc_2,truthfulqa,1,5,0.6710055312739551,0.0044208113253523165,0.32457365740069266,0.4,0.0,0.6,0.16670764002569866
truthfulqa_319_inc_2,truthfulqa,1,5,0.5984229928120993,0.20472189538848912,0.19685511179941168,0.6,0.3,0.1,0.3031494512881949
truthfulqa_593_inc_4,truthfulqa,1,5,0.37041965433205004,0.03513860416525718,0.5944417415026928,0.4,0.0,0.6,0.33235947491660356
truthfulqa_35_inc_3,truthfulqa,1,5,0.03791943581343137,0.007217951064483322,0.9548626131220852,0.0,0.0,1.0,0.4846492576255259
truthfulqa_169_inc_1,truthfulqa,1,5,0.18612397237237502,0.04467336657992106,0.769202661047704,0.1,0.0,0.9,0.42927469710377303
truthfulqa_600_inc_0,truthfulqa,1,5,0.40321893626317146,0.13460155903055065,0.4621795047062779,0.3,0.2,0.5,0.3656913113836896
truthfulqa_777_inc_2,truthfulqa,1,5,0.12920076610010917,0.15351641414133957,0.7172828197585513,0.2,0.2,0.6,0.5121578240206153
truthfulqa_123_best,truthfulqa,0,5,0.4790261369819741,0.3802128771432313,0.1407609858747944,0.6,0.4,0.0,0.4505933700806285
truthfulqa_476_corr_2,truthfulqa,0,5,0.11548876575533865,0.8400429804384697,0.04446825380619166,0.1,0.9,0.0,0.8622771073415655
truthfulqa_364_inc_1,truthfulqa,1,5,0.025701171096801347,0.054392053778656635,0.9199067751245419,0.0,0.0,1.0,0.5143454413409276
truthfulqa_195_inc_3,truthfulqa,1,5,0.14444387933751174,0.1030378701484271,0.7525182505140612,0.0,0.1,0.9,0.47929699540545767
truthfulqa_703_corr_1,truthfulqa,0,5,0.39066603168974473,0.08662761312234891,0.5227063551879063,0.3,0.0,0.7,0.34798079071630206
truthfulqa_190_corr_1,truthfulqa,0,5,0.7414359159418001,0.0008405208917912993,0.25772356316640854,1.0,0.0,0.0,0.12970230247499556
truthfulqa_802_inc_2,truthfulqa,1,5,0.3028931634578919,0.03028778907353167,0.6668190474685763,0.1,0.0,0.9,0.36369731280781986
truthfulqa_278_inc_0,truthfulqa,1,5,0.988799293119517,0.0012444359459580921,0.00995627093452483,1.0,0.0,0.0,0.006222571413220508
truthfulqa_768_best,truthfulqa,0,5,0.0023172998125691674,0.0999960191274464,0.8976866810599844,0.0,0.1,0.9,0.5488393596574386
truthfulqa_348_corr_6,truthfulqa,0,5,0.03623145805059237,0.05742182679064193,0.9063467151587657,0.0,0.0,1.0,0.5105951843700248
truthfulqa_577_corr_1,truthfulqa,0,5,0.8514139903040769,0.006391999798229624,0.14219400989769343,1.0,0.0,0.0,0.07748900474707635
truthfulqa_429_inc_0,truthfulqa,1,5,0.9762864140796523,0.0014250285636475163,0.02228855735670019,1.0,0.0,0.0,0.012569307241997611
truthfulqa_585_corr_1,truthfulqa,0,5,0.9877477704009724,0.0006481941620275916,0.011604035437000063,1.0,0.0,0.0,0.006450211880527623
truthfulqa_780_corr_3,truthfulqa,0,5,0.6759774558236146,0.11045010021532058,0.21357244396106498,1.0,0.0,0.0,0.21723632219585307
truthfulqa_112_inc_0,truthfulqa,1,5,0.6042875982280915,0.002038304597155326,0.39367409717475316,0.4,0.0,0.6,0.1988753531845319
truthfulqa_76_corr_2,truthfulqa,0,5,0.9826993441391535,0.00042328314591742776,0.01687737271492914,1.0,0.0,0.0,0.008861969503381997
truthfulqa_351_best,truthfulqa,0,5,0.3342027455776275,0.005165782862980031,0.6606314715593925,0.3,0.0,0.7,0.3354815186426763
truthfulqa_55_inc_3,truthfulqa,1,5,0.09543418997980795,0.2104999960514001,0.694065813968792,0.0,0.0,1.0,0.5575329030357961
truthfulqa_399_corr_2,truthfulqa,0,5,0.1005178657830268,0.3982173597388185,0.5012647744781548,0.0,0.4,0.6,0.6488497469778959
truthfulqa_777_inc_0,truthfulqa,1,5,0.1635469930963189,0.031650375976634434,0.8048026309270467,0.2,0.0,0.8,0.4340516914401578
truthfulqa_53_inc_1,truthfulqa,1,5,0.2016534019303191,0.31962732541295324,0.47871927265672776,0.1,0.6,0.3,0.5589869617413171
truthfulqa_451_inc_4,truthfulqa,1,5,0.05223279227972982,0.8400325430518008,0.10773466466846944,0.0,1.0,0.0,0.8938998753860354
truthfulqa_760_corr_1,truthfulqa,0,5,0.2265239132497216,0.06219930928253228,0.711276777467746,0.1,0.0,0.9,0.41783769801640525
truthfulqa_328_inc_2,truthfulqa,1,5,0.9526219348848393,0.002435451261838489,0.04494261385332216,1.0,0.0,0.0,0.02490675818849957
truthfulqa_564_inc_3,truthfulqa,1,5,0.22489883025848423,0.7510643498760414,0.024036819865474394,0.2,0.8,0.0,0.7630827598087786
truthfulqa_289_inc_2,truthfulqa,1,5,0.9860827662751754,0.002371522529840215,0.011545711194984268,1.0,0.0,0.0,0.00814437812733235
truthfulqa_236_corr_1,truthfulqa,0,5,0.596831894237325,0.070019159439495,0.3331489463231801,0.6,0.0,0.4,0.23659363260108504
truthfulqa_54_inc_1,truthfulqa,1,5,0.10242500654467408,0.38942775643989963,0.5081472370154263,0.1,0.4,0.5,0.6435013749476128
truthfulqa_618_best,truthfulqa,0,5,0.6867051796095619,0.016502511162324696,0.29679230922811345,0.9,0.0,0.1,0.16489866577638143
truthfulqa_663_best,truthfulqa,0,5,0.48591993739116496,0.12069782521543009,0.3933822373934049,0.4,0.0,0.6,0.3173889439121325
truthfulqa_594_inc_4,truthfulqa,1,5,0.10602303746750516,0.015562877302652423,0.8784140852298424,0.0,0.0,1.0,0.45476991991757365
truthfulqa_504_inc_3,truthfulqa,1,5,0.21524829145179375,0.08307694991155791,0.7016747586366483,0.1,0.0,0.9,0.43391432922988205
truthfulqa_383_inc_2,truthfulqa,1,5,0.05124471456666822,0.5715535159009185,0.37720176953241324,0.0,0.7,0.3,0.7601544006671251
truthfulqa_576_inc_1,truthfulqa,1,5,0.9917478261970804,0.0010120793397907992,0.007240094463128949,1.0,0.0,0.0,0.004632126571355274
truthfulqa_65_corr_1,truthfulqa,0,5,0.015732806525117014,0.31522803724103154,0.6690391562338516,0.0,0.3,0.7,0.6497476153579573
truthfulqa_181_inc_2,truthfulqa,1,5,0.3788066353093158,0.00134538741170962,0.6198479772789746,0.3,0.0,0.7,0.3112693760511969
truthfulqa_610_best,truthfulqa,0,5,0.3711570113102164,0.02267095485793845,0.6061720338318451,0.3,0.0,0.7,0.32575697177386104
truthfulqa_751_corr_2,truthfulqa,0,5,0.09864200826210966,0.37949451379205357,0.5218634779458368,0.0,0.2,0.8,0.640426252764972
truthfulqa_519_corr_1,truthfulqa,0,5,0.9878410485690742,0.001810323906199287,0.010348627524726444,1.0,0.0,0.0,0.006984637668562509
truthfulqa_73_corr_1,truthfulqa,0,5,0.7560881680709765,0.03457392355420881,0.20933790837481467,0.8,0.0,0.2,0.13924287774161614
truthfulqa_471_corr_1,truthfulqa,0,5,0.9857112469556821,0.0010581864631361894,0.01323056658118193,1.0,0.0,0.0,0.007673469753727154
truthfulqa_247_best,truthfulqa,0,5,0.012565512037361792,0.03540997301130541,0.9520245149513327,0.0,0.0,1.0,0.5114222304869718
truthfulqa_143_inc_4,truthfulqa,1,5,0.11748463801361422,0.31005066044687024,0.5724647015395156,0.1,0.3,0.6,0.596283011216628
truthfulqa_75_inc_1,truthfulqa,1,5,0.1387982632217332,0.06308128560149544,0.7981204511767714,0.0,0.0,1.0,0.46214151118988117
truthfulqa_470_inc_5,truthfulqa,1,5,0.9737232234630596,0.0008272418487949879,0.025449534688145266,1.0,0.0,0.0,0.013552009192867621
truthfulqa_421_inc_3,truthfulqa,1,5,0.9832329341795132,0.0012081157575494386,0.015558950062937412,1.0,0.0,0.0,0.008987590789018144
truthfulqa_284_best,truthfulqa,0,5,0.1306275002992421,0.15878668664055062,0.7105858130602072,0.1,0.1,0.8,0.5140795931706542
truthfulqa_7_inc_1,truthfulqa,1,5,0.1040762726625855,0.04302691501079687,0.8528968123266176,0.1,0.0,0.9,0.4694753211741057
truthfulqa_164_corr_1,truthfulqa,0,5,0.983333747461247,0.00034211007799295456,0.016324142460760027,1.0,0.0,0.0,0.008504181308372967
truthfulqa_100_inc_4,truthfulqa,1,5,0.983333747461247,0.00034211007799295456,0.016324142460760027,1.0,0.0,0.0,0.008504181308372967
truthfulqa_515_best,truthfulqa,0,5,0.2312069114812998,0.40157649123530065,0.36721659728339956,0.0,0.4,0.6,0.5851847898770004
truthfulqa_296_corr_4,truthfulqa,0,5,0.24177879333087465,0.09874369535154312,0.6594775113175823,0.1,0.0,0.9,0.4284824510103342
truthfulqa_531_best,truthfulqa,0,5,0.9830910612318796,0.0015996328464525727,0.015309305921667895,1.0,0.0,0.0,0.00925428580728652
truthfulqa_509_inc_4,truthfulqa,1,5,0.16652802413933188,0.0013582139352133376,0.8321137619254548,0.0,0.0,1.0,0.41741509489794076
truthfulqa_591_inc_3,truthfulqa,1,5,0.2674303625922744,0.36058351929592475,0.37198611811180093,0.1,0.5,0.4,0.5465765783518253
truthfulqa_463_inc_1,truthfulqa,1,5,0.22974876189356533,0.06508900080806698,0.7051622372983677,0.2,0.0,0.8,0.41767011945725085
truthfulqa_312_best,truthfulqa,0,5,0.6133397816093518,0.1907786845245196,0.19588153386612867,0.6,0.0,0.4,0.28871945145758393
truthfulqa_385_inc_1,truthfulqa,1,5,0.1620512526133499,0.04662175547670074,0.7913269919099494,0.0,0.0,1.0,0.4422852514316754
truthfulqa_82_corr_2,truthfulqa,0,5,0.28759989434300526,0.11519989496963004,0.5972002106873647,0.3,0.1,0.6,0.41380000031331243
truthfulqa_324_corr_2,truthfulqa,0,5,0.12108062336221699,0.3075978047960413,0.5713215718417417,0.1,0.3,0.6,0.5932585907169121
truthfulqa_485_corr_2,truthfulqa,0,5,0.3234041857604044,0.07129587922397806,0.6052999350156176,0.3,0.0,0.7,0.3739458467317869
truthfulqa_123_inc_0,truthfulqa,1,5,0.3992027798475783,0.5708390375673081,0.029958182585113548,0.4,0.6,0.0,0.585818128859865
truthfulqa_522_inc_2,truthfulqa,1,5,0.97644755704862,0.0010003178652617487,0.022552125086118563,1.0,0.0,0.0,0.01227638040832103
truthfulqa_295_inc_6,truthfulqa,1,5,0.3469042978219988,0.0038293478862493494,0.649266354291752,0.4,0.0,0.6,0.3284625250321253
truthfulqa_539_inc_0,truthfulqa,1,5,0.3715712253006916,0.19685962030951967,0.43156915438978877,0.2,0.1,0.7,0.41264419750441406
truthfulqa_490_inc_2,truthfulqa,1,5,0.3975320044638931,0.43566708278745503,0.1668009127486519,0.4,0.6,0.0,0.5190675391617809
truthfulqa_119_best,truthfulqa,0,5,0.49059134427743667,0.14055400484664166,0.36885465087592173,0.4,0.2,0.4,0.3249813302846025
truthfulqa_75_best,truthfulqa,0,5,0.01437104587577918,0.20702475151033192,0.7786042026138889,0.0,0.1,0.9,0.5963268528172764
truthfulqa_56_corr_1,truthfulqa,0,5,0.06645987882680768,0.2946688267882236,0.6388712943849687,0.0,0.3,0.7,0.614104473980708
truthfulqa_334_inc_0,truthfulqa,1,5,0.14557363515571647,0.2359770285110696,0.618449336333214,0.1,0.1,0.8,0.5452016966776766
truthfulqa_35_corr_1,truthfulqa,0,5,0.09611216622093892,0.2925873369387569,0.6113004968403041,0.0,0.3,0.7,0.5982375853589089
truthfulqa_143_inc_2,truthfulqa,1,5,0.003268019829908033,0.4573901438807467,0.5393418362893453,0.0,0.5,0.5,0.7270610620254194
truthfulqa_132_inc_1,truthfulqa,1,5,0.10508818530296585,0.7857725514231175,0.10913926327391658,0.1,0.8,0.1,0.8403421830600758
truthfulqa_513_inc_3,truthfulqa,1,5,0.5058622161411033,0.04549749903218865,0.44864028482670815,0.5,0.0,0.5,0.2698176414455427
truthfulqa_445_inc_4,truthfulqa,1,5,0.09947440294223188,0.8983497226525469,0.0021758744052213764,0.1,0.9,0.0,0.8994376598551576
truthfulqa_711_inc_1,truthfulqa,1,5,0.1353046849925703,0.033577543408426655,0.831117771599003,0.1,0.0,0.9,0.4491364292079282
truthfulqa_607_inc_1,truthfulqa,1,5,0.5944697054092605,0.15776864595941778,0.24776164863132175,1.0,0.0,0.0,0.28164947027507864
truthfulqa_623_inc_2,truthfulqa,1,5,0.0009236891703830168,0.9040202458675184,0.09505606496209863,0.0,0.9,0.1,0.9515482783485677
truthfulqa_716_inc_0,truthfulqa,1,5,0.0020895295802268363,0.8214900278622942,0.17642044255747896,0.0,0.9,0.1,0.9097002491410336
truthfulqa_721_corr_2,truthfulqa,0,5,0.008327443917516195,0.9554344936984418,0.036238062384042015,0.0,1.0,0.0,0.9735535248904628
truthfulqa_564_inc_1,truthfulqa,1,5,0.47447669064663467,0.4674504324092614,0.05807287694410388,0.4,0.6,0.0,0.4964868708813133
truthfulqa_224_inc_0,truthfulqa,1,5,0.9709728315225405,0.0049588404706635125,0.024068328006796157,1.0,0.0,0.0,0.01699300447406159
truthfulqa_108_inc_3,truthfulqa,1,5,0.7976835466818237,0.001133859592284265,0.20118259372589212,1.0,0.0,0.0,0.10172515645523032
truthfulqa_480_inc_0,truthfulqa,1,5,0.9756769791999431,0.0034917956055414423,0.020831225194515163,1.0,0.0,0.0,0.013907408202799024
truthfulqa_144_inc_0,truthfulqa,1,5,0.1786197544044462,0.011341062790309593,0.8100391828052442,0.0,0.0,1.0,0.4163606541929317
truthfulqa_737_corr_2,truthfulqa,0,5,0.24068624494715504,0.0011973558164857317,0.7581163992363593,0.3,0.0,0.7,0.3802555554346654
truthfulqa_440_inc_0,truthfulqa,1,5,0.9620638310970071,0.0021478334341240132,0.03578833546886897,1.0,0.0,0.0,0.020042001168558497
truthfulqa_333_inc_3,truthfulqa,1,5,0.31458928702660766,0.0043455522279664625,0.6810651607454259,0.2,0.0,0.8,0.3448781326006794
truthfulqa_24_corr_2,truthfulqa,0,5,0.2787987545119452,0.28694969718410646,0.4342515483039483,0.2,0.3,0.5,0.5040754713360807
truthfulqa_597_inc_0,truthfulqa,1,5,0.020818558711288085,0.32243728253203924,0.6567441587566727,0.0,0.2,0.8,0.6508093619103756
truthfulqa_427_corr_1,truthfulqa,0,5,0.9706078203411772,0.0024288050665883217,0.026963374592234367,1.0,0.0,0.0,0.015910492362705506
truthfulqa_40_inc_5,truthfulqa,1,5,0.29828358018477447,0.14724534516490967,0.5544710746503159,0.1,0.0,0.9,0.4244808824900676
truthfulqa_282_inc_3,truthfulqa,1,5,0.9910859452222839,0.0011567538221765451,0.007757300955539473,1.0,0.0,0.0,0.005035404299946282
truthfulqa_144_corr_2,truthfulqa,0,5,0.20696780524141337,0.005608677236396785,0.7874235175221899,0.0,0.0,1.0,0.39932043599749173
truthfulqa_225_inc_0,truthfulqa,1,5,0.6342492411153657,0.015259484645045849,0.3504912742395884,0.7,0.0,0.3,0.19050512176484005
truthfulqa_203_best,truthfulqa,0,5,0.7438075675072582,0.0006990291928942431,0.2554934032998477,1.0,0.0,0.0,0.1284457308428181
truthfulqa_201_best,truthfulqa,0,5,0.14251723102244457,0.004123404012691715,0.8533593649648636,0.1,0.0,0.9,0.43080308649512356
truthfulqa_76_inc_1,truthfulqa,1,5,0.9826993441391535,0.00042328314591742776,0.01687737271492914,1.0,0.0,0.0,0.008861969503381997
truthfulqa_556_inc_0,truthfulqa,1,5,0.4630582458399906,0.020074819593194307,0.516866934566815,0.5,0.0,0.5,0.2785082868766018
truthfulqa_236_inc_0,truthfulqa,1,5,0.30446325569603505,0.3230289633122537,0.3725077809917112,0.3,0.3,0.4,0.5092828538081093
truthfulqa_110_inc_0,truthfulqa,1,5,0.9874681081791785,0.0007891504358250659,0.011742741384996511,1.0,0.0,0.0,0.0066605211283233216
truthfulqa_311_corr_2,truthfulqa,0,5,0.32336850547772744,0.003895849402186543,0.672735645120086,0.1,0.0,0.9,0.34026367196222956
truthfulqa_144_inc_3,truthfulqa,1,5,0.30050470068307106,0.0041333218881138365,0.695361977428815,0.0,0.0,1.0,0.35181431060252133
truthfulqa_606_inc_1,truthfulqa,1,5,0.3135993738131985,0.0023364022344229693,0.6840642239523785,0.3,0.0,0.7,0.34436851421061226
truthfulqa_291_corr_3,truthfulqa,0,5,0.27549413220242247,0.10659274826709582,0.6179131195304818,0.2,0.0,0.8,0.4155493080323367
truthfulqa_348_inc_1,truthfulqa,1,5,0.07912491726408769,0.12108894749477035,0.799786135241142,0.0,0.1,0.9,0.5209820151153414
truthfulqa_720_corr_2,truthfulqa,0,5,0.5890171309745519,0.01922814161539498,0.39175472741005307,0.4,0.0,0.6,0.21510550532042153
truthfulqa_338_corr_2,truthfulqa,0,5,0.3321348837880101,0.07623134356773223,0.5916337726442576,0.3,0.1,0.6,0.3720482298898611
truthfulqa_523_corr_1,truthfulqa,0,5,0.9839327252104036,0.0008829077687635722,0.015184367020832947,1.0,0.0,0.0,0.008475091279180046
truthfulqa_466_inc_0,truthfulqa,1,5,0.991622455575016,0.000876676557286435,0.00750086786769751,1.0,0.0,0.0,0.00462711049113519
truthfulqa_550_inc_6,truthfulqa,1,5,0.9866991112133251,0.003931187780069139,0.009369701006605762,1.0,0.0,0.0,0.00861603828337202
truthfulqa_64_corr_0,truthfulqa,0,5,0.31855599044572686,0.0022065352646326603,0.6792374742896404,0.4,0.0,0.6,0.3418252724094529
truthfulqa_689_inc_1,truthfulqa,1,5,0.9805720320701102,0.0027169541075483606,0.01671101382234142,1.0,0.0,0.0,0.01107246101871907
truthfulqa_611_best,truthfulqa,0,5,0.6069940907770438,0.16825629934886593,0.2247496098740902,0.6,0.0,0.4,0.28063110428591104
truthfulqa_578_corr_2,truthfulqa,0,5,0.9887947887264478,0.0007950319940833133,0.010410179279469028,1.0,0.0,0.0,0.006000121633817827
truthfulqa_396_best,truthfulqa,0,5,0.002977675187031455,0.9777758321737057,0.019246492639262987,0.0,1.0,0.0,0.9873990784933372
truthfulqa_144_corr_0,truthfulqa,0,5,0.218969241083753,0.006505511084318553,0.7745252478319284,0.0,0.0,1.0,0.3937681350002828
truthfulqa_657_inc_0,truthfulqa,1,5,0.15790405566321444,0.0036431461802258398,0.8384527981565597,0.0,0.0,1.0,0.4228695452585057
truthfulqa_665_corr_2,truthfulqa,0,5,0.7024565084689958,0.00394045305288467,0.29360303847811947,1.0,0.0,0.0,0.15074197229194441
truthfulqa_264_inc_3,truthfulqa,1,5,0.5955051255902292,0.3996410969435119,0.004853777466258908,0.6,0.4,0.0,0.40206798567664137
truthfulqa_735_corr_2,truthfulqa,0,5,0.362942123078221,0.10314534450278441,0.5339125324189945,0.4,0.0,0.6,0.37010161071228165
truthfulqa_693_corr_3,truthfulqa,0,5,0.3917148400348984,0.09868787863047553,0.5095972813346261,0.5,0.1,0.4,0.35348651929778857
truthfulqa_387_corr_1,truthfulqa,0,5,0.047426682166156635,0.5416254574115874,0.410947860422256,0.0,0.7,0.3,0.7470993876227154
truthfulqa_396_corr_1,truthfulqa,0,5,0.018832413568504187,0.6578024277912398,0.3233651586402559,0.0,0.8,0.2,0.8194850071113677
truthfulqa_294_inc_0,truthfulqa,1,5,0.9868997369312389,0.0008096220789904392,0.012290640989770523,1.0,0.0,0.0,0.006954942573875701
truthfulqa_121_inc_1,truthfulqa,1,5,0.9791377947028737,0.0017988500488635868,0.019063355248262713,1.0,0.0,0.0,0.011330527672994943
truthfulqa_584_inc_4,truthfulqa,1,5,0.3981984130539203,0.5962245419579941,0.00557704498808558,0.4,0.6,0.0,0.599013064452037
truthfulqa_230_corr_2,truthfulqa,0,5,0.9924756909925841,0.0011921454153390597,0.006332163592076971,1.0,0.0,0.0,0.004358227211377545
truthfulqa_798_corr_2,truthfulqa,0,5,0.3967414416736521,0.12649918564233079,0.4767593726840171,0.2,0.2,0.6,0.3648788719843393
truthfulqa_594_inc_3,truthfulqa,1,5,0.013035640971115047,0.018227234121043708,0.9687371249078411,0.0,0.0,1.0,0.5025957965749642
truthfulqa_363_corr_3,truthfulqa,0,5,0.6010212272359248,0.19514625789411522,0.20383251486995996,0.6,0.0,0.4,0.2970625153290952
truthfulqa_341_corr_3,truthfulqa,0,5,0.9930707956011504,0.0007389176095269318,0.006190286789322588,1.0,0.0,0.0,0.003834061004188226
truthfulqa_341_best,truthfulqa,0,5,0.9930707956011504,0.0007389176095269318,0.006190286789322588,1.0,0.0,0.0,0.003834061004188226
truthfulqa_673_best,truthfulqa,0,5,0.7593320995150944,0.0025644701248358306,0.2381034303600698,0.7,0.0,0.3,0.12161618530487074
truthfulqa_645_corr_1,truthfulqa,0,5,0.9299741008374781,0.0022491074058422897,0.06777679175667964,1.0,0.0,0.0,0.03613750328418211
truthfulqa_62_corr_0,truthfulqa,0,5,0.9696118979776477,0.0031963009899219344,0.0271918010324304,1.0,0.0,0.0,0.016792201506137135
truthfulqa_420_inc_1,truthfulqa,1,5,0.022097409562676296,0.9619808800020279,0.015921710435295815,0.0,1.0,0.0,0.9699417352196757
truthfulqa_46_best,truthfulqa,0,5,0.40002928219511424,0.1720061432912841,0.42796457451360154,0.2,0.2,0.6,0.38598843054808485
truthfulqa_639_corr_2,truthfulqa,0,5,0.3036020734313454,0.001360703853234333,0.6950372227154202,0.1,0.0,0.9,0.34887931521094445
truthfulqa_318_inc_6,truthfulqa,1,5,0.9890960446898077,0.0013012932461354781,0.009602662064056609,1.0,0.0,0.0,0.006102624278163783
truthfulqa_57_inc_2,truthfulqa,1,5,0.8317692586602901,0.0011833128095498253,0.16704742853016014,1.0,0.0,0.0,0.08470702707462989
truthfulqa_747_best,truthfulqa,0,5,0.11756323423811155,0.7115029551397771,0.1709338106221112,0.1,0.8,0.1,0.7969698604508327
truthfulqa_345_best,truthfulqa,0,5,0.5021114883982571,0.45390795086113245,0.04398056074061039,0.4,0.6,0.0,0.47589823123143765
truthfulqa_115_inc_6,truthfulqa,1,5,0.973503986540528,0.0031319932349589802,0.02336402022451308,1.0,0.0,0.0,0.014814003347215521
truthfulqa_163_corr_2,truthfulqa,0,5,0.983333747461247,0.00034211007799295456,0.016324142460760027,1.0,0.0,0.0,0.008504181308372967
truthfulqa_647_inc_3,truthfulqa,1,5,0.9864623562135726,0.0005814102781533148,0.012956233508273834,1.0,0.0,0.0,0.007059527032290232
truthfulqa_578_inc_3,truthfulqa,1,5,0.9887947887264478,0.0007950319940833133,0.010410179279469028,1.0,0.0,0.0,0.006000121633817827
truthfulqa_636_corr_2,truthfulqa,0,5,0.7643580568198942,0.001976005685072591,0.23366593749503334,0.6,0.0,0.4,0.11880897443258925
truthfulqa_71_inc_0,truthfulqa,1,5,0.19656670998739165,0.7952007856791115,0.008232504333496978,0.2,0.8,0.0,0.79931703784586
truthfulqa_408_inc_3,truthfulqa,1,5,0.1613809092565363,0.15553800442425353,0.6830810863192102,0.1,0.0,0.9,0.4970785475838586
truthfulqa_185_best,truthfulqa,0,5,0.354342247308885,0.0029372478759964087,0.6427205048151183,0.2,0.0,0.8,0.3242975002835556
truthfulqa_358_best,truthfulqa,0,5,0.9908485822359412,0.0006265180575411608,0.008524899706517767,1.0,0.0,0.0,0.004888967910800044
truthfulqa_509_corr_4,truthfulqa,0,5,0.17320283201004655,0.0011874761699276486,0.8256096918200259,0.2,0.0,0.8,0.4139923220799406
truthfulqa_73_inc_3,truthfulqa,1,5,0.9866595813873132,0.0032130131359292304,0.010127405476757435,1.0,0.0,0.0,0.008276715874307948
truthfulqa_540_inc_1,truthfulqa,1,5,0.9797133447169338,0.0007883847368204122,0.01949827054624592,1.0,0.0,0.0,0.010537520009943372
truthfulqa_767_inc_1,truthfulqa,1,5,0.19672205628750297,0.005337069225650732,0.7979408744868464,0.1,0.0,0.9,0.40430750646907393
truthfulqa_392_inc_3,truthfulqa,1,5,0.1508735743589303,0.22189483521300857,0.6272315904280611,0.0,0.1,0.9,0.5355106304270392
truthfulqa_759_inc_2,truthfulqa,1,5,0.16130721250222285,0.195922243130335,0.6427705443674421,0.0,0.1,0.9,0.517307515314056
truthfulqa_634_corr_1,truthfulqa,0,5,0.5725227967235862,0.003846749813842144,0.42363045346257167,0.6,0.0,0.4,0.21566197654512798
truthfulqa_283_corr_2,truthfulqa,0,5,0.5047487557181489,0.011031119522000444,0.48422012475985055,0.6,0.0,0.4,0.2531411819019257
truthfulqa_391_corr_2,truthfulqa,0,5,0.888727460526811,0.020596783249370636,0.09067575622381838,1.0,0.0,0.0,0.06593466136127982
truthfulqa_782_corr_3,truthfulqa,0,5,0.3654651218925146,0.13222558499920786,0.5023092931082774,0.3,0.1,0.6,0.38338023155334655
truthfulqa_6_corr_0,truthfulqa,0,5,0.9807743788981573,0.000777531810903137,0.018448089290939322,1.0,0.0,0.0,0.010001576456372799
truthfulqa_744_best,truthfulqa,0,5,0.5366013676317879,0.0081374169417021,0.4552612154265101,0.3,0.0,0.7,0.23576802465495716
truthfulqa_321_corr_3,truthfulqa,0,5,0.12071199941453667,0.001416189147884449,0.8778718114375789,0.0,0.0,1.0,0.44035209486667387
truthfulqa_107_corr_2,truthfulqa,0,5,0.9830154666134957,0.004366590185750593,0.012617943200753812,1.0,0.0,0.0,0.0106755617861275
truthfulqa_684_corr_1,truthfulqa,0,5,0.9917028534631595,0.0013062560778284735,0.0069908904590120875,1.0,0.0,0.0,0.0048017013073345174
truthfulqa_403_inc_1,truthfulqa,1,5,0.392598958749273,0.5992770265473395,0.008124014703387457,0.4,0.6,0.0,0.6033390338990332
truthfulqa_300_corr_9,truthfulqa,0,5,0.990669731561732,0.0007928437452955387,0.008537424692972518,1.0,0.0,0.0,0.0050615560917817975
truthfulqa_183_inc_0,truthfulqa,1,5,0.18092328912201686,0.02770351596982017,0.791373194908163,0.0,0.0,1.0,0.4233901134239017
truthfulqa_59_corr_2,truthfulqa,0,5,0.18045767777467936,0.0037984083358802052,0.8157439138894406,0.0,0.0,1.0,0.41167036528060047
truthfulqa_284_inc_2,truthfulqa,1,5,0.5948641152805798,0.007759078251593809,0.3973768064678264,0.6,0.0,0.4,0.206447481485507
truthfulqa_226_corr_1,truthfulqa,0,5,0.5986338083114221,0.09136579511473204,0.3100003965738458,0.7,0.1,0.2,0.24636599340165494
truthfulqa_338_best,truthfulqa,0,5,0.19996223557732898,0.13314027098750592,0.666897493435165,0.1,0.0,0.9,0.4665890177050884
truthfulqa_587_corr_2,truthfulqa,0,5,0.11335079422004084,0.037434581299007993,0.8492146244809511,0.1,0.0,0.9,0.46204189353948355
truthfulqa_125_corr_0,truthfulqa,0,5,0.9889302264392036,0.001576395025124715,0.009493378535671728,1.0,0.0,0.0,0.006323084292960579
truthfulqa_562_best,truthfulqa,0,5,0.9695967609099524,0.005235686095943116,0.025167552994104787,1.0,0.0,0.0,0.017819462592995508
truthfulqa_303_corr_3,truthfulqa,0,5,0.9892126699325952,0.0005018429592298635,0.010285487108175105,1.0,0.0,0.0,0.005644586513317416
truthfulqa_42_corr_2,truthfulqa,0,5,0.6937143783952099,0.001777608123798136,0.3045080134809921,0.4,0.0,0.6,0.15403161486429418
truthfulqa_13_corr_1,truthfulqa,0,5,0.26305595565532686,0.2042254410348666,0.5327186033098066,0.3,0.2,0.5,0.4705847426897699
truthfulqa_30_inc_0,truthfulqa,1,5,0.19823291386466552,0.7906527697347221,0.011114316400612166,0.2,0.8,0.0,0.7962099279350282
truthfulqa_87_corr_1,truthfulqa,0,5,0.369775350013689,0.0797017295820896,0.5505229204042213,0.3,0.0,0.7,0.3549631897842003
truthfulqa_506_inc_6,truthfulqa,1,5,0.095833244614191,0.7379491164216277,0.16621763896418126,0.0,0.8,0.2,0.8210579359037183
truthfulqa_106_inc_0,truthfulqa,1,5,0.9831811204040413,0.0007738308391657711,0.01604504875679297,1.0,0.0,0.0,0.008796355217562257
truthfulqa_473_inc_0,truthfulqa,1,5,0.26281076340658716,0.5946522995713963,0.14253693702201645,0.3,0.6,0.1,0.6659207680824045
truthfulqa_775_best,truthfulqa,0,5,0.1952180670601396,0.006422631663976723,0.7983593012758836,0.2,0.0,0.8,0.4056022823019185
truthfulqa_507_corr_2,truthfulqa,0,5,0.14502963642986075,0.005430856117571161,0.849539507452568,0.0,0.0,1.0,0.43020060984385516
truthfulqa_353_inc_2,truthfulqa,1,5,0.28662952913128814,0.054239747418105576,0.6591307234506062,0.2,0.0,0.8,0.38380510914340865
truthfulqa_35_inc_5,truthfulqa,1,5,0.02819567052580056,0.36292527260327023,0.6088790568709292,0.0,0.4,0.6,0.6673648010387349
truthfulqa_208_corr_1,truthfulqa,0,5,0.9861648957473163,0.0012010111600238359,0.012634093092659952,1.0,0.0,0.0,0.007518057706353812
truthfulqa_541_corr_1,truthfulqa,0,5,0.5947310483822994,0.3991768973957141,0.006092054221986362,0.6,0.4,0.0,0.40222292450670727
truthfulqa_391_inc_2,truthfulqa,1,5,0.888727460526811,0.020596783249370636,0.09067575622381838,1.0,0.0,0.0,0.06593466136127982
truthfulqa_394_inc_4,truthfulqa,1,5,0.9844650216735736,0.0008203323536786777,0.014714645972747565,1.0,0.0,0.0,0.00817765534005246
truthfulqa_13_inc_1,truthfulqa,1,5,0.24110984923340376,0.18743888257023997,0.5714512681963562,0.2,0.0,0.8,0.4731645166684181
truthfulqa_773_inc_4,truthfulqa,1,5,0.9795614294675253,0.0008053717525688808,0.01963319877990562,1.0,0.0,0.0,0.010621971142521692
truthfulqa_647_best,truthfulqa,0,5,0.9864623562135726,0.0005814102781533148,0.012956233508273834,1.0,0.0,0.0,0.007059527032290232
truthfulqa_322_corr_4,truthfulqa,0,5,0.9866777915635886,0.0008818522782164303,0.012440356158194943,1.0,0.0,0.0,0.007102030357313902
truthfulqa_265_best,truthfulqa,0,5,0.9938744642425974,0.0006469723687526623,0.005478563388649988,1.0,0.0,0.0,0.003386254063077656
truthfulqa_463_inc_5,truthfulqa,1,5,0.23396788858279333,0.21516602727404685,0.5508660841431599,0.3,0.1,0.6,0.4905990693456268
truthfulqa_402_inc_3,truthfulqa,1,5,0.17114221849790634,0.5077107234706822,0.3211470580314114,0.1,0.6,0.3,0.6682842524863879
truthfulqa_457_corr_1,truthfulqa,0,5,0.2633680274218801,0.5444471042766235,0.19218486830149645,0.1,0.8,0.1,0.6405395384273717
truthfulqa_213_inc_2,truthfulqa,1,5,0.6031845174351288,0.36767115938471207,0.029144323180159148,0.6,0.4,0.0,0.38224332097479163
truthfulqa_97_corr_1,truthfulqa,0,5,0.10513061793508308,0.778735413149226,0.11613396891569097,0.1,0.9,0.0,0.8368023976070715
truthfulqa_276_corr_2,truthfulqa,0,5,0.8845923456638559,0.0012269885240927083,0.11418066581205141,1.0,0.0,0.0,0.05831732143011841
truthfulqa_219_best,truthfulqa,0,5,0.49739221462922545,0.0014506522409476505,0.5011571331298269,0.2,0.0,0.8,0.2520292188058611
truthfulqa_589_inc_1,truthfulqa,1,5,0.5960101742204869,0.397272584824729,0.00671724095478414,0.6,0.4,0.0,0.40063120530212104
truthfulqa_752_corr_1,truthfulqa,0,5,0.9885809300675723,0.00037412920955417865,0.011044940722873497,1.0,0.0,0.0,0.005896599570990927
truthfulqa_493_corr_1,truthfulqa,0,5,0.9872727626503236,0.0014826457738270741,0.011244591575849245,1.0,0.0,0.0,0.007104941561751696
truthfulqa_101_corr_2,truthfulqa,0,5,0.9826993441391535,0.00042328314591742776,0.01687737271492914,1.0,0.0,0.0,0.008861969503381997
truthfulqa_102_inc_4,truthfulqa,1,5,0.4904985163758389,0.46828186278071093,0.04121962084345014,0.4,0.6,0.0,0.488891673202436
truthfulqa_724_best,truthfulqa,0,5,0.9878840764331882,0.0005594770551474196,0.011556446511664528,1.0,0.0,0.0,0.006337700310979684
truthfulqa_177_best,truthfulqa,0,5,0.6190427170219864,0.02968831932226691,0.35126896365574656,0.6,0.0,0.4,0.20532280115014018
truthfulqa_322_inc_2,truthfulqa,1,5,0.9827754589218778,0.0009933802385237865,0.016231160839598514,1.0,0.0,0.0,0.009108960658323043
truthfulqa_806_inc_0,truthfulqa,1,5,0.6738435582062993,0.008990266424511348,0.3171661753691894,0.4,0.0,0.6,0.16757335410910604
truthfulqa_459_inc_0,truthfulqa,1,5,0.017851729181308056,0.9357422194184501,0.04640605140024175,0.0,1.0,0.0,0.958945245118571
truthfulqa_243_best,truthfulqa,0,5,0.3564741973760164,0.28796750980642544,0.35555829281755813,0.3,0.4,0.3,0.4657466562152045
truthfulqa_454_best,truthfulqa,0,5,0.013639334044141329,0.9543826642529035,0.031978001702955186,0.0,1.0,0.0,0.9703716651043811
truthfulqa_297_corr_6,truthfulqa,0,5,0.15471951660519506,0.21049951942700534,0.6347809639677995,0.1,0.2,0.7,0.5278900014109051
truthfulqa_316_inc_2,truthfulqa,1,5,0.6936748400539751,0.002809053779350897,0.30351610616667396,0.4,0.0,0.6,0.15456710686268788
truthfulqa_136_inc_0,truthfulqa,1,5,0.9739923707330785,0.0030282389001614384,0.02297939036676009,1.0,0.0,0.0,0.014517934083541482
truthfulqa_176_inc_1,truthfulqa,1,5,0.11321159365243538,0.2666340890619092,0.6201543172856554,0.1,0.2,0.7,0.5767112477047369
truthfulqa_85_inc_0,truthfulqa,1,5,0.3291409453348507,0.08394459084161346,0.586914463823536,0.1,0.1,0.8,0.3774018227533814
truthfulqa_711_inc_2,truthfulqa,1,5,0.19759235015803384,0.05755398745488578,0.7448536623870804,0.1,0.0,0.9,0.42998081864842597
truthfulqa_342_corr_1,truthfulqa,0,5,0.20446777046361694,0.00994807361920626,0.7855841559171768,0.2,0.0,0.8,0.40274015157779464
truthfulqa_238_inc_2,truthfulqa,1,5,0.9924161942857104,0.0007728203611493875,0.006810985353140157,1.0,0.0,0.0,0.004178313037719466
truthfulqa_268_inc_0,truthfulqa,1,5,0.1451208483917955,0.01625530313490981,0.8386238484732946,0.1,0.0,0.9,0.4355672273715571
truthfulqa_345_corr_1,truthfulqa,0,5,0.7106826956676014,0.02331457423954035,0.2660027300928582,1.0,0.0,0.0,0.15631593928596943
truthfulqa_187_inc_1,truthfulqa,1,5,0.4190933080832611,0.001303089848987955,0.5796036020677509,0.1,0.0,0.9,0.2911048908828634
truthfulqa_480_corr_1,truthfulqa,0,5,0.9756769791999431,0.0034917956055414423,0.020831225194515163,1.0,0.0,0.0,0.013907408202799024
truthfulqa_564_corr_1,truthfulqa,0,5,0.3355439128079463,0.6284833809573607,0.03597270623469305,0.3,0.7,0.0,0.6464697340747072
truthfulqa_611_inc_3,truthfulqa,1,5,0.4202488386475527,0.301851107098143,0.27790005425430436,0.4,0.6,0.0,0.4408011342252952
truthfulqa_333_corr_1,truthfulqa,0,5,0.3664081112916802,0.0045163602416345774,0.6290755284666851,0.4,0.0,0.6,0.31905412447497716
truthfulqa_391_inc_1,truthfulqa,1,5,0.888727460526811,0.020596783249370636,0.09067575622381838,1.0,0.0,0.0,0.06593466136127982
truthfulqa_793_inc_2,truthfulqa,1,5,0.29310428038916453,0.2245357525782802,0.48235996703255524,0.3,0.3,0.4,0.46571573609455785
truthfulqa_361_best,truthfulqa,0,5,0.9853611831645083,0.004414655604743775,0.010224161230747831,1.0,0.0,0.0,0.00952673622011769
truthfulqa_134_inc_0,truthfulqa,1,5,0.9557150746369152,0.008335970027984491,0.035948955335100445,1.0,0.0,0.0,0.026310447695534714
truthfulqa_701_inc_1,truthfulqa,1,5,0.46567649502936687,0.07061807017048419,0.463705434800149,0.4,0.0,0.6,0.3024707875705587
truthfulqa_573_inc_1,truthfulqa,1,5,0.6904775839487186,0.19035297880997712,0.11916943724130413,0.6,0.2,0.2,0.24993769743062919
truthfulqa_201_inc_2,truthfulqa,1,5,0.4154934678791461,0.0021009750453663033,0.5824055570754877,0.4,0.0,0.6,0.29330375358311017
truthfulqa_398_corr_1,truthfulqa,0,5,0.10192787251215749,0.5888529416806529,0.3092191858071896,0.0,0.6,0.4,0.7434625345842477
truthfulqa_138_inc_2,truthfulqa,1,5,0.5941266707308817,0.39733097855805655,0.008542350711061672,0.6,0.4,0.0,0.4016021539135874
truthfulqa_364_inc_4,truthfulqa,1,5,0.0682275605761993,0.39029186856694487,0.5414805708568557,0.1,0.2,0.7,0.6610321539953727
truthfulqa_710_best,truthfulqa,0,5,0.9878343487067076,0.0018926354286885362,0.01027301586460373,1.0,0.0,0.0,0.0070291433609904015
truthfulqa_153_corr_1,truthfulqa,0,5,0.0319631912986633,0.1737586527189109,0.7942781559824257,0.0,0.0,1.0,0.5708977307101237
truthfulqa_109_inc_0,truthfulqa,1,5,0.9902933123385076,0.0004552910994562004,0.009251396562036478,1.0,0.0,0.0,0.0050809893804744394
truthfulqa_783_inc_2,truthfulqa,1,5,0.9821484797977295,0.003111003968711589,0.014740516233559004,1.0,0.0,0.0,0.010481262085491092
truthfulqa_324_corr_6,truthfulqa,0,5,0.6196406983141998,0.042734405416373626,0.33762489626942666,0.9,0.0,0.1,0.21154685355108696
truthfulqa_185_corr_3,truthfulqa,0,5,0.18928422363315095,0.014089313681265462,0.7966264626855836,0.1,0.0,0.9,0.41240254502405727
truthfulqa_483_corr_1,truthfulqa,0,5,0.09888553272798789,0.23836786281156672,0.6627466044604453,0.0,0.3,0.7,0.5697411650417894
truthfulqa_301_best,truthfulqa,0,5,0.9875447781533537,0.0007336957975322912,0.011721526049113865,1.0,0.0,0.0,0.006594458822089224
truthfulqa_365_inc_4,truthfulqa,1,5,0.1793116848928875,0.009371727467242852,0.8113165876398696,0.1,0.0,0.9,0.41503002128717764
truthfulqa_581_inc_4,truthfulqa,1,5,0.9873993596829637,0.0014308909889165972,0.011169749328119904,1.0,0.0,0.0,0.00701576565297655
truthfulqa_486_corr_1,truthfulqa,0,5,0.9758661401077067,0.000926261987333786,0.02320759790495943,1.0,0.0,0.0,0.0125300609398135
truthfulqa_201_inc_0,truthfulqa,1,5,0.23588601184838204,0.0013895848647134889,0.7627244032869045,0.0,0.0,1.0,0.3827517865081657
truthfulqa_504_best,truthfulqa,0,5,0.10685074589432997,0.06682798130600268,0.8263212727996674,0.0,0.0,1.0,0.47998861770583634
truthfulqa_318_corr_2,truthfulqa,0,5,0.9890960446898077,0.0013012932461354781,0.009602662064056609,1.0,0.0,0.0,0.006102624278163783
truthfulqa_664_best,truthfulqa,0,5,0.20596368663437356,0.031424808413864504,0.7626115049517619,0.2,0.0,0.8,0.41273056088974547
truthfulqa_44_inc_3,truthfulqa,1,5,0.7831465979958603,0.0021383587602165086,0.21471504324392301,0.6,0.0,0.4,0.10949588038217802
truthfulqa_454_inc_0,truthfulqa,1,5,0.023683436395661707,0.9225230932489673,0.05379347035537093,0.0,1.0,0.0,0.9494198284266527
truthfulqa_498_corr_3,truthfulqa,0,5,0.10801808002377558,0.11510731892929302,0.7768746010469314,0.0,0.0,1.0,0.5035446194527587
truthfulqa_147_corr_1,truthfulqa,0,5,0.1850145522647604,0.35627717336270137,0.45870827437253825,0.2,0.4,0.4,0.5856313105489706
truthfulqa_330_corr_1,truthfulqa,0,5,0.9870445002635698,0.000876029392152421,0.01207947034427781,1.0,0.0,0.0,0.006915764564291326
truthfulqa_705_inc_1,truthfulqa,1,5,0.983333747461247,0.00034211007799295456,0.016324142460760027,1.0,0.0,0.0,0.008504181308372967
truthfulqa_568_inc_4,truthfulqa,1,5,0.9821045701581694,0.004305744105318974,0.013589685736511611,1.0,0.0,0.0,0.011100586973574779
truthfulqa_468_inc_6,truthfulqa,1,5,0.3039764236420406,0.5810087433710398,0.11501483298691957,0.3,0.7,0.0,0.6385161598644996
truthfulqa_359_corr_3,truthfulqa,0,5,0.6720914406916089,0.139918616722498,0.187989942585893,0.7,0.0,0.3,0.23391358801544448
truthfulqa_410_corr_1,truthfulqa,0,5,0.12262987030229047,0.09634044652182372,0.7810296831758858,0.1,0.0,0.9,0.48685528810976664
truthfulqa_59_best,truthfulqa,0,5,0.35105228795652466,0.027667317705079186,0.6212803943383962,0.2,0.0,0.8,0.3383075148742773
truthfulqa_146_inc_0,truthfulqa,1,5,0.405257629189882,0.011424472077181872,0.5833178987329362,0.4,0.0,0.6,0.30308342144364997
truthfulqa_457_inc_4,truthfulqa,1,5,0.07260828150712582,0.8480576926654255,0.07933402582744857,0.0,1.0,0.0,0.8877247055791498
truthfulqa_437_corr_2,truthfulqa,0,5,0.39138662300153915,0.5975156716717509,0.0110977053267101,0.4,0.6,0.0,0.6030645243351059
truthfulqa_737_corr_1,truthfulqa,0,5,0.3413696474123478,0.0014477630949644047,0.6571825894926879,0.2,0.0,0.8,0.3300390578413084
truthfulqa_575_inc_2,truthfulqa,1,5,0.9791377947028737,0.0017988500488635868,0.019063355248262713,1.0,0.0,0.0,0.011330527672994943
truthfulqa_584_inc_1,truthfulqa,1,5,0.5959477941613921,0.39772612322679235,0.006326082611815674,0.6,0.4,0.0,0.4008891645327002
truthfulqa_654_corr_2,truthfulqa,0,5,0.8764048247099716,0.0016239567661021138,0.12197121852392631,1.0,0.0,0.0,0.06260956602806526
truthfulqa_2_inc_2,truthfulqa,1,5,0.2326574653005274,0.04653044694070171,0.7208120877587708,0.3,0.0,0.7,0.4069364908200871
truthfulqa_554_best,truthfulqa,0,5,0.983333747461247,0.00034211007799295456,0.016324142460760027,1.0,0.0,0.0,0.008504181308372967
truthfulqa_543_corr_1,truthfulqa,0,5,0.39482552504646407,0.5983018203857062,0.006872654567829759,0.4,0.6,0.0,0.6017381476696211
truthfulqa_540_best,truthfulqa,0,5,0.9797133447169338,0.0007883847368204122,0.01949827054624592,1.0,0.0,0.0,0.010537520009943372
truthfulqa_622_inc_0,truthfulqa,1,5,0.09960127332155817,0.6411923022593345,0.25920642441910735,0.1,0.6,0.3,0.7707955144688883
truthfulqa_804_inc_0,truthfulqa,1,5,0.26698709718178354,0.026845909259351493,0.706166993558865,0.1,0.0,0.9,0.379929406038784
truthfulqa_720_corr_1,truthfulqa,0,5,0.6504120338614141,0.0025984178165679565,0.346989548322018,0.6,0.0,0.4,0.17609319197757695
truthfulqa_487_inc_2,truthfulqa,1,5,0.7831585647951392,0.01227666455512271,0.20456477064973805,1.0,0.0,0.0,0.11455904987999173
truthfulqa_679_inc_5,truthfulqa,1,5,0.5826842069697111,0.3988603868631725,0.018455406167116363,0.6,0.4,0.0,0.4080880899467307
truthfulqa_145_inc_0,truthfulqa,1,5,0.9792142522845693,0.0021963626748430897,0.01858938504058759,1.0,0.0,0.0,0.011491055195136884
truthfulqa_251_best,truthfulqa,0,5,0.9817940849612878,0.0017124466629098868,0.016493468375802324,1.0,0.0,0.0,0.009959180850811048
truthfulqa_124_corr_2,truthfulqa,0,5,0.4848568227688558,0.0007676938644325938,0.5143754833667116,0.4,0.0,0.6,0.2579554355477884
truthfulqa_446_inc_4,truthfulqa,1,5,0.9780927420216239,0.0008546221690438187,0.021052635809332376,1.0,0.0,0.0,0.011380940073710006
truthfulqa_119_corr_1,truthfulqa,0,5,0.6186512914045215,0.181437305416742,0.1999114031787366,0.6,0.3,0.1,0.2813930070061103
truthfulqa_516_inc_0,truthfulqa,1,5,0.991331924351863,0.0006859744869041115,0.007982101161232907,1.0,0.0,0.0,0.004677025067520565
truthfulqa_380_best,truthfulqa,0,5,0.20095255848297006,0.3138765544945389,0.4851708870224911,0.1,0.3,0.6,0.5564619980057844
truthfulqa_544_corr_2,truthfulqa,0,5,0.5829838180245683,0.39986931358672406,0.01714686838870768,0.6,0.4,0.0,0.4084427477810779
truthfulqa_51_corr_3,truthfulqa,0,5,0.31694708501416635,0.09670724655561697,0.5863456684302166,0.1,0.0,0.9,0.3898800807707253
truthfulqa_762_inc_2,truthfulqa,1,5,0.9912251200804277,0.0017374563969800936,0.007037423522592197,1.0,0.0,0.0,0.005256168158276192
truthfulqa_302_corr_3,truthfulqa,0,5,0.990669731561732,0.0007928437452955387,0.008537424692972518,1.0,0.0,0.0,0.0050615560917817975
truthfulqa_770_inc_2,truthfulqa,1,5,0.7316066620565574,0.0019086560341768834,0.2664846819092656,1.0,0.0,0.0,0.1351509969888097
truthfulqa_104_corr_0,truthfulqa,0,5,0.58980756515937,0.39965843085024283,0.010534003990387134,0.6,0.4,0.0,0.4049254328454364
truthfulqa_530_best,truthfulqa,0,5,0.9826993441391535,0.00042328314591742776,0.01687737271492914,1.0,0.0,0.0,0.008861969503381997
truthfulqa_630_corr_1,truthfulqa,0,5,0.6234149731741259,0.1639208782723,0.21266414855357413,0.9,0.1,0.0,0.2702529525490871
truthfulqa_205_corr_2,truthfulqa,0,5,0.5910395888077218,0.3401362740604613,0.06882413713181705,0.6,0.4,0.0,0.3745483426263698
truthfulqa_3_corr_3,truthfulqa,0,5,0.9884374868036149,0.0032997659921110848,0.008262747204274208,1.0,0.0,0.0,0.007431139594248189
truthfulqa_642_inc_4,truthfulqa,1,5,0.9899799906967962,0.000833679448906084,0.009186329854297851,1.0,0.0,0.0,0.005426844376055009
truthfulqa_22_inc_0,truthfulqa,1,5,0.11186164016067117,0.4308450700739204,0.4572932897654084,0.1,0.4,0.5,0.6594917149566246
truthfulqa_506_inc_3,truthfulqa,1,5,0.5787271111712251,0.373527107243274,0.04774578158550088,0.6,0.4,0.0,0.39739999803602444
truthfulqa_464_inc_3,truthfulqa,1,5,0.9873993596829637,0.0014308909889165972,0.011169749328119904,1.0,0.0,0.0,0.00701576565297655
truthfulqa_19_corr_7,truthfulqa,0,5,0.1850499523793114,0.012260758263864625,0.802689289356824,0.1,0.0,0.9,0.41360540294227666
truthfulqa_229_inc_0,truthfulqa,1,5,0.007562276018787136,0.5992342631690672,0.3932034608121456,0.0,0.8,0.2,0.79583599357514
truthfulqa_314_inc_0,truthfulqa,1,5,0.9892126699325952,0.0005018429592298635,0.010285487108175105,1.0,0.0,0.0,0.005644586513317416
truthfulqa_141_inc_3,truthfulqa,1,5,0.3932073387978526,0.5991464833717699,0.007646177830377533,0.4,0.6,0.0,0.6029695722869587
truthfulqa_256_corr_1,truthfulqa,0,5,0.9863108187365602,0.0019667836885210108,0.011722397574918804,1.0,0.0,0.0,0.007827982475980412
truthfulqa_29_best,truthfulqa,0,5,0.9815416332319173,0.002088869657832178,0.016369497110250236,1.0,0.0,0.0,0.010273618212957296
truthfulqa_494_corr_1,truthfulqa,0,5,0.9783569905041161,0.0049549104985254725,0.01668809899735862,1.0,0.0,0.0,0.013298959997204783
truthfulqa_275_corr_1,truthfulqa,0,5,0.9826993441391535,0.00042328314591742776,0.01687737271492914,1.0,0.0,0.0,0.008861969503381997
truthfulqa_131_inc_1,truthfulqa,1,5,0.38779522717423537,0.5996602436001546,0.012544529225610071,0.4,0.6,0.0,0.6059325082129596
truthfulqa_505_inc_9,truthfulqa,1,5,0.29707251844251703,0.4812103153285115,0.2217171662289715,0.3,0.3,0.4,0.5920688984429973
truthfulqa_630_inc_1,truthfulqa,1,5,0.6609971847177178,0.15022318216970504,0.18877963311257714,0.9,0.1,0.0,0.24461299872599362
truthfulqa_513_corr_1,truthfulqa,0,5,0.5241202470306808,0.16213235163785408,0.31374740133146506,0.4,0.2,0.4,0.3190060523035866
truthfulqa_612_corr_1,truthfulqa,0,5,0.9826993441391535,0.00042328314591742776,0.01687737271492914,1.0,0.0,0.0,0.008861969503381997
truthfulqa_284_corr_1,truthfulqa,0,5,0.30407293865558116,0.1542006819674159,0.541726379377003,0.3,0.1,0.6,0.4250638716559174
truthfulqa_664_inc_2,truthfulqa,1,5,0.15015921410389016,0.02615445023253147,0.8236863356635784,0.0,0.0,1.0,0.4379976180643207
truthfulqa_323_inc_3,truthfulqa,1,5,0.29982517266614134,0.44341777950576056,0.256757047828098,0.3,0.3,0.4,0.5717963034198096
truthfulqa_5_inc_2,truthfulqa,1,5,0.3071802635047337,0.13490021900786064,0.5579195174874056,0.1,0.0,0.9,0.41385997775156347
truthfulqa_738_inc_3,truthfulqa,1,5,0.8727504351154367,0.0021510168281822896,0.1250985480563811,1.0,0.0,0.0,0.06470029085637284
truthfulqa_355_best,truthfulqa,0,5,0.44627571812531724,0.26350057580019504,0.2902237060744878,0.4,0.0,0.6,0.4086124288374389
truthfulqa_253_corr_2,truthfulqa,0,5,0.5583853439123639,0.4102194283850662,0.03139522770256985,0.4,0.6,0.0,0.42591704223635113
truthfulqa_752_inc_2,truthfulqa,1,5,0.9885809300675723,0.00037412920955417865,0.011044940722873497,1.0,0.0,0.0,0.005896599570990927
truthfulqa_341_inc_3,truthfulqa,1,5,0.9930707956011504,0.0007389176095269318,0.006190286789322588,1.0,0.0,0.0,0.003834061004188226
truthfulqa_121_inc_2,truthfulqa,1,5,0.9791377947028737,0.0017988500488635868,0.019063355248262713,1.0,0.0,0.0,0.011330527672994943
truthfulqa_387_best,truthfulqa,0,5,0.09719735575723804,0.718774229595877,0.1840284146468849,0.0,0.9,0.1,0.8107884369193195
truthfulqa_520_corr_1,truthfulqa,0,5,0.9307350489452058,0.004442133200089324,0.06482281785470498,1.0,0.0,0.0,0.03685354212744181
truthfulqa_602_best,truthfulqa,0,5,0.25065771560266664,0.027292537013328833,0.7220497473840045,0.0,0.0,1.0,0.3883174107053311
truthfulqa_573_inc_8,truthfulqa,1,5,0.3807927673804204,0.40375417283258014,0.21545305978699952,0.2,0.4,0.4,0.5114807027260799
truthfulqa_615_corr_2,truthfulqa,0,5,0.39342511600168767,0.5992678873956132,0.00730699660269922,0.4,0.6,0.0,0.6029213856969629
truthfulqa_41_inc_0,truthfulqa,1,5,0.48844274774969615,0.022231020353317622,0.4893262318969862,0.4,0.0,0.6,0.26689413630181075
truthfulqa_375_inc_0,truthfulqa,1,5,0.7338181463767188,0.20865552962530748,0.05752632399797373,0.6,0.4,0.0,0.23741869162429435
truthfulqa_745_best,truthfulqa,0,5,0.99108629306456,0.0006580317804694605,0.008255675154970641,1.0,0.0,0.0,0.004785869357954781
truthfulqa_451_inc_1,truthfulqa,1,5,0.025207227374106238,0.9421742909450405,0.03261848168085313,0.0,1.0,0.0,0.958483531785467
truthfulqa_635_best,truthfulqa,0,5,0.3425474691938893,0.24588923674842805,0.41156329405768266,0.3,0.3,0.4,0.4516708837772694
truthfulqa_606_best,truthfulqa,0,5,0.4314907641534053,0.004385714145834514,0.5641235217007602,0.3,0.0,0.7,0.2864474749962146
truthfulqa_210_inc_2,truthfulqa,1,5,0.9797011461346384,0.002737620596958459,0.017561233268403025,1.0,0.0,0.0,0.01151823723115997
truthfulqa_90_inc_1,truthfulqa,1,5,0.9705105331820431,0.0006753785387653598,0.02881408827919172,1.0,0.0,0.0,0.01508242267836122
truthfulqa_289_inc_0,truthfulqa,1,5,0.9860827662751754,0.002371522529840215,0.011545711194984268,1.0,0.0,0.0,0.00814437812733235
truthfulqa_311_best,truthfulqa,0,5,0.34459022454829386,0.00423878091887719,0.651170994532829,0.1,0.0,0.9,0.3298242781852917
truthfulqa_488_inc_2,truthfulqa,1,5,0.24706738019135713,0.4327832358957683,0.3201493839128747,0.3,0.4,0.3,0.5928579278522056
truthfulqa_481_best,truthfulqa,0,5,0.29119715765796117,0.6975779329248247,0.011224909417213994,0.3,0.7,0.0,0.7031903876334318
truthfulqa_813_inc_0,truthfulqa,1,5,0.9835864855891245,0.0019276509143955835,0.014485863496479933,1.0,0.0,0.0,0.00917058266263555
truthfulqa_586_inc_0,truthfulqa,1,5,0.10403939095544039,0.8615510643769246,0.03440954466763496,0.1,0.9,0.0,0.8787558367107421
truthfulqa_732_inc_0,truthfulqa,1,5,0.0943022104519532,0.16223982319676106,0.7434579663512857,0.0,0.1,0.9,0.533968806372404
truthfulqa_23_best,truthfulqa,0,5,0.9846645816149249,0.001381821255013974,0.01395359713006139,1.0,0.0,0.0,0.008358619820044669
truthfulqa_16_corr_4,truthfulqa,0,5,0.9814118607432427,0.0008498151976708817,0.0177383240590864,1.0,0.0,0.0,0.009718977227214081
truthfulqa_590_best,truthfulqa,0,5,0.14854039546777437,0.5617825345443418,0.289677069987884,0.1,0.6,0.3,0.7066210695382837
truthfulqa_751_best,truthfulqa,0,5,0.2231378911054406,0.3400399453045222,0.43682216359003717,0.2,0.3,0.5,0.5584510270995408
truthfulqa_171_best,truthfulqa,0,5,0.11211802495158618,0.2488386151801331,0.6390433598682808,0.1,0.1,0.8,0.5683602951142734
truthfulqa_80_corr_3,truthfulqa,0,5,0.9711945117602363,0.0005916303950687946,0.02821385784469474,1.0,0.0,0.0,0.014698559317416164
truthfulqa_668_corr_1,truthfulqa,0,5,0.25971760297754864,0.037451744952059815,0.7028306520703916,0.2,0.0,0.8,0.38886707098725565
truthfulqa_550_inc_4,truthfulqa,1,5,0.9866991112133251,0.003931187780069139,0.009369701006605762,1.0,0.0,0.0,0.00861603828337202
truthfulqa_77_inc_1,truthfulqa,1,5,0.16060710013461654,0.2874130341239002,0.5519798657414833,0.1,0.3,0.6,0.5634029669946419
truthfulqa_489_inc_3,truthfulqa,1,5,0.16249052024512506,0.0465162587716227,0.7909932209832522,0.0,0.0,1.0,0.4420128692632488
truthfulqa_402_corr_1,truthfulqa,0,5,0.20099518716624104,0.6083905170716933,0.19061429576206562,0.3,0.7,0.0,0.7036976649527261
truthfulqa_139_inc_0,truthfulqa,1,5,0.223879092096721,0.0012233136923577102,0.7748975942109213,0.1,0.0,0.9,0.3886721107978184
truthfulqa_165_best,truthfulqa,0,5,0.983333747461247,0.00034211007799295456,0.016324142460760027,1.0,0.0,0.0,0.008504181308372967
truthfulqa_114_inc_2,truthfulqa,1,5,0.9922661610168617,0.0008735812876563371,0.006860257695481935,1.0,0.0,0.0,0.004303710135397305
truthfulqa_223_inc_2,truthfulqa,1,5,0.011424839870384226,0.4461508296172722,0.5424243305123435,0.0,0.5,0.5,0.7173629948734439
truthfulqa_206_inc_2,truthfulqa,1,5,0.4892434657087502,0.2812413925950177,0.22951514169623213,0.6,0.0,0.4,0.39599896344313373
truthfulqa_203_corr_0,truthfulqa,0,5,0.44396440763929956,0.08226503631369633,0.47377055604700413,0.4,0.0,0.6,0.3191503143371984
truthfulqa_687_inc_1,truthfulqa,1,5,0.3275489650043088,0.12552788272290094,0.5469231522727903,0.1,0.0,0.9,0.3989894588592961
truthfulqa_306_inc_4,truthfulqa,1,5,0.990669731561732,0.0007928437452955387,0.008537424692972518,1.0,0.0,0.0,0.0050615560917817975
truthfulqa_98_corr_2,truthfulqa,0,5,0.9924157286277738,0.0007675098656828904,0.006816761506543316,1.0,0.0,0.0,0.004175890618954549
truthfulqa_3_inc_2,truthfulqa,1,5,0.9884374868036149,0.0032997659921110848,0.008262747204274208,1.0,0.0,0.0,0.007431139594248189
truthfulqa_547_corr_2,truthfulqa,0,5,0.3499817133991818,0.6160934816675884,0.03392480493322987,0.2,0.8,0.0,0.6330558841342033
truthfulqa_147_corr_0,truthfulqa,0,5,0.07927323985223125,0.32529980285794985,0.595426957289819,0.0,0.3,0.7,0.6230132815028593
truthfulqa_780_corr_1,truthfulqa,0,5,0.9865473016397633,0.0018991058156995339,0.01155359254453735,1.0,0.0,0.0,0.007675902087968209
truthfulqa_213_best,truthfulqa,0,5,0.9827273767263991,0.0010236124027946942,0.01624901087080615,1.0,0.0,0.0,0.009148117838197769
truthfulqa_505_best,truthfulqa,0,5,0.5933779043289886,0.35231166847127443,0.054310427199736964,0.6,0.4,0.0,0.37946688207114293
truthfulqa_657_best,truthfulqa,0,5,0.4676742870587237,0.10580772273615144,0.42651799020512493,0.5,0.1,0.4,0.3190667178387139
truthfulqa_238_corr_1,truthfulqa,0,5,0.9924161942857104,0.0007728203611493875,0.006810985353140157,1.0,0.0,0.0,0.004178313037719466
truthfulqa_746_best,truthfulqa,0,5,0.9794436685239939,0.0026749547501275944,0.017881376725878573,1.0,0.0,0.0,0.01161564311306688
truthfulqa_544_inc_2,truthfulqa,1,5,0.5829838180245683,0.39986931358672406,0.01714686838870768,0.6,0.4,0.0,0.4084427477810779
truthfulqa_161_best,truthfulqa,0,5,0.9826993441391535,0.00042328314591742776,0.01687737271492914,1.0,0.0,0.0,0.008861969503381997
truthfulqa_731_best,truthfulqa,0,5,0.24107059249024196,0.41501297777051943,0.34391642973923864,0.3,0.4,0.3,0.5869711926401388
truthfulqa_481_inc_0,truthfulqa,1,5,0.29614862998212227,0.6983113727521719,0.005539997265705806,0.3,0.7,0.0,0.7010813713850248
truthfulqa_141_inc_2,truthfulqa,1,5,0.3929443690906719,0.5991885490883699,0.00786708182095808,0.4,0.6,0.0,0.603122089998849
truthfulqa_807_best,truthfulqa,0,5,0.983333747461247,0.00034211007799295456,0.016324142460760027,1.0,0.0,0.0,0.008504181308372967
truthfulqa_549_inc_0,truthfulqa,1,5,0.44889480146529903,0.1372348229996286,0.41387037553507244,0.3,0.0,0.7,0.3441700107671648
truthfulqa_696_corr_1,truthfulqa,0,5,0.9922826316973156,0.0007119442139889062,0.007005424088695332,1.0,0.0,0.0,0.004214656258336572
truthfulqa_273_corr_2,truthfulqa,0,5,0.0723177325238699,0.048575583947585224,0.8791066835285448,0.0,0.0,1.0,0.4881289257118576
truthfulqa_724_inc_0,truthfulqa,1,5,0.9878840764331882,0.0005594770551474196,0.011556446511664528,1.0,0.0,0.0,0.006337700310979684
truthfulqa_752_best,truthfulqa,0,5,0.9885809300675723,0.00037412920955417865,0.011044940722873497,1.0,0.0,0.0,0.005896599570990927
truthfulqa_550_inc_1,truthfulqa,1,5,0.9866991112133251,0.003931187780069139,0.009369701006605762,1.0,0.0,0.0,0.00861603828337202
truthfulqa_252_inc_0,truthfulqa,1,5,0.5984983880282169,0.30346924466949876,0.09803236730228447,0.6,0.4,0.0,0.352485428320641
truthfulqa_360_inc_0,truthfulqa,1,5,0.8214982223676912,0.004767004680814437,0.17373477295149442,1.0,0.0,0.0,0.09163439115656165
truthfulqa_445_inc_1,truthfulqa,1,5,0.09949835021886921,0.8977557298460495,0.0027459199350812835,0.1,0.9,0.0,0.8991286898135901
truthfulqa_482_corr_1,truthfulqa,0,5,0.39520607156208326,0.0015467635679980336,0.6032471648699186,0.4,0.0,0.6,0.30317034600295734
truthfulqa_179_inc_2,truthfulqa,1,5,0.7877360167471585,0.0008155172328683866,0.21144846601997305,0.6,0.0,0.4,0.10653975024285492
truthfulqa_377_best,truthfulqa,0,5,0.09686871865179139,0.046630746694833275,0.8565005346533754,0.0,0.0,1.0,0.47488101402152094
truthfulqa_733_best,truthfulqa,0,5,0.31120694305569735,0.05392360917990093,0.6348694477644018,0.3,0.0,0.7,0.3713583330621018
truthfulqa_567_inc_3,truthfulqa,1,5,0.4703054700531565,0.38280277356120346,0.1468917563856401,0.4,0.6,0.0,0.4562486517540235
truthfulqa_523_inc_4,truthfulqa,1,5,0.9839327252104036,0.0008829077687635722,0.015184367020832947,1.0,0.0,0.0,0.008475091279180046
truthfulqa_476_inc_0,truthfulqa,1,5,0.12124173805675167,0.8251242649177429,0.053633997025505364,0.0,1.0,0.0,0.8519412634304956
truthfulqa_358_inc_2,truthfulqa,1,5,0.9908485822359412,0.0006265180575411608,0.008524899706517767,1.0,0.0,0.0,0.004888967910800044
truthfulqa_484_corr_3,truthfulqa,0,5,0.09756405454184627,0.02354793203388831,0.8788880134242655,0.0,0.0,1.0,0.46299193874602107
truthfulqa_528_inc_3,truthfulqa,1,5,0.9858591642490753,0.0007685124446868061,0.013372323306237976,1.0,0.0,0.0,0.007454674097805794
truthfulqa_726_best,truthfulqa,0,5,0.9323707522377968,0.011897945009788646,0.055731302752414426,1.0,0.0,0.0,0.03976359638599586
truthfulqa_368_corr_1,truthfulqa,0,5,0.013458345811562642,0.7805363044394306,0.20600534974900678,0.0,0.9,0.1,0.883538979313934
truthfulqa_295_corr_3,truthfulqa,0,5,0.496517277861593,0.007637113514594031,0.49584560862381294,0.4,0.0,0.6,0.2555599178265005
truthfulqa_287_best,truthfulqa,0,5,0.4615924453803394,0.0015214995306011578,0.5368860550890595,0.5,0.0,0.5,0.2699645270751309
truthfulqa_443_corr_4,truthfulqa,0,5,0.9827754589218778,0.0009933802385237865,0.016231160839598517,1.0,0.0,0.0,0.009108960658323045
truthfulqa_33_best,truthfulqa,0,5,0.30195198303039034,0.015616898993200654,0.682431117976409,0.2,0.0,0.8,0.35683245798140517
truthfulqa_117_corr_0,truthfulqa,0,5,0.9862770193754983,0.0011923431503050995,0.012530637474196665,1.0,0.0,0.0,0.007457661887403432
truthfulqa_351_corr_2,truthfulqa,0,5,0.36229835113217457,0.0809263182705661,0.5567753305972593,0.3,0.1,0.6,0.35931398356919575
truthfulqa_140_inc_4,truthfulqa,1,5,0.39695166589170505,0.5978652871338066,0.005183046974488443,0.4,0.6,0.0,0.6004568106210508
truthfulqa_297_inc_0,truthfulqa,1,5,0.2628127190542685,0.48757382484948664,0.2496134560962448,0.1,0.5,0.4,0.6123805528976091
truthfulqa_446_corr_1,truthfulqa,0,5,0.393694228069164,0.5988951683875073,0.007410603543328853,0.4,0.6,0.0,0.6026004701591717
truthfulqa_302_inc_2,truthfulqa,1,5,0.990669731561732,0.0007928437452955387,0.008537424692972518,1.0,0.0,0.0,0.0050615560917817975
truthfulqa_386_corr_2,truthfulqa,0,5,0.2512453533696005,0.7114814871019829,0.03727315952841664,0.2,0.8,0.0,0.7301180668661912
truthfulqa_436_corr_1,truthfulqa,0,5,0.972765052744897,0.001137423887244969,0.026097523367858,1.0,0.0,0.0,0.014186185571173968
truthfulqa_59_inc_2,truthfulqa,1,5,0.25556833805936713,0.003807376026810598,0.7406242859138223,0.3,0.0,0.7,0.37411951898372175
truthfulqa_363_best,truthfulqa,0,5,0.49401318774967684,0.31437069293045505,0.1916161193198681,0.4,0.3,0.3,0.4101787525903891
truthfulqa_454_inc_10,truthfulqa,1,5,0.015746176141576414,0.8888231958011568,0.09543062805726685,0.0,0.9,0.1,0.9365385098297901
truthfulqa_328_corr_3,truthfulqa,0,5,0.9751850087837755,0.0012328529343256134,0.023582138281899166,1.0,0.0,0.0,0.013023922075275196
truthfulqa_653_best,truthfulqa,0,5,0.9909726566147258,0.0005847124424076273,0.008442630942866531,1.0,0.0,0.0,0.004806027913840893
truthfulqa_491_inc_4,truthfulqa,1,5,0.5046955663499648,0.38630341216342723,0.10900102148660791,0.6,0.4,0.0,0.4408039229067312
truthfulqa_103_inc_0,truthfulqa,1,5,0.9889113631118557,0.0006305535749477518,0.01045808331319648,1.0,0.0,0.0,0.005859595231545992
truthfulqa_20_inc_2,truthfulqa,1,5,0.4287001020284812,0.017439527248050018,0.5538603707234688,0.4,0.0,0.6,0.29436971260978445
truthfulqa_413_inc_0,truthfulqa,1,5,0.6942041499820546,0.07418224308189397,0.23161360693605157,1.0,0.0,0.0,0.18998904654991977
truthfulqa_421_corr_2,truthfulqa,0,5,0.9832329341795132,0.0012081157575494386,0.015558950062937412,1.0,0.0,0.0,0.008987590789018144
truthfulqa_736_corr_1,truthfulqa,0,5,0.25735118943322194,0.020055215712269828,0.7225935948545084,0.2,0.0,0.8,0.381352013139524
truthfulqa_644_inc_0,truthfulqa,1,5,0.7408747802264172,0.010098928376287722,0.24902629139729515,0.6,0.0,0.4,0.1346120740749353
truthfulqa_175_corr_1,truthfulqa,0,5,0.11509462091699807,0.8693235719726747,0.015581807110327162,0.1,0.9,0.0,0.8771144755278383
truthfulqa_57_inc_3,truthfulqa,1,5,0.6718756735024548,0.0014159237487778465,0.32670840274876733,0.6,0.0,0.4,0.16477012512316153
truthfulqa_108_corr_2,truthfulqa,0,5,0.9892076286528176,0.0012409675761410014,0.009551403771041172,1.0,0.0,0.0,0.006016669461661587
truthfulqa_319_corr_3,truthfulqa,0,5,0.4036588628482868,0.29888903488522334,0.2974521022664899,0.4,0.6,0.0,0.4476150860184683
truthfulqa_38_inc_5,truthfulqa,1,5,0.9856807241087033,0.000824015088818615,0.013495260802477932,1.0,0.0,0.0,0.0075716454900575806
truthfulqa_471_corr_3,truthfulqa,0,5,0.9816871676296822,0.0012468248120471727,0.017066007558270528,1.0,0.0,0.0,0.009779828591182437
truthfulqa_733_corr_2,truthfulqa,0,5,0.9686677120168042,0.015725025243275452,0.015607262739920252,1.0,0.0,0.0,0.02352865661323558
truthfulqa_79_best,truthfulqa,0,5,0.10713016391999412,0.019750213604342877,0.873119622475663,0.1,0.0,0.9,0.45631002484217437
truthfulqa_307_corr_1,truthfulqa,0,5,0.498551391355565,0.0014843583090961296,0.499964250335339,0.2,0.0,0.8,0.25146648347676565
truthfulqa_608_best,truthfulqa,0,5,0.19764258478445573,0.004047272862989582,0.7983101423525547,0.2,0.0,0.8,0.4032023440392669
truthfulqa_437_best,truthfulqa,0,5,0.5857445735939402,0.39893297197492006,0.015322454431139781,0.6,0.4,0.0,0.40659419919048995
truthfulqa_621_best,truthfulqa,0,5,0.006116248163307027,0.33659172298764634,0.6572920288490466,0.0,0.3,0.7,0.6652377374121696
truthfulqa_115_corr_4,truthfulqa,0,5,0.973503986540528,0.0031319932349589802,0.02336402022451308,1.0,0.0,0.0,0.014814003347215521
truthfulqa_788_inc_1,truthfulqa,1,5,0.5916031604250221,0.052118219767021266,0.3562786198079565,0.8,0.0,0.2,0.23025752967099952
truthfulqa_273_corr_3,truthfulqa,0,5,0.23806337346779177,0.019976942812174606,0.7419596837200336,0.1,0.0,0.9,0.3909567846721914
truthfulqa_119_inc_1,truthfulqa,1,5,0.5711908000970194,0.013536480221479064,0.41527271968150153,0.7,0.0,0.3,0.22117284006222984
truthfulqa_553_inc_1,truthfulqa,1,5,0.5244042228424527,0.03436873584814894,0.44122704130939844,0.2,0.0,0.8,0.25498225650284817
truthfulqa_394_best,truthfulqa,0,5,0.5356886215273786,0.19135252859580285,0.27295884987681845,0.6,0.3,0.1,0.3278319535342121
truthfulqa_285_corr_3,truthfulqa,0,5,0.1771710561424311,0.08365335786475678,0.7391755859928122,0.2,0.1,0.7,0.4532411508611629
truthfulqa_235_corr_1,truthfulqa,0,5,0.29860859329507383,0.003837268602461892,0.6975541381024642,0.1,0.0,0.9,0.35261433765369404
truthfulqa_139_inc_4,truthfulqa,1,5,0.24447714795191716,0.028134139292062134,0.7273887127560207,0.1,0.0,0.9,0.3918284956700725
truthfulqa_416_inc_1,truthfulqa,1,5,0.982418436085563,0.005165511169387307,0.012416052745049668,1.0,0.0,0.0,0.011373537541912141
truthfulqa_551_inc_9,truthfulqa,1,5,0.9927511580586982,0.0010025806335165603,0.006246261307785246,1.0,0.0,0.0,0.004125711287409184
truthfulqa_374_best,truthfulqa,0,5,0.6003368331190205,0.3820012246951378,0.017661942185841682,0.6,0.4,0.0,0.39083219578805867
truthfulqa_521_inc_0,truthfulqa,1,5,0.95877983085946,0.0012908219009705182,0.039929347239569486,1.0,0.0,0.0,0.02125549552075526
truthfulqa_646_inc_1,truthfulqa,1,5,0.39348597600884305,0.5925984988665786,0.013915525124578457,0.4,0.6,0.0,0.5995562614288678
truthfulqa_605_corr_1,truthfulqa,0,5,0.7147220206537446,0.00992172931516889,0.2753562500310866,0.6,0.0,0.4,0.14759985433071218
truthfulqa_345_corr_3,truthfulqa,0,5,0.5580911662464914,0.24312353934831377,0.19878529440519485,0.7,0.3,0.0,0.3425161865509112
truthfulqa_324_corr_4,truthfulqa,0,5,0.41263646192883935,0.24093981522694805,0.3464237228442126,0.5,0.2,0.3,0.41415167664905433
truthfulqa_649_inc_1,truthfulqa,1,5,0.9896280805774417,0.0012623437392901616,0.009109575683267899,1.0,0.0,0.0,0.005817131580924111
truthfulqa_806_corr_1,truthfulqa,0,5,0.4813397079050974,0.270177138239814,0.24848315385508873,0.5,0.3,0.2,0.3944187151673584
truthfulqa_730_corr_2,truthfulqa,0,5,0.7329431391356256,0.023072937593109123,0.24398392327126528,0.6,0.0,0.4,0.14506489922874177
truthfulqa_364_corr_1,truthfulqa,0,5,0.26695994638713494,0.21724430073196643,0.5157957528808987,0.2,0.2,0.6,0.4751421771724158
truthfulqa_399_inc_1,truthfulqa,1,5,0.16371473208345874,0.4735034711248841,0.3627817967916571,0.0,0.5,0.5,0.6548943695207127
truthfulqa_754_corr_1,truthfulqa,0,5,0.10950909903534098,0.666563353162474,0.22392754780218488,0.1,0.9,0.0,0.7785271270635664
truthfulqa_484_corr_1,truthfulqa,0,5,0.45558217611822005,0.07687657040668622,0.46754125347509373,0.4,0.0,0.6,0.31064719714423306
truthfulqa_37_inc_0,truthfulqa,1,5,0.09903273695718519,0.893981485691515,0.0069857773512997535,0.1,0.9,0.0,0.8974743743671649
truthfulqa_442_inc_3,truthfulqa,1,5,0.9868772978444987,0.0013847227392374908,0.011737979416263877,1.0,0.0,0.0,0.007253712447369429
truthfulqa_403_corr_3,truthfulqa,0,5,0.5944714564375149,0.39982411713883753,0.005704426423647754,0.6,0.4,0.0,0.4026763303506614
truthfulqa_90_best,truthfulqa,0,5,0.9705105331820431,0.0006753785387653598,0.02881408827919172,1.0,0.0,0.0,0.01508242267836122
truthfulqa_169_inc_3,truthfulqa,1,5,0.1470810589661367,0.19916751313472245,0.653751427899141,0.1,0.3,0.6,0.526043227084293
truthfulqa_390_corr_2,truthfulqa,0,5,0.04991883220731236,0.07786541858762518,0.8722157492050624,0.0,0.0,1.0,0.5139732931901564
truthfulqa_506_inc_4,truthfulqa,1,5,0.29413347838653037,0.6124374962563427,0.09342902535712685,0.3,0.7,0.0,0.6591520089349061
truthfulqa_291_best,truthfulqa,0,5,0.1597456785264914,0.3235310360031196,0.516723285470389,0.0,0.4,0.6,0.5818926787383141
truthfulqa_293_best,truthfulqa,0,5,0.983333747461247,0.00034211007799295456,0.016324142460760027,1.0,0.0,0.0,0.008504181308372967
truthfulqa_491_inc_1,truthfulqa,1,5,0.5971077817855839,0.39489784610239703,0.007994372112019081,0.6,0.4,0.0,0.39889503215840655
truthfulqa_677_corr_2,truthfulqa,0,5,0.695408065698264,0.0011471025068236023,0.30344483179491233,0.4,0.0,0.6,0.15286951840427976
truthfulqa_206_inc_0,truthfulqa,1,5,0.388926618734671,0.28132408582173285,0.32974929544359616,0.3,0.1,0.6,0.4461987335435309
truthfulqa_224_inc_2,truthfulqa,1,5,0.8516398292539362,0.011901393579134383,0.13645877716692942,1.0,0.0,0.0,0.08013078216259908
truthfulqa_44_inc_0,truthfulqa,1,5,0.3539342226664734,0.09796580253480698,0.5480999747987196,0.4,0.0,0.6,0.3720157899341668
truthfulqa_30_inc_1,truthfulqa,1,5,0.29309867835492437,0.6895911897371458,0.017310131907929707,0.3,0.7,0.0,0.6982462556911107
truthfulqa_56_best,truthfulqa,0,5,0.122023058476976,0.1809139403297474,0.6970630011932766,0.1,0.2,0.7,0.5294454409263857
truthfulqa_213_corr_1,truthfulqa,0,5,0.4068781623262798,0.5634103000340549,0.029711537639665227,0.4,0.6,0.0,0.5782660688538875
truthfulqa_549_inc_2,truthfulqa,1,5,0.6012116214304775,0.17298311062685687,0.22580526794266573,0.6,0.0,0.4,0.2858857445981897
truthfulqa_447_best,truthfulqa,0,5,0.980020433099601,0.0009496729138407277,0.019029893986558334,1.0,0.0,0.0,0.010464619907119894
truthfulqa_16_corr_6,truthfulqa,0,5,0.9049330061105166,0.0009728407481852991,0.09409415314129808,1.0,0.0,0.0,0.04801991731883434
truthfulqa_103_inc_3,truthfulqa,1,5,0.9889113631118557,0.0006305535749477518,0.01045808331319648,1.0,0.0,0.0,0.005859595231545992
truthfulqa_489_best,truthfulqa,0,5,0.14841960716649455,0.08414010133849843,0.767440291495007,0.0,0.0,1.0,0.46786024708600193
truthfulqa_520_inc_3,truthfulqa,1,5,0.8950208799986517,0.00626665209429844,0.09871246790704999,1.0,0.0,0.0,0.055622886047823436
truthfulqa_743_inc_1,truthfulqa,1,5,0.9872804678345315,0.001938094379966633,0.010781437785501991,1.0,0.0,0.0,0.007328813272717629
truthfulqa_636_corr_1,truthfulqa,0,5,0.6520000649953767,0.002675291346917481,0.3453246436577059,0.4,0.0,0.6,0.17533761317577043
truthfulqa_568_inc_2,truthfulqa,1,5,0.9821045701581694,0.004305744105318974,0.013589685736511611,1.0,0.0,0.0,0.011100586973574779
truthfulqa_530_corr_3,truthfulqa,0,5,0.9826993441391535,0.00042328314591742776,0.01687737271492914,1.0,0.0,0.0,0.008861969503381997
truthfulqa_279_inc_2,truthfulqa,1,5,0.7591656021711719,0.0011383852634694052,0.23969601256535875,1.0,0.0,0.0,0.12098639154614878
truthfulqa_113_inc_2,truthfulqa,1,5,0.9820968344318091,0.0011106585078128122,0.016792507060378097,1.0,0.0,0.0,0.009506912038001861
truthfulqa_62_inc_2,truthfulqa,1,5,0.7638976061693203,0.01068902099739621,0.2254133728332835,0.6,0.0,0.4,0.12339570741403796
truthfulqa_131_corr_2,truthfulqa,0,5,0.19417181855242632,0.797695058268374,0.008133123179199727,0.2,0.8,0.0,0.8017616198579738
truthfulqa_131_inc_0,truthfulqa,1,5,0.38779522717423537,0.5996602436001546,0.012544529225610071,0.4,0.6,0.0,0.6059325082129596
truthfulqa_642_inc_1,truthfulqa,1,5,0.9899799906967962,0.000833679448906084,0.009186329854297851,1.0,0.0,0.0,0.005426844376055009
truthfulqa_694_inc_2,truthfulqa,1,5,0.14376783134820698,0.11577050198780023,0.7404616666639927,0.1,0.0,0.9,0.4860013353197966
truthfulqa_188_corr_2,truthfulqa,0,5,0.9876745854492748,0.000576735130128908,0.011748679420596065,1.0,0.0,0.0,0.00645107484042694
truthfulqa_559_corr_2,truthfulqa,0,5,0.9647057926806287,0.0009283163799640533,0.0343658909394073,1.0,0.0,0.0,0.0181112618496677
truthfulqa_356_inc_2,truthfulqa,1,5,0.37457364025044576,0.0783361914152988,0.5470901683342555,0.4,0.0,0.6,0.35188127558242654
truthfulqa_382_best,truthfulqa,0,5,0.13012949423151615,0.10754350600691438,0.7623269997615696,0.1,0.0,0.9,0.48870700588769916
truthfulqa_643_inc_2,truthfulqa,1,5,0.9906541131692599,0.0005071553071875118,0.008838731523552712,1.0,0.0,0.0,0.004926521068963868
truthfulqa_565_inc_1,truthfulqa,1,5,0.9750909582451909,0.00034691773854735806,0.02456212401626178,1.0,0.0,0.0,0.012627979746678248
truthfulqa_331_corr_4,truthfulqa,0,5,0.8528487735668808,0.0011967742015489805,0.14595445223157016,1.0,0.0,0.0,0.07417400031733407
truthfulqa_582_corr_1,truthfulqa,0,5,0.6875318534652841,0.08624581418133952,0.22622233235337647,1.0,0.0,0.0,0.19935698035802774
truthfulqa_300_inc_9,truthfulqa,1,5,0.990669731561732,0.0007928437452955387,0.008537424692972518,1.0,0.0,0.0,0.0050615560917817975
truthfulqa_541_inc_2,truthfulqa,1,5,0.2980971391358268,0.6989668973960297,0.0029359634681434404,0.3,0.7,0.0,0.7004348791301014
truthfulqa_681_corr_1,truthfulqa,0,5,0.5790354123219063,0.40010542763155554,0.0208591600465382,0.6,0.4,0.0,0.41053500765482465
truthfulqa_606_corr_2,truthfulqa,0,5,0.4894229900534972,0.0021960088534603546,0.5083810010930424,0.5,0.0,0.5,0.25638650939998153
truthfulqa_263_best,truthfulqa,0,5,0.9848242580619739,0.0007242253354292859,0.014451516602596692,1.0,0.0,0.0,0.007949983636727631
truthfulqa_512_inc_5,truthfulqa,1,5,0.7709101070544028,0.002139375312163501,0.2269505176334336,0.6,0.0,0.4,0.1156146341288803
truthfulqa_225_corr_1,truthfulqa,0,5,0.4587135694895344,0.016803512931440005,0.5244829175790258,0.6,0.0,0.4,0.2790449717209529
truthfulqa_405_inc_2,truthfulqa,1,5,0.9912860207478744,0.0014432072051795502,0.007270772046946321,1.0,0.0,0.0,0.005078593228652711
truthfulqa_174_corr_2,truthfulqa,0,5,0.27488243617597513,0.6606352097914945,0.06448235403253033,0.3,0.7,0.0,0.6928763868077596
truthfulqa_728_inc_0,truthfulqa,1,5,0.991215451633936,0.0011331343353825818,0.0076514140306814344,1.0,0.0,0.0,0.004958841350723299
truthfulqa_582_corr_2,truthfulqa,0,5,0.687531853465284,0.08624581418133952,0.22622233235337647,1.0,0.0,0.0,0.19935698035802774
truthfulqa_87_inc_2,truthfulqa,1,5,0.36714136474076947,0.15021442672799026,0.48264420853124035,0.3,0.1,0.6,0.3915365309936104
truthfulqa_436_inc_1,truthfulqa,1,5,0.972765052744897,0.001137423887244969,0.026097523367858,1.0,0.0,0.0,0.014186185571173968
truthfulqa_44_corr_2,truthfulqa,0,5,0.3208274622820829,0.2017285464392442,0.4774439912786728,0.3,0.3,0.4,0.4404505420785806
truthfulqa_62_corr_2,truthfulqa,0,5,0.9696118979776477,0.0031963009899219344,0.0271918010324304,1.0,0.0,0.0,0.016792201506137135
truthfulqa_60_inc_1,truthfulqa,1,5,0.3654578561314847,0.14634078806381573,0.4882013558046995,0.4,0.2,0.4,0.39044146596616547
truthfulqa_193_best,truthfulqa,0,5,0.6765184048235747,0.0034919825539709605,0.31998961262245434,0.4,0.0,0.6,0.16348678886519813
truthfulqa_277_corr_3,truthfulqa,0,5,0.9892829885090979,0.0008540465438724472,0.009862964947029868,1.0,0.0,0.0,0.005785529017387381
truthfulqa_288_corr_1,truthfulqa,0,5,0.3967906201124029,0.4574336441821978,0.1457757357053993,0.2,0.8,0.0,0.5303215120348974
truthfulqa_6_best,truthfulqa,0,5,0.9807743788981573,0.000777531810903137,0.018448089290939322,1.0,0.0,0.0,0.010001576456372799
truthfulqa_392_inc_1,truthfulqa,1,5,0.04197949038321847,0.34324472518774507,0.6147757844290365,0.0,0.3,0.7,0.6506326174022633
truthfulqa_20_inc_3,truthfulqa,1,5,0.3116287632883394,0.02151014563754653,0.6668610910741142,0.2,0.0,0.8,0.35494069117460364
truthfulqa_280_corr_3,truthfulqa,0,5,0.9900141376966263,0.0005435376752064979,0.009442324628167364,1.0,0.0,0.0,0.00526469998929018
truthfulqa_434_inc_2,truthfulqa,1,5,0.9744796021838334,0.002399202317041553,0.02312119549912511,1.0,0.0,0.0,0.013959800066604109
truthfulqa_69_inc_0,truthfulqa,1,5,0.9766230390063658,0.0007010593069597272,0.022675901686674414,1.0,0.0,0.0,0.012039010150296934
truthfulqa_780_best,truthfulqa,0,5,0.7798882215301941,0.07421525804641341,0.14589652042339257,1.0,0.0,0.0,0.1471635182581097
truthfulqa_519_best,truthfulqa,0,5,0.9739928568445307,0.002062844291567732,0.023944298863901307,1.0,0.0,0.0,0.014034993723518387
truthfulqa_776_inc_3,truthfulqa,1,5,0.30490850827667365,0.3194305726255705,0.37566091909775595,0.3,0.6,0.1,0.5072610321744485
truthfulqa_259_corr_1,truthfulqa,0,5,0.10791127061571475,0.25315654953191524,0.63893217985237,0.1,0.3,0.6,0.5726226394581002
truthfulqa_190_corr_2,truthfulqa,0,5,0.2678797329496654,0.0015843223155140422,0.7305359447348205,0.3,0.0,0.7,0.3668522946829243
truthfulqa_362_inc_2,truthfulqa,1,5,0.813480521593149,0.021346119966706135,0.16517335844014477,1.0,0.0,0.0,0.10393279918677853
truthfulqa_804_corr_1,truthfulqa,0,5,0.09114114240476899,0.23248121177308406,0.676377645822147,0.0,0.2,0.8,0.5706700346841576
truthfulqa_456_inc_2,truthfulqa,1,5,0.0062882323631980415,0.9511870232597758,0.04252474437702616,0.0,1.0,0.0,0.9724493954482889
truthfulqa_438_best,truthfulqa,0,5,0.983562364291642,0.0008978260193941046,0.015539809688963884,1.0,0.0,0.0,0.008667730863876047
truthfulqa_100_corr_3,truthfulqa,0,5,0.983333747461247,0.00034211007799295456,0.016324142460760027,1.0,0.0,0.0,0.008504181308372967
truthfulqa_250_corr_2,truthfulqa,0,5,0.39198908746489136,0.5990040398057441,0.009006872729364568,0.4,0.6,0.0,0.6035074761704264
truthfulqa_715_inc_0,truthfulqa,1,5,0.20317222168817706,0.08614608809517683,0.7106816902166461,0.3,0.0,0.7,0.44148693320349985
truthfulqa_178_corr_1,truthfulqa,0,5,0.7152249399372621,0.009120225757508971,0.27565483430522886,1.0,0.0,0.0,0.1469476429101234
truthfulqa_95_inc_1,truthfulqa,1,5,0.9921190356765415,0.001097326788001438,0.006783637535457296,1.0,0.0,0.0,0.004489145555730086
truthfulqa_232_inc_2,truthfulqa,1,5,0.0880524904196843,0.4066569997869604,0.5052905097933553,0.0,0.4,0.6,0.659302254683638
truthfulqa_312_inc_3,truthfulqa,1,5,0.9918551898833755,0.0007677037287883349,0.007377106387836308,1.0,0.0,0.0,0.004456256922706489
truthfulqa_541_inc_0,truthfulqa,1,5,0.1021642644135361,0.8930863069636734,0.004749428622790387,0.1,0.9,0.0,0.8954610212750687
truthfulqa_593_inc_1,truthfulqa,1,5,0.5978906177471076,0.3394097317619093,0.06269965049098299,0.6,0.4,0.0,0.3707595570074008
truthfulqa_240_corr_2,truthfulqa,0,5,0.7852340886905343,0.0010885303468827292,0.21367738096258287,1.0,0.0,0.0,0.10792722082817417
truthfulqa_56_inc_0,truthfulqa,1,5,0.08520564288310102,0.6010660325227197,0.3137283245941793,0.0,0.7,0.3,0.7579301948198094
truthfulqa_151_best,truthfulqa,0,5,0.43112320380687413,0.003961254277314674,0.5649155419158112,0.6,0.0,0.4,0.2864190252352203
truthfulqa_244_inc_2,truthfulqa,1,5,0.4700944884761217,0.46242481257195145,0.06748069895192695,0.5,0.5,0.0,0.49616516204791494
truthfulqa_670_corr_4,truthfulqa,0,5,0.9929981508150156,0.0005306228107131606,0.0064712263742711384,1.0,0.0,0.0,0.0037662359978487296
truthfulqa_18_inc_4,truthfulqa,1,5,0.6941051257029183,0.002368998078956225,0.3035258762181256,0.8,0.0,0.2,0.15413193618801901
truthfulqa_336_best,truthfulqa,0,5,0.17776401407609183,0.27637127853758975,0.5458647073863185,0.0,0.2,0.8,0.549303632230749
truthfulqa_421_corr_3,truthfulqa,0,5,0.9832329341795132,0.0012081157575494386,0.015558950062937412,1.0,0.0,0.0,0.008987590789018144
truthfulqa_318_inc_4,truthfulqa,1,5,0.5938341413399659,0.3754788433025792,0.03068701535745482,0.6,0.4,0.0,0.3908223509813066
truthfulqa_172_inc_1,truthfulqa,1,5,0.14236274275678895,0.02594206203083817,0.831695195212373,0.1,0.0,0.9,0.44178965963702466
truthfulqa_695_inc_0,truthfulqa,1,5,0.5154289060631554,0.002113060390219645,0.482458033546625,0.6,0.0,0.4,0.24334207716353212
truthfulqa_524_corr_2,truthfulqa,0,5,0.9825578930786353,0.0008452601797676913,0.01659684674159728,1.0,0.0,0.0,0.00914368355056633
truthfulqa_110_inc_3,truthfulqa,1,5,0.9874681081791785,0.0007891504358250659,0.011742741384996511,1.0,0.0,0.0,0.0066605211283233216
truthfulqa_400_best,truthfulqa,0,5,0.752282327913389,0.055247902244277156,0.19246976984233383,1.0,0.0,0.0,0.15148278716544405
truthfulqa_344_inc_0,truthfulqa,1,5,0.2605234587183693,0.5230940458523538,0.216382495429277,0.4,0.6,0.0,0.6312852935669923
truthfulqa_6_inc_0,truthfulqa,1,5,0.9807743788981573,0.000777531810903137,0.018448089290939322,1.0,0.0,0.0,0.010001576456372799
truthfulqa_555_corr_2,truthfulqa,0,5,0.8145730299717366,0.06747137274097667,0.1179555972872867,1.0,0.0,0.0,0.12644917138462003
truthfulqa_102_corr_4,truthfulqa,0,5,0.988981426361516,0.0010532408974814667,0.009965332741002591,1.0,0.0,0.0,0.006035907267982763
truthfulqa_510_inc_6,truthfulqa,1,5,0.16553209429632576,0.004378930756991443,0.830088974946683,0.1,0.0,0.9,0.4194234182303329
truthfulqa_537_inc_2,truthfulqa,1,5,0.28251669877683916,0.20326192732132858,0.5142213739018323,0.3,0.0,0.7,0.46037261427224474
truthfulqa_43_inc_0,truthfulqa,1,5,0.990158053486263,0.0005617024326780787,0.00928024408105905,1.0,0.0,0.0,0.005201824473207604
truthfulqa_617_inc_0,truthfulqa,1,5,0.5848772569523814,0.0014977125626943599,0.4136250304849244,0.2,0.0,0.8,0.20831022780515654
truthfulqa_17_corr_1,truthfulqa,0,5,0.9885301253557376,0.0006135012535921747,0.010856373390670042,1.0,0.0,0.0,0.006041687948927196
truthfulqa_694_best,truthfulqa,0,5,0.0777499906003067,0.2787461811708116,0.6435038282288816,0.1,0.2,0.7,0.6004980952852524
truthfulqa_65_inc_0,truthfulqa,1,5,0.07131390852213108,0.1155628671573509,0.813123224320518,0.0,0.1,0.9,0.5221244793176099
truthfulqa_761_corr_1,truthfulqa,0,5,0.5781693193020893,0.0022172110563425666,0.4196134696415682,0.2,0.0,0.8,0.21202394587712667
truthfulqa_325_inc_3,truthfulqa,1,5,0.5947499656735278,0.39991554199430945,0.005334492332162681,0.6,0.4,0.0,0.4025827881603908
truthfulqa_340_corr_3,truthfulqa,0,5,0.9914106057143313,0.0010147907498029626,0.007574603535865826,1.0,0.0,0.0,0.004802092517735876
truthfulqa_41_inc_2,truthfulqa,1,5,0.6002095477304499,0.0009578614249561232,0.398832590844594,0.8,0.0,0.2,0.20037415684725313
truthfulqa_703_inc_2,truthfulqa,1,5,0.43034591890381896,0.19085702520053874,0.3787970558956423,0.3,0.2,0.5,0.3802555531483599
truthfulqa_30_best,truthfulqa,0,5,0.5729165430414666,0.40416402944846874,0.022919427510064677,0.6,0.4,0.0,0.4156237432035011
truthfulqa_433_best,truthfulqa,0,5,0.9762864140796523,0.0014250285636475163,0.02228855735670019,1.0,0.0,0.0,0.012569307241997611
truthfulqa_45_corr_4,truthfulqa,0,5,0.6245313487939484,0.009605421012302225,0.36586323019374933,0.6,0.0,0.4,0.19253703610917688
truthfulqa_60_inc_0,truthfulqa,1,5,0.4205157615205958,0.3306650549282178,0.24881918355118646,0.3,0.4,0.3,0.45507464670381104
truthfulqa_310_inc_0,truthfulqa,1,5,0.9887571925833685,0.0028125082061334185,0.008430299210498066,1.0,0.0,0.0,0.007027657811382451
truthfulqa_363_inc_0,truthfulqa,1,5,0.3619900478220494,0.2773324262433963,0.3606775259345544,0.3,0.2,0.5,0.4576711892106735
truthfulqa_246_corr_1,truthfulqa,0,5,0.12511262836148562,0.056213237675004066,0.8186741339635102,0.0,0.1,0.9,0.4655503046567592
truthfulqa_353_inc_1,truthfulqa,1,5,0.3604556515886009,0.0038807651451545555,0.6356635832662445,0.3,0.0,0.7,0.3217125567782768
truthfulqa_716_best,truthfulqa,0,5,0.0009989479352151649,0.9826119514490113,0.016389100615773502,0.0,1.0,0.0,0.990806501756898
truthfulqa_493_inc_3,truthfulqa,1,5,0.9874039069085511,0.002064045630414241,0.010532047461034564,1.0,0.0,0.0,0.007330069360931522
truthfulqa_618_corr_2,truthfulqa,0,5,0.7468665437340543,0.04047616287431098,0.2126572933916348,1.0,0.0,0.0,0.14680480957012837
truthfulqa_129_inc_4,truthfulqa,1,5,0.5843273091221131,0.39832285225218317,0.017349838625703846,0.6,0.4,0.0,0.4069977715650351
truthfulqa_65_inc_1,truthfulqa,1,5,0.014385608425380437,0.5426103049093927,0.443004086665227,0.0,0.7,0.3,0.7641123482420061
truthfulqa_272_corr_2,truthfulqa,0,5,0.5322018830938251,0.05621155069676874,0.41158656620940626,0.7,0.0,0.3,0.2620048338014719
truthfulqa_725_corr_2,truthfulqa,0,5,0.9860429406460349,0.004296086807792427,0.009660972546172469,1.0,0.0,0.0,0.00912657308087866
truthfulqa_113_best,truthfulqa,0,5,0.39582949759663294,0.5931100896904977,0.011060412712869196,0.4,0.6,0.0,0.5986402960469324
truthfulqa_205_inc_2,truthfulqa,1,5,0.41595954946376246,0.5093793861492931,0.07466106438694439,0.4,0.6,0.0,0.5467099183427653
truthfulqa_148_best,truthfulqa,0,5,0.5486167215665952,0.41409442037297384,0.03728885806043096,0.6,0.4,0.0,0.4327388494031893
truthfulqa_633_inc_0,truthfulqa,1,5,0.0012717891836828226,0.3967676134149605,0.6019605974013567,0.0,0.5,0.5,0.6977479121156388
truthfulqa_124_best,truthfulqa,0,5,0.4313451059862783,0.0007823405548047797,0.5678725534589169,0.6,0.0,0.4,0.28471861728426323
truthfulqa_100_best,truthfulqa,0,5,0.983333747461247,0.00034211007799295456,0.016324142460760027,1.0,0.0,0.0,0.008504181308372967
truthfulqa_168_corr_1,truthfulqa,0,5,0.6906998395207482,0.05165247901560109,0.25764768146365086,0.6,0.0,0.4,0.1804763197474265
truthfulqa_199_corr_1,truthfulqa,0,5,0.35657687147273337,0.09966588016001882,0.5437572483672478,0.3,0.0,0.7,0.3715445043436427
truthfulqa_685_inc_0,truthfulqa,1,5,0.49691080143641725,0.055209700915173784,0.44787949764840895,0.3,0.1,0.6,0.2791494497393783
truthfulqa_83_inc_1,truthfulqa,1,5,0.6738386192869958,0.029604868317316884,0.2965565123956873,0.6,0.0,0.4,0.17788312451516053
truthfulqa_350_inc_1,truthfulqa,1,5,0.10598852868450045,0.07211128255619711,0.8219001887593025,0.1,0.0,0.9,0.4830613769358484
truthfulqa_70_best,truthfulqa,0,5,0.5855447257294712,0.4009882886229203,0.013466985647608481,0.6,0.4,0.0,0.40772178144672455
truthfulqa_769_inc_3,truthfulqa,1,5,0.22180213844519625,0.18990553940859045,0.5882923221462133,0.0,0.3,0.7,0.4840517004816971
truthfulqa_614_best,truthfulqa,0,5,0.983333747461247,0.00034211007799295456,0.016324142460760027,1.0,0.0,0.0,0.008504181308372967
truthfulqa_419_best,truthfulqa,0,5,0.9766932200343355,0.001459403596103475,0.021847376369560956,1.0,0.0,0.0,0.012383091780883954
truthfulqa_11_inc_3,truthfulqa,1,5,0.39607284090243416,0.5979551284573563,0.005972030640209481,0.4,0.6,0.0,0.6009411437774611
truthfulqa_50_inc_1,truthfulqa,1,5,0.5976299597964244,0.005034555306390871,0.39733548489718473,0.8,0.0,0.2,0.20370229775498325
truthfulqa_629_inc_0,truthfulqa,1,5,0.04121031327039049,0.2184475411396159,0.7403421455899937,0.0,0.0,1.0,0.5886186139346128
truthfulqa_274_best,truthfulqa,0,5,0.7897480238583857,0.004837406397320367,0.2054145697442939,0.6,0.0,0.4,0.10754469126946732
truthfulqa_333_best,truthfulqa,0,5,0.3510735302198541,0.03132706019258373,0.6175994095875621,0.1,0.0,0.9,0.3401267649863648
truthfulqa_201_corr_2,truthfulqa,0,5,0.46204626603573784,0.002124248588199185,0.5358294853760631,0.4,0.0,0.6,0.27003899127623077
truthfulqa_615_inc_1,truthfulqa,1,5,0.5901882071526261,0.39960972700948816,0.010202065837885665,0.6,0.4,0.0,0.404710759928431
truthfulqa_588_best,truthfulqa,0,5,0.205076450942641,0.11291254380372746,0.6820110052536316,0.3,0.0,0.7,0.45391804643054323
truthfulqa_41_inc_8,truthfulqa,1,5,0.585489423425204,0.021641191501739997,0.39286938507305597,0.5,0.0,0.5,0.21807588403826797
truthfulqa_613_corr_3,truthfulqa,0,5,0.5901882071526261,0.39960972700948816,0.010202065837885665,0.6,0.4,0.0,0.404710759928431
truthfulqa_352_corr_2,truthfulqa,0,5,0.03538516464218281,0.08249996692986081,0.8821148684279564,0.0,0.0,1.0,0.523557401143839
truthfulqa_89_inc_1,truthfulqa,1,5,0.9826993441391535,0.00042328314591742776,0.01687737271492914,1.0,0.0,0.0,0.008861969503381997
truthfulqa_109_corr_2,truthfulqa,0,5,0.9902933123385076,0.0004552910994562004,0.009251396562036478,1.0,0.0,0.0,0.0050809893804744394
truthfulqa_42_inc_0,truthfulqa,1,5,0.5865816255137626,0.0028245460381005607,0.410593828448137,0.3,0.0,0.7,0.20812146026216907
truthfulqa_276_inc_2,truthfulqa,1,5,0.9309288443510096,0.0009115210220961373,0.06815963462689412,1.0,0.0,0.0,0.034991338335543194
truthfulqa_285_inc_2,truthfulqa,1,5,0.023670876978303303,0.05801228315453004,0.9183168398671666,0.0,0.0,1.0,0.5171707030881133
truthfulqa_150_best,truthfulqa,0,5,0.9922270018546445,0.0009496670119087062,0.0068233311334466185,1.0,0.0,0.0,0.0043613325786320154
truthfulqa_810_corr_4,truthfulqa,0,5,0.10605908682189087,0.24940292088112392,0.644537992296985,0.1,0.2,0.7,0.5716719170296165
truthfulqa_578_best,truthfulqa,0,5,0.9887947887264478,0.0007950319940833133,0.010410179279469028,1.0,0.0,0.0,0.006000121633817827
truthfulqa_747_inc_1,truthfulqa,1,5,0.14040747788393118,0.696007994410764,0.16358452770530474,0.1,0.7,0.2,0.7778002582634164
truthfulqa_551_best,truthfulqa,0,5,0.9927511580586982,0.0010025806335165603,0.006246261307785246,1.0,0.0,0.0,0.004125711287409184
truthfulqa_274_corr_1,truthfulqa,0,5,0.6898097541783013,0.006843794938372355,0.3033464508833264,0.4,0.0,0.6,0.15851702038003557
truthfulqa_733_inc_0,truthfulqa,1,5,0.21410372171878075,0.02375463777824848,0.7621416405029707,0.2,0.0,0.8,0.40482545802973385
truthfulqa_516_corr_1,truthfulqa,0,5,0.8007043333114499,0.04043488212243793,0.15886078456611225,1.0,0.0,0.0,0.11986527440549405
truthfulqa_422_inc_2,truthfulqa,1,5,0.9691695740698381,0.004287949573406011,0.026542476356755877,1.0,0.0,0.0,0.01755918775178395
truthfulqa_564_inc_6,truthfulqa,1,5,0.4950331012437511,0.3742460164090889,0.13072088234716003,0.6,0.4,0.0,0.4396064575826689
truthfulqa_425_best,truthfulqa,0,5,0.9691695740698381,0.004287949573406011,0.026542476356755877,1.0,0.0,0.0,0.01755918775178395
truthfulqa_310_inc_2,truthfulqa,1,5,0.3527068468386733,0.1986477569854837,0.44864539617584304,0.2,0.2,0.6,0.42297045507340525
truthfulqa_709_inc_1,truthfulqa,1,5,0.9689409797466784,0.006442277777657909,0.02461674247566365,1.0,0.0,0.0,0.018750649015489736
truthfulqa_389_best,truthfulqa,0,5,0.3527826254470205,0.11719252678426065,0.5300248477687188,0.4,0.1,0.5,0.38220495066862004
truthfulqa_509_corr_1,truthfulqa,0,5,0.4641027213762662,0.006451170459395606,0.5294461081643382,0.4,0.0,0.6,0.2711742245415647
truthfulqa_450_inc_0,truthfulqa,1,5,0.9915095767850082,0.000799347387051076,0.00769107582794071,1.0,0.0,0.0,0.004644885301021431
truthfulqa_116_best,truthfulqa,0,5,0.4745423755883277,0.16772342838640017,0.3577341960252721,0.4,0.0,0.6,0.3465905263990362
truthfulqa_15_best,truthfulqa,0,5,0.0374184158788826,0.09470773090263129,0.8678738532184861,0.0,0.1,0.9,0.5286446575118744
truthfulqa_361_corr_1,truthfulqa,0,5,0.9853611831645083,0.004414655604743775,0.010224161230747831,1.0,0.0,0.0,0.00952673622011769
truthfulqa_202_corr_1,truthfulqa,0,5,0.4430661946902744,0.02526378968719159,0.5316700156225339,0.4,0.0,0.6,0.2910987974984586
truthfulqa_13_best,truthfulqa,0,5,0.44361368591045675,0.15787526147907555,0.39851105261046776,0.4,0.1,0.5,0.3571307877843094
truthfulqa_532_corr_1,truthfulqa,0,5,0.7757206601464203,0.20512888676654986,0.01915045308702997,0.6,0.4,0.0,0.21470411331006484
truthfulqa_576_inc_4,truthfulqa,1,5,0.9917478261970804,0.0010120793397907992,0.007240094463128949,1.0,0.0,0.0,0.004632126571355274
truthfulqa_295_inc_2,truthfulqa,1,5,0.48571852209376243,0.01772912828679677,0.49655234961944095,0.4,0.0,0.6,0.26600530309651726
truthfulqa_77_inc_2,truthfulqa,1,5,0.20279286024333834,0.11782986014509526,0.6793772796115664,0.2,0.0,0.8,0.45751849995087845
truthfulqa_640_inc_1,truthfulqa,1,5,0.23640928483002327,0.005432958708681766,0.758157756461295,0.1,0.0,0.9,0.3845118369393293
truthfulqa_363_corr_1,truthfulqa,0,5,0.4130165833608501,0.5166736519497155,0.07030976468943426,0.4,0.6,0.0,0.5518285342944326
truthfulqa_233_best,truthfulqa,0,5,0.8271608003307959,0.11123996213626108,0.06159923753294296,1.0,0.0,0.0,0.14203958090273255
truthfulqa_547_best,truthfulqa,0,5,0.41236400171591836,0.5487693447762745,0.03886665350780717,0.3,0.7,0.0,0.5682026715301781
truthfulqa_574_best,truthfulqa,0,5,0.9818360824348437,0.0015902493680096663,0.01657366819714671,1.0,0.0,0.0,0.00987708346658302
truthfulqa_405_corr_4,truthfulqa,0,5,0.6697097300623956,0.021551850420478448,0.30873841951712616,1.0,0.0,0.0,0.17592106017904152
truthfulqa_102_inc_2,truthfulqa,1,5,0.5247333324009726,0.4399580283524614,0.035308639246565986,0.2,0.8,0.0,0.4576123479757444
truthfulqa_131_inc_3,truthfulqa,1,5,0.5834568913933813,0.38886442138323885,0.027678687223379843,0.6,0.4,0.0,0.40270376499492877
truthfulqa_609_inc_0,truthfulqa,1,5,0.07990559595266229,0.05919471384905519,0.8608996901982826,0.0,0.0,1.0,0.4896445589481965
truthfulqa_39_corr_1,truthfulqa,0,5,0.9896178604657153,0.0016597677063100176,0.008722371827974636,1.0,0.0,0.0,0.006020953620297336
truthfulqa_55_inc_2,truthfulqa,1,5,0.4098053089527866,0.060714901175239686,0.5294797898719736,0.3,0.0,0.7,0.3254547961112265
truthfulqa_396_corr_2,truthfulqa,0,5,0.05227071442806612,0.7076339091689678,0.2400953764029659,0.1,0.9,0.0,0.8276815973704508
truthfulqa_106_inc_3,truthfulqa,1,5,0.9831811204040413,0.0007738308391657711,0.01604504875679297,1.0,0.0,0.0,0.008796355217562257
truthfulqa_399_corr_1,truthfulqa,0,5,0.10457572288762887,0.27944660649820446,0.6159776706141668,0.1,0.3,0.6,0.5874354418052878
truthfulqa_765_inc_1,truthfulqa,1,5,0.0521193260227649,0.3353902979448017,0.6124903760324335,0.0,0.4,0.6,0.6416354859610185
truthfulqa_264_corr_2,truthfulqa,0,5,0.3197041492715249,0.6646111369085415,0.01568471381993354,0.3,0.7,0.0,0.6724534938185083
truthfulqa_78_inc_2,truthfulqa,1,5,0.17708768262670482,0.047220299422207,0.7756920179510881,0.0,0.0,1.0,0.43506630839775107
truthfulqa_731_corr_2,truthfulqa,0,5,0.4419553590110265,0.39755788787864504,0.1604867531103284,0.5,0.4,0.1,0.4778012644338092
truthfulqa_407_corr_2,truthfulqa,0,5,0.0018134641911290677,0.9603153191461967,0.037871216662674304,0.0,1.0,0.0,0.9792509274775338
truthfulqa_639_best,truthfulqa,0,5,0.3009777453395401,0.0015328330397811787,0.6974894216206787,0.1,0.0,0.9,0.35027754385012055
truthfulqa_725_best,truthfulqa,0,5,0.9860429406460349,0.004296086807792427,0.009660972546172469,1.0,0.0,0.0,0.00912657308087866
truthfulqa_253_best,truthfulqa,0,5,0.5581773234594374,0.4101975735267252,0.031625103013837454,0.4,0.6,0.0,0.42601012503364394
truthfulqa_496_inc_2,truthfulqa,1,5,0.9763980375486845,0.0013995915492414992,0.02220237090207396,1.0,0.0,0.0,0.01250077700027848
truthfulqa_677_corr_1,truthfulqa,0,5,0.594240181229338,0.007483572391582813,0.39827624637907916,0.3,0.0,0.7,0.2066216955811224
truthfulqa_563_inc_1,truthfulqa,1,5,0.5897013932651164,0.39927489423314927,0.01102371250173427,0.6,0.4,0.0,0.4047867504840164
truthfulqa_407_inc_0,truthfulqa,1,5,0.0008475022265686718,0.7008886266052863,0.298263871168145,0.0,0.7,0.3,0.8500205621893588
truthfulqa_140_corr_0,truthfulqa,0,5,0.39695166589170505,0.5978652871338066,0.005183046974488443,0.4,0.6,0.0,0.6004568106210508
truthfulqa_307_best,truthfulqa,0,5,0.44716264063174027,0.0014388978725328125,0.551398461495727,0.1,0.0,0.9,0.27713812862039633
truthfulqa_54_best,truthfulqa,0,5,0.021646008748580657,0.702925600579211,0.2754283906722083,0.0,0.7,0.3,0.8406397959153152
truthfulqa_306_corr_1,truthfulqa,0,5,0.990669731561732,0.0007928437452955387,0.008537424692972518,1.0,0.0,0.0,0.0050615560917817975
truthfulqa_235_corr_2,truthfulqa,0,5,0.4189372321445376,0.0023210585670284437,0.5787417092884339,0.4,0.0,0.6,0.29169191321124543
truthfulqa_672_corr_1,truthfulqa,0,5,0.08849104450610205,0.023379349241435195,0.8881296062524628,0.0,0.0,1.0,0.4674441523676666
truthfulqa_108_inc_0,truthfulqa,1,5,0.5941830214301388,0.004094857104026527,0.40172212146583475,0.6,0.0,0.4,0.2049559178369439
truthfulqa_447_inc_4,truthfulqa,1,5,0.9896135682718399,0.0008042778408201518,0.0095821538873402,1.0,0.0,0.0,0.005595354784490253
truthfulqa_329_inc_0,truthfulqa,1,5,0.9796766006936984,0.0013317644305674697,0.01899163487573409,1.0,0.0,0.0,0.010827581868434515
truthfulqa_441_best,truthfulqa,0,5,0.979271258958174,0.0011534076644214325,0.019575333377404535,1.0,0.0,0.0,0.0109410743531237
truthfulqa_637_corr_1,truthfulqa,0,5,0.059581963319071674,0.2849278792943109,0.6554901573866173,0.0,0.1,0.9,0.6126729579876196
truthfulqa_505_inc_3,truthfulqa,1,5,0.591526827541759,0.18205643659211587,0.22641673586612496,0.6,0.0,0.4,0.29526480452517834
truthfulqa_530_inc_1,truthfulqa,1,5,0.9826993441391535,0.00042328314591742776,0.01687737271492914,1.0,0.0,0.0,0.008861969503381997
truthfulqa_642_corr_2,truthfulqa,0,5,0.9899799906967962,0.000833679448906084,0.009186329854297851,1.0,0.0,0.0,0.005426844376055009
truthfulqa_126_inc_1,truthfulqa,1,5,0.9722545663432086,0.0010180841924673782,0.02672734946432389,1.0,0.0,0.0,0.014381758924629322
truthfulqa_583_inc_4,truthfulqa,1,5,0.49120694886206573,0.0047726911267642735,0.50402036001117,0.6,0.0,0.4,0.25678287113234927
truthfulqa_327_corr_3,truthfulqa,0,5,0.9901632285655,0.0008455787260214457,0.008991192708478679,1.0,0.0,0.0,0.005341175080260785
truthfulqa_129_inc_3,truthfulqa,1,5,0.29223199663995625,0.6986106567794131,0.009157346580630622,0.3,0.7,0.0,0.7031893300697285
truthfulqa_711_inc_5,truthfulqa,1,5,0.4937223861629626,0.01772905368700625,0.4885485601500311,0.6,0.0,0.4,0.2620033337620218
truthfulqa_79_corr_2,truthfulqa,0,5,0.10296329834524524,0.4129336808326564,0.48410302082209833,0.1,0.4,0.5,0.6549851912437056
truthfulqa_137_best,truthfulqa,0,5,0.9784251958295369,0.002893245415002119,0.0186815587554611,1.0,0.0,0.0,0.012234024792732669
truthfulqa_681_inc_1,truthfulqa,1,5,0.28953142221654493,0.6995953787257052,0.01087319905774989,0.3,0.7,0.0,0.7050319782545802
truthfulqa_281_inc_4,truthfulqa,1,5,0.40378319285453224,0.0025559286911252853,0.5936608784543426,0.2,0.0,0.8,0.2993863679182966
truthfulqa_701_best,truthfulqa,0,5,0.2579549185654034,0.0806848244456779,0.6613602569889188,0.2,0.0,0.8,0.4113649529401373
truthfulqa_605_best,truthfulqa,0,5,0.5684944736909534,0.038043013214330866,0.3934625130947157,0.6,0.0,0.4,0.23477426976168872
truthfulqa_119_corr_2,truthfulqa,0,5,0.5721746538560323,0.03147814965934827,0.3963471964846194,0.8,0.0,0.2,0.229651747901658
truthfulqa_436_inc_0,truthfulqa,1,5,0.972765052744897,0.001137423887244969,0.026097523367858,1.0,0.0,0.0,0.014186185571173968
truthfulqa_504_corr_1,truthfulqa,0,5,0.13271360615427838,0.042404593096233185,0.8248818007494885,0.0,0.0,1.0,0.4548454934709774
truthfulqa_792_best,truthfulqa,0,5,0.9776732305696874,0.007259086946009903,0.015067682484302741,1.0,0.0,0.0,0.014792928188161273
truthfulqa_67_best,truthfulqa,0,5,0.9826993441391535,0.00042328314591742776,0.01687737271492914,1.0,0.0,0.0,0.008861969503381997
truthfulqa_728_inc_1,truthfulqa,1,5,0.991215451633936,0.0011331343353825818,0.0076514140306814344,1.0,0.0,0.0,0.004958841350723299
truthfulqa_470_corr_2,truthfulqa,0,5,0.9737232234630596,0.0008272418487949879,0.025449534688145266,1.0,0.0,0.0,0.013552009192867621
truthfulqa_265_corr_1,truthfulqa,0,5,0.9938744642425974,0.0006469723687526623,0.005478563388649988,1.0,0.0,0.0,0.003386254063077656
truthfulqa_364_best,truthfulqa,0,5,0.22443326953717196,0.04666627703700625,0.7289004534258219,0.0,0.0,1.0,0.4111165037499172
truthfulqa_470_best,truthfulqa,0,5,0.9737232234630596,0.0008272418487949879,0.025449534688145266,1.0,0.0,0.0,0.013552009192867621
truthfulqa_598_best,truthfulqa,0,5,0.21250807150422557,0.23265861599736254,0.554833312498412,0.0,0.2,0.8,0.5100752722465685
truthfulqa_439_corr_1,truthfulqa,0,5,0.985148995873152,0.0011766102853666342,0.013674393841481456,1.0,0.0,0.0,0.008013807206107362
truthfulqa_308_inc_3,truthfulqa,1,5,0.4513396063694827,0.004473489772997081,0.54418690385752,0.3,0.0,0.7,0.2765669417017571
truthfulqa_558_inc_2,truthfulqa,1,5,0.39443988810567593,0.5986475899681454,0.006912521926178551,0.4,0.6,0.0,0.6021038509312346
truthfulqa_149_corr_1,truthfulqa,0,5,0.3449400613095254,0.44443754752365827,0.21062239116681628,0.3,0.6,0.1,0.5497487431070665
truthfulqa_668_inc_2,truthfulqa,1,5,0.12052961835924787,0.03709857661883641,0.8423718050219158,0.1,0.0,0.9,0.4582844791297943
truthfulqa_172_inc_3,truthfulqa,1,5,0.1998380060710567,0.00789793828769273,0.7922640556412506,0.1,0.0,0.9,0.40402996610831804
truthfulqa_814_corr_1,truthfulqa,0,5,0.0816293438777659,0.8859466555651748,0.03242400055705931,0.1,0.9,0.0,0.9021586558437045
truthfulqa_539_corr_0,truthfulqa,0,5,0.052218211894392685,0.322104137382275,0.6256776507233324,0.0,0.2,0.8,0.6349429627439411
truthfulqa_547_inc_2,truthfulqa,1,5,0.34879337083522327,0.6182010941227545,0.03300553504202236,0.2,0.8,0.0,0.6347038616437657
truthfulqa_71_corr_0,truthfulqa,0,5,0.10335277123440716,0.8037594433418518,0.09288778542374114,0.1,0.8,0.1,0.8502033360537223
truthfulqa_586_inc_3,truthfulqa,1,5,0.1991225978211433,0.7826851090430152,0.01819229313584147,0.2,0.8,0.0,0.7917812556109359
truthfulqa_75_inc_0,truthfulqa,1,5,0.29248644283588265,0.015772204238592692,0.6917413529255246,0.1,0.0,0.9,0.36164288070135503
truthfulqa_628_inc_3,truthfulqa,1,5,0.002558539637815739,0.1496647670502421,0.8477766933119423,0.0,0.1,0.9,0.5735531137062132
truthfulqa_216_inc_2,truthfulqa,1,5,0.19613221777879358,0.2375361822923597,0.5663315999288466,0.1,0.1,0.8,0.520701982256783
truthfulqa_796_corr_2,truthfulqa,0,5,0.04577939543191149,0.42645619996321404,0.5277644046048745,0.0,0.4,0.6,0.6903384022656514
truthfulqa_161_corr_1,truthfulqa,0,5,0.9826993441391535,0.00042328314591742776,0.01687737271492914,1.0,0.0,0.0,0.008861969503381997
truthfulqa_753_corr_2,truthfulqa,0,5,0.028732634094213932,0.16562978696162153,0.8056375789441645,0.0,0.1,0.9,0.5684485764337038
truthfulqa_493_inc_1,truthfulqa,1,5,0.9863828731487885,0.002029294403314918,0.011587832447896466,1.0,0.0,0.0,0.007823210627263152
truthfulqa_557_inc_1,truthfulqa,1,5,0.38708283231502005,0.061366413811772845,0.5515507538732072,0.3,0.0,0.7,0.3371417907483764
truthfulqa_104_inc_0,truthfulqa,1,5,0.3934251160016876,0.599267887395613,0.00730699660269922,0.4,0.6,0.0,0.6029213856969626
truthfulqa_478_corr_2,truthfulqa,0,5,0.584555780138294,0.40123219262557025,0.014212027236135771,0.6,0.4,0.0,0.40833820624363815
truthfulqa_782_best,truthfulqa,0,5,0.26654972638938906,0.12177553213744126,0.6116747414731696,0.1,0.0,0.9,0.42761290287402604
truthfulqa_571_inc_7,truthfulqa,1,5,0.5864833980917156,0.39927056682966533,0.014246035078619134,0.6,0.4,0.0,0.4063935843689749
truthfulqa_194_best,truthfulqa,0,5,0.3585324844632651,0.024105743125150868,0.617361772411584,0.4,0.0,0.6,0.33278662933094283
truthfulqa_32_corr_3,truthfulqa,0,5,0.17807837699413598,0.40443014273656797,0.41749148026929594,0.1,0.4,0.5,0.6131758828712159
truthfulqa_772_inc_0,truthfulqa,1,5,0.9923764172270018,0.0007465469464585904,0.00687703582653971,1.0,0.0,0.0,0.004185064859728445
truthfulqa_539_inc_3,truthfulqa,1,5,0.3320486534035627,0.3961749052264075,0.2717764413700299,0.2,0.4,0.4,0.5320631259114225
truthfulqa_496_corr_2,truthfulqa,0,5,0.7676216441699724,0.005665099182915763,0.2267132566471118,0.6,0.0,0.4,0.11902172750647166
truthfulqa_55_corr_2,truthfulqa,0,5,0.2593642455519081,0.06440306957672184,0.67623268487137,0.2,0.0,0.8,0.4025194120124068
truthfulqa_166_inc_0,truthfulqa,1,5,0.983333747461247,0.00034211007799295456,0.016324142460760027,1.0,0.0,0.0,0.008504181308372967
truthfulqa_185_corr_2,truthfulqa,0,5,0.5221080138283724,0.0019068192606301038,0.47598516691099757,0.4,0.0,0.6,0.2398994027161289
truthfulqa_453_corr_1,truthfulqa,0,5,0.004411498110922565,0.9715588372433203,0.024029664645757273,0.0,1.0,0.0,0.9835736695661988
truthfulqa_471_corr_2,truthfulqa,0,5,0.976647996702709,0.0014852643951808347,0.021866738902110265,1.0,0.0,0.0,0.012418633846235967
truthfulqa_242_inc_0,truthfulqa,1,5,0.11638062675546326,0.028906789641352314,0.8547125836031844,0.1,0.0,0.9,0.4562630814429445
truthfulqa_304_inc_4,truthfulqa,1,5,0.9711580249035171,0.0013504831644313036,0.02749149193205148,1.0,0.0,0.0,0.015096229130457044
truthfulqa_326_corr_3,truthfulqa,0,5,0.40102327387154685,0.3605418475939043,0.2384348785345487,0.2,0.4,0.4,0.47975928686117864
truthfulqa_446_inc_0,truthfulqa,1,5,0.3953261606631751,0.5988724805821324,0.005801358754692458,0.4,0.6,0.0,0.6017731599594787
truthfulqa_639_corr_1,truthfulqa,0,5,0.40096892436918197,0.0013061450704275048,0.5977249305603906,0.1,0.0,0.9,0.30016861035062276
truthfulqa_357_inc_3,truthfulqa,1,5,0.3676163318266533,0.343481647319401,0.2889020208539456,0.3,0.4,0.3,0.48793265774637384
truthfulqa_534_inc_1,truthfulqa,1,5,0.6721922414840973,0.05264902862727415,0.2751587298886286,1.0,0.0,0.0,0.19022839357158844
truthfulqa_208_inc_2,truthfulqa,1,5,0.3955618170039382,0.5973907241684071,0.0070474588276547385,0.4,0.6,0.0,0.6009144535822345
truthfulqa_478_inc_1,truthfulqa,1,5,0.30604292435377567,0.6006191254514827,0.09333795019474163,0.4,0.6,0.0,0.6472881005488534
truthfulqa_148_corr_2,truthfulqa,0,5,0.29411165233442627,0.651314005407821,0.054574342257752796,0.3,0.7,0.0,0.6786011765366974
truthfulqa_713_corr_1,truthfulqa,0,5,0.6929817336639642,0.0011079083417662196,0.3059103579942697,0.4,0.0,0.6,0.15406308733890106
truthfulqa_217_best,truthfulqa,0,5,0.02299227762046054,0.033927434918361046,0.9430802874611783,0.0,0.0,1.0,0.5054675786489502
truthfulqa_488_corr_1,truthfulqa,0,5,0.1872532837913469,0.17479348896519184,0.6379532272434613,0.0,0.1,0.9,0.49377010258692244
truthfulqa_502_corr_2,truthfulqa,0,5,0.1469393081487557,0.4708393582745565,0.38222133357668786,0.1,0.6,0.3,0.6619500250629005
truthfulqa_549_inc_9,truthfulqa,1,5,0.3117812911735514,0.3466468055262265,0.34157190330022213,0.3,0.1,0.6,0.5174327571763375
truthfulqa_273_inc_3,truthfulqa,1,5,0.15073466430111007,0.017741538091702758,0.8315237976071872,0.1,0.0,0.9,0.43350343689529636
truthfulqa_344_corr_1,truthfulqa,0,5,0.04213031689483392,0.7176160352040915,0.24025364790107462,0.0,0.7,0.3,0.8377428591546288
truthfulqa_222_inc_1,truthfulqa,1,5,0.5853585782488675,0.004331405119935128,0.41031001663119737,0.7,0.0,0.3,0.2094864134355338
truthfulqa_254_best,truthfulqa,0,5,0.17809806169308395,0.0062101407576483116,0.8156917975492677,0.1,0.0,0.9,0.41405603953228215
truthfulqa_628_inc_0,truthfulqa,1,5,0.0022932641276419705,0.15617040877695929,0.8415363270953987,0.0,0.1,0.9,0.5769385723246586
truthfulqa_138_inc_4,truthfulqa,1,5,0.5941266707308817,0.39733097855805655,0.008542350711061672,0.6,0.4,0.0,0.4016021539135874
truthfulqa_698_best,truthfulqa,0,5,0.21737538777150847,0.3339212826564951,0.4487033295719963,0.1,0.4,0.5,0.5582729474424932
truthfulqa_391_best,truthfulqa,0,5,0.888727460526811,0.020596783249370636,0.09067575622381838,1.0,0.0,0.0,0.06593466136127982
truthfulqa_210_inc_1,truthfulqa,1,5,0.9797011461346384,0.002737620596958459,0.017561233268403025,1.0,0.0,0.0,0.01151823723115997
truthfulqa_567_inc_2,truthfulqa,1,5,0.4703054700531565,0.3828027735612034,0.1468917563856401,0.4,0.6,0.0,0.45624865175402346
truthfulqa_441_corr_1,truthfulqa,0,5,0.979271258958174,0.0011534076644214325,0.019575333377404535,1.0,0.0,0.0,0.0109410743531237
truthfulqa_207_inc_1,truthfulqa,1,5,0.983333747461247,0.00034211007799295456,0.016324142460760027,1.0,0.0,0.0,0.008504181308372967
truthfulqa_668_inc_0,truthfulqa,1,5,0.1281627342352204,0.020052848537927735,0.8517844172268519,0.1,0.0,0.9,0.4459450571513537
truthfulqa_191_inc_0,truthfulqa,1,5,0.3729382039746928,0.0008576635772528983,0.6262041324480543,0.1,0.0,0.9,0.31395972980128006
truthfulqa_243_inc_1,truthfulqa,1,5,0.5942082788541814,0.20186348615811336,0.20392823498770535,0.6,0.4,0.0,0.30382760365196604
truthfulqa_41_inc_4,truthfulqa,1,5,0.38951883900068135,0.013029300237960834,0.5974518607613578,0.1,0.0,0.9,0.31175523061863974
truthfulqa_770_corr_2,truthfulqa,0,5,0.6201695145364925,0.0018698765466270057,0.37796060891688055,1.0,0.0,0.0,0.1908501810050673
truthfulqa_795_corr_2,truthfulqa,0,5,0.46103217745082026,0.4254321216347283,0.11353570091445142,0.5,0.5,0.0,0.48219997209195403
truthfulqa_674_best,truthfulqa,0,5,0.9839478897591671,0.0004491231255990298,0.015602987115233748,1.0,0.0,0.0,0.008250616683215905
truthfulqa_41_inc_1,truthfulqa,1,5,0.3724511719924431,0.022237820854351945,0.6053110071532051,0.1,0.0,0.9,0.3248933244309545
truthfulqa_435_corr_2,truthfulqa,0,5,0.9717999671677504,0.0006133001477207364,0.02758673268452901,1.0,0.0,0.0,0.01440666648998524
truthfulqa_300_corr_5,truthfulqa,0,5,0.990669731561732,0.0007928437452955387,0.008537424692972518,1.0,0.0,0.0,0.0050615560917817975
truthfulqa_448_best,truthfulqa,0,5,0.593707762741739,0.39976751365693997,0.006524723601321045,0.6,0.4,0.0,0.4030298754576005
truthfulqa_257_best,truthfulqa,0,5,0.6168443360988821,0.006742227639540903,0.3764134362615771,0.8,0.0,0.2,0.19494894577032945
truthfulqa_339_inc_2,truthfulqa,1,5,0.3259794778818128,0.4259711255524281,0.24804939656575925,0.3,0.4,0.3,0.5499958238353078
truthfulqa_282_inc_1,truthfulqa,1,5,0.9910859452222839,0.0011567538221765451,0.007757300955539473,1.0,0.0,0.0,0.005035404299946282
truthfulqa_495_inc_0,truthfulqa,1,5,0.6972103241539893,0.17933469535120744,0.12345498049480322,0.6,0.4,0.0,0.24106218559860904
truthfulqa_291_inc_1,truthfulqa,1,5,0.12944839985749879,0.05966208365131594,0.8108895164911853,0.0,0.0,1.0,0.4651068418969086
truthfulqa_514_corr_3,truthfulqa,0,5,0.29341415159213735,0.001986946449739337,0.7045989019581232,0.2,0.0,0.8,0.35428639742880097
truthfulqa_668_inc_1,truthfulqa,1,5,0.26500581369575316,0.006508785268388379,0.7284854010358586,0.3,0.0,0.7,0.37075148578631767
truthfulqa_124_inc_1,truthfulqa,1,5,0.42686632021247,0.0008523786020420424,0.5722813011854879,0.6,0.0,0.4,0.28699302919478603
truthfulqa_77_corr_1,truthfulqa,0,5,0.2979611722760677,0.22952631604853285,0.4725125116753993,0.4,0.1,0.5,0.4657825718862325
truthfulqa_385_inc_0,truthfulqa,1,5,0.033267318256073576,0.26528319949096535,0.7014494822529611,0.0,0.3,0.7,0.6160079406174459
truthfulqa_489_corr_1,truthfulqa,0,5,0.16912369082217932,0.09289753151331384,0.7379787776645068,0.1,0.0,0.9,0.4618869203455672
truthfulqa_144_inc_1,truthfulqa,1,5,0.23187634548051608,0.011694829648558542,0.7564288248709254,0.1,0.0,0.9,0.3899092420840213
truthfulqa_230_inc_5,truthfulqa,1,5,0.9924756909925841,0.0011921454153390597,0.006332163592076971,1.0,0.0,0.0,0.004358227211377545
truthfulqa_645_inc_2,truthfulqa,1,5,0.9916417582725966,0.0007098529264530677,0.007648388800950276,1.0,0.0,0.0,0.004534047326928205
truthfulqa_536_best,truthfulqa,0,5,0.6877273908721427,0.02044627527289577,0.2918263338549615,1.0,0.0,0.0,0.16635944220037652
truthfulqa_397_corr_2,truthfulqa,0,5,0.0035174132338080186,0.6615624870966639,0.3349200996695281,0.0,0.7,0.3,0.8290225369314279
truthfulqa_33_inc_2,truthfulqa,1,5,0.19960811447734067,0.04176592495770608,0.7586259605649532,0.1,0.0,0.9,0.4210789052401827
truthfulqa_675_corr_2,truthfulqa,0,5,0.06743351671214509,0.006053216907124926,0.9265132663807301,0.0,0.0,1.0,0.46930985009748993
truthfulqa_335_best,truthfulqa,0,5,0.5953647447957269,0.14193610463554043,0.2626991505687327,0.6,0.0,0.4,0.2732856799199068
truthfulqa_218_inc_0,truthfulqa,1,5,0.05830735758356446,0.006826119138642933,0.9348665232777925,0.0,0.0,1.0,0.4742593807775392
truthfulqa_296_corr_2,truthfulqa,0,5,0.1443570845430759,0.21698130859556208,0.638661606861362,0.0,0.0,1.0,0.5363121120262431
truthfulqa_640_corr_1,truthfulqa,0,5,0.7086399344314287,0.013046163127688864,0.2783139024408826,0.6,0.0,0.4,0.15220311434813016
truthfulqa_457_inc_3,truthfulqa,1,5,0.016944546511621007,0.9421692348327891,0.04088621865558979,0.0,1.0,0.0,0.962612344160584
truthfulqa_137_inc_2,truthfulqa,1,5,0.9784251958295369,0.002893245415002119,0.0186815587554611,1.0,0.0,0.0,0.012234024792732669
truthfulqa_71_inc_2,truthfulqa,1,5,0.14560961664588984,0.8262527345880712,0.02813764876603871,0.2,0.8,0.0,0.8403215589710906
truthfulqa_313_corr_2,truthfulqa,0,5,0.6709479707353786,0.004557630419091292,0.3244943988455301,0.6,0.0,0.4,0.16680482984185635
truthfulqa_81_best,truthfulqa,0,5,0.3763558202134981,0.00839756342863518,0.6152466163578667,0.1,0.0,0.9,0.31602087160756853
truthfulqa_108_inc_2,truthfulqa,1,5,0.7002155799883347,0.0013698689241044943,0.2984145510875607,1.0,0.0,0.0,0.15057714446788484
truthfulqa_452_inc_2,truthfulqa,1,5,0.015556493579330649,0.683250124685858,0.30119338173481136,0.0,0.7,0.3,0.8338468155532637
truthfulqa_749_best,truthfulqa,0,5,0.7868531339895037,0.04682284601274537,0.16632401999775098,1.0,0.0,0.0,0.12998485601162085
truthfulqa_554_corr_1,truthfulqa,0,5,0.983333747461247,0.00034211007799295456,0.016324142460760027,1.0,0.0,0.0,0.008504181308372967
truthfulqa_51_corr_1,truthfulqa,0,5,0.5345546964133221,0.0327246700474177,0.4327206335392601,0.6,0.0,0.4,0.24908498681704774
truthfulqa_326_corr_1,truthfulqa,0,5,0.35795295077772055,0.0028488756120485714,0.6391981736102308,0.4,0.0,0.6,0.32244796241716395
truthfulqa_503_corr_2,truthfulqa,0,5,0.01570039957213511,0.09495044868347513,0.8893491517443897,0.0,0.0,1.0,0.53962502455567
truthfulqa_810_corr_2,truthfulqa,0,5,0.22678568538632224,0.17838991321853642,0.5948244013951413,0.2,0.2,0.6,0.47580211391610705
truthfulqa_515_inc_2,truthfulqa,1,5,0.0936773366519668,0.6061591540196496,0.30016350932838354,0.0,0.6,0.4,0.7562409086838413
truthfulqa_356_inc_4,truthfulqa,1,5,0.40315620442926514,0.0667129324819466,0.5301308630887883,0.4,0.0,0.6,0.33177836402634076
truthfulqa_563_inc_3,truthfulqa,1,5,0.9819205690363347,0.0017950407429663056,0.01628439022069904,1.0,0.0,0.0,0.009937235853315827
truthfulqa_14_corr_3,truthfulqa,0,5,0.7976283685749349,0.0019141426196455913,0.20045748880541953,1.0,0.0,0.0,0.10214288702235536
truthfulqa_739_inc_0,truthfulqa,1,5,0.3211098981053438,0.47883364231038,0.20005645958427626,0.2,0.6,0.2,0.5788618721025182
truthfulqa_227_inc_0,truthfulqa,1,5,0.7589405619845178,0.004650721597931633,0.2364087164175507,0.6,0.0,0.4,0.12285507980670698
truthfulqa_787_inc_2,truthfulqa,1,5,0.7120743541618286,0.02385561351519554,0.2640700323229758,1.0,0.0,0.0,0.15589062967668346
truthfulqa_622_inc_3,truthfulqa,1,5,0.007212742046577625,0.6408368403591131,0.35195041759430923,0.0,0.8,0.2,0.8168120491562678
truthfulqa_303_inc_3,truthfulqa,1,5,0.3961529649658512,0.5985273441788326,0.005319690855316325,0.4,0.6,0.0,0.6011871896064908
truthfulqa_249_corr_2,truthfulqa,0,5,0.5871618859697935,0.3901526904234345,0.022685423606771987,0.6,0.4,0.0,0.40149540222682045
truthfulqa_431_inc_1,truthfulqa,1,5,0.9762864140796523,0.0014250285636475163,0.02228855735670019,1.0,0.0,0.0,0.012569307241997611
truthfulqa_401_inc_2,truthfulqa,1,5,0.6569220375774938,0.30264588900040684,0.040432073422099396,0.7,0.3,0.0,0.32286192571145655
truthfulqa_431_corr_1,truthfulqa,0,5,0.9762864140796523,0.0014250285636475163,0.02228855735670019,1.0,0.0,0.0,0.012569307241997611
truthfulqa_169_inc_4,truthfulqa,1,5,0.44183287809915883,0.02096451925242815,0.537202602648413,0.5,0.0,0.5,0.28956582057663466
truthfulqa_161_inc_0,truthfulqa,1,5,0.9826993441391535,0.00042328314591742776,0.01687737271492914,1.0,0.0,0.0,0.008861969503381997
truthfulqa_35_corr_2,truthfulqa,0,5,0.11018952814665361,0.06064188712265002,0.8291685847306965,0.0,0.0,1.0,0.4752261794879983
truthfulqa_781_inc_0,truthfulqa,1,5,0.9826993441391535,0.00042328314591742776,0.01687737271492914,1.0,0.0,0.0,0.008861969503381997
truthfulqa_0_inc_0,truthfulqa,1,5,0.2939225373926849,0.5253558689689534,0.18072159363836168,0.3,0.6,0.1,0.6157166657881342
truthfulqa_469_inc_3,truthfulqa,1,5,0.39711035762030894,0.5944802572898084,0.008409385089882667,0.4,0.6,0.0,0.5986849498347497
truthfulqa_672_inc_3,truthfulqa,1,5,0.3488797713945003,0.0018141431649568844,0.6493060854405428,0.2,0.0,0.8,0.3264671858852283
truthfulqa_157_best,truthfulqa,0,5,0.7951932937603663,0.0009241149477590318,0.20388259129187475,1.0,0.0,0.0,0.1028654105936964
truthfulqa_363_inc_4,truthfulqa,1,5,0.337545025029352,0.33021668463265225,0.33223829033799573,0.3,0.3,0.4,0.49633582980165014
truthfulqa_462_corr_2,truthfulqa,0,5,0.20653547825529364,0.17795389774130543,0.6155106240034008,0.3,0.0,0.7,0.48570920974300585
truthfulqa_545_corr_1,truthfulqa,0,5,0.9914868790903448,0.002812509360587283,0.005700611549067857,1.0,0.0,0.0,0.005662815135121211
truthfulqa_794_corr_1,truthfulqa,0,5,0.9849479218731169,0.0012862292290526324,0.013765848897830602,1.0,0.0,0.0,0.008169153677967934
truthfulqa_415_corr_1,truthfulqa,0,5,0.6953514545102072,0.18395324171272404,0.12069530377706876,0.7,0.3,0.0,0.24430089360125842
truthfulqa_292_inc_3,truthfulqa,1,5,0.5012260010716914,0.01755992984603048,0.48121406908227815,0.4,0.0,0.6,0.2581669643871696
truthfulqa_376_best,truthfulqa,0,5,0.683179324944712,0.018094196571805783,0.29872647848348227,0.9,0.0,0.1,0.1674574358135469
truthfulqa_650_inc_0,truthfulqa,1,5,0.11622512165407575,0.010215275993411994,0.8735596023525123,0.1,0.0,0.9,0.44699507716966813
truthfulqa_796_inc_1,truthfulqa,1,5,0.08575762672939506,0.169164990885562,0.745077382385043,0.0,0.2,0.8,0.5417036820780835
truthfulqa_156_corr_1,truthfulqa,0,5,0.6072593139978373,0.020366854002367405,0.37237383199979535,0.6,0.0,0.4,0.20655377000226507
truthfulqa_749_inc_0,truthfulqa,1,5,0.6558227002717028,0.1204299013525282,0.22374739837576904,1.0,0.0,0.0,0.2323036005404127
truthfulqa_45_corr_3,truthfulqa,0,5,0.40646311740834334,0.006668216971585298,0.5868686656200715,0.3,0.0,0.7,0.30010254978162104
truthfulqa_601_best,truthfulqa,0,5,0.9877833187816869,0.0007027817084638368,0.01151389950984937,1.0,0.0,0.0,0.006459731463388522
truthfulqa_43_corr_0,truthfulqa,0,5,0.8551920520630925,0.01153957607779001,0.13326837185911758,1.0,0.0,0.0,0.0781737620073488
truthfulqa_68_corr_2,truthfulqa,0,5,0.7653567025715795,0.002694765697183174,0.2319485317312374,0.6,0.0,0.4,0.11866903156280187
truthfulqa_313_corr_1,truthfulqa,0,5,0.5448672233746578,0.004435337158378144,0.45069743946696406,0.3,0.0,0.7,0.22978405689186018
truthfulqa_346_corr_3,truthfulqa,0,5,0.26651634354715964,0.46095405839342096,0.2725295980594194,0.2,0.4,0.4,0.5972188574231306
truthfulqa_44_best,truthfulqa,0,5,0.8920819721462054,0.0009906742635925724,0.10692735359020203,1.0,0.0,0.0,0.05445435105869359
truthfulqa_183_inc_2,truthfulqa,1,5,0.24841202876751342,0.0022614281141450894,0.7493265431183415,0.1,0.0,0.9,0.3769246996733158
truthfulqa_417_inc_3,truthfulqa,1,5,0.5961012791495276,0.008152473756873061,0.3957462470935994,0.6,0.0,0.4,0.20602559730367276
truthfulqa_485_inc_4,truthfulqa,1,5,0.09850691004799897,0.02379703758457561,0.8776960523674255,0.0,0.0,1.0,0.4626450637682884
truthfulqa_411_best,truthfulqa,0,5,0.028053128398057292,0.09688970155411049,0.8750571700478321,0.0,0.1,0.9,0.5344182865780266
truthfulqa_97_inc_2,truthfulqa,1,5,0.003565474532921934,0.861025043112946,0.13540948235413222,0.0,1.0,0.0,0.9287297842900122
truthfulqa_300_corr_2,truthfulqa,0,5,0.990669731561732,0.0007928437452955387,0.008537424692972518,1.0,0.0,0.0,0.0050615560917817975
truthfulqa_46_inc_2,truthfulqa,1,5,0.21238786830717418,0.5112968699292739,0.2763152617635519,0.2,0.6,0.2,0.6494545008110499
truthfulqa_402_inc_0,truthfulqa,1,5,0.3369197618255877,0.2733181672501039,0.3897620709243084,0.4,0.4,0.2,0.4681992027122581
truthfulqa_139_corr_0,truthfulqa,0,5,0.2383481506563725,0.028192177067701895,0.7334596722759257,0.1,0.0,0.9,0.3949220132056647
truthfulqa_621_inc_0,truthfulqa,1,5,0.14728242328279592,0.11129609394434262,0.7414214827728615,0.1,0.0,0.9,0.4820068353307734
truthfulqa_181_inc_0,truthfulqa,1,5,0.5398892405355392,0.0016251893641498767,0.4584855701003108,0.6,0.0,0.4,0.2308679744143053
truthfulqa_367_best,truthfulqa,0,5,0.030933657641737035,0.09300693974289834,0.8760594026153645,0.0,0.1,0.9,0.5310366410505806
truthfulqa_397_corr_1,truthfulqa,0,5,0.024636210424672768,0.6679765976554531,0.3073871919198742,0.0,0.7,0.3,0.8216701936153903
truthfulqa_70_inc_2,truthfulqa,1,5,0.10420263262296214,0.8848429373984041,0.010954429978633657,0.1,0.9,0.0,0.890320152387721
truthfulqa_126_inc_6,truthfulqa,1,5,0.5835306963575928,0.39969468788857465,0.01677461575383259,0.6,0.4,0.0,0.4080819957654909
truthfulqa_276_corr_3,truthfulqa,0,5,0.9775765124154876,0.0008156676922942968,0.021607819892217987,1.0,0.0,0.0,0.011619577638403291
truthfulqa_103_corr_3,truthfulqa,0,5,0.9889113631118557,0.0006305535749477518,0.01045808331319648,1.0,0.0,0.0,0.005859595231545992
truthfulqa_98_best,truthfulqa,0,5,0.9924157286277738,0.0007675098656828904,0.006816761506543316,1.0,0.0,0.0,0.004175890618954549
truthfulqa_31_inc_0,truthfulqa,1,5,0.9913585398521411,0.0005007935097951085,0.008140666638063909,1.0,0.0,0.0,0.0045711268288270625
truthfulqa_513_best,truthfulqa,0,5,0.42285207843456496,0.1275918391001248,0.44955608246531026,0.4,0.0,0.6,0.35236988033277994
truthfulqa_550_best,truthfulqa,0,5,0.9866991112133251,0.003931187780069139,0.009369701006605762,1.0,0.0,0.0,0.00861603828337202
truthfulqa_580_inc_2,truthfulqa,1,5,0.29736615145963774,0.6990632038557714,0.0035706446845909638,0.3,0.7,0.0,0.7008485261980668
truthfulqa_61_inc_3,truthfulqa,1,5,0.009279596063887148,0.9821030575341378,0.00861734640197501,0.0,1.0,0.0,0.9864117307351253
truthfulqa_750_inc_0,truthfulqa,1,5,0.13063921034706877,0.004388556960090102,0.8649722326928412,0.0,0.0,1.0,0.4368746733065107
truthfulqa_273_best,truthfulqa,0,5,0.12215729099820853,0.0791280344068955,0.7987146745948961,0.0,0.0,1.0,0.4784853717043436
truthfulqa_664_inc_4,truthfulqa,1,5,0.40819077223939537,0.016850115539951197,0.5749591122206534,0.4,0.0,0.6,0.3043296716502779
truthfulqa_178_inc_1,truthfulqa,1,5,0.7191236412839245,0.016906100706962426,0.26397025800911306,1.0,0.0,0.0,0.14889122971151897
truthfulqa_170_inc_0,truthfulqa,1,5,0.3663715313505866,0.17891633611867325,0.4547121325307401,0.1,0.2,0.7,0.4062724023840433
truthfulqa_746_inc_1,truthfulqa,1,5,0.9846732126166055,0.001779244018171109,0.01354754336522351,1.0,0.0,0.0,0.008553015700782865
truthfulqa_753_best,truthfulqa,0,5,0.05932834323757574,0.19526215789460277,0.7454094988678215,0.0,0.1,0.9,0.5679669073285135
truthfulqa_254_corr_2,truthfulqa,0,5,0.060451990137207944,0.13673137860916515,0.8028166312536269,0.0,0.0,1.0,0.5381396942359786
truthfulqa_751_corr_1,truthfulqa,0,5,0.1902531216160228,0.29008566734279595,0.5196612110411813,0.1,0.3,0.6,0.5499162728633866
truthfulqa_382_corr_1,truthfulqa,0,5,0.31165146403771493,0.10541465901819377,0.5829338769440913,0.2,0.0,0.8,0.39688159749023944
truthfulqa_453_inc_7,truthfulqa,1,5,0.0012187133659282436,0.9840518559635024,0.01472943067056921,0.0,1.0,0.0,0.991416571298787
truthfulqa_275_inc_0,truthfulqa,1,5,0.7713438256176557,0.012386508761969613,0.21626966562037458,0.6,0.0,0.4,0.12052134157215691
truthfulqa_813_inc_5,truthfulqa,1,5,0.989646498453179,0.0012700461297290482,0.009083455417092174,1.0,0.0,0.0,0.005811773838275135
truthfulqa_572_corr_1,truthfulqa,0,5,0.3974227896535438,0.5889688013537111,0.01360840899274525,0.4,0.6,0.0,0.5957730058500837
truthfulqa_271_inc_3,truthfulqa,1,5,0.990893659880045,0.0012483655117663428,0.007857974608188763,1.0,0.0,0.0,0.005177352815860724
truthfulqa_115_corr_2,truthfulqa,0,5,0.973503986540528,0.0031319932349589802,0.02336402022451308,1.0,0.0,0.0,0.014814003347215521
truthfulqa_204_best,truthfulqa,0,5,0.14312578003826482,0.00382449072919476,0.8530497292325405,0.0,0.0,1.0,0.43034935534546503
truthfulqa_44_inc_4,truthfulqa,1,5,0.6239510238049832,0.004231314859509018,0.37181766133550787,0.3,0.0,0.7,0.19014014552726294
truthfulqa_81_corr_1,truthfulqa,0,5,0.22376718806945828,0.43180734607161925,0.3444254658589224,0.1,0.6,0.3,0.6040200790010805
truthfulqa_564_inc_4,truthfulqa,1,5,0.647473729355964,0.11554237686227886,0.23698389378175716,1.0,0.0,0.0,0.23403432375315744
truthfulqa_237_corr_2,truthfulqa,0,5,0.10953910734234544,0.5340909564241889,0.3563699362334655,0.0,0.6,0.4,0.7122759245409217
truthfulqa_348_corr_3,truthfulqa,0,5,0.015689354113222174,0.07641069422774781,0.90789995165903,0.0,0.0,1.0,0.5303606700572628
truthfulqa_357_inc_0,truthfulqa,1,5,0.27774177650742055,0.4626702904672687,0.2595879330253107,0.2,0.6,0.2,0.5924642569799241
truthfulqa_71_inc_3,truthfulqa,1,5,0.1865689188838055,0.7015814632509877,0.1118496178652068,0.1,0.7,0.2,0.7575062721835911
truthfulqa_134_inc_3,truthfulqa,1,5,0.9557150746369152,0.008335970027984491,0.035948955335100445,1.0,0.0,0.0,0.026310447695534714
truthfulqa_12_inc_1,truthfulqa,1,5,0.10171251533404362,0.8929172901591074,0.005370194506848993,0.1,0.9,0.0,0.8956023874125318
truthfulqa_718_inc_0,truthfulqa,1,5,0.3481790564036503,0.04997115152659536,0.6018497920697544,0.3,0.0,0.7,0.3508960475614726
truthfulqa_468_corr_2,truthfulqa,0,5,0.1889922906053611,0.3986904813310864,0.4123172280635525,0.1,0.3,0.6,0.6048490953628627
truthfulqa_6_inc_4,truthfulqa,1,5,0.9807743788981573,0.000777531810903137,0.018448089290939322,1.0,0.0,0.0,0.010001576456372799
truthfulqa_524_corr_1,truthfulqa,0,5,0.9825578930786353,0.0008452601797676913,0.016596846741597275,1.0,0.0,0.0,0.009143683550566328
truthfulqa_646_corr_2,truthfulqa,0,5,0.595444334976789,0.3989677920119346,0.005587873011276336,0.6,0.4,0.0,0.4017617285175728
truthfulqa_683_corr_2,truthfulqa,0,5,0.9818312904089941,0.002579881816056658,0.015588827774949219,1.0,0.0,0.0,0.010374295703531267
truthfulqa_590_inc_3,truthfulqa,1,5,0.06570206579597818,0.5910102580851859,0.343287676118836,0.1,0.5,0.4,0.7626540961446039
truthfulqa_718_corr_1,truthfulqa,0,5,0.2000617956016606,0.06389692816902719,0.7360412762293121,0.3,0.0,0.7,0.4319175662836833
truthfulqa_395_corr_1,truthfulqa,0,5,0.43433002009310595,0.5517447514368414,0.013925228470052387,0.3,0.7,0.0,0.5587073656718676
truthfulqa_565_corr_2,truthfulqa,0,5,0.9750909582451909,0.00034691773854735806,0.02456212401626178,1.0,0.0,0.0,0.012627979746678248
truthfulqa_558_inc_3,truthfulqa,1,5,0.5918524754731681,0.3984479497537972,0.009699574773034746,0.6,0.4,0.0,0.4032977371403146
truthfulqa_90_corr_0,truthfulqa,0,5,0.708485973967716,0.0006854568427918567,0.2908285691894923,0.6,0.0,0.4,0.146099741437538
truthfulqa_493_inc_2,truthfulqa,1,5,0.9894022596753336,0.0019397481324171652,0.008657992192248994,1.0,0.0,0.0,0.006268744228541663
truthfulqa_66_inc_1,truthfulqa,1,5,0.019928067566697384,0.08619333304762847,0.8938785993856742,0.0,0.0,1.0,0.5331326327404655
truthfulqa_171_corr_1,truthfulqa,0,5,0.0802498648013682,0.06866283603669275,0.851087299161939,0.0,0.0,1.0,0.4942064856176623
truthfulqa_249_inc_3,truthfulqa,1,5,0.5871618859697935,0.3901526904234345,0.022685423606771987,0.6,0.4,0.0,0.40149540222682045
truthfulqa_456_best,truthfulqa,0,5,0.02618652487081654,0.8453596559398641,0.12845381918931956,0.0,1.0,0.0,0.9095865655345239
truthfulqa_48_inc_0,truthfulqa,1,5,0.1347434725958181,0.04658187556483459,0.8186746518393473,0.1,0.0,0.9,0.45591920148450826
truthfulqa_673_inc_2,truthfulqa,1,5,0.4011486951709758,0.027198142695318107,0.5716531621337062,0.2,0.0,0.8,0.3130247237621712
truthfulqa_573_inc_9,truthfulqa,1,5,0.394246760694863,0.5988751333333677,0.0068781059717693315,0.4,0.6,0.0,0.6023141863192524
truthfulqa_111_inc_0,truthfulqa,1,5,0.973503986540528,0.0031319932349589802,0.02336402022451308,1.0,0.0,0.0,0.014814003347215521
truthfulqa_208_inc_0,truthfulqa,1,5,0.2832284360966608,0.6570638613945483,0.05970770250879094,0.2,0.8,0.0,0.6869177126489437
truthfulqa_625_inc_0,truthfulqa,1,5,0.9810653567212343,0.0021884013138339965,0.016746241964931546,1.0,0.0,0.0,0.01056152229629977
truthfulqa_313_corr_4,truthfulqa,0,5,0.5634788219078476,0.004329193080051408,0.43219198501210104,0.3,0.0,0.7,0.22042518558610194
truthfulqa_350_inc_3,truthfulqa,1,5,0.2180701677307617,0.0017790172613508834,0.7801508150078874,0.2,0.0,0.8,0.3918544247652946
truthfulqa_320_inc_0,truthfulqa,1,5,0.26406206595569176,0.018027023999222964,0.7179109100450852,0.2,0.0,0.8,0.37698247902176557
truthfulqa_610_inc_0,truthfulqa,1,5,0.12117913828871256,0.009059458743720128,0.8697614029675673,0.1,0.0,0.9,0.44394016022750377
truthfulqa_296_inc_1,truthfulqa,1,5,0.3832064356616252,0.20976345939809202,0.40703010494028274,0.3,0.0,0.7,0.4132785118682334
truthfulqa_202_inc_0,truthfulqa,1,5,0.10276106762093003,0.13399682866154283,0.7632421037175271,0.1,0.0,0.9,0.5156178805203064
truthfulqa_789_inc_0,truthfulqa,1,5,0.6901773507956979,0.000998540999811656,0.3088241082044906,0.4,0.0,0.6,0.15541059510205693
truthfulqa_89_best,truthfulqa,0,5,0.9826993441391535,0.00042328314591742776,0.01687737271492914,1.0,0.0,0.0,0.008861969503381997
truthfulqa_658_inc_1,truthfulqa,1,5,0.2346726782462107,0.0012999903719707767,0.7640273313818187,0.0,0.0,1.0,0.3833136560628801
truthfulqa_280_corr_1,truthfulqa,0,5,0.9900141376966263,0.0005435376752064979,0.009442324628167364,1.0,0.0,0.0,0.00526469998929018
truthfulqa_204_inc_0,truthfulqa,1,5,0.06588210853391512,0.017083235906399617,0.9170346555596851,0.0,0.0,1.0,0.47560056368624215
truthfulqa_611_inc_1,truthfulqa,1,5,0.6016678824616675,0.18691361840290735,0.21141849913542532,0.6,0.0,0.4,0.29262286797062
truthfulqa_816_corr_3,truthfulqa,0,5,0.7940217827028079,0.0016512729083778242,0.20432694438881444,0.6,0.0,0.4,0.10381474510278504
truthfulqa_691_corr_1,truthfulqa,0,5,0.03588456722005643,0.0020728137677777543,0.9620426190121659,0.0,0.0,1.0,0.4830941232738607
truthfulqa_335_inc_3,truthfulqa,1,5,0.400430146714933,0.015416433537398586,0.5841534197476685,0.4,0.0,0.6,0.30749314341123285
truthfulqa_150_inc_1,truthfulqa,1,5,0.9922270018546445,0.0009496670119087062,0.0068233311334466185,1.0,0.0,0.0,0.0043613325786320154
truthfulqa_104_best,truthfulqa,0,5,0.58980756515937,0.39965843085024283,0.010534003990387134,0.6,0.4,0.0,0.4049254328454364
truthfulqa_499_corr_1,truthfulqa,0,5,0.007013178165744982,0.7848299589575544,0.2081568628767007,0.0,0.8,0.2,0.8889083903959047
truthfulqa_93_best,truthfulqa,0,5,0.7715117078759369,0.0009375661117848836,0.2275507260122783,1.0,0.0,0.0,0.11471292911792404
truthfulqa_4_inc_4,truthfulqa,1,5,0.6022397032805223,0.0013090648968763488,0.39645123182260145,0.6,0.0,0.4,0.19953468080817707
truthfulqa_607_best,truthfulqa,0,5,0.5944697054092604,0.15776864595941778,0.24776164863132175,1.0,0.0,0.0,0.28164947027507864
truthfulqa_335_inc_2,truthfulqa,1,5,0.5984489454210801,0.001818529194680445,0.39973252538423953,0.6,0.0,0.4,0.20168479188680022
truthfulqa_477_inc_0,truthfulqa,1,5,0.29636639669112924,0.6836738916918739,0.01995971161699681,0.3,0.7,0.0,0.6936537475003722
truthfulqa_348_corr_2,truthfulqa,0,5,0.030448858437493252,0.08010338601903123,0.8894477555434754,0.0,0.0,1.0,0.5248272637907689
truthfulqa_730_inc_0,truthfulqa,1,5,0.9638094320940962,0.0023995792611585477,0.03379098864474531,1.0,0.0,0.0,0.019295073583531202
truthfulqa_394_inc_1,truthfulqa,1,5,0.6603948844386547,0.09929131865499158,0.2403137969063537,0.9,0.1,0.0,0.21944821710816842
truthfulqa_58_inc_3,truthfulqa,1,5,0.9131154221016727,0.0014638492695288133,0.08542072862879849,1.0,0.0,0.0,0.044174213583928056
truthfulqa_353_corr_1,truthfulqa,0,5,0.36656145367516096,0.003803185541350581,0.6296353607834885,0.2,0.0,0.8,0.3186208659330948
truthfulqa_293_corr_1,truthfulqa,0,5,0.983333747461247,0.00034211007799295456,0.016324142460760027,1.0,0.0,0.0,0.008504181308372967
truthfulqa_374_inc_3,truthfulqa,1,5,0.6003368331190205,0.3820012246951378,0.017661942185841682,0.6,0.4,0.0,0.39083219578805867
truthfulqa_594_inc_0,truthfulqa,1,5,0.1630642821271971,0.08384691160623467,0.7530888062665683,0.0,0.1,0.9,0.4603913147395188
truthfulqa_265_inc_0,truthfulqa,1,5,0.9938744642425974,0.0006469723687526623,0.005478563388649988,1.0,0.0,0.0,0.003386254063077656
truthfulqa_504_inc_0,truthfulqa,1,5,0.167711974423763,0.03464931079016933,0.7976387147860675,0.0,0.0,1.0,0.43346866818320307
truthfulqa_583_corr_1,truthfulqa,0,5,0.3756177846894383,0.024181108247356295,0.6002011070632054,0.4,0.0,0.6,0.324281661778959
truthfulqa_427_best,truthfulqa,0,5,0.9771138012022383,0.001924644813633429,0.02096155398412824,1.0,0.0,0.0,0.01240542180569755
truthfulqa_479_inc_2,truthfulqa,1,5,0.1942517873731608,0.7113640195168338,0.0943841931100054,0.1,0.9,0.0,0.7585561160718365
truthfulqa_589_best,truthfulqa,0,5,0.3984232657927803,0.5956606645159477,0.005916069691272067,0.4,0.6,0.0,0.5986186993615837
truthfulqa_21_best,truthfulqa,0,5,0.4706945027379004,0.2002872613845929,0.3290182358775066,0.2,0.4,0.4,0.3647963793233462
truthfulqa_771_corr_2,truthfulqa,0,5,0.7899389509789352,0.0008045610394607266,0.20925648798160407,0.6,0.0,0.4,0.10543280503026276
truthfulqa_613_corr_2,truthfulqa,0,5,0.3935519966661064,0.5992516527820282,0.007196350551865396,0.4,0.6,0.0,0.6028498280579608
truthfulqa_604_inc_1,truthfulqa,1,5,0.9857520040305838,0.0011680263951204168,0.013079969574295844,1.0,0.0,0.0,0.007708011182268338
truthfulqa_679_inc_0,truthfulqa,1,5,0.3874043205595904,0.5976541689729823,0.014941510467427328,0.4,0.6,0.0,0.605124924206696
truthfulqa_216_corr_3,truthfulqa,0,5,0.10464338822285561,0.19419302673917682,0.7011635850379675,0.1,0.0,0.9,0.5447748192581605
truthfulqa_462_inc_5,truthfulqa,1,5,0.04584819862366945,0.5263764868385729,0.42777531453775763,0.0,0.6,0.4,0.7402641441074517
truthfulqa_728_best,truthfulqa,0,5,0.991215451633936,0.0011331343353825818,0.0076514140306814344,1.0,0.0,0.0,0.004958841350723299
truthfulqa_390_inc_2,truthfulqa,1,5,0.5444628338332387,0.017690619309527325,0.43784654685723395,0.6,0.0,0.4,0.23661389273814432
truthfulqa_596_inc_1,truthfulqa,1,5,0.29881954213311845,0.14842471698189957,0.5527557408849821,0.3,0.0,0.7,0.42480258742439064
truthfulqa_465_best,truthfulqa,0,5,0.0006137013362678141,0.9960612368527995,0.003325061810932639,0.0,1.0,0.0,0.9977237677582658
truthfulqa_191_corr_1,truthfulqa,0,5,0.45958527519165343,0.0008581534499384523,0.5395565713584082,0.5,0.0,0.5,0.27063643912914254
truthfulqa_347_inc_2,truthfulqa,1,5,0.7999308177173876,0.001116833925270292,0.19895234835734205,1.0,0.0,0.0,0.10059300810394131
truthfulqa_550_inc_7,truthfulqa,1,5,0.9866991112133251,0.003931187780069139,0.009369701006605762,1.0,0.0,0.0,0.00861603828337202
truthfulqa_47_corr_0,truthfulqa,0,5,0.07946223172413039,0.1750249225568184,0.7455128457190512,0.0,0.2,0.8,0.547781345416344
truthfulqa_319_best,truthfulqa,0,5,0.30323765841868466,0.16556861707244835,0.5311937245088669,0.3,0.3,0.4,0.4311654793268818
truthfulqa_491_corr_1,truthfulqa,0,5,0.49466014183833523,0.40167980416567,0.10366005399599494,0.6,0.4,0.0,0.4535098311636675
truthfulqa_553_inc_5,truthfulqa,1,5,0.41720433711911237,0.1280000376774674,0.45479562520342026,0.3,0.2,0.5,0.35539785027917753
truthfulqa_357_inc_2,truthfulqa,1,5,0.1957429992439939,0.44580818483859863,0.3584488159174074,0.1,0.6,0.3,0.6250325927973024
truthfulqa_497_best,truthfulqa,0,5,0.5271550565244139,0.019682679770198334,0.4531622637053879,0.3,0.0,0.7,0.2462638116228923
truthfulqa_685_corr_1,truthfulqa,0,5,0.054985452164287275,0.625166271024011,0.3198482768117018,0.0,0.6,0.4,0.7850904094298619
truthfulqa_782_inc_2,truthfulqa,1,5,0.37645364835495815,0.05518505692027884,0.5683612947247629,0.1,0.0,0.9,0.33936570428266033
truthfulqa_192_inc_3,truthfulqa,1,5,0.7159251331763545,0.0011706629405386,0.2829042038831069,0.6,0.0,0.4,0.14262276488209205
truthfulqa_43_corr_2,truthfulqa,0,5,0.9889794511061034,0.0006131347865378625,0.010407414107358733,1.0,0.0,0.0,0.005816841840217229
truthfulqa_18_inc_0,truthfulqa,1,5,0.6944034470084419,0.0021269131796830924,0.30346963981187514,0.4,0.0,0.6,0.15386173308562065
truthfulqa_327_corr_5,truthfulqa,0,5,0.992794891951181,0.0008410875195594356,0.006364020529259491,1.0,0.0,0.0,0.004023097784189181
truthfulqa_230_corr_3,truthfulqa,0,5,0.9924756909925841,0.0011921454153390597,0.006332163592076971,1.0,0.0,0.0,0.004358227211377545
truthfulqa_808_inc_0,truthfulqa,1,5,0.983333747461247,0.00034211007799295456,0.016324142460760027,1.0,0.0,0.0,0.008504181308372967
truthfulqa_487_best,truthfulqa,0,5,0.986244616113708,0.0020906739151926182,0.011664709971099366,1.0,0.0,0.0,0.007923028900742302
truthfulqa_412_corr_1,truthfulqa,0,5,0.1388601954587652,0.3990977805011501,0.4620420240400847,0.1,0.4,0.5,0.6301187925211924
truthfulqa_221_inc_2,truthfulqa,1,5,0.020274040872730235,0.1684371502898092,0.8112888088374606,0.0,0.2,0.8,0.5740815547085395
truthfulqa_588_corr_1,truthfulqa,0,5,0.03620345132023535,0.019556245693067135,0.9442403029866975,0.0,0.0,1.0,0.49167639718641587
truthfulqa_490_inc_4,truthfulqa,1,5,0.2074363017955906,0.5148475596192507,0.27771613858515887,0.2,0.6,0.2,0.6537056289118301
truthfulqa_58_corr_2,truthfulqa,0,5,0.8887022602033963,0.0012111411989009016,0.11008659859770278,1.0,0.0,0.0,0.056254440497752294
truthfulqa_412_inc_3,truthfulqa,1,5,0.44515293711491566,0.4430361584262945,0.11181090445878987,0.4,0.6,0.0,0.4989416106556894
truthfulqa_16_inc_3,truthfulqa,1,5,0.6997784708197983,0.0012764371078037647,0.298945092072398,0.9,0.0,0.1,0.15074898314400276
truthfulqa_495_inc_2,truthfulqa,1,5,0.5493854595445636,0.33076606447647283,0.11984847597896349,0.3,0.7,0.0,0.3906903024659546
truthfulqa_464_corr_1,truthfulqa,0,5,0.9873993596829637,0.0014308909889165972,0.011169749328119904,1.0,0.0,0.0,0.00701576565297655
truthfulqa_573_inc_11,truthfulqa,1,5,0.7318367928842084,0.09547534293607424,0.17268786417971738,0.6,0.1,0.3,0.18181927502593292
truthfulqa_572_inc_1,truthfulqa,1,5,0.9859900924803785,0.000989825690072129,0.013020081829549297,1.0,0.0,0.0,0.007499866604846778
truthfulqa_13_corr_3,truthfulqa,0,5,0.6204548701942926,0.1108016456974114,0.26874348410829596,0.6,0.0,0.4,0.2451733877515594
truthfulqa_688_corr_1,truthfulqa,0,5,0.9899959459947374,0.0007166060701613912,0.009287447935101278,1.0,0.0,0.0,0.0053603300377120305
truthfulqa_785_corr_1,truthfulqa,0,5,0.3145105202713458,0.002301477296850189,0.683188002431804,0.3,0.0,0.7,0.3438954785127522
truthfulqa_129_best,truthfulqa,0,5,0.29289226360951043,0.697274597723735,0.009833138666754615,0.3,0.7,0.0,0.7021911670571124
truthfulqa_403_best,truthfulqa,0,5,0.19722834184944862,0.7986993341730942,0.00407232397745726,0.2,0.8,0.0,0.8007354961618228
truthfulqa_774_inc_1,truthfulqa,1,5,0.6204508268288867,0.34404328662042566,0.035505886550687545,0.6,0.4,0.0,0.36179622989576943
truthfulqa_41_inc_3,truthfulqa,1,5,0.46015589490191466,0.006937811217262913,0.5329062938808224,0.3,0.0,0.7,0.2733909581576741
truthfulqa_519_inc_1,truthfulqa,1,5,0.979077371336061,0.0019488726660252553,0.018973755997913764,1.0,0.0,0.0,0.011435750664982137
truthfulqa_434_inc_0,truthfulqa,1,5,0.9744796021838334,0.002399202317041553,0.02312119549912511,1.0,0.0,0.0,0.013959800066604109
truthfulqa_485_inc_5,truthfulqa,1,5,0.2551936224370367,0.15408620281393465,0.5907201747490287,0.2,0.0,0.8,0.449446290188449
truthfulqa_783_best,truthfulqa,0,5,0.9805488043460817,0.003639303054565061,0.015811892599353106,1.0,0.0,0.0,0.011545249354241614
truthfulqa_609_inc_1,truthfulqa,1,5,0.19810634265692673,0.00426243832902346,0.7976312190140498,0.1,0.0,0.9,0.40307804783604834
truthfulqa_567_inc_6,truthfulqa,1,5,0.6171481284451886,0.2616594661208494,0.12119240543396204,0.6,0.4,0.0,0.3222556688378304
truthfulqa_761_best,truthfulqa,0,5,0.5356161132343737,0.0022652535563677254,0.46211863320925833,0.1,0.0,0.9,0.2333245701609969
truthfulqa_436_inc_2,truthfulqa,1,5,0.972765052744897,0.001137423887244969,0.026097523367858,1.0,0.0,0.0,0.014186185571173968
truthfulqa_39_inc_3,truthfulqa,1,5,0.10203506258514719,0.6109014955486588,0.287063441866194,0.1,0.8,0.1,0.7544332164817558
truthfulqa_394_inc_2,truthfulqa,1,5,0.5352586575912839,0.18853745135106204,0.276203891057654,0.6,0.3,0.1,0.3266393968798891
truthfulqa_653_corr_2,truthfulqa,0,5,0.7925356408097531,0.0025041419137526383,0.2049602172764941,0.6,0.0,0.4,0.1049842505519997
truthfulqa_195_corr_2,truthfulqa,0,5,0.13920779718710022,0.021593169090812065,0.8391990337220877,0.0,0.0,1.0,0.4411926859518559
truthfulqa_326_corr_2,truthfulqa,0,5,0.209541399625753,0.3188915135866364,0.47156708678761056,0.3,0.4,0.3,0.5546750569804417
truthfulqa_309_inc_4,truthfulqa,1,5,0.7927991535125708,0.0015594050867781682,0.2056414414006511,0.6,0.0,0.4,0.10438012578710372
truthfulqa_10_inc_2,truthfulqa,1,5,0.9874491382084736,0.0010059617923357527,0.011544899999190698,1.0,0.0,0.0,0.006778411791931102
truthfulqa_306_best,truthfulqa,0,5,0.990669731561732,0.0007928437452955387,0.008537424692972518,1.0,0.0,0.0,0.0050615560917817975
truthfulqa_440_best,truthfulqa,0,5,0.9620638310970071,0.0021478334341240132,0.03578833546886897,1.0,0.0,0.0,0.020042001168558497
truthfulqa_274_inc_1,truthfulqa,1,5,0.612430141616793,0.005013906016684062,0.382555952366523,0.3,0.0,0.7,0.19629188219994556
truthfulqa_202_inc_1,truthfulqa,1,5,0.3562186864507174,0.23551727039447568,0.4082640431548069,0.4,0.2,0.4,0.43964929197187913
truthfulqa_174_inc_2,truthfulqa,1,5,0.6348037307918444,0.24694579577765802,0.11825047343049747,0.6,0.4,0.0,0.30607103249290674
truthfulqa_82_inc_3,truthfulqa,1,5,0.4012783552952618,0.13837467164132883,0.4603469730634095,0.4,0.2,0.4,0.36854815817303355
truthfulqa_575_inc_7,truthfulqa,1,5,0.9791377947028737,0.0017988500488635868,0.019063355248262713,1.0,0.0,0.0,0.011330527672994943
truthfulqa_419_inc_1,truthfulqa,1,5,0.9864843580401731,0.0013282700269679597,0.01218737193285879,1.0,0.0,0.0,0.007421955993397354
truthfulqa_388_corr_1,truthfulqa,0,5,0.5940118694395358,0.3916111092490979,0.014377021311366325,0.6,0.4,0.0,0.3987996199047811
truthfulqa_508_inc_1,truthfulqa,1,5,0.2894847449587899,0.11407184977500054,0.5964434052662095,0.2,0.0,0.8,0.4122935524081053
truthfulqa_444_corr_2,truthfulqa,0,5,0.20600999982285476,0.14354395990502727,0.6504460402721179,0.1,0.1,0.8,0.46876698004108625
truthfulqa_755_corr_1,truthfulqa,0,5,0.29203736114357165,0.24649291195886697,0.46146972689756127,0.3,0.2,0.5,0.4772277754076476
truthfulqa_59_corr_1,truthfulqa,0,5,0.46343207236757566,0.006838559043514381,0.52972936858891,0.5,0.0,0.5,0.27170324333796936
truthfulqa_583_inc_2,truthfulqa,1,5,0.19996165007668848,0.01578164903826067,0.7842567008850508,0.2,0.0,0.8,0.4079099994807861
truthfulqa_381_inc_4,truthfulqa,1,5,0.11363754314396786,0.3852456844056021,0.5011167724504301,0.0,0.2,0.8,0.6358040706308171
truthfulqa_506_inc_2,truthfulqa,1,5,0.02028924743722502,0.5925455197260149,0.38716523283675996,0.0,0.6,0.4,0.7861281361443948
truthfulqa_470_corr_1,truthfulqa,0,5,0.9737232234630596,0.0008272418487949879,0.025449534688145266,1.0,0.0,0.0,0.013552009192867621
truthfulqa_774_inc_2,truthfulqa,1,5,0.43745100993826486,0.5142746886943849,0.04827430136735041,0.4,0.6,0.0,0.53841183937806
truthfulqa_735_best,truthfulqa,0,5,0.3354014236439085,0.010866760787405618,0.6537318155686859,0.2,0.0,0.8,0.33773266857174855
truthfulqa_365_inc_1,truthfulqa,1,5,0.1379502641730188,0.08550413183364661,0.7765456039933346,0.0,0.0,1.0,0.47377693383031394
truthfulqa_164_best,truthfulqa,0,5,0.983333747461247,0.00034211007799295456,0.016324142460760027,1.0,0.0,0.0,0.008504181308372967
truthfulqa_279_inc_0,truthfulqa,1,5,0.9886193873200566,0.0006375338971258643,0.010743078782817352,1.0,0.0,0.0,0.00600907328853454
truthfulqa_329_corr_2,truthfulqa,0,5,0.9855516430076066,0.0012321008310163313,0.013216256161377091,1.0,0.0,0.0,0.007840228911704878
truthfulqa_300_corr_1,truthfulqa,0,5,0.990669731561732,0.0007928437452955387,0.008537424692972518,1.0,0.0,0.0,0.0050615560917817975
truthfulqa_112_inc_1,truthfulqa,1,5,0.6631665644659935,0.001843815796162394,0.33498961973784414,0.6,0.0,0.4,0.16933862566508445
truthfulqa_115_best,truthfulqa,0,5,0.973503986540528,0.0031319932349589802,0.02336402022451308,1.0,0.0,0.0,0.014814003347215521
truthfulqa_156_inc_1,truthfulqa,1,5,0.2326605371992024,0.008040651291007925,0.7592988115097896,0.3,0.0,0.7,0.38769005704590276
truthfulqa_461_corr_3,truthfulqa,0,5,0.10250194273507778,0.46721512442062235,0.4302829328442998,0.0,0.6,0.4,0.6823565908427722
truthfulqa_462_inc_1,truthfulqa,1,5,0.1256328267938185,0.2782595147340673,0.5961076584721142,0.1,0.0,0.9,0.5763133439701245
truthfulqa_738_inc_2,truthfulqa,1,5,0.9846405036147592,0.001545145065801588,0.01381435131943926,1.0,0.0,0.0,0.008452320725521219
truthfulqa_49_inc_1,truthfulqa,1,5,0.057269872890371755,0.17132890481761381,0.7714012222920145,0.0,0.0,1.0,0.557029515963621
truthfulqa_174_corr_1,truthfulqa,0,5,0.2812900409842012,0.6730992103001329,0.04561074871566602,0.2,0.8,0.0,0.6959045846579659
truthfulqa_127_corr_1,truthfulqa,0,5,0.005454244166595917,0.9441833403257103,0.05036241550769384,0.0,1.0,0.0,0.9693645480795572
truthfulqa_361_inc_2,truthfulqa,1,5,0.9853611831645083,0.004414655604743775,0.010224161230747831,1.0,0.0,0.0,0.00952673622011769
truthfulqa_327_inc_0,truthfulqa,1,5,0.9925256822895658,0.0009391311448498231,0.006535186565584297,1.0,0.0,0.0,0.0042067244276419715
truthfulqa_41_corr_1,truthfulqa,0,5,0.6037270890858437,0.03913188471926411,0.3571410261948922,0.7,0.0,0.3,0.2177023978167102
truthfulqa_80_inc_0,truthfulqa,1,5,0.9712907420798107,0.0005990249126691112,0.02811023300752028,1.0,0.0,0.0,0.014654141416429251
truthfulqa_311_inc_3,truthfulqa,1,5,0.30063202229012526,0.005762724181366049,0.6936052535285088,0.3,0.0,0.7,0.3525653509456204
truthfulqa_7_inc_0,truthfulqa,1,5,0.23930643896082104,0.40429704847802456,0.35639651256115434,0.3,0.3,0.4,0.5824953047586017
truthfulqa_366_inc_1,truthfulqa,1,5,0.012792584782807221,0.7255486554471534,0.26165875977003933,0.0,0.6,0.4,0.856378035332173
truthfulqa_34_corr_0,truthfulqa,0,5,0.540720610521811,0.0198175876987473,0.4394618017794418,0.5,0.0,0.5,0.2395484885884682
truthfulqa_209_corr_1,truthfulqa,0,5,0.7118189354450082,0.09829986295819657,0.18988120159679533,0.8,0.2,0.0,0.19324046375659423
truthfulqa_565_inc_0,truthfulqa,1,5,0.9750909582451909,0.00034691773854735806,0.02456212401626178,1.0,0.0,0.0,0.012627979746678248
truthfulqa_344_best,truthfulqa,0,5,0.13703222945740637,0.7192817107536447,0.1436860597889489,0.0,1.0,0.0,0.7911247406481191
truthfulqa_629_best,truthfulqa,0,5,0.013364430297216309,0.23153599059658064,0.7550995791062031,0.0,0.0,1.0,0.6090857801496822
truthfulqa_471_best,truthfulqa,0,5,0.976647996702709,0.0014852643951808347,0.021866738902110265,1.0,0.0,0.0,0.012418633846235967
truthfulqa_707_inc_1,truthfulqa,1,5,0.992727999573644,0.0005643671384399651,0.006707633287915997,1.0,0.0,0.0,0.003918183782397964
truthfulqa_297_corr_1,truthfulqa,0,5,0.1504423982645118,0.4001903003284041,0.4493673014070841,0.0,0.4,0.6,0.6248739510319461
truthfulqa_272_corr_0,truthfulqa,0,5,0.32698835959739103,0.091630317614418,0.581381322788191,0.4,0.0,0.6,0.3823209790085135
truthfulqa_574_inc_0,truthfulqa,1,5,0.9818360824348437,0.0015902493680096663,0.01657366819714671,1.0,0.0,0.0,0.00987708346658302
truthfulqa_803_inc_1,truthfulqa,1,5,0.3128094881041442,0.001952285354920058,0.6852382265409357,0.4,0.0,0.6,0.3445713986253879
truthfulqa_36_inc_0,truthfulqa,1,5,0.9911854122368885,0.0006541423962510438,0.008160445366860239,1.0,0.0,0.0,0.0047343650796811635
truthfulqa_12_inc_2,truthfulqa,1,5,0.5485326452713029,0.43383545446296756,0.01763190026572963,0.6,0.4,0.0,0.44265140459583235
truthfulqa_317_corr_2,truthfulqa,0,5,0.984713785375509,0.0007716379062537694,0.014514576718237162,1.0,0.0,0.0,0.008028926265372351
truthfulqa_625_best,truthfulqa,0,5,0.9810653567212343,0.0021884013138339965,0.016746241964931546,1.0,0.0,0.0,0.01056152229629977
truthfulqa_11_inc_0,truthfulqa,1,5,0.593298728119502,0.39883283677028125,0.007868435110216624,0.6,0.4,0.0,0.40276705432538956
truthfulqa_467_best,truthfulqa,0,5,0.2984396391031626,0.6202777265310335,0.0812826343658038,0.3,0.7,0.0,0.6609190437139354
truthfulqa_375_inc_1,truthfulqa,1,5,0.6811709878907509,0.02723990257400019,0.2915891095352489,1.0,0.0,0.0,0.17303445734162465
truthfulqa_706_best,truthfulqa,0,5,0.35185385530242047,0.20266786448294138,0.4454782802146381,0.3,0.3,0.4,0.42540700459026043
truthfulqa_483_corr_2,truthfulqa,0,5,0.275719909800406,0.037966952875679034,0.686313137323915,0.1,0.0,0.9,0.3811235215376365
truthfulqa_443_corr_1,truthfulqa,0,5,0.990669731561732,0.0007928437452955387,0.008537424692972518,1.0,0.0,0.0,0.0050615560917817975
truthfulqa_175_corr_2,truthfulqa,0,5,0.20625100506455638,0.6517722760177262,0.14197671891771724,0.1,0.7,0.2,0.7227606354765849
truthfulqa_179_corr_3,truthfulqa,0,5,0.5746419164682719,0.00599084259893407,0.4193672409327941,0.2,0.0,0.8,0.2156744630653311
truthfulqa_786_corr_2,truthfulqa,0,5,0.07278886269714453,0.3960707309865796,0.5311404063162758,0.0,0.3,0.7,0.6616409341447175
truthfulqa_135_inc_4,truthfulqa,1,5,0.976935189143181,0.004553479694671194,0.018511331162147652,1.0,0.0,0.0,0.013809145275745019
truthfulqa_48_inc_3,truthfulqa,1,5,0.04383371082857279,0.018384774122779644,0.9377815150486477,0.0,0.0,1.0,0.4872755316471035
truthfulqa_83_corr_3,truthfulqa,0,5,0.30474661606629594,0.014393504938763218,0.6808598789949408,0.3,0.0,0.7,0.35482344443623365
truthfulqa_579_inc_1,truthfulqa,1,5,0.9797562133798206,0.001994194426210329,0.018249592193969138,1.0,0.0,0.0,0.011118990523194898
truthfulqa_272_inc_0,truthfulqa,1,5,0.5679569592024606,0.061289457128161376,0.37075358366937805,0.7,0.0,0.3,0.2466662489628504
truthfulqa_4_corr_5,truthfulqa,0,5,0.33640760340513404,0.036059005859028714,0.6275333907358372,0.2,0.0,0.8,0.34982570122694734
truthfulqa_278_corr_1,truthfulqa,0,5,0.988799293119517,0.0012444359459580921,0.00995627093452483,1.0,0.0,0.0,0.006222571413220508
truthfulqa_498_corr_2,truthfulqa,0,5,0.1174014180081997,0.24441561530143163,0.6381829666903688,0.0,0.2,0.8,0.563507098646616
truthfulqa_472_inc_1,truthfulqa,1,5,0.7917922933896652,0.002240159498621112,0.2059675471117138,0.6,0.0,0.4,0.10522393305447801
truthfulqa_479_inc_3,truthfulqa,1,5,0.15726672453905968,0.7520156276544524,0.09071764780648794,0.2,0.8,0.0,0.7973744515576964
truthfulqa_141_best,truthfulqa,0,5,0.9870207749110413,0.0008879301948807236,0.01209129489407785,1.0,0.0,0.0,0.006933577641919649
truthfulqa_455_best,truthfulqa,0,5,0.051545605408682894,0.9146535479399409,0.0338008466513762,0.0,1.0,0.0,0.931553971265629
truthfulqa_243_corr_1,truthfulqa,0,5,0.34445794013524145,0.38319605352905245,0.27234600633570616,0.4,0.6,0.0,0.5193690566969056
truthfulqa_221_inc_0,truthfulqa,1,5,0.03620681730965579,0.21762727578316038,0.7461659069071838,0.0,0.2,0.8,0.5907102292367523
truthfulqa_481_corr_1,truthfulqa,0,5,0.9661658996395133,0.00272857530877275,0.0311055250517139,1.0,0.0,0.0,0.0182813378346297
truthfulqa_768_inc_1,truthfulqa,1,5,0.0517096990207437,0.3580618376645224,0.590228463314734,0.1,0.4,0.5,0.6531760693218893
truthfulqa_401_inc_1,truthfulqa,1,5,0.954971480996638,0.03179211455359926,0.013236404449762745,1.0,0.0,0.0,0.038410316778480634
truthfulqa_310_inc_4,truthfulqa,1,5,0.2228193978123477,0.2090888827835477,0.5680917194041046,0.1,0.2,0.7,0.4931347424856
truthfulqa_719_corr_2,truthfulqa,0,5,0.47755775595491984,0.04268709242262289,0.4797551516224573,0.3,0.0,0.7,0.2825646682338515
truthfulqa_386_corr_1,truthfulqa,0,5,0.12084786871963069,0.8561087252823084,0.02304340599806095,0.1,0.9,0.0,0.8676304282813389
truthfulqa_121_corr_1,truthfulqa,0,5,0.9791377947028737,0.0017988500488635868,0.019063355248262713,1.0,0.0,0.0,0.011330527672994943
truthfulqa_313_inc_2,truthfulqa,1,5,0.42646026006335047,0.008810292432945208,0.5647294475037042,0.3,0.0,0.7,0.29117501618479735
truthfulqa_574_inc_7,truthfulqa,1,5,0.9818360824348437,0.0015902493680096663,0.01657366819714671,1.0,0.0,0.0,0.00987708346658302
truthfulqa_188_corr_1,truthfulqa,0,5,0.9876745854492748,0.000576735130128908,0.011748679420596065,1.0,0.0,0.0,0.00645107484042694
truthfulqa_569_inc_0,truthfulqa,1,5,0.5915606095227912,0.39497147312987557,0.013467917347333222,0.6,0.4,0.0,0.4017054318035422
truthfulqa_16_inc_4,truthfulqa,1,5,0.883875494437089,0.0015697375506886744,0.11455476801222222,1.0,0.0,0.0,0.05884712155679979
truthfulqa_659_best,truthfulqa,0,5,0.5719866698130328,0.011199839295469732,0.4168134908914974,0.7,0.0,0.3,0.2196065847412184
truthfulqa_15_inc_2,truthfulqa,1,5,0.043792370024342483,0.023443487828033106,0.9327641421476244,0.0,0.0,1.0,0.4898255589018453
truthfulqa_313_best,truthfulqa,0,5,0.5882261281645311,0.10129176897565743,0.31048210285981137,0.6,0.0,0.4,0.25653282040556313
truthfulqa_49_corr_1,truthfulqa,0,5,0.1547471902151913,0.04920528881088136,0.7960475209739273,0.0,0.0,1.0,0.447229049297845
truthfulqa_389_corr_1,truthfulqa,0,5,0.04107978266661528,0.07465272797204812,0.8842674893613365,0.0,0.0,1.0,0.5167864726527164
truthfulqa_450_best,truthfulqa,0,5,0.9915095767850082,0.000799347387051076,0.00769107582794071,1.0,0.0,0.0,0.004644885301021431
truthfulqa_661_best,truthfulqa,0,5,0.2194789482171136,0.1549634566835149,0.6255575950993715,0.1,0.2,0.7,0.46774225423320065
truthfulqa_787_inc_4,truthfulqa,1,5,0.22121503162978978,0.0068802220406307315,0.7719047463295795,0.2,0.0,0.8,0.39283259520542047
truthfulqa_409_corr_2,truthfulqa,0,5,0.3143361540581671,0.001679621700142792,0.68398422424169,0.2,0.0,0.8,0.3436717338209878
truthfulqa_621_inc_1,truthfulqa,1,5,0.9900947344036861,0.0008388027799244892,0.009066462816389205,1.0,0.0,0.0,0.005372034188119092
truthfulqa_463_inc_2,truthfulqa,1,5,0.35290299535010866,0.01734437791347011,0.6297526267364212,0.4,0.0,0.6,0.3322206912816807
truthfulqa_416_inc_3,truthfulqa,1,5,0.3396180497356437,0.34312404032371424,0.31725790994064207,0.3,0.6,0.1,0.5017529952940353
truthfulqa_776_inc_0,truthfulqa,1,5,0.9795148395039988,0.0005804184173723922,0.01990474207862885,1.0,0.0,0.0,0.010532789456686818
truthfulqa_245_inc_1,truthfulqa,1,5,0.790979929244476,0.0007359289585090846,0.2082841417970148,0.6,0.0,0.4,0.10487799985701649
truthfulqa_693_corr_2,truthfulqa,0,5,0.34070264710366793,0.20492096420460043,0.4543763886917316,0.3,0.2,0.5,0.4321091585504662
truthfulqa_18_corr_2,truthfulqa,0,5,0.6938974617377711,0.002271798131726522,0.30383074013050243,0.6,0.0,0.4,0.15418716819697773
truthfulqa_34_inc_3,truthfulqa,1,5,0.313004468210222,0.11900930847816112,0.5679862233116171,0.2,0.1,0.7,0.40300242013396964
truthfulqa_786_best,truthfulqa,0,5,0.19257622293082655,0.1837546917381904,0.6236690853309831,0.1,0.0,0.9,0.49558923440368197
truthfulqa_254_inc_1,truthfulqa,1,5,0.08703633059053945,0.25132492477436286,0.6616387446350976,0.0,0.3,0.7,0.5821442970919117
truthfulqa_456_inc_4,truthfulqa,1,5,0.00839969682944056,0.9518467153330006,0.03975358783755875,0.0,1.0,0.0,0.97172350925178
truthfulqa_699_corr_1,truthfulqa,0,5,0.7651084595276608,0.01040593534611561,0.22448560512622345,0.7,0.0,0.3,0.12264873790922734
truthfulqa_192_inc_2,truthfulqa,1,5,0.7336182582585137,0.001081130760240314,0.26530061098124597,0.6,0.0,0.4,0.13373143625086328
truthfulqa_804_inc_3,truthfulqa,1,5,0.33069436915783035,0.09440261623483673,0.5749030146073328,0.1,0.1,0.8,0.3818541235385031
truthfulqa_232_corr_1,truthfulqa,0,5,0.07583340211211695,0.4540759207254193,0.4700906771624639,0.0,0.5,0.5,0.6891212593066512
truthfulqa_579_inc_3,truthfulqa,1,5,0.5885269834987813,0.40030269585220657,0.01117032064901229,0.6,0.4,0.0,0.4058878561767127
truthfulqa_713_inc_2,truthfulqa,1,5,0.5812472692681031,0.002195541742721885,0.41655718898917504,0.4,0.0,0.6,0.2104741362373094
truthfulqa_153_corr_2,truthfulqa,0,5,0.1766018825919983,0.056790733555308136,0.7666073838526936,0.1,0.0,0.9,0.4400944254816549
truthfulqa_816_corr_4,truthfulqa,0,5,0.7940217827028078,0.0016512729083778244,0.20432694438881444,0.6,0.0,0.4,0.10381474510278504
truthfulqa_220_best,truthfulqa,0,5,0.1265601857584534,0.6341887305962268,0.23925108364531975,0.1,0.6,0.3,0.7538142724188867
truthfulqa_305_corr_4,truthfulqa,0,5,0.5945890417249559,0.39969177367901393,0.005719184596030034,0.6,0.4,0.0,0.40255136597702895
truthfulqa_457_best,truthfulqa,0,5,0.1122548151840324,0.7896054768493458,0.09813970796662184,0.0,1.0,0.0,0.8386753308326567
truthfulqa_305_inc_0,truthfulqa,1,5,0.5945890417249559,0.399691773679014,0.005719184596030034,0.6,0.4,0.0,0.402551365977029
truthfulqa_586_corr_1,truthfulqa,0,5,0.3018301794917365,0.6548249701821368,0.043344850326126706,0.3,0.7,0.0,0.6764973953452001
truthfulqa_217_inc_1,truthfulqa,1,5,0.12913228632399826,0.02531266819207335,0.8455550454839283,0.1,0.0,0.9,0.4480901909340375
truthfulqa_69_corr_0,truthfulqa,0,5,0.9766230390063658,0.0007010593069597272,0.022675901686674414,1.0,0.0,0.0,0.012039010150296934
truthfulqa_533_corr_2,truthfulqa,0,5,0.988443913279504,0.0007732516445744795,0.010782835075921633,1.0,0.0,0.0,0.006164669182535296
truthfulqa_732_inc_2,truthfulqa,1,5,0.1683055731895019,0.5534881291130822,0.27820629769741584,0.1,0.4,0.5,0.6925912779617901
truthfulqa_208_inc_1,truthfulqa,1,5,0.3987446548661595,0.5846055827495595,0.016649762384280987,0.4,0.6,0.0,0.5929304639417
truthfulqa_511_inc_4,truthfulqa,1,5,0.34172614339914925,0.02845729793398341,0.6298165586668675,0.2,0.0,0.8,0.3433655772674171
truthfulqa_803_best,truthfulqa,0,5,0.33948724686724996,0.00426397110206871,0.6562487820306815,0.4,0.0,0.6,0.33238836211740946
truthfulqa_299_inc_2,truthfulqa,1,5,0.14989118707609086,0.2522104842466574,0.5978983286772518,0.0,0.2,0.8,0.5511596485852832
truthfulqa_419_corr_2,truthfulqa,0,5,0.9864843580401731,0.0013282700269679597,0.01218737193285879,1.0,0.0,0.0,0.007421955993397354
truthfulqa_190_inc_2,truthfulqa,1,5,0.4370799339972059,0.0009376123155470694,0.561982453687247,0.3,0.0,0.7,0.28192883915917055
truthfulqa_65_best,truthfulqa,0,5,0.0382970771991431,0.3578866401574984,0.6038162826433584,0.0,0.4,0.6,0.6597947814791776
truthfulqa_483_inc_0,truthfulqa,1,5,0.053677948618299276,0.3578147857671214,0.5885072656145792,0.0,0.4,0.6,0.652068418574411
truthfulqa_666_corr_3,truthfulqa,0,5,0.5585847540341915,0.2597058834849946,0.181709362480814,0.4,0.6,0.0,0.35056056472540165
truthfulqa_813_best,truthfulqa,0,5,0.3960037531612032,0.5995743346358803,0.004421912202916574,0.4,0.6,0.0,0.6017852907373386
truthfulqa_798_inc_5,truthfulqa,1,5,0.3221030175801183,0.014842150047231582,0.6630548323726502,0.3,0.0,0.7,0.3463695662335567
truthfulqa_628_corr_1,truthfulqa,0,5,0.042316125681691054,0.018990152966737398,0.9386937213515715,0.0,0.0,1.0,0.48833701364252313
truthfulqa_618_inc_0,truthfulqa,1,5,0.4895408221391427,0.12024848141282396,0.39021069644803336,0.6,0.0,0.4,0.31535382963684067
truthfulqa_732_best,truthfulqa,0,5,0.08219632262771666,0.5585904369011557,0.35921324047112757,0.0,0.5,0.5,0.7381970571367196
truthfulqa_791_corr_3,truthfulqa,0,5,0.0011644905937826418,0.9741182876429633,0.024717221763253933,0.0,1.0,0.0,0.9864768985245902
truthfulqa_346_best,truthfulqa,0,5,0.2921660515549561,0.2877454798013504,0.42008846864369354,0.3,0.3,0.4,0.49778971412319717
truthfulqa_261_inc_1,truthfulqa,1,5,0.9894868129656768,0.00114384430412818,0.00936934273019511,1.0,0.0,0.0,0.005828515669225735
truthfulqa_670_corr_3,truthfulqa,0,5,0.9929981508150156,0.0005306228107131606,0.0064712263742711384,1.0,0.0,0.0,0.0037662359978487296
truthfulqa_470_inc_3,truthfulqa,1,5,0.9737232234630596,0.0008272418487949879,0.025449534688145266,1.0,0.0,0.0,0.013552009192867621
truthfulqa_409_corr_1,truthfulqa,0,5,0.39736188251053217,0.0009380923282503647,0.6017000251612175,0.4,0.0,0.6,0.3017881049088591
truthfulqa_607_inc_3,truthfulqa,1,5,0.5153281159920653,0.07610258373266929,0.4085693002752654,0.6,0.0,0.4,0.28038723387030196
truthfulqa_792_inc_3,truthfulqa,1,5,0.783523787494549,0.015566294477741657,0.20090991802770947,1.0,0.0,0.0,0.1160212534915964
truthfulqa_323_corr_3,truthfulqa,0,5,0.10737894290519405,0.4577913065252776,0.43482975056952833,0.1,0.4,0.5,0.6752061818100418
truthfulqa_773_inc_2,truthfulqa,1,5,0.5873124452154548,0.3595951954988394,0.053092359285705756,0.6,0.4,0.0,0.3861413751416923
truthfulqa_574_inc_4,truthfulqa,1,5,0.9818360824348437,0.0015902493680096663,0.01657366819714671,1.0,0.0,0.0,0.00987708346658302
truthfulqa_534_best,truthfulqa,0,5,0.5939490896589692,0.39670484901324343,0.009346061327787458,0.6,0.4,0.0,0.4013778796771372
truthfulqa_568_inc_6,truthfulqa,1,5,0.9821045701581694,0.004305744105318974,0.013589685736511611,1.0,0.0,0.0,0.011100586973574779
truthfulqa_345_inc_2,truthfulqa,1,5,0.5470927070905375,0.17485778847255112,0.2780495044369114,0.8,0.2,0.0,0.31388254069100685
truthfulqa_184_best,truthfulqa,0,5,0.989279604039854,0.0006169063281698754,0.010103489631976053,1.0,0.0,0.0,0.005668651144157902
truthfulqa_40_inc_2,truthfulqa,1,5,0.3113110263018929,0.2944105966176504,0.3942783770804567,0.1,0.3,0.6,0.4915497851578787
truthfulqa_344_inc_6,truthfulqa,1,5,0.04290520306039171,0.832127980262276,0.1249668166773323,0.0,1.0,0.0,0.8946113886009421
truthfulqa_169_inc_5,truthfulqa,1,5,0.3993088833249613,0.00806169585909472,0.592629420815944,0.3,0.0,0.7,0.30437640626706675
truthfulqa_315_corr_3,truthfulqa,0,5,0.10565418481590241,0.22564139137799835,0.6687044238060993,0.1,0.2,0.7,0.559993603281048
truthfulqa_237_inc_1,truthfulqa,1,5,0.07407653433448907,0.2640724476400142,0.6618510180254968,0.0,0.3,0.7,0.5949979566527626
truthfulqa_539_corr_4,truthfulqa,0,5,0.4184327160972763,0.20696358570645584,0.37460369819626804,0.2,0.3,0.5,0.39426543480458986
truthfulqa_461_inc_0,truthfulqa,1,5,0.07318653675872543,0.4529486800123733,0.4738647832289013,0.0,0.4,0.6,0.689881071626824
truthfulqa_33_corr_4,truthfulqa,0,5,0.3111296156630172,0.044823854404841594,0.6440465299321413,0.4,0.0,0.6,0.36684711937091224
truthfulqa_267_best,truthfulqa,0,5,0.9907036563602561,0.0006205221797066269,0.008675821460037276,1.0,0.0,0.0,0.004958432909725265
truthfulqa_233_inc_4,truthfulqa,1,5,0.8783857697453229,0.07585762072654749,0.04575660952812978,1.0,0.0,0.0,0.09873592549061239
truthfulqa_514_inc_1,truthfulqa,1,5,0.15083669359543014,0.0033627638511202875,0.8458005425534495,0.1,0.0,0.9,0.426263035127845
truthfulqa_78_inc_1,truthfulqa,1,5,0.3370365170509313,0.05392070515249222,0.6090427777965765,0.1,0.0,0.9,0.3584420940507804
truthfulqa_426_inc_0,truthfulqa,1,5,0.9691695740698381,0.004287949573406011,0.026542476356755877,1.0,0.0,0.0,0.01755918775178395
truthfulqa_380_inc_3,truthfulqa,1,5,0.11636529381521503,0.24652148092369855,0.6371132252610865,0.0,0.2,0.8,0.5650780935542418
truthfulqa_173_inc_1,truthfulqa,1,5,0.971007502874025,0.0010371205296548138,0.02795537659632017,1.0,0.0,0.0,0.0150148088278149
truthfulqa_351_inc_0,truthfulqa,1,5,0.12568473868449653,0.11140422309693468,0.7629110382185689,0.1,0.1,0.8,0.4928597422062191
fever_42215,fever,1,5,0.9893136268995002,0.0008214721013142112,0.009864900999185685,1.0,0.0,0.0,0.005753922600907054
fever_154608,fever,1,5,0.983333747461247,0.00034211007799295456,0.016324142460760027,1.0,0.0,0.0,0.008504181308372967
fever_121431,fever,1,5,0.6294241090120447,0.0011381859438065825,0.3694377050441485,0.6,0.0,0.4,0.18585703846588084
fever_38940,fever,1,5,0.9826993441391535,0.00042328314591742776,0.01687737271492914,1.0,0.0,0.0,0.008861969503381997
fever_29577,fever,0,5,0.983333747461247,0.00034211007799295456,0.016324142460760027,1.0,0.0,0.0,0.008504181308372967
fever_94829,fever,1,5,0.27765967900955524,0.35688875701776357,0.3654515639726813,0.2,0.4,0.4,0.5396145390041043
fever_109036,fever,1,5,0.983333747461247,0.00034211007799295456,0.016324142460760027,1.0,0.0,0.0,0.008504181308372967
fever_35914,fever,1,5,0.735318759130141,0.014642586052968906,0.2500386548168903,0.6,0.0,0.4,0.13966191346141404
fever_208149,fever,1,5,0.9826993441391535,0.00042328314591742776,0.01687737271492914,1.0,0.0,0.0,0.008861969503381997
fever_17376,fever,0,5,0.983333747461247,0.00034211007799295456,0.016324142460760027,1.0,0.0,0.0,0.008504181308372967
fever_178225,fever,1,5,0.7968202067758535,0.0007169165494001565,0.20246287667474644,0.9,0.0,0.1,0.10194835488677338
fever_155476,fever,0,5,0.983333747461247,0.00034211007799295456,0.016324142460760027,1.0,0.0,0.0,0.008504181308372967
fever_102161,fever,1,5,0.6076598983139072,0.021513324123743828,0.37082677756234894,0.4,0.0,0.6,0.2069267129049183
fever_149042,fever,1,5,0.9884059901986977,0.0010228396164774216,0.010571170184824868,1.0,0.0,0.0,0.006308424708889856
fever_27279,fever,1,5,0.6993965221104687,0.001100018966611271,0.2995034589229201,1.0,0.0,0.0,0.1508517484280713
fever_103118,fever,1,5,0.10073124168100815,0.8941363766279158,0.005132381691076158,0.1,0.9,0.0,0.8967025674734539
fever_96576,fever,0,5,0.983333747461247,0.00034211007799295456,0.016324142460760027,1.0,0.0,0.0,0.008504181308372967
fever_39716,fever,1,5,0.5156973661488968,0.2892985547858065,0.1950040790652967,0.7,0.3,0.0,0.38680059431845487
fever_140337,fever,1,5,0.983333747461247,0.00034211007799295456,0.016324142460760027,1.0,0.0,0.0,0.008504181308372967
fever_5950,fever,0,5,0.9738543625139258,0.00037447235177245767,0.025771165134301922,1.0,0.0,0.0,0.013260054918923419
fever_68000,fever,1,5,0.6020287055826863,0.003199718225485328,0.39477157619182834,0.4,0.0,0.6,0.2005855063213995
fever_96271,fever,0,5,0.6741145606687836,0.0019231477514314508,0.32396229157978507,0.4,0.0,0.6,0.163904293541324
fever_57008,fever,0,5,0.6853440561896266,0.00922095341369562,0.3054349903966778,0.4,0.0,0.6,0.16193844861203452
fever_91371,fever,1,5,0.6932551392382363,0.0011759427444453252,0.30556891801731834,0.4,0.0,0.6,0.1539604017531045
fever_171597,fever,0,5,0.6268906746427516,0.07680354572453252,0.2963057796327157,0.6,0.0,0.4,0.22495643554089037
fever_48242,fever,0,5,0.45193372281454725,0.0026865989045828163,0.54537967828087,0.2,0.0,0.8,0.2753764380450178
fever_125533,fever,0,5,0.8908743345758492,0.015544117716842859,0.09358154770730803,1.0,0.0,0.0,0.062334891570496875
fever_224569,fever,1,5,0.18606250952603684,0.38988130026797146,0.4240561902059917,0.2,0.4,0.4,0.6019093953709673
fever_36829,fever,1,5,0.983333747461247,0.00034211007799295456,0.016324142460760027,1.0,0.0,0.0,0.008504181308372967
fever_25521,fever,1,5,0.30222791723492615,0.47451554489138204,0.22325653787369185,0.3,0.5,0.2,0.586143813828228
fever_7639,fever,0,5,0.7790459946051829,0.0030251013212187214,0.21792890407359847,0.6,0.0,0.4,0.11198955335801795
fever_27301,fever,0,5,0.983333747461247,0.00034211007799295456,0.016324142460760027,1.0,0.0,0.0,0.008504181308372967
fever_215506,fever,1,5,0.09841792385091366,0.853691394735858,0.047890681413228456,0.1,0.9,0.0,0.8776367354424722
fever_183460,fever,0,5,0.9868766945775173,0.008090597278408064,0.005032708144074863,1.0,0.0,0.0,0.010606951350445495
fever_134344,fever,0,5,0.5811379598545031,0.0017275482642042522,0.41713449188129265,0.8,0.0,0.2,0.2102947942048506
fever_43535,fever,0,5,0.983333747461247,0.00034211007799295456,0.016324142460760027,1.0,0.0,0.0,0.008504181308372967
fever_194466,fever,1,5,0.6063370444507992,0.021433686313638994,0.3722292692355618,0.4,0.0,0.6,0.2075483209314199
fever_216365,fever,1,5,0.37198262112154207,0.010142839916760902,0.617874538961697,0.1,0.0,0.9,0.3190801093976094
fever_181630,fever,1,5,0.9763708980758391,0.006619060144496644,0.017010041779664396,1.0,0.0,0.0,0.015124081034328843
fever_65047,fever,0,5,0.983333747461247,0.00034211007799295456,0.016324142460760027,1.0,0.0,0.0,0.008504181308372967
fever_28702,fever,0,5,0.983333747461247,0.00034211007799295456,0.016324142460760027,1.0,0.0,0.0,0.008504181308372967
fever_149033,fever,0,5,0.4656983060458342,0.13543908346466696,0.3988626104894989,0.3,0.1,0.6,0.33487038870941643
fever_16378,fever,0,5,0.983333747461247,0.00034211007799295456,0.016324142460760027,1.0,0.0,0.0,0.008504181308372967
fever_202759,fever,1,5,0.2710738860436982,0.3914635514098647,0.3374625625464371,0.1,0.3,0.6,0.5601948326830832
fever_40417,fever,0,5,0.5899320500173456,0.39124556982940817,0.018822380153246325,0.6,0.4,0.0,0.40065675990603133
fever_131529,fever,0,5,0.9826993441391535,0.00042328314591742776,0.01687737271492914,1.0,0.0,0.0,0.008861969503381997
fever_36849,fever,1,5,0.03709189820523943,0.4181410447479377,0.5447670570468229,0.0,0.4,0.6,0.6905245732713492
fever_146157,fever,1,5,0.681464805241505,0.007098172741823616,0.3114370220166714,0.4,0.0,0.6,0.1628166837501593
fever_44864,fever,0,5,0.7051643610313377,0.07731747580463443,0.217518163164028,0.6,0.0,0.4,0.1860765573866484
fever_104617,fever,1,5,0.5299872790318609,0.0110910038322516,0.4589217171358874,0.3,0.0,0.7,0.2405518624001953
fever_42343,fever,1,5,0.7928430580292114,0.0023518204588255827,0.20480512151196306,0.6,0.0,0.4,0.10475438121480711
fever_128551,fever,1,5,0.9826993441391535,0.00042328314591742776,0.01687737271492914,1.0,0.0,0.0,0.008861969503381997
fever_140044,fever,0,5,0.983333747461247,0.00034211007799295456,0.016324142460760027,1.0,0.0,0.0,0.008504181308372967
fever_148152,fever,1,5,0.990936748065781,0.0006066359798262754,0.008456615954392626,1.0,0.0,0.0,0.004834943957022588
fever_41786,fever,0,5,0.983333747461247,0.00034211007799295456,0.016324142460760027,1.0,0.0,0.0,0.008504181308372967
fever_174987,fever,0,5,0.9826993441391535,0.00042328314591742776,0.01687737271492914,1.0,0.0,0.0,0.008861969503381997
fever_124295,fever,1,5,0.31046282600919795,0.5199713962082616,0.1695657777825404,0.3,0.6,0.1,0.6047542850995318
fever_45581,fever,0,5,0.983333747461247,0.00034211007799295456,0.016324142460760027,1.0,0.0,0.0,0.008504181308372967
fever_57259,fever,0,5,0.983333747461247,0.00034211007799295456,0.016324142460760027,1.0,0.0,0.0,0.008504181308372967
fever_42397,fever,1,5,0.9893136268995002,0.0008214721013142112,0.009864900999185685,1.0,0.0,0.0,0.005753922600907054
fever_208413,fever,0,5,0.1057885677448791,0.28420676649286913,0.6100046657622518,0.0,0.3,0.7,0.589209099373995
fever_164092,fever,0,5,0.983333747461247,0.00034211007799295456,0.016324142460760027,1.0,0.0,0.0,0.008504181308372967
fever_136914,fever,1,5,0.9917554700719815,0.0009727899210542559,0.007271740006964127,1.0,0.0,0.0,0.004608659924536319
fever_27416,fever,0,5,0.983333747461247,0.00034211007799295456,0.016324142460760027,1.0,0.0,0.0,0.008504181308372967
fever_178158,fever,1,5,0.6010265517892822,0.3879917681274205,0.01098168008329739,0.6,0.4,0.0,0.39348260816906916
fever_129878,fever,1,5,0.5943154542505865,0.3740977387598641,0.031586806989549486,0.6,0.4,0.0,0.38989114225463883
fever_14286,fever,1,5,0.10916248924023701,0.13435178823243052,0.7564857225273325,0.1,0.1,0.8,0.5125946494960968
fever_164403,fever,1,5,0.9893136268995002,0.0008214721013142112,0.009864900999185685,1.0,0.0,0.0,0.005753922600907054
fever_14901,fever,0,5,0.983333747461247,0.00034211007799295456,0.016324142460760027,1.0,0.0,0.0,0.008504181308372967
fever_56559,fever,1,5,0.9826993441391535,0.00042328314591742776,0.01687737271492914,1.0,0.0,0.0,0.008861969503381997
fever_194761,fever,0,5,0.983333747461247,0.00034211007799295456,0.016324142460760027,1.0,0.0,0.0,0.008504181308372967
fever_174615,fever,0,5,0.6791647771689523,0.001865727693976011,0.3189694951370717,0.4,0.0,0.6,0.16135047526251184
fever_180574,fever,1,5,0.9826993441391535,0.00042328314591742776,0.01687737271492914,1.0,0.0,0.0,0.008861969503381997
fever_217102,fever,1,5,0.9826993441391535,0.00042328314591742776,0.01687737271492914,1.0,0.0,0.0,0.008861969503381997
fever_138377,fever,0,5,0.983333747461247,0.00034211007799295456,0.016324142460760027,1.0,0.0,0.0,0.008504181308372967
fever_140820,fever,0,5,0.983333747461247,0.00034211007799295456,0.016324142460760027,1.0,0.0,0.0,0.008504181308372967
fever_106209,fever,1,5,0.9826993441391535,0.00042328314591742776,0.01687737271492914,1.0,0.0,0.0,0.008861969503381997
fever_143533,fever,0,5,0.983333747461247,0.00034211007799295456,0.016324142460760027,1.0,0.0,0.0,0.008504181308372967
fever_92447,fever,1,5,0.21846855286495243,0.30368401806973366,0.47784742906531397,0.0,0.4,0.6,0.5426077326023906
fever_219285,fever,0,5,0.9889058303591689,0.0011579920860981818,0.009936177554732962,1.0,0.0,0.0,0.0061260808634646625
fever_12403,fever,1,5,0.983333747461247,0.00034211007799295456,0.016324142460760027,1.0,0.0,0.0,0.008504181308372967
fever_74035,fever,0,5,0.983333747461247,0.00034211007799295456,0.016324142460760027,1.0,0.0,0.0,0.008504181308372967
fever_52751,fever,0,5,0.983333747461247,0.00034211007799295456,0.016324142460760027,1.0,0.0,0.0,0.008504181308372967
fever_174030,fever,0,5,0.983333747461247,0.00034211007799295456,0.016324142460760027,1.0,0.0,0.0,0.008504181308372967
fever_110652,fever,0,5,0.27280090345928076,0.6246529706931715,0.10254612584754771,0.3,0.7,0.0,0.6759260336169454
fever_101008,fever,1,5,0.7789891289305743,0.002579201129364872,0.21843166994006097,0.6,0.0,0.4,0.11179503609939535
fever_39664,fever,1,5,0.9826993441391535,0.00042328314591742776,0.01687737271492914,1.0,0.0,0.0,0.008861969503381997
fever_181185,fever,1,5,0.9826993441391535,0.00042328314591742776,0.01687737271492914,1.0,0.0,0.0,0.008861969503381997
fever_129460,fever,1,5,0.9826993441391535,0.00042328314591742776,0.01687737271492914,1.0,0.0,0.0,0.008861969503381997
fever_194456,fever,0,5,0.983333747461247,0.00034211007799295456,0.016324142460760027,1.0,0.0,0.0,0.008504181308372967
fever_14113,fever,0,5,0.6853804576997474,0.003979855433023631,0.310639686867229,0.4,0.0,0.6,0.1592996988666381
fever_48275,fever,0,5,0.6681418278647028,0.002184902195162223,0.329673269940135,0.4,0.0,0.6,0.16702153716522974
fever_132524,fever,1,5,0.9893136268995002,0.0008214721013142112,0.009864900999185685,1.0,0.0,0.0,0.005753922600907054
fever_78514,fever,0,5,0.22192322739016784,0.04474165512686514,0.733335117482967,0.1,0.0,0.9,0.4114092138683486
fever_135552,fever,1,5,0.599919365484624,0.005270971142042792,0.39480966337333323,0.4,0.0,0.6,0.2026758028287094
fever_18614,fever,0,5,0.983333747461247,0.00034211007799295456,0.016324142460760027,1.0,0.0,0.0,0.008504181308372967
fever_157641,fever,1,5,0.5879910788623993,0.0033828105707736393,0.4086261105668269,0.3,0.0,0.7,0.2076958658541871
fever_131576,fever,0,5,0.983333747461247,0.00034211007799295456,0.016324142460760027,1.0,0.0,0.0,0.008504181308372967
fever_173118,fever,0,5,0.34043127707369325,0.13772396758697905,0.5218447553393278,0.3,0.1,0.6,0.398646345256643
fever_194793,fever,1,5,0.9826993441391535,0.00042328314591742776,0.01687737271492914,1.0,0.0,0.0,0.008861969503381997
fever_199276,fever,1,5,0.9826993441391535,0.00042328314591742776,0.01687737271492914,1.0,0.0,0.0,0.008861969503381997
fever_61771,fever,0,5,0.983333747461247,0.00034211007799295456,0.016324142460760027,1.0,0.0,0.0,0.008504181308372967
fever_116446,fever,1,5,0.9826993441391535,0.00042328314591742776,0.01687737271492914,1.0,0.0,0.0,0.008861969503381997
fever_134997,fever,0,5,0.983333747461247,0.00034211007799295456,0.016324142460760027,1.0,0.0,0.0,0.008504181308372967
fever_170398,fever,1,5,0.1828357046540498,0.4791524464621542,0.338011848883796,0.1,0.4,0.5,0.6481583709040522
fever_99654,fever,1,5,0.983333747461247,0.00034211007799295456,0.016324142460760027,1.0,0.0,0.0,0.008504181308372967
fever_91798,fever,1,5,0.5942035025695754,0.38641386294995306,0.01938263448047144,0.6,0.4,0.0,0.39610518019018875
fever_193911,fever,1,5,0.5488417126466609,0.0013180285326652324,0.4498402588206738,0.7,0.0,0.3,0.22623815794300214
fever_150412,fever,0,5,0.9921882128801208,0.0005525550965727753,0.0072592320233063655,1.0,0.0,0.0,0.004182171108225958
fever_220958,fever,1,5,0.6307033240627209,0.0036583221416819495,0.36563835379559706,0.3,0.0,0.7,0.18647749903948047
fever_34507,fever,1,5,0.9826993441391535,0.00042328314591742776,0.01687737271492914,1.0,0.0,0.0,0.008861969503381997
fever_129171,fever,1,5,0.983333747461247,0.00034211007799295456,0.016324142460760027,1.0,0.0,0.0,0.008504181308372967
fever_55432,fever,1,5,0.9826993441391535,0.00042328314591742776,0.01687737271492914,1.0,0.0,0.0,0.008861969503381997
fever_216777,fever,1,5,0.5090013996220786,0.057049553194336876,0.43394904718358457,0.3,0.0,0.7,0.27402407678612917
fever_203011,fever,0,5,0.3859183735463663,0.16993018517830336,0.44415144127533035,0.3,0.3,0.4,0.3920059058159685
fever_10118,fever,0,5,0.983333747461247,0.00034211007799295456,0.016324142460760027,1.0,0.0,0.0,0.008504181308372967
fever_72585,fever,0,5,0.008613782232851946,0.8004482850088463,0.19093793275830176,0.0,0.8,0.2,0.8959172513879973
fever_62924,fever,1,5,0.5951753361932023,0.0013310148614262992,0.4034936489453715,0.2,0.0,0.8,0.20307783933411205
fever_41452,fever,1,5,0.9826993441391535,0.00042328314591742776,0.01687737271492914,1.0,0.0,0.0,0.008861969503381997
fever_92509,fever,0,5,0.983333747461247,0.00034211007799295456,0.016324142460760027,1.0,0.0,0.0,0.008504181308372967
fever_81305,fever,1,5,0.9826993441391535,0.00042328314591742776,0.01687737271492914,1.0,0.0,0.0,0.008861969503381997
fever_44383,fever,0,5,0.983333747461247,0.00034211007799295456,0.016324142460760027,1.0,0.0,0.0,0.008504181308372967
fever_128332,fever,1,5,0.657332624791473,0.09333907292199166,0.24932830228653535,0.9,0.1,0.0,0.21800322406525935
fever_101618,fever,0,5,0.983333747461247,0.00034211007799295456,0.016324142460760027,1.0,0.0,0.0,0.008504181308372967
fever_63521,fever,0,5,0.6116363936503012,0.006531387730948105,0.3818322186187507,0.4,0.0,0.6,0.19744749704032347
fever_82355,fever,1,5,0.8440191253627193,0.003085842622587783,0.1528950320146931,1.0,0.0,0.0,0.07953335862993433
fever_78175,fever,1,5,0.9826993441391535,0.00042328314591742776,0.01687737271492914,1.0,0.0,0.0,0.008861969503381997
fever_93878,fever,0,5,0.5869710131487299,0.10016095053930436,0.31286803631196586,0.3,0.1,0.6,0.2565949686952873
fever_32505,fever,1,5,0.983333747461247,0.00034211007799295456,0.016324142460760027,1.0,0.0,0.0,0.008504181308372967
fever_192858,fever,1,5,0.9826993441391535,0.00042328314591742776,0.01687737271492914,1.0,0.0,0.0,0.008861969503381997
fever_117374,fever,1,5,0.9826993441391535,0.00042328314591742776,0.01687737271492914,1.0,0.0,0.0,0.008861969503381997
fever_63885,fever,1,5,0.983333747461247,0.00034211007799295456,0.016324142460760027,1.0,0.0,0.0,0.008504181308372967
fever_211851,fever,0,5,0.49069800230815985,0.010398649133813616,0.4989033485580265,0.5,0.0,0.5,0.2598503234128269
fever_76076,fever,1,5,0.201984898654197,0.0020581674225413345,0.7959569339232617,0.1,0.0,0.9,0.4000366343841722
fever_7877,fever,1,5,0.9826993441391535,0.00042328314591742776,0.01687737271492914,1.0,0.0,0.0,0.008861969503381997
fever_96128,fever,0,5,0.6375885618093957,0.030913411529476974,0.3314980266611273,0.4,0.0,0.6,0.19666242486004062
fever_192595,fever,0,5,0.983333747461247,0.00034211007799295456,0.016324142460760027,1.0,0.0,0.0,0.008504181308372967
fever_14820,fever,0,5,0.9908227125625025,0.0005748143360680801,0.008602473101429423,1.0,0.0,0.0,0.004876050886782792
fever_132312,fever,0,5,0.2507336929056251,0.13463949707313774,0.6146268100212372,0.0,0.2,0.8,0.44195290208375637
fever_11146,fever,0,5,0.983333747461247,0.00034211007799295456,0.016324142460760027,1.0,0.0,0.0,0.008504181308372967
fever_94500,fever,0,5,0.5656369913096635,0.001651505368211537,0.4327115033221249,0.3,0.0,0.7,0.21800725702927398
fever_128807,fever,0,5,0.20739449934455095,0.3034549862869536,0.4891505143684955,0.0,0.3,0.7,0.5480302434712013
fever_177172,fever,1,5,0.10517383001574232,0.01650619864025956,0.8783199713439981,0.0,0.0,1.0,0.4556661843122586
fever_25520,fever,0,5,0.9891923311072015,0.0006178372909585139,0.01018983160184014,1.0,0.0,0.0,0.005712753091878584
fever_172104,fever,1,5,0.10026150110382033,0.8941007804139105,0.00563771848226917,0.1,0.9,0.0,0.8969196396550451
fever_162836,fever,1,5,0.9826993441391535,0.00042328314591742776,0.01687737271492914,1.0,0.0,0.0,0.008861969503381997
fever_89450,fever,1,5,0.9826993441391535,0.00042328314591742776,0.01687737271492914,1.0,0.0,0.0,0.008861969503381997
fever_115143,fever,0,5,0.983333747461247,0.00034211007799295456,0.016324142460760027,1.0,0.0,0.0,0.008504181308372967
fever_118126,fever,1,5,0.9826993441391535,0.00042328314591742776,0.01687737271492914,1.0,0.0,0.0,0.008861969503381997
fever_225295,fever,0,5,0.983333747461247,0.00034211007799295456,0.016324142460760027,1.0,0.0,0.0,0.008504181308372967
fever_17628,fever,1,5,0.9893136268995002,0.0008214721013142112,0.009864900999185685,1.0,0.0,0.0,0.005753922600907054
fever_182283,fever,0,5,0.983333747461247,0.00034211007799295456,0.016324142460760027,1.0,0.0,0.0,0.008504181308372967
fever_187577,fever,1,5,0.47628146132289845,0.06203978531500711,0.46167875336209435,0.2,0.0,0.8,0.2928791619960543
fever_6833,fever,0,5,0.9826993441391535,0.00042328314591742776,0.01687737271492914,1.0,0.0,0.0,0.008861969503381997
fever_105361,fever,1,5,0.27276319885667105,0.0529662381303461,0.6742705630129828,0.3,0.0,0.7,0.39010151963683753
fever_160052,fever,0,5,0.759518899397011,0.008847341102259468,0.23163375950072954,0.6,0.0,0.4,0.12466422085262424
fever_11539,fever,0,5,0.983333747461247,0.00034211007799295456,0.016324142460760027,1.0,0.0,0.0,0.008504181308372967
fever_126916,fever,1,5,0.983333747461247,0.00034211007799295456,0.016324142460760027,1.0,0.0,0.0,0.008504181308372967
fever_101604,fever,0,5,0.32336737577884406,0.47615883003893755,0.20047379418221847,0.3,0.5,0.2,0.5763957271300468
fever_227350,fever,1,5,0.7909149058947256,0.0024612558914326966,0.20662383821384167,0.6,0.0,0.4,0.10577317499835354
fever_167171,fever,1,5,0.983333747461247,0.00034211007799295456,0.016324142460760027,1.0,0.0,0.0,0.008504181308372967
fever_44397,fever,1,5,0.983333747461247,0.00034211007799295456,0.016324142460760027,1.0,0.0,0.0,0.008504181308372967
fever_124723,fever,1,5,0.5072021719489914,0.019351783055941547,0.4734460449950671,0.3,0.0,0.7,0.2560748055534751
fever_9075,fever,1,5,0.556769175931559,0.007783999208632245,0.435446824859809,0.4,0.0,0.6,0.22550741163853674
fever_69035,fever,1,5,0.7800859400585705,0.002663425050393036,0.21725063489103644,0.6,0.0,0.4,0.11128874249591125
fever_192709,fever,1,5,0.9826993441391535,0.00042328314591742776,0.01687737271492914,1.0,0.0,0.0,0.008861969503381997
fever_162206,fever,0,5,0.983333747461247,0.00034211007799295456,0.016324142460760027,1.0,0.0,0.0,0.008504181308372967
fever_217669,fever,1,5,0.23480186295225605,0.1875356748658312,0.5776624621819128,0.1,0.1,0.8,0.47636690595678755
fever_42998,fever,0,5,0.7313500591639733,0.014403718091128021,0.2542462227448987,0.6,0.0,0.4,0.1415268294635774
fever_29675,fever,0,5,0.983333747461247,0.00034211007799295456,0.016324142460760027,1.0,0.0,0.0,0.008504181308372967
fever_112592,fever,0,5,0.983333747461247,0.00034211007799295456,0.016324142460760027,1.0,0.0,0.0,0.008504181308372967
fever_159093,fever,0,5,0.983333747461247,0.00034211007799295456,0.016324142460760027,1.0,0.0,0.0,0.008504181308372967
fever_220449,fever,0,5,0.47691685828425545,0.0006832805707717152,0.5223998611449728,0.5,0.0,0.5,0.26188321114325813
fever_37749,fever,1,5,0.6809127228245753,0.0022221213671875083,0.3168651558082372,0.4,0.0,0.6,0.1606546992713061
fever_177958,fever,0,5,0.983333747461247,0.00034211007799295456,0.016324142460760027,1.0,0.0,0.0,0.008504181308372967
fever_187222,fever,0,5,0.7729853525356687,0.004315526003026529,0.22269912146130483,0.6,0.0,0.4,0.11566508673367894
fever_33982,fever,0,5,0.9826993441391535,0.00042328314591742776,0.01687737271492914,1.0,0.0,0.0,0.008861969503381997
fever_14328,fever,0,5,0.739349712048051,0.0037162011099130575,0.2569340868420361,1.0,0.0,0.0,0.1321832445309311
fever_143003,fever,1,5,0.10717532819174085,0.8151623825585208,0.07766228924973824,0.1,0.9,0.0,0.8539935271833899
fever_93823,fever,1,5,0.9826993441391535,0.00042328314591742776,0.01687737271492914,1.0,0.0,0.0,0.008861969503381997
fever_73756,fever,0,5,0.9826993441391535,0.00042328314591742776,0.01687737271492914,1.0,0.0,0.0,0.008861969503381997
fever_147952,fever,1,5,0.983333747461247,0.00034211007799295456,0.016324142460760027,1.0,0.0,0.0,0.008504181308372967
fever_69663,fever,0,5,0.4907503928563184,0.005649559769639527,0.5036000473740421,0.4,0.0,0.6,0.2574495834566606
fever_20060,fever,1,5,0.9826993441391535,0.00042328314591742776,0.01687737271492914,1.0,0.0,0.0,0.008861969503381997
fever_111138,fever,1,5,0.9826993441391535,0.00042328314591742776,0.01687737271492914,1.0,0.0,0.0,0.008861969503381997
fever_204631,fever,0,5,0.983333747461247,0.00034211007799295456,0.016324142460760027,1.0,0.0,0.0,0.008504181308372967
fever_70385,fever,0,5,0.44779886687030074,0.05532679096425107,0.4968743421654481,0.1,0.0,0.9,0.30376396204697514
fever_57507,fever,0,5,0.983333747461247,0.00034211007799295456,0.016324142460760027,1.0,0.0,0.0,0.008504181308372967
fever_223707,fever,1,5,0.79326582167215,0.0017948668362624807,0.20493931149158745,0.6,0.0,0.4,0.10426452258205621
fever_89163,fever,1,5,0.9826993441391535,0.00042328314591742776,0.01687737271492914,1.0,0.0,0.0,0.008861969503381997
fever_145470,fever,1,5,0.9905580850109083,0.0007990543357719144,0.008642860653319897,1.0,0.0,0.0,0.005120484662431863
fever_81778,fever,1,5,0.6397427118747696,0.006906401201441719,0.35335088692378863,0.6,0.0,0.4,0.18358184466333605
fever_126963,fever,1,5,0.983333747461247,0.00034211007799295456,0.016324142460760027,1.0,0.0,0.0,0.008504181308372967
fever_116424,fever,0,5,0.9826993441391535,0.00042328314591742776,0.01687737271492914,1.0,0.0,0.0,0.008861969503381997
fever_64029,fever,0,5,0.983333747461247,0.00034211007799295456,0.016324142460760027,1.0,0.0,0.0,0.008504181308372967
fever_94136,fever,0,5,0.9826993441391535,0.00042328314591742776,0.01687737271492914,1.0,0.0,0.0,0.008861969503381997
fever_104930,fever,0,5,0.9826993441391535,0.00042328314591742776,0.01687737271492914,1.0,0.0,0.0,0.008861969503381997
fever_211013,fever,0,5,0.983333747461247,0.00034211007799295456,0.016324142460760027,1.0,0.0,0.0,0.008504181308372967
fever_140580,fever,1,5,0.7806475323068772,0.0016358492779275223,0.2177166184151952,0.6,0.0,0.4,0.11049415848552513
fever_92587,fever,0,5,0.07420810295059285,0.13689937947050226,0.7888925175789049,0.0,0.0,1.0,0.5313456382599547
fever_197340,fever,0,5,0.19202781528381935,0.32729176868402654,0.48068041603215417,0.3,0.4,0.3,0.5676319767001037
fever_143788,fever,1,5,0.9745297913222271,0.0003773561952479391,0.025092852482525185,1.0,0.0,0.0,0.012923782436510533
fever_175464,fever,1,5,0.99245228263486,0.0006943133549462239,0.006853404010193723,1.0,0.0,0.0,0.004121015360043085
fever_139967,fever,1,5,0.5680290151363119,0.005198067775877398,0.42677291708781073,0.7,0.0,0.3,0.21858452631978276
fever_36207,fever,1,5,0.4453423696936986,0.3895365412497179,0.1651210890565834,0.3,0.4,0.3,0.47209708577800963
fever_204653,fever,1,5,0.4614427952191334,0.012503698812812002,0.5260535059680547,0.2,0.0,0.8,0.2755304517968393
fever_65634,fever,0,5,0.7765983755202741,0.0006375031282549435,0.222764121351471,0.6,0.0,0.4,0.11201956380399045
fever_120836,fever,1,5,0.34750328209096565,0.10029373493044536,0.552202982978589,0.1,0.1,0.8,0.3763952264197399
fever_226848,fever,0,5,0.19084677300742633,0.744404309012032,0.06474891798054166,0.1,0.9,0.0,0.7767787680023028
fever_225301,fever,1,5,0.983333747461247,0.00034211007799295456,0.016324142460760027,1.0,0.0,0.0,0.008504181308372967
fever_220288,fever,0,5,0.3810941623380462,0.011883630999614092,0.6070222066623396,0.2,0.0,0.8,0.3153947343307839
fever_98711,fever,0,5,0.5957418000507146,0.23377049443619669,0.17048770551308862,0.6,0.4,0.0,0.319014347192741
fever_15005,fever,1,5,0.9826993441391535,0.00042328314591742776,0.01687737271492914,1.0,0.0,0.0,0.008861969503381997
fever_46883,fever,1,5,0.7809044753180758,0.002769437984820858,0.21632608669710324,0.6,0.0,0.4,0.11093248133337248
fever_27897,fever,1,5,0.20943095536526596,0.768911535921287,0.021657508713447092,0.2,0.8,0.0,0.7797402902780106
fever_101528,fever,0,5,0.7752518320952628,0.0015398851131941248,0.2232082827915431,0.6,0.0,0.4,0.11314402650896567
fever_203002,fever,1,5,0.9826993441391535,0.00042328314591742776,0.01687737271492914,1.0,0.0,0.0,0.008861969503381997
fever_143157,fever,0,5,0.0018267415527310471,0.8641360602232426,0.13403719822402627,0.0,0.9,0.1,0.9311546593352558
fever_29544,fever,1,5,0.9826993441391535,0.00042328314591742776,0.01687737271492914,1.0,0.0,0.0,0.008861969503381997
fever_170004,fever,1,5,0.9826993441391535,0.00042328314591742776,0.01687737271492914,1.0,0.0,0.0,0.008861969503381997
fever_185389,fever,0,5,0.983333747461247,0.00034211007799295456,0.016324142460760027,1.0,0.0,0.0,0.008504181308372967
fever_31852,fever,1,5,0.9911389979961772,0.0006734783263041687,0.008187523677518639,1.0,0.0,0.0,0.004767240165063488
fever_188579,fever,1,5,0.983333747461247,0.00034211007799295456,0.016324142460760027,1.0,0.0,0.0,0.008504181308372967
fever_201574,fever,0,5,0.983333747461247,0.00034211007799295456,0.016324142460760027,1.0,0.0,0.0,0.008504181308372967
fever_3210,fever,1,5,0.983333747461247,0.00034211007799295456,0.016324142460760027,1.0,0.0,0.0,0.008504181308372967
fever_131163,fever,0,5,0.6267600147309482,0.005713043408674417,0.36752694186037743,0.3,0.0,0.7,0.18947651433886314
fever_120759,fever,1,5,0.9826993441391535,0.00042328314591742776,0.01687737271492914,1.0,0.0,0.0,0.008861969503381997
fever_172302,fever,0,5,0.983333747461247,0.00034211007799295456,0.016324142460760027,1.0,0.0,0.0,0.008504181308372967
fever_75702,fever,1,5,0.5939241733537998,0.1011765056003517,0.30489932104584855,0.3,0.1,0.6,0.253626166123276
fever_33839,fever,1,5,0.9826993441391535,0.00042328314591742776,0.01687737271492914,1.0,0.0,0.0,0.008861969503381997
fever_147427,fever,0,5,0.4947643294202565,0.010113180954445878,0.4951224896252976,0.3,0.0,0.7,0.25767442576709465
fever_188652,fever,1,5,0.9826993441391535,0.00042328314591742776,0.01687737271492914,1.0,0.0,0.0,0.008861969503381997
fever_144293,fever,0,5,0.983333747461247,0.00034211007799295456,0.016324142460760027,1.0,0.0,0.0,0.008504181308372967
fever_15819,fever,1,5,0.983333747461247,0.00034211007799295456,0.016324142460760027,1.0,0.0,0.0,0.008504181308372967
fever_53197,fever,0,5,0.9564908410987355,0.0038190614064174235,0.039690097494847136,1.0,0.0,0.0,0.02366411015384099
fever_168042,fever,0,5,0.3893608771344129,0.25310524841199544,0.3575338744535915,0.1,0.3,0.6,0.4318721856387912
fever_35833,fever,0,5,0.7783792495650927,0.0024971551166029743,0.21912359531830425,0.6,0.0,0.4,0.1120589527757551
fever_170403,fever,1,5,0.9826993441391535,0.00042328314591742776,0.01687737271492914,1.0,0.0,0.0,0.008861969503381997
fever_121362,fever,0,5,0.13923842856692853,0.25167875755825414,0.6090828138748172,0.0,0.2,0.8,0.5562201644956628
fever_45109,fever,0,5,0.5822144050841485,0.001961462203825599,0.41582413271202573,0.3,0.0,0.7,0.20987352855983846
fever_204342,fever,0,5,0.15280366680287685,0.02026164481202533,0.8269346883850979,0.1,0.0,0.9,0.43372898900457424
fever_183502,fever,0,5,0.7194084842210146,0.0008225500943038512,0.2797689656846817,1.0,0.0,0.0,0.1407070329366447
fever_201602,fever,1,5,0.9826993441391535,0.00042328314591742776,0.01687737271492914,1.0,0.0,0.0,0.008861969503381997
fever_32338,fever,1,5,0.9826993441391535,0.00042328314591742776,0.01687737271492914,1.0,0.0,0.0,0.008861969503381997
fever_113341,fever,0,5,0.0010355909398833234,0.9463005570377412,0.05266385202237546,0.0,1.0,0.0,0.9726324830489289
fever_228063,fever,0,5,0.7886795673974782,0.010650801257984194,0.20066963134453752,0.6,0.0,0.4,0.11098561693025295
fever_159694,fever,0,5,0.7841755960007222,0.0034258330756791883,0.21239857092359865,0.6,0.0,0.4,0.10962511853747851
fever_137825,fever,0,5,0.983333747461247,0.00034211007799295456,0.016324142460760027,1.0,0.0,0.0,0.008504181308372967
fever_72560,fever,0,5,0.5642694069892891,0.0006387243521753947,0.43509186865853555,0.6,0.0,0.4,0.21818465868144318
fever_99696,fever,0,5,0.6889992906530616,0.008504714318630887,0.30249599502830743,0.4,0.0,0.6,0.1597527118327846
fever_34357,fever,0,5,0.6866145913018962,0.0012952300618053784,0.31209017863629845,0.4,0.0,0.6,0.1573403193799546
fever_178896,fever,1,5,0.8010423661410357,0.0014336791968244202,0.19752395466213973,1.0,0.0,0.0,0.10019565652789429
fever_123100,fever,1,5,0.38106013191489546,0.0031096057771765246,0.6158302623079281,0.3,0.0,0.7,0.3110247369311406
fever_113032,fever,1,5,0.31426261796616994,0.0020099431510104617,0.6837274388828197,0.0,0.0,1.0,0.3438736625924203
fever_156816,fever,0,5,0.983333747461247,0.00034211007799295456,0.016324142460760027,1.0,0.0,0.0,0.008504181308372967
fever_138435,fever,0,5,0.5112033574078934,0.0025591366777430783,0.4862375059143636,0.6,0.0,0.4,0.24567788963492487
fever_75957,fever,1,5,0.735318759130141,0.014642586052968903,0.2500386548168903,0.6,0.0,0.4,0.13966191346141404
fever_123833,fever,1,5,0.8115895849357205,0.0011358945663921933,0.18727452049788718,1.0,0.0,0.0,0.09477315481533578
fever_156686,fever,1,5,0.983333747461247,0.00034211007799295456,0.016324142460760027,1.0,0.0,0.0,0.008504181308372967
fever_79956,fever,0,5,0.9826993441391535,0.00042328314591742776,0.01687737271492914,1.0,0.0,0.0,0.008861969503381997
fever_68394,fever,1,5,0.7887982765564121,0.0027543021962984832,0.20844742124728927,0.6,0.0,0.4,0.10697801281994311
fever_11451,fever,0,5,0.983333747461247,0.00034211007799295456,0.016324142460760027,1.0,0.0,0.0,0.008504181308372967
fever_5241,fever,0,5,0.9826993441391535,0.00042328314591742776,0.01687737271492914,1.0,0.0,0.0,0.008861969503381997
fever_64024,fever,0,5,0.983333747461247,0.00034211007799295456,0.016324142460760027,1.0,0.0,0.0,0.008504181308372967
fever_215283,fever,0,5,0.6279506374880763,0.000987703930831139,0.37106165858109236,0.6,0.0,0.4,0.18651853322137732
fever_91849,fever,1,5,0.028551775327628214,0.37465200603641274,0.596796218635959,0.0,0.5,0.5,0.6730501153543922
fever_195244,fever,1,5,0.6837275816935952,0.03241203611611608,0.2838603821902889,1.0,0.0,0.0,0.17434222721126053
fever_184099,fever,0,5,0.9893136268995002,0.0008214721013142112,0.009864900999185685,1.0,0.0,0.0,0.005753922600907054
fever_174038,fever,1,5,0.983333747461247,0.00034211007799295456,0.016324142460760027,1.0,0.0,0.0,0.008504181308372967
fever_187556,fever,0,5,0.5723952576754657,0.005546118015369702,0.42205862430916463,0.2,0.0,0.8,0.216575430169952
fever_46187,fever,0,5,0.7655510357966112,0.008883488402221034,0.22556547580116765,1.0,0.0,0.0,0.12166622630280485
fever_126423,fever,0,5,0.9938649956972443,0.0010591109047141712,0.005075893398041517,1.0,0.0,0.0,0.00359705760373493
fever_174609,fever,1,5,0.4277820809103951,0.004145202506480071,0.5680727165831249,0.3,0.0,0.7,0.2881815607980425
fever_223279,fever,0,5,0.983333747461247,0.00034211007799295456,0.016324142460760027,1.0,0.0,0.0,0.008504181308372967
fever_136865,fever,1,5,0.9826993441391535,0.00042328314591742776,0.01687737271492914,1.0,0.0,0.0,0.008861969503381997
fever_18736,fever,0,5,0.2195465224021848,0.2554058833691997,0.5250475942286155,0.1,0.3,0.6,0.5179296804835074
fever_21027,fever,0,5,0.983333747461247,0.00034211007799295456,0.016324142460760027,1.0,0.0,0.0,0.008504181308372967
fever_184067,fever,1,5,0.991402086260654,0.0006334814806913121,0.007964432258654697,1.0,0.0,0.0,0.004615697610018661
fever_90291,fever,0,5,0.47249635796846634,0.19404314856646512,0.33346049346506845,0.2,0.2,0.6,0.3607733952989993
fever_113488,fever,1,5,0.983333747461247,0.00034211007799295456,0.016324142460760027,1.0,0.0,0.0,0.008504181308372967
fever_74557,fever,1,5,0.712433916593032,0.08813279958971867,0.1994332838172494,1.0,0.0,0.0,0.18784944149834337
fever_54383,fever,1,5,0.983333747461247,0.00034211007799295456,0.016324142460760027,1.0,0.0,0.0,0.008504181308372967
fever_221146,fever,0,5,0.6058304704791372,0.0442554830933213,0.34991404642754154,0.3,0.0,0.7,0.21921250630709208
fever_224956,fever,0,5,0.983333747461247,0.00034211007799295456,0.016324142460760027,1.0,0.0,0.0,0.008504181308372967
fever_39437,fever,0,5,0.983333747461247,0.00034211007799295456,0.016324142460760027,1.0,0.0,0.0,0.008504181308372967
fever_47356,fever,1,5,0.9826993441391535,0.00042328314591742776,0.01687737271492914,1.0,0.0,0.0,0.008861969503381997
fever_181629,fever,0,5,0.6889173148760642,0.001749916608690613,0.30933276851524516,0.4,0.0,0.6,0.1564163008663132
fever_118411,fever,0,5,0.983333747461247,0.00034211007799295456,0.016324142460760027,1.0,0.0,0.0,0.008504181308372967
fever_16588,fever,0,5,0.9893136268995002,0.0008214721013142112,0.009864900999185685,1.0,0.0,0.0,0.005753922600907054
fever_226840,fever,1,5,0.9880802117857341,0.002172483090292847,0.009747305123973125,1.0,0.0,0.0,0.0070461356522794096
fever_221241,fever,1,5,0.4993180958330822,0.001859795859552932,0.49882210830736484,0.8,0.0,0.2,0.25127085001323535
fever_115131,fever,1,5,0.9881958466646482,0.0008519430717160919,0.0109522102636356,1.0,0.0,0.0,0.006328048203533892
fever_105954,fever,1,5,0.9826993441391535,0.00042328314591742776,0.01687737271492914,1.0,0.0,0.0,0.008861969503381997
fever_11928,fever,0,5,0.8110584105088934,0.002758576040613599,0.18618301345049293,1.0,0.0,0.0,0.09585008276586006
fever_181269,fever,0,5,0.983333747461247,0.00034211007799295456,0.016324142460760027,1.0,0.0,0.0,0.008504181308372967
fever_1395,fever,0,5,0.4262923443427645,0.06302247249766768,0.5106851831595678,0.4,0.0,0.6,0.3183650640774516
fever_193904,fever,1,5,0.9826993441391535,0.00042328314591742776,0.01687737271492914,1.0,0.0,0.0,0.008861969503381997
fever_104244,fever,0,5,0.983333747461247,0.00034211007799295456,0.016324142460760027,1.0,0.0,0.0,0.008504181308372967
fever_82973,fever,0,5,0.9826993441391535,0.00042328314591742776,0.01687737271492914,1.0,0.0,0.0,0.008861969503381997
fever_92524,fever,0,5,0.6720386453908009,0.002365816106939608,0.3255955385022594,0.4,0.0,0.6,0.16516358535806933
fever_155035,fever,1,5,0.3801898993289126,0.01084757016391152,0.6089625305071757,0.2,0.0,0.8,0.3153288354174994
fever_198208,fever,0,5,0.18365466615157466,0.25414865057592384,0.5621966832725014,0.1,0.2,0.7,0.5352469922121745
fever_140663,fever,0,5,0.5646767028628082,0.0010125231723630231,0.4343107739648288,0.8,0.0,0.2,0.21816791015477743
fever_175642,fever,0,5,0.35303085134459616,0.0990024218212741,0.5479667268341297,0.3,0.1,0.6,0.372985785238339
fever_204636,fever,1,5,0.983333747461247,0.00034211007799295456,0.016324142460760027,1.0,0.0,0.0,0.008504181308372967
fever_52472,fever,1,5,0.983333747461247,0.00034211007799295456,0.016324142460760027,1.0,0.0,0.0,0.008504181308372967
fever_22619,fever,0,5,0.6871079281547489,0.00616248523391123,0.30672958661133987,0.4,0.0,0.6,0.15952727853958115
fever_25933,fever,1,5,0.12330643173588296,0.22658181425052035,0.6501117540135967,0.0,0.2,0.8,0.5516376912573187
fever_26155,fever,1,5,0.9826993441391535,0.00042328314591742776,0.01687737271492914,1.0,0.0,0.0,0.008861969503381997
fever_24063,fever,1,5,0.6089489172997443,0.1703834923674418,0.22066759033281397,0.5,0.2,0.3,0.2807172875338488
fever_68337,fever,1,5,0.983333747461247,0.00034211007799295456,0.016324142460760027,1.0,0.0,0.0,0.008504181308372967
fever_113127,fever,1,5,0.9826993441391535,0.00042328314591742776,0.01687737271492914,1.0,0.0,0.0,0.008861969503381997
fever_206030,fever,1,5,0.3069183972039559,0.6704560037019185,0.022625599094125568,0.3,0.7,0.0,0.6817688032489813
fever_100145,fever,1,5,0.9826993441391535,0.00042328314591742776,0.01687737271492914,1.0,0.0,0.0,0.008861969503381997
fever_76869,fever,0,5,0.983333747461247,0.00034211007799295456,0.016324142460760027,1.0,0.0,0.0,0.008504181308372967
fever_47228,fever,0,5,0.9826993441391535,0.00042328314591742776,0.01687737271492914,1.0,0.0,0.0,0.008861969503381997
fever_156943,fever,0,5,0.983333747461247,0.00034211007799295456,0.016324142460760027,1.0,0.0,0.0,0.008504181308372967
fever_79601,fever,0,5,0.34468790075431854,0.00891924850588265,0.6463928507397989,0.0,0.0,1.0,0.3321156738757821
fever_11441,fever,1,5,0.9826993441391535,0.00042328314591742776,0.01687737271492914,1.0,0.0,0.0,0.008861969503381997
fever_175874,fever,0,5,0.185473741792204,0.7890002204354032,0.025526037772392686,0.2,0.8,0.0,0.8017632393215995
fever_162201,fever,0,5,0.9826993441391535,0.00042328314591742776,0.01687737271492914,1.0,0.0,0.0,0.008861969503381997
fever_91028,fever,0,5,0.983333747461247,0.00034211007799295456,0.016324142460760027,1.0,0.0,0.0,0.008504181308372967
fever_164894,fever,0,5,0.983333747461247,0.00034211007799295456,0.016324142460760027,1.0,0.0,0.0,0.008504181308372967
fever_19655,fever,1,5,0.8982573925750751,0.009341756146873423,0.09240085127805166,1.0,0.0,0.0,0.05554218178589925
fever_21026,fever,1,5,0.35959429019032463,0.45578629093362133,0.18461941887605413,0.2,0.5,0.3,0.5480960003716484
fever_62633,fever,1,5,0.983333747461247,0.00034211007799295456,0.016324142460760027,1.0,0.0,0.0,0.008504181308372967
fever_4132,fever,0,5,0.6394561218198046,0.0007245024007108608,0.3598193757794844,1.0,0.0,0.0,0.18063419029045308
fever_64631,fever,0,5,0.41637794935499717,0.12571464002985872,0.4579074106151442,0.1,0.1,0.8,0.3546683453374308
fever_21775,fever,1,5,0.9826993441391535,0.00042328314591742776,0.01687737271492914,1.0,0.0,0.0,0.008861969503381997
fever_212779,fever,0,5,0.3965235881791641,0.006563907720843698,0.5969125040999923,0.2,0.0,0.8,0.30502015977083985
fever_79706,fever,1,5,0.790569477396565,0.0015791739318748738,0.20785134867156002,0.6,0.0,0.4,0.10550484826765488
fever_11915,fever,0,5,0.9826993441391535,0.00042328314591742776,0.01687737271492914,1.0,0.0,0.0,0.008861969503381997
fever_159567,fever,1,5,0.6071485263533944,0.00535545413814316,0.38749601950846246,0.6,0.0,0.4,0.1991034638923744
fever_48276,fever,1,5,0.10614959712940195,0.7822437848242789,0.11160661804631929,0.1,0.8,0.1,0.8380470938474386
fever_42412,fever,0,5,0.983333747461247,0.00034211007799295456,0.016324142460760027,1.0,0.0,0.0,0.008504181308372967
fever_121251,fever,0,5,0.983333747461247,0.00034211007799295456,0.016324142460760027,1.0,0.0,0.0,0.008504181308372967
fever_216781,fever,1,5,0.40201793059848595,0.013346424068037096,0.5846356453334769,0.1,0.0,0.9,0.30566424673477555
fever_140139,fever,1,5,0.983333747461247,0.00034211007799295456,0.016324142460760027,1.0,0.0,0.0,0.008504181308372967
fever_82367,fever,1,5,0.6189777180368721,0.003279394335444101,0.37774288762768393,0.4,0.0,0.6,0.19215083814928607
fever_168082,fever,1,5,0.9826993441391535,0.00042328314591742776,0.01687737271492914,1.0,0.0,0.0,0.008861969503381997
fever_15899,fever,0,5,0.7938887970446796,0.0006827394171732665,0.2054284635381471,0.6,0.0,0.4,0.10339697118624681
fever_35031,fever,0,5,0.9325430882519715,0.0013954371583382444,0.06606147458969029,1.0,0.0,0.0,0.03442617445318339
fever_81450,fever,0,5,0.9826993441391535,0.00042328314591742776,0.01687737271492914,1.0,0.0,0.0,0.008861969503381997
fever_62117,fever,0,5,0.48860979389184916,0.01423907178968752,0.4971511343184633,0.6,0.0,0.4,0.26281463894891915
fever_52799,fever,0,5,0.0640485291659901,0.6642192302238528,0.27173224061015705,0.0,0.9,0.1,0.8000853505289313
fever_139717,fever,0,5,0.983333747461247,0.00034211007799295456,0.016324142460760027,1.0,0.0,0.0,0.008504181308372967
fever_194574,fever,1,5,0.9893136268995002,0.0008214721013142112,0.009864900999185685,1.0,0.0,0.0,0.005753922600907054
fever_48404,fever,1,5,0.9826993441391535,0.00042328314591742776,0.01687737271492914,1.0,0.0,0.0,0.008861969503381997
fever_183587,fever,0,5,0.7860158580583504,0.002265940998854271,0.21171820094279536,0.6,0.0,0.4,0.10812504147025195
fever_34195,fever,1,5,0.6084910323369686,0.0054255258450450795,0.3860834418179864,0.3,0.0,0.7,0.19846724675403826
fever_138664,fever,0,5,0.983333747461247,0.00034211007799295456,0.016324142460760027,1.0,0.0,0.0,0.008504181308372967
fever_34619,fever,0,5,0.5017724259718772,0.004846199389003608,0.4933813746391193,0.2,0.0,0.8,0.2515368867085633
fever_204651,fever,1,5,0.15225594420894792,0.6180975339858599,0.22964652180519218,0.1,0.5,0.4,0.732920794888456
fever_98066,fever,0,5,0.9915532252017822,0.0006588687952858824,0.007787906002932046,1.0,0.0,0.0,0.004552821796751905
fever_215867,fever,0,5,0.9826993441391535,0.00042328314591742776,0.01687737271492914,1.0,0.0,0.0,0.008861969503381997
fever_57452,fever,0,5,0.4466942391699746,0.3835486816988699,0.16975707913115543,0.4,0.4,0.2,0.46842722126444764
fever_68483,fever,0,5,0.983333747461247,0.00034211007799295456,0.016324142460760027,1.0,0.0,0.0,0.008504181308372967
fever_47070,fever,0,5,0.547515698454548,0.002147697300812109,0.45033660424464,0.4,0.0,0.6,0.2273159994231321
fever_194014,fever,0,5,0.6846518897263042,0.005801163192502399,0.3095469470811933,0.4,0.0,0.6,0.16057463673309905
fever_183624,fever,0,5,0.001942422072574124,0.5528844307381975,0.4451731471892284,0.0,0.6,0.4,0.7754710043328117
fever_174012,fever,0,5,0.9826993441391535,0.00042328314591742776,0.01687737271492914,1.0,0.0,0.0,0.008861969503381997
fever_222045,fever,1,5,0.983333747461247,0.00034211007799295456,0.016324142460760027,1.0,0.0,0.0,0.008504181308372967
fever_179007,fever,0,5,0.66916414923027,0.003341889573327165,0.32749396119640295,0.4,0.0,0.6,0.16708887017152865
fever_113476,fever,0,5,0.7664797580778615,0.0054395721092578755,0.22808066981288083,0.6,0.0,0.4,0.11947990701569829
fever_165892,fever,0,5,0.983333747461247,0.00034211007799295456,0.016324142460760027,1.0,0.0,0.0,0.008504181308372967
fever_99428,fever,0,5,0.983333747461247,0.00034211007799295456,0.016324142460760027,1.0,0.0,0.0,0.008504181308372967
fever_145491,fever,1,5,0.16694797182544893,0.04985062227288336,0.7832014059016676,0.0,0.0,1.0,0.44145132522371716
fever_71111,fever,0,5,0.05412777506116952,0.19429888536465814,0.7515733395741724,0.0,0.2,0.8,0.5700855551517443
fever_7335,fever,0,5,0.6742732890135957,0.0025370051065129818,0.3231897058798913,0.6,0.0,0.4,0.16413185804645863
fever_138593,fever,1,5,0.9826993441391535,0.00042328314591742776,0.01687737271492914,1.0,0.0,0.0,0.008861969503381997
fever_21274,fever,0,5,0.39218854645331686,0.0010834108688610581,0.6067280426778221,0.3,0.0,0.7,0.3044474322077721
fever_204341,fever,1,5,0.618872384686706,0.021609127540764515,0.3595184877725294,0.6,0.0,0.4,0.20136837142702924
fever_117305,fever,0,5,0.9826993441391535,0.00042328314591742776,0.01687737271492914,1.0,0.0,0.0,0.008861969503381997
fever_20026,fever,0,5,0.40067645585438116,0.33147718085050304,0.26784636329511585,0.6,0.4,0.0,0.46540036249806094
fever_172508,fever,0,5,0.983333747461247,0.00034211007799295456,0.016324142460760027,1.0,0.0,0.0,0.008504181308372967
fever_26793,fever,1,5,0.7313500591639733,0.014403718091128021,0.2542462227448987,0.6,0.0,0.4,0.1415268294635774
fever_164402,fever,0,5,0.6496483235391055,0.012423602232505956,0.33792807422838855,0.4,0.0,0.6,0.18138763934670024
fever_11418,fever,0,5,0.6529060534180852,0.0038842301997821576,0.3432097163821327,0.6,0.0,0.4,0.1754890883908485
fever_170005,fever,1,5,0.9826993441391535,0.00042328314591742776,0.01687737271492914,1.0,0.0,0.0,0.008861969503381997
fever_188636,fever,1,5,0.983333747461247,0.00034211007799295456,0.016324142460760027,1.0,0.0,0.0,0.008504181308372967
fever_63185,fever,0,5,0.9906478143067939,0.000586910712181172,0.008765274981024774,1.0,0.0,0.0,0.004969548202693559
fever_227080,fever,0,5,0.983333747461247,0.00034211007799295456,0.016324142460760027,1.0,0.0,0.0,0.008504181308372967
fever_75025,fever,1,5,0.983333747461247,0.00034211007799295456,0.016324142460760027,1.0,0.0,0.0,0.008504181308372967
fever_85138,fever,0,5,0.983333747461247,0.00034211007799295456,0.016324142460760027,1.0,0.0,0.0,0.008504181308372967
fever_45364,fever,0,5,0.1494796149695012,0.6582158697481265,0.19230451528237227,0.1,0.8,0.1,0.7543681273893127
fever_49515,fever,1,5,0.5959365451243859,0.39967387041502594,0.004389584460587993,0.6,0.4,0.0,0.40186866264531995
fever_73080,fever,1,5,0.46277288579054143,0.0024822726683896594,0.5347448415410688,0.2,0.0,0.8,0.2698546934389241
fever_14900,fever,0,5,0.983333747461247,0.00034211007799295456,0.016324142460760027,1.0,0.0,0.0,0.008504181308372967
fever_187776,fever,1,5,0.65645339586732,0.003430565590194626,0.3401160385424854,0.4,0.0,0.6,0.1734885848614373
fever_106496,fever,1,5,0.3912044737041986,0.010190662095848232,0.5986048641999532,0.0,0.0,1.0,0.3094930941958248
fever_130027,fever,0,5,0.7841463910722959,0.0009072201191408381,0.21494638880856326,0.6,0.0,0.4,0.10838041452342247
fever_199263,fever,0,5,0.3399397984804658,0.5323170114937215,0.12774319002581283,0.3,0.6,0.1,0.5961886065066279
fever_73961,fever,1,5,0.9323763029223479,0.0029376704787185794,0.0646860265989334,1.0,0.0,0.0,0.03528068377818528
fever_215504,fever,0,5,0.983333747461247,0.00034211007799295456,0.016324142460760027,1.0,0.0,0.0,0.008504181308372967
fever_149134,fever,1,5,0.7858928126548743,0.001177596899716642,0.21292959044540907,0.6,0.0,0.4,0.10764239212242117
fever_17213,fever,0,5,0.9826993441391535,0.00042328314591742776,0.01687737271492914,1.0,0.0,0.0,0.008861969503381997
fever_120630,fever,0,5,0.6589688671507213,0.0017373548899089462,0.33929377795936977,0.4,0.0,0.6,0.17138424386959383
fever_89483,fever,0,5,0.9826993441391535,0.00042328314591742776,0.01687737271492914,1.0,0.0,0.0,0.008861969503381997
fever_97418,fever,1,5,0.9826993441391535,0.00042328314591742776,0.01687737271492914,1.0,0.0,0.0,0.008861969503381997
fever_188976,fever,1,5,0.5556196020009325,0.006319660256664511,0.43806073774240295,0.6,0.0,0.4,0.22535002912786598
fever_60720,fever,0,5,0.983333747461247,0.00034211007799295456,0.016324142460760027,1.0,0.0,0.0,0.008504181308372967
fever_80800,fever,0,5,0.5080508375770999,0.18134323073311215,0.31060593168978795,0.2,0.2,0.6,0.3366461965780061
fever_189894,fever,1,5,0.646154558081916,0.0033574805536423676,0.35048796136444166,0.6,0.0,0.4,0.1786014612358632
fever_179763,fever,1,5,0.983333747461247,0.00034211007799295456,0.016324142460760027,1.0,0.0,0.0,0.008504181308372967
fever_140067,fever,1,5,0.9826993441391535,0.00042328314591742776,0.01687737271492914,1.0,0.0,0.0,0.008861969503381997
fever_63313,fever,1,5,0.9826993441391535,0.00042328314591742776,0.01687737271492914,1.0,0.0,0.0,0.008861969503381997
fever_34583,fever,1,5,0.9826993441391535,0.00042328314591742776,0.01687737271492914,1.0,0.0,0.0,0.008861969503381997
fever_159716,fever,0,5,0.513446274379761,0.046411260565678965,0.4401424650545601,0.6,0.1,0.3,0.266482493092959
fever_72250,fever,0,5,0.983333747461247,0.00034211007799295456,0.016324142460760027,1.0,0.0,0.0,0.008504181308372967
fever_49839,fever,1,5,0.9826993441391535,0.00042328314591742776,0.01687737271492914,1.0,0.0,0.0,0.008861969503381997
fever_143301,fever,1,5,0.9874523103444288,0.0009880715826752003,0.01155961807289615,1.0,0.0,0.0,0.006767880619123276
fever_36251,fever,1,5,0.3258199622515457,0.07227840554772327,0.601901632200731,0.1,0.0,0.9,0.3732292216480888
fever_2798,fever,1,5,0.983333747461247,0.00034211007799295456,0.016324142460760027,1.0,0.0,0.0,0.008504181308372967
fever_112773,fever,0,5,0.983333747461247,0.00034211007799295456,0.016324142460760027,1.0,0.0,0.0,0.008504181308372967
fever_177491,fever,1,5,0.5885030430196164,0.026405658772507133,0.3850912982078765,0.4,0.0,0.6,0.2189513078764454
fever_44955,fever,1,5,0.44942110971506766,0.00637258995930076,0.5442063003256317,0.6,0.0,0.4,0.27847574012211657
fever_75587,fever,1,5,0.5966519521947482,0.397006416063752,0.0063416317414996745,0.6,0.4,0.0,0.40017723193450183
fever_11572,fever,1,5,0.5952801112318715,0.33496861545476475,0.0697512733133637,0.6,0.4,0.0,0.3698442521114466
fever_137665,fever,1,5,0.9826993441391535,0.00042328314591742776,0.01687737271492914,1.0,0.0,0.0,0.008861969503381997
fever_11491,fever,0,5,0.031094004948211927,0.11628245313492744,0.8526235419168607,0.0,0.0,1.0,0.5425942240933578
fever_16809,fever,0,5,0.9231161280296784,0.008664585380298281,0.0682192865900234,1.0,0.0,0.0,0.04277422867530998
fever_205088,fever,1,5,0.9826993441391535,0.00042328314591742776,0.01687737271492914,1.0,0.0,0.0,0.008861969503381997
fever_41049,fever,0,5,0.983333747461247,0.00034211007799295456,0.016324142460760027,1.0,0.0,0.0,0.008504181308372967
fever_172512,fever,1,5,0.3367453727146436,0.04419398545999011,0.6190606418253662,0.3,0.0,0.7,0.3537243063726732
fever_211798,fever,0,5,0.983333747461247,0.00034211007799295456,0.016324142460760027,1.0,0.0,0.0,0.008504181308372967
fever_28911,fever,0,5,0.7883063520258634,0.0011875220140699662,0.21050612596006668,1.0,0.0,0.0,0.1064405849941033
fever_111414,fever,0,5,0.983333747461247,0.00034211007799295456,0.016324142460760027,1.0,0.0,0.0,0.008504181308372967
fever_165890,fever,0,5,0.4121169745864838,0.003919316631095801,0.5839637087824204,0.2,0.0,0.8,0.295901171022306
fever_180581,fever,1,5,0.9826993441391535,0.00042328314591742776,0.01687737271492914,1.0,0.0,0.0,0.008861969503381997
fever_185772,fever,0,5,0.983333747461247,0.00034211007799295456,0.016324142460760027,1.0,0.0,0.0,0.008504181308372967
fever_97036,fever,0,5,0.983333747461247,0.00034211007799295456,0.016324142460760027,1.0,0.0,0.0,0.008504181308372967
fever_88107,fever,0,5,0.6234707712719579,0.0007683137150255821,0.3757609150130165,0.4,0.0,0.6,0.18864877122153384
fever_218372,fever,0,5,0.029414052018217167,0.01928218615445685,0.9513037618273259,0.0,0.0,1.0,0.4949340670681198
fever_154719,fever,0,5,0.0018525541205820933,0.30062510398312287,0.6975223418962951,0.0,0.3,0.7,0.6493862749312704
fever_172485,fever,0,5,0.983333747461247,0.00034211007799295456,0.016324142460760027,1.0,0.0,0.0,0.008504181308372967
fever_175865,fever,0,5,0.15021235490755908,0.7906377296041588,0.059149915488282134,0.2,0.8,0.0,0.8202126873482999
fever_121994,fever,0,5,0.11554490398640538,0.00896223805117791,0.8754928579624167,0.1,0.0,0.9,0.44670866703238626
fever_16646,fever,0,5,0.5898103822465932,0.0033616325256981593,0.4068279852277087,0.3,0.0,0.7,0.2067756251395525
fever_75210,fever,1,5,0.7854936189993083,0.0035926201410666158,0.21091376085962513,0.6,0.0,0.4,0.10904950057087918
fever_112877,fever,1,5,0.39736705595395866,0.3000715051323998,0.30256143891364146,0.1,0.3,0.6,0.45135222458922053
fever_30640,fever,0,5,0.983333747461247,0.00034211007799295456,0.016324142460760027,1.0,0.0,0.0,0.008504181308372967
fever_111717,fever,1,5,0.9826993441391535,0.00042328314591742776,0.01687737271492914,1.0,0.0,0.0,0.008861969503381997
fever_42026,fever,1,5,0.983333747461247,0.00034211007799295456,0.016324142460760027,1.0,0.0,0.0,0.008504181308372967
fever_35291,fever,1,5,0.5738452441387163,0.002496043356391209,0.4236587125048924,0.4,0.0,0.6,0.2143253996088374
fever_137370,fever,1,5,0.4105904146840538,0.09410308699244499,0.49530649832350127,0.2,0.0,0.8,0.34175633615419565
fever_85175,fever,1,5,0.7064137714771012,0.009679668768844569,0.2839065597540542,0.6,0.0,0.4,0.15163294864587168
fever_154659,fever,1,5,0.983333747461247,0.00034211007799295456,0.016324142460760027,1.0,0.0,0.0,0.008504181308372967
fever_111060,fever,0,5,0.23900277831332403,0.14029717825699928,0.6207000434296767,0.0,0.1,0.9,0.4506471999718376
fever_97307,fever,1,5,0.6942543350648425,0.004683764087928343,0.30106190084722917,0.7,0.0,0.3,0.15521471451154292
fever_185188,fever,1,5,0.2475127429857134,0.6867665393159352,0.06572071769835122,0.3,0.7,0.0,0.7196268981651108
fever_49836,fever,1,5,0.20127894167223342,0.3923230700707473,0.4063979882570193,0.0,0.4,0.6,0.5955220641992569
fever_109293,fever,1,5,0.983333747461247,0.00034211007799295456,0.016324142460760027,1.0,0.0,0.0,0.008504181308372967
fever_160345,fever,0,5,0.983333747461247,0.00034211007799295456,0.016324142460760027,1.0,0.0,0.0,0.008504181308372967
fever_66940,fever,0,5,0.11227316576692506,0.3328651874101523,0.5548616468229226,0.0,0.3,0.7,0.6102960108216136
fever_168636,fever,0,5,0.10009091253792694,0.8944823406115219,0.0054267468505511925,0.1,0.9,0.0,0.8971957140367974
fever_104386,fever,1,5,0.983333747461247,0.00034211007799295456,0.016324142460760027,1.0,0.0,0.0,0.008504181308372967
fever_149130,fever,1,5,0.9826993441391535,0.00042328314591742776,0.01687737271492914,1.0,0.0,0.0,0.008861969503381997
fever_192788,fever,1,5,0.9826993441391535,0.00042328314591742776,0.01687737271492914,1.0,0.0,0.0,0.008861969503381997
fever_169319,fever,0,5,0.983333747461247,0.00034211007799295456,0.016324142460760027,1.0,0.0,0.0,0.008504181308372967
fever_223220,fever,0,5,0.46354597082036075,0.010222246986970713,0.5262317821926686,0.4,0.0,0.6,0.27333813808330504
fever_165244,fever,0,5,0.983333747461247,0.00034211007799295456,0.016324142460760027,1.0,0.0,0.0,0.008504181308372967
fever_192044,fever,0,5,0.4032152545867926,0.0017570100459182191,0.5950277353672893,0.2,0.0,0.8,0.29927087772956285
fever_85066,fever,1,5,0.9776895863046674,0.00036656877065477134,0.02194384492467789,1.0,0.0,0.0,0.011338491232993717
fever_43776,fever,1,5,0.9893136268995002,0.0008214721013142112,0.009864900999185685,1.0,0.0,0.0,0.005753922600907054
fever_140391,fever,0,5,0.7767765966245668,0.0017695408863081532,0.221453862489125,0.6,0.0,0.4,0.11249647213087065
fever_197345,fever,0,5,0.6277188294166818,0.0054782320538169565,0.3668029385295013,0.7,0.0,0.3,0.1888797013185676
fever_5488,fever,0,5,0.983333747461247,0.00034211007799295456,0.016324142460760027,1.0,0.0,0.0,0.008504181308372967
fever_41980,fever,0,5,0.9826993441391535,0.00042328314591742776,0.01687737271492914,1.0,0.0,0.0,0.008861969503381997
fever_137813,fever,1,5,0.7232075265197333,0.021509128830428666,0.2552833446498381,0.6,0.0,0.4,0.1491508011553477
fever_186599,fever,0,5,0.7677820945664774,0.007533297261126474,0.22468460817239616,1.0,0.0,0.0,0.11987560134732456
fever_24659,fever,0,5,0.983333747461247,0.00034211007799295456,0.016324142460760027,1.0,0.0,0.0,0.008504181308372967
fever_198432,fever,0,5,0.9117827870496399,0.002589546195937913,0.0856276667544221,1.0,0.0,0.0,0.04540337957314896
fever_166640,fever,1,5,0.9826993441391535,0.00042328314591742776,0.01687737271492914,1.0,0.0,0.0,0.008861969503381997
fever_164897,fever,0,5,0.7846537095254954,0.0006611995060081474,0.21468509096849644,0.6,0.0,0.4,0.10800374499025638
fever_208438,fever,0,5,0.9826993441391535,0.00042328314591742776,0.01687737271492914,1.0,0.0,0.0,0.008861969503381997
fever_79644,fever,1,5,0.735318759130141,0.014642586052968906,0.2500386548168903,0.6,0.0,0.4,0.13966191346141404
fever_168041,fever,1,5,0.6463490605192213,0.012177834565758827,0.34147310491502003,0.6,0.0,0.4,0.18291438702326884
fever_63631,fever,1,5,0.7894788706083148,0.0032299033311854707,0.20729122606049977,0.6,0.0,0.4,0.10687551636143536
fever_7336,fever,1,5,0.5351638839777019,0.03301067125237654,0.4318254447699215,0.3,0.0,0.7,0.2489233936373373
fever_66812,fever,1,5,0.7796272466612514,0.0015221539724585263,0.2188505993662902,0.6,0.0,0.4,0.11094745365560363
fever_218249,fever,1,5,0.9905740634247782,0.0008378799921431576,0.008588056583078828,1.0,0.0,0.0,0.0051319082836825715
fever_116103,fever,0,5,0.26972996936450083,0.29383574657918743,0.43643428405631185,0.1,0.4,0.5,0.5120528886073433
fever_171500,fever,0,5,0.7280732057121211,0.003171436207016806,0.26875535808086226,0.6,0.0,0.4,0.13754911524744795
fever_55468,fever,0,5,0.12119141129217685,0.29991552850596725,0.5788930602018559,0.1,0.4,0.5,0.5893620586068953
fever_129026,fever,1,5,0.9826993441391535,0.00042328314591742776,0.01687737271492914,1.0,0.0,0.0,0.008861969503381997
fever_113297,fever,0,5,0.983333747461247,0.00034211007799295456,0.016324142460760027,1.0,0.0,0.0,0.008504181308372967
fever_179832,fever,0,5,0.7941826987320395,0.0009218019016231191,0.20489549936633736,1.0,0.0,0.0,0.1033695515847918
fever_6684,fever,0,5,0.9826993441391535,0.00042328314591742776,0.01687737271492914,1.0,0.0,0.0,0.008861969503381997
fever_155955,fever,0,5,0.24326392344470138,0.40332938856619194,0.3534066879891068,0.1,0.4,0.5,0.5800327325607453
fever_160795,fever,0,5,0.5962987511789426,0.29966612502118817,0.10403512379986923,0.6,0.4,0.0,0.3516836869211228
fever_38750,fever,1,5,0.9826993441391535,0.00042328314591742776,0.01687737271492914,1.0,0.0,0.0,0.008861969503381997
fever_192759,fever,1,5,0.983333747461247,0.00034211007799295456,0.016324142460760027,1.0,0.0,0.0,0.008504181308372967
fever_38267,fever,1,5,0.983333747461247,0.00034211007799295456,0.016324142460760027,1.0,0.0,0.0,0.008504181308372967
fever_3337,fever,0,5,0.9927870969034588,0.0008878133108577499,0.0063250897856834435,1.0,0.0,0.0,0.004050358203699472
fever_224557,fever,0,5,0.42119884363654425,0.0025548313658427893,0.576246324997613,0.4,0.0,0.6,0.29067799386464926
fever_195040,fever,0,5,0.983333747461247,0.00034211007799295456,0.016324142460760027,1.0,0.0,0.0,0.008504181308372967
fever_183415,fever,0,5,0.6337288146549215,0.05146133294395468,0.31480985240112386,0.7,0.0,0.3,0.20886625914451662
fever_187213,fever,0,5,0.983333747461247,0.00034211007799295456,0.016324142460760027,1.0,0.0,0.0,0.008504181308372967
fever_124862,fever,1,5,0.11130352136698765,0.11892314283151631,0.769773335801496,0.1,0.0,0.9,0.5038098107322643
fever_87793,fever,1,5,0.9826993441391535,0.00042328314591742776,0.01687737271492914,1.0,0.0,0.0,0.008861969503381997
fever_37202,fever,1,5,0.6639673373945861,0.008509314138690967,0.32752334846672293,0.4,0.0,0.6,0.17227098837205243
fever_137360,fever,0,5,0.35733046048405825,0.4872821734782444,0.15538736603769737,0.3,0.7,0.0,0.564975856497093
fever_125010,fever,0,5,0.983333747461247,0.00034211007799295456,0.016324142460760027,1.0,0.0,0.0,0.008504181308372967
fever_175633,fever,1,5,0.9826993441391535,0.00042328314591742776,0.01687737271492914,1.0,0.0,0.0,0.008861969503381997
fever_124986,fever,1,5,0.9826993441391535,0.00042328314591742776,0.01687737271492914,1.0,0.0,0.0,0.008861969503381997
fever_90615,fever,1,5,0.5833495122085266,0.10362433496801574,0.31302615282345775,0.3,0.1,0.6,0.2601374113797446
fever_112757,fever,1,5,0.9826993441391535,0.00042328314591742776,0.01687737271492914,1.0,0.0,0.0,0.008861969503381997
fever_183416,fever,0,5,0.7194483832551901,0.0036786175583713486,0.27687299918643854,0.6,0.0,0.4,0.14211511715159061
fever_101322,fever,1,5,0.9826993441391535,0.00042328314591742776,0.01687737271492914,1.0,0.0,0.0,0.008861969503381997
fever_215497,fever,1,5,0.983333747461247,0.00034211007799295456,0.016324142460760027,1.0,0.0,0.0,0.008504181308372967
fever_159689,fever,0,5,0.7848298076792288,0.00692230697350568,0.2082478853472655,0.6,0.0,0.4,0.11104624964713843
fever_147260,fever,1,5,0.2143794823668989,0.7383884975110337,0.04723202012206741,0.2,0.8,0.0,0.7620045075720675
fever_165121,fever,0,5,0.5941322640864224,0.39766114807049624,0.00820658784308127,0.6,0.4,0.0,0.40176444199203687
fever_183459,fever,0,5,0.22001567514614787,0.26647672701800434,0.5135075978358479,0.1,0.0,0.9,0.5232305259359282
fever_129932,fever,0,5,0.7850429555213709,0.0015427399937612044,0.21341430448486792,0.6,0.0,0.4,0.10824989223619516
fever_205095,fever,1,5,0.9826993441391535,0.00042328314591742776,0.01687737271492914,1.0,0.0,0.0,0.008861969503381997
fever_99800,fever,0,5,0.983333747461247,0.00034211007799295456,0.016324142460760027,1.0,0.0,0.0,0.008504181308372967
fever_33009,fever,0,5,0.983333747461247,0.00034211007799295456,0.016324142460760027,1.0,0.0,0.0,0.008504181308372967
fever_177533,fever,1,5,0.983333747461247,0.00034211007799295456,0.016324142460760027,1.0,0.0,0.0,0.008504181308372967
fever_132620,fever,0,5,0.04389005006003002,0.36809962030105353,0.5880103296389165,0.0,0.5,0.5,0.6621047851205117
fever_218362,fever,0,5,0.06522511822313784,0.2780886144007198,0.6566862673761423,0.0,0.3,0.7,0.606431748088791
fever_141188,fever,1,5,0.983333747461247,0.00034211007799295456,0.016324142460760027,1.0,0.0,0.0,0.008504181308372967
fever_29113,fever,1,5,0.10446856512617178,0.5421822438390242,0.35334919103480394,0.1,0.7,0.2,0.7188568393564262
fever_89908,fever,0,5,0.7031909253703853,0.0008700100982191268,0.2959390645313955,0.6,0.0,0.4,0.1488395423639169
fever_67529,fever,0,5,0.5464033254189821,0.0032971603775791857,0.45029951420343883,0.4,0.0,0.6,0.2284469174792986
fever_216791,fever,1,5,0.9826993441391535,0.00042328314591742776,0.01687737271492914,1.0,0.0,0.0,0.008861969503381997
fever_125695,fever,1,5,0.9826993441391535,0.00042328314591742776,0.01687737271492914,1.0,0.0,0.0,0.008861969503381997
fever_11346,fever,0,5,0.4096923807589545,0.025359523455042842,0.5649480957860027,0.2,0.0,0.8,0.3078335713480442
fever_100366,fever,1,5,0.5607876428141116,0.010726733881752014,0.42848562330413625,0.5,0.0,0.5,0.22496954553382015
fever_53097,fever,0,5,0.04915421808772337,0.0064704812992881205,0.9443753006129885,0.0,0.0,1.0,0.47865813160578236
fever_44347,fever,1,5,0.37403582070546515,0.0010134978581232054,0.6249506814364116,0.6,0.0,0.4,0.31348883857632903
fever_216352,fever,0,5,0.1327323376063709,0.009283105001820079,0.857984557391809,0.0,0.0,1.0,0.43827538369772456
fever_185426,fever,1,5,0.8578513060170906,0.002739732914870202,0.13940896106803927,1.0,0.0,0.0,0.07244421344888984
fever_194362,fever,0,5,0.14187581688486745,0.023770684714622976,0.8343534984005097,0.0,0.0,1.0,0.4409474339148778
fever_219155,fever,1,5,0.983333747461247,0.00034211007799295456,0.016324142460760027,1.0,0.0,0.0,0.008504181308372967
fever_203997,fever,0,5,0.983333747461247,0.00034211007799295456,0.016324142460760027,1.0,0.0,0.0,0.008504181308372967
fever_26886,fever,0,5,0.16387111277790958,0.0016239362705772913,0.8345049509515132,0.2,0.0,0.8,0.4188764117463339
fever_138023,fever,0,5,0.983333747461247,0.00034211007799295456,0.016324142460760027,1.0,0.0,0.0,0.008504181308372967
fever_164411,fever,1,5,0.983333747461247,0.00034211007799295456,0.016324142460760027,1.0,0.0,0.0,0.008504181308372967
fever_198427,fever,0,5,0.9929247682221225,0.0008376482153880473,0.006237583562489215,1.0,0.0,0.0,0.003956439996632655
fever_23588,fever,0,5,0.983333747461247,0.00034211007799295456,0.016324142460760027,1.0,0.0,0.0,0.008504181308372967
fever_59266,fever,0,5,0.3092543886701882,0.0529778796115975,0.6377677317182142,0.4,0.0,0.6,0.3718617454707046
fever_4822,fever,0,5,0.6323708338395111,0.01852568195095459,0.3491034842095343,0.6,0.0,0.4,0.19307742405572173
fever_41316,fever,0,5,0.989766974128125,0.0005741624356675788,0.009658863436207431,1.0,0.0,0.0,0.005403594153771295
fever_66845,fever,0,5,0.43703354361121427,0.005319277214584031,0.5576471791742017,0.6,0.0,0.4,0.2841428668016849
fever_88082,fever,1,5,0.381637567570641,0.012237723844697004,0.606124708584662,0.3,0.0,0.7,0.31530007813702804
fever_207010,fever,1,5,0.983333747461247,0.00034211007799295456,0.016324142460760027,1.0,0.0,0.0,0.008504181308372967
fever_86568,fever,1,5,0.9826993441391535,0.00042328314591742776,0.01687737271492914,1.0,0.0,0.0,0.008861969503381997
fever_160927,fever,1,5,0.21375776433241053,0.3035863527619862,0.4826558829056033,0.1,0.4,0.5,0.5449142942147879
fever_127981,fever,0,5,0.9826993441391535,0.00042328314591742776,0.01687737271492914,1.0,0.0,0.0,0.008861969503381997
fever_53676,fever,0,5,0.9710840288623992,0.0027046059079699086,0.02621136522963096,1.0,0.0,0.0,0.01581028852278539
fever_88619,fever,0,5,0.6322152735587281,0.003421478718514838,0.36436324772275713,0.3,0.0,0.7,0.1856031025798934
fever_110672,fever,1,5,0.22205466253298428,0.4419497955441397,0.33599554192287606,0.2,0.4,0.4,0.6099475665055778
fever_68973,fever,0,5,0.983333747461247,0.00034211007799295456,0.016324142460760027,1.0,0.0,0.0,0.008504181308372967
fever_120046,fever,1,5,0.401280384396567,0.006486569432656905,0.5922330461707761,0.4,0.0,0.6,0.30260309251804496
fever_139174,fever,1,5,0.29391251927118023,0.2865039959412619,0.4195834847875578,0.0,0.3,0.7,0.4962957383350408
fever_150614,fever,0,5,0.9922660844480772,0.0007125023380951789,0.007021413213827754,1.0,0.0,0.0,0.004223208945009056
fever_68610,fever,0,5,0.983333747461247,0.00034211007799295456,0.016324142460760027,1.0,0.0,0.0,0.008504181308372967
fever_155865,fever,0,5,0.9911651238593354,0.0007709659695317361,0.008063910171132792,1.0,0.0,0.0,0.004802921055098133
fever_148735,fever,0,5,0.983333747461247,0.00034211007799295456,0.016324142460760027,1.0,0.0,0.0,0.008504181308372967
fever_38944,fever,0,5,0.983333747461247,0.00034211007799295456,0.016324142460760027,1.0,0.0,0.0,0.008504181308372967
fever_48514,fever,1,5,0.7893773663748976,0.0013492308120870264,0.2092734028130153,0.6,0.0,0.4,0.10598593221859468
fever_142899,fever,1,5,0.9826993441391535,0.00042328314591742776,0.01687737271492914,1.0,0.0,0.0,0.008861969503381997
fever_212768,fever,1,5,0.4137190174966266,0.5155518794116226,0.07072910309175082,0.5,0.5,0.0,0.550916430957498
fever_205065,fever,0,5,0.983333747461247,0.00034211007799295456,0.016324142460760027,1.0,0.0,0.0,0.008504181308372967
fever_178213,fever,0,5,0.11630047918467876,0.7117858663721588,0.17191365444316245,0.1,0.9,0.0,0.7977426935937401
fever_145956,fever,1,5,0.5729506791166694,0.022644687987030787,0.4044046328962998,0.3,0.0,0.7,0.2248470044351807
fever_166474,fever,0,5,0.39582597180719853,0.08480528516280046,0.5193687430300009,0.0,0.1,0.9,0.3444896566778009
fever_29543,fever,0,5,0.983333747461247,0.00034211007799295456,0.016324142460760027,1.0,0.0,0.0,0.008504181308372967
fever_130614,fever,1,5,0.9826993441391535,0.00042328314591742776,0.01687737271492914,1.0,0.0,0.0,0.008861969503381997
fever_34180,fever,0,5,0.983333747461247,0.00034211007799295456,0.016324142460760027,1.0,0.0,0.0,0.008504181308372967
fever_192837,fever,0,5,0.4920204494868939,0.004656543590775889,0.5033230069223302,0.2,0.0,0.8,0.256318047051941
fever_22724,fever,1,5,0.7724196174415726,0.003411559434495321,0.224168823123932,1.0,0.0,0.0,0.11549597099646132
fever_23296,fever,0,5,0.983333747461247,0.00034211007799295456,0.016324142460760027,1.0,0.0,0.0,0.008504181308372967
fever_78395,fever,0,5,0.9826993441391535,0.00042328314591742776,0.01687737271492914,1.0,0.0,0.0,0.008861969503381997
fever_7183,fever,1,5,0.983333747461247,0.00034211007799295456,0.016324142460760027,1.0,0.0,0.0,0.008504181308372967
fever_182700,fever,0,5,0.983333747461247,0.00034211007799295456,0.016324142460760027,1.0,0.0,0.0,0.008504181308372967
fever_75838,fever,0,5,0.23888027785867347,0.10520030283885043,0.6559194193024762,0.2,0.0,0.8,0.4331600124900885
fever_162881,fever,0,5,0.36820381494844956,0.0008598249020131089,0.6309363601495372,0.2,0.0,0.8,0.3163280049767817
fever_192053,fever,1,5,0.22823518850538185,0.3940775250049774,0.37768728648964084,0.2,0.4,0.4,0.5829211682497978
fever_18542,fever,0,5,0.983333747461247,0.00034211007799295456,0.016324142460760027,1.0,0.0,0.0,0.008504181308372967
fever_40205,fever,0,5,0.9826993441391535,0.00042328314591742776,0.01687737271492914,1.0,0.0,0.0,0.008861969503381997
fever_45018,fever,1,5,0.983333747461247,0.00034211007799295456,0.016324142460760027,1.0,0.0,0.0,0.008504181308372967
fever_99546,fever,1,5,0.735318759130141,0.014642586052968906,0.2500386548168903,0.6,0.0,0.4,0.13966191346141404
fever_108162,fever,1,5,0.10046182655355454,0.10548767961985986,0.7940504938265857,0.0,0.1,0.9,0.5025129265331527
fever_225281,fever,0,5,0.7850897222816116,0.002749385957654465,0.2121608917607339,0.6,0.0,0.4,0.10882983183802142
fever_129780,fever,1,5,0.31606441967484566,0.2068959939588951,0.47703958636625926,0.1,0.1,0.8,0.44541578714202473
fever_8304,fever,1,5,0.5702473370413614,0.006597082225281534,0.4231555807333571,0.2,0.0,0.8,0.21817487259196006
fever_159709,fever,0,5,0.9913854469325042,0.0005843614915032132,0.008030191575992622,1.0,0.0,0.0,0.004599457279499525
fever_209088,fever,0,5,0.5241713665638182,0.004281923292350441,0.4715467101438314,0.3,0.0,0.7,0.24005527836426616
fever_198896,fever,0,5,0.01409759205991477,0.3323138797848861,0.6535885281551992,0.0,0.4,0.6,0.6591081438624857
fever_157098,fever,1,5,0.5771684674970137,0.0007280096753182694,0.422103522827668,0.4,0.0,0.6,0.21177977108915227
fever_70208,fever,1,5,0.983333747461247,0.00034211007799295456,0.016324142460760027,1.0,0.0,0.0,0.008504181308372967
fever_142839,fever,1,5,0.9826993441391535,0.00042328314591742776,0.01687737271492914,1.0,0.0,0.0,0.008861969503381997
fever_84836,fever,1,5,0.4502199310219668,0.11935305967650833,0.4304270093015249,0.3,0.1,0.6,0.3345665643272708
fever_2144,fever,0,5,0.983333747461247,0.00034211007799295456,0.016324142460760027,1.0,0.0,0.0,0.008504181308372967
fever_215130,fever,0,5,0.7698982777691642,0.0015978803387356165,0.22850384189210024,0.6,0.0,0.4,0.11584980128478574
fever_92128,fever,1,5,0.6076598983139072,0.02151332412374383,0.370826777562349,0.4,0.0,0.6,0.20692671290491832
fever_170953,fever,1,5,0.6943036525116985,0.002061756809982401,0.30363459067831916,0.4,0.0,0.6,0.153879052149142
fever_207006,fever,1,5,0.983333747461247,0.00034211007799295456,0.016324142460760027,1.0,0.0,0.0,0.008504181308372967
fever_116715,fever,0,5,0.0049815358859752,0.18917755245770426,0.8058409116563204,0.0,0.1,0.9,0.5920980082858645
fever_8492,fever,0,5,0.2017209646952755,0.4485030697443328,0.34977596556039164,0.1,0.5,0.4,0.6233910525245286
fever_180730,fever,0,5,0.5384358055504616,0.009926645910893615,0.45163754853864474,0.2,0.0,0.8,0.235745420180216
fever_159324,fever,0,5,0.983333747461247,0.00034211007799295456,0.016324142460760027,1.0,0.0,0.0,0.008504181308372967
fever_182268,fever,1,5,0.25329715171063816,0.11726289502409264,0.6294399532652692,0.1,0.1,0.8,0.4319828716567273
fever_133797,fever,1,5,0.5345524020434718,0.0016603103854894129,0.4637872875710388,0.3,0.0,0.7,0.23355395417100883
fever_161530,fever,0,5,0.983333747461247,0.00034211007799295456,0.016324142460760027,1.0,0.0,0.0,0.008504181308372967
fever_1934,fever,0,5,0.983333747461247,0.00034211007799295456,0.016324142460760027,1.0,0.0,0.0,0.008504181308372967
fever_208420,fever,1,5,0.9826993441391535,0.00042328314591742776,0.01687737271492914,1.0,0.0,0.0,0.008861969503381997
fever_77157,fever,1,5,0.5584059828214729,0.009771509992897448,0.4318225071856296,0.3,0.0,0.7,0.22568276358571224
fever_141370,fever,0,5,0.598872802201319,0.03474228300793161,0.3663849147907494,0.3,0.0,0.7,0.21793474040330632
fever_173725,fever,0,5,0.5889225710198847,0.1025925108467022,0.3084849181334131,0.3,0.1,0.6,0.25683496991340876
fever_49125,fever,1,5,0.7314099055801948,0.04917540337715667,0.21941469104264844,0.6,0.0,0.4,0.1588827488984809
fever_50948,fever,1,5,0.591086282814671,0.0009638301546173605,0.40794988703071156,0.6,0.0,0.4,0.20493877366997315
fever_166383,fever,1,5,0.38208693504714186,0.29846793583767195,0.3194451291151864,0.1,0.3,0.6,0.45819050039526515
fever_85881,fever,1,5,0.9826993441391535,0.00042328314591742776,0.01687737271492914,1.0,0.0,0.0,0.008861969503381997
fever_91114,fever,1,5,0.21238325868380067,0.42964745429442336,0.3579692870217759,0.0,0.4,0.6,0.6086320978053112
fever_117192,fever,1,5,0.6275769149197314,0.012443602989143442,0.3599794820911251,0.3,0.0,0.7,0.192433344034706
fever_86738,fever,1,5,0.33867800861395,0.598106937574387,0.06321505381166301,0.4,0.6,0.0,0.6297144644802185
fever_226445,fever,0,5,0.5970928144531293,0.39565338586146814,0.007253799685402533,0.6,0.4,0.0,0.3992802857041694
fever_147207,fever,1,5,0.9926244599527398,0.0005898818255653738,0.006785658221694929,1.0,0.0,0.0,0.003982710936412838
fever_226136,fever,0,5,0.983333747461247,0.00034211007799295456,0.016324142460760027,1.0,0.0,0.0,0.008504181308372967
fever_205107,fever,1,5,0.9826993441391535,0.00042328314591742776,0.01687737271492914,1.0,0.0,0.0,0.008861969503381997
fever_107589,fever,0,5,0.6242017340349166,0.002464956301643735,0.37333330966343964,0.4,0.0,0.6,0.18913161113336355
fever_105896,fever,0,5,0.4902088904221536,0.0016954820181648111,0.5080956275596815,0.4,0.0,0.6,0.2557432957980056
fever_181271,fever,1,5,0.9826993441391535,0.00042328314591742776,0.01687737271492914,1.0,0.0,0.0,0.008861969503381997
fever_34156,fever,0,5,0.9826993441391535,0.00042328314591742776,0.01687737271492914,1.0,0.0,0.0,0.008861969503381997
fever_122887,fever,1,5,0.9826993441391535,0.00042328314591742776,0.01687737271492914,1.0,0.0,0.0,0.008861969503381997
fever_161556,fever,1,5,0.9837233229541098,0.0025907888315325955,0.0136858882143576,1.0,0.0,0.0,0.009433732938711395
fever_139090,fever,1,5,0.983333747461247,0.00034211007799295456,0.016324142460760027,1.0,0.0,0.0,0.008504181308372967
fever_129729,fever,1,5,0.9826993441391535,0.00042328314591742776,0.01687737271492914,1.0,0.0,0.0,0.008861969503381997
fever_11414,fever,0,5,0.983333747461247,0.00034211007799295456,0.016324142460760027,1.0,0.0,0.0,0.008504181308372967
fever_18574,fever,0,5,0.983333747461247,0.00034211007799295456,0.016324142460760027,1.0,0.0,0.0,0.008504181308372967
fever_145624,fever,1,5,0.6542717399342076,0.023273009726329535,0.3224552503394628,0.4,0.0,0.6,0.18450063489606094
fever_191439,fever,1,5,0.9826993441391535,0.00042328314591742776,0.01687737271492914,1.0,0.0,0.0,0.008861969503381997
fever_222896,fever,0,5,0.9826993441391535,0.00042328314591742776,0.01687737271492914,1.0,0.0,0.0,0.008861969503381997
fever_119212,fever,0,5,0.983333747461247,0.00034211007799295456,0.016324142460760027,1.0,0.0,0.0,0.008504181308372967
fever_34353,fever,1,5,0.9924656988797921,0.0007500234013696032,0.0067842777188381175,1.0,0.0,0.0,0.004142162260788662
fever_160764,fever,0,5,0.983333747461247,0.00034211007799295456,0.016324142460760027,1.0,0.0,0.0,0.008504181308372967
fever_202930,fever,1,5,0.983333747461247,0.00034211007799295456,0.016324142460760027,1.0,0.0,0.0,0.008504181308372967
fever_168923,fever,0,5,0.983333747461247,0.00034211007799295456,0.016324142460760027,1.0,0.0,0.0,0.008504181308372967
fever_205126,fever,0,5,0.7869419139214481,0.000883445740385625,0.2121746403381663,0.6,0.0,0.4,0.10697076590946877
fever_76307,fever,0,5,0.5901882071526261,0.39960972700948816,0.010202065837885665,0.6,0.4,0.0,0.404710759928431
fever_215477,fever,1,5,0.983333747461247,0.00034211007799295456,0.016324142460760027,1.0,0.0,0.0,0.008504181308372967
fever_15913,fever,0,5,0.29763281346086895,0.3692473088467122,0.3331198776924188,0.3,0.4,0.3,0.5358072476929217
fever_65511,fever,0,5,0.983333747461247,0.00034211007799295456,0.016324142460760027,1.0,0.0,0.0,0.008504181308372967
fever_89014,fever,1,5,0.9919100961096567,0.0007514804565704067,0.007338423433772534,1.0,0.0,0.0,0.004420692173456674
fever_205092,fever,1,5,0.9826993441391535,0.00042328314591742776,0.01687737271492914,1.0,0.0,0.0,0.008861969503381997
fever_69655,fever,1,5,0.1108546865693794,0.26471102768887045,0.6244342857417502,0.1,0.1,0.8,0.5769281705597455
fever_74163,fever,1,5,0.25638768844342597,0.06714618255862584,0.6764661289979482,0.2,0.1,0.7,0.4053792470576
fever_201457,fever,0,5,0.0672412970463271,0.5591074077278473,0.37365129522582563,0.1,0.6,0.3,0.7459330553407602
fever_216399,fever,1,5,0.9826993441391535,0.00042328314591742776,0.01687737271492914,1.0,0.0,0.0,0.008861969503381997
fever_76126,fever,1,5,0.9826993441391535,0.00042328314591742776,0.01687737271492914,1.0,0.0,0.0,0.008861969503381997
fever_135951,fever,1,5,0.5130090327027933,0.0010791860183572463,0.4859117812788495,0.3,0.0,0.7,0.24403507665778199
fever_180717,fever,1,5,0.5597035579872489,0.006431218992991523,0.4338652230197596,0.4,0.0,0.6,0.2233638305028713
fever_111850,fever,1,5,0.9901299769014132,0.0006671015915085986,0.009202921507078146,1.0,0.0,0.0,0.005268562345047672
fever_171901,fever,1,5,0.9826993441391535,0.00042328314591742776,0.01687737271492914,1.0,0.0,0.0,0.008861969503381997
fever_48048,fever,1,5,0.983333747461247,0.00034211007799295456,0.016324142460760027,1.0,0.0,0.0,0.008504181308372967
fever_42922,fever,0,5,0.4944202099988389,0.3016433233480871,0.20393646665307394,0.3,0.3,0.4,0.40361155667462406
fever_124817,fever,1,5,0.983333747461247,0.00034211007799295456,0.016324142460760027,1.0,0.0,0.0,0.008504181308372967
fever_117699,fever,0,5,0.7792345052966504,0.002644318763996128,0.2181211759393536,0.6,0.0,0.4,0.11170490673367292
fever_106478,fever,1,5,0.983333747461247,0.00034211007799295456,0.016324142460760027,1.0,0.0,0.0,0.008504181308372967
fever_69354,fever,1,5,0.9826993441391535,0.00042328314591742776,0.01687737271492914,1.0,0.0,0.0,0.008861969503381997
fever_62835,fever,1,5,0.983333747461247,0.00034211007799295456,0.016324142460760027,1.0,0.0,0.0,0.008504181308372967
fever_142717,fever,0,5,0.9826993441391535,0.00042328314591742776,0.01687737271492914,1.0,0.0,0.0,0.008861969503381997
fever_218479,fever,0,5,0.9254620853727626,0.00767857841197415,0.06685933621526317,1.0,0.0,0.0,0.041108246519605735
fever_205121,fever,1,5,0.45595011251280537,0.054471773282314076,0.4895781142048805,0.5,0.0,0.5,0.2992608303847543
fever_157640,fever,0,5,0.983333747461247,0.00034211007799295456,0.016324142460760027,1.0,0.0,0.0,0.008504181308372967
fever_50923,fever,0,5,0.983333747461247,0.00034211007799295456,0.016324142460760027,1.0,0.0,0.0,0.008504181308372967
fever_166919,fever,0,5,0.9826993441391535,0.00042328314591742776,0.01687737271492914,1.0,0.0,0.0,0.008861969503381997
fever_123189,fever,1,5,0.7822799695880883,0.0009516280761239747,0.21676840233578779,0.6,0.0,0.4,0.10933582924401787
fever_43974,fever,1,5,0.7198694069339651,0.0009970997937009168,0.27913349327233405,1.0,0.0,0.0,0.14056384642986794
fever_50198,fever,1,5,0.9826993441391535,0.00042328314591742776,0.01687737271492914,1.0,0.0,0.0,0.008861969503381997
fever_22861,fever,1,5,0.9826993441391535,0.00042328314591742776,0.01687737271492914,1.0,0.0,0.0,0.008861969503381997
fever_185194,fever,0,5,0.983333747461247,0.00034211007799295456,0.016324142460760027,1.0,0.0,0.0,0.008504181308372967
fever_166940,fever,0,5,0.6053970357066586,0.019012220392919426,0.3755907439004221,0.3,0.0,0.7,0.20680759234313045
fever_53147,fever,0,5,0.983333747461247,0.00034211007799295456,0.016324142460760027,1.0,0.0,0.0,0.008504181308372967
fever_169317,fever,0,5,0.983333747461247,0.00034211007799295456,0.016324142460760027,1.0,0.0,0.0,0.008504181308372967
fever_77435,fever,1,5,0.3383634855640848,0.09546187106499734,0.5661746433709178,0.2,0.0,0.8,0.3785491927504563
fever_69892,fever,0,5,0.9933266232339812,0.0010133493047884434,0.0056600274612304685,1.0,0.0,0.0,0.0038433630354036776
fever_130220,fever,1,5,0.983333747461247,0.00034211007799295456,0.016324142460760027,1.0,0.0,0.0,0.008504181308372967
fever_132225,fever,1,5,0.39651765882289836,0.004288684417826772,0.5991936567592748,0.1,0.0,0.9,0.3038855127974642
fever_67950,fever,1,5,0.9826993441391535,0.00042328314591742776,0.01687737271492914,1.0,0.0,0.0,0.008861969503381997
fever_226092,fever,0,5,0.983333747461247,0.00034211007799295456,0.016324142460760027,1.0,0.0,0.0,0.008504181308372967
fever_132447,fever,1,5,0.9826993441391535,0.00042328314591742776,0.01687737271492914,1.0,0.0,0.0,0.008861969503381997
fever_36425,fever,0,5,0.9893136268995002,0.0008214721013142112,0.009864900999185685,1.0,0.0,0.0,0.005753922600907054
fever_98786,fever,0,5,0.6042608983951749,0.001364280583343081,0.394374821021482,0.6,0.0,0.4,0.1985516910940841
fever_74507,fever,1,5,0.6348754188990008,0.001899296400005602,0.3632252847009936,0.4,0.0,0.6,0.1835119387505024
fever_165864,fever,0,5,0.18710986663384618,0.6581531925587835,0.15473694080737035,0.0,0.8,0.2,0.7355216629624687
fever_151680,fever,0,5,0.7749330951964265,0.001624029372217485,0.22344287543135607,0.6,0.0,0.4,0.11334546708789553
fever_112986,fever,1,5,0.9826993441391535,0.00042328314591742776,0.01687737271492914,1.0,0.0,0.0,0.008861969503381997
fever_23381,fever,1,5,0.9847268550012938,0.0014225898032879992,0.013850555195418002,1.0,0.0,0.0,0.008347867400997
fever_71986,fever,1,5,0.9855873832962125,0.010476990748175832,0.003935625955611857,1.0,0.0,0.0,0.012444803725981762
fever_92807,fever,1,5,0.983333747461247,0.00034211007799295456,0.016324142460760027,1.0,0.0,0.0,0.008504181308372967
fever_71368,fever,1,5,0.5967412311503828,0.013174523269893035,0.3900842455797242,0.3,0.0,0.7,0.20821664605975515
fever_217658,fever,0,5,0.983333747461247,0.00034211007799295456,0.016324142460760027,1.0,0.0,0.0,0.008504181308372967
fever_50223,fever,1,5,0.36692613785833506,0.07221979341242721,0.5608540687292377,0.3,0.0,0.7,0.35264682777704603
fever_4134,fever,0,5,0.983333747461247,0.00034211007799295456,0.016324142460760027,1.0,0.0,0.0,0.008504181308372967
fever_26340,fever,0,5,0.7789140023529126,0.0009406355415222124,0.22014536210556507,0.6,0.0,0.4,0.11101331659430475
fever_195057,fever,0,5,0.9929038456128538,0.0006160460043954012,0.006480108382750897,1.0,0.0,0.0,0.0038561001957708495
fever_172776,fever,1,5,0.983333747461247,0.00034211007799295456,0.016324142460760027,1.0,0.0,0.0,0.008504181308372967
fever_84694,fever,1,5,0.9870974492105458,0.0010349743808793408,0.011867576408574994,1.0,0.0,0.0,0.0069687625851668385
fever_102745,fever,1,5,0.1287459800754615,0.2351510823143011,0.6361029376102374,0.0,0.2,0.8,0.5532025511194198
fever_80054,fever,1,5,0.4560410961505542,0.08196301730518447,0.4619958865442613,0.3,0.1,0.6,0.31296096057731515
fever_14019,fever,1,5,0.021752180195373984,0.519472974306604,0.45877484549802217,0.0,0.6,0.4,0.7488603970556151
fever_144309,fever,0,5,0.6926069981174459,0.0014003974121822053,0.30599260447037185,0.9,0.0,0.1,0.15439669964736813
fever_37097,fever,0,5,0.13998351287298427,0.4253095511562667,0.434706935970749,0.1,0.5,0.4,0.6426630191416411
fever_212035,fever,0,5,0.5456944617760175,0.008699868377431117,0.4456056698465513,0.6,0.0,0.4,0.23150270330070677
fever_100204,fever,1,5,0.23761119222994545,0.47645230701631913,0.2859365007537354,0.1,0.5,0.4,0.6194205573931868
fever_213948,fever,1,5,0.983333747461247,0.00034211007799295456,0.016324142460760027,1.0,0.0,0.0,0.008504181308372967
fever_137267,fever,1,5,0.29983059724522454,0.6896190969431057,0.010550305811669674,0.3,0.7,0.0,0.6948942498489405
fever_119940,fever,1,5,0.9826993441391535,0.00042328314591742776,0.01687737271492914,1.0,0.0,0.0,0.008861969503381997
fever_158306,fever,0,5,0.983333747461247,0.00034211007799295456,0.016324142460760027,1.0,0.0,0.0,0.008504181308372967
fever_165896,fever,0,5,0.6015814195465066,0.0009761092971035002,0.3974424711563899,0.3,0.0,0.7,0.19969734487529847
fever_126509,fever,0,5,0.983333747461247,0.00034211007799295456,0.016324142460760027,1.0,0.0,0.0,0.008504181308372967
fever_112573,fever,0,5,0.28821704589072045,0.4900491138784663,0.22173384023081327,0.1,0.5,0.4,0.6009160339938729
fever_186590,fever,0,5,0.6436545338202869,0.0024744909975216445,0.3538709751821914,0.6,0.0,0.4,0.17940997858861735
fever_128297,fever,1,5,0.6629279162362279,0.0023256806872953084,0.33474640307647674,0.4,0.0,0.6,0.16969888222553367
fever_26332,fever,1,5,0.9826993441391535,0.00042328314591742776,0.01687737271492914,1.0,0.0,0.0,0.008861969503381997
fever_48183,fever,0,5,0.983333747461247,0.00034211007799295456,0.016324142460760027,1.0,0.0,0.0,0.008504181308372967
fever_45829,fever,1,5,0.983333747461247,0.00034211007799295456,0.016324142460760027,1.0,0.0,0.0,0.008504181308372967
fever_134854,fever,0,5,0.38461389468742924,0.001838156452607156,0.6135479488599636,0.3,0.0,0.7,0.30861213088258893
fever_211027,fever,1,5,0.9826993441391535,0.00042328314591742776,0.01687737271492914,1.0,0.0,0.0,0.008861969503381997
fever_37159,fever,0,5,0.4388968208145254,0.04536169802806378,0.5157414811574109,0.4,0.0,0.6,0.30323243860676924
fever_156057,fever,0,5,0.9826993441391535,0.00042328314591742776,0.01687737271492914,1.0,0.0,0.0,0.008861969503381997
fever_155837,fever,0,5,0.0959255880094121,0.8919320713278672,0.01214234066272073,0.1,0.9,0.0,0.8980032416592276
fever_10452,fever,0,5,0.9924325300793179,0.001602314722068716,0.005965155198613628,1.0,0.0,0.0,0.0045848923213755305
fever_202439,fever,0,5,0.9826993441391535,0.00042328314591742776,0.01687737271492914,1.0,0.0,0.0,0.008861969503381997
fever_144018,fever,0,5,0.983333747461247,0.00034211007799295456,0.016324142460760027,1.0,0.0,0.0,0.008504181308372967
fever_118806,fever,0,5,0.983333747461247,0.00034211007799295456,0.016324142460760027,1.0,0.0,0.0,0.008504181308372967
fever_70276,fever,0,5,0.983333747461247,0.00034211007799295456,0.016324142460760027,1.0,0.0,0.0,0.008504181308372967
fever_82859,fever,0,5,0.5906476453698909,0.2791774725728885,0.13017488205722053,0.6,0.4,0.0,0.34426491360149875
fever_83454,fever,1,5,0.9826993441391535,0.00042328314591742776,0.01687737271492914,1.0,0.0,0.0,0.008861969503381997
fever_213451,fever,1,5,0.983333747461247,0.00034211007799295456,0.016324142460760027,1.0,0.0,0.0,0.008504181308372967
fever_153819,fever,1,5,0.7835814939756405,0.008586014273702387,0.20783249175065716,0.6,0.0,0.4,0.11250226014903096
fever_23846,fever,1,5,0.9826993441391535,0.00042328314591742776,0.01687737271492914,1.0,0.0,0.0,0.008861969503381997
fever_8167,fever,1,5,0.9826993441391535,0.00042328314591742776,0.01687737271492914,1.0,0.0,0.0,0.008861969503381997
fever_36828,fever,0,5,0.983333747461247,0.00034211007799295456,0.016324142460760027,1.0,0.0,0.0,0.008504181308372967
fever_138500,fever,1,5,0.5943541056825381,0.008816095239114365,0.3968297990783475,0.6,0.0,0.4,0.2072309947782881
fever_78388,fever,0,5,0.9776895863046674,0.00036656877065477134,0.02194384492467789,1.0,0.0,0.0,0.011338491232993717
fever_144809,fever,1,5,0.07133231457632208,0.10430209446281283,0.8243655909608651,0.0,0.1,0.9,0.5164848899432454
fever_52356,fever,1,5,0.983333747461247,0.00034211007799295456,0.016324142460760027,1.0,0.0,0.0,0.008504181308372967
fever_144509,fever,1,5,0.9893136268995002,0.0008214721013142112,0.009864900999185685,1.0,0.0,0.0,0.005753922600907054
fever_211288,fever,1,5,0.983333747461247,0.00034211007799295456,0.016324142460760027,1.0,0.0,0.0,0.008504181308372967
fever_29746,fever,0,5,0.983333747461247,0.00034211007799295456,0.016324142460760027,1.0,0.0,0.0,0.008504181308372967
fever_32652,fever,1,5,0.9826993441391535,0.00042328314591742776,0.01687737271492914,1.0,0.0,0.0,0.008861969503381997
fever_35365,fever,1,5,0.3163042535965165,0.4663757514969832,0.21731999490650042,0.1,0.5,0.4,0.5750357489502333
fever_182936,fever,1,5,0.9826993441391535,0.00042328314591742776,0.01687737271492914,1.0,0.0,0.0,0.008861969503381997
fever_167172,fever,1,5,0.983333747461247,0.00034211007799295456,0.016324142460760027,1.0,0.0,0.0,0.008504181308372967
fever_143288,fever,1,5,0.7843577428414965,0.012470443984610462,0.20317181317389305,1.0,0.0,0.0,0.11405635057155698
fever_149173,fever,1,5,0.9918426979998518,0.0013837574252269606,0.006773544574921258,1.0,0.0,0.0,0.004770529712687589
fever_50357,fever,1,5,0.39965823922224347,0.011397369135627462,0.5889443916421291,0.3,0.0,0.7,0.305869564956692
fever_135962,fever,1,5,0.9826993441391535,0.00042328314591742776,0.01687737271492914,1.0,0.0,0.0,0.008861969503381997
fever_59319,fever,0,5,0.6034213947366611,0.0017536941683501557,0.39482491109498874,0.9,0.0,0.1,0.19916614971584454
fever_200051,fever,1,5,0.9826993441391535,0.00042328314591742776,0.01687737271492914,1.0,0.0,0.0,0.008861969503381997
fever_204444,fever,1,5,0.0041213773511570425,0.7908288342970142,0.20504978835182883,0.0,0.9,0.1,0.8933537284729286
fever_184285,fever,0,5,0.983333747461247,0.00034211007799295456,0.016324142460760027,1.0,0.0,0.0,0.008504181308372967
fever_55041,fever,1,5,0.983333747461247,0.00034211007799295456,0.016324142460760027,1.0,0.0,0.0,0.008504181308372967
fever_212335,fever,0,5,0.9907195915129222,0.0007453444378319192,0.008535064049246085,1.0,0.0,0.0,0.005012876462454962
fever_44552,fever,0,5,0.983333747461247,0.00034211007799295456,0.016324142460760027,1.0,0.0,0.0,0.008504181308372967
fever_2615,fever,0,5,0.23475456204745448,0.006559191488191822,0.7586862464643537,0.1,0.0,0.9,0.3859023147203687
fever_192043,fever,1,5,0.7939258070716402,0.000882319316937194,0.20519187361142238,0.6,0.0,0.4,0.10347825612264838
fever_100320,fever,0,5,0.4324017141459577,0.3393193623102969,0.22827892354374538,0.3,0.4,0.3,0.4534588240821696
fever_126561,fever,1,5,0.7818298505048809,0.004108443175179523,0.21406170631993957,0.6,0.0,0.4,0.11113929633514931
fever_217684,fever,1,5,0.983333747461247,0.00034211007799295456,0.016324142460760027,1.0,0.0,0.0,0.008504181308372967
fever_89608,fever,1,5,0.9662091638758659,0.004446034456384423,0.02934480166774974,1.0,0.0,0.0,0.019118435290259292
fever_189776,fever,0,5,0.7967386662048989,0.004204627178874757,0.19905670661622643,1.0,0.0,0.0,0.10373298048698797
fever_171067,fever,1,5,0.9826993441391535,0.00042328314591742776,0.01687737271492914,1.0,0.0,0.0,0.008861969503381997
fever_181274,fever,1,5,0.9893136268995002,0.0008214721013142112,0.009864900999185685,1.0,0.0,0.0,0.005753922600907054
fever_121634,fever,0,5,0.983333747461247,0.00034211007799295456,0.016324142460760027,1.0,0.0,0.0,0.008504181308372967
fever_228062,fever,1,5,0.1763305060978548,0.5304399476217607,0.29322954628038456,0.0,0.6,0.4,0.677054720761953
fever_61803,fever,1,5,0.642283580926826,0.0018887658147736168,0.3558276532584004,0.8,0.0,0.2,0.1798025924439738
fever_13126,fever,0,5,0.983333747461247,0.00034211007799295456,0.016324142460760027,1.0,0.0,0.0,0.008504181308372967
fever_229309,fever,1,5,0.9826993441391535,0.00042328314591742776,0.01687737271492914,1.0,0.0,0.0,0.008861969503381997
fever_66610,fever,0,5,0.6958919605300028,0.0010731518644276187,0.30303488760556974,1.0,0.0,0.0,0.15259059566721248
fever_34755,fever,1,5,0.9826993441391535,0.00042328314591742776,0.01687737271492914,1.0,0.0,0.0,0.008861969503381997
fever_34924,fever,1,5,0.983333747461247,0.00034211007799295456,0.016324142460760027,1.0,0.0,0.0,0.008504181308372967
fever_90925,fever,0,5,0.7865904685010208,0.003049417328653668,0.2103601141703256,0.6,0.0,0.4,0.10822947441381647
fever_74806,fever,0,5,0.4389368555692327,0.2742455950535531,0.28681754937721415,0.3,0.3,0.4,0.4176543697421602
fever_53016,fever,1,5,0.983333747461247,0.00034211007799295456,0.016324142460760027,1.0,0.0,0.0,0.008504181308372967
fever_131422,fever,1,5,0.983333747461247,0.00034211007799295456,0.016324142460760027,1.0,0.0,0.0,0.008504181308372967
fever_108957,fever,1,5,0.9826993441391535,0.00042328314591742776,0.01687737271492914,1.0,0.0,0.0,0.008861969503381997
fever_191255,fever,0,5,0.11520200760522799,0.35317003442021233,0.5316279579745598,0.1,0.5,0.4,0.6189840134074922
fever_216771,fever,0,5,0.7928031644214599,0.0008532541400806306,0.20634358143845954,0.6,0.0,0.4,0.1040250448593104
fever_32355,fever,0,5,0.9826993441391535,0.00042328314591742776,0.01687737271492914,1.0,0.0,0.0,0.008861969503381997
fever_198035,fever,0,5,0.983333747461247,0.00034211007799295456,0.016324142460760027,1.0,0.0,0.0,0.008504181308372967
fever_51351,fever,1,5,0.4747188163399434,0.0014924281777889538,0.5237887554822678,0.2,0.0,0.8,0.26338680591892283
fever_182923,fever,1,5,0.9826993441391535,0.00042328314591742776,0.01687737271492914,1.0,0.0,0.0,0.008861969503381997
fever_47736,fever,0,5,0.46524035737094527,0.004250185994107966,0.5305094566349468,0.4,0.0,0.6,0.26950491431158136
fever_32321,fever,0,5,0.983333747461247,0.00034211007799295456,0.016324142460760027,1.0,0.0,0.0,0.008504181308372967
fever_178210,fever,1,5,0.3992651450657913,0.3149626521842425,0.2857722027499661,0.2,0.4,0.4,0.4578487535592256
fever_35286,fever,1,5,0.9826993441391535,0.00042328314591742776,0.01687737271492914,1.0,0.0,0.0,0.008861969503381997
fever_192212,fever,1,5,0.4892013727742216,0.0014086393669221898,0.5093899878588561,0.5,0.0,0.5,0.2561036332963503
fever_202450,fever,1,5,0.2895743153094508,0.49631355322832293,0.2141121314622262,0.1,0.5,0.4,0.6033696189594361
fever_165875,fever,1,5,0.9826993441391535,0.00042328314591742776,0.01687737271492914,1.0,0.0,0.0,0.008861969503381997
fever_76386,fever,1,5,0.20269072166886723,0.23645832052367394,0.5608509578074589,0.0,0.2,0.8,0.5168837994274034
fever_118442,fever,1,5,0.6076598983139072,0.02151332412374383,0.37082677756234894,0.4,0.0,0.6,0.2069267129049183
fever_179266,fever,1,5,0.08577637636188815,0.0015235030437875223,0.9127001205943243,0.0,0.0,1.0,0.45787356334094964
fever_108950,fever,1,5,0.9917308335137218,0.000530603023133911,0.007738563463144369,1.0,0.0,0.0,0.004399884754706095
fever_154919,fever,1,5,0.18123750355195195,0.344888173700987,0.4738743227470611,0.1,0.3,0.6,0.5818253350745175
fever_198554,fever,1,5,0.9826993441391535,0.00042328314591742776,0.01687737271492914,1.0,0.0,0.0,0.008861969503381997
fever_134135,fever,1,5,0.9826993441391535,0.00042328314591742776,0.01687737271492914,1.0,0.0,0.0,0.008861969503381997
fever_81806,fever,1,5,0.6366721597718096,0.13658007146004753,0.2267477687681428,0.6,0.0,0.4,0.24995395584411892
fever_53613,fever,1,5,0.983333747461247,0.00034211007799295456,0.016324142460760027,1.0,0.0,0.0,0.008504181308372967
fever_81439,fever,0,5,0.010520625910680162,0.7398750357314178,0.24960433835790202,0.0,0.8,0.2,0.8646772049103688
fever_119558,fever,0,5,0.9826993441391535,0.00042328314591742776,0.01687737271492914,1.0,0.0,0.0,0.008861969503381997
fever_99635,fever,1,5,0.9919508268181026,0.0007382035898341759,0.00731096959206321,1.0,0.0,0.0,0.004393688385865781
fever_102346,fever,0,5,0.1959384323687713,0.11863276391946294,0.6854288037117657,0.2,0.1,0.7,0.4613471657753458
fever_93018,fever,1,5,0.3097987795094991,0.35856512503994353,0.33163609545055733,0.3,0.3,0.4,0.5243831727652222
fever_124875,fever,0,5,0.983333747461247,0.00034211007799295456,0.016324142460760027,1.0,0.0,0.0,0.008504181308372967
fever_89171,fever,1,5,0.613207228621759,0.12741602516664724,0.25937674621159373,0.6,0.0,0.4,0.25710439827244413
fever_104178,fever,0,5,0.983333747461247,0.00034211007799295456,0.016324142460760027,1.0,0.0,0.0,0.008504181308372967
fever_61612,fever,1,5,0.19541954199767442,0.07901716338768025,0.7255632946146453,0.2,0.0,0.8,0.44179881069500293
fever_127819,fever,1,5,0.9915331414626442,0.0007666203635576052,0.00770023817379826,1.0,0.0,0.0,0.004616739450456735
fever_195502,fever,1,5,0.7912085932622223,0.006964174000456132,0.20182723273732156,1.0,0.0,0.0,0.1078777903691169
fever_212331,fever,1,5,0.9826993441391535,0.00042328314591742776,0.01687737271492914,1.0,0.0,0.0,0.008861969503381997
fever_169324,fever,1,5,0.9826993441391535,0.00042328314591742776,0.01687737271492914,1.0,0.0,0.0,0.008861969503381997
fever_59056,fever,1,5,0.7906562315851133,0.004320047357225644,0.2050237210576611,0.6,0.0,0.4,0.10683190788605619
fever_168091,fever,0,5,0.44602799711507524,0.38015257649653394,0.17381942638839082,0.3,0.4,0.3,0.4670622896907294
fever_112394,fever,1,5,0.15183405622192703,0.19690810635126985,0.6512578374268031,0.1,0.2,0.7,0.5225370250646714
fever_133948,fever,0,5,0.6863061688303103,0.0021509395798913282,0.31154289158979853,0.4,0.0,0.6,0.15792238537479059
fever_141271,fever,1,5,0.9893136268995002,0.0008214721013142112,0.009864900999185685,1.0,0.0,0.0,0.005753922600907054
fever_198037,fever,1,5,0.12987482186177368,0.8514931801866232,0.018631997951603058,0.1,0.9,0.0,0.8608091791624247
fever_142701,fever,1,5,0.9826993441391535,0.00042328314591742776,0.01687737271492914,1.0,0.0,0.0,0.008861969503381997
fever_40859,fever,0,5,0.6334117970261486,0.019377179500323492,0.3472110234735279,0.9,0.0,0.1,0.19298269123708744
fever_7138,fever,1,5,0.31007715361908533,0.006106500075865706,0.6838163463050491,0.3,0.0,0.7,0.34801467322839025
fever_24273,fever,1,5,0.7838786308740888,0.002041123039318058,0.21408024608659315,0.6,0.0,0.4,0.10908124608261463
fever_12178,fever,0,5,0.6755249238493909,0.26641060367777325,0.058064472472835915,0.6,0.4,0.0,0.2954428399141912
fever_84328,fever,0,5,0.983333747461247,0.00034211007799295456,0.016324142460760027,1.0,0.0,0.0,0.008504181308372967
fever_87760,fever,1,5,0.5455166150103202,0.10194586057068951,0.3525375244189904,0.3,0.1,0.6,0.2782146227801847
fever_53901,fever,0,5,0.983333747461247,0.00034211007799295456,0.016324142460760027,1.0,0.0,0.0,0.008504181308372967
fever_108736,fever,1,5,0.983333747461247,0.00034211007799295456,0.016324142460760027,1.0,0.0,0.0,0.008504181308372967
fever_106826,fever,1,5,0.9826993441391535,0.00042328314591742776,0.01687737271492914,1.0,0.0,0.0,0.008861969503381997
fever_212324,fever,0,5,0.3627589049337454,0.0055408028783154924,0.6317002921879392,0.4,0.0,0.6,0.3213909489722851
fever_89796,fever,0,5,0.983333747461247,0.00034211007799295456,0.016324142460760027,1.0,0.0,0.0,0.008504181308372967
fever_213945,fever,1,5,0.983333747461247,0.00034211007799295456,0.016324142460760027,1.0,0.0,0.0,0.008504181308372967
fever_148149,fever,1,5,0.11608067411845846,0.2805537084807769,0.6033656174007647,0.1,0.3,0.6,0.5822365171811592
fever_146288,fever,1,5,0.43858093531941655,0.30511518561866985,0.2563038790619136,0.3,0.4,0.3,0.4332671251496266
fever_123226,fever,1,5,0.9885531831805865,0.0008194972866081664,0.010627319532805202,1.0,0.0,0.0,0.006133157053010768
fever_93600,fever,1,5,0.983333747461247,0.00034211007799295456,0.016324142460760027,1.0,0.0,0.0,0.008504181308372967
fever_118434,fever,1,5,0.9826993441391535,0.00042328314591742776,0.01687737271492914,1.0,0.0,0.0,0.008861969503381997
fever_149842,fever,1,5,0.9826993441391535,0.00042328314591742776,0.01687737271492914,1.0,0.0,0.0,0.008861969503381997
fever_141561,fever,1,5,0.5367347738688159,0.0010204844370732848,0.46224474169411095,0.3,0.0,0.7,0.23214285528412876
fever_183411,fever,0,5,0.983333747461247,0.00034211007799295456,0.016324142460760027,1.0,0.0,0.0,0.008504181308372967
fever_184100,fever,1,5,0.983333747461247,0.00034211007799295456,0.016324142460760027,1.0,0.0,0.0,0.008504181308372967
fever_145389,fever,1,5,0.7835248399860331,0.014227428405106018,0.20224773160886098,1.0,0.0,0.0,0.1153512942095365
fever_142620,fever,1,5,0.6049845374790044,0.0015092782914842865,0.39350618422951145,0.4,0.0,0.6,0.19826237040624
fever_4705,fever,0,5,0.983333747461247,0.00034211007799295456,0.016324142460760027,1.0,0.0,0.0,0.008504181308372967
fever_83425,fever,1,5,0.9826993441391535,0.00042328314591742776,0.01687737271492914,1.0,0.0,0.0,0.008861969503381997
fever_168086,fever,0,5,0.6160114239189051,0.2638550394340152,0.12013353664707967,0.6,0.4,0.0,0.3239218077575551
fever_134438,fever,0,5,0.6957948437261887,0.000947526442065184,0.3032576298317463,0.4,0.0,0.6,0.15257634135793835
fever_133512,fever,1,5,0.23132151294249428,0.5252687237800137,0.24340976327749209,0.3,0.6,0.1,0.6469736054187597
fever_57850,fever,1,5,0.9826993441391535,0.00042328314591742776,0.01687737271492914,1.0,0.0,0.0,0.008861969503381997
fever_53760,fever,0,5,0.0043553469200992324,0.2873481154301688,0.7082965376497319,0.0,0.3,0.7,0.6414963842550347
fever_184083,fever,0,5,0.7916288962052187,0.0020301306555729655,0.20634097313920846,0.6,0.0,0.4,0.10520061722517719
fever_29289,fever,0,5,0.2145554109523325,0.0015578125362196282,0.7838867765114479,0.2,0.0,0.8,0.39350120079194356
fever_150964,fever,1,5,0.7808058602169226,0.0028494367279523975,0.21634470305512501,0.6,0.0,0.4,0.11102178825551491
fever_123023,fever,0,5,0.9889181204002295,0.000585716069532183,0.010496163530238323,1.0,0.0,0.0,0.0058337978346513445
fever_198217,fever,0,5,0.6837926709273056,0.003368405777687875,0.3128389232950065,0.4,0.0,0.6,0.15978786742519113
fever_98879,fever,1,5,0.33933813144477754,0.0041218427161929085,0.6565400258390296,0.3,0.0,0.7,0.3323918556357077
fever_53025,fever,0,5,0.7943213788654615,0.0008576122298548329,0.20482100890468358,1.0,0.0,0.0,0.10326811668219663
fever_215230,fever,0,5,0.6650664967143918,0.0021531289957584902,0.3327803742898497,0.4,0.0,0.6,0.16854331614068332
fever_194781,fever,0,5,0.6855219051955548,0.003221895766194808,0.3112561990382504,0.4,0.0,0.6,0.15884999528532
fever_143417,fever,1,5,0.3033261565280093,0.008070484545879135,0.6886033589261116,0.2,0.0,0.8,0.3523721640089349
fever_45310,fever,0,5,0.8430032953045528,0.0022209002424393664,0.15477580445300787,1.0,0.0,0.0,0.07960880246894331
fever_86109,fever,1,5,0.7620956450007957,0.0012804036802782069,0.23662395131892597,0.6,0.0,0.4,0.11959237933974119
fever_37924,fever,0,5,0.983333747461247,0.00034211007799295456,0.016324142460760027,1.0,0.0,0.0,0.008504181308372967
fever_112568,fever,0,5,0.983333747461247,0.00034211007799295456,0.016324142460760027,1.0,0.0,0.0,0.008504181308372967
fever_16329,fever,0,5,0.983333747461247,0.00034211007799295456,0.016324142460760027,1.0,0.0,0.0,0.008504181308372967
fever_1313,fever,0,5,0.498487291746401,0.04077531188039712,0.46073739637320205,0.3,0.0,0.7,0.2711440100669981
fever_89213,fever,1,5,0.012815938157001916,0.9412535188816742,0.04593054296132394,0.0,1.0,0.0,0.9642187903623362
fever_34961,fever,0,5,0.5643134867330699,0.001188975616119058,0.434497537650811,0.7,0.0,0.3,0.21843774444152456
fever_212228,fever,1,5,0.983333747461247,0.00034211007799295456,0.016324142460760027,1.0,0.0,0.0,0.008504181308372967
fever_192190,fever,1,5,0.6346892719261318,0.007788839670287697,0.3575218884035805,0.3,0.0,0.7,0.18654978387207796
fever_177185,fever,1,5,0.983333747461247,0.00034211007799295456,0.016324142460760027,1.0,0.0,0.0,0.008504181308372967
fever_112087,fever,1,5,0.12538716244129092,0.3570293359166751,0.517583501642034,0.1,0.4,0.5,0.6158210867376921
fever_21072,fever,0,5,0.20215987710701122,0.11727887960076602,0.6805612432922228,0.2,0.0,0.8,0.4575595012468774
fever_21986,fever,1,5,0.20493422216843057,0.7798058591249337,0.015259918706635716,0.2,0.8,0.0,0.7874358184782516
fever_19902,fever,0,5,0.2941824219285493,0.00942401103741195,0.6963935670340387,0.2,0.0,0.8,0.3576207945544313
fever_34205,fever,0,5,0.7662408885836582,0.0018328546226621546,0.23192625679367965,0.6,0.0,0.4,0.11779598301950198
fever_170400,fever,0,5,0.983333747461247,0.00034211007799295456,0.016324142460760027,1.0,0.0,0.0,0.008504181308372967
fever_58417,fever,0,5,0.983333747461247,0.00034211007799295456,0.016324142460760027,1.0,0.0,0.0,0.008504181308372967
fever_127408,fever,0,5,0.64335135802741,0.005672542969282019,0.35097609900330806,0.6,0.0,0.4,0.18116059247093605
fever_6576,fever,0,5,0.983333747461247,0.00034211007799295456,0.016324142460760027,1.0,0.0,0.0,0.008504181308372967
fever_224197,fever,1,5,0.5758257795620738,0.10117075549151977,0.32300346494640636,0.3,0.1,0.6,0.262672487964723
fever_17783,fever,0,5,0.6662437560626994,0.0011954178577881802,0.3325608260795124,0.4,0.0,0.6,0.16747583089754436
fever_222172,fever,1,5,0.9826993441391535,0.00042328314591742776,0.01687737271492914,1.0,0.0,0.0,0.008861969503381997
fever_183470,fever,0,5,0.607571290385062,0.005066391823088349,0.3873623177918496,0.4,0.0,0.6,0.19874755071901315
fever_179105,fever,1,5,0.9848158311213364,0.0008540869714003509,0.014330081907263228,1.0,0.0,0.0,0.008019127925031965
fever_66842,fever,0,5,0.6685573083002574,0.008597830332631524,0.322844861367111,0.4,0.0,0.6,0.17002026101618703
fever_80676,fever,1,5,0.312361339336871,0.19722794251805578,0.49041071814507325,0.1,0.3,0.6,0.4424333015905924
fever_181114,fever,1,5,0.9826993441391535,0.00042328314591742776,0.01687737271492914,1.0,0.0,0.0,0.008861969503381997
fever_119884,fever,1,5,0.9826993441391535,0.00042328314591742776,0.01687737271492914,1.0,0.0,0.0,0.008861969503381997
fever_15452,fever,0,5,0.9639077059595842,0.007319091294031209,0.02877320274638463,1.0,0.0,0.0,0.021705692667223525
fever_53317,fever,1,5,0.6063370444507992,0.021433686313638994,0.3722292692355618,0.4,0.0,0.6,0.2075483209314199
fever_203154,fever,0,5,0.688869817609535,0.0038135888243074276,0.3073165935661576,0.4,0.0,0.6,0.15747188560738623
fever_145848,fever,1,5,0.19820103047878013,0.5057577090003058,0.2960412605209141,0.2,0.6,0.2,0.6537783392607629
fever_166848,fever,0,5,0.35322112612627665,0.10128924173041584,0.5454896321433074,0.3,0.1,0.6,0.37403405780206955
fever_218481,fever,0,5,0.983333747461247,0.00034211007799295456,0.016324142460760027,1.0,0.0,0.0,0.008504181308372967
fever_141894,fever,1,5,0.9826993441391535,0.00042328314591742776,0.01687737271492914,1.0,0.0,0.0,0.008861969503381997
fever_180736,fever,1,5,0.7727041179770449,0.0010445872273795482,0.22625129479557565,0.6,0.0,0.4,0.11417023462516737
fever_66211,fever,1,5,0.6424237473244698,0.0033004863972754227,0.35427576627825474,0.3,0.0,0.7,0.1804383695364028
fever_159700,fever,0,5,0.983333747461247,0.00034211007799295456,0.016324142460760027,1.0,0.0,0.0,0.008504181308372967
fever_81045,fever,0,5,0.42031080751078875,0.0009451594442462412,0.578744033044965,0.3,0.0,0.7,0.29031717596672874
fever_216351,fever,0,5,0.22497199573990256,0.0022214139276372706,0.7728065903324601,0.3,0.0,0.7,0.3886247090938673
fever_12682,fever,1,5,0.30294043882863786,0.37196563453057674,0.32509392664078546,0.3,0.1,0.6,0.5345125978509695
fever_162408,fever,1,5,0.3935519966661064,0.5992516527820282,0.007196350551865396,0.4,0.6,0.0,0.6028498280579608
fever_221072,fever,0,5,0.983333747461247,0.00034211007799295456,0.016324142460760027,1.0,0.0,0.0,0.008504181308372967
fever_178341,fever,1,5,0.33541319610506054,0.0046495948197827364,0.6599372090751567,0.2,0.0,0.8,0.3346181993573611
fever_151450,fever,0,5,0.983333747461247,0.00034211007799295456,0.016324142460760027,1.0,0.0,0.0,0.008504181308372967
fever_38861,fever,1,5,0.42523674168716596,0.004699846504603386,0.5700634118082307,0.4,0.0,0.6,0.28973155240871873
fever_161234,fever,1,5,0.9826993441391535,0.00042328314591742776,0.01687737271492914,1.0,0.0,0.0,0.008861969503381997
fever_15425,fever,0,5,0.983333747461247,0.00034211007799295456,0.016324142460760027,1.0,0.0,0.0,0.008504181308372967
fever_40432,fever,1,5,0.9826993441391535,0.00042328314591742776,0.01687737271492914,1.0,0.0,0.0,0.008861969503381997
fever_162035,fever,0,5,0.983333747461247,0.00034211007799295456,0.016324142460760027,1.0,0.0,0.0,0.008504181308372967
fever_64457,fever,0,5,0.983333747461247,0.00034211007799295456,0.016324142460760027,1.0,0.0,0.0,0.008504181308372967
fever_127957,fever,1,5,0.9826993441391535,0.00042328314591742776,0.01687737271492914,1.0,0.0,0.0,0.008861969503381997
fever_194893,fever,1,5,0.29614020627991017,0.609892663082759,0.09396713063733085,0.3,0.7,0.0,0.6568762284014245
fever_195038,fever,1,5,0.9826993441391535,0.00042328314591742776,0.01687737271492914,1.0,0.0,0.0,0.008861969503381997
fever_90000,fever,0,5,0.9905636818269393,0.0006030133451602259,0.008833304827900507,1.0,0.0,0.0,0.00501966575911048
fever_186588,fever,0,5,0.8484539722302546,0.006093038730054361,0.1454529890396911,1.0,0.0,0.0,0.0788195332498999
fever_104847,fever,0,5,0.983333747461247,0.00034211007799295456,0.016324142460760027,1.0,0.0,0.0,0.008504181308372967
fever_69425,fever,1,5,0.983333747461247,0.00034211007799295456,0.016324142460760027,1.0,0.0,0.0,0.008504181308372967
fever_33011,fever,1,5,0.4813547488021713,0.10609311442610252,0.4125521367717263,0.6,0.1,0.3,0.3123691828119657
fever_9182,fever,0,5,0.983333747461247,0.00034211007799295456,0.016324142460760027,1.0,0.0,0.0,0.008504181308372967
fever_67766,fever,0,5,0.983333747461247,0.00034211007799295456,0.016324142460760027,1.0,0.0,0.0,0.008504181308372967
fever_113361,fever,0,5,0.983333747461247,0.00034211007799295456,0.016324142460760027,1.0,0.0,0.0,0.008504181308372967
fever_21187,fever,0,5,0.7873326127409542,0.003132070240868822,0.20953531701817707,0.6,0.0,0.4,0.10789972874995736
fever_69536,fever,0,5,0.983333747461247,0.00034211007799295456,0.016324142460760027,1.0,0.0,0.0,0.008504181308372967
fever_123477,fever,1,5,0.5961002427169246,0.395443928144886,0.008455829138189343,0.6,0.4,0.0,0.39967184271398065
fever_84329,fever,1,5,0.9826993441391535,0.00042328314591742776,0.01687737271492914,1.0,0.0,0.0,0.008861969503381997
fever_114050,fever,0,5,0.983333747461247,0.00034211007799295456,0.016324142460760027,1.0,0.0,0.0,0.008504181308372967
fever_113188,fever,1,5,0.9826993441391535,0.00042328314591742776,0.01687737271492914,1.0,0.0,0.0,0.008861969503381997
fever_19592,fever,0,5,0.6276463721975674,0.007813264299698948,0.3645403635027339,0.3,0.0,0.7,0.1900834460510659
fever_199414,fever,0,5,0.006353720473752619,0.3834317618623382,0.6102145176639091,0.0,0.4,0.6,0.6885390206942927
fever_146260,fever,0,5,0.983333747461247,0.00034211007799295456,0.016324142460760027,1.0,0.0,0.0,0.008504181308372967
fever_28679,fever,1,5,0.19107344478031035,0.014028680938242074,0.7948978742814475,0.1,0.0,0.9,0.4114776180789658
fever_124565,fever,0,5,0.9826993441391535,0.00042328314591742776,0.01687737271492914,1.0,0.0,0.0,0.008861969503381997
fever_146361,fever,0,5,0.5833605181084918,0.017796310159574964,0.3988431717319332,0.3,0.0,0.7,0.21721789602554156
fever_10713,fever,0,5,0.983333747461247,0.00034211007799295456,0.016324142460760027,1.0,0.0,0.0,0.008504181308372967
fever_225749,fever,1,5,0.9893136268995002,0.0008214721013142112,0.009864900999185685,1.0,0.0,0.0,0.005753922600907054
fever_150098,fever,1,5,0.3960242053163746,0.5929874820807575,0.010988312602867822,0.4,0.6,0.0,0.5984816383821914
fever_181264,fever,1,5,0.7313500591639733,0.014403718091128021,0.2542462227448987,0.6,0.0,0.4,0.1415268294635774
fever_125912,fever,1,5,0.735318759130141,0.014642586052968906,0.2500386548168903,0.6,0.0,0.4,0.13966191346141404
fever_139330,fever,0,5,0.30285834712201193,0.005013028124393341,0.6921286247535947,0.3,0.0,0.7,0.3510773405011907
fever_11570,fever,1,5,0.22036259277115255,0.5522144296182937,0.2274229776105538,0.0,0.6,0.4,0.6659259184235706
fever_194183,fever,1,5,0.983333747461247,0.00034211007799295456,0.016324142460760027,1.0,0.0,0.0,0.008504181308372967
fever_164103,fever,1,5,0.9826993441391535,0.00042328314591742776,0.01687737271492914,1.0,0.0,0.0,0.008861969503381997
fever_204997,fever,0,5,0.9904956540899651,0.0005622237864160224,0.008942122123618978,1.0,0.0,0.0,0.005033284848225511
fever_155629,fever,1,5,0.3048386468864973,0.10588085990988978,0.5892804932036129,0.3,0.1,0.6,0.4005211065116962
fever_178240,fever,1,5,0.6896274345379634,0.049793715242667236,0.26057885021936955,0.6,0.0,0.4,0.180083140352352
fever_172306,fever,1,5,0.983333747461247,0.00034211007799295456,0.016324142460760027,1.0,0.0,0.0,0.008504181308372967
fever_86749,fever,1,5,0.983333747461247,0.00034211007799295456,0.016324142460760027,1.0,0.0,0.0,0.008504181308372967
fever_119606,fever,0,5,0.983333747461247,0.00034211007799295456,0.016324142460760027,1.0,0.0,0.0,0.008504181308372967
fever_205643,fever,1,5,0.983333747461247,0.00034211007799295456,0.016324142460760027,1.0,0.0,0.0,0.008504181308372967
fever_2317,fever,1,5,0.9826993441391535,0.00042328314591742776,0.01687737271492914,1.0,0.0,0.0,0.008861969503381997
fever_222643,fever,0,5,0.9826993441391535,0.00042328314591742776,0.01687737271492914,1.0,0.0,0.0,0.008861969503381997
fever_10675,fever,1,5,0.9826993441391535,0.00042328314591742776,0.01687737271492914,1.0,0.0,0.0,0.008861969503381997
fever_198067,fever,1,5,0.23185321503665984,0.5879502390174424,0.18019654594589768,0.3,0.6,0.1,0.6780485119903912
fever_145516,fever,0,5,0.9733219156411265,0.009049908494838083,0.017628175864035447,1.0,0.0,0.0,0.017863996426855808
fever_192959,fever,0,5,0.7916632613949333,0.0019362512947296822,0.20640048731033697,0.6,0.0,0.4,0.10513649494989817
fever_117447,fever,1,5,0.6725109909508693,0.006088238838885959,0.3214007702102447,0.4,0.0,0.6,0.1667886239440083
fever_208441,fever,1,5,0.9826993441391535,0.00042328314591742776,0.01687737271492914,1.0,0.0,0.0,0.008861969503381997
fever_127814,fever,1,5,0.983333747461247,0.00034211007799295456,0.016324142460760027,1.0,0.0,0.0,0.008504181308372967
fever_78311,fever,0,5,0.7868982685257785,0.008204994446557895,0.20489673702766367,1.0,0.0,0.0,0.11065336296038973
fever_32490,fever,0,5,0.983333747461247,0.00034211007799295456,0.016324142460760027,1.0,0.0,0.0,0.008504181308372967
fever_27657,fever,0,5,0.983333747461247,0.00034211007799295456,0.016324142460760027,1.0,0.0,0.0,0.008504181308372967
fever_21145,fever,0,5,0.983333747461247,0.00034211007799295456,0.016324142460760027,1.0,0.0,0.0,0.008504181308372967
fever_220234,fever,0,5,0.6149247544914245,0.1715745665054574,0.21350067900311814,0.7,0.1,0.2,0.2783249060070165
fever_220278,fever,0,5,0.9826993441391535,0.00042328314591742776,0.01687737271492914,1.0,0.0,0.0,0.008861969503381997
fever_185402,fever,1,5,0.39641087387050616,0.5993421950293962,0.004246931100097556,0.4,0.6,0.0,0.6014656605794451
fever_5092,fever,0,5,0.0868438932766813,0.03110487215276379,0.8820512345705549,0.0,0.0,1.0,0.47213048943804126
fever_165111,fever,0,5,0.6095349270460118,0.006480798033258418,0.38398427492072995,0.6,0.0,0.4,0.19847293549362338
fever_42152,fever,1,5,0.9826993441391535,0.00042328314591742776,0.01687737271492914,1.0,0.0,0.0,0.008861969503381997
fever_197368,fever,0,5,0.9924317420916406,0.0005668069235575543,0.007001450984801772,1.0,0.0,0.0,0.00406753241595844
fever_174510,fever,0,5,0.983333747461247,0.00034211007799295456,0.016324142460760027,1.0,0.0,0.0,0.008504181308372967
fever_61563,fever,0,5,0.5555517085278543,0.014488365108214708,0.4299599263639311,0.6,0.0,0.4,0.22946832829018027
fever_184054,fever,1,5,0.5933172453402745,0.004218913922879279,0.4024638407368462,0.4,0.0,0.6,0.2054508342913024
fever_187114,fever,0,5,0.983333747461247,0.00034211007799295456,0.016324142460760027,1.0,0.0,0.0,0.008504181308372967
fever_183618,fever,1,5,0.5638048002084128,0.003465743491493993,0.43272945630009324,0.4,0.0,0.6,0.21983047164154063
fever_166485,fever,0,5,0.4887972729839617,0.1889367526025832,0.3222659744134552,0.2,0.2,0.6,0.3500697398093108
fever_186592,fever,1,5,0.20127864735496154,0.7893585776108928,0.00936277503414579,0.2,0.8,0.0,0.7940399651279657
fever_99105,fever,1,5,0.983333747461247,0.00034211007799295456,0.016324142460760027,1.0,0.0,0.0,0.008504181308372967
fever_134200,fever,0,5,0.4157864412258466,0.008931332505551583,0.5752822262686018,0.2,0.0,0.8,0.29657244563985247
fever_137038,fever,0,5,0.9826993441391535,0.00042328314591742776,0.01687737271492914,1.0,0.0,0.0,0.008861969503381997
fever_193860,fever,0,5,0.9893136268995002,0.0008214721013142112,0.009864900999185685,1.0,0.0,0.0,0.005753922600907054
fever_30062,fever,0,5,0.9826993441391535,0.00042328314591742776,0.01687737271492914,1.0,0.0,0.0,0.008861969503381997
fever_78018,fever,0,5,0.3795923868521989,0.0023915665290058603,0.6180160466187952,0.3,0.0,0.7,0.31139958983840343
fever_165652,fever,0,5,0.2583256387859232,0.0024228271317413164,0.7392515340823353,0.3,0.0,0.7,0.372048594172909
fever_225254,fever,0,5,0.6952214200057143,0.006787860791090788,0.29799071920319486,0.6,0.0,0.4,0.15578322039268822
fever_8246,fever,0,5,0.5901882071526261,0.39960972700948816,0.010202065837885667,0.6,0.4,0.0,0.404710759928431
fever_10278,fever,1,5,0.2396883961288967,0.04734369205507317,0.7129679118160301,0.1,0.0,0.9,0.40382764796308823
fever_42619,fever,0,5,0.983333747461247,0.00034211007799295456,0.016324142460760027,1.0,0.0,0.0,0.008504181308372967
fever_204010,fever,1,5,0.983333747461247,0.00034211007799295456,0.016324142460760027,1.0,0.0,0.0,0.008504181308372967
fever_15006,fever,0,5,0.983333747461247,0.00034211007799295456,0.016324142460760027,1.0,0.0,0.0,0.008504181308372967
fever_201364,fever,0,5,0.1865202066298581,0.00953771252808375,0.8039420808420582,0.1,0.0,0.9,0.4115087529491129
fever_147936,fever,0,5,0.9826993441391535,0.00042328314591742776,0.01687737271492914,1.0,0.0,0.0,0.008861969503381997
fever_37558,fever,1,5,0.2454240951734905,0.001539350695812753,0.7530365541306967,0.1,0.0,0.9,0.3780576277611611
fever_212187,fever,0,5,0.5528278400479426,0.0031142625010743817,0.44405789745098323,0.3,0.0,0.7,0.225143211226566
fever_94059,fever,0,5,0.6153152410386651,0.004511761424269097,0.38017299753706574,0.4,0.0,0.6,0.19459826019280196
