id,source_dataset,original_label,num_generations,exact_match_agreement,unique_response_ratio,majority_response_fraction,mean_pairwise_similarity,min_pairwise_similarity,max_pairwise_similarity,pairwise_similarity_std,generation_disagreement
halueval-8465,halueval,1,5,1.0,0.2,1.0,0.9144852757453918,0.8528854250907898,1.0,0.05566880479454994,0.08551472425460815
halueval-9667,halueval,1,5,0.0,1.0,0.2,0.8713045120239258,0.766732931137085,0.9932417869567871,0.08339070528745651,0.12869548797607422
halueval-8673,halueval,0,5,0.4,0.4,0.6,0.7128902673721313,0.5214837789535522,1.0,0.23442412912845612,0.28710973262786865
halueval-5554,halueval,0,5,1.0,0.2,1.0,1.0,1.0,1.0,0.0,0.0
halueval-8298,halueval,0,5,0.0,1.0,0.2,0.8260919451713562,0.6407833099365234,0.9728329181671143,0.11919895559549332,0.1739080548286438
halueval-157,halueval,1,5,0.6,0.4,0.8,0.9093319773674011,0.7733301520347595,0.9999999403953552,0.11104506254196167,0.09066802263259888
halueval-9946,halueval,1,5,0.0,1.0,0.2,0.9450021982192993,0.9102929830551147,0.9843007922172546,0.022355226799845695,0.054997801780700684
halueval-7444,halueval,0,5,0.4,0.4,0.6,0.5028183460235596,0.17136399447917938,1.0,0.4059470295906067,0.49718165397644043
halueval-1567,halueval,1,5,0.3,0.6,0.6,0.6332475543022156,0.4069923758506775,1.0,0.24740368127822876,0.3667524456977844
halueval-5072,halueval,0,5,0.2,0.6,0.4,0.6096287965774536,0.3512043058872223,1.0,0.30817651748657227,0.3903712034225464
halueval-3409,halueval,1,5,0.0,1.0,0.2,0.8265830278396606,0.7597368955612183,0.9022613763809204,0.045774590224027634,0.17341697216033936
halueval-6034,halueval,1,5,0.2,0.6,0.4,0.6195945739746094,0.33758145570755005,1.0,0.24514509737491608,0.3804054260253906
halueval-1239,halueval,0,5,0.1,0.8,0.4,0.6116954684257507,0.09162088483572006,1.0,0.3549766540527344,0.38830453157424927
halueval-4890,halueval,1,5,1.0,0.2,1.0,1.0,1.0,1.0,0.0,0.0
halueval-5462,halueval,0,5,0.2,0.6,0.4,0.6919001936912537,0.4716988205909729,1.0,0.24922974407672882,0.30809980630874634
halueval-1130,halueval,1,5,0.1,0.8,0.4,0.7815955877304077,0.6385015249252319,1.0,0.11867209523916245,0.21840441226959229
halueval-1717,halueval,1,5,0.0,1.0,0.2,0.7931181192398071,0.5684363842010498,0.9973576068878174,0.14525829255580902,0.20688188076019287
halueval-5853,halueval,0,5,0.2,0.6,0.4,0.7412241101264954,0.5531401038169861,1.0,0.19342561066150665,0.25877588987350464
halueval-9293,halueval,0,5,0.2,0.6,0.4,0.5342743396759033,0.3249199688434601,1.0,0.2511305510997772,0.4657256603240967
halueval-9363,halueval,0,5,0.4,0.4,0.6,0.9347199201583862,0.8911998271942139,1.0,0.05330098047852516,0.06528007984161377
halueval-9204,halueval,1,5,0.6,0.4,0.8,0.8452447652816772,0.6131119728088379,1.0,0.18953564763069153,0.15475523471832275
halueval-7635,halueval,1,5,0.6,0.4,0.8,0.808294415473938,0.5207362174987793,0.9999998211860657,0.23479026556015015,0.191705584526062
halueval-1353,halueval,1,5,1.0,0.2,1.0,0.9871951341629028,0.9679878950119019,0.9999998807907104,0.015682604163885117,0.012804865837097168
halueval-6699,halueval,1,5,0.1,0.8,0.4,0.7133437395095825,0.48423102498054504,1.0,0.19016852974891663,0.2866562604904175
halueval-8917,halueval,1,5,0.4,0.4,0.6,0.9582049250602722,0.9281749129295349,1.0,0.024606572464108467,0.04179507493972778
halueval-184,halueval,0,5,1.0,0.2,1.0,0.9738034009933472,0.9563391208648682,1.0,0.021389374509453773,0.026196599006652832
halueval-7015,halueval,1,5,1.0,0.2,1.0,1.0,1.0,1.0,0.0,0.0
halueval-8121,halueval,1,5,1.0,0.2,1.0,1.0,1.0,1.0,0.0,0.0
halueval-8119,halueval,1,5,0.1,0.8,0.4,0.8377324342727661,0.7199082970619202,1.0,0.07992017269134521,0.1622675657272339
halueval-3481,halueval,1,5,1.0,0.2,1.0,0.9999998807907104,0.9999998807907104,0.9999998807907104,0.0,1.1920928955078125e-07
halueval-2021,halueval,1,5,1.0,0.2,1.0,1.0,1.0,1.0,0.0,0.0
halueval-7892,halueval,0,5,0.6,0.4,0.8,0.8235832452774048,0.5547062158584595,0.9999997615814209,0.21092979609966278,0.17641675472259521
halueval-922,halueval,1,5,0.3,0.6,0.6,0.773208737373352,0.6085766553878784,0.9999998807907104,0.1580972671508789,0.22679126262664795
halueval-3618,halueval,1,5,1.0,0.2,1.0,0.9927101135253906,0.9817752838134766,0.9999999403953552,0.00892822165042162,0.007289886474609375
halueval-3508,halueval,0,5,0.2,0.6,0.4,0.32277265191078186,-0.02108629047870636,1.0,0.36065202951431274,0.6772273480892181
halueval-3756,halueval,0,5,0.1,0.8,0.4,0.7503993511199951,0.46217501163482666,1.0,0.17241531610488892,0.24960064888000488
halueval-2137,halueval,0,5,0.6,0.4,0.8,0.7290685772895813,0.32267147302627563,1.0,0.33182185888290405,0.2709314227104187
halueval-5978,halueval,0,5,0.3,0.6,0.6,0.5818740129470825,0.16889730095863342,0.9999998807907104,0.35085541009902954,0.4181259870529175
halueval-9235,halueval,1,5,0.2,0.6,0.4,0.9142277836799622,0.8458741903305054,1.0,0.0525660403072834,0.08577221632003784
halueval-3318,halueval,0,5,1.0,0.2,1.0,1.0,1.0,1.0,0.0,0.0
halueval-9699,halueval,1,5,1.0,0.2,1.0,1.0,1.0,1.0,0.0,0.0
halueval-2408,halueval,0,5,1.0,0.2,1.0,0.9820825457572937,0.9701376557350159,1.0,0.014629500918090343,0.0179174542427063
halueval-1304,halueval,1,5,0.6,0.4,0.8,0.7871211171150208,0.46780282258987427,1.0,0.2607223093509674,0.21287888288497925
halueval-6032,halueval,1,5,0.6,0.4,0.8,0.7836228609085083,0.459057092666626,1.0,0.2650068402290344,0.2163771390914917
halueval-8393,halueval,1,5,0.6,0.4,0.8,0.6972521543502808,0.2431304156780243,1.0,0.3707888722419739,0.30274784564971924
halueval-8469,halueval,0,5,1.0,0.2,1.0,0.9807740449905396,0.9679566621780396,1.0,0.015697967261075974,0.01922595500946045
halueval-3137,halueval,0,5,0.6,0.4,0.8,0.7830751538276672,0.4576877951622009,1.0,0.26567763090133667,0.21692484617233276
halueval-3826,halueval,0,5,0.4,0.4,0.6,0.5889456868171692,0.31154578924179077,1.0,0.3206183910369873,0.4110543131828308
halueval-606,halueval,0,5,0.1,0.8,0.4,0.5761924386024475,0.2584739625453949,0.9999998807907104,0.33523333072662354,0.4238075613975525
halueval-7279,halueval,1,5,1.0,0.2,1.0,1.0,1.0,1.0,0.0,0.0
halueval-2321,halueval,0,5,0.3,0.6,0.6,0.6932970285415649,0.4783959984779358,1.0,0.19047099351882935,0.30670297145843506
halueval-4864,halueval,0,5,0.0,1.0,0.2,0.8943536877632141,0.8159374594688416,0.9544133543968201,0.04768817499279976,0.10564631223678589
halueval-5649,halueval,1,5,1.0,0.2,1.0,1.0,1.0,1.0,0.0,0.0
halueval-4829,halueval,1,5,0.2,0.6,0.4,0.37028759717941284,-0.07612083107233047,1.0,0.37443971633911133,0.6297124028205872
halueval-2058,halueval,0,5,0.6,0.4,0.8,0.855704128742218,0.6392607092857361,0.9999997615814209,0.1767253279685974,0.14429587125778198
halueval-378,halueval,0,5,0.6,0.4,0.8,0.8613570332527161,0.6533926725387573,0.9999998211860657,0.16980212926864624,0.13864296674728394
halueval-1298,halueval,0,5,0.1,0.8,0.4,0.8536556363105774,0.722292423248291,1.0,0.11109993606805801,0.1463443636894226
halueval-4403,halueval,0,5,0.3,0.6,0.6,0.7469265460968018,0.3874504566192627,1.0,0.29302260279655457,0.25307345390319824
halueval-5646,halueval,0,5,1.0,0.2,1.0,1.0,1.0,1.0,0.0,0.0
halueval-813,halueval,1,5,0.1,0.8,0.4,0.8201905488967896,0.5479978322982788,0.9965868592262268,0.20205925405025482,0.17980945110321045
halueval-3774,halueval,0,5,0.1,0.8,0.4,0.8216214179992676,0.6274447441101074,0.9999998807907104,0.12711985409259796,0.17837858200073242
halueval-2337,halueval,0,5,0.0,1.0,0.2,0.48470163345336914,0.175306499004364,0.7800548076629639,0.19425450265407562,0.5152983665466309
halueval-5503,halueval,0,5,1.0,0.2,1.0,0.9938870668411255,0.9847177267074585,1.0,0.007486754562705755,0.006112933158874512
halueval-3482,halueval,0,5,0.4,0.4,0.6,0.8344777822494507,0.7124360799789429,1.0,0.12694592773914337,0.16552221775054932
halueval-5565,halueval,1,5,0.1,0.8,0.4,0.9003645777702332,0.8244069814682007,1.0,0.053932372480630875,0.09963542222976685
halueval-2154,halueval,0,5,0.0,1.0,0.2,0.42193642258644104,0.14612160623073578,0.8838256597518921,0.24350519478321075,0.578063577413559
halueval-8495,halueval,0,5,0.6,0.4,0.8,0.9148372411727905,0.7870932817459106,1.0,0.10430256277322769,0.08516275882720947
halueval-1611,halueval,1,5,0.3,0.6,0.6,0.6011559963226318,0.19042083621025085,1.0,0.31763318181037903,0.39884400367736816
halueval-1564,halueval,1,5,0.1,0.8,0.4,0.3485327661037445,0.1425023078918457,0.9999998807907104,0.23647703230381012,0.6514672338962555
halueval-9405,halueval,0,5,1.0,0.2,1.0,1.0,1.0,1.0,0.0,0.0
halueval-5754,halueval,0,5,0.1,0.8,0.4,0.7351795434951782,0.38555026054382324,1.0,0.248548686504364,0.2648204565048218
halueval-1996,halueval,1,5,0.6,0.4,0.8,0.7778855562210083,0.444713830947876,1.0,0.27203354239463806,0.2221144437789917
halueval-7896,halueval,1,5,0.1,0.8,0.4,0.6646137237548828,0.4784671664237976,0.9999997615814209,0.16027233004570007,0.3353862762451172
halueval-262,halueval,0,5,0.2,0.6,0.4,0.8808921575546265,0.7872586250305176,1.0,0.08292335271835327,0.11910784244537354
halueval-8107,halueval,0,5,0.6,0.4,0.8,0.6990455389022827,0.24761411547660828,0.9999998807907104,0.368592232465744,0.3009544610977173
halueval-6430,halueval,1,5,1.0,0.2,1.0,1.0,1.0,1.0,0.0,0.0
halueval-396,halueval,0,5,1.0,0.2,1.0,1.0,1.0,1.0,0.0,0.0
halueval-6835,halueval,0,5,0.3,0.6,0.6,0.9798896908760071,0.9576001763343811,1.0,0.018181391060352325,0.02011030912399292
halueval-438,halueval,0,5,0.3,0.6,0.6,0.8136841058731079,0.6132526993751526,0.9999997615814209,0.15062496066093445,0.1863158941268921
halueval-9632,halueval,1,5,0.0,1.0,0.2,0.6800469160079956,0.4417080283164978,0.9385786056518555,0.14402227103710175,0.3199530839920044
halueval-909,halueval,1,5,1.0,0.2,1.0,0.9999998211860657,0.9999998211860657,0.9999998211860657,0.0,1.7881393432617188e-07
halueval-4228,halueval,0,5,1.0,0.2,1.0,1.0,1.0,1.0,0.0,0.0
halueval-8756,halueval,0,5,0.6,0.4,0.8,0.8209031224250793,0.5522580146789551,0.9999998807907104,0.21934781968593597,0.17909687757492065
halueval-8958,halueval,1,5,0.0,1.0,0.2,0.9063502550125122,0.8364361524581909,0.9530755877494812,0.034985288977622986,0.09364974498748779
halueval-351,halueval,1,5,0.6,0.4,0.8,0.8230396509170532,0.5575989484786987,1.0,0.21673138439655304,0.17696034908294678
halueval-8371,halueval,0,5,1.0,0.2,1.0,0.9999998807907104,0.9999998807907104,0.9999998807907104,0.0,1.1920928955078125e-07
halueval-858,halueval,0,5,0.1,0.8,0.4,0.6279271245002747,0.24201703071594238,0.9999999403953552,0.24306248128414154,0.37207287549972534
halueval-302,halueval,1,5,0.4,0.4,0.6,0.7617363929748535,0.6028941869735718,0.9999997615814209,0.19454120099544525,0.23826360702514648
halueval-6446,halueval,1,5,0.0,1.0,0.2,0.5724408030509949,0.3674677908420563,0.8598697185516357,0.17126262187957764,0.4275591969490051
halueval-5194,halueval,1,5,0.0,1.0,0.2,0.8693791627883911,0.8163518905639648,0.9132469892501831,0.03089449740946293,0.1306208372116089
halueval-2679,halueval,1,5,1.0,0.2,1.0,0.9837287068367004,0.9593217372894287,1.0,0.01992819830775261,0.01627129316329956
halueval-2882,halueval,0,5,0.0,1.0,0.2,0.9251374006271362,0.8430473804473877,0.963324785232544,0.03372384235262871,0.07486259937286377
halueval-6195,halueval,0,5,0.0,1.0,0.2,0.9213835000991821,0.8670099973678589,0.9808928966522217,0.033511895686388016,0.07861649990081787
halueval-3574,halueval,1,5,0.3,0.6,0.6,0.7126516103744507,0.49123895168304443,1.0,0.2082718312740326,0.2873483896255493
halueval-9344,halueval,1,5,1.0,0.2,1.0,1.0,1.0,1.0,0.0,0.0
halueval-6572,halueval,0,5,0.4,0.4,0.6,0.8633963465690613,0.772327184677124,1.0,0.11153644323348999,0.13660365343093872
halueval-1013,halueval,0,5,1.0,0.2,1.0,0.9999998807907104,0.9999998807907104,0.9999998807907104,0.0,1.1920928955078125e-07
halueval-6480,halueval,0,5,1.0,0.2,1.0,1.0,1.0,1.0,0.0,0.0
halueval-9327,halueval,1,5,0.1,0.8,0.4,0.9284719228744507,0.8579524159431458,1.0,0.03997255116701126,0.07152807712554932
halueval-880,halueval,0,5,1.0,0.2,1.0,0.9936500787734985,0.9841251373291016,1.0,0.007777062244713306,0.006349921226501465
halueval-1221,halueval,1,5,0.6,0.4,0.8,0.8921874165534973,0.7304685115814209,1.0,0.13204291462898254,0.10781258344650269
halueval-6186,halueval,0,5,0.0,1.0,0.2,0.8404256105422974,0.6607195138931274,0.9576964974403381,0.08877560496330261,0.15957438945770264
halueval-9766,halueval,1,5,0.4,0.4,0.6,0.6077219247817993,0.34620314836502075,1.0,0.32029372453689575,0.3922780752182007
halueval-4378,halueval,1,5,0.1,0.8,0.4,0.7722460031509399,0.6371863484382629,1.0,0.12409350275993347,0.22775399684906006
halueval-3683,halueval,0,5,0.4,0.4,0.6,0.9597799181938171,0.9329667091369629,1.0,0.03283947333693504,0.04022008180618286
halueval-6340,halueval,0,5,0.3,0.6,0.6,0.5361831784248352,0.07129568606615067,1.0,0.3514510691165924,0.4638168215751648
halueval-4100,halueval,0,5,0.4,0.4,0.6,0.5474087595939636,0.2456813007593155,1.0,0.36953920125961304,0.4525912404060364
halueval-6221,halueval,1,5,1.0,0.2,1.0,1.0,1.0,1.0,0.0,0.0
halueval-6366,halueval,0,5,0.4,0.4,0.6,0.9464702606201172,0.9107837080955505,1.0,0.04370686411857605,0.05352973937988281
halueval-582,halueval,1,5,0.0,1.0,0.2,0.6500042676925659,0.235228031873703,0.9708539247512817,0.21267764270305634,0.3499957323074341
halueval-9911,halueval,0,5,1.0,0.2,1.0,1.0,1.0,1.0,0.0,0.0
halueval-9839,halueval,1,5,0.0,1.0,0.2,0.33113932609558105,0.16387996077537537,0.8611491322517395,0.21741044521331787,0.668860673904419
halueval-9616,halueval,0,5,1.0,0.2,1.0,1.0,1.0,1.0,0.0,0.0
halueval-9359,halueval,0,5,1.0,0.2,1.0,0.9999998211860657,0.9999997615814209,0.9999997615814209,5.960464477539063e-08,1.7881393432617188e-07
halueval-6087,halueval,0,5,1.0,0.2,1.0,1.0,1.0,1.0,0.0,0.0
halueval-3271,halueval,0,5,0.0,1.0,0.2,0.9098793268203735,0.8499633073806763,0.9503576159477234,0.03543785586953163,0.09012067317962646
halueval-2785,halueval,1,5,1.0,0.2,1.0,1.0,1.0,1.0,0.0,0.0
halueval-5678,halueval,0,5,0.4,0.4,0.6,0.7996317148208618,0.6693369746208191,1.0,0.13061997294425964,0.20036828517913818
halueval-1184,halueval,0,5,0.3,0.6,0.6,0.8154443502426147,0.5666015148162842,1.0,0.19735562801361084,0.18455564975738525
halueval-7750,halueval,1,5,0.3,0.6,0.6,0.4730762839317322,-0.0189623162150383,1.0,0.41312694549560547,0.5269237160682678
halueval-6348,halueval,1,5,0.0,1.0,0.2,0.7779439091682434,0.6227400898933411,0.9878804087638855,0.1520661860704422,0.2220560908317566
halueval-3577,halueval,1,5,0.1,0.8,0.4,0.6727818250656128,0.5292377471923828,1.0,0.15370313823223114,0.3272181749343872
halueval-4577,halueval,1,5,1.0,0.2,1.0,0.9912396669387817,0.9853994250297546,1.0,0.007152784150093794,0.008760333061218262
halueval-3261,halueval,0,5,0.4,0.4,0.6,0.4701419472694397,0.11441691964864731,0.9999999403953552,0.4289209842681885,0.5298580527305603
halueval-5834,halueval,0,5,0.0,1.0,0.2,0.9133495092391968,0.8550683856010437,0.9701923131942749,0.03723430633544922,0.08665049076080322
halueval-3654,halueval,1,5,1.0,0.2,1.0,1.0,1.0,1.0,0.0,0.0
halueval-4397,halueval,1,5,0.6,0.4,0.8,0.8015246391296387,0.5241395235061646,1.0,0.22461211681365967,0.19847536087036133
halueval-9181,halueval,1,5,1.0,0.2,1.0,0.9863611459732056,0.9659028053283691,1.0,0.016704145818948746,0.013638854026794434
halueval-7847,halueval,1,5,0.2,0.6,0.4,0.5199794173240662,0.22032633423805237,1.0,0.3190094232559204,0.48002058267593384
halueval-5915,halueval,0,5,0.1,0.8,0.4,0.7219370603561401,0.5543174147605896,0.9999997615814209,0.12698666751384735,0.27806293964385986
halueval-9067,halueval,1,5,0.6,0.4,0.8,0.9837623834609985,0.9594059586524963,1.0,0.019886936992406845,0.016237616539001465
halueval-7859,halueval,0,5,0.3,0.6,0.6,0.8113835453987122,0.5718603730201721,1.0,0.1355045884847641,0.18861645460128784
halueval-3463,halueval,1,5,0.3,0.6,0.6,0.4953816533088684,0.2090335637331009,1.0,0.33070653676986694,0.5046183466911316
halueval-3559,halueval,1,5,1.0,0.2,1.0,1.0,1.0,1.0,0.0,0.0
halueval-9730,halueval,0,5,1.0,0.2,1.0,1.0,1.0,1.0,0.0,0.0
halueval-8161,halueval,0,5,1.0,0.2,1.0,0.9999998807907104,0.9999998807907104,0.9999998807907104,0.0,1.1920928955078125e-07
halueval-1379,halueval,0,5,0.1,0.8,0.4,0.8618165850639343,0.793289303779602,1.0,0.09094409644603729,0.13818341493606567
halueval-3059,halueval,0,5,1.0,0.2,1.0,1.0,1.0,1.0,0.0,0.0
halueval-1052,halueval,1,5,0.6,0.4,0.8,0.7018892168998718,0.25472313165664673,1.0,0.3651096224784851,0.2981107831001282
halueval-6298,halueval,0,5,0.6,0.4,0.8,0.8446434140205383,0.5928474068641663,1.0,0.17009909451007843,0.15535658597946167
halueval-3101,halueval,1,5,0.0,1.0,0.2,0.7210866808891296,0.5416221618652344,0.9493334293365479,0.15832360088825226,0.27891331911087036
halueval-7769,halueval,0,5,1.0,0.2,1.0,0.9391353726387024,0.9024667143821716,0.9999997615814209,0.043223001062870026,0.06086462736129761
halueval-7445,halueval,1,5,1.0,0.2,1.0,1.0,1.0,1.0,0.0,0.0
halueval-1641,halueval,0,5,0.6,0.4,0.8,0.8901007771492004,0.7566252946853638,1.0,0.10673438757658005,0.10989922285079956
halueval-9738,halueval,0,5,0.6,0.4,0.8,0.8318475484848022,0.5796188712120056,1.0,0.20594385266304016,0.16815245151519775
halueval-4789,halueval,1,5,0.4,0.4,0.6,0.5168089866638184,0.19468165934085846,1.0,0.3945237398147583,0.48319101333618164
halueval-244,halueval,0,5,1.0,0.2,1.0,1.0,1.0,1.0,0.0,0.0
halueval-6578,halueval,1,5,0.0,1.0,0.2,0.869196891784668,0.7871056795120239,0.9747878909111023,0.05352211371064186,0.13080310821533203
halueval-4658,halueval,0,5,0.3,0.6,0.6,0.6400963664054871,0.37108415365219116,1.0,0.23614488542079926,0.35990363359451294
halueval-1382,halueval,1,5,0.0,1.0,0.2,0.6810052394866943,0.37951821088790894,0.9436973929405212,0.15015634894371033,0.31899476051330566
halueval-7514,halueval,1,5,1.0,0.2,1.0,1.0,1.0,1.0,0.0,0.0
halueval-2145,halueval,1,5,0.6,0.4,0.8,0.8915103077888489,0.7324962019920349,0.9999998211860657,0.1252901554107666,0.10848969221115112
halueval-7145,halueval,1,5,0.6,0.4,0.8,0.8842349052429199,0.7105871438980103,1.0,0.1417827606201172,0.11576509475708008
halueval-2619,halueval,1,5,0.0,1.0,0.2,0.8231216669082642,0.7231519222259521,0.9771428108215332,0.06931537389755249,0.17687833309173584
halueval-3056,halueval,0,5,0.1,0.8,0.4,0.37287166714668274,0.09149694442749023,1.0,0.3471682667732239,0.6271283328533173
halueval-7259,halueval,1,5,0.4,0.4,0.6,0.964013934135437,0.9305052757263184,1.0,0.022736262530088425,0.03598606586456299
halueval-9994,halueval,1,5,1.0,0.2,1.0,0.9620445966720581,0.9367411136627197,1.0,0.030990391969680786,0.037955403327941895
halueval-1651,halueval,0,5,0.0,1.0,0.2,0.5974650382995605,0.20387707650661469,0.9868439435958862,0.31986895203590393,0.40253496170043945
halueval-4271,halueval,0,5,1.0,0.2,1.0,1.0,1.0,1.0,0.0,0.0
halueval-8295,halueval,0,5,0.6,0.4,0.8,0.8476951718330383,0.627832293510437,1.0,0.17611843347549438,0.15230482816696167
halueval-5735,halueval,0,5,0.6,0.4,0.8,0.9534236788749695,0.8835594058036804,0.9999999403953552,0.057043977081775665,0.04657632112503052
halueval-7343,halueval,0,5,1.0,0.2,1.0,1.0,1.0,1.0,0.0,0.0
halueval-7076,halueval,1,5,1.0,0.2,1.0,0.9822125434875488,0.970354437828064,1.0,0.01452325563877821,0.017787456512451172
halueval-7190,halueval,1,5,1.0,0.2,1.0,1.0,1.0,1.0,0.0,0.0
halueval-8745,halueval,0,5,0.3,0.6,0.6,0.8467808961868286,0.6934450268745422,1.0,0.12225913256406784,0.1532191038131714
halueval-7270,halueval,0,5,0.0,1.0,0.2,0.6139999628067017,0.3780890107154846,0.969631552696228,0.20761650800704956,0.38600003719329834
halueval-3283,halueval,1,5,0.3,0.6,0.6,0.5607590079307556,0.07921397686004639,1.0,0.35259830951690674,0.4392409920692444
halueval-8456,halueval,1,5,1.0,0.2,1.0,1.0,1.0,1.0,0.0,0.0
halueval-5153,halueval,1,5,0.1,0.8,0.4,0.640533447265625,0.4482792615890503,1.0,0.16870133578777313,0.359466552734375
halueval-6235,halueval,0,5,1.0,0.2,1.0,1.0,1.0,1.0,0.0,0.0
halueval-8815,halueval,0,5,1.0,0.2,1.0,1.0,1.0,1.0,0.0,0.0
halueval-905,halueval,1,5,0.1,0.8,0.4,0.7380474805831909,0.5576268434524536,0.96817547082901,0.1400153785943985,0.2619525194168091
halueval-187,halueval,0,5,1.0,0.2,1.0,1.0,1.0,1.0,0.0,0.0
halueval-5850,halueval,0,5,1.0,0.2,1.0,1.0,1.0,1.0,0.0,0.0
halueval-469,halueval,0,5,0.1,0.8,0.4,0.6013736128807068,0.2380145639181137,0.9380879402160645,0.23461976647377014,0.3986263871192932
halueval-5196,halueval,0,5,1.0,0.2,1.0,0.9999998211860657,0.9999998211860657,0.9999998211860657,0.0,1.7881393432617188e-07
halueval-7265,halueval,1,5,0.0,1.0,0.2,0.3898809552192688,0.13492907583713531,0.9511351585388184,0.29667407274246216,0.6101190447807312
halueval-7047,halueval,0,5,0.0,1.0,0.2,0.8768771886825562,0.73607337474823,0.9429798126220703,0.061553679406642914,0.12312281131744385
halueval-271,halueval,0,5,1.0,0.2,1.0,0.9234126806259155,0.8723545074462891,1.0,0.06253324449062347,0.07658731937408447
halueval-2117,halueval,1,5,0.0,1.0,0.2,0.7997831702232361,0.6022025346755981,0.9375828504562378,0.11436460167169571,0.20021682977676392
halueval-5929,halueval,0,5,1.0,0.2,1.0,1.0,1.0,1.0,0.0,0.0
halueval-6386,halueval,0,5,1.0,0.2,1.0,1.0,1.0,1.0,0.0,0.0
halueval-1043,halueval,0,5,1.0,0.2,1.0,1.0,1.0,1.0,0.0,0.0
halueval-2843,halueval,0,5,0.6,0.4,0.8,0.9920865893363953,0.9802165031433105,1.0,0.009691894985735416,0.007913410663604736
halueval-9507,halueval,1,5,1.0,0.2,1.0,1.0,1.0,1.0,0.0,0.0
halueval-7956,halueval,1,5,0.0,1.0,0.2,0.6848919987678528,0.4643425941467285,0.933052122592926,0.12388589978218079,0.3151080012321472
halueval-9698,halueval,1,5,1.0,0.2,1.0,0.9999998807907104,0.9999998807907104,0.9999998807907104,0.0,1.1920928955078125e-07
halueval-1393,halueval,0,5,0.1,0.8,0.4,0.8856693506240845,0.779272198677063,0.9999998807907104,0.05133740231394768,0.11433064937591553
halueval-4686,halueval,1,5,1.0,0.2,1.0,1.0,1.0,1.0,0.0,0.0
halueval-5445,halueval,1,5,0.0,1.0,0.2,0.36348462104797363,0.07109393179416656,0.7466977834701538,0.2136375606060028,0.6365153789520264
halueval-9369,halueval,0,5,0.3,0.6,0.6,0.8966484069824219,0.7563266754150391,0.9999998807907104,0.1143994852900505,0.10335159301757812
halueval-8417,halueval,1,5,0.1,0.8,0.4,0.5619024038314819,-0.04382715001702309,1.0,0.365895539522171,0.43809759616851807
halueval-2797,halueval,1,5,1.0,0.2,1.0,0.9999998211860657,0.9999998211860657,0.9999998211860657,0.0,1.7881393432617188e-07
halueval-3674,halueval,1,5,1.0,0.2,1.0,0.9779468774795532,0.9448671340942383,1.0,0.027009479701519012,0.022053122520446777
halueval-8452,halueval,1,5,0.4,0.4,0.6,0.9343182444572449,0.8905303478240967,1.0,0.05362895876169205,0.06568175554275513
halueval-8532,halueval,0,5,0.3,0.6,0.6,0.9496227502822876,0.8611140251159668,1.0,0.05136628448963165,0.0503772497177124
halueval-6985,halueval,1,5,0.0,1.0,0.2,0.9308663606643677,0.8574991226196289,0.9983241558074951,0.05215686187148094,0.06913363933563232
halueval-585,halueval,0,5,1.0,0.2,1.0,0.9787214398384094,0.9468035697937012,1.0,0.02606082148849964,0.021278560161590576
halueval-2129,halueval,1,5,0.0,1.0,0.2,0.9154661893844604,0.8773785829544067,0.9483447074890137,0.026893023401498795,0.08453381061553955
halueval-4508,halueval,0,5,0.0,1.0,0.2,0.8803340792655945,0.7293441295623779,0.98572838306427,0.09651894122362137,0.11966592073440552
halueval-8381,halueval,1,5,0.3,0.6,0.6,0.6406224966049194,0.26259464025497437,0.9999998807907104,0.29438257217407227,0.35937750339508057
halueval-9386,halueval,0,5,0.6,0.4,0.8,0.9851943254470825,0.9629857540130615,1.0,0.01813320256769657,0.01480567455291748
halueval-7807,halueval,0,5,0.0,1.0,0.2,0.7086862325668335,0.47921350598335266,0.9970327615737915,0.16526566445827484,0.2913137674331665
halueval-4112,halueval,0,5,1.0,0.2,1.0,1.0,1.0,1.0,0.0,0.0
halueval-2197,halueval,1,5,0.6,0.4,0.8,0.7249940633773804,0.31248509883880615,1.0,0.3368121385574341,0.27500593662261963
halueval-5940,halueval,1,5,0.0,1.0,0.2,0.6111559271812439,0.42701974511146545,0.9533015489578247,0.16692109405994415,0.3888440728187561
halueval-7465,halueval,0,5,1.0,0.2,1.0,1.0,1.0,1.0,0.0,0.0
halueval-3949,halueval,0,5,0.0,1.0,0.2,0.47677165269851685,0.296012282371521,0.7996540665626526,0.14804457128047943,0.5232283473014832
halueval-1336,halueval,0,5,0.3,0.6,0.6,0.5761250257492065,0.16920863091945648,1.0,0.33942827582359314,0.42387497425079346
halueval-8565,halueval,1,5,1.0,0.2,1.0,1.0,1.0,1.0,0.0,0.0
halueval-3895,halueval,0,5,1.0,0.2,1.0,1.0,1.0,1.0,0.0,0.0
halueval-7261,halueval,1,5,0.0,1.0,0.2,0.693309485912323,0.48208993673324585,0.961739182472229,0.16757480800151825,0.306690514087677
halueval-4138,halueval,1,5,0.6,0.4,0.8,0.834505558013916,0.5862639546394348,1.0,0.20268844068050385,0.16549444198608398
halueval-380,halueval,1,5,0.0,1.0,0.2,0.9596698880195618,0.9326238632202148,0.9910421967506409,0.017074832692742348,0.04033011198043823
halueval-5582,halueval,0,5,0.3,0.6,0.6,0.78258216381073,0.4712652564048767,1.0,0.2142014056444168,0.21741783618927002
halueval-2427,halueval,0,5,1.0,0.2,1.0,0.9999998807907104,0.9999998807907104,0.9999998807907104,0.0,1.1920928955078125e-07
halueval-8666,halueval,1,5,0.0,1.0,0.2,0.5225666761398315,0.2480931282043457,0.828494668006897,0.20449475944042206,0.47743332386016846
halueval-715,halueval,0,5,1.0,0.2,1.0,0.9999998807907104,0.9999999403953552,0.9999999403953552,5.960464477539063e-08,1.1920928955078125e-07
halueval-6861,halueval,1,5,0.6,0.4,0.8,0.8812946081161499,0.7791703939437866,1.0,0.0899798721075058,0.1187053918838501
halueval-2437,halueval,0,5,1.0,0.2,1.0,1.0,1.0,1.0,0.0,0.0
halueval-1441,halueval,1,5,1.0,0.2,1.0,1.0,1.0,1.0,0.0,0.0
halueval-8627,halueval,1,5,0.0,1.0,0.2,0.6869560480117798,0.448599636554718,0.9207915663719177,0.13663604855537415,0.3130439519882202
halueval-9062,halueval,0,5,1.0,0.2,1.0,1.0,1.0,1.0,0.0,0.0
halueval-1848,halueval,0,5,0.6,0.4,0.8,0.8812745213508606,0.7139155864715576,1.0,0.112014040350914,0.1187254786491394
halueval-4277,halueval,0,5,0.1,0.8,0.4,0.5740382671356201,0.24572154879570007,1.0,0.30556052923202515,0.4259617328643799
halueval-7074,halueval,0,5,0.6,0.4,0.8,0.913425087928772,0.7835627198219299,1.0,0.10603218525648117,0.08657491207122803
halueval-1201,halueval,0,5,1.0,0.2,1.0,0.9781926274299622,0.945481538772583,1.0,0.026708481833338737,0.021807372570037842
halueval-9089,halueval,0,5,1.0,0.2,1.0,0.9816375970840454,0.9693959951400757,1.0,0.014992831274867058,0.01836240291595459
halueval-161,halueval,1,5,1.0,0.2,1.0,1.0,1.0,1.0,0.0,0.0
halueval-3150,halueval,1,5,0.1,0.8,0.4,0.6571038961410522,0.17448240518569946,1.0,0.325099378824234,0.34289610385894775
halueval-8705,halueval,1,5,0.1,0.8,0.4,0.8499431610107422,0.7006012201309204,1.0,0.10128636658191681,0.1500568389892578
halueval-9238,halueval,0,5,0.6,0.4,0.8,0.8536308407783508,0.7040974497795105,1.0,0.08215596526861191,0.14636915922164917
halueval-5555,halueval,0,5,1.0,0.2,1.0,0.9919353723526001,0.979838490486145,1.0,0.009877081960439682,0.008064627647399902
halueval-505,halueval,1,5,0.6,0.4,0.8,0.8153492212295532,0.5383731126785278,0.9999998807907104,0.2261500060558319,0.18465077877044678
halueval-9601,halueval,1,5,0.0,1.0,0.2,0.9592172503471375,0.8946025371551514,0.9982768297195435,0.042988039553165436,0.04078274965286255
halueval-5692,halueval,1,5,1.0,0.2,1.0,1.0,1.0,1.0,0.0,0.0
halueval-5182,halueval,1,5,1.0,0.2,1.0,0.9999998807907104,0.9999999403953552,0.9999999403953552,5.960464477539063e-08,1.1920928955078125e-07
halueval-5774,halueval,1,5,0.0,1.0,0.2,0.6091431379318237,0.16734370589256287,0.9547808170318604,0.34679272770881653,0.39085686206817627
halueval-1022,halueval,1,5,1.0,0.2,1.0,1.0,1.0,1.0,0.0,0.0
halueval-5089,halueval,1,5,0.4,0.4,0.6,0.9468868970870972,0.9114782810211182,1.0,0.04336661100387573,0.05311310291290283
halueval-2259,halueval,0,5,0.6,0.4,0.8,0.9680910110473633,0.9202277064323425,0.9999998807907104,0.03908022493124008,0.03190898895263672
halueval-4560,halueval,1,5,1.0,0.2,1.0,1.0,1.0,1.0,0.0,0.0
halueval-8564,halueval,1,5,0.1,0.8,0.4,0.4681791663169861,0.041566770523786545,1.0,0.3131190538406372,0.5318208336830139
halueval-6586,halueval,0,5,0.1,0.8,0.4,0.9403144717216492,0.9119004011154175,1.0,0.03090069815516472,0.05968552827835083
halueval-8022,halueval,0,5,0.0,1.0,0.2,0.8689330816268921,0.7579643726348877,0.9504181146621704,0.0540093258023262,0.1310669183731079
halueval-3313,halueval,0,5,0.6,0.4,0.8,0.974734902381897,0.9368370771408081,1.0,0.030943384394049644,0.025265097618103027
halueval-6455,halueval,1,5,0.6,0.4,0.8,0.8942656517028809,0.7476717829704285,1.0,0.11926526576280594,0.10573434829711914
halueval-4056,halueval,1,5,1.0,0.2,1.0,1.0,1.0,1.0,0.0,0.0
halueval-4885,halueval,1,5,1.0,0.2,1.0,1.0,1.0,1.0,0.0,0.0
halueval-3057,halueval,0,5,0.6,0.4,0.8,0.63641756772995,0.09104400873184204,1.0,0.44529566168785095,0.36358243227005005
halueval-1800,halueval,1,5,1.0,0.2,1.0,0.9885989427566528,0.9809982776641846,1.0,0.009308875538408756,0.011401057243347168
halueval-1699,halueval,0,5,1.0,0.2,1.0,0.9786302447319031,0.9643837213516235,1.0,0.017448335886001587,0.021369755268096924
halueval-4268,halueval,1,5,0.0,1.0,0.2,0.5750407576560974,0.1825076937675476,0.9884097576141357,0.261382520198822,0.4249592423439026
halueval-6224,halueval,0,5,0.1,0.8,0.4,0.6271979808807373,0.39617136120796204,1.0,0.19347408413887024,0.3728020191192627
halueval-7278,halueval,1,5,1.0,0.2,1.0,1.0,1.0,1.0,0.0,0.0
halueval-6542,halueval,1,5,0.0,1.0,0.2,0.6778233647346497,0.17658564448356628,0.9788848161697388,0.2987056076526642,0.32217663526535034
halueval-8120,halueval,0,5,0.4,0.4,0.6,0.9855006337165833,0.9758344888687134,1.0,0.011838546954095364,0.014499366283416748
halueval-1770,halueval,0,5,0.3,0.6,0.6,0.7038461565971375,0.3666378855705261,1.0,0.2699129581451416,0.29615384340286255
halueval-5616,halueval,1,5,1.0,0.2,1.0,0.9602451324462891,0.9337419271469116,1.0,0.032459694892168045,0.03975486755371094
halueval-4798,halueval,1,5,1.0,0.2,1.0,1.0,1.0,1.0,0.0,0.0
halueval-9542,halueval,1,5,0.6,0.4,0.8,0.7203523516654968,0.3008808493614197,1.0,0.3424970507621765,0.2796476483345032
halueval-987,halueval,0,5,0.6,0.4,0.8,0.6844915151596069,0.2527199387550354,1.0,0.33496031165122986,0.31550848484039307
halueval-7725,halueval,0,5,0.1,0.8,0.4,0.4505513608455658,0.1332084834575653,1.0,0.2665005624294281,0.5494486391544342
halueval-6995,halueval,1,5,1.0,0.2,1.0,1.0,1.0,1.0,0.0,0.0
halueval-5982,halueval,1,5,0.6,0.4,0.8,0.6724845170974731,0.18121129274368286,0.9999998807907104,0.4011228382587433,0.32751548290252686
halueval-7169,halueval,1,5,1.0,0.2,1.0,1.0,1.0,1.0,0.0,0.0
halueval-1874,halueval,0,5,0.3,0.6,0.6,0.6916173100471497,0.5029505491256714,1.0,0.21193844079971313,0.30838268995285034
halueval-6090,halueval,0,5,0.1,0.8,0.4,0.6718391180038452,0.5563949346542358,0.9999998807907104,0.12165993452072144,0.3281608819961548
halueval-4527,halueval,1,5,1.0,0.2,1.0,1.0,1.0,1.0,0.0,0.0
halueval-4794,halueval,1,5,1.0,0.2,1.0,0.9885881543159485,0.9809802770614624,1.0,0.009317723102867603,0.011411845684051514
halueval-51,halueval,0,5,1.0,0.2,1.0,0.988900363445282,0.9722512364387512,0.9999998807907104,0.013594004325568676,0.011099636554718018
halueval-3130,halueval,0,5,0.1,0.8,0.4,0.798782467842102,0.5824587345123291,0.9999999403953552,0.14298652112483978,0.20121753215789795
halueval-5564,halueval,0,5,1.0,0.2,1.0,1.0,1.0,1.0,0.0,0.0
halueval-5904,halueval,1,5,1.0,0.2,1.0,1.0,1.0,1.0,0.0,0.0
halueval-666,halueval,1,5,0.4,0.4,0.6,0.5266274213790894,0.2132357358932495,1.0,0.3776765763759613,0.47337257862091064
halueval-3180,halueval,1,5,1.0,0.2,1.0,1.0,1.0,1.0,0.0,0.0
halueval-102,halueval,1,5,0.2,0.6,0.4,0.6831964254379272,0.5724416971206665,1.0,0.15194186568260193,0.31680357456207275
halueval-1780,halueval,1,5,0.0,1.0,0.2,0.7739588022232056,0.42494285106658936,0.9975669384002686,0.25158295035362244,0.22604119777679443
halueval-7326,halueval,0,5,0.0,1.0,0.2,0.9262261390686035,0.8394331932067871,0.9823698997497559,0.0394262820482254,0.07377386093139648
halueval-3963,halueval,1,5,0.0,1.0,0.2,0.9090828895568848,0.8305830955505371,0.9468827247619629,0.033591415733098984,0.09091711044311523
halueval-935,halueval,1,5,0.6,0.4,0.8,0.8124063611030579,0.5310158133506775,1.0,0.22975440323352814,0.18759363889694214
halueval-8967,halueval,1,5,0.0,1.0,0.2,0.9076277017593384,0.8288962841033936,0.9712587594985962,0.042486634105443954,0.09237229824066162
halueval-8973,halueval,1,5,1.0,0.2,1.0,0.9886046648025513,0.9810077548027039,1.0,0.009304261766374111,0.01139533519744873
halueval-5740,halueval,0,5,1.0,0.2,1.0,0.9798396229743958,0.9663993120193481,1.0,0.016460901126265526,0.020160377025604248
halueval-7612,halueval,0,5,0.1,0.8,0.4,0.7433222532272339,0.5975383520126343,1.0,0.1381533443927765,0.2566777467727661
halueval-7263,halueval,0,5,0.1,0.8,0.4,0.7591040134429932,0.4531712830066681,1.0,0.2339836210012436,0.24089598655700684
halueval-6592,halueval,0,5,1.0,0.2,1.0,1.0,1.0,1.0,0.0,0.0
halueval-4514,halueval,1,5,0.1,0.8,0.4,0.652161717414856,0.38532477617263794,1.0,0.20279482007026672,0.34783828258514404
halueval-2565,halueval,0,5,0.6,0.4,0.8,0.9891731142997742,0.9729328155517578,1.0,0.013260157778859138,0.01082688570022583
halueval-3372,halueval,1,5,1.0,0.2,1.0,0.9911938905715942,0.9779847264289856,0.9999998807907104,0.010785178281366825,0.008806109428405762
halueval-7171,halueval,0,5,0.6,0.4,0.8,0.7890188097953796,0.4725472629070282,0.9999998807907104,0.2583979368209839,0.21098119020462036
halueval-2467,halueval,1,5,0.1,0.8,0.4,0.7519688010215759,0.5318094491958618,1.0,0.1315954625606537,0.24803119897842407
halueval-8330,halueval,0,5,1.0,0.2,1.0,1.0,1.0,1.0,0.0,0.0
halueval-9671,halueval,1,5,1.0,0.2,1.0,0.9999998807907104,0.9999998807907104,0.9999998807907104,0.0,1.1920928955078125e-07
halueval-6465,halueval,1,5,0.0,1.0,0.2,0.7337015271186829,0.4688463807106018,0.9505736827850342,0.139448881149292,0.26629847288131714
halueval-6103,halueval,1,5,0.0,1.0,0.2,0.6789723634719849,0.3070589601993561,0.9152957201004028,0.20773789286613464,0.32102763652801514
halueval-475,halueval,1,5,0.3,0.6,0.6,0.84125816822052,0.7134832739830017,1.0,0.11297934502363205,0.15874183177947998
halueval-9060,halueval,1,5,0.4,0.4,0.6,0.8987414240837097,0.8312357068061829,1.0,0.08267728239297867,0.10125857591629028
halueval-4121,halueval,1,5,0.6,0.4,0.8,0.7432950735092163,0.35823768377304077,1.0,0.31439802050590515,0.2567049264907837
halueval-2109,halueval,1,5,1.0,0.2,1.0,1.0,1.0,1.0,0.0,0.0
halueval-3298,halueval,0,5,0.2,0.6,0.4,0.8437073826789856,0.7347372770309448,1.0,0.12653836607933044,0.1562926173210144
halueval-4495,halueval,0,5,1.0,0.2,1.0,0.9999998807907104,0.9999998807907104,0.9999998807907104,0.0,1.1920928955078125e-07
halueval-7533,halueval,1,5,0.4,0.4,0.6,0.9223740696907043,0.8706232905387878,1.0,0.0633813887834549,0.07762593030929565
halueval-7273,halueval,1,5,1.0,0.2,1.0,1.0,1.0,1.0,0.0,0.0
halueval-9666,halueval,0,5,0.6,0.4,0.8,0.871477484703064,0.6786938905715942,1.0,0.15740720927715302,0.12852251529693604
halueval-6411,halueval,0,5,1.0,0.2,1.0,0.9732802510261536,0.9554671049118042,1.0,0.021816574037075043,0.026719748973846436
halueval-7291,halueval,1,5,0.4,0.4,0.6,0.7980751991271973,0.6634587049484253,1.0,0.16487088799476624,0.20192480087280273
halueval-300,halueval,1,5,0.0,1.0,0.2,0.8979544639587402,0.813302755355835,0.9470964670181274,0.04846084490418434,0.10204553604125977
halueval-9888,halueval,0,5,1.0,0.2,1.0,0.9939630627632141,0.9849077463150024,1.0,0.007393664214760065,0.006036937236785889
halueval-4650,halueval,0,5,1.0,0.2,1.0,1.0,1.0,1.0,0.0,0.0
halueval-4684,halueval,0,5,0.6,0.4,0.8,0.8986088633537292,0.7465223073959351,1.0,0.1241782009601593,0.10139113664627075
halueval-1338,halueval,1,5,0.0,1.0,0.2,0.9015032052993774,0.7726987600326538,0.9594870805740356,0.051825687289237976,0.09849679470062256
halueval-7113,halueval,0,5,0.3,0.6,0.6,0.5558424592018127,0.3284238278865814,1.0,0.29247766733169556,0.44415754079818726
halueval-7299,halueval,0,5,0.6,0.4,0.8,0.8851693272590637,0.7129234075546265,0.9999998807907104,0.14063817262649536,0.11483067274093628
halueval-5841,halueval,1,5,0.4,0.4,0.6,0.739643394947052,0.5660723447799683,1.0,0.21258026361465454,0.260356605052948
halueval-3953,halueval,0,5,1.0,0.2,1.0,0.9652647972106934,0.9421080350875854,1.0,0.028361154720187187,0.03473520278930664
halueval-3037,halueval,0,5,0.6,0.4,0.8,0.9819305539131165,0.9548262357711792,1.0,0.022130534052848816,0.018069446086883545
halueval-554,halueval,1,5,1.0,0.2,1.0,1.0,1.0,1.0,0.0,0.0
halueval-1521,halueval,0,5,1.0,0.2,1.0,0.9999998211860657,0.9999997615814209,0.9999997615814209,5.960464477539063e-08,1.7881393432617188e-07
halueval-9884,halueval,1,5,0.1,0.8,0.4,0.38018685579299927,0.10516148805618286,0.8974642753601074,0.29608675837516785,0.6198131442070007
halueval-952,halueval,1,5,0.1,0.8,0.4,0.700508713722229,0.509635329246521,1.0,0.18231633305549622,0.299491286277771
halueval-223,halueval,1,5,0.3,0.6,0.6,0.8370444178581238,0.7281847596168518,1.0,0.12818709015846252,0.16295558214187622
halueval-8843,halueval,0,5,0.6,0.4,0.8,0.7509781122207642,0.37744542956352234,0.9999998807907104,0.30498814582824707,0.24902188777923584
halueval-2360,halueval,1,5,0.0,1.0,0.2,0.44443821907043457,0.006333910394459963,0.7610774040222168,0.34203535318374634,0.5555617809295654
halueval-6893,halueval,1,5,1.0,0.2,1.0,0.9999998807907104,0.9999999403953552,0.9999999403953552,5.960464477539063e-08,1.1920928955078125e-07
halueval-4923,halueval,1,5,0.0,1.0,0.2,0.722353458404541,0.3701557517051697,0.9774365425109863,0.2656826078891754,0.277646541595459
halueval-1969,halueval,0,5,0.0,1.0,0.2,0.9362084269523621,0.9125502109527588,0.9533563852310181,0.012357739731669426,0.06379157304763794
halueval-6036,halueval,1,5,1.0,0.2,1.0,0.981705367565155,0.9542635083198547,1.0,0.022406212985515594,0.01829463243484497
halueval-7241,halueval,0,5,1.0,0.2,1.0,0.9999998807907104,0.9999999403953552,0.9999999403953552,5.960464477539063e-08,1.1920928955078125e-07
halueval-846,halueval,0,5,0.0,1.0,0.2,0.8817259669303894,0.82288658618927,0.9732858538627625,0.04148119315505028,0.1182740330696106
halueval-3268,halueval,1,5,0.0,1.0,0.2,0.5062791705131531,0.002256568521261215,0.841924786567688,0.2982117235660553,0.4937208294868469
halueval-8780,halueval,1,5,0.1,0.8,0.4,0.6142793893814087,0.46658915281295776,0.9999998807907104,0.1802833378314972,0.3857206106185913
halueval-8798,halueval,1,5,0.0,1.0,0.2,0.4483739733695984,0.10201121866703033,0.9526920914649963,0.26545941829681396,0.5516260266304016
halueval-487,halueval,1,5,0.0,1.0,0.2,0.7988883852958679,0.6244174838066101,0.9846503734588623,0.10819962620735168,0.20111161470413208
halueval-1648,halueval,0,5,1.0,0.2,1.0,0.982157826423645,0.9553945064544678,1.0,0.02185213938355446,0.01784217357635498
halueval-2434,halueval,1,5,0.0,1.0,0.2,0.8201055526733398,0.6238882541656494,0.9978221654891968,0.1245293915271759,0.17989444732666016
halueval-4238,halueval,0,5,0.3,0.6,0.6,0.749548077583313,0.5771338939666748,0.9999998807907104,0.19844438135623932,0.250451922416687
halueval-4839,halueval,0,5,0.6,0.4,0.8,0.8816889524459839,0.7042226791381836,0.9999998807907104,0.14490064978599548,0.11831104755401611
halueval-9782,halueval,0,5,1.0,0.2,1.0,1.0,1.0,1.0,0.0,0.0
halueval-7303,halueval,0,5,0.2,0.6,0.4,0.5848056674003601,0.33397191762924194,0.9999998807907104,0.3051450848579407,0.4151943325996399
halueval-3702,halueval,0,5,0.1,0.8,0.4,0.7335233688354492,0.5226446986198425,0.9999998211860657,0.1516139656305313,0.2664766311645508
halueval-3405,halueval,0,5,1.0,0.2,1.0,1.0,1.0,1.0,0.0,0.0
halueval-6756,halueval,1,5,0.4,0.4,0.6,0.5933844447135925,0.32230740785598755,1.0,0.3320002257823944,0.40661555528640747
halueval-3616,halueval,1,5,0.0,1.0,0.2,0.8873547315597534,0.7777612209320068,0.9758738875389099,0.05779886618256569,0.11264526844024658
halueval-1321,halueval,1,5,0.6,0.4,0.8,0.7532050609588623,0.38301265239715576,1.0,0.3022608160972595,0.2467949390411377
halueval-963,halueval,1,5,0.3,0.6,0.6,0.6598227620124817,0.21955981850624084,0.9999999403953552,0.3567807078361511,0.3401772379875183
halueval-2921,halueval,0,5,0.6,0.4,0.8,0.984875500202179,0.962188720703125,0.9999999403953552,0.01852363720536232,0.015124499797821045
halueval-9013,halueval,1,5,0.0,1.0,0.2,0.7387265563011169,0.48205214738845825,0.9302564859390259,0.16565485298633575,0.26127344369888306
halueval-634,halueval,0,5,0.0,1.0,0.2,0.5597169995307922,0.21556222438812256,0.9755064249038696,0.2686171233654022,0.44028300046920776
halueval-9579,halueval,1,5,0.0,1.0,0.2,0.6048314571380615,0.2464626282453537,0.9342714548110962,0.25913846492767334,0.3951685428619385
halueval-9781,halueval,0,5,0.2,0.6,0.4,0.4187300205230713,0.08400270342826843,0.9999998807907104,0.3182847797870636,0.5812699794769287
halueval-2186,halueval,0,5,0.0,1.0,0.2,0.8518657684326172,0.7834154367446899,0.9197248220443726,0.039252426475286484,0.1481342315673828
halueval-5821,halueval,0,5,0.1,0.8,0.4,0.2928916811943054,0.09775923192501068,0.9999999403953552,0.2552931010723114,0.7071083188056946
halueval-5265,halueval,1,5,0.1,0.8,0.4,0.9365334510803223,0.8899080753326416,0.9999998807907104,0.03407181426882744,0.06346654891967773
halueval-2454,halueval,1,5,0.1,0.8,0.4,0.45081669092178345,-0.11291671544313431,1.0,0.44947120547294617,0.5491833090782166
halueval-2285,halueval,1,5,1.0,0.2,1.0,1.0,1.0,1.0,0.0,0.0
halueval-486,halueval,0,5,0.0,1.0,0.2,0.9178120493888855,0.8504852056503296,0.9941795468330383,0.042009565979242325,0.0821879506111145
halueval-2726,halueval,1,5,0.1,0.8,0.4,0.6552621126174927,0.27125146985054016,1.0,0.27734607458114624,0.3447378873825073
halueval-3954,halueval,0,5,1.0,0.2,1.0,1.0,1.0,1.0,0.0,0.0
halueval-4711,halueval,0,5,0.0,1.0,0.2,0.6316532492637634,0.16217869520187378,0.9584035873413086,0.31765273213386536,0.3683467507362366
halueval-4659,halueval,0,5,0.0,1.0,0.2,0.9048830270767212,0.8190486431121826,0.9704338908195496,0.046751730144023895,0.09511697292327881
halueval-5105,halueval,1,5,0.1,0.8,0.4,0.9717329144477844,0.9601981043815613,0.9999998807907104,0.012680679559707642,0.028267085552215576
halueval-6198,halueval,1,5,1.0,0.2,1.0,1.0,1.0,1.0,0.0,0.0
halueval-7256,halueval,1,5,1.0,0.2,1.0,0.9999998807907104,0.9999998807907104,0.9999998807907104,0.0,1.1920928955078125e-07
halueval-5895,halueval,1,5,0.2,0.6,0.4,0.8247979879379272,0.6977310180664062,1.0,0.09969969838857651,0.17520201206207275
halueval-2080,halueval,1,5,0.0,1.0,0.2,0.9474316835403442,0.887178897857666,0.998172402381897,0.032159894704818726,0.05256831645965576
halueval-1807,halueval,0,5,1.0,0.2,1.0,1.0,1.0,1.0,0.0,0.0
halueval-6383,halueval,0,5,0.1,0.8,0.4,0.7300093770027161,0.5270813703536987,1.0,0.17454078793525696,0.26999062299728394
halueval-465,halueval,0,5,0.1,0.8,0.4,0.4860197901725769,0.1659533679485321,0.9999997615814209,0.24832405149936676,0.5139802098274231
halueval-198,halueval,1,5,0.1,0.8,0.4,0.7395192384719849,0.5317217111587524,0.9999998807907104,0.1498396396636963,0.26048076152801514
halueval-6081,halueval,0,5,0.0,1.0,0.2,0.6824542880058289,0.23008480668067932,0.9874821901321411,0.3490120768547058,0.31754571199417114
halueval-9423,halueval,1,5,1.0,0.2,1.0,1.0,1.0,1.0,0.0,0.0
halueval-1711,halueval,1,5,0.1,0.8,0.4,0.4463752806186676,0.17757165431976318,1.0,0.3062869906425476,0.5536247193813324
halueval-7820,halueval,1,5,1.0,0.2,1.0,0.9999998211860657,0.9999997615814209,0.9999997615814209,5.960464477539063e-08,1.7881393432617188e-07
halueval-943,halueval,1,5,0.1,0.8,0.4,0.6917184591293335,0.4959953725337982,0.9858198165893555,0.1338765025138855,0.3082815408706665
halueval-4702,halueval,1,5,1.0,0.2,1.0,1.0,1.0,1.0,0.0,0.0
halueval-4357,halueval,1,5,0.4,0.4,0.6,0.9629201889038086,0.9382003545761108,1.0,0.03027551993727684,0.037079811096191406
halueval-4262,halueval,1,5,1.0,0.2,1.0,1.0,1.0,1.0,0.0,0.0
halueval-6365,halueval,1,5,0.4,0.4,0.6,0.6923583149909973,0.46739786863327026,1.0,0.2496950924396515,0.3076416850090027
halueval-8479,halueval,0,5,0.6,0.4,0.8,0.7837903499603271,0.4594758152961731,1.0,0.26480168104171753,0.21620965003967285
halueval-5522,halueval,1,5,1.0,0.2,1.0,1.0,1.0,1.0,0.0,0.0
halueval-5237,halueval,1,5,0.1,0.8,0.4,0.6441680192947388,0.35627925395965576,1.0,0.25077369809150696,0.35583198070526123
halueval-3649,halueval,1,5,0.1,0.8,0.4,0.7629682421684265,0.5883545279502869,1.0,0.1444472074508667,0.2370317578315735
halueval-8097,halueval,1,5,1.0,0.2,1.0,1.0,1.0,1.0,0.0,0.0
halueval-2952,halueval,1,5,0.1,0.8,0.4,0.7161253690719604,0.6183745265007019,1.0,0.13495442271232605,0.28387463092803955
halueval-4358,halueval,0,5,0.1,0.8,0.4,0.6116840243339539,0.39943283796310425,0.9683414697647095,0.15875165164470673,0.38831597566604614
halueval-765,halueval,1,5,0.0,1.0,0.2,0.9499489665031433,0.877984881401062,0.999164342880249,0.04807797074317932,0.05005103349685669
halueval-1075,halueval,1,5,1.0,0.2,1.0,0.9999998211860657,0.9999997615814209,0.9999997615814209,5.960464477539063e-08,1.7881393432617188e-07
halueval-1912,halueval,0,5,1.0,0.2,1.0,0.9732366800308228,0.9553945064544678,1.0,0.021852118894457817,0.026763319969177246
halueval-7808,halueval,1,5,1.0,0.2,1.0,0.9999998807907104,0.9999998807907104,0.9999998807907104,0.0,1.1920928955078125e-07
halueval-749,halueval,0,5,0.0,1.0,0.2,0.6814164519309998,0.48834681510925293,0.8242648243904114,0.10773899406194687,0.31858354806900024
halueval-7952,halueval,1,5,1.0,0.2,1.0,1.0,1.0,1.0,0.0,0.0
halueval-97,halueval,1,5,0.1,0.8,0.4,0.794394850730896,0.6230347156524658,1.0,0.11246123909950256,0.205605149269104
halueval-3863,halueval,0,5,0.1,0.8,0.4,0.7416187524795532,0.5686005353927612,1.0,0.20072408020496368,0.2583812475204468
halueval-2164,halueval,1,5,1.0,0.2,1.0,1.0,1.0,1.0,0.0,0.0
halueval-8543,halueval,0,5,1.0,0.2,1.0,1.0,1.0,1.0,0.0,0.0
halueval-4448,halueval,0,5,1.0,0.2,1.0,0.982757568359375,0.9568939805030823,1.0,0.021117551252245903,0.017242431640625
halueval-1250,halueval,1,5,1.0,0.2,1.0,0.9899739027023315,0.9749349355697632,0.9999998807907104,0.012279265560209751,0.010026097297668457
halueval-1570,halueval,1,5,0.3,0.6,0.6,0.579975962638855,0.31985342502593994,1.0,0.2781944274902344,0.420024037361145
halueval-3260,halueval,1,5,0.1,0.8,0.4,0.43313437700271606,0.14230340719223022,1.0,0.3057527244091034,0.5668656229972839
halueval-3275,halueval,1,5,1.0,0.2,1.0,1.0,1.0,1.0,0.0,0.0
halueval-3498,halueval,0,5,0.0,1.0,0.2,0.7898817658424377,0.6281830072402954,0.9843127131462097,0.11799269169569016,0.21011823415756226
halueval-8388,halueval,1,5,0.0,1.0,0.2,0.9431602358818054,0.8941694498062134,0.9884529113769531,0.0334562323987484,0.05683976411819458
halueval-2043,halueval,1,5,0.2,0.6,0.4,0.8235596418380737,0.7064864635467529,1.0,0.14264556765556335,0.17644035816192627
halueval-9882,halueval,0,5,1.0,0.2,1.0,1.0,1.0,1.0,0.0,0.0
halueval-8249,halueval,1,5,0.4,0.4,0.6,0.6930902004241943,0.47589990496635437,1.0,0.2482145130634308,0.30690979957580566
halueval-4305,halueval,0,5,1.0,0.2,1.0,1.0,1.0,1.0,0.0,0.0
halueval-4433,halueval,0,5,0.6,0.4,0.8,0.9591773748397827,0.8979435563087463,1.0,0.0499972440302372,0.040822625160217285
halueval-491,halueval,0,5,0.3,0.6,0.6,0.8231433033943176,0.5571182370185852,1.0,0.2066996991634369,0.17685669660568237
halueval-4200,halueval,1,5,0.3,0.6,0.6,0.9209543466567993,0.8094567060470581,1.0,0.07058705389499664,0.07904565334320068
halueval-2678,halueval,1,5,0.6,0.4,0.8,0.8423298001289368,0.60582435131073,1.0,0.19310584664344788,0.15767019987106323
halueval-7020,halueval,0,5,0.6,0.4,0.8,0.887740969657898,0.7193527221679688,0.9999998807907104,0.1374884694814682,0.11225903034210205
halueval-584,halueval,1,5,0.6,0.4,0.8,0.7133098840713501,0.2741968035697937,1.0,0.3375145196914673,0.2866901159286499
halueval-602,halueval,0,5,0.6,0.4,0.8,0.7830193638801575,0.4575483202934265,1.0,0.26574593782424927,0.21698063611984253
halueval-6435,halueval,0,5,0.1,0.8,0.4,0.5773210525512695,0.28809618949890137,0.9999998807907104,0.23747211694717407,0.42267894744873047
halueval-6529,halueval,0,5,0.0,1.0,0.2,0.7788112163543701,0.5122089385986328,0.9544919729232788,0.16746766865253448,0.22118878364562988
halueval-4979,halueval,0,5,0.0,1.0,0.2,0.9181990623474121,0.8931058645248413,0.9732616543769836,0.024581171572208405,0.08180093765258789
halueval-3429,halueval,1,5,0.0,1.0,0.2,0.7621878981590271,0.3574501872062683,0.9969482421875,0.21837709844112396,0.2378121018409729
halueval-237,halueval,0,5,0.1,0.8,0.4,0.9594739079475403,0.9217967987060547,1.0,0.025320284068584442,0.04052609205245972
halueval-5891,halueval,1,5,1.0,0.2,1.0,1.0,1.0,1.0,0.0,0.0
halueval-8597,halueval,0,5,1.0,0.2,1.0,0.9773516654968262,0.9622528553009033,1.0,0.01849222742021084,0.022648334503173828
halueval-4599,halueval,0,5,0.0,1.0,0.2,0.73766028881073,0.46950241923332214,0.9396147727966309,0.20580197870731354,0.26233971118927
halueval-8957,halueval,0,5,0.6,0.4,0.8,0.9502931833267212,0.8757327795028687,1.0,0.06087825819849968,0.04970681667327881
halueval-5937,halueval,0,5,1.0,0.2,1.0,1.0,1.0,1.0,0.0,0.0
halueval-209,halueval,1,5,1.0,0.2,1.0,0.9773516654968262,0.9622528553009033,1.0,0.01849222742021084,0.022648334503173828
halueval-9968,halueval,1,5,0.1,0.8,0.4,0.6265523433685303,0.4683242440223694,1.0,0.170292466878891,0.3734476566314697
halueval-3177,halueval,1,5,1.0,0.2,1.0,0.9880215525627136,0.9700540900230408,1.0,0.01467043999582529,0.011978447437286377
halueval-6753,halueval,0,5,0.1,0.8,0.4,0.9320601224899292,0.8623734712600708,1.0,0.0492459200322628,0.0679398775100708
halueval-8267,halueval,0,5,0.0,1.0,0.2,0.37923160195350647,0.19124829769134521,0.7639731168746948,0.17105229198932648,0.6207683980464935
halueval-859,halueval,1,5,1.0,0.2,1.0,1.0,1.0,1.0,0.0,0.0
halueval-6094,halueval,0,5,0.6,0.4,0.8,0.6409507989883423,0.10237683355808258,1.0,0.4397437572479248,0.3590492010116577
halueval-159,halueval,0,5,0.2,0.6,0.4,0.9301754236221313,0.8433127403259277,1.0,0.05819309502840042,0.06982457637786865
halueval-3255,halueval,0,5,0.0,1.0,0.2,0.8975327610969543,0.7872955799102783,0.9920158386230469,0.07301003485918045,0.10246723890304565
halueval-1913,halueval,0,5,0.3,0.6,0.6,0.7521699666976929,0.5251576900482178,1.0,0.18560388684272766,0.24783003330230713
halueval-6231,halueval,0,5,1.0,0.2,1.0,1.0,1.0,1.0,0.0,0.0
halueval-1243,halueval,0,5,1.0,0.2,1.0,1.0,1.0,1.0,0.0,0.0
halueval-329,halueval,1,5,0.6,0.4,0.8,0.9158291816711426,0.7934569120407104,1.0,0.06886908411979675,0.08417081832885742
halueval-2357,halueval,0,5,0.1,0.8,0.4,0.44980692863464355,0.10042886435985565,1.0,0.2849559783935547,0.5501930713653564
halueval-2641,halueval,0,5,0.0,1.0,0.2,0.4743691384792328,0.06327851116657257,0.8580914735794067,0.2478560358285904,0.5256308615207672
halueval-916,halueval,1,5,1.0,0.2,1.0,1.0,1.0,1.0,0.0,0.0
halueval-7405,halueval,1,5,0.4,0.4,0.6,0.8878604173660278,0.8170744180679321,0.9999999403953552,0.08146955072879791,0.11213958263397217
halueval-3491,halueval,0,5,1.0,0.2,1.0,0.991590678691864,0.9789767265319824,1.0,0.01029925886541605,0.008409321308135986
halueval-5457,halueval,0,5,0.3,0.6,0.6,0.42918044328689575,0.04287688434123993,1.0,0.42170262336730957,0.5708195567131042
halueval-735,halueval,1,5,0.3,0.6,0.6,0.9606190919876099,0.9253652095794678,0.9999996423721313,0.026661617681384087,0.03938090801239014
halueval-13,halueval,0,5,0.3,0.6,0.6,0.749033510684967,0.5258623361587524,0.9999998807907104,0.1917106807231903,0.25096648931503296
halueval-8634,halueval,1,5,0.6,0.4,0.8,0.9181474447250366,0.7953686118125916,1.0,0.10024850070476532,0.08185255527496338
halueval-6019,halueval,1,5,1.0,0.2,1.0,0.9785641431808472,0.9464105367660522,1.0,0.026253368705511093,0.021435856819152832
halueval-6381,halueval,0,5,0.3,0.6,0.6,0.8205617666244507,0.5844272375106812,0.9999998807907104,0.17480191588401794,0.17943823337554932
halueval-4170,halueval,1,5,0.6,0.4,0.8,0.843232274055481,0.6905516982078552,1.0,0.12583006918430328,0.15676772594451904
halueval-7773,halueval,1,5,0.0,1.0,0.2,0.7225135564804077,0.5549659729003906,0.9280732870101929,0.12171164155006409,0.2774864435195923
halueval-93,halueval,0,5,1.0,0.2,1.0,0.9799039959907532,0.9497599005699158,1.0,0.02461251989006996,0.020096004009246826
halueval-9205,halueval,0,5,0.1,0.8,0.4,0.5946828126907349,0.4143278896808624,1.0,0.2135591059923172,0.40531718730926514
halueval-68,halueval,0,5,0.2,0.6,0.4,0.39090096950531006,0.2087983340024948,1.0,0.3050071597099304,0.6090990304946899
halueval-2488,halueval,1,5,0.0,1.0,0.2,0.8946234583854675,0.8095585703849792,0.9516527652740479,0.04596061632037163,0.10537654161453247
halueval-4108,halueval,1,5,0.4,0.4,0.6,0.7688195109367371,0.6146992444992065,1.0,0.18875804543495178,0.23118048906326294
halueval-568,halueval,1,5,0.6,0.4,0.8,0.8337855339050293,0.584463894367218,1.0,0.20357027649879456,0.1662144660949707
halueval-4479,halueval,1,5,1.0,0.2,1.0,1.0,1.0,1.0,0.0,0.0
halueval-5199,halueval,1,5,1.0,0.2,1.0,0.9999998211860657,0.9999997615814209,0.9999997615814209,5.960464477539063e-08,1.7881393432617188e-07
halueval-600,halueval,0,5,1.0,0.2,1.0,1.0,1.0,1.0,0.0,0.0
halueval-1100,halueval,0,5,1.0,0.2,1.0,1.0,1.0,1.0,0.0,0.0
halueval-4517,halueval,0,5,1.0,0.2,1.0,0.9999998211860657,0.9999998211860657,0.9999998211860657,0.0,1.7881393432617188e-07
halueval-6766,halueval,0,5,1.0,0.2,1.0,1.0,1.0,1.0,0.0,0.0
halueval-1502,halueval,0,5,0.1,0.8,0.4,0.6354708075523376,0.3539229929447174,0.9354872703552246,0.19505491852760315,0.36452919244766235
halueval-5625,halueval,0,5,0.2,0.6,0.4,0.7703244090080261,0.6151514053344727,1.0,0.17882156372070312,0.22967559099197388
halueval-6080,halueval,0,5,0.6,0.4,0.8,0.8924131393432617,0.7442702054977417,1.0,0.11860641092061996,0.10758686065673828
halueval-1101,halueval,0,5,1.0,0.2,1.0,0.9771465063095093,0.9619108438491821,1.0,0.018659798428416252,0.022853493690490723
halueval-473,halueval,0,5,1.0,0.2,1.0,1.0,1.0,1.0,0.0,0.0
halueval-4131,halueval,1,5,0.0,1.0,0.2,0.9020554423332214,0.8653762340545654,0.9337444305419922,0.021610546857118607,0.09794455766677856
halueval-2707,halueval,0,5,1.0,0.2,1.0,1.0,1.0,1.0,0.0,0.0
halueval-7327,halueval,1,5,0.3,0.6,0.6,0.6845853924751282,0.4515646696090698,0.9999997615814209,0.2152722179889679,0.3154146075248718
halueval-6294,halueval,0,5,0.1,0.8,0.4,0.6440508365631104,0.22184747457504272,1.0,0.30162012577056885,0.35594916343688965
halueval-3120,halueval,1,5,1.0,0.2,1.0,1.0,1.0,1.0,0.0,0.0
halueval-1030,halueval,0,5,1.0,0.2,1.0,1.0,1.0,1.0,0.0,0.0
halueval-1021,halueval,0,5,0.6,0.4,0.8,0.6457300782203674,0.11432524025440216,1.0,0.4338902533054352,0.35426992177963257
halueval-5417,halueval,0,5,0.0,1.0,0.2,0.8508223295211792,0.6913228034973145,0.9591147899627686,0.08070256561040878,0.1491776704788208
halueval-7373,halueval,0,5,1.0,0.2,1.0,1.0,1.0,1.0,0.0,0.0
halueval-9107,halueval,0,5,0.0,1.0,0.2,0.7207213640213013,0.2429766058921814,0.969954252243042,0.2168724089860916,0.27927863597869873
halueval-2781,halueval,0,5,0.3,0.6,0.6,0.624123215675354,0.3453635275363922,1.0,0.2619338929653168,0.375876784324646
halueval-4778,halueval,0,5,0.0,1.0,0.2,0.616134524345398,0.1856878250837326,0.9870545864105225,0.3380244970321655,0.38386547565460205
halueval-9075,halueval,0,5,0.2,0.6,0.4,0.6641071438789368,0.4399503469467163,0.9999999403953552,0.27338486909866333,0.33589285612106323
halueval-7095,halueval,1,5,1.0,0.2,1.0,1.0,1.0,1.0,0.0,0.0
halueval-9315,halueval,0,5,0.2,0.6,0.4,0.8006637692451477,0.7399468421936035,0.9999998807907104,0.10097972303628922,0.1993362307548523
halueval-3432,halueval,1,5,0.1,0.8,0.4,0.6882542371749878,0.32514968514442444,1.0,0.2155391424894333,0.3117457628250122
halueval-5538,halueval,1,5,0.0,1.0,0.2,0.9338787794113159,0.8897383809089661,0.9751868844032288,0.02902974560856819,0.06612122058868408
halueval-3530,halueval,1,5,1.0,0.2,1.0,0.9829860925674438,0.9716433882713318,1.0,0.013891845941543579,0.017013907432556152
halueval-1569,halueval,0,5,1.0,0.2,1.0,1.0,1.0,1.0,0.0,0.0
halueval-752,halueval,0,5,0.4,0.4,0.6,0.6186558604240417,0.3644263744354248,1.0,0.3113662302494049,0.38134413957595825
halueval-4429,halueval,1,5,0.3,0.6,0.6,0.6072744131088257,0.3469717502593994,0.9999997615814209,0.2645104229450226,0.3927255868911743
halueval-2531,halueval,1,5,0.4,0.4,0.6,0.8525338172912598,0.7542229890823364,1.0,0.1204056516289711,0.14746618270874023
halueval-8920,halueval,0,5,0.0,1.0,0.2,0.6817323565483093,0.24951401352882385,0.9415009021759033,0.28914889693260193,0.3182676434516907
halueval-7433,halueval,0,5,0.6,0.4,0.8,0.861358642578125,0.6579333543777466,1.0,0.1603849083185196,0.138641357421875
halueval-3349,halueval,1,5,1.0,0.2,1.0,1.0,1.0,1.0,0.0,0.0
halueval-3086,halueval,1,5,0.0,1.0,0.2,0.8893019556999207,0.8220405578613281,0.999144434928894,0.07349718362092972,0.11069804430007935
halueval-4253,halueval,1,5,0.6,0.4,0.8,0.8027753829956055,0.5069385170936584,1.0,0.24154981970787048,0.19722461700439453
halueval-573,halueval,1,5,1.0,0.2,1.0,1.0,1.0,1.0,0.0,0.0
halueval-3238,halueval,0,5,0.3,0.6,0.6,0.6187624931335449,0.35332006216049194,0.9999998807907104,0.2795737385749817,0.3812375068664551
halueval-1322,halueval,0,5,1.0,0.2,1.0,1.0,1.0,1.0,0.0,0.0
halueval-9673,halueval,0,5,0.4,0.4,0.6,0.46915921568870544,0.1152653619647026,1.0,0.43342965841293335,0.5308407843112946
halueval-8236,halueval,1,5,0.6,0.4,0.8,0.7515648007392883,0.37891191244125366,1.0,0.30426979064941406,0.24843519926071167
halueval-3833,halueval,1,5,1.0,0.2,1.0,0.9772495031356812,0.9431241750717163,0.9999998807907104,0.027863290160894394,0.022750496864318848
halueval-2234,halueval,0,5,0.0,1.0,0.2,0.7989882230758667,0.5962392091751099,0.9876251220703125,0.12512893974781036,0.2010117769241333
halueval-1035,halueval,1,5,0.6,0.4,0.8,0.8854438066482544,0.7144272923469543,1.0,0.13843637704849243,0.1145561933517456
halueval-3815,halueval,0,5,1.0,0.2,1.0,0.9842394590377808,0.9605987668037415,1.0,0.01930258236825466,0.01576054096221924
halueval-1880,halueval,0,5,1.0,0.2,1.0,0.9999998211860657,0.9999997615814209,0.9999997615814209,5.960464477539063e-08,1.7881393432617188e-07
halueval-3328,halueval,0,5,0.6,0.4,0.8,0.9652716517448425,0.9131792187690735,1.0,0.04253332316875458,0.03472834825515747
halueval-6569,halueval,1,5,0.6,0.4,0.8,0.747589111328125,0.3689727783203125,1.0,0.3091389536857605,0.252410888671875
halueval-5428,halueval,0,5,0.1,0.8,0.4,0.6402777433395386,0.3021761476993561,1.0,0.23703435063362122,0.3597222566604614
halueval-4546,halueval,0,5,0.0,1.0,0.2,0.8071476221084595,0.6684590578079224,0.9426770806312561,0.08933313190937042,0.19285237789154053
halueval-2881,halueval,0,5,1.0,0.2,1.0,1.0,1.0,1.0,0.0,0.0
halueval-1044,halueval,1,5,0.1,0.8,0.4,0.9718698263168335,0.941260576248169,1.0,0.018588829785585403,0.028130173683166504
halueval-739,halueval,0,5,1.0,0.2,1.0,0.9999998807907104,0.9999998807907104,0.9999998807907104,0.0,1.1920928955078125e-07
halueval-1371,halueval,0,5,1.0,0.2,1.0,1.0,1.0,1.0,0.0,0.0
halueval-3384,halueval,1,5,1.0,0.2,1.0,0.9772495031356812,0.9431241750717163,0.9999998807907104,0.027863290160894394,0.022750496864318848
halueval-2645,halueval,1,5,0.4,0.4,0.6,0.5372815728187561,0.22880257666110992,1.0,0.3778080344200134,0.4627184271812439
halueval-4156,halueval,1,5,0.0,1.0,0.2,0.8692951202392578,0.805522084236145,0.961040735244751,0.044328782707452774,0.1307048797607422
halueval-1450,halueval,0,5,0.0,1.0,0.2,0.7588378190994263,0.5096978545188904,0.9151235222816467,0.16183827817440033,0.24116218090057373
halueval-9559,halueval,0,5,1.0,0.2,1.0,0.9999998807907104,0.9999998807907104,0.9999998807907104,0.0,1.1920928955078125e-07
halueval-1661,halueval,0,5,1.0,0.2,1.0,0.9999998211860657,0.9999998211860657,0.9999998211860657,0.0,1.7881393432617188e-07
halueval-5491,halueval,1,5,1.0,0.2,1.0,1.0,1.0,1.0,0.0,0.0
halueval-3934,halueval,1,5,1.0,0.2,1.0,0.9867122769355774,0.9667806625366211,1.0,0.016274085268378258,0.013287723064422607
halueval-3208,halueval,1,5,0.3,0.6,0.6,0.6545716524124146,0.38607290387153625,0.9999999403953552,0.23214581608772278,0.34542834758758545
halueval-2486,halueval,1,5,0.0,1.0,0.2,0.6860483288764954,0.30585962533950806,0.9985044002532959,0.30256909132003784,0.31395167112350464
halueval-6575,halueval,1,5,0.0,1.0,0.2,0.8490867614746094,0.7176754474639893,0.939644455909729,0.07494115084409714,0.15091323852539062
halueval-2802,halueval,0,5,0.1,0.8,0.4,0.6567584276199341,0.4988730251789093,1.0,0.16764283180236816,0.3432415723800659
halueval-9408,halueval,1,5,0.3,0.6,0.6,0.9010879397392273,0.7609677314758301,1.0,0.09020005166530609,0.0989120602607727
halueval-4417,halueval,1,5,0.0,1.0,0.2,0.8809968829154968,0.7787856459617615,0.952968955039978,0.051384590566158295,0.11900311708450317
halueval-4415,halueval,0,5,0.1,0.8,0.4,0.7636713981628418,0.6838834285736084,1.0,0.10836242139339447,0.2363286018371582
halueval-8221,halueval,1,5,0.0,1.0,0.2,0.6587328314781189,0.3686178922653198,0.9909569621086121,0.23321382701396942,0.3412671685218811
halueval-8556,halueval,0,5,1.0,0.2,1.0,1.0,1.0,1.0,0.0,0.0
halueval-9099,halueval,0,5,0.1,0.8,0.4,0.831156849861145,0.5648360848426819,1.0,0.1936183124780655,0.16884315013885498
halueval-6450,halueval,1,5,0.6,0.4,0.8,0.7742170095443726,0.4355425238609314,1.0,0.276526540517807,0.22578299045562744
halueval-6688,halueval,0,5,1.0,0.2,1.0,0.9815199971199036,0.95380038022995,0.9999998211860657,0.022633010521531105,0.018480002880096436
halueval-6155,halueval,1,5,0.1,0.8,0.4,0.4480934143066406,0.2660839557647705,1.0,0.21773268282413483,0.5519065856933594
halueval-9087,halueval,1,5,0.0,1.0,0.2,0.8247625231742859,0.7026808261871338,0.9143983125686646,0.0689641684293747,0.1752374768257141
halueval-1624,halueval,0,5,1.0,0.2,1.0,1.0,1.0,1.0,0.0,0.0
halueval-4204,halueval,1,5,0.4,0.4,0.6,0.8176383972167969,0.6960639953613281,1.0,0.14889763295650482,0.18236160278320312
halueval-3651,halueval,1,5,1.0,0.2,1.0,1.0,1.0,1.0,0.0,0.0
halueval-836,halueval,1,5,1.0,0.2,1.0,1.0,1.0,1.0,0.0,0.0
halueval-2841,halueval,1,5,0.3,0.6,0.6,0.5857409238815308,0.2830549478530884,1.0,0.29238855838775635,0.41425907611846924
halueval-6301,halueval,0,5,0.0,1.0,0.2,0.973613440990448,0.9602841138839722,0.9937527179718018,0.010737215168774128,0.026386559009552002
halueval-4428,halueval,1,5,0.6,0.4,0.8,0.9763719439506531,0.9409300088882446,1.0,0.02893826551735401,0.023628056049346924
halueval-6055,halueval,1,5,1.0,0.2,1.0,1.0,1.0,1.0,0.0,0.0
halueval-178,halueval,0,5,0.1,0.8,0.4,0.3433050215244293,0.14258262515068054,0.9999998807907104,0.2657877206802368,0.6566949784755707
halueval-9744,halueval,0,5,0.0,1.0,0.2,0.6969598531723022,0.4305723011493683,0.9003965854644775,0.15275010466575623,0.30304014682769775
halueval-5045,halueval,1,5,0.6,0.4,0.8,0.9037489891052246,0.7593726515769958,0.9999997615814209,0.11788273602724075,0.09625101089477539
halueval-5235,halueval,1,5,1.0,0.2,1.0,1.0,1.0,1.0,0.0,0.0
halueval-9171,halueval,0,5,1.0,0.2,1.0,1.0,1.0,1.0,0.0,0.0
halueval-4267,halueval,0,5,1.0,0.2,1.0,1.0,1.0,1.0,0.0,0.0
halueval-8766,halueval,0,5,0.0,1.0,0.2,0.8964731097221375,0.782162606716156,0.9790539741516113,0.07018272578716278,0.10352689027786255
halueval-9023,halueval,0,5,0.1,0.8,0.4,0.40720367431640625,0.056280020624399185,0.9999998807907104,0.42776599526405334,0.5927963256835938
halueval-3264,halueval,1,5,0.6,0.4,0.8,0.653678297996521,0.13419575989246368,1.0,0.42415574193000793,0.346321702003479
halueval-9005,halueval,1,5,1.0,0.2,1.0,0.9852043986320496,0.9630110263824463,1.0,0.018120821565389633,0.01479560136795044
halueval-8930,halueval,0,5,1.0,0.2,1.0,0.8731212615966797,0.6828030347824097,1.0,0.15539415180683136,0.1268787384033203
halueval-4735,halueval,1,5,0.1,0.8,0.4,0.41487613320350647,0.1834162175655365,0.9999998807907104,0.26252564787864685,0.5851238667964935
halueval-6672,halueval,0,5,0.6,0.4,0.8,0.9443184733390808,0.860796332359314,1.0,0.06819559633731842,0.05568152666091919
halueval-8758,halueval,0,5,0.1,0.8,0.4,0.6810225248336792,0.544854998588562,1.0,0.13651981949806213,0.3189774751663208
halueval-7337,halueval,0,5,1.0,0.2,1.0,0.9804143905639648,0.9673572778701782,1.0,0.015991603955626488,0.019585609436035156
halueval-4113,halueval,1,5,1.0,0.2,1.0,1.0,1.0,1.0,0.0,0.0
halueval-3455,halueval,1,5,0.2,0.6,0.4,0.6533266305923462,0.4253261387348175,1.0,0.2669675648212433,0.3466733694076538
halueval-3902,halueval,0,5,0.6,0.4,0.8,0.8996082544326782,0.749020516872406,1.0,0.1229543387889862,0.10039174556732178
halueval-9400,halueval,0,5,0.0,1.0,0.2,0.6897346377372742,0.4016180634498596,0.9383718967437744,0.1877078115940094,0.31026536226272583
halueval-8390,halueval,0,5,1.0,0.2,1.0,1.0,1.0,1.0,0.0,0.0
halueval-1216,halueval,1,5,0.2,0.6,0.4,0.7612116932868958,0.628212034702301,1.0,0.15664692223072052,0.23878830671310425
halueval-5195,halueval,1,5,1.0,0.2,1.0,0.9905713796615601,0.984285831451416,1.0,0.007698207162320614,0.009428620338439941
halueval-9292,halueval,1,5,0.0,1.0,0.2,0.9510590434074402,0.8969080448150635,0.9971641898155212,0.034689340740442276,0.048940956592559814
halueval-9794,halueval,0,5,0.6,0.4,0.8,0.7806528806686401,0.4516323208808899,1.0,0.26864421367645264,0.21934711933135986
halueval-2879,halueval,0,5,0.0,1.0,0.2,0.8996826410293579,0.8045669794082642,0.9413365125656128,0.037132177501916885,0.10031735897064209
halueval-6788,halueval,0,5,0.1,0.8,0.4,0.6177650690078735,0.19024460017681122,1.0,0.2242351472377777,0.38223493099212646
halueval-391,halueval,1,5,0.3,0.6,0.6,0.6707040071487427,0.4660910367965698,1.0,0.25148653984069824,0.3292959928512573
halueval-8460,halueval,1,5,1.0,0.2,1.0,0.9999998807907104,0.9999998807907104,0.9999998807907104,0.0,1.1920928955078125e-07
halueval-3526,halueval,0,5,0.6,0.4,0.8,0.8433709144592285,0.6084274053573608,0.9999998807907104,0.1918305605649948,0.15662908554077148
halueval-9814,halueval,0,5,0.4,0.4,0.6,0.8253547549247742,0.7089247703552246,1.0,0.14259710907936096,0.17464524507522583
halueval-3071,halueval,1,5,0.3,0.6,0.6,0.46604713797569275,0.13129357993602753,1.0,0.3772865831851959,0.5339528620243073
halueval-1423,halueval,1,5,0.0,1.0,0.2,0.9609066247940063,0.945492684841156,0.9965678453445435,0.015232492238283157,0.03909337520599365
halueval-9206,halueval,0,5,0.1,0.8,0.4,0.8050163984298706,0.644121527671814,1.0,0.14355625212192535,0.1949836015701294
halueval-4998,halueval,1,5,0.6,0.4,0.8,0.9478778839111328,0.869694709777832,0.9999999403953552,0.06383626163005829,0.05212211608886719
halueval-5164,halueval,0,5,1.0,0.2,1.0,0.982751727104187,0.9712529182434082,1.0,0.0140831358730793,0.01724827289581299
halueval-1316,halueval,0,5,0.2,0.6,0.4,0.7624808549880981,0.5221333503723145,1.0,0.16042229533195496,0.23751914501190186
halueval-6241,halueval,0,5,0.1,0.8,0.4,0.4134651720523834,0.17782098054885864,0.9999998211860657,0.25524336099624634,0.5865348279476166
halueval-1881,halueval,1,5,0.0,1.0,0.2,0.9512897729873657,0.918984591960907,0.9799672961235046,0.016310321167111397,0.04871022701263428
halueval-8156,halueval,1,5,0.0,1.0,0.2,0.6778535842895508,0.4307124614715576,0.8820136785507202,0.11436492949724197,0.3221464157104492
halueval-4493,halueval,0,5,1.0,0.2,1.0,0.9999998807907104,0.9999998807907104,0.9999998807907104,0.0,1.1920928955078125e-07
halueval-7799,halueval,1,5,0.2,0.6,0.4,0.6704500913619995,0.4734683930873871,1.0,0.19129836559295654,0.3295499086380005
halueval-2340,halueval,1,5,0.1,0.8,0.4,0.45166492462158203,0.1867404282093048,0.9214138388633728,0.2260143756866455,0.548335075378418
halueval-7449,halueval,1,5,1.0,0.2,1.0,0.9999998807907104,0.9999998807907104,0.9999998807907104,0.0,1.1920928955078125e-07
halueval-1851,halueval,0,5,0.6,0.4,0.8,0.9509032964706421,0.8772584199905396,0.9999998807907104,0.06013078987598419,0.04909670352935791
halueval-3591,halueval,0,5,0.1,0.8,0.4,0.6812440752983093,0.44498902559280396,0.9999999403953552,0.18737493455410004,0.3187559247016907
halueval-3715,halueval,1,5,1.0,0.2,1.0,1.0,1.0,1.0,0.0,0.0
halueval-2478,halueval,0,5,0.1,0.8,0.4,0.40968695282936096,0.1362600177526474,1.0,0.27684929966926575,0.590313047170639
halueval-977,halueval,1,5,0.1,0.8,0.4,0.6463332772254944,0.2918766140937805,0.9999999403953552,0.23711539804935455,0.3536667227745056
halueval-7254,halueval,0,5,1.0,0.2,1.0,1.0,1.0,1.0,0.0,0.0
halueval-8795,halueval,0,5,1.0,0.2,1.0,0.974411129951477,0.9573519825935364,1.0,0.020893162116408348,0.02558887004852295
halueval-6551,halueval,0,5,0.0,1.0,0.2,0.9571160078048706,0.9172267913818359,0.9797654151916504,0.018574409186840057,0.042883992195129395
halueval-3446,halueval,1,5,0.0,1.0,0.2,0.7836636304855347,0.5143572092056274,0.9643381834030151,0.15588200092315674,0.21633636951446533
halueval-9163,halueval,0,5,0.0,1.0,0.2,0.9063025712966919,0.8515598773956299,0.9474867582321167,0.029519090428948402,0.0936974287033081
halueval-495,halueval,1,5,1.0,0.2,1.0,1.0,1.0,1.0,0.0,0.0
halueval-5029,halueval,0,5,0.0,1.0,0.2,0.9000447392463684,0.7929399013519287,0.982011616230011,0.052027467638254166,0.09995526075363159
halueval-5160,halueval,0,5,0.6,0.4,0.8,0.8814641237258911,0.703660249710083,0.9999999403953552,0.14517620205879211,0.11853587627410889
halueval-6107,halueval,0,5,0.0,1.0,0.2,0.8653600811958313,0.7988269925117493,0.920417308807373,0.039599861949682236,0.1346399188041687
halueval-1236,halueval,0,5,1.0,0.2,1.0,1.0,1.0,1.0,0.0,0.0
halueval-2730,halueval,0,5,0.6,0.4,0.8,0.8626734614372253,0.6566835641860962,1.0,0.16819001734256744,0.13732653856277466
halueval-314,halueval,1,5,1.0,0.2,1.0,0.9846552014350891,0.9744253158569336,1.0,0.012528977356851101,0.015344798564910889
halueval-5698,halueval,1,5,0.0,1.0,0.2,0.913173496723175,0.8270427584648132,0.9619320631027222,0.042306333780288696,0.08682650327682495
halueval-8746,halueval,1,5,0.0,1.0,0.2,0.556196928024292,0.2666082978248596,0.9370244741439819,0.20452623069286346,0.443803071975708
halueval-7574,halueval,1,5,0.6,0.4,0.8,0.8753321766853333,0.6883304119110107,1.0,0.15268628299236298,0.12466782331466675
halueval-6027,halueval,0,5,0.0,1.0,0.2,0.7693638801574707,0.3722623884677887,0.9779119491577148,0.16754435002803802,0.2306361198425293
halueval-7328,halueval,1,5,0.6,0.4,0.8,0.7934269905090332,0.4835675358772278,1.0,0.2529991865158081,0.2065730094909668
halueval-9058,halueval,1,5,0.6,0.4,0.8,0.8313018083572388,0.5782544612884521,1.0,0.20661227405071259,0.16869819164276123
halueval-4868,halueval,1,5,0.0,1.0,0.2,0.9649384617805481,0.9244495630264282,0.9995262622833252,0.024106256663799286,0.035061538219451904
halueval-8864,halueval,0,5,1.0,0.2,1.0,1.0,1.0,1.0,0.0,0.0
halueval-1471,halueval,0,5,1.0,0.2,1.0,1.0,1.0,1.0,0.0,0.0
halueval-4976,halueval,0,5,0.0,1.0,0.2,0.8440583348274231,0.7956293225288391,0.9650423526763916,0.046635426580905914,0.1559416651725769
halueval-2244,halueval,0,5,0.6,0.4,0.8,0.8811833262443542,0.702958345413208,1.0,0.14552009105682373,0.11881667375564575
halueval-7913,halueval,1,5,0.1,0.8,0.4,0.5922520160675049,0.3767460882663727,0.9613510370254517,0.2202402651309967,0.4077479839324951
halueval-447,halueval,1,5,0.4,0.4,0.6,0.6242091059684753,0.37368181347846985,1.0,0.3068319857120514,0.37579089403152466
halueval-54,halueval,1,5,0.3,0.6,0.6,0.7226361036300659,0.5520157814025879,1.0,0.19605287909507751,0.2773638963699341
halueval-160,halueval,0,5,0.6,0.4,0.8,0.7530230283737183,0.3825576901435852,1.0,0.3024837076663971,0.24697697162628174
halueval-4510,halueval,0,5,0.0,1.0,0.2,0.6883176565170288,0.5114976167678833,0.8521276116371155,0.11119820177555084,0.3116823434829712
halueval-3587,halueval,0,5,0.3,0.6,0.6,0.5532412528991699,0.11997915804386139,1.0,0.34561511874198914,0.4467587471008301
halueval-5103,halueval,1,5,0.3,0.6,0.6,0.7748638391494751,0.6179577112197876,1.0,0.17642000317573547,0.2251361608505249
halueval-245,halueval,1,5,0.6,0.4,0.8,0.6468464136123657,0.11711600422859192,1.0,0.43252307176589966,0.3531535863876343
halueval-441,halueval,1,5,0.3,0.6,0.6,0.6325784921646118,0.191209077835083,1.0,0.316875159740448,0.3674215078353882
halueval-1466,halueval,1,5,0.0,1.0,0.2,0.8205899000167847,0.6461257934570312,0.965149462223053,0.10907872021198273,0.17941009998321533
halueval-7056,halueval,0,5,0.1,0.8,0.4,0.6761223077774048,0.479248583316803,0.9999998807907104,0.1609448939561844,0.3238776922225952
halueval-2522,halueval,0,5,1.0,0.2,1.0,0.9856704473495483,0.9641762375831604,1.0,0.017549987882375717,0.01432955265045166
halueval-4237,halueval,1,5,0.4,0.4,0.6,0.6235434412956238,0.37257248163223267,1.0,0.3073754608631134,0.3764565587043762
halueval-64,halueval,1,5,1.0,0.2,1.0,1.0,1.0,1.0,0.0,0.0
halueval-1837,halueval,1,5,0.0,1.0,0.2,0.7153202891349792,0.3586418628692627,0.9698381423950195,0.2433166205883026,0.28467971086502075
halueval-4905,halueval,0,5,0.3,0.6,0.6,0.6884535551071167,0.35133975744247437,1.0,0.24092604219913483,0.3115464448928833
halueval-787,halueval,0,5,1.0,0.2,1.0,1.0,1.0,1.0,0.0,0.0
halueval-8686,halueval,0,5,1.0,0.2,1.0,1.0,1.0,1.0,0.0,0.0
halueval-5389,halueval,1,5,0.3,0.6,0.6,0.5394200682640076,0.24118396639823914,1.0,0.33445388078689575,0.46057993173599243
halueval-4444,halueval,0,5,0.0,1.0,0.2,0.7566794157028198,0.5525391697883606,0.8924229145050049,0.12882179021835327,0.24332058429718018
halueval-1072,halueval,1,5,1.0,0.2,1.0,1.0,1.0,1.0,0.0,0.0
halueval-8407,halueval,1,5,1.0,0.2,1.0,1.0,1.0,1.0,0.0,0.0
halueval-7655,halueval,0,5,1.0,0.2,1.0,1.0,1.0,1.0,0.0,0.0
halueval-7214,halueval,1,5,0.6,0.4,0.8,0.9893807172775269,0.973452091217041,0.9999998807907104,0.013005707412958145,0.010619282722473145
halueval-7658,halueval,0,5,0.0,1.0,0.2,0.6208677887916565,0.4021855294704437,0.8982987403869629,0.15931056439876556,0.3791322112083435
halueval-2527,halueval,0,5,0.3,0.6,0.6,0.5296351909637451,0.20769329369068146,1.0,0.3185413181781769,0.4703648090362549
halueval-1631,halueval,1,5,0.0,1.0,0.2,0.5173729062080383,0.20693616569042206,0.9759706258773804,0.2762083113193512,0.48262709379196167
halueval-2724,halueval,1,5,0.3,0.6,0.6,0.6244743466377258,0.44090306758880615,1.0,0.2500295639038086,0.37552565336227417
halueval-6334,halueval,1,5,0.3,0.6,0.6,0.9756466746330261,0.9419852495193481,0.9999997615814209,0.01799192652106285,0.024353325366973877
halueval-6682,halueval,0,5,0.6,0.4,0.8,0.775710940361023,0.4392775297164917,0.9999999403953552,0.2746967375278473,0.22428905963897705
halueval-3172,halueval,1,5,0.6,0.4,0.8,0.653437077999115,0.133592888712883,0.9999998807907104,0.42445099353790283,0.346562922000885
halueval-2068,halueval,0,5,0.6,0.4,0.8,0.8439667820930481,0.6099169254302979,1.0,0.19110089540481567,0.1560332179069519
halueval-28,halueval,1,5,0.1,0.8,0.4,0.9732990264892578,0.9508280754089355,1.0,0.017698952928185463,0.026700973510742188
halueval-1162,halueval,1,5,1.0,0.2,1.0,0.9999998807907104,0.9999998807907104,0.9999998807907104,0.0,1.1920928955078125e-07
halueval-2025,halueval,1,5,0.0,1.0,0.2,0.5648127198219299,0.14200572669506073,0.9408692121505737,0.2588157057762146,0.43518728017807007
halueval-7127,halueval,0,5,0.3,0.6,0.6,0.5260025858879089,0.01864451728761196,1.0,0.39323365688323975,0.47399741411209106
halueval-1139,halueval,0,5,1.0,0.2,1.0,1.0,1.0,1.0,0.0,0.0
halueval-3396,halueval,0,5,1.0,0.2,1.0,0.9871951341629028,0.9679878950119019,0.9999998807907104,0.015682604163885117,0.012804865837097168
halueval-8098,halueval,0,5,0.3,0.6,0.6,0.9459368586540222,0.8626285791397095,1.0,0.06423459947109222,0.05406314134597778
halueval-7368,halueval,0,5,0.3,0.6,0.6,0.5442115068435669,0.19237011671066284,0.9999999403953552,0.3276309669017792,0.4557884931564331
halueval-8544,halueval,0,5,0.1,0.8,0.4,0.8254810571670532,0.5678931474685669,0.9889920949935913,0.11549163609743118,0.17451894283294678
halueval-7185,halueval,0,5,0.0,1.0,0.2,0.7574249505996704,0.55806964635849,0.9338687062263489,0.1263754665851593,0.2425750494003296
halueval-3345,halueval,1,5,0.6,0.4,0.8,0.8547956347465515,0.636989176273346,1.0,0.1778382658958435,0.1452043652534485
halueval-7650,halueval,1,5,0.1,0.8,0.4,0.893919825553894,0.8494703769683838,0.9999998211860657,0.05754806101322174,0.10608017444610596
halueval-2290,halueval,1,5,1.0,0.2,1.0,0.9999998807907104,0.9999998807907104,0.9999998807907104,0.0,1.1920928955078125e-07
halueval-6511,halueval,0,5,0.3,0.6,0.6,0.4951852262020111,0.16769996285438538,1.0,0.3962394595146179,0.5048147737979889
halueval-1474,halueval,1,5,1.0,0.2,1.0,0.9843109250068665,0.9738515615463257,1.0,0.01281006634235382,0.015689074993133545
halueval-3093,halueval,0,5,1.0,0.2,1.0,1.0,1.0,1.0,0.0,0.0
halueval-362,halueval,1,5,0.0,1.0,0.2,0.7115862965583801,0.49273431301116943,0.9974544048309326,0.1542116403579712,0.2884137034416199
halueval-2776,halueval,1,5,0.0,1.0,0.2,0.9772270321846008,0.965817391872406,0.9878382682800293,0.006234238389879465,0.02277296781539917
halueval-7958,halueval,1,5,0.0,1.0,0.2,0.8812700510025024,0.8287887573242188,0.9749131202697754,0.05335673317313194,0.11872994899749756
halueval-1273,halueval,0,5,1.0,0.2,1.0,0.9774481058120728,0.9624134302139282,1.0,0.01841355487704277,0.022551894187927246
halueval-9214,halueval,1,5,1.0,0.2,1.0,1.0,1.0,1.0,0.0,0.0
halueval-8833,halueval,1,5,0.3,0.6,0.6,0.7726337313652039,0.6141891479492188,1.0,0.1557127833366394,0.22736626863479614
halueval-5127,halueval,0,5,1.0,0.2,1.0,0.9999998211860657,0.9999997615814209,0.9999997615814209,5.960464477539063e-08,1.7881393432617188e-07
halueval-8329,halueval,1,5,1.0,0.2,1.0,1.0,1.0,1.0,0.0,0.0
halueval-3528,halueval,0,5,0.6,0.4,0.8,0.8590496182441711,0.6476240158081055,1.0,0.1726282685995102,0.14095038175582886
halueval-1469,halueval,0,5,1.0,0.2,1.0,0.9759459495544434,0.9398649334907532,0.9999999403953552,0.029460014775395393,0.02405405044555664
halueval-3356,halueval,0,5,1.0,0.2,1.0,0.9999998807907104,0.9999998807907104,0.9999998807907104,0.0,1.1920928955078125e-07
halueval-9086,halueval,0,5,1.0,0.2,1.0,0.9734967947006226,0.9337419271469116,1.0,0.032459694892168045,0.02650320529937744
halueval-1990,halueval,0,5,0.4,0.4,0.6,0.8016183972358704,0.6693639755249023,1.0,0.16197791695594788,0.19838160276412964
halueval-3843,halueval,0,5,0.0,1.0,0.2,0.7499614953994751,0.5626870393753052,0.9976716041564941,0.17964467406272888,0.2500385046005249
halueval-3143,halueval,0,5,0.0,1.0,0.2,0.6285401582717896,0.2848152220249176,0.9213019609451294,0.20969821512699127,0.37145984172821045
halueval-366,halueval,0,5,0.0,1.0,0.2,0.737585186958313,0.2940462827682495,0.9943131804466248,0.19676178693771362,0.262414813041687
halueval-9672,halueval,1,5,0.6,0.4,0.8,0.8859496116638184,0.7148739695549011,1.0,0.13968266546726227,0.11405038833618164
halueval-4664,halueval,0,5,0.3,0.6,0.6,0.8064659833908081,0.6813628077507019,1.0,0.14763301610946655,0.1935340166091919
halueval-4452,halueval,0,5,1.0,0.2,1.0,1.0,1.0,1.0,0.0,0.0
halueval-1439,halueval,1,5,0.0,1.0,0.2,0.8433204889297485,0.7544509172439575,0.919012188911438,0.04894571751356125,0.15667951107025146
halueval-9658,halueval,1,5,1.0,0.2,1.0,0.9999998807907104,0.9999998807907104,0.9999998807907104,0.0,1.1920928955078125e-07
halueval-7596,halueval,0,5,0.4,0.4,0.6,0.9789193272590637,0.9648655652999878,1.0,0.017212288454174995,0.02108067274093628
halueval-3166,halueval,1,5,0.6,0.4,0.8,0.8282928466796875,0.5707321763038635,1.0,0.21029742062091827,0.1717071533203125
halueval-552,halueval,0,5,0.0,1.0,0.2,0.7438076734542847,0.4287422299385071,0.9460246562957764,0.19325654208660126,0.25619232654571533
halueval-3076,halueval,0,5,0.3,0.6,0.6,0.602392852306366,0.15297195315361023,1.0,0.3322034478187561,0.39760714769363403
halueval-7598,halueval,1,5,0.6,0.4,0.8,0.8062973022460938,0.5157431960105896,1.0,0.2372364103794098,0.19370269775390625
halueval-591,halueval,0,5,0.1,0.8,0.4,0.5103011727333069,0.08480215817689896,1.0,0.35064369440078735,0.4896988272666931
halueval-4067,halueval,1,5,1.0,0.2,1.0,0.9999998211860657,0.9999997615814209,0.9999997615814209,5.960464477539063e-08,1.7881393432617188e-07
halueval-936,halueval,1,5,0.6,0.4,0.8,0.8261163830757141,0.5652910470962524,1.0,0.2129630148410797,0.1738836169242859
halueval-6277,halueval,1,5,0.3,0.6,0.6,0.6566829681396484,0.38538140058517456,1.0,0.26812735199928284,0.34331703186035156
halueval-220,halueval,1,5,0.3,0.6,0.6,0.43651923537254333,0.02325052209198475,1.0,0.44067543745040894,0.5634807646274567
halueval-5383,halueval,0,5,0.0,1.0,0.2,0.8371610641479492,0.6155859231948853,0.9972240924835205,0.16293618083000183,0.16283893585205078
halueval-7919,halueval,1,5,1.0,0.2,1.0,0.9829059839248657,0.9715098738670349,1.0,0.013957254588603973,0.017094016075134277
halueval-4234,halueval,0,5,0.4,0.4,0.6,0.9040021896362305,0.8400037288665771,1.0,0.07838177680969238,0.09599781036376953
halueval-6811,halueval,0,5,1.0,0.2,1.0,1.0,1.0,1.0,0.0,0.0
halueval-5652,halueval,1,5,0.0,1.0,0.2,0.7196502685546875,0.40441542863845825,0.9879456758499146,0.22358599305152893,0.2803497314453125
halueval-9304,halueval,1,5,0.0,1.0,0.2,0.4631841778755188,0.23198771476745605,0.9164770841598511,0.273904025554657,0.5368158221244812
halueval-4387,halueval,1,5,0.2,0.6,0.4,0.7214781045913696,0.5080932974815369,1.0,0.2020511031150818,0.27852189540863037
halueval-4984,halueval,1,5,1.0,0.2,1.0,1.0,1.0,1.0,0.0,0.0
halueval-6531,halueval,0,5,0.3,0.6,0.6,0.6529041528701782,0.2644793391227722,0.9999998807907104,0.290029376745224,0.3470958471298218
halueval-2007,halueval,1,5,0.1,0.8,0.4,0.6823750734329224,0.4797256588935852,0.9999997019767761,0.23539172112941742,0.31762492656707764
halueval-9045,halueval,0,5,0.6,0.4,0.8,0.8122292757034302,0.5305737257003784,0.9999996423721313,0.229970782995224,0.18777072429656982
halueval-7072,halueval,0,5,1.0,0.2,1.0,1.0,1.0,1.0,0.0,0.0
halueval-2423,halueval,0,5,0.1,0.8,0.4,0.6129271388053894,0.4264429807662964,1.0,0.18715107440948486,0.3870728611946106
halueval-7403,halueval,0,5,1.0,0.2,1.0,1.0,1.0,1.0,0.0,0.0
halueval-9803,halueval,0,5,0.6,0.4,0.8,0.9172645807266235,0.7931617498397827,0.9999998807907104,0.10132957249879837,0.08273541927337646
halueval-3527,halueval,0,5,0.4,0.4,0.6,0.5284672975540161,0.21411219239234924,1.0,0.38500481843948364,0.4715327024459839
halueval-6249,halueval,0,5,0.4,0.4,0.6,0.7944937944412231,0.6549118757247925,1.0,0.16609901189804077,0.20550620555877686
halueval-1766,halueval,0,5,1.0,0.2,1.0,1.0,1.0,1.0,0.0,0.0
halueval-1560,halueval,1,5,0.3,0.6,0.6,0.763856053352356,0.5979791283607483,1.0,0.1686391681432724,0.23614394664764404
halueval-1727,halueval,1,5,0.1,0.8,0.4,0.6895322799682617,0.41804763674736023,0.9999999403953552,0.17465071380138397,0.3104677200317383
halueval-5044,halueval,0,5,0.0,1.0,0.2,0.7159443497657776,0.4125426411628723,0.9746173024177551,0.18526004254817963,0.2840556502342224
halueval-1103,halueval,1,5,1.0,0.2,1.0,0.9820987582206726,0.9552469253540039,1.0,0.021924439817667007,0.017901241779327393
halueval-7544,halueval,0,5,0.0,1.0,0.2,0.5694277882575989,0.35205304622650146,0.8793714046478271,0.16716347634792328,0.4305722117424011
halueval-135,halueval,0,5,0.3,0.6,0.6,0.8999534845352173,0.7841171622276306,0.9999998807907104,0.08495955914258957,0.10004651546478271
halueval-2627,halueval,1,5,0.6,0.4,0.8,0.7262329459190369,0.31558239459991455,1.0,0.33529478311538696,0.27376705408096313
halueval-2927,halueval,0,5,0.4,0.4,0.6,0.9555262327194214,0.9258770942687988,1.0,0.036312658339738846,0.04447376728057861
halueval-40,halueval,1,5,1.0,0.2,1.0,1.0,1.0,1.0,0.0,0.0
halueval-8662,halueval,0,5,0.3,0.6,0.6,0.7536290884017944,0.5717504024505615,1.0,0.1732894778251648,0.24637091159820557
halueval-9842,halueval,0,5,1.0,0.2,1.0,0.9818533062934875,0.9546332359313965,1.0,0.022225085645914078,0.01814669370651245
halueval-6049,halueval,1,5,0.0,1.0,0.2,0.6296383738517761,0.3791303038597107,0.9617892503738403,0.21613354980945587,0.3703616261482239
halueval-1634,halueval,1,5,0.0,1.0,0.2,0.5694600939750671,0.40578925609588623,0.8526424169540405,0.12398138642311096,0.43053990602493286
halueval-3265,halueval,1,5,0.3,0.6,0.6,0.46175384521484375,0.16929790377616882,1.0,0.36580196022987366,0.5382461547851562
halueval-4420,halueval,1,5,1.0,0.2,1.0,1.0,1.0,1.0,0.0,0.0
halueval-7821,halueval,0,5,0.1,0.8,0.4,0.8947067260742188,0.8155542612075806,0.9810144901275635,0.06736225634813309,0.10529327392578125
halueval-6606,halueval,0,5,1.0,0.2,1.0,1.0,1.0,1.0,0.0,0.0
halueval-9414,halueval,1,5,0.4,0.4,0.6,0.9276478886604309,0.8794130682945251,1.0,0.059075288474559784,0.07235211133956909
halueval-1663,halueval,0,5,0.6,0.4,0.8,0.7347137331962585,0.3367844223976135,1.0,0.32490795850753784,0.26528626680374146
halueval-1118,halueval,1,5,0.6,0.4,0.8,0.650908350944519,0.1450771689414978,1.0,0.41026368737220764,0.34909164905548096
halueval-5356,halueval,0,5,1.0,0.2,1.0,1.0,1.0,1.0,0.0,0.0
halueval-2705,halueval,0,5,1.0,0.2,1.0,0.9999998211860657,0.9999997615814209,0.9999997615814209,5.960464477539063e-08,1.7881393432617188e-07
halueval-8108,halueval,1,5,0.6,0.4,0.8,0.8444596529006958,0.6111490726470947,1.0,0.1904972642660141,0.1555403470993042
halueval-7431,halueval,0,5,0.4,0.4,0.6,0.8075413703918457,0.6792356967926025,1.0,0.157141774892807,0.1924586296081543
halueval-1281,halueval,0,5,1.0,0.2,1.0,1.0,1.0,1.0,0.0,0.0
halueval-5020,halueval,0,5,0.0,1.0,0.2,0.8343714475631714,0.7127185463905334,0.9876965284347534,0.09771544486284256,0.1656285524368286
halueval-5863,halueval,0,5,0.0,1.0,0.2,0.19401855766773224,-0.009777124971151352,0.502793550491333,0.14349457621574402,0.8059814423322678
halueval-3705,halueval,0,5,0.0,1.0,0.2,0.6727505326271057,0.26442277431488037,0.9172092080116272,0.19314828515052795,0.3272494673728943
halueval-3629,halueval,0,5,1.0,0.2,1.0,0.988042950630188,0.9701073169708252,1.0,0.014644363895058632,0.011957049369812012
halueval-3297,halueval,0,5,0.2,0.6,0.4,0.512628436088562,0.27568089962005615,1.0,0.26016637682914734,0.487371563911438
halueval-7781,halueval,0,5,0.2,0.6,0.4,0.7786536812782288,0.4836789667606354,1.0,0.23727531731128693,0.22134631872177124
halueval-8073,halueval,1,5,1.0,0.2,1.0,1.0,1.0,1.0,0.0,0.0
halueval-3699,halueval,0,5,1.0,0.2,1.0,1.0,1.0,1.0,0.0,0.0
halueval-8857,halueval,1,5,0.0,1.0,0.2,0.5981141924858093,0.3419560194015503,0.9979013800621033,0.2911625802516937,0.4018858075141907
halueval-7180,halueval,1,5,0.0,1.0,0.2,0.873949408531189,0.7910257577896118,0.9313452839851379,0.04639856144785881,0.12605059146881104
halueval-2830,halueval,0,5,0.3,0.6,0.6,0.7084435224533081,0.5128664970397949,1.0,0.19858402013778687,0.2915564775466919
halueval-9490,halueval,0,5,0.1,0.8,0.4,0.5801371335983276,0.28694361448287964,0.9999998807907104,0.302673876285553,0.41986286640167236
halueval-1149,halueval,0,5,1.0,0.2,1.0,1.0,1.0,1.0,0.0,0.0
halueval-1761,halueval,1,5,0.0,1.0,0.2,0.9335705041885376,0.8813273906707764,0.9745533466339111,0.02550935558974743,0.0664294958114624
halueval-6371,halueval,1,5,0.0,1.0,0.2,0.7021514773368835,0.3674265444278717,0.9943652153015137,0.2669788897037506,0.29784852266311646
halueval-2561,halueval,1,5,1.0,0.2,1.0,0.9797952771186829,0.9663253426551819,1.0,0.016497144475579262,0.02020472288131714
halueval-4866,halueval,0,5,0.3,0.6,0.6,0.4131868779659271,0.09715553373098373,1.0,0.24418233335018158,0.5868131220340729
halueval-702,halueval,1,5,0.1,0.8,0.4,0.5902223587036133,0.3122818171977997,1.0,0.25412634015083313,0.4097776412963867
halueval-5973,halueval,1,5,0.3,0.6,0.6,0.950756847858429,0.9084755182266235,0.9999998807907104,0.03731521964073181,0.049243152141571045
halueval-7532,halueval,0,5,0.0,1.0,0.2,0.48336949944496155,0.23167634010314941,0.9232382774353027,0.2458237260580063,0.5166305005550385
halueval-3362,halueval,0,5,0.3,0.6,0.6,0.49001240730285645,0.1509065330028534,1.0,0.3368539810180664,0.5099875926971436
halueval-6819,halueval,0,5,0.0,1.0,0.2,0.7256609201431274,0.5620259046554565,0.9443454742431641,0.1222454234957695,0.27433907985687256
halueval-8474,halueval,1,5,0.3,0.6,0.6,0.7733256816864014,0.4520907998085022,0.9999998807907104,0.24574056267738342,0.22667431831359863
halueval-7376,halueval,0,5,0.1,0.8,0.4,0.5464761853218079,0.16095830500125885,1.0,0.2970350682735443,0.45352381467819214
halueval-3636,halueval,0,5,0.0,1.0,0.2,0.885520339012146,0.7690415382385254,0.9447170495986938,0.06015963479876518,0.114479660987854
halueval-9012,halueval,0,5,0.0,1.0,0.2,0.6456614136695862,0.4886346459388733,0.8405340909957886,0.08471601456403732,0.3543385863304138
halueval-6482,halueval,1,5,0.3,0.6,0.6,0.6930556893348694,0.481894314289093,1.0,0.23718485236167908,0.3069443106651306
halueval-4930,halueval,0,5,0.0,1.0,0.2,0.9120646715164185,0.8490419387817383,0.9675154685974121,0.039302486926317215,0.08793532848358154
halueval-1840,halueval,0,5,0.3,0.6,0.6,0.7794526815414429,0.572991132736206,1.0,0.15057161450386047,0.22054731845855713
halueval-3564,halueval,1,5,0.6,0.4,0.8,0.8402115106582642,0.6005287766456604,1.0,0.19570012390613556,0.15978848934173584
halueval-4536,halueval,1,5,0.1,0.8,0.4,0.8005416989326477,0.5527812838554382,0.9999998807907104,0.17559245228767395,0.1994583010673523
halueval-2748,halueval,0,5,1.0,0.2,1.0,1.0,1.0,1.0,0.0,0.0
halueval-3754,halueval,0,5,1.0,0.2,1.0,0.9873005747795105,0.9682514071464539,1.0,0.015553571283817291,0.012699425220489502
halueval-2814,halueval,1,5,0.0,1.0,0.2,0.9753463864326477,0.9558693170547485,0.999276876449585,0.01705832965672016,0.024653613567352295
halueval-5859,halueval,0,5,0.1,0.8,0.4,0.7162224650382996,0.5063135623931885,0.9831899404525757,0.16185526549816132,0.28377753496170044
halueval-7914,halueval,1,5,0.1,0.8,0.4,0.9100376963615417,0.8397983312606812,0.9999998807907104,0.05816395953297615,0.08996230363845825
halueval-2182,halueval,0,5,0.1,0.8,0.4,0.8287175893783569,0.5577445030212402,0.9691320657730103,0.12810395658016205,0.17128241062164307
halueval-1535,halueval,0,5,0.3,0.6,0.6,0.7452360987663269,0.5206868648529053,1.0,0.18691015243530273,0.2547639012336731
halueval-5398,halueval,1,5,1.0,0.2,1.0,1.0,1.0,1.0,0.0,0.0
halueval-9474,halueval,0,5,0.4,0.4,0.6,0.876087486743927,0.7934792041778564,1.0,0.10117411613464355,0.123912513256073
halueval-2968,halueval,1,5,1.0,0.2,1.0,1.0,1.0,1.0,0.0,0.0
halueval-2187,halueval,1,5,1.0,0.2,1.0,1.0,1.0,1.0,0.0,0.0
halueval-4185,halueval,1,5,0.1,0.8,0.4,0.5781428217887878,0.3942441940307617,1.0,0.19502119719982147,0.42185717821121216
halueval-6473,halueval,1,5,0.6,0.4,0.8,0.8038862347602844,0.5097156763076782,0.9999999403953552,0.24018925428390503,0.19611376523971558
halueval-8787,halueval,0,5,0.0,1.0,0.2,0.6302569508552551,0.39138007164001465,0.9417024254798889,0.2138420194387436,0.3697430491447449
halueval-5611,halueval,0,5,0.1,0.8,0.4,0.8378925323486328,0.7307147979736328,1.0,0.08824650943279266,0.1621074676513672
halueval-5307,halueval,1,5,1.0,0.2,1.0,0.9894202947616577,0.9735506772994995,1.0,0.012957468628883362,0.010579705238342285
halueval-3537,halueval,0,5,0.6,0.4,0.8,0.8508100509643555,0.6484661102294922,0.9999997615814209,0.1581711769104004,0.14918994903564453
halueval-9980,halueval,0,5,0.3,0.6,0.6,0.8632639646530151,0.6430110931396484,0.9999998807907104,0.16588884592056274,0.13673603534698486
halueval-291,halueval,1,5,0.0,1.0,0.2,0.8659933805465698,0.6219550371170044,0.9841064214706421,0.10088593512773514,0.13400661945343018
halueval-4951,halueval,0,5,0.6,0.4,0.8,0.8487758636474609,0.6219396591186523,1.0,0.18521098792552948,0.15122413635253906
halueval-1732,halueval,1,5,0.1,0.8,0.4,0.5266883373260498,0.0366547554731369,0.9986281991004944,0.3284110724925995,0.4733116626739502
halueval-7211,halueval,1,5,0.6,0.4,0.8,0.9543713331222534,0.8859284520149231,1.0,0.055883415043354034,0.04562866687774658
halueval-2166,halueval,0,5,0.4,0.4,0.6,0.9481884837150574,0.9136473536491394,1.0,0.04230398312211037,0.05181151628494263
halueval-3955,halueval,1,5,0.3,0.6,0.6,0.519334614276886,0.22096890211105347,1.0,0.32272738218307495,0.480665385723114
halueval-2139,halueval,0,5,0.1,0.8,0.4,0.8671411275863647,0.7977083921432495,1.0,0.07800715416669846,0.13285887241363525
halueval-7023,halueval,1,5,0.4,0.4,0.6,0.7447735071182251,0.5746225118637085,1.0,0.20839150249958038,0.2552264928817749
halueval-4917,halueval,1,5,0.3,0.6,0.6,0.7822883129119873,0.6138213872909546,0.9999997615814209,0.15286904573440552,0.2177116870880127
halueval-8237,halueval,1,5,1.0,0.2,1.0,1.0,1.0,1.0,0.0,0.0
halueval-1339,halueval,0,5,1.0,0.2,1.0,0.9999998807907104,0.9999999403953552,0.9999999403953552,5.960464477539063e-08,1.1920928955078125e-07
halueval-1032,halueval,1,5,0.6,0.4,0.8,0.8977190256118774,0.7442977428436279,0.9999997615814209,0.125267893075943,0.10228097438812256
halueval-7867,halueval,1,5,0.1,0.8,0.4,0.9401677846908569,0.9022294878959656,1.0,0.03539469093084335,0.059832215309143066
halueval-2905,halueval,1,5,0.0,1.0,0.2,0.7514952421188354,0.4914515018463135,0.925463080406189,0.15331685543060303,0.24850475788116455
halueval-2000,halueval,0,5,0.1,0.8,0.4,0.40102115273475647,0.07924014329910278,0.9615676999092102,0.3598896861076355,0.5989788472652435
halueval-1225,halueval,0,5,0.3,0.6,0.6,0.7503530979156494,0.5769579410552979,1.0,0.16100074350833893,0.24964690208435059
halueval-242,halueval,1,5,0.1,0.8,0.4,0.4792746603488922,0.08851851522922516,0.9999998807907104,0.2790466547012329,0.5207253396511078
halueval-1437,halueval,0,5,0.3,0.6,0.6,0.6973389387130737,0.47268185019493103,0.9999998807907104,0.21880169212818146,0.30266106128692627
halueval-1989,halueval,1,5,0.3,0.6,0.6,0.7086856961250305,0.5101500749588013,1.0,0.23498190939426422,0.2913143038749695
halueval-6762,halueval,1,5,0.1,0.8,0.4,0.7513912320137024,0.5547189712524414,0.9843350648880005,0.1187974214553833,0.2486087679862976
halueval-168,halueval,0,5,0.1,0.8,0.4,0.5768504738807678,0.3149515390396118,1.0,0.27128955721855164,0.4231495261192322
halueval-1384,halueval,0,5,1.0,0.2,1.0,0.9999998807907104,0.9999998807907104,0.9999998807907104,0.0,1.1920928955078125e-07
halueval-2116,halueval,1,5,1.0,0.2,1.0,1.0,1.0,1.0,0.0,0.0
halueval-5648,halueval,1,5,1.0,0.2,1.0,0.9999998211860657,0.9999997615814209,0.9999997615814209,5.960464477539063e-08,1.7881393432617188e-07
halueval-6448,halueval,0,5,0.6,0.4,0.8,0.9695035219192505,0.923758864402771,1.0,0.037350378930568695,0.03049647808074951
halueval-1091,halueval,0,5,1.0,0.2,1.0,1.0,1.0,1.0,0.0,0.0
halueval-1276,halueval,0,5,0.2,0.6,0.4,0.7943141460418701,0.5819054841995239,1.0,0.1756281852722168,0.20568585395812988
halueval-6017,halueval,1,5,0.2,0.6,0.4,0.46044301986694336,0.1707257628440857,1.0,0.34057822823524475,0.5395569801330566
halueval-9333,halueval,0,5,1.0,0.2,1.0,1.0,1.0,1.0,0.0,0.0
halueval-1577,halueval,1,5,0.1,0.8,0.4,0.4026021957397461,0.16315755248069763,1.0,0.2837086319923401,0.5973978042602539
halueval-705,halueval,0,5,0.1,0.8,0.4,0.7722951769828796,0.547856330871582,1.0,0.13321959972381592,0.22770482301712036
halueval-8861,halueval,1,5,1.0,0.2,1.0,1.0,1.0,1.0,0.0,0.0
halueval-1816,halueval,0,5,0.1,0.8,0.4,0.9340940713882446,0.8876232504844666,1.0,0.032807670533657074,0.06590592861175537
halueval-5578,halueval,1,5,0.0,1.0,0.2,0.3553532660007477,0.03518860042095184,0.9086695909500122,0.33262118697166443,0.6446467339992523
halueval-2826,halueval,1,5,0.1,0.8,0.4,0.7232184410095215,0.47117847204208374,0.9999996423721313,0.19075481593608856,0.2767815589904785
halueval-3167,halueval,0,5,0.6,0.4,0.8,0.9473732709884644,0.8684332370758057,1.0,0.06445429474115372,0.052626729011535645
halueval-8499,halueval,0,5,1.0,0.2,1.0,0.9999998211860657,0.9999998211860657,0.9999998211860657,0.0,1.7881393432617188e-07
halueval-2946,halueval,1,5,1.0,0.2,1.0,1.0,1.0,1.0,0.0,0.0
halueval-1543,halueval,0,5,0.0,1.0,0.2,0.9172374606132507,0.8342748284339905,0.9900156259536743,0.052751075476408005,0.08276253938674927
halueval-7290,halueval,0,5,1.0,0.2,1.0,1.0,1.0,1.0,0.0,0.0
halueval-9789,halueval,0,5,0.2,0.6,0.4,0.6552614569664001,0.39385709166526794,1.0,0.24911458790302277,0.34473854303359985
halueval-4651,halueval,0,5,0.0,1.0,0.2,0.7110564112663269,0.3599030375480652,0.9412158131599426,0.16570571064949036,0.2889435887336731
halueval-8633,halueval,1,5,0.0,1.0,0.2,0.539428174495697,0.2677849531173706,0.9068052768707275,0.23432332277297974,0.460571825504303
halueval-8785,halueval,1,5,1.0,0.2,1.0,1.0,1.0,1.0,0.0,0.0
halueval-7565,halueval,0,5,0.1,0.8,0.4,0.6032174825668335,0.35666847229003906,1.0,0.27876022458076477,0.3967825174331665
halueval-9147,halueval,1,5,0.0,1.0,0.2,0.9302226901054382,0.8797675967216492,0.9920005798339844,0.03368115425109863,0.06977730989456177
halueval-4712,halueval,1,5,0.1,0.8,0.4,0.6099178194999695,0.4091814160346985,1.0,0.17089897394180298,0.3900821805000305
halueval-3026,halueval,0,5,0.1,0.8,0.4,0.8333431482315063,0.5771757960319519,0.9999998807907104,0.14802958071231842,0.16665685176849365
halueval-7788,halueval,0,5,0.3,0.6,0.6,0.7051644921302795,0.5110397338867188,1.0,0.19503331184387207,0.29483550786972046
halueval-814,halueval,1,5,0.0,1.0,0.2,0.6726370453834534,0.2674766182899475,0.9656099081039429,0.20928673446178436,0.32736295461654663
halueval-288,halueval,0,5,1.0,0.2,1.0,1.0,1.0,1.0,0.0,0.0
halueval-206,halueval,0,5,0.0,1.0,0.2,0.9408963322639465,0.914795458316803,0.9942816495895386,0.025166256353259087,0.05910366773605347
halueval-3374,halueval,1,5,0.6,0.4,0.8,0.8004369735717773,0.501092255115509,1.0,0.24441386759281158,0.19956302642822266
halueval-3157,halueval,0,5,0.0,1.0,0.2,0.7973333597183228,0.6449288129806519,0.998917818069458,0.11258970946073532,0.20266664028167725
halueval-7208,halueval,1,5,0.6,0.4,0.8,0.785252571105957,0.4631315767765045,1.0,0.263010710477829,0.21474742889404297
halueval-4718,halueval,0,5,0.6,0.4,0.8,0.8361361622810364,0.5903403759002686,1.0,0.20069140195846558,0.16386383771896362
halueval-9498,halueval,0,5,0.3,0.6,0.6,0.5280517935752869,0.21272780001163483,1.0,0.3261149823665619,0.47194820642471313
halueval-8533,halueval,0,5,0.0,1.0,0.2,0.6460312008857727,0.4421802759170532,0.9479644298553467,0.17754709720611572,0.3539687991142273
halueval-6065,halueval,1,5,1.0,0.2,1.0,1.0,1.0,1.0,0.0,0.0
halueval-9709,halueval,0,5,0.4,0.4,0.6,0.7308003306388855,0.5513339042663574,1.0,0.21980059146881104,0.2691996693611145
halueval-8991,halueval,1,5,0.3,0.6,0.6,0.6041186451911926,0.38206586241722107,0.9999998211860657,0.2639870047569275,0.3958813548088074
halueval-7385,halueval,1,5,1.0,0.2,1.0,1.0,1.0,1.0,0.0,0.0
halueval-7548,halueval,1,5,0.0,1.0,0.2,0.6867272257804871,0.4325863718986511,0.9809261560440063,0.1920948028564453,0.31327277421951294
halueval-830,halueval,1,5,0.2,0.6,0.4,0.6297501921653748,0.4623877704143524,1.0,0.19685609638690948,0.37024980783462524
halueval-2373,halueval,1,5,1.0,0.2,1.0,0.9850993156433105,0.9751654863357544,1.0,0.01216637808829546,0.014900684356689453
halueval-3595,halueval,0,5,0.4,0.4,0.6,0.6773028373718262,0.4421120882034302,1.0,0.2554706037044525,0.32269716262817383
halueval-8534,halueval,1,5,1.0,0.2,1.0,1.0,1.0,1.0,0.0,0.0
halueval-7622,halueval,0,5,0.2,0.6,0.4,0.7205225229263306,0.5046538710594177,1.0,0.1758110225200653,0.27947747707366943
halueval-3964,halueval,1,5,0.0,1.0,0.2,0.7704865336418152,0.3393363654613495,0.9976310729980469,0.1799691766500473,0.22951346635818481
halueval-7874,halueval,0,5,0.0,1.0,0.2,0.8450215458869934,0.7292709350585938,0.9937635660171509,0.09498149901628494,0.1549784541130066
halueval-1164,halueval,1,5,0.4,0.4,0.6,0.5675405263900757,0.2792342007160187,1.0,0.3531017005443573,0.4324594736099243
halueval-3647,halueval,0,5,1.0,0.2,1.0,0.9774479866027832,0.9624134302139282,1.0,0.018413495272397995,0.022552013397216797
halueval-3877,halueval,0,5,0.6,0.4,0.8,0.8914254307746887,0.728563666343689,1.0,0.13297611474990845,0.10857456922531128
halueval-1126,halueval,1,5,0.3,0.6,0.6,0.5339974164962769,0.277382493019104,1.0,0.3092498183250427,0.46600258350372314
halueval-8583,halueval,1,5,1.0,0.2,1.0,0.9999998807907104,0.9999998807907104,0.9999998807907104,0.0,1.1920928955078125e-07
halueval-572,halueval,1,5,0.2,0.6,0.4,0.8066321611404419,0.517778754234314,1.0,0.22597499191761017,0.1933678388595581
halueval-297,halueval,0,5,0.4,0.4,0.6,0.8471481204032898,0.745246946811676,0.9999998211860657,0.12480290979146957,0.1528518795967102
halueval-4221,halueval,1,5,0.0,1.0,0.2,0.8827992677688599,0.7909131050109863,0.9944173097610474,0.07478365302085876,0.11720073223114014
halueval-8981,halueval,0,5,0.1,0.8,0.4,0.574171245098114,0.19234870374202728,1.0,0.24683523178100586,0.425828754901886
halueval-2313,halueval,1,5,1.0,0.2,1.0,0.9999998807907104,0.9999998807907104,0.9999998807907104,0.0,1.1920928955078125e-07
halueval-3437,halueval,1,5,1.0,0.2,1.0,1.0,1.0,1.0,0.0,0.0
halueval-857,halueval,0,5,0.2,0.6,0.4,0.6393822431564331,0.299169659614563,1.0,0.2470489889383316,0.3606177568435669
halueval-3458,halueval,0,5,0.0,1.0,0.2,0.2125803679227829,0.031564317643642426,0.830852746963501,0.22966928780078888,0.7874196320772171
halueval-4889,halueval,1,5,1.0,0.2,1.0,1.0,1.0,1.0,0.0,0.0
halueval-3582,halueval,1,5,0.6,0.4,0.8,0.9571924209594727,0.8929811716079712,0.9999998807907104,0.052428245544433594,0.042807579040527344
halueval-6468,halueval,1,5,1.0,0.2,1.0,0.9887000322341919,0.9811667203903198,1.0,0.009226384572684765,0.011299967765808105
halueval-1212,halueval,1,5,0.6,0.4,0.8,0.8352864384651184,0.588216245174408,0.9999998211860657,0.20173192024230957,0.1647135615348816
halueval-7342,halueval,0,5,0.6,0.4,0.8,0.6980758905410767,0.24518994987010956,0.9999998807907104,0.3697798252105713,0.30192410945892334
halueval-7708,halueval,0,5,1.0,0.2,1.0,1.0,1.0,1.0,0.0,0.0
halueval-5485,halueval,1,5,0.1,0.8,0.4,0.43537741899490356,0.09225159138441086,0.9999998807907104,0.21826718747615814,0.5646225810050964
halueval-8009,halueval,0,5,0.2,0.6,0.4,0.7863985300064087,0.617769718170166,1.0,0.1226336881518364,0.2136014699935913
halueval-7732,halueval,1,5,0.3,0.6,0.6,0.7492719888687134,0.5506954193115234,1.0,0.17855477333068848,0.2507280111312866
halueval-8546,halueval,0,5,0.6,0.4,0.8,0.919380784034729,0.7848634123802185,1.0,0.06310787796974182,0.080619215965271
halueval-3785,halueval,1,5,1.0,0.2,1.0,1.0,1.0,1.0,0.0,0.0
halueval-5803,halueval,1,5,0.1,0.8,0.4,0.6144462823867798,0.34829849004745483,1.0,0.27008065581321716,0.3855537176132202
halueval-2112,halueval,0,5,1.0,0.2,1.0,0.9999998807907104,0.9999998807907104,0.9999998807907104,0.0,1.1920928955078125e-07
halueval-861,halueval,0,5,0.6,0.4,0.8,0.8091732263565063,0.5357949733734131,1.0,0.20539695024490356,0.19082677364349365
halueval-2283,halueval,0,5,0.2,0.6,0.4,0.7653895020484924,0.545794665813446,1.0,0.1752288043498993,0.23461049795150757
halueval-127,halueval,1,5,0.2,0.6,0.4,0.557466447353363,0.14406675100326538,1.0,0.33869820833206177,0.44253355264663696
halueval-2598,halueval,1,5,0.0,1.0,0.2,0.36875641345977783,0.11443356424570084,0.7300310134887695,0.2145770788192749,0.6312435865402222
halueval-8710,halueval,1,5,0.6,0.4,0.8,0.750194787979126,0.37548699975013733,1.0,0.3059476315975189,0.24980521202087402
halueval-6858,halueval,0,5,1.0,0.2,1.0,1.0,1.0,1.0,0.0,0.0
halueval-625,halueval,1,5,0.0,1.0,0.2,0.6350531578063965,0.34929215908050537,0.8974414467811584,0.1774265021085739,0.3649468421936035
halueval-3782,halueval,0,5,0.1,0.8,0.4,0.5761464834213257,0.07567648589611053,0.9971456527709961,0.37567922472953796,0.4238535165786743
halueval-1138,halueval,1,5,0.4,0.4,0.6,0.9356086850166321,0.8926811218261719,1.0,0.05257530137896538,0.06439131498336792
halueval-1208,halueval,0,5,0.3,0.6,0.6,0.8206461071968079,0.6291720867156982,1.0,0.1438140571117401,0.17935389280319214
halueval-4404,halueval,1,5,0.0,1.0,0.2,0.9323270916938782,0.8663221001625061,0.9902036190032959,0.0338086299598217,0.06767290830612183
halueval-3205,halueval,1,5,1.0,0.2,1.0,0.9999998807907104,0.9999998807907104,0.9999998807907104,0.0,1.1920928955078125e-07
halueval-5832,halueval,0,5,0.6,0.4,0.8,0.9640111923217773,0.9100278615951538,1.0,0.04407716542482376,0.035988807678222656
halueval-8651,halueval,0,5,0.1,0.8,0.4,0.522426426410675,0.3210131824016571,1.0,0.20156577229499817,0.47757357358932495
halueval-1572,halueval,0,5,0.3,0.6,0.6,0.628523051738739,0.2427917718887329,1.0,0.2554568946361542,0.371476948261261
halueval-7407,halueval,1,5,0.3,0.6,0.6,0.5489305257797241,0.2705654501914978,1.0,0.3156523108482361,0.4510694742202759
halueval-4499,halueval,0,5,0.6,0.4,0.8,0.9426515698432922,0.8769348859786987,1.0,0.04621913284063339,0.057348430156707764
halueval-6368,halueval,1,5,0.6,0.4,0.8,0.6063172817230225,0.01579338125884533,0.9999998807907104,0.482160747051239,0.39368271827697754
halueval-4010,halueval,0,5,0.1,0.8,0.4,0.7518020868301392,0.4684591591358185,1.0,0.22837422788143158,0.24819791316986084
halueval-3019,halueval,0,5,0.6,0.4,0.8,0.8434261083602905,0.6085653901100159,1.0,0.1917630136013031,0.15657389163970947
halueval-9504,halueval,0,5,0.4,0.4,0.6,0.6652710437774658,0.45714542269706726,1.0,0.24668049812316895,0.3347289562225342
halueval-7722,halueval,0,5,0.0,1.0,0.2,0.7512598633766174,0.5274213552474976,0.9631379842758179,0.13859590888023376,0.24874013662338257
halueval-7229,halueval,1,5,0.0,1.0,0.2,0.9043976068496704,0.7322090864181519,0.9777071475982666,0.07301896810531616,0.09560239315032959
halueval-8233,halueval,1,5,0.0,1.0,0.2,0.6574803590774536,0.43938112258911133,0.9181411266326904,0.15788674354553223,0.3425196409225464
halueval-7460,halueval,1,5,0.3,0.6,0.6,0.9463721513748169,0.8676908016204834,1.0,0.06365194171667099,0.053627848625183105
halueval-9615,halueval,0,5,1.0,0.2,1.0,1.0,1.0,1.0,0.0,0.0
halueval-120,halueval,1,5,1.0,0.2,1.0,0.9999998807907104,0.9999998807907104,0.9999998807907104,0.0,1.1920928955078125e-07
halueval-2801,halueval,0,5,1.0,0.2,1.0,1.0,1.0,1.0,0.0,0.0
halueval-7702,halueval,0,5,0.0,1.0,0.2,0.4448890686035156,0.13682429492473602,0.7724077105522156,0.20158055424690247,0.5551109313964844
halueval-8276,halueval,1,5,0.2,0.6,0.4,0.9029827117919922,0.809375524520874,0.9976801872253418,0.06880994886159897,0.09701728820800781
halueval-776,halueval,1,5,1.0,0.2,1.0,0.9700196981430054,0.9500328302383423,1.0,0.024478813633322716,0.02998030185699463
halueval-7029,halueval,1,5,1.0,0.2,1.0,0.9999997019767761,0.9999996423721313,0.9999996423721313,5.960464477539063e-08,2.980232238769531e-07
halueval-9848,halueval,0,5,0.1,0.8,0.4,0.5187690854072571,0.13595695793628693,0.8718618750572205,0.29742854833602905,0.4812309145927429
halueval-8691,halueval,0,5,0.1,0.8,0.4,0.6890002489089966,0.5267176628112793,1.0,0.14395613968372345,0.3109997510910034
halueval-2407,halueval,0,5,0.0,1.0,0.2,0.582032322883606,0.1597643494606018,0.9419289231300354,0.3129144012928009,0.41796767711639404
halueval-7375,halueval,1,5,0.2,0.6,0.4,0.7286849617958069,0.5392160415649414,1.0,0.20593228936195374,0.2713150382041931
halueval-9248,halueval,0,5,1.0,0.2,1.0,0.990075409412384,0.975188672542572,1.0,0.0121550178155303,0.009924590587615967
halueval-4765,halueval,1,5,1.0,0.2,1.0,0.9999998807907104,0.9999998807907104,0.9999998807907104,0.0,1.1920928955078125e-07
halueval-5960,halueval,0,5,0.1,0.8,0.4,0.5242120027542114,0.28782162070274353,1.0,0.2440418004989624,0.4757879972457886
halueval-1036,halueval,0,5,0.0,1.0,0.2,0.9128388166427612,0.8617420196533203,0.9694108366966248,0.02703016623854637,0.08716118335723877
halueval-1253,halueval,1,5,0.6,0.4,0.8,0.8332492709159851,0.5831233263015747,1.0,0.2042270302772522,0.1667507290840149
halueval-4543,halueval,0,5,0.1,0.8,0.4,0.7878263592720032,0.6390626430511475,0.9954858422279358,0.11569850891828537,0.21217364072799683
halueval-7064,halueval,1,5,0.1,0.8,0.4,0.43567389249801636,0.1518799513578415,1.0,0.25852683186531067,0.5643261075019836
halueval-8149,halueval,1,5,1.0,0.2,1.0,0.982157826423645,0.9553945064544678,0.9999999403953552,0.02185211144387722,0.01784217357635498
halueval-5599,halueval,1,5,0.6,0.4,0.8,0.97578364610672,0.9394591450691223,1.0,0.029658840969204903,0.02421635389328003
halueval-8855,halueval,0,5,1.0,0.2,1.0,0.9850376844406128,0.9625943303108215,1.0,0.01832496002316475,0.014962315559387207
halueval-563,halueval,0,5,0.0,1.0,0.2,0.7024554014205933,0.2892398536205292,0.9238717555999756,0.18257804214954376,0.29754459857940674
halueval-9724,halueval,0,5,0.2,0.6,0.4,0.46152257919311523,0.15464849770069122,1.0,0.30987733602523804,0.5384774208068848
halueval-9553,halueval,1,5,0.1,0.8,0.4,0.6086262464523315,0.2035902738571167,0.9999997615814209,0.30173301696777344,0.39137375354766846
halueval-1113,halueval,0,5,0.1,0.8,0.4,0.6859008073806763,0.4229127764701843,1.0,0.1898738443851471,0.31409919261932373
halueval-9421,halueval,0,5,0.1,0.8,0.4,0.3039346933364868,0.051623761653900146,0.9999999403953552,0.2581692039966583,0.6960653066635132
halueval-7107,halueval,1,5,0.0,1.0,0.2,0.7225396037101746,0.44280391931533813,0.993619441986084,0.21006327867507935,0.27746039628982544
halueval-886,halueval,0,5,0.3,0.6,0.6,0.6389510035514832,0.3554151654243469,1.0,0.26266518235206604,0.36104899644851685
halueval-4541,halueval,1,5,0.6,0.4,0.8,0.8170512914657593,0.5426284074783325,1.0,0.2240653932094574,0.18294870853424072
halueval-7484,halueval,1,5,1.0,0.2,1.0,0.9999998807907104,0.9999998807907104,0.9999998807907104,0.0,1.1920928955078125e-07
halueval-3966,halueval,0,5,0.1,0.8,0.4,0.6014991998672485,0.21850551664829254,1.0,0.21040792763233185,0.39850080013275146
halueval-7601,halueval,1,5,1.0,0.2,1.0,1.0,1.0,1.0,0.0,0.0
halueval-7395,halueval,1,5,0.4,0.4,0.6,0.8855372667312622,0.7932009100914001,1.0,0.08890456706285477,0.11446273326873779
halueval-509,halueval,0,5,1.0,0.2,1.0,0.9861617088317871,0.9769361615180969,1.0,0.01129892747849226,0.01383829116821289
halueval-5262,halueval,0,5,0.6,0.4,0.8,0.9353283047676086,0.8383207321166992,1.0,0.07920634001493454,0.06467169523239136
halueval-9464,halueval,1,5,0.1,0.8,0.4,0.4223225712776184,-0.028878193348646164,1.0,0.3407074511051178,0.5776774287223816
halueval-8420,halueval,0,5,1.0,0.2,1.0,1.0,1.0,1.0,0.0,0.0
halueval-361,halueval,0,5,0.3,0.6,0.6,0.7315048575401306,0.5589064359664917,0.9999997615814209,0.1840125173330307,0.2684951424598694
halueval-7226,halueval,0,5,1.0,0.2,1.0,0.9812700152397156,0.9687833786010742,1.0,0.015292913652956486,0.018729984760284424
halueval-873,halueval,0,5,0.6,0.4,0.8,0.8084503412246704,0.5436813235282898,1.0,0.19749809801578522,0.1915496587753296
halueval-7518,halueval,0,5,0.3,0.6,0.6,0.5987867116928101,0.38249266147613525,1.0,0.2634882628917694,0.40121328830718994
halueval-4298,halueval,0,5,1.0,0.2,1.0,0.9508620500564575,0.9195586442947388,1.0,0.037351805716753006,0.04913794994354248
halueval-3035,halueval,1,5,1.0,0.2,1.0,1.0,1.0,1.0,0.0,0.0
halueval-3708,halueval,1,5,0.6,0.4,0.8,0.9518228769302368,0.8803087472915649,0.9999998807907104,0.044003020972013474,0.048177123069763184
halueval-5574,halueval,1,5,0.3,0.6,0.6,0.6928720474243164,0.3692309856414795,0.9999999403953552,0.26445305347442627,0.3071279525756836
halueval-7305,halueval,1,5,1.0,0.2,1.0,0.9999998807907104,0.9999998807907104,0.9999998807907104,0.0,1.1920928955078125e-07
halueval-7916,halueval,0,5,1.0,0.2,1.0,0.9999998807907104,0.9999998807907104,0.9999998807907104,0.0,1.1920928955078125e-07
halueval-5653,halueval,0,5,0.6,0.4,0.8,0.8117381930351257,0.5293453931808472,1.0,0.23057273030281067,0.18826180696487427
halueval-915,halueval,0,5,0.4,0.4,0.6,0.9224264025688171,0.8707107305526733,1.0,0.06333852559328079,0.07757359743118286
halueval-7123,halueval,0,5,0.3,0.6,0.6,0.679040253162384,0.48301613330841064,1.0,0.22177140414714813,0.32095974683761597
halueval-7292,halueval,0,5,0.4,0.4,0.6,0.7466610670089722,0.5777684450149536,1.0,0.20685037970542908,0.25333893299102783
halueval-4544,halueval,1,5,1.0,0.2,1.0,1.0,1.0,1.0,0.0,0.0
halueval-468,halueval,1,5,0.1,0.8,0.4,0.5705975294113159,0.30969634652137756,1.0,0.22938603162765503,0.4294024705886841
halueval-7296,halueval,1,5,1.0,0.2,1.0,0.9900729060173035,0.9834550023078918,1.0,0.008105273358523846,0.009927093982696533
halueval-4064,halueval,0,5,0.0,1.0,0.2,0.8915351033210754,0.7541769742965698,0.9961767196655273,0.08837325125932693,0.10846489667892456
halueval-9976,halueval,1,5,1.0,0.2,1.0,1.0,1.0,1.0,0.0,0.0
halueval-4880,halueval,0,5,1.0,0.2,1.0,0.9999997019767761,0.9999996423721313,0.9999996423721313,5.960464477539063e-08,2.980232238769531e-07
halueval-3663,halueval,1,5,0.3,0.6,0.6,0.6988603472709656,0.45559465885162354,1.0,0.21744832396507263,0.3011396527290344
halueval-7925,halueval,0,5,0.6,0.4,0.8,0.8969407081604004,0.7423518300056458,1.0,0.12622131407260895,0.10305929183959961
halueval-2039,halueval,1,5,0.0,1.0,0.2,0.9229450225830078,0.827894926071167,0.9858335256576538,0.04370015487074852,0.07705497741699219
halueval-2017,halueval,0,5,0.1,0.8,0.4,0.42146921157836914,0.10382597893476486,1.0,0.2921883761882782,0.5785307884216309
halueval-5473,halueval,1,5,1.0,0.2,1.0,1.0,1.0,1.0,0.0,0.0
halueval-2222,halueval,0,5,0.3,0.6,0.6,0.630639910697937,0.33116990327835083,1.0,0.27246761322021484,0.369360089302063
halueval-4852,halueval,0,5,0.3,0.6,0.6,0.7324077486991882,0.5239277482032776,1.0,0.18810728192329407,0.26759225130081177
halueval-2613,halueval,0,5,0.4,0.4,0.6,0.8477684259414673,0.7462806701660156,1.0,0.12429656833410263,0.15223157405853271
halueval-3762,halueval,0,5,0.6,0.4,0.8,0.9885015487670898,0.9712538123130798,1.0,0.01408269815146923,0.011498451232910156
halueval-343,halueval,0,5,0.6,0.4,0.8,0.81028813123703,0.5257203578948975,1.0,0.23234862089157104,0.18971186876296997
halueval-8057,halueval,1,5,1.0,0.2,1.0,0.9836193919181824,0.9590485692024231,1.0,0.020062021911144257,0.016380608081817627
halueval-4809,halueval,0,5,0.1,0.8,0.4,0.7102562785148621,0.5066342353820801,0.9986436367034912,0.20831643044948578,0.28974372148513794
halueval-7341,halueval,1,5,0.1,0.8,0.4,0.40794748067855835,0.07299742847681046,1.0,0.29247161746025085,0.5920525193214417
halueval-2768,halueval,1,5,1.0,0.2,1.0,1.0,1.0,1.0,0.0,0.0
halueval-9148,halueval,0,5,0.3,0.6,0.6,0.5437058210372925,0.06094870716333389,1.0,0.3195539116859436,0.4562941789627075
halueval-47,halueval,0,5,0.0,1.0,0.2,0.5294459462165833,0.3209056258201599,0.9666332006454468,0.19695092737674713,0.47055405378341675
halueval-7147,halueval,0,5,0.6,0.4,0.8,0.7773045301437378,0.44326138496398926,1.0,0.2727451026439667,0.2226954698562622
halueval-304,halueval,0,5,0.6,0.4,0.8,0.9833256006240845,0.958314061164856,1.0,0.02042185701429844,0.016674399375915527
halueval-4361,halueval,0,5,0.4,0.4,0.6,0.6370895504951477,0.39514923095703125,1.0,0.29631510376930237,0.3629104495048523
halueval-6203,halueval,0,5,0.6,0.4,0.8,0.8380181193351746,0.5950456857681274,0.9999997615814209,0.19838617742061615,0.16198188066482544
halueval-816,halueval,1,5,1.0,0.2,1.0,1.0,1.0,1.0,0.0,0.0
halueval-137,halueval,1,5,0.1,0.8,0.4,0.8691658973693848,0.8076637983322144,1.0,0.05463956296443939,0.13083410263061523
halueval-6923,halueval,1,5,0.0,1.0,0.2,0.8218114972114563,0.6544487476348877,0.9745941162109375,0.10245279222726822,0.1781885027885437
halueval-1408,halueval,0,5,0.0,1.0,0.2,0.7782061100006104,0.6180648803710938,0.9612486362457275,0.12270611524581909,0.22179388999938965
halueval-85,halueval,0,5,1.0,0.2,1.0,1.0,1.0,1.0,0.0,0.0
halueval-7852,halueval,1,5,0.3,0.6,0.6,0.4577154219150543,0.03842535242438316,1.0,0.3822287321090698,0.5422845780849457
halueval-2599,halueval,1,5,0.0,1.0,0.2,0.9048894047737122,0.7771646976470947,0.9956039190292358,0.06493233144283295,0.09511059522628784
halueval-8550,halueval,0,5,1.0,0.2,1.0,0.9843744039535522,0.9609360694885254,1.0,0.019137339666485786,0.015625596046447754
halueval-6967,halueval,1,5,0.3,0.6,0.6,0.8082209825515747,0.6375129818916321,0.9999998807907104,0.15303270518779755,0.1917790174484253
halueval-5856,halueval,1,5,0.4,0.4,0.6,0.48785027861595154,0.14641712605953217,1.0,0.41816848516464233,0.5121497213840485
halueval-8476,halueval,0,5,0.1,0.8,0.4,0.9904486536979675,0.9691267013549805,0.9998506307601929,0.00875050202012062,0.00955134630203247
halueval-914,halueval,1,5,0.6,0.4,0.8,0.5978215932846069,-0.005445849150419235,1.0,0.4925658702850342,0.40217840671539307
halueval-4857,halueval,1,5,0.0,1.0,0.2,0.678701639175415,0.4603961706161499,0.9130361080169678,0.15384572744369507,0.32129836082458496
halueval-9112,halueval,0,5,1.0,0.2,1.0,0.9914757609367371,0.9786895513534546,1.0,0.010439945384860039,0.00852423906326294
halueval-2249,halueval,0,5,0.6,0.4,0.8,0.7825983166694641,0.45649582147598267,1.0,0.26626157760620117,0.2174016833305359
halueval-6820,halueval,1,5,1.0,0.2,1.0,1.0,1.0,1.0,0.0,0.0
halueval-7573,halueval,1,5,1.0,0.2,1.0,1.0,1.0,1.0,0.0,0.0
halueval-5079,halueval,0,5,0.0,1.0,0.2,0.8759889602661133,0.7786663174629211,0.9887986183166504,0.05781906470656395,0.12401103973388672
halueval-9676,halueval,0,5,0.0,1.0,0.2,0.32723695039749146,0.17392364144325256,0.6789293885231018,0.15685124695301056,0.6727630496025085
halueval-637,halueval,0,5,1.0,0.2,1.0,1.0,1.0,1.0,0.0,0.0
halueval-3716,halueval,1,5,0.4,0.4,0.6,0.8664695024490356,0.7774492502212524,1.0,0.10902713239192963,0.13353049755096436
halueval-8037,halueval,0,5,0.1,0.8,0.4,0.40692147612571716,0.15896077454090118,1.0,0.25029781460762024,0.5930785238742828
halueval-6523,halueval,0,5,0.6,0.4,0.8,0.6089730858802795,0.022432740777730942,1.0,0.4789082109928131,0.39102691411972046
halueval-5149,halueval,0,5,0.1,0.8,0.4,0.9462068676948547,0.9189766645431519,0.9989845156669617,0.02855384163558483,0.053793132305145264
halueval-18,halueval,1,5,1.0,0.2,1.0,0.9810175895690918,0.9525438547134399,1.0,0.023248668760061264,0.018982410430908203
halueval-9956,halueval,0,5,0.0,1.0,0.2,0.4368603825569153,0.020402133464813232,0.7905948162078857,0.2447759211063385,0.5631396174430847
halueval-3326,halueval,0,5,0.2,0.6,0.4,0.7411897778511047,0.5435881018638611,1.0,0.18083329498767853,0.25881022214889526
halueval-6060,halueval,0,5,1.0,0.2,1.0,1.0,1.0,1.0,0.0,0.0
halueval-8493,halueval,0,5,0.1,0.8,0.4,0.3783799707889557,0.12415498495101929,1.0,0.2534627318382263,0.6216200292110443
halueval-7304,halueval,0,5,0.1,0.8,0.4,0.825966477394104,0.6958577036857605,1.0,0.12100672721862793,0.174033522605896
halueval-5520,halueval,0,5,0.3,0.6,0.6,0.6222661137580872,0.2650599479675293,0.9999998807907104,0.2849852442741394,0.37773388624191284
halueval-2287,halueval,1,5,0.1,0.8,0.4,0.42587751150131226,0.1569143831729889,1.0,0.30060797929763794,0.5741224884986877
halueval-1637,halueval,1,5,0.1,0.8,0.4,0.578089714050293,0.277381032705307,1.0,0.23038621246814728,0.42191028594970703
halueval-589,halueval,0,5,0.6,0.4,0.8,0.8300508260726929,0.5751273036003113,1.0,0.20814426243305206,0.16994917392730713
halueval-8394,halueval,1,5,1.0,0.2,1.0,1.0,1.0,1.0,0.0,0.0
halueval-741,halueval,1,5,1.0,0.2,1.0,0.9999998807907104,0.9999998807907104,0.9999998807907104,0.0,1.1920928955078125e-07
halueval-8378,halueval,0,5,1.0,0.2,1.0,1.0,1.0,1.0,0.0,0.0
halueval-8586,halueval,0,5,1.0,0.2,1.0,1.0,1.0,1.0,0.0,0.0
halueval-418,halueval,1,5,1.0,0.2,1.0,1.0,1.0,1.0,0.0,0.0
halueval-9472,halueval,0,5,0.3,0.6,0.6,0.7077714204788208,0.41451865434646606,1.0,0.22677218914031982,0.2922285795211792
halueval-5742,halueval,1,5,1.0,0.2,1.0,0.9750770330429077,0.9376928806304932,0.9999998807907104,0.03052407130599022,0.024922966957092285
halueval-4375,halueval,1,5,0.0,1.0,0.2,0.8944457173347473,0.8414293527603149,0.9414497017860413,0.030881695449352264,0.10555428266525269
halueval-500,halueval,1,5,0.3,0.6,0.6,0.6675192713737488,0.37623003125190735,1.0,0.2435821145772934,0.3324807286262512
halueval-4189,halueval,1,5,0.3,0.6,0.6,0.6278538107872009,0.4256865382194519,1.0,0.24615757167339325,0.3721461892127991
halueval-8678,halueval,0,5,0.6,0.4,0.8,0.8698617219924927,0.6602857112884521,1.0,0.123781718313694,0.13013827800750732
halueval-9606,halueval,0,5,0.1,0.8,0.4,0.4943322241306305,0.13487675786018372,1.0,0.256314218044281,0.5056677758693695
halueval-9572,halueval,0,5,1.0,0.2,1.0,1.0,1.0,1.0,0.0,0.0
halueval-2233,halueval,1,5,0.3,0.6,0.6,0.6886199116706848,0.36922138929367065,1.0,0.2599242329597473,0.3113800883293152
halueval-4554,halueval,1,5,1.0,0.2,1.0,1.0,1.0,1.0,0.0,0.0
halueval-6475,halueval,1,5,0.3,0.6,0.6,0.5877512693405151,0.3682602047920227,1.0,0.2725411653518677,0.41224873065948486
halueval-5117,halueval,0,5,0.6,0.4,0.8,0.9071586728096008,0.7678965330123901,1.0,0.11370701342821121,0.09284132719039917
halueval-6304,halueval,0,5,0.3,0.6,0.6,0.32375699281692505,-0.0952165275812149,1.0,0.463410884141922,0.676243007183075
halueval-1285,halueval,1,5,0.4,0.4,0.6,0.9772999882698059,0.9621666669845581,1.0,0.018534407019615173,0.022700011730194092
halueval-5429,halueval,0,5,0.4,0.4,0.6,0.7452815771102905,0.5686872005462646,1.0,0.20034600794315338,0.2547184228897095
halueval-269,halueval,0,5,1.0,0.2,1.0,1.0,1.0,1.0,0.0,0.0
halueval-4633,halueval,1,5,1.0,0.2,1.0,0.9789736866950989,0.9649561643600464,1.0,0.017167896032333374,0.021026313304901123
halueval-7009,halueval,1,5,0.0,1.0,0.2,0.7027855515480042,0.40430784225463867,0.9388934373855591,0.1908261775970459,0.29721444845199585
halueval-4579,halueval,0,5,0.6,0.4,0.8,0.7748956084251404,0.43723905086517334,1.0,0.27569544315338135,0.22510439157485962
halueval-4827,halueval,0,5,0.1,0.8,0.4,0.6461790204048157,0.3462684750556946,0.9368990659713745,0.14010563492774963,0.3538209795951843
halueval-959,halueval,1,5,1.0,0.2,1.0,1.0,1.0,1.0,0.0,0.0
halueval-1235,halueval,0,5,0.3,0.6,0.6,0.6771098375320435,0.46918797492980957,1.0,0.2547742426395416,0.32289016246795654
halueval-5645,halueval,0,5,0.6,0.4,0.8,0.7423967123031616,0.37128227949142456,0.9999998211860657,0.2975987195968628,0.2576032876968384
halueval-5696,halueval,0,5,1.0,0.2,1.0,0.9872657060623169,0.978776216506958,1.0,0.010397473350167274,0.012734293937683105
halueval-7482,halueval,1,5,0.1,0.8,0.4,0.5174606442451477,0.1019926592707634,1.0,0.31139981746673584,0.4825393557548523
halueval-8134,halueval,1,5,1.0,0.2,1.0,1.0,1.0,1.0,0.0,0.0
halueval-4617,halueval,0,5,0.2,0.6,0.4,0.5346001982688904,0.384168803691864,1.0,0.2347167730331421,0.4653998017311096
halueval-8698,halueval,1,5,0.6,0.4,0.8,0.7682391405105591,0.4205983281135559,0.9999996423721313,0.28384751081466675,0.23176085948944092
halueval-3369,halueval,0,5,0.0,1.0,0.2,0.8300334811210632,0.6248517632484436,0.971771240234375,0.14081911742687225,0.16996651887893677
halueval-1573,halueval,1,5,0.1,0.8,0.4,0.5025076270103455,0.14974187314510345,1.0,0.28381994366645813,0.49749237298965454
halueval-9603,halueval,1,5,0.6,0.4,0.8,0.7804823517799377,0.4595787525177002,0.9999999403953552,0.25500935316085815,0.21951764822006226
halueval-6196,halueval,1,5,0.3,0.6,0.6,0.7119503617286682,0.5217092037200928,1.0,0.19813428819179535,0.2880496382713318
halueval-1497,halueval,1,5,0.3,0.6,0.6,0.6741570830345154,0.15909577906131744,1.0,0.2933337092399597,0.3258429169654846
halueval-3186,halueval,0,5,0.0,1.0,0.2,0.7698937654495239,0.656399130821228,0.9348782896995544,0.10788679122924805,0.23010623455047607
halueval-402,halueval,0,5,0.1,0.8,0.4,0.36281150579452515,0.16939689218997955,1.0,0.22144922614097595,0.6371884942054749
halueval-2557,halueval,0,5,1.0,0.2,1.0,0.9999998807907104,0.9999998807907104,0.9999998807907104,0.0,1.1920928955078125e-07
halueval-1962,halueval,0,5,0.6,0.4,0.8,0.9642038345336914,0.910509467124939,1.0,0.04384123161435127,0.035796165466308594
halueval-1921,halueval,0,5,0.1,0.8,0.4,0.4061012268066406,0.08299074321985245,1.0,0.2785142660140991,0.5938987731933594
halueval-5917,halueval,1,5,0.3,0.6,0.6,0.5859469175338745,0.23293954133987427,1.0,0.3069814443588257,0.4140530824661255
halueval-3798,halueval,1,5,0.0,1.0,0.2,0.9448992609977722,0.9220976829528809,0.9631944894790649,0.012539034709334373,0.05510073900222778
halueval-506,halueval,0,5,0.6,0.4,0.8,0.9548016786575317,0.8870040774345398,1.0,0.0553564690053463,0.04519832134246826
halueval-7086,halueval,1,5,0.0,1.0,0.2,0.8589563369750977,0.6841908693313599,0.9950578212738037,0.11069894582033157,0.14104366302490234
halueval-2160,halueval,0,5,1.0,0.2,1.0,0.9498194456100464,0.916365921497345,0.9999998807907104,0.040972091257572174,0.05018055438995361
halueval-1282,halueval,1,5,1.0,0.2,1.0,0.9785641431808472,0.9464105367660522,1.0,0.026253368705511093,0.021435856819152832
halueval-5159,halueval,1,5,0.3,0.6,0.6,0.772330641746521,0.5185213088989258,1.0,0.1897699385881424,0.227669358253479
halueval-8272,halueval,0,5,0.0,1.0,0.2,0.9788878560066223,0.9621913433074951,0.9950710535049438,0.01304236613214016,0.021112143993377686
halueval-2323,halueval,0,5,1.0,0.2,1.0,1.0,1.0,1.0,0.0,0.0
halueval-5056,halueval,1,5,0.0,1.0,0.2,0.8752212524414062,0.8049614429473877,0.974989652633667,0.05993407964706421,0.12477874755859375
halueval-2827,halueval,1,5,1.0,0.2,1.0,1.0,1.0,1.0,0.0,0.0
halueval-648,halueval,0,5,0.0,1.0,0.2,0.8959449529647827,0.7716862559318542,0.9837446212768555,0.07905353605747223,0.10405504703521729
halueval-2100,halueval,1,5,1.0,0.2,1.0,1.0,1.0,1.0,0.0,0.0
halueval-8868,halueval,1,5,0.3,0.6,0.6,0.5503084063529968,0.15243184566497803,1.0,0.31695565581321716,0.4496915936470032
halueval-4087,halueval,1,5,1.0,0.2,1.0,1.0,1.0,1.0,0.0,0.0
halueval-6556,halueval,1,5,0.2,0.6,0.4,0.5876545310020447,0.4055269956588745,1.0,0.2236090749502182,0.4123454689979553
halueval-2871,halueval,1,5,1.0,0.2,1.0,1.0,1.0,1.0,0.0,0.0
halueval-3712,halueval,0,5,0.6,0.4,0.8,0.6856520175933838,0.2141299992799759,1.0,0.38499611616134644,0.3143479824066162
halueval-4220,halueval,0,5,1.0,0.2,1.0,1.0,1.0,1.0,0.0,0.0
halueval-7815,halueval,0,5,0.3,0.6,0.6,0.6414483189582825,0.29455888271331787,0.9999998807907104,0.2859760522842407,0.35855168104171753
halueval-270,halueval,1,5,0.2,0.6,0.4,0.41127243638038635,0.13183392584323883,1.0,0.32003429532051086,0.5887275636196136
halueval-3301,halueval,0,5,0.3,0.6,0.6,0.6337881684303284,0.41240036487579346,1.0,0.26069900393486023,0.36621183156967163
halueval-4142,halueval,0,5,1.0,0.2,1.0,0.9999998211860657,0.9999997615814209,0.9999997615814209,5.960464477539063e-08,1.7881393432617188e-07
halueval-9682,halueval,0,5,0.6,0.4,0.8,0.8660827875137329,0.6652071475982666,0.9999998807907104,0.1640142798423767,0.1339172124862671
halueval-7843,halueval,0,5,0.1,0.8,0.4,0.8858205676078796,0.7436026334762573,1.0,0.07817243784666061,0.11417943239212036
halueval-1935,halueval,1,5,1.0,0.2,1.0,1.0,1.0,1.0,0.0,0.0
halueval-7814,halueval,1,5,1.0,0.2,1.0,1.0,1.0,1.0,0.0,0.0
halueval-5961,halueval,1,5,0.0,1.0,0.2,0.638944149017334,0.4112023115158081,0.8645398616790771,0.1600981056690216,0.361055850982666
halueval-9769,halueval,1,5,1.0,0.2,1.0,1.0,1.0,1.0,0.0,0.0
halueval-2291,halueval,0,5,0.1,0.8,0.4,0.49647799134254456,0.264707088470459,0.9999998211860657,0.19188566505908966,0.5035220086574554
halueval-1581,halueval,1,5,0.6,0.4,0.8,0.7393968105316162,0.3484920263290405,1.0,0.3191724121570587,0.2606031894683838
halueval-6218,halueval,1,5,0.3,0.6,0.6,0.6225625276565552,0.32300129532814026,0.9999999403953552,0.28782543540000916,0.3774374723434448
halueval-6194,halueval,0,5,1.0,0.2,1.0,0.9999998807907104,0.9999999403953552,0.9999999403953552,5.960464477539063e-08,1.1920928955078125e-07
halueval-450,halueval,1,5,1.0,0.2,1.0,0.9999998211860657,0.9999997615814209,0.9999997615814209,5.960464477539063e-08,1.7881393432617188e-07
halueval-1738,halueval,0,5,0.2,0.6,0.4,0.7592104077339172,0.5471841096878052,1.0,0.15746697783470154,0.24078959226608276
halueval-5854,halueval,1,5,1.0,0.2,1.0,0.9822351336479187,0.9703917503356934,1.0,0.014505021274089813,0.0177648663520813
halueval-5396,halueval,1,5,0.1,0.8,0.4,0.526272177696228,0.26171553134918213,1.0,0.25615736842155457,0.473727822303772
halueval-3516,halueval,1,5,0.6,0.4,0.8,0.8483662605285645,0.6222045421600342,1.0,0.1776430457830429,0.15163373947143555
halueval-3692,halueval,0,5,0.4,0.4,0.6,0.9386420249938965,0.897736668586731,1.0,0.05009859427809715,0.061357975006103516
halueval-1527,halueval,0,5,0.1,0.8,0.4,0.891697108745575,0.757522463798523,1.0,0.09721887111663818,0.10830289125442505
halueval-87,halueval,1,5,0.0,1.0,0.2,0.8721789121627808,0.7241485714912415,0.9899076223373413,0.08573440462350845,0.12782108783721924
halueval-5347,halueval,0,5,0.6,0.4,0.8,0.9311488270759583,0.8278719782829285,1.0,0.0843251645565033,0.06885117292404175
halueval-9003,halueval,0,5,0.4,0.4,0.6,0.9252675175666809,0.8754458427429199,1.0,0.061018794775009155,0.07473248243331909
halueval-60,halueval,1,5,0.1,0.8,0.4,0.6975070238113403,0.46017253398895264,1.0,0.201932892203331,0.30249297618865967
halueval-2735,halueval,0,5,0.6,0.4,0.8,0.8161497116088867,0.5706501007080078,1.0,0.19671624898910522,0.18385028839111328
halueval-2179,halueval,0,5,0.0,1.0,0.2,0.43817320466041565,-0.027031194418668747,0.9175091981887817,0.31123027205467224,0.5618267953395844
halueval-1495,halueval,1,5,0.4,0.4,0.6,0.9627413749694824,0.9379023313522339,1.0,0.030421504750847816,0.03725862503051758
halueval-7492,halueval,1,5,0.4,0.4,0.6,0.9101651906967163,0.8502753376960754,1.0,0.07334976643323898,0.08983480930328369
halueval-5558,halueval,1,5,0.1,0.8,0.4,0.7076165080070496,0.5388855934143066,1.0,0.16256344318389893,0.29238349199295044
halueval-9265,halueval,0,5,0.6,0.4,0.8,0.8885997533798218,0.7214995622634888,0.9999998807907104,0.13643673062324524,0.11140024662017822
halueval-3761,halueval,0,5,1.0,0.2,1.0,0.9999998211860657,0.9999997615814209,0.9999997615814209,5.960464477539063e-08,1.7881393432617188e-07
halueval-9164,halueval,1,5,0.2,0.6,0.4,0.9031505584716797,0.7773070335388184,1.0,0.10291773825883865,0.09684944152832031
halueval-7556,halueval,1,5,0.1,0.8,0.4,0.9496135711669922,0.9168505668640137,0.9915838241577148,0.024101603776216507,0.05038642883300781
halueval-9457,halueval,0,5,0.1,0.8,0.4,0.6321835517883301,0.3863253593444824,1.0,0.22440370917320251,0.3678164482116699
halueval-9602,halueval,0,5,1.0,0.2,1.0,1.0,1.0,1.0,0.0,0.0
halueval-7377,halueval,0,5,0.1,0.8,0.4,0.4381253719329834,0.08922861516475677,1.0,0.2664332687854767,0.5618746280670166
halueval-5060,halueval,0,5,1.0,0.2,1.0,1.0,1.0,1.0,0.0,0.0
halueval-3300,halueval,0,5,0.6,0.4,0.8,0.9072206616401672,0.7857038974761963,1.0,0.09795530885457993,0.09277933835983276
halueval-3541,halueval,0,5,0.6,0.4,0.8,0.92570561170578,0.814264178276062,0.9999998807907104,0.0909915342926979,0.07429438829421997
halueval-3020,halueval,1,5,1.0,0.2,1.0,1.0,1.0,1.0,0.0,0.0
halueval-1330,halueval,1,5,0.1,0.8,0.4,0.627188503742218,0.3818715214729309,1.0,0.24193191528320312,0.372811496257782
halueval-6297,halueval,1,5,0.3,0.6,0.6,0.770191490650177,0.46441709995269775,0.9999998807907104,0.21274207532405853,0.229808509349823
halueval-5033,halueval,0,5,0.0,1.0,0.2,0.9532839059829712,0.9034085273742676,0.9915948510169983,0.02797067165374756,0.04671609401702881
halueval-8391,halueval,1,5,0.1,0.8,0.4,0.8245522379875183,0.6713266372680664,0.9999998807907104,0.11652430891990662,0.1754477620124817
halueval-3665,halueval,1,5,0.0,1.0,0.2,0.6421209573745728,0.35884803533554077,0.9922972321510315,0.21999935805797577,0.35787904262542725
halueval-1395,halueval,1,5,0.6,0.4,0.8,0.6791249513626099,0.19781288504600525,0.9999996423721313,0.3929896354675293,0.32087504863739014
halueval-8011,halueval,1,5,0.3,0.6,0.6,0.5524634122848511,0.24407587945461273,1.0,0.3645336627960205,0.4475365877151489
halueval-4878,halueval,1,5,1.0,0.2,1.0,0.9831581115722656,0.9578956365585327,0.9999997615814209,0.020626723766326904,0.016841888427734375
halueval-6117,halueval,0,5,0.0,1.0,0.2,0.6450964212417603,0.4409560561180115,0.9771849513053894,0.21094101667404175,0.35490357875823975
halueval-3187,halueval,1,5,1.0,0.2,1.0,1.0,1.0,1.0,0.0,0.0
halueval-1943,halueval,1,5,1.0,0.2,1.0,0.9834573864936829,0.9724289178848267,1.0,0.013507002033293247,0.01654261350631714
halueval-8306,halueval,0,5,0.0,1.0,0.2,0.5266186594963074,0.3376223146915436,0.762698769569397,0.1391182541847229,0.4733813405036926
halueval-5651,halueval,1,5,0.0,1.0,0.2,0.4666614532470703,-0.008167911320924759,0.9670760035514832,0.3836032748222351,0.5333385467529297
halueval-1516,halueval,1,5,0.3,0.6,0.6,0.7854530215263367,0.5195417404174805,1.0,0.2146192193031311,0.21454697847366333
halueval-1159,halueval,0,5,0.6,0.4,0.8,0.8108178973197937,0.5270447134971619,1.0,0.23169982433319092,0.1891821026802063
halueval-1930,halueval,1,5,0.0,1.0,0.2,0.9178056716918945,0.8214181065559387,0.9963928461074829,0.056413281708955765,0.08219432830810547
halueval-7760,halueval,1,5,0.4,0.4,0.6,0.7152521014213562,0.5254201889038086,1.0,0.23249557614326477,0.2847478985786438
halueval-9111,halueval,1,5,0.3,0.6,0.6,0.37149515748023987,-0.006891746073961258,0.986034631729126,0.40582698583602905,0.6285048425197601
halueval-3336,halueval,1,5,0.3,0.6,0.6,0.6557748317718506,0.35337936878204346,0.9999997615814209,0.2539387345314026,0.3442251682281494
halueval-3183,halueval,0,5,1.0,0.2,1.0,0.97845458984375,0.9561190605163574,1.0,0.01702815666794777,0.02154541015625
halueval-7973,halueval,1,5,1.0,0.2,1.0,0.980004608631134,0.966674268245697,1.0,0.016326207667589188,0.019995391368865967
halueval-9478,halueval,0,5,0.0,1.0,0.2,0.8084416389465332,0.6785797476768494,0.9508110284805298,0.07500652968883514,0.1915583610534668
halueval-6875,halueval,0,5,0.6,0.4,0.8,0.9332235455513,0.8330587148666382,1.0,0.0817841961979866,0.06677645444869995
halueval-3031,halueval,0,5,0.3,0.6,0.6,0.8275653719902039,0.6990057826042175,1.0,0.07236044108867645,0.17243462800979614
halueval-1655,halueval,0,5,0.6,0.4,0.8,0.8996197581291199,0.7490494251251221,1.0,0.12294017523527145,0.10038024187088013
halueval-3029,halueval,1,5,0.0,1.0,0.2,0.9424464106559753,0.9133442640304565,0.9928572773933411,0.020759981125593185,0.05755358934402466
halueval-5902,halueval,0,5,0.4,0.4,0.6,0.8848907351493835,0.808151364326477,1.0,0.09398612380027771,0.11510926485061646
halueval-2767,halueval,1,5,0.0,1.0,0.2,0.9412180185317993,0.8739880919456482,0.987263023853302,0.03138124570250511,0.058781981468200684
halueval-1499,halueval,1,5,0.0,1.0,0.2,0.41483253240585327,0.14156484603881836,0.9615246057510376,0.2331959456205368,0.5851674675941467
halueval-422,halueval,0,5,1.0,0.2,1.0,0.9676146507263184,0.946024477481842,1.0,0.026442497968673706,0.03238534927368164
halueval-2456,halueval,1,5,1.0,0.2,1.0,0.9267793893814087,0.8779656291007996,1.0,0.05978437885642052,0.07322061061859131
halueval-1889,halueval,0,5,0.1,0.8,0.4,0.7723928689956665,0.41886717081069946,1.0,0.2579689621925354,0.2276071310043335
halueval-3906,halueval,0,5,1.0,0.2,1.0,1.0,1.0,1.0,0.0,0.0
halueval-7212,halueval,0,5,0.1,0.8,0.4,0.7652966976165771,0.6047365069389343,1.0,0.17806115746498108,0.23470330238342285
halueval-1698,halueval,0,5,0.0,1.0,0.2,0.7122949361801147,0.5810019373893738,0.9309356212615967,0.11275532841682434,0.28770506381988525
halueval-3449,halueval,0,5,0.1,0.8,0.4,0.4154640734195709,0.15666557848453522,1.0,0.2851254642009735,0.5845359265804291
halueval-8091,halueval,0,5,1.0,0.2,1.0,0.9999998807907104,0.9999999403953552,0.9999999403953552,5.960464477539063e-08,1.1920928955078125e-07
halueval-3365,halueval,0,5,0.1,0.8,0.4,0.8595992922782898,0.7426809072494507,1.0,0.08894573897123337,0.1404007077217102
halueval-9647,halueval,1,5,0.1,0.8,0.4,0.6458513736724854,0.40735653042793274,1.0,0.1680402308702469,0.35414862632751465
halueval-448,halueval,1,5,1.0,0.2,1.0,1.0,1.0,1.0,0.0,0.0
halueval-7710,halueval,1,5,0.4,0.4,0.6,0.9899603724479675,0.9832672476768494,1.0,0.008197341114282608,0.01003962755203247
halueval-7873,halueval,0,5,1.0,0.2,1.0,1.0,1.0,1.0,0.0,0.0
halueval-3968,halueval,1,5,0.3,0.6,0.6,0.560062050819397,0.1562221646308899,1.0,0.35332852602005005,0.439937949180603
halueval-2782,halueval,0,5,1.0,0.2,1.0,1.0,1.0,1.0,0.0,0.0
halueval-6355,halueval,1,5,1.0,0.2,1.0,0.9999998211860657,0.9999997615814209,0.9999997615814209,5.960464477539063e-08,1.7881393432617188e-07
halueval-3427,halueval,1,5,0.1,0.8,0.4,0.811834454536438,0.6420828700065613,1.0,0.10700811445713043,0.188165545463562
halueval-4001,halueval,0,5,0.1,0.8,0.4,0.6577204465866089,0.4629043936729431,1.0,0.15575344860553741,0.3422795534133911
halueval-182,halueval,1,5,1.0,0.2,1.0,1.0,1.0,1.0,0.0,0.0
halueval-5076,halueval,1,5,0.3,0.6,0.6,0.8149709701538086,0.7172253727912903,1.0,0.1231180876493454,0.1850290298461914
halueval-2248,halueval,0,5,0.0,1.0,0.2,0.5156927108764648,0.23213587701320648,0.9545087814331055,0.258268266916275,0.48430728912353516
halueval-9169,halueval,0,5,0.0,1.0,0.2,0.2705223858356476,0.06970521062612534,0.7948752641677856,0.21089611947536469,0.7294776141643524
halueval-3746,halueval,1,5,0.0,1.0,0.2,0.9744123220443726,0.9527817368507385,0.9945064783096313,0.015270616859197617,0.02558767795562744
halueval-6936,halueval,1,5,1.0,0.2,1.0,1.0,1.0,1.0,0.0,0.0
halueval-7425,halueval,0,5,0.3,0.6,0.6,0.5494229197502136,-0.007375873625278473,1.0,0.39800721406936646,0.4505770802497864
halueval-5372,halueval,0,5,0.0,1.0,0.2,0.9315469861030579,0.8545550107955933,0.9894378185272217,0.036496035754680634,0.06845301389694214
halueval-1636,halueval,0,5,0.6,0.4,0.8,0.7013923525810242,0.25348103046417236,1.0,0.36571812629699707,0.29860764741897583
halueval-1099,halueval,1,5,0.0,1.0,0.2,0.901860237121582,0.8036432266235352,0.9870623350143433,0.07654143124818802,0.09813976287841797
halueval-3969,halueval,0,5,0.1,0.8,0.4,0.9283210635185242,0.8341714143753052,0.9912697672843933,0.06330028921365738,0.07167893648147583
halueval-1205,halueval,0,5,0.1,0.8,0.4,0.40769344568252563,0.05750492960214615,1.0,0.33897027373313904,0.5923065543174744
halueval-2328,halueval,1,5,1.0,0.2,1.0,0.9942609071731567,0.9856521487236023,1.0,0.007028982508927584,0.005739092826843262
halueval-5524,halueval,1,5,0.1,0.8,0.4,0.40921276807785034,0.07283458113670349,0.9651250839233398,0.2740703523159027,0.5907872319221497
halueval-2595,halueval,1,5,0.0,1.0,0.2,0.5107181072235107,0.11241415143013,0.9452499747276306,0.32690998911857605,0.48928189277648926
halueval-4254,halueval,0,5,0.1,0.8,0.4,0.7179726362228394,0.41812753677368164,0.9989600777626038,0.19890910387039185,0.28202736377716064
halueval-4586,halueval,1,5,0.4,0.4,0.6,0.8256977796554565,0.7094963192939758,1.0,0.14231716096401215,0.17430222034454346
halueval-5634,halueval,1,5,0.1,0.8,0.4,0.9827019572257996,0.9662884473800659,1.0,0.010404679924249649,0.01729804277420044
halueval-7233,halueval,1,5,1.0,0.2,1.0,0.9999998211860657,0.9999998211860657,0.9999998211860657,0.0,1.7881393432617188e-07
halueval-439,halueval,1,5,1.0,0.2,1.0,1.0,1.0,1.0,0.0,0.0
halueval-41,halueval,0,5,0.4,0.4,0.6,0.7961348295211792,0.6602246761322021,1.0,0.1664552241563797,0.2038651704788208
halueval-1708,halueval,0,5,0.0,1.0,0.2,0.3433053493499756,0.04329006373882294,0.8620185256004333,0.24572013318538666,0.6566946506500244
halueval-2447,halueval,0,5,0.6,0.4,0.8,0.9680578112602234,0.9201446771621704,0.9999998807907104,0.03912090137600899,0.03194218873977661
halueval-5260,halueval,0,5,0.4,0.4,0.6,0.8221930265426636,0.7036550045013428,1.0,0.14517879486083984,0.17780697345733643
halueval-9384,halueval,1,5,0.1,0.8,0.4,0.7135353684425354,0.36870819330215454,0.9999997615814209,0.23904475569725037,0.2864646315574646
halueval-8142,halueval,1,5,0.1,0.8,0.4,0.4123620390892029,0.07215262204408646,1.0,0.2809928059577942,0.5876379609107971
halueval-6774,halueval,1,5,0.2,0.6,0.4,0.7896624207496643,0.6335948705673218,1.0,0.16074740886688232,0.2103375792503357
halueval-5297,halueval,0,5,0.4,0.4,0.6,0.559823751449585,0.26637303829193115,0.9999998807907104,0.35940223932266235,0.44017624855041504
halueval-4344,halueval,1,5,0.1,0.8,0.4,0.8081740140914917,0.5146408081054688,1.0,0.22183920443058014,0.1918259859085083
halueval-7712,halueval,0,5,1.0,0.2,1.0,1.0,1.0,1.0,0.0,0.0
halueval-6808,halueval,0,5,0.0,1.0,0.2,0.6921452879905701,0.28408747911453247,0.9610103368759155,0.2653103470802307,0.30785471200942993
halueval-6457,halueval,1,5,0.6,0.4,0.8,0.8930228352546692,0.7325571179389954,1.0,0.1310197114944458,0.10697716474533081
halueval-6243,halueval,0,5,1.0,0.2,1.0,0.9999998807907104,0.9999998807907104,0.9999998807907104,0.0,1.1920928955078125e-07
halueval-2756,halueval,1,5,0.0,1.0,0.2,0.5330911874771118,0.20422840118408203,0.8458184003829956,0.17641368508338928,0.4669088125228882
halueval-5004,halueval,0,5,0.0,1.0,0.2,0.5888866186141968,0.08018224686384201,0.9667534828186035,0.351713627576828,0.4111133813858032
halueval-2998,halueval,0,5,0.2,0.6,0.4,0.47717753052711487,0.21571162343025208,1.0,0.287419855594635,0.5228224694728851
halueval-7528,halueval,1,5,0.0,1.0,0.2,0.6886707544326782,0.2746133506298065,0.9666142463684082,0.2867663502693176,0.3113292455673218
halueval-7742,halueval,1,5,0.6,0.4,0.8,0.9540139436721802,0.8850349187850952,1.0,0.0563211590051651,0.045986056327819824
halueval-1957,halueval,1,5,1.0,0.2,1.0,1.0,1.0,1.0,0.0,0.0
halueval-2361,halueval,1,5,0.0,1.0,0.2,0.8449885249137878,0.6802076101303101,0.9675772190093994,0.1085795983672142,0.15501147508621216
halueval-7357,halueval,1,5,1.0,0.2,1.0,1.0,1.0,1.0,0.0,0.0
halueval-5244,halueval,0,5,0.6,0.4,0.8,0.7540667653083801,0.38516682386398315,1.0,0.30120551586151123,0.24593323469161987
halueval-6940,halueval,1,5,0.0,1.0,0.2,0.681328535079956,0.4849475026130676,0.9840136766433716,0.1407446414232254,0.31867146492004395
halueval-7146,halueval,0,5,0.4,0.4,0.6,0.9464701414108276,0.9107837080955505,1.0,0.04370683804154396,0.05352985858917236
halueval-501,halueval,0,5,1.0,0.2,1.0,1.0,1.0,1.0,0.0,0.0
halueval-9990,halueval,0,5,1.0,0.2,1.0,1.0,1.0,1.0,0.0,0.0
halueval-9570,halueval,1,5,0.6,0.4,0.8,0.694679856300354,0.23669978976249695,1.0,0.3739392161369324,0.305320143699646
halueval-8214,halueval,0,5,0.0,1.0,0.2,0.8817228078842163,0.8143946528434753,0.9850125312805176,0.05347089096903801,0.11827719211578369
halueval-1343,halueval,0,5,1.0,0.2,1.0,0.9999998807907104,0.9999999403953552,0.9999999403953552,5.960464477539063e-08,1.1920928955078125e-07
halueval-2475,halueval,0,5,0.1,0.8,0.4,0.6948212385177612,0.16560779511928558,1.0,0.24196715652942657,0.30517876148223877
halueval-1579,halueval,1,5,0.3,0.6,0.6,0.573799729347229,0.19040846824645996,0.9999997615814209,0.3124384880065918,0.426200270652771
halueval-3904,halueval,0,5,0.6,0.4,0.8,0.6320751905441284,0.08018793165683746,1.0,0.4506140649318695,0.3679248094558716
halueval-9924,halueval,1,5,1.0,0.2,1.0,1.0,1.0,1.0,0.0,0.0
halueval-8405,halueval,1,5,0.0,1.0,0.2,0.880841851234436,0.808228611946106,0.9868583083152771,0.049570828676223755,0.11915814876556396
halueval-9764,halueval,0,5,0.3,0.6,0.6,0.877834141254425,0.6255335211753845,1.0,0.10626479238271713,0.12216585874557495
halueval-456,halueval,1,5,0.1,0.8,0.4,0.4017546772956848,0.08756449073553085,1.0,0.3601808547973633,0.5982453227043152
halueval-4632,halueval,0,5,1.0,0.2,1.0,0.942477822303772,0.8585633635520935,1.0,0.059152424335479736,0.05752217769622803
halueval-8455,halueval,1,5,1.0,0.2,1.0,1.0,1.0,1.0,0.0,0.0
halueval-195,halueval,1,5,0.0,1.0,0.2,0.9476302266120911,0.9011214971542358,0.9895356297492981,0.026896798983216286,0.052369773387908936
halueval-5433,halueval,1,5,0.1,0.8,0.4,0.4701371192932129,0.17273293435573578,1.0,0.3080619275569916,0.5298628807067871
halueval-8459,halueval,1,5,1.0,0.2,1.0,0.9999998807907104,0.9999999403953552,0.9999999403953552,5.960464477539063e-08,1.1920928955078125e-07
halueval-5318,halueval,1,5,0.6,0.4,0.8,0.8423768281936646,0.6059421300888062,1.0,0.1930481493473053,0.15762317180633545
halueval-1435,halueval,1,5,0.4,0.4,0.6,0.5855881571769714,0.3093135356903076,1.0,0.3383658826351166,0.41441184282302856
halueval-9992,halueval,0,5,0.6,0.4,0.8,0.786842942237854,0.46710726618766785,1.0,0.2610630393028259,0.213157057762146
halueval-5969,halueval,1,5,0.1,0.8,0.4,0.6266292333602905,0.41348910331726074,1.0,0.20989245176315308,0.3733707666397095
halueval-8093,halueval,1,5,0.0,1.0,0.2,0.39593154191970825,0.09838933497667313,0.8760859966278076,0.2813960313796997,0.6040684580802917
halueval-4035,halueval,1,5,0.0,1.0,0.2,0.901665985584259,0.783458948135376,0.997002363204956,0.0770588219165802,0.09833401441574097
halueval-5621,halueval,1,5,1.0,0.2,1.0,0.9999998211860657,0.9999998211860657,0.9999998211860657,0.0,1.7881393432617188e-07
halueval-1741,halueval,1,5,1.0,0.2,1.0,0.965217113494873,0.9420284628868103,1.0,0.028400136157870293,0.03478288650512695
halueval-3658,halueval,1,5,1.0,0.2,1.0,0.9999998807907104,0.9999998807907104,0.9999998807907104,0.0,1.1920928955078125e-07
halueval-1595,halueval,0,5,0.0,1.0,0.2,0.6763249039649963,0.48057878017425537,0.9634838104248047,0.1483284831047058,0.32367509603500366
halueval-9747,halueval,1,5,0.2,0.6,0.4,0.6094853281974792,0.2897982895374298,0.9999999403953552,0.23417198657989502,0.39051467180252075
halueval-126,halueval,0,5,0.6,0.4,0.8,0.966783881187439,0.9230356216430664,1.0,0.030614353716373444,0.033216118812561035
halueval-1420,halueval,1,5,0.0,1.0,0.2,0.78606116771698,0.5677031874656677,0.9614967107772827,0.15696950256824493,0.21393883228302002
halueval-7858,halueval,1,5,0.0,1.0,0.2,0.9200257062911987,0.8712589740753174,0.9679213762283325,0.02401651255786419,0.07997429370880127
halueval-8671,halueval,0,5,1.0,0.2,1.0,0.9999998211860657,0.9999997615814209,0.9999997615814209,5.960464477539063e-08,1.7881393432617188e-07
halueval-7065,halueval,0,5,0.0,1.0,0.2,0.6335167288780212,0.13865771889686584,0.981433093547821,0.2731884717941284,0.36648327112197876
halueval-9746,halueval,1,5,0.0,1.0,0.2,0.7120896577835083,0.5474821329116821,0.9558857083320618,0.14765718579292297,0.2879103422164917
halueval-7559,halueval,1,5,1.0,0.2,1.0,0.9835600852966309,0.9726001620292664,1.0,0.013423124328255653,0.01643991470336914
halueval-7251,halueval,0,5,0.4,0.4,0.6,0.8220901489257812,0.703483521938324,1.0,0.14526279270648956,0.17790985107421875
halueval-7593,halueval,0,5,0.3,0.6,0.6,0.5217394828796387,0.0454462431371212,0.9999998211860657,0.3772132396697998,0.47826051712036133
halueval-5232,halueval,0,5,1.0,0.2,1.0,1.0,1.0,1.0,0.0,0.0
halueval-9689,halueval,1,5,0.6,0.4,0.8,0.7492139339447021,0.3730347752571106,1.0,0.3071489632129669,0.25078606605529785
halueval-9701,halueval,0,5,1.0,0.2,1.0,0.9999998807907104,0.9999999403953552,0.9999999403953552,5.960464477539063e-08,1.1920928955078125e-07
halueval-7424,halueval,1,5,0.6,0.4,0.8,0.7816312313079834,0.4540780186653137,1.0,0.26744604110717773,0.2183687686920166
halueval-697,halueval,1,5,0.0,1.0,0.2,0.493450790643692,0.19910147786140442,0.8861935138702393,0.2299279421567917,0.506549209356308
halueval-5250,halueval,0,5,0.4,0.4,0.6,0.5631417036056519,0.2719028890132904,1.0,0.3566932678222656,0.43685829639434814
halueval-7202,halueval,1,5,0.0,1.0,0.2,0.909828782081604,0.8356185555458069,0.9653455018997192,0.044543202966451645,0.090171217918396
halueval-1771,halueval,1,5,0.1,0.8,0.4,0.7366910576820374,0.5549659729003906,1.0,0.19857095181941986,0.26330894231796265
halueval-266,halueval,1,5,0.4,0.4,0.6,0.9428260922431946,0.9047102928161621,1.0,0.04668218642473221,0.05717390775680542
halueval-8309,halueval,0,5,0.3,0.6,0.6,0.5740422010421753,0.17053282260894775,1.0,0.34379079937934875,0.4259577989578247
halueval-4751,halueval,0,5,0.6,0.4,0.8,0.766981303691864,0.41745325922966003,1.0,0.28538843989372253,0.233018696308136
halueval-2529,halueval,1,5,0.6,0.4,0.8,0.796845555305481,0.4921141266822815,0.9999998211860657,0.24881216883659363,0.20315444469451904
halueval-9134,halueval,1,5,1.0,0.2,1.0,1.0,1.0,1.0,0.0,0.0
halueval-3070,halueval,1,5,1.0,0.2,1.0,0.9999998807907104,0.9999998807907104,0.9999998807907104,0.0,1.1920928955078125e-07
halueval-2915,halueval,1,5,0.6,0.4,0.8,0.963505744934082,0.9087644815444946,0.9999997615814209,0.04469597712159157,0.03649425506591797
halueval-2670,halueval,0,5,0.0,1.0,0.2,0.2971656024456024,0.024154677987098694,0.6630523204803467,0.2015850841999054,0.7028343975543976
halueval-7398,halueval,0,5,1.0,0.2,1.0,1.0,1.0,1.0,0.0,0.0
halueval-9604,halueval,1,5,0.4,0.4,0.6,0.7702112197875977,0.5861502885818481,1.0,0.12932425737380981,0.22978878021240234
halueval-23,halueval,0,5,0.2,0.6,0.4,0.8051561117172241,0.6754264831542969,1.0,0.13025230169296265,0.19484388828277588
halueval-7756,halueval,0,5,0.0,1.0,0.2,0.8719323873519897,0.7575563192367554,0.9906131625175476,0.0864466205239296,0.12806761264801025
halueval-9417,halueval,0,5,0.6,0.4,0.8,0.6390036940574646,0.09750941395759583,0.9999998807907104,0.4421282112598419,0.3609963059425354
halueval-7271,halueval,0,5,1.0,0.2,1.0,0.9670823812484741,0.9451373815536499,1.0,0.026877062395215034,0.03291761875152588
halueval-9993,halueval,1,5,0.4,0.4,0.6,0.6355271339416504,0.3925451934337616,1.0,0.29759085178375244,0.3644728660583496
halueval-5469,halueval,1,5,0.3,0.6,0.6,0.7785429358482361,0.5683738589286804,1.0,0.16731545329093933,0.22145706415176392
halueval-6463,halueval,0,5,0.4,0.4,0.6,0.9191692471504211,0.8652820587158203,1.0,0.06599804759025574,0.08083075284957886
halueval-6414,halueval,1,5,1.0,0.2,1.0,1.0,1.0,1.0,0.0,0.0
halueval-8796,halueval,0,5,0.0,1.0,0.2,0.32203036546707153,0.15693819522857666,0.6352465152740479,0.11988862603902817,0.6779696345329285
halueval-5576,halueval,1,5,0.3,0.6,0.6,0.5527029037475586,0.2345525324344635,0.9999998807907104,0.34155207872390747,0.4472970962524414
halueval-6640,halueval,1,5,0.6,0.4,0.8,0.6869258880615234,0.21731537580490112,0.9999995231628418,0.38343536853790283,0.31307411193847656
halueval-1144,halueval,0,5,1.0,0.2,1.0,1.0,1.0,1.0,0.0,0.0
halueval-4286,halueval,0,5,0.2,0.6,0.4,0.7030514478683472,0.530032753944397,1.0,0.16458408534526825,0.29694855213165283
halueval-2401,halueval,1,5,1.0,0.2,1.0,1.0,1.0,1.0,0.0,0.0
halueval-9640,halueval,1,5,1.0,0.2,1.0,1.0,1.0,1.0,0.0,0.0
halueval-6040,halueval,0,5,0.3,0.6,0.6,0.5295007228851318,0.21233215928077698,0.9999997615814209,0.3663107454776764,0.47049927711486816
halueval-4168,halueval,0,5,0.0,1.0,0.2,0.9560271501541138,0.8994040489196777,0.9942986965179443,0.03384912759065628,0.04397284984588623
halueval-6627,halueval,0,5,0.3,0.6,0.6,0.6310340166091919,0.28573930263519287,1.0,0.257476270198822,0.3689659833908081
halueval-8438,halueval,1,5,0.1,0.8,0.4,0.8066946864128113,0.6696126461029053,0.9999998807907104,0.09587991237640381,0.19330531358718872
halueval-2820,halueval,1,5,0.4,0.4,0.6,0.4960188865661621,0.1600315123796463,1.0,0.4114988446235657,0.5039811134338379
halueval-8547,halueval,0,5,0.6,0.4,0.8,0.7949122190475464,0.5072117447853088,0.9999998807907104,0.23318399488925934,0.2050877809524536
halueval-5725,halueval,0,5,1.0,0.2,1.0,0.9836193919181824,0.9590485692024231,0.9999998807907104,0.02006196416914463,0.016380608081817627
halueval-5927,halueval,1,5,1.0,0.2,1.0,0.9999998807907104,0.9999998807907104,0.9999998807907104,0.0,1.1920928955078125e-07
halueval-7332,halueval,1,5,0.4,0.4,0.6,0.507547914981842,0.17924657464027405,1.0,0.40208542346954346,0.49245208501815796
halueval-8965,halueval,0,5,0.0,1.0,0.2,0.8673030734062195,0.7839651107788086,0.9577356576919556,0.05969782546162605,0.13269692659378052
halueval-9180,halueval,1,5,0.4,0.4,0.6,0.9769539833068848,0.961590051651001,1.0,0.018816940486431122,0.023046016693115234
halueval-989,halueval,0,5,1.0,0.2,1.0,0.9999998807907104,0.9999998807907104,0.9999998807907104,0.0,1.1920928955078125e-07
halueval-4933,halueval,0,5,0.0,1.0,0.2,0.44193607568740845,-0.0003702952526509762,0.8439186811447144,0.24338744580745697,0.5580639243125916
halueval-5748,halueval,1,5,1.0,0.2,1.0,1.0,1.0,1.0,0.0,0.0
halueval-210,halueval,0,5,0.4,0.4,0.6,0.5825504064559937,0.30425071716308594,1.0,0.34084615111351013,0.41744959354400635
halueval-980,halueval,0,5,1.0,0.2,1.0,0.9886757135391235,0.9811261892318726,1.0,0.009246197529137135,0.011324286460876465
halueval-348,halueval,1,5,0.0,1.0,0.2,0.300659716129303,0.0263297688215971,0.5854433178901672,0.21866290271282196,0.699340283870697
halueval-976,halueval,0,5,0.3,0.6,0.6,0.859228789806366,0.7670018672943115,0.9999999403953552,0.11250538378953934,0.14077121019363403
halueval-170,halueval,1,5,0.0,1.0,0.2,0.6810094118118286,0.3584735095500946,0.9827404022216797,0.21516703069210052,0.3189905881881714
halueval-1131,halueval,0,5,0.0,1.0,0.2,0.5239045023918152,0.15010613203048706,0.9874779582023621,0.24924315512180328,0.4760954976081848
halueval-2816,halueval,1,5,0.0,1.0,0.2,0.6104699373245239,0.07516483962535858,0.9222419857978821,0.3226686418056488,0.3895300626754761
halueval-6916,halueval,1,5,0.3,0.6,0.6,0.8632770776748657,0.6890980005264282,1.0,0.14244802296161652,0.13672292232513428
halueval-5011,halueval,1,5,0.1,0.8,0.4,0.5377798080444336,0.29619401693344116,0.9745270013809204,0.1947205811738968,0.4622201919555664
halueval-6230,halueval,0,5,1.0,0.2,1.0,0.9999998807907104,0.9999998807907104,0.9999998807907104,0.0,1.1920928955078125e-07
halueval-9398,halueval,1,5,0.1,0.8,0.4,0.8247194290161133,0.6797598004341125,1.0,0.08227092772722244,0.17528057098388672
halueval-2975,halueval,1,5,1.0,0.2,1.0,0.9607927203178406,0.9019821882247925,0.9999997615814209,0.04801860824227333,0.039207279682159424
halueval-6646,halueval,0,5,0.0,1.0,0.2,0.6097615957260132,0.3434552252292633,0.9573987722396851,0.20623357594013214,0.3902384042739868
halueval-8212,halueval,0,5,0.0,1.0,0.2,0.7995627522468567,0.7051350474357605,0.9351949691772461,0.06748780608177185,0.2004372477531433
halueval-4681,halueval,0,5,1.0,0.2,1.0,0.9747373461723328,0.9578956365585327,1.0,0.020626811310648918,0.025262653827667236
halueval-804,halueval,0,5,0.1,0.8,0.4,0.5189152956008911,0.058953627943992615,1.0,0.35899704694747925,0.4810847043991089
halueval-4739,halueval,0,5,0.4,0.4,0.6,0.5889639854431152,0.31494003534317017,1.0,0.33560946583747864,0.41103601455688477
halueval-4197,halueval,1,5,0.1,0.8,0.4,0.6710450053215027,0.3245575428009033,1.0,0.20439061522483826,0.3289549946784973
halueval-4733,halueval,1,5,0.2,0.6,0.4,0.6206307411193848,0.38136571645736694,1.0,0.203883558511734,0.37936925888061523
halueval-9186,halueval,1,5,0.6,0.4,0.8,0.8482503890991211,0.6394321918487549,0.9999998807907104,0.16643062233924866,0.1517496109008789
halueval-642,halueval,1,5,0.3,0.6,0.6,0.7004261016845703,0.3399985134601593,1.0,0.2190823256969452,0.2995738983154297
halueval-2085,halueval,1,5,1.0,0.2,1.0,0.9776926040649414,0.9628210663795471,1.0,0.01821388304233551,0.022307395935058594
halueval-4941,halueval,0,5,0.4,0.4,0.6,0.996787428855896,0.9946457147598267,1.0,0.002623053267598152,0.003212571144104004
halueval-4046,halueval,1,5,0.0,1.0,0.2,0.8833320736885071,0.7533634901046753,0.9802121520042419,0.07241450250148773,0.11666792631149292
halueval-9330,halueval,1,5,1.0,0.2,1.0,0.9999998807907104,0.9999998807907104,0.9999998807907104,0.0,1.1920928955078125e-07
halueval-5877,halueval,0,5,0.4,0.4,0.6,0.8349179029464722,0.7248632311820984,0.9999999403953552,0.1347888857126236,0.16508209705352783
halueval-9834,halueval,1,5,1.0,0.2,1.0,1.0,1.0,1.0,0.0,0.0
halueval-5296,halueval,1,5,1.0,0.2,1.0,1.0,1.0,1.0,0.0,0.0
halueval-2320,halueval,1,5,0.6,0.4,0.8,0.9095903635025024,0.7739757895469666,1.0,0.11072880029678345,0.09040963649749756
halueval-7019,halueval,0,5,0.4,0.4,0.6,0.6713215708732605,0.4522026777267456,1.0,0.26836472749710083,0.3286784291267395
halueval-2497,halueval,0,5,0.2,0.6,0.4,0.5541250109672546,0.2554914951324463,1.0,0.36057931184768677,0.44587498903274536
halueval-5461,halueval,0,5,0.4,0.4,0.6,0.9885503649711609,0.98091721534729,1.0,0.009348616935312748,0.011449635028839111
halueval-1231,halueval,1,5,0.1,0.8,0.4,0.9107109904289246,0.8545656204223633,1.0,0.06111890450119972,0.08928900957107544
halueval-9493,halueval,1,5,0.3,0.6,0.6,0.5884860754013062,0.27217409014701843,1.0,0.2975442707538605,0.41151392459869385
halueval-3974,halueval,0,5,0.3,0.6,0.6,0.6202023029327393,0.07675010710954666,1.0,0.4294297695159912,0.37979769706726074
halueval-4297,halueval,0,5,0.1,0.8,0.4,0.6903268098831177,0.5524789690971375,0.9542157649993896,0.11065791547298431,0.3096731901168823
halueval-7566,halueval,1,5,1.0,0.2,1.0,1.0,1.0,1.0,0.0,0.0
halueval-4151,halueval,1,5,0.1,0.8,0.4,0.47618865966796875,0.21684768795967102,0.9999998807907104,0.2695230543613434,0.5238113403320312
halueval-268,halueval,1,5,0.3,0.6,0.6,0.8617950677871704,0.6641805768013,1.0,0.15608489513397217,0.1382049322128296
halueval-8663,halueval,1,5,0.0,1.0,0.2,0.8068968653678894,0.7235027551651001,0.9080982804298401,0.05868508666753769,0.1931031346321106
halueval-1278,halueval,1,5,1.0,0.2,1.0,0.982483983039856,0.9562100768089294,0.9999998807907104,0.021452534943819046,0.017516016960144043
halueval-6226,halueval,1,5,0.6,0.4,0.8,0.7483541965484619,0.3708854913711548,1.0,0.3082019090652466,0.2516458034515381
halueval-104,halueval,0,5,1.0,0.2,1.0,1.0,1.0,1.0,0.0,0.0
halueval-7930,halueval,1,5,0.2,0.6,0.4,0.8481914401054382,0.6438612937927246,1.0,0.16463790833950043,0.15180855989456177
halueval-1737,halueval,0,5,1.0,0.2,1.0,1.0,1.0,1.0,0.0,0.0
halueval-1057,halueval,0,5,1.0,0.2,1.0,1.0,1.0,1.0,0.0,0.0
halueval-5405,halueval,0,5,0.1,0.8,0.4,0.8749563097953796,0.693027138710022,1.0,0.10786973685026169,0.12504369020462036
halueval-2013,halueval,1,5,0.0,1.0,0.2,0.8849772214889526,0.8012610673904419,0.974544107913971,0.04852988198399544,0.11502277851104736
halueval-1092,halueval,1,5,1.0,0.2,1.0,1.0,1.0,1.0,0.0,0.0
halueval-803,halueval,1,5,0.3,0.6,0.6,0.553902804851532,0.20575572550296783,1.0,0.32380595803260803,0.446097195148468
halueval-7312,halueval,0,5,0.0,1.0,0.2,0.9623250961303711,0.9132094383239746,0.9945954084396362,0.028265908360481262,0.037674903869628906
halueval-6020,halueval,1,5,0.1,0.8,0.4,0.6343261003494263,0.4549388289451599,1.0,0.17340347170829773,0.36567389965057373
halueval-2943,halueval,0,5,0.3,0.6,0.6,0.6323530077934265,0.37191349267959595,1.0,0.2977601885795593,0.3676469922065735
halueval-7383,halueval,1,5,1.0,0.2,1.0,0.9739230275154114,0.9565384387969971,1.0,0.02129172906279564,0.026076972484588623
halueval-9475,halueval,0,5,1.0,0.2,1.0,1.0,1.0,1.0,0.0,0.0
halueval-33,halueval,1,5,0.1,0.8,0.4,0.7639519572257996,0.6332998275756836,1.0,0.1478864699602127,0.23604804277420044
halueval-2761,halueval,0,5,0.3,0.6,0.6,0.691975474357605,0.44133779406547546,0.9999998807907104,0.2372317910194397,0.308024525642395
halueval-3124,halueval,0,5,0.4,0.4,0.6,0.8675321340560913,0.7785053253173828,0.9948285818099976,0.09066816419363022,0.1324678659439087
halueval-2213,halueval,1,5,0.6,0.4,0.8,0.865679144859314,0.6641979217529297,1.0,0.16450874507427216,0.13432085514068604
halueval-6131,halueval,0,5,0.0,1.0,0.2,0.9156283140182495,0.8740204572677612,0.9646857976913452,0.02486710250377655,0.08437168598175049
halueval-4580,halueval,1,5,0.6,0.4,0.8,0.6566004753112793,0.14150184392929077,0.9999996423721313,0.4205763339996338,0.3433995246887207
halueval-4931,halueval,0,5,0.4,0.4,0.6,0.766072154045105,0.6101202964782715,1.0,0.1910012662410736,0.23392784595489502
halueval-6532,halueval,1,5,1.0,0.2,1.0,0.9999998807907104,0.9999999403953552,0.9999999403953552,5.960464477539063e-08,1.1920928955078125e-07
halueval-8821,halueval,1,5,0.6,0.4,0.8,0.8060300946235657,0.5150752663612366,1.0,0.2375636100769043,0.19396990537643433
halueval-7382,halueval,1,5,0.4,0.4,0.6,0.9601985812187195,0.9273158311843872,1.0,0.02321826107800007,0.03980141878128052
halueval-6417,halueval,0,5,1.0,0.2,1.0,1.0,1.0,1.0,0.0,0.0
halueval-9039,halueval,0,5,1.0,0.2,1.0,0.9836078882217407,0.959019660949707,1.0,0.02007618360221386,0.016392111778259277
halueval-8775,halueval,1,5,1.0,0.2,1.0,0.9827450513839722,0.9712417125701904,1.0,0.014088626950979233,0.017254948616027832
halueval-7893,halueval,1,5,0.1,0.8,0.4,0.4281880855560303,0.14234140515327454,1.0,0.3102989196777344,0.5718119144439697
halueval-7827,halueval,0,5,0.3,0.6,0.6,0.8142716288566589,0.6790120005607605,0.9999998807907104,0.14521268010139465,0.18572837114334106
halueval-8969,halueval,1,5,0.6,0.4,0.8,0.7428099513053894,0.3773726522922516,0.9999998807907104,0.29618504643440247,0.2571900486946106
halueval-7188,halueval,1,5,0.3,0.6,0.6,0.5873257517814636,0.2031848430633545,0.9999998807907104,0.33251017332077026,0.4126742482185364
halueval-3445,halueval,1,5,1.0,0.2,1.0,0.9632781744003296,0.938797116279602,1.0,0.029983146116137505,0.03672182559967041
halueval-4526,halueval,1,5,1.0,0.2,1.0,1.0,1.0,1.0,0.0,0.0
halueval-2896,halueval,0,5,0.0,1.0,0.2,0.7914551496505737,0.6136986017227173,0.9508715271949768,0.11346723884344101,0.20854485034942627
halueval-3033,halueval,0,5,0.6,0.4,0.8,0.7497321963310242,0.37433063983917236,1.0,0.3065141439437866,0.25026780366897583
halueval-7880,halueval,1,5,1.0,0.2,1.0,1.0,1.0,1.0,0.0,0.0
halueval-9788,halueval,0,5,0.0,1.0,0.2,0.3090757727622986,0.01575149968266487,0.8704577684402466,0.30242711305618286,0.6909242272377014
halueval-8099,halueval,0,5,0.1,0.8,0.4,0.6048378944396973,0.40943047404289246,1.0,0.22649045288562775,0.39516210556030273
halueval-9271,halueval,0,5,0.1,0.8,0.4,0.5563445091247559,0.3254002630710602,1.0,0.2633853852748871,0.44365549087524414
halueval-7744,halueval,1,5,0.0,1.0,0.2,0.7693103551864624,0.5965191125869751,0.9872630834579468,0.15112800896167755,0.2306896448135376
halueval-5243,halueval,0,5,0.1,0.8,0.4,0.7415481805801392,0.5905502438545227,1.0,0.1572885513305664,0.25845181941986084
halueval-996,halueval,0,5,0.0,1.0,0.2,0.673272430896759,0.515718936920166,0.9839035272598267,0.1914692521095276,0.32672756910324097
halueval-9078,halueval,1,5,0.0,1.0,0.2,0.5033842325210571,0.21051257848739624,0.9866083860397339,0.24170896410942078,0.49661576747894287
halueval-9906,halueval,1,5,0.6,0.4,0.8,0.8283712267875671,0.5709282755851746,0.9999997615814209,0.210201233625412,0.17162877321243286
halueval-6285,halueval,1,5,0.6,0.4,0.8,0.8687679171562195,0.6719199419021606,1.0,0.16072574257850647,0.13123208284378052
halueval-7812,halueval,1,5,0.4,0.4,0.6,0.9197456240653992,0.8662426471710205,1.0,0.06552745401859283,0.08025437593460083
halueval-7345,halueval,0,5,1.0,0.2,1.0,1.0,1.0,1.0,0.0,0.0
halueval-9306,halueval,0,5,0.0,1.0,0.2,0.8068130612373352,0.5741063356399536,0.9418528079986572,0.11264582723379135,0.1931869387626648
halueval-9016,halueval,1,5,1.0,0.2,1.0,1.0,1.0,1.0,0.0,0.0
halueval-7174,halueval,0,5,0.3,0.6,0.6,0.6601038575172424,0.3507695198059082,0.9999999403953552,0.24334408342838287,0.33989614248275757
halueval-1809,halueval,1,5,1.0,0.2,1.0,0.9517391324043274,0.9223320484161377,1.0,0.035095036029815674,0.04826086759567261
halueval-5279,halueval,0,5,0.3,0.6,0.6,0.8087698817253113,0.5254318714141846,1.0,0.23120936751365662,0.19123011827468872
halueval-4519,halueval,0,5,1.0,0.2,1.0,0.9860720634460449,0.9651800990104675,1.0,0.017058199271559715,0.013927936553955078
halueval-4611,halueval,0,5,0.3,0.6,0.6,0.8016869425773621,0.6518566012382507,1.0,0.11978936195373535,0.19831305742263794
halueval-9878,halueval,0,5,0.1,0.8,0.4,0.6330488920211792,0.048849642276763916,1.0,0.418987900018692,0.3669511079788208
halueval-9592,halueval,0,5,0.6,0.4,0.8,0.9072772264480591,0.7681931853294373,0.9999998211860657,0.11356159299612045,0.09272277355194092
halueval-1563,halueval,0,5,0.1,0.8,0.4,0.6626690626144409,0.49034807085990906,0.9634965658187866,0.14756353199481964,0.3373309373855591
halueval-133,halueval,1,5,0.3,0.6,0.6,0.7544736862182617,0.5274968147277832,1.0,0.19138209521770477,0.24552631378173828
halueval-7672,halueval,1,5,1.0,0.2,1.0,1.0,1.0,1.0,0.0,0.0
halueval-1498,halueval,0,5,0.6,0.4,0.8,0.9145262837409973,0.7863156795501709,1.0,0.10468351095914841,0.08547371625900269
halueval-7948,halueval,1,5,1.0,0.2,1.0,0.9999998807907104,0.9999999403953552,0.9999999403953552,5.960464477539063e-08,1.1920928955078125e-07
halueval-4424,halueval,1,5,0.4,0.4,0.6,0.980697751045227,0.9678294658660889,1.0,0.015760278329253197,0.01930224895477295
halueval-6566,halueval,0,5,1.0,0.2,1.0,1.0,1.0,1.0,0.0,0.0
halueval-6720,halueval,0,5,1.0,0.2,1.0,1.0,1.0,1.0,0.0,0.0
halueval-7269,halueval,0,5,0.4,0.4,0.6,0.9186795949935913,0.8644661903381348,1.0,0.06639771908521652,0.08132040500640869
halueval-7848,halueval,1,5,0.3,0.6,0.6,0.9186847805976868,0.8437925577163696,1.0,0.060845520347356796,0.08131521940231323
halueval-1972,halueval,1,5,0.4,0.4,0.6,0.8886779546737671,0.8169569969177246,1.0,0.07557392865419388,0.11132204532623291
halueval-2568,halueval,0,5,0.6,0.4,0.8,0.8923347592353821,0.7308368682861328,0.9999999403953552,0.13186244666576385,0.10766524076461792
halueval-142,halueval,0,5,0.6,0.4,0.8,0.7354224920272827,0.35240209102630615,1.0,0.3000883460044861,0.2645775079727173
halueval-3857,halueval,0,5,1.0,0.2,1.0,0.8715102076530457,0.7858502864837646,1.0,0.10491150617599487,0.12848979234695435
halueval-3322,halueval,1,5,0.0,1.0,0.2,0.9686525464057922,0.9341219663619995,0.9969508647918701,0.023658549413084984,0.031347453594207764
halueval-7215,halueval,0,5,0.1,0.8,0.4,0.6346220970153809,0.40149521827697754,1.0,0.20900383591651917,0.36537790298461914
halueval-5613,halueval,1,5,0.6,0.4,0.8,0.7545750737190247,0.37722015380859375,0.9999999403953552,0.27620241045951843,0.24542492628097534
halueval-6909,halueval,1,5,1.0,0.2,1.0,0.9829407930374146,0.9573519825935364,1.0,0.020893175154924393,0.01705920696258545
halueval-7889,halueval,1,5,0.0,1.0,0.2,0.9626287221908569,0.9266757965087891,0.991104006767273,0.02080146223306656,0.037371277809143066
halueval-2560,halueval,0,5,1.0,0.2,1.0,1.0,1.0,1.0,0.0,0.0
halueval-8398,halueval,0,5,0.1,0.8,0.4,0.5674827694892883,0.2785695493221283,1.0,0.20589466392993927,0.43251723051071167
halueval-9568,halueval,0,5,0.4,0.4,0.6,0.6597420573234558,0.4329034090042114,1.0,0.2778194546699524,0.3402579426765442
halueval-2135,halueval,1,5,1.0,0.2,1.0,1.0,1.0,1.0,0.0,0.0
halueval-4593,halueval,1,5,0.4,0.4,0.6,0.9193887710571289,0.8656478524208069,1.0,0.06581883132457733,0.0806112289428711
halueval-6193,halueval,0,5,0.1,0.8,0.4,0.4659293591976166,0.20609888434410095,1.0,0.2537851333618164,0.5340706408023834
halueval-1418,halueval,1,5,0.0,1.0,0.2,0.4763832688331604,0.19473549723625183,0.7346608638763428,0.16070717573165894,0.5236167311668396
halueval-5337,halueval,1,5,1.0,0.2,1.0,0.9940722584724426,0.9851804971694946,1.0,0.007260044105350971,0.005927741527557373
halueval-3153,halueval,0,5,1.0,0.2,1.0,0.9999998807907104,0.9999998807907104,0.9999998807907104,0.0,1.1920928955078125e-07
halueval-2660,halueval,1,5,0.6,0.4,0.8,0.9039017558097839,0.7597545385360718,1.0,0.11769576370716095,0.09609824419021606
halueval-7417,halueval,0,5,0.6,0.4,0.8,0.7929326295852661,0.4823315739631653,1.0,0.2536047101020813,0.2070673704147339
halueval-2108,halueval,0,5,0.0,1.0,0.2,0.91209876537323,0.8468639850616455,0.9731618165969849,0.038027193397283554,0.08790123462677002
halueval-1086,halueval,0,5,0.2,0.6,0.4,0.6157454252243042,0.3793063759803772,0.9999998211860657,0.23870094120502472,0.3842545747756958
halueval-2795,halueval,0,5,1.0,0.2,1.0,1.0,1.0,1.0,0.0,0.0
halueval-8084,halueval,0,5,1.0,0.2,1.0,1.0,1.0,1.0,0.0,0.0
halueval-9728,halueval,1,5,0.6,0.4,0.8,0.8078387975692749,0.5195971727371216,1.0,0.23534835875034332,0.1921612024307251
halueval-7247,halueval,0,5,1.0,0.2,1.0,1.0,1.0,1.0,0.0,0.0
halueval-1544,halueval,1,5,0.0,1.0,0.2,0.4336296617984772,0.15245690941810608,0.7686454057693481,0.22465834021568298,0.5663703382015228
halueval-824,halueval,1,5,1.0,0.2,1.0,0.9828906059265137,0.9714844226837158,1.0,0.013969678431749344,0.017109394073486328
halueval-7455,halueval,1,5,0.0,1.0,0.2,0.8493210077285767,0.6316221952438354,0.991936206817627,0.14142023026943207,0.15067899227142334
halueval-4902,halueval,1,5,0.6,0.4,0.8,0.996444821357727,0.9911119341850281,1.0,0.0043542454950511456,0.0035551786422729492
halueval-6289,halueval,1,5,1.0,0.2,1.0,1.0,1.0,1.0,0.0,0.0
halueval-7039,halueval,0,5,0.1,0.8,0.4,0.5652056932449341,0.2916232645511627,0.9999999403953552,0.17505893111228943,0.4347943067550659
halueval-3822,halueval,0,5,0.6,0.4,0.8,0.710250735282898,0.27562689781188965,1.0,0.35486888885498047,0.28974926471710205
halueval-4107,halueval,1,5,1.0,0.2,1.0,1.0,1.0,1.0,0.0,0.0
halueval-9513,halueval,0,5,0.6,0.4,0.8,0.889655590057373,0.7241389751434326,1.0,0.13514375686645508,0.11034440994262695
halueval-1456,halueval,1,5,0.4,0.4,0.6,0.9483398199081421,0.9138996601104736,1.0,0.0421803779900074,0.05166018009185791
halueval-1154,halueval,1,5,0.6,0.4,0.8,0.8100646734237671,0.525161623954773,1.0,0.23262235522270203,0.1899353265762329
halueval-8545,halueval,0,5,0.0,1.0,0.2,0.5378803014755249,0.1639130860567093,0.9931925535202026,0.30333182215690613,0.4621196985244751
halueval-4699,halueval,1,5,1.0,0.2,1.0,1.0,1.0,1.0,0.0,0.0
halueval-9449,halueval,1,5,0.1,0.8,0.4,0.6088277101516724,0.3227807283401489,0.9999998807907104,0.18176113069057465,0.39117228984832764
halueval-7246,halueval,0,5,0.1,0.8,0.4,0.46357494592666626,0.12434794008731842,1.0,0.36758047342300415,0.5364250540733337
halueval-7822,halueval,1,5,0.6,0.4,0.8,0.6441575288772583,0.15222640335559845,1.0,0.40176331996917725,0.3558424711227417
halueval-7929,halueval,1,5,1.0,0.2,1.0,0.993689239025116,0.9842230677604675,1.0,0.007729086559265852,0.006310760974884033
halueval-6057,halueval,0,5,0.1,0.8,0.4,0.8213523030281067,0.6935594081878662,1.0,0.12232939898967743,0.1786476969718933
halueval-4124,halueval,0,5,0.3,0.6,0.6,0.9405123591423035,0.8786818981170654,1.0,0.047431204468011856,0.05948764085769653
halueval-1009,halueval,0,5,1.0,0.2,1.0,1.0,1.0,1.0,0.0,0.0
halueval-8464,halueval,0,5,0.0,1.0,0.2,0.9237455129623413,0.8642406463623047,0.9768958687782288,0.03714388608932495,0.07625448703765869
halueval-2542,halueval,0,5,1.0,0.2,1.0,0.9688704609870911,0.9221761226654053,1.0,0.03812575712800026,0.031129539012908936
halueval-4940,halueval,1,5,1.0,0.2,1.0,1.0,1.0,1.0,0.0,0.0
halueval-192,halueval,0,5,0.2,0.6,0.4,0.5971214771270752,0.2612419128417969,1.0,0.2524811029434204,0.4028785228729248
halueval-5332,halueval,1,5,0.3,0.6,0.6,0.9819439053535461,0.9559453725814819,1.0,0.013391125947237015,0.018056094646453857
halueval-58,halueval,0,5,1.0,0.2,1.0,0.9890368580818176,0.9725921750068665,1.0,0.013427037745714188,0.010963141918182373
halueval-8566,halueval,0,5,0.0,1.0,0.2,0.9469316601753235,0.9131676554679871,0.9767301082611084,0.024376006796956062,0.053068339824676514
halueval-9261,halueval,1,5,0.1,0.8,0.4,0.32885271310806274,-0.03519177809357643,0.9934420585632324,0.3497208058834076,0.6711472868919373
halueval-4377,halueval,1,5,0.3,0.6,0.6,0.9491797685623169,0.8862079381942749,0.9999998807907104,0.04580613598227501,0.050820231437683105
halueval-729,halueval,1,5,0.1,0.8,0.4,0.6775797009468079,0.4203406274318695,1.0,0.18151068687438965,0.32242029905319214
halueval-144,halueval,0,5,0.1,0.8,0.4,0.6633695363998413,0.28467249870300293,1.0,0.22149188816547394,0.3366304636001587
halueval-6327,halueval,1,5,1.0,0.2,1.0,0.9843276143074036,0.9608190059661865,1.0,0.01919468864798546,0.015672385692596436
halueval-8067,halueval,0,5,0.0,1.0,0.2,0.9481620788574219,0.9109421968460083,0.9910391569137573,0.02668004482984543,0.051837921142578125
halueval-4958,halueval,1,5,0.6,0.4,0.8,0.7129288911819458,0.28232234716415405,0.9999998807907104,0.35158875584602356,0.2870711088180542
halueval-463,halueval,0,5,0.2,0.6,0.4,0.4029272198677063,0.09408434480428696,1.0,0.35510554909706116,0.5970727801322937
halueval-9934,halueval,1,5,1.0,0.2,1.0,0.9999998807907104,0.9999998807907104,0.9999998807907104,0.0,1.1920928955078125e-07
halueval-1168,halueval,0,5,1.0,0.2,1.0,1.0,1.0,1.0,0.0,0.0
halueval-4119,halueval,0,5,0.4,0.4,0.6,0.8003875613212585,0.6759210228919983,1.0,0.14918823540210724,0.19961243867874146
halueval-8913,halueval,1,5,0.1,0.8,0.4,0.6576424837112427,0.3757175803184509,0.9705371856689453,0.1871342957019806,0.3423575162887573
halueval-7836,halueval,0,5,0.0,1.0,0.2,0.5532152652740479,0.24607083201408386,0.796024739742279,0.2216361165046692,0.44678473472595215
halueval-3818,halueval,1,5,0.1,0.8,0.4,0.4253244996070862,0.20855270326137543,1.0,0.22224372625350952,0.5746755003929138
halueval-4975,halueval,0,5,0.1,0.8,0.4,0.5265035629272461,0.1222660094499588,1.0,0.2742748260498047,0.4734964370727539
halueval-316,halueval,0,5,0.0,1.0,0.2,0.5836818814277649,0.15175914764404297,0.9304836988449097,0.32054296135902405,0.4163181185722351
halueval-4481,halueval,0,5,0.2,0.6,0.4,0.8215385675430298,0.6863846778869629,0.9999999403953552,0.1286674588918686,0.17846143245697021
halueval-1610,halueval,1,5,0.6,0.4,0.8,0.8459811210632324,0.6149530410766602,0.9999998211860657,0.18863362073898315,0.15401887893676758
halueval-1481,halueval,0,5,0.0,1.0,0.2,0.6966773271560669,0.47743019461631775,0.9500335454940796,0.15222083032131195,0.3033226728439331
halueval-2829,halueval,1,5,0.2,0.6,0.4,0.6034770011901855,0.3302479386329651,1.0,0.31691819429397583,0.39652299880981445
halueval-2250,halueval,0,5,1.0,0.2,1.0,1.0,1.0,1.0,0.0,0.0
halueval-8791,halueval,1,5,0.1,0.8,0.4,0.493224561214447,0.19927777349948883,1.0,0.2939966320991516,0.506775438785553
halueval-7571,halueval,1,5,0.6,0.4,0.8,0.9760306477546692,0.9492615461349487,1.0,0.02026870846748352,0.02396935224533081
halueval-1493,halueval,0,5,0.3,0.6,0.6,0.7532542943954468,0.626850962638855,1.0,0.1658264845609665,0.24674570560455322
halueval-3623,halueval,1,5,0.6,0.4,0.8,0.8951572179794312,0.7378932237625122,1.0,0.12840557098388672,0.10484278202056885
halueval-6157,halueval,1,5,0.0,1.0,0.2,0.4155775010585785,0.008502001874148846,0.8907099962234497,0.32309192419052124,0.5844224989414215
halueval-507,halueval,0,5,0.3,0.6,0.6,0.3844306468963623,-0.03821428492665291,1.0,0.4630855619907379,0.6155693531036377
halueval-6642,halueval,1,5,0.6,0.4,0.8,0.814564049243927,0.5364101529121399,1.0,0.22711171209812164,0.185435950756073
halueval-4442,halueval,1,5,1.0,0.2,1.0,1.0,1.0,1.0,0.0,0.0
halueval-9927,halueval,0,5,0.0,1.0,0.2,0.9447781443595886,0.9150515794754028,0.9786257743835449,0.019864289090037346,0.05522185564041138
halueval-6816,halueval,1,5,1.0,0.2,1.0,0.9999998807907104,0.9999998807907104,0.9999998807907104,0.0,1.1920928955078125e-07
halueval-7386,halueval,1,5,0.1,0.8,0.4,0.6899842023849487,0.4135134220123291,0.9999999403953552,0.15415111184120178,0.31001579761505127
halueval-9853,halueval,1,5,0.6,0.4,0.8,0.7679921388626099,0.4199806749820709,0.9999998211860657,0.2841501832008362,0.23200786113739014
halueval-5204,halueval,0,5,0.1,0.8,0.4,0.44381919503211975,0.0309577789157629,0.9933492541313171,0.3704492747783661,0.5561808049678802
halueval-4655,halueval,1,5,1.0,0.2,1.0,0.9999998211860657,0.9999997615814209,0.9999997615814209,5.960464477539063e-08,1.7881393432617188e-07
halueval-2122,halueval,0,5,0.0,1.0,0.2,0.6505633592605591,0.13199599087238312,0.9921995401382446,0.40502068400382996,0.3494366407394409
halueval-6213,halueval,1,5,0.0,1.0,0.2,0.5497642755508423,0.23274236917495728,0.9974457621574402,0.33564916253089905,0.4502357244491577
halueval-1391,halueval,0,5,0.0,1.0,0.2,0.705592930316925,0.4112544357776642,0.9783192873001099,0.17106270790100098,0.29440706968307495
halueval-5364,halueval,0,5,1.0,0.2,1.0,0.9999998807907104,0.9999999403953552,0.9999999403953552,5.960464477539063e-08,1.1920928955078125e-07
halueval-7183,halueval,1,5,0.4,0.4,0.6,0.7349532246589661,0.5582554340362549,1.0,0.21640974283218384,0.26504677534103394
halueval-7268,halueval,1,5,0.1,0.8,0.4,0.6980661153793335,0.45349669456481934,1.0,0.15027880668640137,0.3019338846206665
halueval-8198,halueval,1,5,0.0,1.0,0.2,0.533312201499939,0.41246524453163147,0.679452657699585,0.0963231772184372,0.46668779850006104
halueval-3251,halueval,1,5,0.6,0.4,0.8,0.9796228408813477,0.9490572214126587,1.0,0.02495676279067993,0.020377159118652344
halueval-4159,halueval,1,5,0.3,0.6,0.6,0.695033073425293,0.4885816276073456,1.0,0.24024698138237,0.30496692657470703
halueval-4873,halueval,1,5,0.6,0.4,0.8,0.7721648216247559,0.4304121136665344,0.9999999403953552,0.2790399193763733,0.22783517837524414
halueval-1320,halueval,1,5,0.3,0.6,0.6,0.5782598853111267,0.19857820868492126,1.0,0.31822967529296875,0.4217401146888733
truthfulqa_500_inc_1,truthfulqa,1,5,0.0,1.0,0.2,0.7754901647567749,0.6371961832046509,0.9041925668716431,0.10065514594316483,0.2245098352432251
truthfulqa_293_inc_0,truthfulqa,1,5,0.0,1.0,0.2,0.9040225744247437,0.8400292992591858,0.9840755462646484,0.044183265417814255,0.09597742557525635
truthfulqa_186_corr_2,truthfulqa,0,5,0.0,1.0,0.2,0.9501902461051941,0.9351058602333069,0.9666235446929932,0.010371443815529346,0.04980975389480591
truthfulqa_629_corr_1,truthfulqa,0,5,0.0,1.0,0.2,0.6137360334396362,0.4803195297718048,0.7822293639183044,0.09279757738113403,0.38626396656036377
truthfulqa_512_corr_3,truthfulqa,0,5,0.0,1.0,0.2,0.7633007168769836,0.6326543688774109,0.9173594117164612,0.0993819460272789,0.23669928312301636
truthfulqa_437_inc_2,truthfulqa,1,5,0.2,0.6,0.4,0.6426595449447632,0.5204631090164185,1.0,0.1850004345178604,0.3573404550552368
truthfulqa_550_inc_0,truthfulqa,1,5,0.0,1.0,0.2,0.5969200730323792,0.2387845814228058,0.8786121010780334,0.2340126633644104,0.40307992696762085
truthfulqa_184_corr_2,truthfulqa,0,5,0.0,1.0,0.2,0.9231666326522827,0.8804113268852234,0.9595553874969482,0.02868535742163658,0.07683336734771729
truthfulqa_518_inc_1,truthfulqa,1,5,0.1,0.8,0.4,0.4893262982368469,0.26564091444015503,1.0,0.23291939496994019,0.5106737017631531
truthfulqa_91_best,truthfulqa,0,5,0.0,1.0,0.2,0.6420419812202454,0.5573903322219849,0.7473901510238647,0.06528406590223312,0.35795801877975464
truthfulqa_654_inc_1,truthfulqa,1,5,0.0,1.0,0.2,0.7847436666488647,0.6706045866012573,0.9036515951156616,0.07096701860427856,0.21525633335113525
truthfulqa_117_inc_0,truthfulqa,1,5,0.0,1.0,0.2,0.8964559435844421,0.8358092308044434,0.9443784356117249,0.033958688378334045,0.10354405641555786
truthfulqa_78_corr_1,truthfulqa,0,5,0.0,1.0,0.2,0.6847540736198425,0.4603414535522461,0.9002096652984619,0.13847768306732178,0.31524592638015747
truthfulqa_292_inc_2,truthfulqa,1,5,0.0,1.0,0.2,0.7675378918647766,0.6486298441886902,0.8991599678993225,0.06433598697185516,0.2324621081352234
truthfulqa_791_best,truthfulqa,0,5,0.0,1.0,0.2,0.7899398803710938,0.7252246141433716,0.9101985692977905,0.054472655057907104,0.21006011962890625
truthfulqa_498_inc_0,truthfulqa,1,5,0.0,1.0,0.2,0.7700705528259277,0.6150330305099487,0.9002339839935303,0.10084216296672821,0.22992944717407227
truthfulqa_155_inc_0,truthfulqa,1,5,0.0,1.0,0.2,0.621504008769989,0.5121741890907288,0.8502565026283264,0.1034485325217247,0.378495991230011
truthfulqa_304_corr_1,truthfulqa,0,5,0.0,1.0,0.2,0.5280808210372925,0.183558851480484,0.8117727041244507,0.20400243997573853,0.4719191789627075
truthfulqa_472_corr_2,truthfulqa,0,5,0.0,1.0,0.2,0.853875994682312,0.7704541087150574,0.9435429573059082,0.05055813863873482,0.146124005317688
truthfulqa_630_best,truthfulqa,0,5,0.0,1.0,0.2,0.5943266749382019,0.44614413380622864,0.7140935063362122,0.08883961290121078,0.4056733250617981
truthfulqa_785_inc_2,truthfulqa,1,5,0.0,1.0,0.2,0.7998946309089661,0.6659972667694092,0.8988505005836487,0.07909039407968521,0.20010536909103394
truthfulqa_287_inc_0,truthfulqa,1,5,0.0,1.0,0.2,0.9276283383369446,0.8936468362808228,0.9654911756515503,0.01838802546262741,0.07237166166305542
truthfulqa_216_inc_1,truthfulqa,1,5,0.0,1.0,0.2,0.6984126567840576,0.4903791546821594,0.8799518346786499,0.11951178312301636,0.3015873432159424
truthfulqa_14_inc_0,truthfulqa,1,5,0.0,1.0,0.2,0.8845831751823425,0.8045029044151306,0.9558337926864624,0.04889439791440964,0.11541682481765747
truthfulqa_74_inc_3,truthfulqa,1,5,0.0,1.0,0.2,0.767281174659729,0.6666985154151917,0.845653772354126,0.058984238654375076,0.232718825340271
truthfulqa_714_best,truthfulqa,0,5,0.0,1.0,0.2,0.7047220468521118,0.48688310384750366,0.8637279272079468,0.13795703649520874,0.2952779531478882
truthfulqa_6_inc_3,truthfulqa,1,5,0.0,1.0,0.2,0.716856837272644,0.6193501949310303,0.860809326171875,0.0811578631401062,0.28314316272735596
truthfulqa_385_inc_2,truthfulqa,1,5,0.0,1.0,0.2,0.6622044444084167,0.5635430812835693,0.820976734161377,0.07239381223917007,0.33779555559158325
truthfulqa_548_inc_4,truthfulqa,1,5,0.3,0.6,0.6,0.6658414006233215,0.39891907572746277,0.9999998807907104,0.22842437028884888,0.33415859937667847
truthfulqa_358_inc_0,truthfulqa,1,5,0.0,1.0,0.2,0.8675327301025391,0.8132439255714417,0.9316944479942322,0.03999864682555199,0.13246726989746094
truthfulqa_468_inc_5,truthfulqa,1,5,0.0,1.0,0.2,0.8699056506156921,0.8162803053855896,0.9306175708770752,0.035323310643434525,0.13009434938430786
truthfulqa_189_corr_1,truthfulqa,0,5,0.0,1.0,0.2,0.9426349401473999,0.9061198234558105,0.9743169546127319,0.02312760055065155,0.0573650598526001
truthfulqa_90_inc_3,truthfulqa,1,5,0.0,1.0,0.2,0.8807884454727173,0.7602985501289368,0.9601197242736816,0.059997595846652985,0.11921155452728271
truthfulqa_548_inc_1,truthfulqa,1,5,0.6,0.4,0.8,0.7554259300231934,0.3885647654533386,1.0,0.2995408773422241,0.24457406997680664
truthfulqa_766_corr_1,truthfulqa,0,5,0.0,1.0,0.2,0.5465373992919922,0.4832865595817566,0.70441073179245,0.06550692021846771,0.4534626007080078
truthfulqa_318_corr_1,truthfulqa,0,5,0.0,1.0,0.2,0.6863426566123962,0.4932584762573242,0.8248223066329956,0.1165706142783165,0.31365734338760376
truthfulqa_527_corr_1,truthfulqa,0,5,0.6,0.4,0.8,0.870223343372345,0.6755584478378296,1.0,0.15894325077533722,0.12977665662765503
truthfulqa_262_best,truthfulqa,0,5,0.0,1.0,0.2,0.9416084289550781,0.9185580015182495,0.9672785997390747,0.019160114228725433,0.058391571044921875
truthfulqa_457_inc_6,truthfulqa,1,5,0.0,1.0,0.2,0.7659242749214172,0.6421379446983337,0.9022690057754517,0.09803953766822815,0.23407572507858276
truthfulqa_256_best,truthfulqa,0,5,0.0,1.0,0.2,0.7225865125656128,0.5929383039474487,0.8321749567985535,0.0722874328494072,0.2774134874343872
truthfulqa_288_inc_0,truthfulqa,1,5,0.0,1.0,0.2,0.8668105006217957,0.7671177983283997,0.9578121900558472,0.06064788997173309,0.13318949937820435
truthfulqa_423_corr_2,truthfulqa,0,5,0.6,0.4,0.8,0.9603589773178101,0.9008975028991699,1.0,0.048550114035606384,0.03964102268218994
truthfulqa_435_inc_5,truthfulqa,1,5,0.6,0.4,0.8,0.9687649011611938,0.9219123125076294,0.9999998807907104,0.03825493901968002,0.031235098838806152
truthfulqa_27_inc_0,truthfulqa,1,5,0.1,0.8,0.4,0.3746594488620758,0.04431317746639252,1.0,0.3581008315086365,0.6253405511379242
truthfulqa_783_inc_1,truthfulqa,1,5,0.0,1.0,0.2,0.9111913442611694,0.8312060832977295,0.9703763723373413,0.0494268462061882,0.08880865573883057
truthfulqa_713_best,truthfulqa,0,5,0.0,1.0,0.2,0.793757975101471,0.7326458096504211,0.8343971967697144,0.03802204132080078,0.20624202489852905
truthfulqa_202_best,truthfulqa,0,5,0.0,1.0,0.2,0.9045718908309937,0.8637841939926147,0.945152759552002,0.023256082087755203,0.09542810916900635
truthfulqa_811_corr_1,truthfulqa,0,5,0.0,1.0,0.2,0.8252326250076294,0.7506492137908936,0.9203998446464539,0.04697186127305031,0.1747673749923706
truthfulqa_105_corr_1,truthfulqa,0,5,0.0,1.0,0.2,0.4517100751399994,0.26495230197906494,0.699353039264679,0.12876661121845245,0.5482899248600006
truthfulqa_537_inc_1,truthfulqa,1,5,0.0,1.0,0.2,0.7718069553375244,0.6743344068527222,0.8510864973068237,0.05484991893172264,0.22819304466247559
truthfulqa_377_corr_1,truthfulqa,0,5,0.0,1.0,0.2,0.9073781967163086,0.871915876865387,0.9394298195838928,0.022765429690480232,0.0926218032836914
truthfulqa_592_corr_1,truthfulqa,0,5,0.0,1.0,0.2,0.3924032151699066,0.1224764883518219,0.6411035060882568,0.15901897847652435,0.6075967848300934
truthfulqa_38_inc_0,truthfulqa,1,5,0.0,1.0,0.2,0.5143762826919556,0.24043606221675873,0.9591324329376221,0.31646451354026794,0.48562371730804443
truthfulqa_116_inc_2,truthfulqa,1,5,0.3,0.6,0.6,0.9331223368644714,0.887308657169342,1.0,0.04592221602797508,0.06687766313552856
truthfulqa_218_corr_1,truthfulqa,0,5,0.0,1.0,0.2,0.7371256351470947,0.6122368574142456,0.8473304510116577,0.08103302121162415,0.2628743648529053
truthfulqa_381_best,truthfulqa,0,5,0.0,1.0,0.2,0.7378308176994324,0.6401481628417969,0.8075098991394043,0.0536428838968277,0.2621691823005676
truthfulqa_160_best,truthfulqa,0,5,0.0,1.0,0.2,0.8554011583328247,0.7863480448722839,0.9163585901260376,0.03476635739207268,0.1445988416671753
truthfulqa_678_corr_1,truthfulqa,0,5,0.0,1.0,0.2,0.6399118900299072,0.5049485564231873,0.7724300026893616,0.09514228999614716,0.3600881099700928
truthfulqa_456_corr_1,truthfulqa,0,5,0.0,1.0,0.2,0.6737040877342224,0.5702075958251953,0.7932942509651184,0.07000863552093506,0.3262959122657776
truthfulqa_311_inc_2,truthfulqa,1,5,0.0,1.0,0.2,0.9089469909667969,0.8651129007339478,0.957832932472229,0.033193182200193405,0.09105300903320312
truthfulqa_45_best,truthfulqa,0,5,0.0,1.0,0.2,0.7873273491859436,0.7031066417694092,0.843060314655304,0.042265135794878006,0.2126726508140564
truthfulqa_33_corr_3,truthfulqa,0,5,0.0,1.0,0.2,0.8009859323501587,0.6861971616744995,0.8845466375350952,0.05740651860833168,0.1990140676498413
truthfulqa_416_corr_2,truthfulqa,0,5,0.0,1.0,0.2,0.7358371019363403,0.6558287143707275,0.9001684188842773,0.08138426393270493,0.26416289806365967
truthfulqa_462_best,truthfulqa,0,5,0.0,1.0,0.2,0.7543942928314209,0.6648498773574829,0.8391636610031128,0.055450551211833954,0.2456057071685791
truthfulqa_387_inc_4,truthfulqa,1,5,0.0,1.0,0.2,0.8579679727554321,0.7875974178314209,0.9347805976867676,0.05535631626844406,0.14203202724456787
truthfulqa_365_corr_4,truthfulqa,0,5,0.0,1.0,0.2,0.7043667435646057,0.5205173492431641,0.8483927249908447,0.10654625296592712,0.2956332564353943
truthfulqa_694_corr_2,truthfulqa,0,5,0.0,1.0,0.2,0.6965060234069824,0.5682461261749268,0.8384959101676941,0.07764728367328644,0.3034939765930176
truthfulqa_631_inc_2,truthfulqa,1,5,0.0,1.0,0.2,0.42246657609939575,0.25535011291503906,0.7113490104675293,0.13783910870552063,0.5775334239006042
truthfulqa_770_inc_1,truthfulqa,1,5,0.0,1.0,0.2,0.7613555788993835,0.6965622901916504,0.8621929883956909,0.0582345649600029,0.23864442110061646
truthfulqa_539_best,truthfulqa,0,5,0.0,1.0,0.2,0.8018609285354614,0.7071478366851807,0.8812398910522461,0.04856078326702118,0.19813907146453857
truthfulqa_685_corr_2,truthfulqa,0,5,0.0,1.0,0.2,0.8053408861160278,0.7115256786346436,0.9187402725219727,0.06293419748544693,0.19465911388397217
truthfulqa_786_inc_2,truthfulqa,1,5,0.0,1.0,0.2,0.884641170501709,0.8305542469024658,0.9251445531845093,0.031024930998682976,0.11535882949829102
truthfulqa_596_inc_5,truthfulqa,1,5,0.0,1.0,0.2,0.4681777060031891,0.2212848663330078,0.5885041952133179,0.12813381850719452,0.5318222939968109
truthfulqa_156_best,truthfulqa,0,5,0.0,1.0,0.2,0.8628616333007812,0.8179585933685303,0.9036753177642822,0.031161397695541382,0.13713836669921875
truthfulqa_777_best,truthfulqa,0,5,0.0,1.0,0.2,0.8188770413398743,0.7657153606414795,0.8956373929977417,0.0385708250105381,0.18112295866012573
truthfulqa_17_inc_2,truthfulqa,1,5,0.0,1.0,0.2,0.8321586847305298,0.7777711749076843,0.893884539604187,0.03992411121726036,0.16784131526947021
truthfulqa_120_corr_1,truthfulqa,0,5,0.0,1.0,0.2,0.8335350751876831,0.7231346368789673,0.9844391345977783,0.06903292238712311,0.1664649248123169
truthfulqa_506_best,truthfulqa,0,5,0.0,1.0,0.2,0.5359392166137695,0.45879459381103516,0.6600443124771118,0.05842415615916252,0.46406078338623047
truthfulqa_76_best,truthfulqa,0,5,0.0,1.0,0.2,0.8970193862915039,0.8375192880630493,0.9541622996330261,0.039152711629867554,0.1029806137084961
truthfulqa_37_inc_3,truthfulqa,1,5,0.0,1.0,0.2,0.7933453917503357,0.7253215312957764,0.8856207132339478,0.046746931970119476,0.2066546082496643
truthfulqa_361_inc_1,truthfulqa,1,5,0.0,1.0,0.2,0.8892003297805786,0.7932989597320557,0.9664303064346313,0.044016554951667786,0.11079967021942139
truthfulqa_675_best,truthfulqa,0,5,0.0,1.0,0.2,0.8034448623657227,0.7233338356018066,0.8765465021133423,0.05302060768008232,0.19655513763427734
truthfulqa_517_corr_2,truthfulqa,0,5,0.0,1.0,0.2,0.8781070709228516,0.8294497728347778,0.9058055281639099,0.020058859139680862,0.12189292907714844
truthfulqa_768_inc_5,truthfulqa,1,5,0.0,1.0,0.2,0.7841904163360596,0.6561480760574341,0.8937764167785645,0.09446726739406586,0.21580958366394043
truthfulqa_693_inc_1,truthfulqa,1,5,0.0,1.0,0.2,0.8520862460136414,0.7767844200134277,0.930921196937561,0.0509718582034111,0.14791375398635864
truthfulqa_77_best,truthfulqa,0,5,0.0,1.0,0.2,0.8220690488815308,0.7648187875747681,0.8945269584655762,0.04155109450221062,0.17793095111846924
truthfulqa_325_corr_2,truthfulqa,0,5,0.0,1.0,0.2,0.6505718231201172,0.3037846088409424,0.9376682639122009,0.26715075969696045,0.3494281768798828
truthfulqa_462_inc_2,truthfulqa,1,5,0.0,1.0,0.2,0.7875077128410339,0.7159321308135986,0.8567954301834106,0.03947457671165466,0.21249228715896606
truthfulqa_567_inc_5,truthfulqa,1,5,0.6,0.4,0.8,0.9085410833358765,0.7713527679443359,1.0,0.1120138093829155,0.09145891666412354
truthfulqa_487_inc_7,truthfulqa,1,5,0.0,1.0,0.2,0.6933587193489075,0.5164281129837036,0.8474740386009216,0.1025463342666626,0.30664128065109253
truthfulqa_7_inc_2,truthfulqa,1,5,0.0,1.0,0.2,0.8607577085494995,0.8111152648925781,0.9524238109588623,0.038368139415979385,0.1392422914505005
truthfulqa_222_corr_1,truthfulqa,0,5,0.0,1.0,0.2,0.9039614796638489,0.8237655162811279,0.9544550776481628,0.04190581664443016,0.09603852033615112
truthfulqa_101_corr_3,truthfulqa,0,5,0.0,1.0,0.2,0.8150049448013306,0.6983792781829834,0.9149507284164429,0.05907101929187775,0.18499505519866943
truthfulqa_512_inc_3,truthfulqa,1,5,0.0,1.0,0.2,0.6594222784042358,0.5434096455574036,0.7475185394287109,0.05996405705809593,0.34057772159576416
truthfulqa_313_inc_4,truthfulqa,1,5,0.1,0.8,0.4,0.7940964698791504,0.5863035917282104,0.9999998807907104,0.14667591452598572,0.2059035301208496
truthfulqa_18_corr_5,truthfulqa,0,5,0.0,1.0,0.2,0.8156653642654419,0.7451987266540527,0.9067018032073975,0.049913033843040466,0.1843346357345581
truthfulqa_53_best,truthfulqa,0,5,0.0,1.0,0.2,0.8497425317764282,0.7868189811706543,0.9080650210380554,0.034556541591882706,0.15025746822357178
truthfulqa_191_best,truthfulqa,0,5,0.0,1.0,0.2,0.826504111289978,0.6632571220397949,0.9467388391494751,0.11734753847122192,0.17349588871002197
truthfulqa_563_inc_5,truthfulqa,1,5,0.3,0.6,0.6,0.756738007068634,0.6080055236816406,1.0,0.1468895971775055,0.24326199293136597
truthfulqa_323_corr_2,truthfulqa,0,5,0.0,1.0,0.2,0.6662413477897644,0.42603278160095215,0.9136696457862854,0.16289860010147095,0.3337586522102356
truthfulqa_501_inc_4,truthfulqa,1,5,0.0,1.0,0.2,0.3264116644859314,0.13619662821292877,0.5532580018043518,0.13543665409088135,0.6735883355140686
truthfulqa_309_corr_3,truthfulqa,0,5,0.0,1.0,0.2,0.8711708784103394,0.7377498745918274,0.9464520215988159,0.07021012157201767,0.12882912158966064
truthfulqa_345_inc_3,truthfulqa,1,5,0.0,1.0,0.2,0.869612991809845,0.8089779615402222,0.9369385242462158,0.038668785244226456,0.13038700819015503
truthfulqa_329_inc_1,truthfulqa,1,5,0.0,1.0,0.2,0.523982584476471,0.18264833092689514,0.9598109722137451,0.27641934156417847,0.47601741552352905
truthfulqa_613_corr_1,truthfulqa,0,5,0.0,1.0,0.2,0.881659209728241,0.7598544955253601,0.9691439867019653,0.05449135601520538,0.11834079027175903
truthfulqa_576_corr_2,truthfulqa,0,5,0.0,1.0,0.2,0.34755367040634155,0.04278474301099777,0.7713050246238708,0.23214387893676758,0.6524463295936584
truthfulqa_621_corr_1,truthfulqa,0,5,0.0,1.0,0.2,0.7094417810440063,0.5607132315635681,0.820541262626648,0.0793311819434166,0.29055821895599365
truthfulqa_549_inc_4,truthfulqa,1,5,0.0,1.0,0.2,0.4706375002861023,0.10651139169931412,0.7129385471343994,0.22659246623516083,0.5293624997138977
truthfulqa_366_corr_1,truthfulqa,0,5,0.0,1.0,0.2,0.7546476125717163,0.66005539894104,0.8743445873260498,0.07072187960147858,0.2453523874282837
truthfulqa_136_inc_2,truthfulqa,1,5,0.0,1.0,0.2,0.6380760073661804,0.47074979543685913,0.9211698770523071,0.16632163524627686,0.3619239926338196
truthfulqa_581_corr_1,truthfulqa,0,5,0.0,1.0,0.2,0.2614137530326843,0.06392603367567062,0.8417046070098877,0.23527054488658905,0.7385862469673157
truthfulqa_344_inc_2,truthfulqa,1,5,0.0,1.0,0.2,0.7572837471961975,0.42516106367111206,0.9447574615478516,0.20554204285144806,0.2427162528038025
truthfulqa_228_corr_2,truthfulqa,0,5,0.0,1.0,0.2,0.8912774324417114,0.8502435684204102,0.9298818111419678,0.022462237626314163,0.10872256755828857
truthfulqa_62_corr_4,truthfulqa,0,5,0.0,1.0,0.2,0.3689451813697815,0.0799480527639389,0.8598095178604126,0.2484535276889801,0.6310548186302185
truthfulqa_642_best,truthfulqa,0,5,0.0,1.0,0.2,0.8814660906791687,0.8222217559814453,0.923635721206665,0.03035532869398594,0.1185339093208313
truthfulqa_62_best,truthfulqa,0,5,0.0,1.0,0.2,0.4283876419067383,-0.008382268249988556,0.8514969944953918,0.3342570960521698,0.5716123580932617
truthfulqa_538_inc_6,truthfulqa,1,5,0.0,1.0,0.2,0.755675196647644,0.6212902069091797,0.8576771020889282,0.0845193937420845,0.24432480335235596
truthfulqa_52_corr_0,truthfulqa,0,5,0.0,1.0,0.2,0.8914696574211121,0.859258770942688,0.9317572116851807,0.024569740518927574,0.10853034257888794
truthfulqa_531_corr_2,truthfulqa,0,5,0.0,1.0,0.2,0.903052031993866,0.7898930311203003,0.9889689683914185,0.07488220930099487,0.09694796800613403
truthfulqa_63_inc_0,truthfulqa,1,5,0.0,1.0,0.2,0.4776063561439514,0.008329888805747032,0.8448518514633179,0.3652690351009369,0.5223936438560486
truthfulqa_44_inc_2,truthfulqa,1,5,0.0,1.0,0.2,0.7602540254592896,0.618398904800415,0.8517507910728455,0.06957022100687027,0.23974597454071045
truthfulqa_533_inc_0,truthfulqa,1,5,0.1,0.8,0.4,0.47654587030410767,0.08221202343702316,1.0,0.2548452913761139,0.5234541296958923
truthfulqa_321_inc_2,truthfulqa,1,5,0.0,1.0,0.2,0.8362871408462524,0.7516758441925049,0.9303567409515381,0.05907411873340607,0.16371285915374756
truthfulqa_163_corr_1,truthfulqa,0,5,0.0,1.0,0.2,0.794042706489563,0.682708740234375,0.8957855701446533,0.07151445746421814,0.205957293510437
truthfulqa_776_corr_1,truthfulqa,0,5,0.0,1.0,0.2,0.7684640884399414,0.6625409126281738,0.8959604501724243,0.06657230854034424,0.2315359115600586
truthfulqa_574_inc_8,truthfulqa,1,5,0.0,1.0,0.2,0.6997019648551941,0.4946213662624359,0.9204632043838501,0.12808679044246674,0.3002980351448059
truthfulqa_399_inc_0,truthfulqa,1,5,0.0,1.0,0.2,0.7832491993904114,0.6579061150550842,0.8922208547592163,0.06770677119493484,0.21675080060958862
truthfulqa_491_inc_5,truthfulqa,1,5,0.0,1.0,0.2,0.6555341482162476,0.5513542890548706,0.8969690203666687,0.10977005958557129,0.34446585178375244
truthfulqa_280_inc_1,truthfulqa,1,5,0.0,1.0,0.2,0.9432910680770874,0.9274803400039673,0.9730714559555054,0.012647872790694237,0.0567089319229126
truthfulqa_789_corr_2,truthfulqa,0,5,0.0,1.0,0.2,0.8442327380180359,0.7574933767318726,0.9353213310241699,0.050802137702703476,0.1557672619819641
truthfulqa_582_inc_6,truthfulqa,1,5,0.0,1.0,0.2,0.44129472970962524,0.14301836490631104,0.7105592489242554,0.17430073022842407,0.5587052702903748
truthfulqa_683_best,truthfulqa,0,5,0.0,1.0,0.2,0.5793653726577759,0.15888924896717072,0.895867109298706,0.2893705666065216,0.4206346273422241
truthfulqa_227_inc_2,truthfulqa,1,5,0.0,1.0,0.2,0.9452983736991882,0.8915081024169922,0.9878919124603271,0.030321596190333366,0.05470162630081177
truthfulqa_300_inc_6,truthfulqa,1,5,0.0,1.0,0.2,0.8057147860527039,0.7106640338897705,0.8788304328918457,0.0523977093398571,0.19428521394729614
truthfulqa_81_corr_2,truthfulqa,0,5,0.0,1.0,0.2,0.6829313039779663,0.5454630851745605,0.7798681259155273,0.06718039512634277,0.3170686960220337
truthfulqa_11_corr_2,truthfulqa,0,5,0.1,0.8,0.4,0.6038017868995667,0.18365085124969482,1.0,0.2635452151298523,0.39619821310043335
truthfulqa_368_best,truthfulqa,0,5,0.0,1.0,0.2,0.8066986203193665,0.6432913541793823,0.9474058151245117,0.12931950390338898,0.19330137968063354
truthfulqa_72_best,truthfulqa,0,5,0.0,1.0,0.2,0.8627930879592896,0.8083736896514893,0.937744140625,0.043290309607982635,0.13720691204071045
truthfulqa_760_inc_3,truthfulqa,1,5,0.0,1.0,0.2,0.6810425519943237,0.5485090017318726,0.855340301990509,0.08767684549093246,0.31895744800567627
truthfulqa_68_corr_1,truthfulqa,0,5,0.0,1.0,0.2,0.9261339902877808,0.8915672302246094,0.9646539688110352,0.021826712414622307,0.07386600971221924
truthfulqa_269_inc_1,truthfulqa,1,5,0.0,1.0,0.2,0.8047396540641785,0.7148052453994751,0.8811266422271729,0.04952831193804741,0.19526034593582153
truthfulqa_461_corr_1,truthfulqa,0,5,0.0,1.0,0.2,0.7873769402503967,0.6455212831497192,0.8805710673332214,0.09235990047454834,0.21262305974960327
truthfulqa_359_inc_0,truthfulqa,1,5,0.0,1.0,0.2,0.8072637319564819,0.7168936729431152,0.8803473711013794,0.04884376376867294,0.19273626804351807
truthfulqa_778_corr_1,truthfulqa,0,5,0.0,1.0,0.2,0.926577091217041,0.8985845446586609,0.9599653482437134,0.019436819478869438,0.07342290878295898
truthfulqa_79_corr_1,truthfulqa,0,5,0.0,1.0,0.2,0.7172690629959106,0.37587833404541016,0.9532868266105652,0.26119741797447205,0.28273093700408936
truthfulqa_138_inc_1,truthfulqa,1,5,0.1,0.8,0.4,0.5630137324333191,0.37497836351394653,1.0,0.19916486740112305,0.4369862675666809
truthfulqa_533_best,truthfulqa,0,5,0.0,1.0,0.2,0.36517950892448425,0.11450789868831635,0.7448074817657471,0.1892738938331604,0.6348204910755157
truthfulqa_469_inc_4,truthfulqa,1,5,0.2,0.6,0.4,0.6681538820266724,0.34062379598617554,1.0,0.2256437987089157,0.33184611797332764
truthfulqa_358_corr_4,truthfulqa,0,5,0.0,1.0,0.2,0.9243757128715515,0.8946083784103394,0.954506516456604,0.019158590584993362,0.07562428712844849
truthfulqa_317_inc_1,truthfulqa,1,5,0.0,1.0,0.2,0.815606951713562,0.7123550176620483,0.866928219795227,0.045871801674366,0.184393048286438
truthfulqa_147_inc_3,truthfulqa,1,5,0.0,1.0,0.2,0.7280402779579163,0.5737568140029907,0.8791985511779785,0.10003743320703506,0.27195972204208374
truthfulqa_126_inc_2,truthfulqa,1,5,0.0,1.0,0.2,0.4624668061733246,0.3065214157104492,0.692176103591919,0.14162959158420563,0.5375331938266754
truthfulqa_40_inc_6,truthfulqa,1,5,0.0,1.0,0.2,0.885657787322998,0.8239963054656982,0.927579402923584,0.027971966192126274,0.11434221267700195
truthfulqa_10_inc_1,truthfulqa,1,5,0.2,0.6,0.4,0.9231805801391602,0.8784312009811401,1.0,0.040835198014974594,0.07681941986083984
truthfulqa_729_corr_1,truthfulqa,0,5,0.0,1.0,0.2,0.8872076869010925,0.8479515314102173,0.941109299659729,0.03151891380548477,0.11279231309890747
truthfulqa_443_inc_2,truthfulqa,1,5,0.1,0.8,0.4,0.584357500076294,0.36818793416023254,1.0,0.22405630350112915,0.41564249992370605
truthfulqa_519_inc_3,truthfulqa,1,5,0.2,0.6,0.4,0.8583628535270691,0.7782838940620422,1.0,0.09651152789592743,0.1416371464729309
truthfulqa_264_corr_1,truthfulqa,0,5,0.0,1.0,0.2,0.7352558374404907,0.5909643173217773,0.8451827168464661,0.07654327899217606,0.2647441625595093
truthfulqa_535_corr_1,truthfulqa,0,5,0.0,1.0,0.2,0.5307964086532593,0.25930309295654297,0.845696210861206,0.18504995107650757,0.4692035913467407
truthfulqa_754_best,truthfulqa,0,5,0.0,1.0,0.2,0.5514205098152161,0.10061101615428925,0.8790427446365356,0.3437846004962921,0.44857949018478394
truthfulqa_451_best,truthfulqa,0,5,0.0,1.0,0.2,0.656563401222229,0.622929036617279,0.7183016538619995,0.026862462982535362,0.343436598777771
truthfulqa_447_corr_1,truthfulqa,0,5,0.0,1.0,0.2,0.41947141289711,0.07189981639385223,0.9612914323806763,0.35255151987075806,0.58052858710289
truthfulqa_32_inc_3,truthfulqa,1,5,0.0,1.0,0.2,0.7942457795143127,0.6939541101455688,0.8860200643539429,0.0519537590444088,0.20575422048568726
truthfulqa_185_inc_2,truthfulqa,1,5,0.0,1.0,0.2,0.8277891278266907,0.6590739488601685,0.9326809644699097,0.078670933842659,0.17221087217330933
truthfulqa_715_best,truthfulqa,0,5,0.0,1.0,0.2,0.9073764085769653,0.882432222366333,0.9310027956962585,0.017513208091259003,0.09262359142303467
truthfulqa_347_corr_4,truthfulqa,0,5,0.0,1.0,0.2,0.9402549862861633,0.907309889793396,0.9867537021636963,0.021377116441726685,0.05974501371383667
truthfulqa_704_inc_2,truthfulqa,1,5,0.0,1.0,0.2,0.8119392395019531,0.7420436143875122,0.9118961691856384,0.04955217242240906,0.18806076049804688
truthfulqa_613_inc_2,truthfulqa,1,5,0.0,1.0,0.2,0.8841205835342407,0.7856788635253906,0.9345037937164307,0.043338511139154434,0.11587941646575928
truthfulqa_79_inc_3,truthfulqa,1,5,0.0,1.0,0.2,0.6605063676834106,0.33312293887138367,0.9110543727874756,0.22923670709133148,0.33949363231658936
truthfulqa_67_corr_1,truthfulqa,0,5,0.0,1.0,0.2,0.9360519647598267,0.885378897190094,0.9766815900802612,0.024630872532725334,0.06394803524017334
truthfulqa_122_corr_0,truthfulqa,0,5,0.0,1.0,0.2,0.7874010801315308,0.7142164707183838,0.9270777106285095,0.06257878243923187,0.21259891986846924
truthfulqa_368_inc_2,truthfulqa,1,5,0.0,1.0,0.2,0.898284912109375,0.8302403092384338,0.9455819129943848,0.03686680272221565,0.101715087890625
truthfulqa_332_corr_2,truthfulqa,0,5,0.0,1.0,0.2,0.5097979307174683,0.1554003357887268,0.7395199537277222,0.21149568259716034,0.49020206928253174
truthfulqa_637_corr_2,truthfulqa,0,5,0.0,1.0,0.2,0.8266004323959351,0.7502938508987427,0.9104427099227905,0.04028381407260895,0.17339956760406494
truthfulqa_632_corr_1,truthfulqa,0,5,0.0,1.0,0.2,0.6151512861251831,0.44650155305862427,0.9200599193572998,0.17058952152729034,0.3848487138748169
truthfulqa_597_best,truthfulqa,0,5,0.0,1.0,0.2,0.2950364947319031,0.029358625411987305,0.6444218158721924,0.15497823059558868,0.7049635052680969
truthfulqa_119_inc_0,truthfulqa,1,5,0.0,1.0,0.2,0.873599648475647,0.7941209673881531,0.9394251704216003,0.04905648157000542,0.12640035152435303
truthfulqa_342_best,truthfulqa,0,5,0.0,1.0,0.2,0.8464892506599426,0.7605206966400146,0.9228101968765259,0.050637386739254,0.15351074934005737
truthfulqa_554_corr_2,truthfulqa,0,5,0.0,1.0,0.2,0.8429322242736816,0.7809897065162659,0.915938138961792,0.047681573778390884,0.15706777572631836
truthfulqa_487_inc_0,truthfulqa,1,5,0.0,1.0,0.2,0.5030774474143982,0.20221228897571564,0.9250147938728333,0.227121040225029,0.4969225525856018
truthfulqa_799_best,truthfulqa,0,5,0.0,1.0,0.2,0.8304585218429565,0.7967019081115723,0.8627097606658936,0.022278644144535065,0.16954147815704346
truthfulqa_329_corr_3,truthfulqa,0,5,0.1,0.8,0.4,0.516787588596344,0.20172007381916046,1.0,0.27869313955307007,0.483212411403656
truthfulqa_490_corr_1,truthfulqa,0,5,0.0,1.0,0.2,0.46736985445022583,0.23575009405612946,0.7106331586837769,0.14515171945095062,0.5326301455497742
truthfulqa_45_corr_0,truthfulqa,0,5,0.0,1.0,0.2,0.8038108944892883,0.7290198802947998,0.9063819646835327,0.054577864706516266,0.19618910551071167
truthfulqa_266_inc_1,truthfulqa,1,5,0.0,1.0,0.2,0.8907598257064819,0.8547446131706238,0.9475117921829224,0.030137725174427032,0.10924017429351807
truthfulqa_787_inc_3,truthfulqa,1,5,0.0,1.0,0.2,0.7764714956283569,0.6764588356018066,0.8992170691490173,0.07565677911043167,0.22352850437164307
truthfulqa_109_inc_2,truthfulqa,1,5,0.0,1.0,0.2,0.7922295928001404,0.5657846331596375,0.9396097660064697,0.09620226174592972,0.20777040719985962
truthfulqa_557_corr_2,truthfulqa,0,5,0.0,1.0,0.2,0.8392772674560547,0.7436800599098206,0.932147741317749,0.06575055420398712,0.1607227325439453
truthfulqa_381_inc_1,truthfulqa,1,5,0.0,1.0,0.2,0.7135165333747864,0.5848990678787231,0.8761740326881409,0.08308544009923935,0.2864834666252136
truthfulqa_813_inc_4,truthfulqa,1,5,0.0,1.0,0.2,0.4513624310493469,0.19752183556556702,0.8869222402572632,0.24562326073646545,0.5486375689506531
truthfulqa_572_best,truthfulqa,0,5,0.0,1.0,0.2,0.6361135840415955,0.4707189202308655,0.8478294014930725,0.10806576162576675,0.36388641595840454
truthfulqa_674_inc_3,truthfulqa,1,5,0.1,0.8,0.4,0.7580844759941101,0.5973756909370422,1.0,0.11031833291053772,0.2419155240058899
truthfulqa_357_inc_1,truthfulqa,1,5,0.0,1.0,0.2,0.6951361298561096,0.4813011884689331,0.878856360912323,0.1542304903268814,0.3048638701438904
truthfulqa_168_inc_0,truthfulqa,1,5,0.0,1.0,0.2,0.775873064994812,0.6669217944145203,0.8838717341423035,0.06917913258075714,0.224126935005188
truthfulqa_314_inc_3,truthfulqa,1,5,0.0,1.0,0.2,0.6037573218345642,0.26703399419784546,0.9562094211578369,0.28848427534103394,0.3962426781654358
truthfulqa_787_corr_1,truthfulqa,0,5,0.0,1.0,0.2,0.7876988649368286,0.6685621738433838,0.8864114284515381,0.05534428730607033,0.2123011350631714
truthfulqa_114_inc_3,truthfulqa,1,5,0.0,1.0,0.2,0.9168382883071899,0.8683456182479858,0.9760034680366516,0.03647233918309212,0.08316171169281006
truthfulqa_212_corr_2,truthfulqa,0,5,0.0,1.0,0.2,0.8695985078811646,0.8024649024009705,0.9316747188568115,0.041873883455991745,0.13040149211883545
truthfulqa_341_inc_1,truthfulqa,1,5,0.0,1.0,0.2,0.7916146516799927,0.7546665668487549,0.8398953080177307,0.031124450266361237,0.20838534832000732
truthfulqa_646_best,truthfulqa,0,5,0.0,1.0,0.2,0.9448816180229187,0.8896713256835938,0.9939666986465454,0.03585893660783768,0.0551183819770813
truthfulqa_559_inc_2,truthfulqa,1,5,0.3,0.6,0.6,0.8676406741142273,0.7268838286399841,0.9999998807907104,0.1133328452706337,0.1323593258857727
truthfulqa_392_corr_1,truthfulqa,0,5,0.0,1.0,0.2,0.7465622425079346,0.7068145275115967,0.8227626085281372,0.035330116748809814,0.25343775749206543
truthfulqa_332_best,truthfulqa,0,5,0.1,0.8,0.4,0.7901313900947571,0.7177306413650513,1.0,0.08020727336406708,0.20986860990524292
truthfulqa_349_corr_1,truthfulqa,0,5,0.0,1.0,0.2,0.859416663646698,0.7911235690116882,0.9202970266342163,0.03582511842250824,0.140583336353302
truthfulqa_575_inc_6,truthfulqa,1,5,0.0,1.0,0.2,0.5343298316001892,0.415896475315094,0.6814571022987366,0.08573934435844421,0.4656701683998108
truthfulqa_467_inc_0,truthfulqa,1,5,0.0,1.0,0.2,0.615554690361023,0.2036360502243042,0.894121527671814,0.29602310061454773,0.38444530963897705
truthfulqa_308_corr_2,truthfulqa,0,5,0.0,1.0,0.2,0.8872348666191101,0.8011365532875061,0.9577656984329224,0.04762227460741997,0.11276513338088989
truthfulqa_443_best,truthfulqa,0,5,0.1,0.8,0.4,0.5105785727500916,0.26265019178390503,1.0,0.22713960707187653,0.48942142724990845
truthfulqa_424_corr_1,truthfulqa,0,5,0.1,0.8,0.4,0.5857124328613281,0.3972894549369812,0.9999998211860657,0.22125545144081116,0.4142875671386719
truthfulqa_369_inc_2,truthfulqa,1,5,0.0,1.0,0.2,0.8218372464179993,0.704026460647583,0.9087575674057007,0.054243993014097214,0.17816275358200073
truthfulqa_115_corr_1,truthfulqa,0,5,0.1,0.8,0.4,0.5235829949378967,0.18804901838302612,1.0,0.2740032970905304,0.47641700506210327
truthfulqa_547_inc_0,truthfulqa,1,5,0.1,0.8,0.4,0.5825117826461792,0.42271408438682556,1.0,0.15949885547161102,0.4174882173538208
truthfulqa_546_inc_0,truthfulqa,1,5,0.0,1.0,0.2,0.9021441340446472,0.846289873123169,0.9739488363265991,0.03616001084446907,0.09785586595535278
truthfulqa_222_inc_3,truthfulqa,1,5,0.0,1.0,0.2,0.9180215001106262,0.8630075454711914,0.9686322212219238,0.03992019593715668,0.08197849988937378
truthfulqa_331_corr_3,truthfulqa,0,5,0.0,1.0,0.2,0.9450432062149048,0.9284790754318237,0.9705651998519897,0.011959192343056202,0.054956793785095215
truthfulqa_124_corr_0,truthfulqa,0,5,0.0,1.0,0.2,0.8971580266952515,0.8461130857467651,0.9266056418418884,0.024077443405985832,0.10284197330474854
truthfulqa_505_inc_4,truthfulqa,1,5,0.0,1.0,0.2,0.610068678855896,0.5448312163352966,0.65777587890625,0.03975922614336014,0.389931321144104
truthfulqa_179_corr_2,truthfulqa,0,5,0.0,1.0,0.2,0.7594223022460938,0.6011393070220947,0.8945945501327515,0.08778367191553116,0.24057769775390625
truthfulqa_700_inc_0,truthfulqa,1,5,0.0,1.0,0.2,0.739709734916687,0.5752540826797485,0.8528494834899902,0.09226769953966141,0.260290265083313
truthfulqa_624_best,truthfulqa,0,5,0.0,1.0,0.2,0.7871278524398804,0.7261209487915039,0.8283766508102417,0.03058161586523056,0.21287214756011963
truthfulqa_281_inc_5,truthfulqa,1,5,0.0,1.0,0.2,0.6040314435958862,0.3537819981575012,0.8347779512405396,0.17538994550704956,0.39596855640411377
truthfulqa_69_inc_2,truthfulqa,1,5,0.0,1.0,0.2,0.8050681352615356,0.6286978125572205,0.937423586845398,0.09594684094190598,0.19493186473846436
truthfulqa_24_corr_1,truthfulqa,0,5,0.0,1.0,0.2,0.6230072975158691,0.49263739585876465,0.7393105626106262,0.0700652003288269,0.37699270248413086
truthfulqa_549_best,truthfulqa,0,5,0.0,1.0,0.2,0.3125954568386078,0.048635467886924744,0.7685478925704956,0.2387923300266266,0.6874045431613922
truthfulqa_237_corr_1,truthfulqa,0,5,0.0,1.0,0.2,0.7642685770988464,0.5697758197784424,0.8538269996643066,0.08996421843767166,0.23573142290115356
truthfulqa_474_corr_1,truthfulqa,0,5,0.0,1.0,0.2,0.8238533735275269,0.750983715057373,0.9130564332008362,0.04423713684082031,0.17614662647247314
truthfulqa_455_corr_1,truthfulqa,0,5,0.0,1.0,0.2,0.7834698557853699,0.6925016641616821,0.8839051723480225,0.0530211478471756,0.21653014421463013
truthfulqa_17_corr_2,truthfulqa,0,5,0.0,1.0,0.2,0.9180724024772644,0.8685441613197327,0.9596220254898071,0.025729164481163025,0.0819275975227356
truthfulqa_753_inc_0,truthfulqa,1,5,0.0,1.0,0.2,0.6937938332557678,0.6245317459106445,0.7744210958480835,0.04620546102523804,0.3062061667442322
truthfulqa_276_inc_4,truthfulqa,1,5,0.0,1.0,0.2,0.8523915410041809,0.7558228969573975,0.9180298447608948,0.0649682953953743,0.1476084589958191
truthfulqa_362_inc_1,truthfulqa,1,5,0.0,1.0,0.2,0.6983523368835449,0.5453486442565918,0.891498327255249,0.10422932356595993,0.3016476631164551
truthfulqa_769_corr_1,truthfulqa,0,5,0.0,1.0,0.2,0.8748800158500671,0.8173913359642029,0.9154183864593506,0.027730271220207214,0.12511998414993286
truthfulqa_532_best,truthfulqa,0,5,0.0,1.0,0.2,0.44341641664505005,0.02045753039419651,0.7509499788284302,0.2791295349597931,0.55658358335495
truthfulqa_241_inc_1,truthfulqa,1,5,0.0,1.0,0.2,0.9204936027526855,0.8955272436141968,0.9465336799621582,0.013673056848347187,0.07950639724731445
truthfulqa_147_inc_2,truthfulqa,1,5,0.0,1.0,0.2,0.7801578640937805,0.7079488635063171,0.8701349496841431,0.054035529494285583,0.21984213590621948
truthfulqa_661_inc_3,truthfulqa,1,5,0.0,1.0,0.2,0.7708015441894531,0.7227232456207275,0.8201130032539368,0.03180578723549843,0.22919845581054688
truthfulqa_578_inc_2,truthfulqa,1,5,0.0,1.0,0.2,0.2716101109981537,0.01459130272269249,0.7851325869560242,0.24827450513839722,0.7283898890018463
truthfulqa_370_inc_2,truthfulqa,1,5,0.0,1.0,0.2,0.7500203847885132,0.5497381091117859,0.9255062341690063,0.13642950356006622,0.24997961521148682
truthfulqa_16_inc_1,truthfulqa,1,5,0.0,1.0,0.2,0.7669074535369873,0.6932337284088135,0.853114664554596,0.05130742862820625,0.2330925464630127
truthfulqa_300_inc_1,truthfulqa,1,5,0.1,0.8,0.4,0.5760425925254822,0.16878345608711243,1.0,0.3039843440055847,0.4239574074745178
truthfulqa_550_corr_2,truthfulqa,0,5,0.0,1.0,0.2,0.5479186773300171,0.2949821949005127,0.73885577917099,0.15085840225219727,0.4520813226699829
truthfulqa_374_inc_1,truthfulqa,1,5,0.0,1.0,0.2,0.6584685444831848,0.523292601108551,0.753532350063324,0.0713229849934578,0.3415314555168152
truthfulqa_455_inc_3,truthfulqa,1,5,0.0,1.0,0.2,0.7073386907577515,0.5738955736160278,0.8518024682998657,0.09656422585248947,0.29266130924224854
truthfulqa_11_corr_0,truthfulqa,0,5,0.2,0.6,0.4,0.6226261258125305,0.2401304692029953,1.0,0.26443856954574585,0.3773738741874695
truthfulqa_679_best,truthfulqa,0,5,0.1,0.8,0.4,0.7360857129096985,0.5492044687271118,0.9999998807907104,0.1474967896938324,0.2639142870903015
truthfulqa_587_corr_1,truthfulqa,0,5,0.0,1.0,0.2,0.48794183135032654,0.22658033668994904,0.8449867367744446,0.18681830167770386,0.5120581686496735
truthfulqa_191_inc_2,truthfulqa,1,5,0.0,1.0,0.2,0.8988301157951355,0.8317396640777588,0.9525478482246399,0.04782172292470932,0.1011698842048645
truthfulqa_624_inc_2,truthfulqa,1,5,0.0,1.0,0.2,0.7646228075027466,0.7087574005126953,0.8424304723739624,0.04186367616057396,0.23537719249725342
truthfulqa_418_inc_0,truthfulqa,1,5,0.0,1.0,0.2,0.3954642117023468,0.21513643860816956,0.6378341913223267,0.12303604185581207,0.6045357882976532
truthfulqa_406_corr_4,truthfulqa,0,5,0.0,1.0,0.2,0.8907654881477356,0.842564582824707,0.9356236457824707,0.028486918658018112,0.1092345118522644
truthfulqa_203_inc_1,truthfulqa,1,5,0.0,1.0,0.2,0.703557550907135,0.5779076814651489,0.8356763124465942,0.07904220372438431,0.296442449092865
truthfulqa_316_corr_1,truthfulqa,0,5,0.0,1.0,0.2,0.9608076810836792,0.9422159194946289,0.9766327738761902,0.011410810053348541,0.0391923189163208
truthfulqa_153_inc_1,truthfulqa,1,5,0.0,1.0,0.2,0.7550466656684875,0.6371402740478516,0.8466694355010986,0.060612764209508896,0.24495333433151245
truthfulqa_245_corr_2,truthfulqa,0,5,0.0,1.0,0.2,0.9136945605278015,0.8850619792938232,0.9317231178283691,0.013847739435732365,0.08630543947219849
truthfulqa_147_inc_1,truthfulqa,1,5,0.0,1.0,0.2,0.7592108249664307,0.680034875869751,0.8564080595970154,0.051606446504592896,0.24078917503356934
truthfulqa_160_inc_1,truthfulqa,1,5,0.0,1.0,0.2,0.8009082078933716,0.6211519837379456,0.93927401304245,0.11564817279577255,0.19909179210662842
truthfulqa_152_corr_0,truthfulqa,0,5,0.0,1.0,0.2,0.6367751359939575,0.4834138751029968,0.7827408313751221,0.09763381630182266,0.3632248640060425
truthfulqa_118_best,truthfulqa,0,5,0.0,1.0,0.2,0.875265896320343,0.8185750246047974,0.9614919424057007,0.04244162142276764,0.12473410367965698
truthfulqa_511_inc_2,truthfulqa,1,5,0.0,1.0,0.2,0.7695072889328003,0.6462680101394653,0.8558686971664429,0.07033088803291321,0.2304927110671997
truthfulqa_735_inc_0,truthfulqa,1,5,0.0,1.0,0.2,0.7545006275177002,0.5637353658676147,0.9261579513549805,0.1437968760728836,0.2454993724822998
truthfulqa_474_inc_1,truthfulqa,1,5,0.0,1.0,0.2,0.7283389568328857,0.6094090938568115,0.878957986831665,0.08951101452112198,0.27166104316711426
truthfulqa_363_corr_2,truthfulqa,0,5,0.0,1.0,0.2,0.783077597618103,0.7018436193466187,0.8638166785240173,0.057540133595466614,0.21692240238189697
truthfulqa_316_best,truthfulqa,0,5,0.0,1.0,0.2,0.9545103311538696,0.943994402885437,0.9652466773986816,0.007167518138885498,0.04548966884613037
truthfulqa_493_inc_0,truthfulqa,1,5,0.0,1.0,0.2,0.44634079933166504,0.280254989862442,0.6683754920959473,0.13657686114311218,0.553659200668335
truthfulqa_34_inc_4,truthfulqa,1,5,0.0,1.0,0.2,0.7509344220161438,0.6458791494369507,0.8531122207641602,0.077249675989151,0.2490655779838562
truthfulqa_338_inc_2,truthfulqa,1,5,0.0,1.0,0.2,0.8817179799079895,0.8392257690429688,0.925386369228363,0.03029906004667282,0.1182820200920105
truthfulqa_330_corr_2,truthfulqa,0,5,0.0,1.0,0.2,0.7619757652282715,0.5493267774581909,0.8642708659172058,0.0982012152671814,0.23802423477172852
truthfulqa_236_corr_3,truthfulqa,0,5,0.0,1.0,0.2,0.8734630346298218,0.8107433319091797,0.9236252307891846,0.03593561053276062,0.12653696537017822
truthfulqa_438_inc_2,truthfulqa,1,5,0.3,0.6,0.6,0.8667527437210083,0.6955881714820862,0.9999997615814209,0.1276363879442215,0.1332472562789917
truthfulqa_115_inc_1,truthfulqa,1,5,0.0,1.0,0.2,0.3887273967266083,0.09611819684505463,0.8619630336761475,0.26915085315704346,0.6112726032733917
truthfulqa_658_best,truthfulqa,0,5,0.0,1.0,0.2,0.7683975696563721,0.6771211624145508,0.8394120931625366,0.044196296483278275,0.23160243034362793
truthfulqa_297_corr_2,truthfulqa,0,5,0.0,1.0,0.2,0.4705994129180908,0.187735915184021,0.6698673963546753,0.12912844121456146,0.5294005870819092
truthfulqa_796_best,truthfulqa,0,5,0.0,1.0,0.2,0.32167091965675354,0.16237512230873108,0.6940338015556335,0.1547061651945114,0.6783290803432465
truthfulqa_619_inc_0,truthfulqa,1,5,0.0,1.0,0.2,0.659379780292511,0.5173416137695312,0.7879982590675354,0.07121359556913376,0.340620219707489
truthfulqa_469_inc_1,truthfulqa,1,5,0.1,0.8,0.4,0.5817586779594421,0.28857558965682983,1.0,0.2555694878101349,0.41824132204055786
truthfulqa_627_inc_1,truthfulqa,1,5,0.0,1.0,0.2,0.49717363715171814,0.12733572721481323,0.8110823631286621,0.28182175755500793,0.5028263628482819
truthfulqa_692_inc_1,truthfulqa,1,5,0.0,1.0,0.2,0.8274113535881042,0.6679356098175049,0.9576999545097351,0.0926106795668602,0.17258864641189575
truthfulqa_287_inc_2,truthfulqa,1,5,0.0,1.0,0.2,0.9448564648628235,0.917184591293335,0.9682953357696533,0.016987023875117302,0.055143535137176514
truthfulqa_36_corr_3,truthfulqa,0,5,0.0,1.0,0.2,0.9361032247543335,0.875933051109314,0.965851902961731,0.028623435646295547,0.0638967752456665
truthfulqa_589_inc_0,truthfulqa,1,5,0.0,1.0,0.2,0.2835020422935486,0.0906045213341713,0.6395877599716187,0.1778908520936966,0.7164979577064514
truthfulqa_317_inc_2,truthfulqa,1,5,0.0,1.0,0.2,0.8944011926651001,0.8209618926048279,0.9606369137763977,0.04063696041703224,0.1055988073348999
truthfulqa_660_inc_2,truthfulqa,1,5,0.0,1.0,0.2,0.8775709867477417,0.7967594265937805,0.9391732215881348,0.038101401180028915,0.1224290132522583
truthfulqa_456_inc_1,truthfulqa,1,5,0.0,1.0,0.2,0.7327176928520203,0.5929324626922607,0.864179253578186,0.07917977124452591,0.26728230714797974
truthfulqa_102_corr_3,truthfulqa,0,5,0.0,1.0,0.2,0.751819908618927,0.598055362701416,0.8687970638275146,0.08527520298957825,0.248180091381073
truthfulqa_56_corr_2,truthfulqa,0,5,0.0,1.0,0.2,0.7539206743240356,0.6032310724258423,0.857758641242981,0.07331851124763489,0.24607932567596436
truthfulqa_804_best,truthfulqa,0,5,0.0,1.0,0.2,0.7834998369216919,0.7313128709793091,0.8536142110824585,0.031323209404945374,0.2165001630783081
truthfulqa_362_corr_2,truthfulqa,0,5,0.0,1.0,0.2,0.6997588276863098,0.5970938205718994,0.8386014699935913,0.06680586189031601,0.3002411723136902
truthfulqa_190_inc_1,truthfulqa,1,5,0.0,1.0,0.2,0.9141766428947449,0.8808947801589966,0.9495654106140137,0.024871500208973885,0.08582335710525513
truthfulqa_785_best,truthfulqa,0,5,0.0,1.0,0.2,0.8759120106697083,0.804532527923584,0.9195453524589539,0.041647620499134064,0.12408798933029175
truthfulqa_205_inc_1,truthfulqa,1,5,0.0,1.0,0.2,0.9093092083930969,0.8665539026260376,0.9402288198471069,0.02288532815873623,0.09069079160690308
truthfulqa_75_corr_3,truthfulqa,0,5,0.0,1.0,0.2,0.8097612261772156,0.685806155204773,0.9365878105163574,0.06727658212184906,0.19023877382278442
truthfulqa_588_inc_3,truthfulqa,1,5,0.0,1.0,0.2,0.2666110396385193,0.004883101675659418,0.8987271785736084,0.2345481514930725,0.7333889603614807
truthfulqa_410_best,truthfulqa,0,5,0.0,1.0,0.2,0.8002808690071106,0.7447291612625122,0.8618675470352173,0.03507331758737564,0.1997191309928894
truthfulqa_68_inc_2,truthfulqa,1,5,0.0,1.0,0.2,0.8714784383773804,0.81553053855896,0.936975359916687,0.04077094793319702,0.12852156162261963
truthfulqa_319_inc_2,truthfulqa,1,5,0.0,1.0,0.2,0.7830051779747009,0.6535732746124268,0.8895360231399536,0.09468501061201096,0.21699482202529907
truthfulqa_593_inc_4,truthfulqa,1,5,0.0,1.0,0.2,0.6653285622596741,0.39478373527526855,0.8629094362258911,0.175332710146904,0.3346714377403259
truthfulqa_35_inc_3,truthfulqa,1,5,0.0,1.0,0.2,0.6449729800224304,0.537067174911499,0.7391473054885864,0.06111331284046173,0.3550270199775696
truthfulqa_169_inc_1,truthfulqa,1,5,0.0,1.0,0.2,0.7108720541000366,0.5555884838104248,0.8237082958221436,0.07567677646875381,0.2891279458999634
truthfulqa_600_inc_0,truthfulqa,1,5,0.0,1.0,0.2,0.6023362874984741,0.43025773763656616,0.8405613899230957,0.12746156752109528,0.3976637125015259
truthfulqa_777_inc_2,truthfulqa,1,5,0.0,1.0,0.2,0.7024099230766296,0.575325608253479,0.7983803749084473,0.07358739525079727,0.29759007692337036
truthfulqa_123_best,truthfulqa,0,5,0.0,1.0,0.2,0.648608386516571,0.5106945037841797,0.795807957649231,0.08776593953371048,0.35139161348342896
truthfulqa_476_corr_2,truthfulqa,0,5,0.0,1.0,0.2,0.5846226811408997,0.31909921765327454,0.7379227876663208,0.1423475295305252,0.41537731885910034
truthfulqa_364_inc_1,truthfulqa,1,5,0.0,1.0,0.2,0.7813973426818848,0.6602598428726196,0.9033008813858032,0.06294240802526474,0.21860265731811523
truthfulqa_195_inc_3,truthfulqa,1,5,0.0,1.0,0.2,0.80425626039505,0.7107930183410645,0.8760293126106262,0.056011881679296494,0.19574373960494995
truthfulqa_703_corr_1,truthfulqa,0,5,0.0,1.0,0.2,0.876065731048584,0.7961268424987793,0.9518066644668579,0.056783318519592285,0.12393426895141602
truthfulqa_190_corr_1,truthfulqa,0,5,0.0,1.0,0.2,0.9112111926078796,0.8667842149734497,0.9374240636825562,0.022972270846366882,0.08878880739212036
truthfulqa_802_inc_2,truthfulqa,1,5,0.0,1.0,0.2,0.8287799954414368,0.717833399772644,0.939841091632843,0.07472706586122513,0.17122000455856323
truthfulqa_278_inc_0,truthfulqa,1,5,0.0,1.0,0.2,0.9322360754013062,0.9014484882354736,0.9728360176086426,0.020829597488045692,0.06776392459869385
truthfulqa_768_best,truthfulqa,0,5,0.0,1.0,0.2,0.7567392587661743,0.6645130515098572,0.861746072769165,0.05518491566181183,0.24326074123382568
truthfulqa_348_corr_6,truthfulqa,0,5,0.0,1.0,0.2,0.7488119006156921,0.6262123584747314,0.903082013130188,0.09243932366371155,0.25118809938430786
truthfulqa_577_corr_1,truthfulqa,0,5,0.0,1.0,0.2,0.6268534660339355,0.4717688262462616,0.921919047832489,0.11904734373092651,0.37314653396606445
truthfulqa_429_inc_0,truthfulqa,1,5,1.0,0.2,1.0,0.9539524912834167,0.923254132270813,1.0,0.037597645074129105,0.04604750871658325
truthfulqa_585_corr_1,truthfulqa,0,5,0.0,1.0,0.2,0.5746144652366638,0.3851572573184967,0.7948881387710571,0.12509310245513916,0.4253855347633362
truthfulqa_780_corr_3,truthfulqa,0,5,0.1,0.8,0.4,0.4284976124763489,0.18794918060302734,1.0,0.22568458318710327,0.5715023875236511
truthfulqa_112_inc_0,truthfulqa,1,5,0.0,1.0,0.2,0.3575952649116516,0.07543808966875076,0.7063449621200562,0.18275566399097443,0.6424047350883484
truthfulqa_76_corr_2,truthfulqa,0,5,0.0,1.0,0.2,0.9097797274589539,0.8614810109138489,0.955292820930481,0.03149182349443436,0.09022027254104614
truthfulqa_351_best,truthfulqa,0,5,0.0,1.0,0.2,0.7602394223213196,0.6498811841011047,0.862215518951416,0.06590989232063293,0.23976057767868042
truthfulqa_55_inc_3,truthfulqa,1,5,0.0,1.0,0.2,0.8660106658935547,0.7995309829711914,0.9264664649963379,0.04245590418577194,0.1339893341064453
truthfulqa_399_corr_2,truthfulqa,0,5,0.0,1.0,0.2,0.7525783777236938,0.6640384197235107,0.8561422824859619,0.05780833587050438,0.24742162227630615
truthfulqa_777_inc_0,truthfulqa,1,5,0.0,1.0,0.2,0.8104478120803833,0.7266546487808228,0.8715972900390625,0.04815322160720825,0.1895521879196167
truthfulqa_53_inc_1,truthfulqa,1,5,0.0,1.0,0.2,0.7675062417984009,0.7013565897941589,0.8500101566314697,0.04472853243350983,0.23249375820159912
truthfulqa_451_inc_4,truthfulqa,1,5,0.0,1.0,0.2,0.8005257844924927,0.7523508071899414,0.9057019948959351,0.04161316901445389,0.19947421550750732
truthfulqa_760_corr_1,truthfulqa,0,5,0.0,1.0,0.2,0.8022998571395874,0.6814497709274292,0.9007387161254883,0.06235355883836746,0.1977001428604126
truthfulqa_328_inc_2,truthfulqa,1,5,0.4,0.4,0.6,0.7795237302780151,0.6325395107269287,1.0,0.18001814186573029,0.22047626972198486
truthfulqa_564_inc_3,truthfulqa,1,5,0.0,1.0,0.2,0.5725840330123901,0.4006113111972809,0.9107837080955505,0.16497965157032013,0.42741596698760986
truthfulqa_289_inc_2,truthfulqa,1,5,0.0,1.0,0.2,0.9171279668807983,0.8636510968208313,0.9597354531288147,0.030449125915765762,0.08287203311920166
truthfulqa_236_corr_1,truthfulqa,0,5,0.0,1.0,0.2,0.8559759855270386,0.8071999549865723,0.8936439752578735,0.02943798340857029,0.14402401447296143
truthfulqa_54_inc_1,truthfulqa,1,5,0.0,1.0,0.2,0.7547200918197632,0.6168784499168396,0.8572121858596802,0.08975712954998016,0.24527990818023682
truthfulqa_618_best,truthfulqa,0,5,0.0,1.0,0.2,0.38374122977256775,0.15599967539310455,0.9645105600357056,0.2209269106388092,0.6162587702274323
truthfulqa_663_best,truthfulqa,0,5,0.0,1.0,0.2,0.908204197883606,0.797532856464386,0.9967213869094849,0.08313234150409698,0.09179580211639404
truthfulqa_594_inc_4,truthfulqa,1,5,0.0,1.0,0.2,0.6077079772949219,0.362041175365448,0.7881304621696472,0.11941494792699814,0.3922920227050781
truthfulqa_504_inc_3,truthfulqa,1,5,0.0,1.0,0.2,0.7237939238548279,0.5015431642532349,0.8676986694335938,0.11376963555812836,0.2762060761451721
truthfulqa_383_inc_2,truthfulqa,1,5,0.0,1.0,0.2,0.7736756205558777,0.7038837671279907,0.8632584810256958,0.051999811083078384,0.22632437944412231
truthfulqa_576_inc_1,truthfulqa,1,5,0.0,1.0,0.2,0.3395819067955017,0.14460359513759613,0.563026487827301,0.15642790496349335,0.6604180932044983
truthfulqa_65_corr_1,truthfulqa,0,5,0.0,1.0,0.2,0.8585604429244995,0.7896572351455688,0.9221096038818359,0.04201576113700867,0.1414395570755005
truthfulqa_181_inc_2,truthfulqa,1,5,0.0,1.0,0.2,0.9233015179634094,0.8906073570251465,0.9574058055877686,0.023442847654223442,0.07669848203659058
truthfulqa_610_best,truthfulqa,0,5,0.0,1.0,0.2,0.8410124778747559,0.7475048303604126,0.9320264458656311,0.05656283721327782,0.15898752212524414
truthfulqa_751_corr_2,truthfulqa,0,5,0.0,1.0,0.2,0.8407806158065796,0.7846070528030396,0.8886153697967529,0.03537692502140999,0.1592193841934204
truthfulqa_519_corr_1,truthfulqa,0,5,0.6,0.4,0.8,0.8541805148124695,0.6354514360427856,1.0,0.17859159409999847,0.14581948518753052
truthfulqa_73_corr_1,truthfulqa,0,5,0.3,0.6,0.6,0.8205445408821106,0.6906006336212158,1.0,0.1324266940355301,0.1794554591178894
truthfulqa_471_corr_1,truthfulqa,0,5,0.0,1.0,0.2,0.6380535960197449,0.29036611318588257,0.9041103720664978,0.25371402502059937,0.3619464039802551
truthfulqa_247_best,truthfulqa,0,5,0.0,1.0,0.2,0.7828503847122192,0.7211447954177856,0.8832577466964722,0.043472032994031906,0.21714961528778076
truthfulqa_143_inc_4,truthfulqa,1,5,0.0,1.0,0.2,0.7202637195587158,0.5784956812858582,0.8348327875137329,0.07960305362939835,0.2797362804412842
truthfulqa_75_inc_1,truthfulqa,1,5,0.0,1.0,0.2,0.9078920483589172,0.8501569032669067,0.9505070447921753,0.02791568450629711,0.09210795164108276
truthfulqa_470_inc_5,truthfulqa,1,5,0.0,1.0,0.2,0.4479684829711914,0.16489803791046143,0.9107837677001953,0.23690764605998993,0.5520315170288086
truthfulqa_421_inc_3,truthfulqa,1,5,0.6,0.4,0.8,0.9390838742256165,0.8670412302017212,1.0,0.04302293807268143,0.060916125774383545
truthfulqa_284_best,truthfulqa,0,5,0.0,1.0,0.2,0.824070155620575,0.7473560571670532,0.9139784574508667,0.04574648290872574,0.17592984437942505
truthfulqa_7_inc_1,truthfulqa,1,5,0.0,1.0,0.2,0.8278130292892456,0.7780569791793823,0.8717359304428101,0.02682049199938774,0.1721869707107544
truthfulqa_164_corr_1,truthfulqa,0,5,0.0,1.0,0.2,0.8855422139167786,0.8251957893371582,0.91758131980896,0.03027017042040825,0.11445778608322144
truthfulqa_100_inc_4,truthfulqa,1,5,0.0,1.0,0.2,0.8555034399032593,0.7526418566703796,0.9338933825492859,0.05735837295651436,0.14449656009674072
truthfulqa_515_best,truthfulqa,0,5,0.0,1.0,0.2,0.7413309216499329,0.6015288233757019,0.8440672755241394,0.07087833434343338,0.25866907835006714
truthfulqa_296_corr_4,truthfulqa,0,5,0.0,1.0,0.2,0.4516391158103943,0.2315526306629181,0.7386499643325806,0.16459260880947113,0.5483608841896057
truthfulqa_531_best,truthfulqa,0,5,0.2,0.6,0.4,0.9729703664779663,0.9556742906570435,1.0,0.01844557747244835,0.02702963352203369
truthfulqa_509_inc_4,truthfulqa,1,5,0.0,1.0,0.2,0.7526460886001587,0.6367093920707703,0.8391109704971313,0.0677545890212059,0.2473539113998413
truthfulqa_591_inc_3,truthfulqa,1,5,0.0,1.0,0.2,0.5018073320388794,0.3312375545501709,0.7239614725112915,0.13964898884296417,0.4981926679611206
truthfulqa_463_inc_1,truthfulqa,1,5,0.0,1.0,0.2,0.8136356472969055,0.7407110929489136,0.8764525651931763,0.05198425427079201,0.18636435270309448
truthfulqa_312_best,truthfulqa,0,5,0.0,1.0,0.2,0.6996913552284241,0.41478413343429565,0.8995189666748047,0.21759626269340515,0.3003086447715759
truthfulqa_385_inc_1,truthfulqa,1,5,0.0,1.0,0.2,0.7817760109901428,0.7053463459014893,0.8711665272712708,0.046628307551145554,0.21822398900985718
truthfulqa_82_corr_2,truthfulqa,0,5,0.0,1.0,0.2,0.8687252998352051,0.8158792853355408,0.9221174716949463,0.036481812596321106,0.13127470016479492
truthfulqa_324_corr_2,truthfulqa,0,5,0.0,1.0,0.2,0.6675864458084106,0.5688217282295227,0.8183019161224365,0.06719980388879776,0.33241355419158936
truthfulqa_485_corr_2,truthfulqa,0,5,0.0,1.0,0.2,0.9009049534797668,0.8736218214035034,0.9252551794052124,0.018188131973147392,0.09909504652023315
truthfulqa_123_inc_0,truthfulqa,1,5,0.0,1.0,0.2,0.7841584086418152,0.693534255027771,0.9340558052062988,0.07177773863077164,0.21584159135818481
truthfulqa_522_inc_2,truthfulqa,1,5,0.0,1.0,0.2,0.5467114448547363,0.20801180601119995,0.8863138556480408,0.1823240965604782,0.45328855514526367
truthfulqa_295_inc_6,truthfulqa,1,5,0.0,1.0,0.2,0.689084529876709,0.4185684323310852,0.9575556516647339,0.216701939702034,0.310915470123291
truthfulqa_539_inc_0,truthfulqa,1,5,0.0,1.0,0.2,0.7922334671020508,0.6815234422683716,0.8727939128875732,0.05594675615429878,0.20776653289794922
truthfulqa_490_inc_2,truthfulqa,1,5,0.0,1.0,0.2,0.4011806547641754,0.06212823837995529,0.8323256969451904,0.26544883847236633,0.5988193452358246
truthfulqa_119_best,truthfulqa,0,5,0.0,1.0,0.2,0.8723386526107788,0.8176786303520203,0.957840085029602,0.050710566341876984,0.1276613473892212
truthfulqa_75_best,truthfulqa,0,5,0.0,1.0,0.2,0.8776203989982605,0.80378258228302,0.9402769804000854,0.04978765547275543,0.1223796010017395
truthfulqa_56_corr_1,truthfulqa,0,5,0.0,1.0,0.2,0.4685223698616028,0.0031621214002370834,0.9149549007415771,0.37058740854263306,0.5314776301383972
truthfulqa_334_inc_0,truthfulqa,1,5,0.0,1.0,0.2,0.8983758687973022,0.8490358591079712,0.9424984455108643,0.026437755674123764,0.10162413120269775
truthfulqa_35_corr_1,truthfulqa,0,5,0.0,1.0,0.2,0.6639882326126099,0.47036221623420715,0.8167948722839355,0.11008178442716599,0.33601176738739014
truthfulqa_143_inc_2,truthfulqa,1,5,0.0,1.0,0.2,0.6660438179969788,0.49788862466812134,0.7760490775108337,0.08041074872016907,0.33395618200302124
truthfulqa_132_inc_1,truthfulqa,1,5,0.0,1.0,0.2,0.4537835717201233,0.1665421426296234,0.8282446265220642,0.220311239361763,0.5462164282798767
truthfulqa_513_inc_3,truthfulqa,1,5,0.0,1.0,0.2,0.37866729497909546,0.2360619306564331,0.7365831136703491,0.13274359703063965,0.6213327050209045
truthfulqa_445_inc_4,truthfulqa,1,5,0.0,1.0,0.2,0.5491306781768799,0.19829024374485016,0.9107839465141296,0.24438415467739105,0.4508693218231201
truthfulqa_711_inc_1,truthfulqa,1,5,0.0,1.0,0.2,0.8556482195854187,0.7863954305648804,0.8990534543991089,0.0344904400408268,0.1443517804145813
truthfulqa_607_inc_1,truthfulqa,1,5,0.0,1.0,0.2,0.5000224113464355,0.29713523387908936,0.8752204179763794,0.16172918677330017,0.49997758865356445
truthfulqa_623_inc_2,truthfulqa,1,5,0.0,1.0,0.2,0.37697505950927734,0.21466127038002014,0.6758341789245605,0.13281871378421783,0.6230249404907227
truthfulqa_716_inc_0,truthfulqa,1,5,0.0,1.0,0.2,0.7187742590904236,0.6165833473205566,0.8512277603149414,0.06841714680194855,0.2812257409095764
truthfulqa_721_corr_2,truthfulqa,0,5,0.0,1.0,0.2,0.8074070811271667,0.7239902019500732,0.8762030601501465,0.05130147933959961,0.19259291887283325
truthfulqa_564_inc_1,truthfulqa,1,5,0.0,1.0,0.2,0.44965285062789917,0.27107173204421997,0.717379093170166,0.11713890731334686,0.5503471493721008
truthfulqa_224_inc_0,truthfulqa,1,5,0.0,1.0,0.2,0.9100225567817688,0.8205047845840454,0.9614392518997192,0.043978963047266006,0.0899774432182312
truthfulqa_108_inc_3,truthfulqa,1,5,0.0,1.0,0.2,0.9396094083786011,0.8753198385238647,0.9767775535583496,0.028026608750224113,0.060390591621398926
truthfulqa_480_inc_0,truthfulqa,1,5,0.0,1.0,0.2,0.5491218566894531,0.3263460695743561,0.793169379234314,0.15433500707149506,0.4508781433105469
truthfulqa_144_inc_0,truthfulqa,1,5,0.0,1.0,0.2,0.5932716727256775,0.38222527503967285,0.7764379978179932,0.12059382349252701,0.4067283272743225
truthfulqa_737_corr_2,truthfulqa,0,5,0.0,1.0,0.2,0.8344411849975586,0.7883435487747192,0.8986639380455017,0.03757649287581444,0.1655588150024414
truthfulqa_440_inc_0,truthfulqa,1,5,0.0,1.0,0.2,0.6000475883483887,0.5225766897201538,0.7656727433204651,0.08311561495065689,0.39995241165161133
truthfulqa_333_inc_3,truthfulqa,1,5,0.0,1.0,0.2,0.843839168548584,0.7879047989845276,0.8987988829612732,0.039438385516405106,0.15616083145141602
truthfulqa_24_corr_2,truthfulqa,0,5,0.0,1.0,0.2,0.6122887134552002,0.4485771656036377,0.7758945226669312,0.11837118119001389,0.3877112865447998
truthfulqa_597_inc_0,truthfulqa,1,5,0.0,1.0,0.2,0.3631749749183655,0.09668686985969543,0.5708443522453308,0.17745593190193176,0.6368250250816345
truthfulqa_427_corr_1,truthfulqa,0,5,0.0,1.0,0.2,0.6346714496612549,0.49173641204833984,0.9918579459190369,0.1859293431043625,0.3653285503387451
truthfulqa_40_inc_5,truthfulqa,1,5,0.0,1.0,0.2,0.8223543167114258,0.7193213701248169,0.904971718788147,0.05033569782972336,0.17764568328857422
truthfulqa_282_inc_3,truthfulqa,1,5,0.0,1.0,0.2,0.917030930519104,0.8917846083641052,0.9511879682540894,0.01887582428753376,0.082969069480896
truthfulqa_144_corr_2,truthfulqa,0,5,0.0,1.0,0.2,0.5784860849380493,0.4284474551677704,0.7192420959472656,0.09281624853610992,0.4215139150619507
truthfulqa_225_inc_0,truthfulqa,1,5,0.0,1.0,0.2,0.8028327822685242,0.7340419888496399,0.9085291028022766,0.05108509957790375,0.19716721773147583
truthfulqa_203_best,truthfulqa,0,5,0.0,1.0,0.2,0.7255473136901855,0.6434340476989746,0.8390373587608337,0.07113473117351532,0.27445268630981445
truthfulqa_201_best,truthfulqa,0,5,0.0,1.0,0.2,0.7913917303085327,0.6082977056503296,0.9091018438339233,0.08186493068933487,0.20860826969146729
truthfulqa_76_inc_1,truthfulqa,1,5,0.0,1.0,0.2,0.9163751602172852,0.8757234811782837,0.968563437461853,0.028247017413377762,0.08362483978271484
truthfulqa_556_inc_0,truthfulqa,1,5,0.0,1.0,0.2,0.9065922498703003,0.8549209833145142,0.9664328098297119,0.039676930755376816,0.09340775012969971
truthfulqa_236_inc_0,truthfulqa,1,5,0.0,1.0,0.2,0.8177396655082703,0.7486953735351562,0.8880383372306824,0.04727852717041969,0.18226033449172974
truthfulqa_110_inc_0,truthfulqa,1,5,0.0,1.0,0.2,0.5077642798423767,0.24478350579738617,0.7905828952789307,0.18470443785190582,0.4922357201576233
truthfulqa_311_corr_2,truthfulqa,0,5,0.0,1.0,0.2,0.9238544702529907,0.8759233951568604,0.9682997465133667,0.030282778665423393,0.07614552974700928
truthfulqa_144_inc_3,truthfulqa,1,5,0.0,1.0,0.2,0.7054699659347534,0.6504936218261719,0.7603213787078857,0.033717356622219086,0.2945300340652466
truthfulqa_606_inc_1,truthfulqa,1,5,0.0,1.0,0.2,0.7340352535247803,0.6757372617721558,0.7972444891929626,0.04140327498316765,0.2659647464752197
truthfulqa_291_corr_3,truthfulqa,0,5,0.0,1.0,0.2,0.7499178051948547,0.6359641551971436,0.847008228302002,0.08487100154161453,0.25008219480514526
truthfulqa_348_inc_1,truthfulqa,1,5,0.0,1.0,0.2,0.7962085604667664,0.6789910793304443,0.8600245714187622,0.04893434792757034,0.20379143953323364
truthfulqa_720_corr_2,truthfulqa,0,5,0.0,1.0,0.2,0.9098285436630249,0.8627878427505493,0.9624203443527222,0.028766639530658722,0.0901714563369751
truthfulqa_338_corr_2,truthfulqa,0,5,0.0,1.0,0.2,0.874591052532196,0.8134095668792725,0.9448242783546448,0.03941706195473671,0.12540894746780396
truthfulqa_523_corr_1,truthfulqa,0,5,0.0,1.0,0.2,0.6243542432785034,0.21249553561210632,0.9508720636367798,0.32536110281944275,0.3756457567214966
truthfulqa_466_inc_0,truthfulqa,1,5,0.0,1.0,0.2,0.4265657365322113,0.14163091778755188,0.8753624558448792,0.2906181514263153,0.5734342634677887
truthfulqa_550_inc_6,truthfulqa,1,5,0.0,1.0,0.2,0.6507343053817749,0.43105465173721313,0.8050923347473145,0.14557282626628876,0.3492656946182251
truthfulqa_64_corr_0,truthfulqa,0,5,0.0,1.0,0.2,0.8683112859725952,0.7769841551780701,0.9590567946434021,0.057821452617645264,0.13168871402740479
truthfulqa_689_inc_1,truthfulqa,1,5,0.0,1.0,0.2,0.6536898612976074,0.4469091296195984,0.8887864351272583,0.12997612357139587,0.3463101387023926
truthfulqa_611_best,truthfulqa,0,5,0.0,1.0,0.2,0.46326813101768494,0.21763327717781067,0.7772475481033325,0.16809172928333282,0.5367318689823151
truthfulqa_578_corr_2,truthfulqa,0,5,0.0,1.0,0.2,0.2544242739677429,-0.0036742514930665493,0.680838942527771,0.23530656099319458,0.7455757260322571
truthfulqa_396_best,truthfulqa,0,5,0.0,1.0,0.2,0.7408652305603027,0.6642708778381348,0.8064017295837402,0.04364515095949173,0.25913476943969727
truthfulqa_144_corr_0,truthfulqa,0,5,0.0,1.0,0.2,0.7286921739578247,0.5764230489730835,0.8369013667106628,0.06948923319578171,0.2713078260421753
truthfulqa_657_inc_0,truthfulqa,1,5,0.0,1.0,0.2,0.8438475728034973,0.7317699193954468,0.9149426221847534,0.052719857543706894,0.15615242719650269
truthfulqa_665_corr_2,truthfulqa,0,5,0.0,1.0,0.2,0.915402889251709,0.8668913841247559,0.9655179381370544,0.0282758716493845,0.08459711074829102
truthfulqa_264_inc_3,truthfulqa,1,5,0.0,1.0,0.2,0.3440611958503723,0.045235924422740936,0.6496649980545044,0.22045409679412842,0.6559388041496277
truthfulqa_735_corr_2,truthfulqa,0,5,0.0,1.0,0.2,0.7916306853294373,0.6343164443969727,0.9184377193450928,0.09196216613054276,0.20836931467056274
truthfulqa_693_corr_3,truthfulqa,0,5,0.0,1.0,0.2,0.8205335736274719,0.7296485900878906,0.9026187658309937,0.056476470082998276,0.17946642637252808
truthfulqa_387_corr_1,truthfulqa,0,5,0.0,1.0,0.2,0.8004342913627625,0.7190966606140137,0.9167356491088867,0.05633353441953659,0.19956570863723755
truthfulqa_396_corr_1,truthfulqa,0,5,0.0,1.0,0.2,0.7584746479988098,0.6942449808120728,0.895025372505188,0.05245435610413551,0.24152535200119019
truthfulqa_294_inc_0,truthfulqa,1,5,0.0,1.0,0.2,0.9077787399291992,0.892591118812561,0.9293801784515381,0.01158392708748579,0.09222126007080078
truthfulqa_121_inc_1,truthfulqa,1,5,0.0,1.0,0.2,0.4290596842765808,0.1636252999305725,0.6425617933273315,0.16485215723514557,0.5709403157234192
truthfulqa_584_inc_4,truthfulqa,1,5,0.0,1.0,0.2,0.5029252767562866,0.30367740988731384,0.5972565412521362,0.09991499036550522,0.4970747232437134
truthfulqa_230_corr_2,truthfulqa,0,5,0.0,1.0,0.2,0.6841700673103333,0.41038307547569275,0.9117819666862488,0.2107757329940796,0.31582993268966675
truthfulqa_798_corr_2,truthfulqa,0,5,0.0,1.0,0.2,0.81829833984375,0.7125851511955261,0.9307600259780884,0.07544893026351929,0.18170166015625
truthfulqa_594_inc_3,truthfulqa,1,5,0.0,1.0,0.2,0.5738818645477295,0.46739161014556885,0.6885045766830444,0.06690707057714462,0.4261181354522705
truthfulqa_363_corr_3,truthfulqa,0,5,0.0,1.0,0.2,0.824772834777832,0.7091295719146729,0.9107952117919922,0.07190052419900894,0.17522716522216797
truthfulqa_341_corr_3,truthfulqa,0,5,0.0,1.0,0.2,0.7954558730125427,0.6683441400527954,0.9183796644210815,0.08563469350337982,0.20454412698745728
truthfulqa_341_best,truthfulqa,0,5,0.0,1.0,0.2,0.8217088580131531,0.7344016432762146,0.9012149572372437,0.04808640480041504,0.17829114198684692
truthfulqa_673_best,truthfulqa,0,5,0.0,1.0,0.2,0.8843008875846863,0.8065348863601685,0.9327790141105652,0.036062292754650116,0.11569911241531372
truthfulqa_645_corr_1,truthfulqa,0,5,0.0,1.0,0.2,0.8411545753479004,0.7971274852752686,0.9106084108352661,0.03176024928689003,0.1588454246520996
truthfulqa_62_corr_0,truthfulqa,0,5,0.0,1.0,0.2,0.32246914505958557,0.008574163541197777,0.8881543874740601,0.32885798811912537,0.6775308549404144
truthfulqa_420_inc_1,truthfulqa,1,5,0.0,1.0,0.2,0.3394923508167267,0.17910853028297424,0.4900316596031189,0.0957186371088028,0.6605076491832733
truthfulqa_46_best,truthfulqa,0,5,0.0,1.0,0.2,0.6662126779556274,0.5347042679786682,0.8348780870437622,0.07374106347560883,0.33378732204437256
truthfulqa_639_corr_2,truthfulqa,0,5,0.0,1.0,0.2,0.9243237376213074,0.8924543857574463,0.9537690877914429,0.02445031888782978,0.07567626237869263
truthfulqa_318_inc_6,truthfulqa,1,5,0.0,1.0,0.2,0.7609400749206543,0.6669859886169434,0.8567385673522949,0.05070028454065323,0.2390599250793457
truthfulqa_57_inc_2,truthfulqa,1,5,0.0,1.0,0.2,0.9277223348617554,0.8854888677597046,0.9602751135826111,0.027667922899127007,0.07227766513824463
truthfulqa_747_best,truthfulqa,0,5,0.0,1.0,0.2,0.6965876221656799,0.6077798008918762,0.790900707244873,0.058222901076078415,0.30341237783432007
truthfulqa_345_best,truthfulqa,0,5,0.0,1.0,0.2,0.8535802960395813,0.7766029834747314,0.8879439830780029,0.02977139502763748,0.1464197039604187
truthfulqa_115_inc_6,truthfulqa,1,5,0.1,0.8,0.4,0.6466015577316284,0.2910957336425781,0.9999998807907104,0.24985915422439575,0.3533984422683716
truthfulqa_163_corr_2,truthfulqa,0,5,0.0,1.0,0.2,0.8514410257339478,0.7911615967750549,0.9290293455123901,0.046345967799425125,0.14855897426605225
truthfulqa_647_inc_3,truthfulqa,1,5,0.0,1.0,0.2,0.9105639457702637,0.8598743677139282,0.9855754375457764,0.044127218425273895,0.08943605422973633
truthfulqa_578_inc_3,truthfulqa,1,5,0.0,1.0,0.2,0.32720062136650085,0.0354071781039238,0.6007682681083679,0.18101508915424347,0.6727993786334991
truthfulqa_636_corr_2,truthfulqa,0,5,0.0,1.0,0.2,0.8233354687690735,0.7372254133224487,0.8815151453018188,0.04323946312069893,0.1766645312309265
truthfulqa_71_inc_0,truthfulqa,1,5,0.0,1.0,0.2,0.6012519598007202,0.4413125514984131,0.7244734764099121,0.08757667988538742,0.3987480401992798
truthfulqa_408_inc_3,truthfulqa,1,5,0.0,1.0,0.2,0.8556485176086426,0.8159726858139038,0.9079455137252808,0.029722046107053757,0.14435148239135742
truthfulqa_185_best,truthfulqa,0,5,0.0,1.0,0.2,0.8012563586235046,0.7423311471939087,0.9114902019500732,0.050606559962034225,0.19874364137649536
truthfulqa_358_best,truthfulqa,0,5,0.0,1.0,0.2,0.7505741715431213,0.5014660358428955,0.9267687201499939,0.12249810248613358,0.24942582845687866
truthfulqa_509_corr_4,truthfulqa,0,5,0.0,1.0,0.2,0.779025673866272,0.7147374153137207,0.8602544069290161,0.040350813418626785,0.22097432613372803
truthfulqa_73_inc_3,truthfulqa,1,5,0.0,1.0,0.2,0.7864900827407837,0.671019434928894,0.8796113133430481,0.07077696174383163,0.2135099172592163
truthfulqa_540_inc_1,truthfulqa,1,5,0.6,0.4,0.8,0.7669991254806519,0.4320567846298218,1.0,0.26988208293914795,0.23300087451934814
truthfulqa_767_inc_1,truthfulqa,1,5,0.0,1.0,0.2,0.7887021899223328,0.6723758578300476,0.8774341344833374,0.062216680496931076,0.21129781007766724
truthfulqa_392_inc_3,truthfulqa,1,5,0.0,1.0,0.2,0.7108781337738037,0.5950051546096802,0.7941882610321045,0.06371906399726868,0.2891218662261963
truthfulqa_759_inc_2,truthfulqa,1,5,0.0,1.0,0.2,0.8702412843704224,0.8230478167533875,0.9038264751434326,0.027634702622890472,0.12975871562957764
truthfulqa_634_corr_1,truthfulqa,0,5,0.0,1.0,0.2,0.7150540351867676,0.5529730319976807,0.8906902074813843,0.10808497667312622,0.2849459648132324
truthfulqa_283_corr_2,truthfulqa,0,5,0.0,1.0,0.2,0.9197880625724792,0.8958343267440796,0.953457236289978,0.01787661574780941,0.08021193742752075
truthfulqa_391_corr_2,truthfulqa,0,5,0.0,1.0,0.2,0.7702745199203491,0.651612401008606,0.8670393228530884,0.07073794305324554,0.22972548007965088
truthfulqa_782_corr_3,truthfulqa,0,5,0.0,1.0,0.2,0.7402024269104004,0.6311070919036865,0.8353128433227539,0.06657596677541733,0.2597975730895996
truthfulqa_6_corr_0,truthfulqa,0,5,0.0,1.0,0.2,0.7428713440895081,0.6479967832565308,0.8289913535118103,0.06462730467319489,0.25712865591049194
truthfulqa_744_best,truthfulqa,0,5,0.0,1.0,0.2,0.8360893130302429,0.7655947208404541,0.879934549331665,0.035880230367183685,0.16391068696975708
truthfulqa_321_corr_3,truthfulqa,0,5,0.0,1.0,0.2,0.7967826724052429,0.689563512802124,0.9523380994796753,0.07132784277200699,0.20321732759475708
truthfulqa_107_corr_2,truthfulqa,0,5,0.0,1.0,0.2,0.934286892414093,0.8947311639785767,0.9718737602233887,0.022626254707574844,0.06571310758590698
truthfulqa_684_corr_1,truthfulqa,0,5,0.0,1.0,0.2,0.7655723690986633,0.532736599445343,0.9342198967933655,0.16964367032051086,0.23442763090133667
truthfulqa_403_inc_1,truthfulqa,1,5,0.0,1.0,0.2,0.8223341107368469,0.7520644068717957,0.9020718932151794,0.042093247175216675,0.17766588926315308
truthfulqa_300_corr_9,truthfulqa,0,5,0.0,1.0,0.2,0.7929991483688354,0.650137186050415,0.9376798868179321,0.08606857061386108,0.20700085163116455
truthfulqa_183_inc_0,truthfulqa,1,5,0.0,1.0,0.2,0.9435537457466125,0.9169299602508545,0.9675028920173645,0.017122937366366386,0.05644625425338745
truthfulqa_59_corr_2,truthfulqa,0,5,0.0,1.0,0.2,0.8609250783920288,0.8330738544464111,0.8960343599319458,0.021313883364200592,0.1390749216079712
truthfulqa_284_inc_2,truthfulqa,1,5,0.0,1.0,0.2,0.7991180419921875,0.694604754447937,0.8778973817825317,0.05230584368109703,0.2008819580078125
truthfulqa_226_corr_1,truthfulqa,0,5,0.0,1.0,0.2,0.8348075747489929,0.7757137417793274,0.9025654196739197,0.03964103385806084,0.16519242525100708
truthfulqa_338_best,truthfulqa,0,5,0.0,1.0,0.2,0.8089525103569031,0.6926589012145996,0.9159470200538635,0.07020155340433121,0.19104748964309692
truthfulqa_587_corr_2,truthfulqa,0,5,0.0,1.0,0.2,0.4207425117492676,0.24762320518493652,0.8142695426940918,0.16255901753902435,0.5792574882507324
truthfulqa_125_corr_0,truthfulqa,0,5,0.0,1.0,0.2,0.7460120320320129,0.5984001159667969,0.9316129684448242,0.09684474766254425,0.25398796796798706
truthfulqa_562_best,truthfulqa,0,5,1.0,0.2,1.0,1.0,1.0,1.0,0.0,0.0
truthfulqa_303_corr_3,truthfulqa,0,5,0.0,1.0,0.2,0.8014954328536987,0.7207242846488953,0.8910911083221436,0.0511494018137455,0.19850456714630127
truthfulqa_42_corr_2,truthfulqa,0,5,0.0,1.0,0.2,0.8451193571090698,0.8042336702346802,0.9106968641281128,0.02665831707417965,0.15488064289093018
truthfulqa_13_corr_1,truthfulqa,0,5,0.0,1.0,0.2,0.8106239438056946,0.718302309513092,0.8917502760887146,0.052377015352249146,0.18937605619430542
truthfulqa_30_inc_0,truthfulqa,1,5,0.0,1.0,0.2,0.43249088525772095,0.09664666652679443,0.8402292728424072,0.2412182092666626,0.567509114742279
truthfulqa_87_corr_1,truthfulqa,0,5,0.0,1.0,0.2,0.7832518815994263,0.694860577583313,0.854509711265564,0.05058828368782997,0.21674811840057373
truthfulqa_506_inc_6,truthfulqa,1,5,0.0,1.0,0.2,0.505113422870636,0.39857327938079834,0.6603583097457886,0.08864670991897583,0.494886577129364
truthfulqa_106_inc_0,truthfulqa,1,5,0.0,1.0,0.2,0.6503875255584717,0.3893638253211975,0.856838583946228,0.1385580152273178,0.3496124744415283
truthfulqa_473_inc_0,truthfulqa,1,5,0.0,1.0,0.2,0.8134828805923462,0.718084454536438,0.9344862699508667,0.07202284038066864,0.1865171194076538
truthfulqa_775_best,truthfulqa,0,5,0.0,1.0,0.2,0.8784019351005554,0.8245203495025635,0.9188481569290161,0.02592398412525654,0.12159806489944458
truthfulqa_507_corr_2,truthfulqa,0,5,0.0,1.0,0.2,0.5485749244689941,0.19770118594169617,0.8042405843734741,0.18434612452983856,0.45142507553100586
truthfulqa_353_inc_2,truthfulqa,1,5,0.0,1.0,0.2,0.7769824862480164,0.7154980897903442,0.8481459617614746,0.03866651654243469,0.22301751375198364
truthfulqa_35_inc_5,truthfulqa,1,5,0.0,1.0,0.2,0.7250475883483887,0.6151655912399292,0.8010319471359253,0.05702211335301399,0.27495241165161133
truthfulqa_208_corr_1,truthfulqa,0,5,0.0,1.0,0.2,0.905075192451477,0.8541444540023804,0.9681398868560791,0.03162255510687828,0.09492480754852295
truthfulqa_541_corr_1,truthfulqa,0,5,0.0,1.0,0.2,0.7622299790382385,0.6979612112045288,0.8055404424667358,0.031598154455423355,0.23777002096176147
truthfulqa_391_inc_2,truthfulqa,1,5,0.0,1.0,0.2,0.7147218585014343,0.6173567771911621,0.8403215408325195,0.07504915446043015,0.2852781414985657
truthfulqa_394_inc_4,truthfulqa,1,5,0.0,1.0,0.2,0.6341350078582764,0.5599506497383118,0.7159935235977173,0.04752381145954132,0.36586499214172363
truthfulqa_13_inc_1,truthfulqa,1,5,0.0,1.0,0.2,0.7489959597587585,0.6724568605422974,0.8416686654090881,0.06200316175818443,0.25100404024124146
truthfulqa_773_inc_4,truthfulqa,1,5,0.0,1.0,0.2,0.6033437848091125,0.4980621933937073,0.7808315753936768,0.07749815285205841,0.39665621519088745
truthfulqa_647_best,truthfulqa,0,5,0.1,0.8,0.4,0.9355243444442749,0.8896751403808594,1.0,0.03299756720662117,0.0644756555557251
truthfulqa_322_corr_4,truthfulqa,0,5,0.0,1.0,0.2,0.9160826802253723,0.8411325812339783,0.9511400461196899,0.0335637629032135,0.08391731977462769
truthfulqa_265_best,truthfulqa,0,5,0.0,1.0,0.2,0.6810129284858704,0.5568382740020752,0.7900104522705078,0.07721788436174393,0.31898707151412964
truthfulqa_463_inc_5,truthfulqa,1,5,0.0,1.0,0.2,0.8068362474441528,0.7275590300559998,0.8854169845581055,0.05370547994971275,0.19316375255584717
truthfulqa_402_inc_3,truthfulqa,1,5,0.0,1.0,0.2,0.8668325543403625,0.8135824799537659,0.9375444054603577,0.03755094110965729,0.13316744565963745
truthfulqa_457_corr_1,truthfulqa,0,5,0.0,1.0,0.2,0.7766948938369751,0.7035077810287476,0.8971955180168152,0.06330981105566025,0.2233051061630249
truthfulqa_213_inc_2,truthfulqa,1,5,0.0,1.0,0.2,0.7929600477218628,0.6689792275428772,0.8977299928665161,0.061605826020240784,0.2070399522781372
truthfulqa_97_corr_1,truthfulqa,0,5,0.0,1.0,0.2,0.7332626581192017,0.6322088241577148,0.8374027609825134,0.060709115117788315,0.26673734188079834
truthfulqa_276_corr_2,truthfulqa,0,5,0.0,1.0,0.2,0.8902473449707031,0.8672829866409302,0.9371333122253418,0.020417002961039543,0.10975265502929688
truthfulqa_219_best,truthfulqa,0,5,0.0,1.0,0.2,0.7080923318862915,0.4301242232322693,0.9274328351020813,0.13430070877075195,0.2919076681137085
truthfulqa_589_inc_1,truthfulqa,1,5,0.0,1.0,0.2,0.39626121520996094,0.1530703604221344,0.5937197208404541,0.15063999593257904,0.6037387847900391
truthfulqa_752_corr_1,truthfulqa,0,5,0.0,1.0,0.2,0.9702184796333313,0.9599053263664246,0.977080225944519,0.005906740203499794,0.0297815203666687
truthfulqa_493_corr_1,truthfulqa,0,5,0.0,1.0,0.2,0.3861183822154999,0.07276871800422668,0.7574944496154785,0.21584868431091309,0.6138816177845001
truthfulqa_101_corr_2,truthfulqa,0,5,0.0,1.0,0.2,0.7974665760993958,0.7064008712768555,0.9233434200286865,0.06350001692771912,0.20253342390060425
truthfulqa_102_inc_4,truthfulqa,1,5,0.0,1.0,0.2,0.827318549156189,0.7069659233093262,0.926384449005127,0.06648454070091248,0.17268145084381104
truthfulqa_724_best,truthfulqa,0,5,0.0,1.0,0.2,0.8771613836288452,0.8320591449737549,0.9278066158294678,0.033060211688280106,0.12283861637115479
truthfulqa_177_best,truthfulqa,0,5,0.0,1.0,0.2,0.7216213941574097,0.6203253269195557,0.8481416702270508,0.07786179333925247,0.27837860584259033
truthfulqa_322_inc_2,truthfulqa,1,5,0.0,1.0,0.2,0.9351421594619751,0.9123386740684509,0.9657166600227356,0.015955571085214615,0.0648578405380249
truthfulqa_806_inc_0,truthfulqa,1,5,0.0,1.0,0.2,0.6609174013137817,0.5031574964523315,0.8970307111740112,0.11508280783891678,0.33908259868621826
truthfulqa_459_inc_0,truthfulqa,1,5,0.0,1.0,0.2,0.7861462235450745,0.7183612585067749,0.9221600294113159,0.0547010712325573,0.21385377645492554
truthfulqa_243_best,truthfulqa,0,5,0.0,1.0,0.2,0.9406687617301941,0.9292914867401123,0.9561681151390076,0.008429223671555519,0.05933123826980591
truthfulqa_454_best,truthfulqa,0,5,0.0,1.0,0.2,0.7621179819107056,0.5857523679733276,0.9059902429580688,0.11174331605434418,0.23788201808929443
truthfulqa_297_corr_6,truthfulqa,0,5,0.0,1.0,0.2,0.5022666454315186,0.23928043246269226,0.685791015625,0.13977347314357758,0.49773335456848145
truthfulqa_316_inc_2,truthfulqa,1,5,0.0,1.0,0.2,0.9597436785697937,0.9493503570556641,0.9692089557647705,0.006982473190873861,0.0402563214302063
truthfulqa_136_inc_0,truthfulqa,1,5,0.0,1.0,0.2,0.7222663164138794,0.46973085403442383,0.9231677055358887,0.1301175355911255,0.2777336835861206
truthfulqa_176_inc_1,truthfulqa,1,5,0.0,1.0,0.2,0.30243974924087524,0.1733996868133545,0.419190376996994,0.09197940677404404,0.6975602507591248
truthfulqa_85_inc_0,truthfulqa,1,5,0.0,1.0,0.2,0.8454769253730774,0.8045957088470459,0.907404899597168,0.03263154998421669,0.1545230746269226
truthfulqa_711_inc_2,truthfulqa,1,5,0.0,1.0,0.2,0.8995250463485718,0.8629099130630493,0.9500635862350464,0.024675650522112846,0.10047495365142822
truthfulqa_342_corr_1,truthfulqa,0,5,0.0,1.0,0.2,0.8764870762825012,0.7962555885314941,0.9412598609924316,0.05144789069890976,0.12351292371749878
truthfulqa_238_inc_2,truthfulqa,1,5,0.0,1.0,0.2,0.9440649747848511,0.9296159744262695,0.9599990844726562,0.009002434089779854,0.055935025215148926
truthfulqa_268_inc_0,truthfulqa,1,5,0.0,1.0,0.2,0.8202010989189148,0.7236034274101257,0.9225831627845764,0.06401632726192474,0.1797989010810852
truthfulqa_345_corr_1,truthfulqa,0,5,0.0,1.0,0.2,0.8165875673294067,0.7221626043319702,0.8602023124694824,0.0377507209777832,0.18341243267059326
truthfulqa_187_inc_1,truthfulqa,1,5,0.0,1.0,0.2,0.8448768854141235,0.783051609992981,0.8801072835922241,0.02963755466043949,0.15512311458587646
truthfulqa_480_corr_1,truthfulqa,0,5,0.0,1.0,0.2,0.38579338788986206,0.08014440536499023,0.6418911218643188,0.21760812401771545,0.6142066121101379
truthfulqa_564_corr_1,truthfulqa,0,5,0.1,0.8,0.4,0.6572321653366089,0.3974330425262451,0.9999997615814209,0.2376723438501358,0.3427678346633911
truthfulqa_611_inc_3,truthfulqa,1,5,0.0,1.0,0.2,0.42127013206481934,0.2838675379753113,0.6173226833343506,0.09639773517847061,0.5787298679351807
truthfulqa_333_corr_1,truthfulqa,0,5,0.0,1.0,0.2,0.8288607597351074,0.7300044298171997,0.8951363563537598,0.05935147404670715,0.17113924026489258
truthfulqa_391_inc_1,truthfulqa,1,5,0.0,1.0,0.2,0.6518375873565674,0.5480307340621948,0.8061178922653198,0.07081162184476852,0.3481624126434326
truthfulqa_793_inc_2,truthfulqa,1,5,0.0,1.0,0.2,0.35062599182128906,0.13287657499313354,0.6043810844421387,0.1557665765285492,0.6493740081787109
truthfulqa_361_best,truthfulqa,0,5,0.0,1.0,0.2,0.8814758062362671,0.7857328653335571,0.944495439529419,0.04445965588092804,0.11852419376373291
truthfulqa_134_inc_0,truthfulqa,1,5,0.3,0.6,0.6,0.6352275609970093,0.2729092538356781,0.9999999403953552,0.27705198526382446,0.3647724390029907
truthfulqa_701_inc_1,truthfulqa,1,5,0.0,1.0,0.2,0.7867950201034546,0.6546437740325928,0.8670861721038818,0.05689544975757599,0.2132049798965454
truthfulqa_573_inc_1,truthfulqa,1,5,0.1,0.8,0.4,0.772558867931366,0.5189936757087708,1.0,0.1570744514465332,0.22744113206863403
truthfulqa_201_inc_2,truthfulqa,1,5,0.0,1.0,0.2,0.8605958223342896,0.7945021986961365,0.9031809568405151,0.04330426827073097,0.13940417766571045
truthfulqa_398_corr_1,truthfulqa,0,5,0.0,1.0,0.2,0.7179276347160339,0.6623427271842957,0.7817379236221313,0.04130736365914345,0.28207236528396606
truthfulqa_138_inc_2,truthfulqa,1,5,0.1,0.8,0.4,0.5584518313407898,0.28282907605171204,1.0,0.20009911060333252,0.4415481686592102
truthfulqa_364_inc_4,truthfulqa,1,5,0.0,1.0,0.2,0.7865974307060242,0.7276885509490967,0.8543727397918701,0.045040030032396317,0.21340256929397583
truthfulqa_710_best,truthfulqa,0,5,0.1,0.8,0.4,0.9541961550712585,0.8992194533348083,0.9992749691009521,0.04169169440865517,0.045803844928741455
truthfulqa_153_corr_1,truthfulqa,0,5,0.0,1.0,0.2,0.8237535357475281,0.7018750905990601,0.8800823092460632,0.04701119288802147,0.17624646425247192
truthfulqa_109_inc_0,truthfulqa,1,5,0.0,1.0,0.2,0.6712849140167236,0.5260749459266663,0.8514565229415894,0.10052936524152756,0.32871508598327637
truthfulqa_783_inc_2,truthfulqa,1,5,0.0,1.0,0.2,0.8898954391479492,0.8120061159133911,0.9502742290496826,0.048709437251091,0.11010456085205078
truthfulqa_324_corr_6,truthfulqa,0,5,0.0,1.0,0.2,0.6865681409835815,0.5512877106666565,0.8285840749740601,0.08513833582401276,0.31343185901641846
truthfulqa_185_corr_3,truthfulqa,0,5,0.0,1.0,0.2,0.8969886898994446,0.8105688691139221,0.9595635533332825,0.04198331758379936,0.10301131010055542
truthfulqa_483_corr_1,truthfulqa,0,5,0.0,1.0,0.2,0.775994598865509,0.681428074836731,0.9081503748893738,0.059005387127399445,0.22400540113449097
truthfulqa_301_best,truthfulqa,0,5,0.0,1.0,0.2,0.8188132047653198,0.7353225350379944,0.9395719766616821,0.06210708245635033,0.18118679523468018
truthfulqa_365_inc_4,truthfulqa,1,5,0.0,1.0,0.2,0.8352096676826477,0.7468805909156799,0.9017448425292969,0.05524543672800064,0.1647903323173523
truthfulqa_581_inc_4,truthfulqa,1,5,0.6,0.4,0.8,0.7048989534378052,0.2622474431991577,1.0,0.3614234924316406,0.2951010465621948
truthfulqa_486_corr_1,truthfulqa,0,5,0.0,1.0,0.2,0.8061872720718384,0.7636590003967285,0.8625400066375732,0.031097538769245148,0.19381272792816162
truthfulqa_201_inc_0,truthfulqa,1,5,0.0,1.0,0.2,0.7702090740203857,0.7032598853111267,0.8726712465286255,0.054343950003385544,0.22979092597961426
truthfulqa_504_best,truthfulqa,0,5,0.0,1.0,0.2,0.8119182586669922,0.7529973983764648,0.8797598481178284,0.03978080302476883,0.1880817413330078
truthfulqa_318_corr_2,truthfulqa,0,5,0.0,1.0,0.2,0.7604650855064392,0.6639764904975891,0.8795299530029297,0.07304376363754272,0.2395349144935608
truthfulqa_664_best,truthfulqa,0,5,0.0,1.0,0.2,0.8335083723068237,0.7075660228729248,0.9289706945419312,0.06594301760196686,0.16649162769317627
truthfulqa_44_inc_3,truthfulqa,1,5,0.0,1.0,0.2,0.7562764286994934,0.6876088380813599,0.8201404213905334,0.04298832640051842,0.2437235713005066
truthfulqa_454_inc_0,truthfulqa,1,5,0.0,1.0,0.2,0.6973711252212524,0.6011888980865479,0.8129739165306091,0.07075982540845871,0.30262887477874756
truthfulqa_498_corr_3,truthfulqa,0,5,0.0,1.0,0.2,0.8026216626167297,0.7471673488616943,0.88217693567276,0.0405769981443882,0.19737833738327026
truthfulqa_147_corr_1,truthfulqa,0,5,0.0,1.0,0.2,0.7150158286094666,0.5681878328323364,0.8539343476295471,0.07549115270376205,0.28498417139053345
truthfulqa_330_corr_1,truthfulqa,0,5,0.0,1.0,0.2,0.6800581216812134,0.5186846256256104,0.8551498651504517,0.12034783512353897,0.3199418783187866
truthfulqa_705_inc_1,truthfulqa,1,5,0.0,1.0,0.2,0.8337873220443726,0.7881799936294556,0.8664188385009766,0.028701473027467728,0.16621267795562744
truthfulqa_568_inc_4,truthfulqa,1,5,0.6,0.4,0.8,0.8154355883598328,0.5385889410972595,1.0,0.22604432702064514,0.18456441164016724
truthfulqa_468_inc_6,truthfulqa,1,5,0.0,1.0,0.2,0.8237749934196472,0.7510617971420288,0.8721926212310791,0.042043738067150116,0.17622500658035278
truthfulqa_359_corr_3,truthfulqa,0,5,0.0,1.0,0.2,0.7859146595001221,0.7119877338409424,0.9062275886535645,0.06887660920619965,0.21408534049987793
truthfulqa_410_corr_1,truthfulqa,0,5,0.0,1.0,0.2,0.7609875202178955,0.6703997850418091,0.877658486366272,0.06136712431907654,0.2390124797821045
truthfulqa_59_best,truthfulqa,0,5,0.0,1.0,0.2,0.8448764085769653,0.7802842259407043,0.8960046768188477,0.0366806834936142,0.15512359142303467
truthfulqa_146_inc_0,truthfulqa,1,5,0.0,1.0,0.2,0.8356499671936035,0.7715457677841187,0.8750362396240234,0.031771596521139145,0.16435003280639648
truthfulqa_457_inc_4,truthfulqa,1,5,0.0,1.0,0.2,0.6345000267028809,0.5091643333435059,0.8877631425857544,0.10657478123903275,0.36549997329711914
truthfulqa_437_corr_2,truthfulqa,0,5,0.0,1.0,0.2,0.5371639132499695,0.29238882660865784,0.6860758066177368,0.13265137374401093,0.4628360867500305
truthfulqa_737_corr_1,truthfulqa,0,5,0.0,1.0,0.2,0.8273366689682007,0.7280581593513489,0.9187700748443604,0.05810505151748657,0.17266333103179932
truthfulqa_575_inc_2,truthfulqa,1,5,0.0,1.0,0.2,0.630875289440155,0.48873764276504517,0.9271652698516846,0.13690660893917084,0.36912471055984497
truthfulqa_584_inc_1,truthfulqa,1,5,0.0,1.0,0.2,0.5372409224510193,0.2878570556640625,0.7330213785171509,0.16068333387374878,0.4627590775489807
truthfulqa_654_corr_2,truthfulqa,0,5,0.0,1.0,0.2,0.6924251317977905,0.5575122237205505,0.780745267868042,0.07087703049182892,0.3075748682022095
truthfulqa_2_inc_2,truthfulqa,1,5,0.0,1.0,0.2,0.9080289006233215,0.8628541827201843,0.9400796890258789,0.02590581402182579,0.09197109937667847
truthfulqa_554_best,truthfulqa,0,5,0.0,1.0,0.2,0.8844926953315735,0.8454759120941162,0.947656512260437,0.030393486842513084,0.11550730466842651
truthfulqa_543_corr_1,truthfulqa,0,5,0.0,1.0,0.2,0.6581360101699829,0.2706468105316162,0.9542218446731567,0.293743371963501,0.3418639898300171
truthfulqa_540_best,truthfulqa,0,5,0.3,0.6,0.6,0.7056074142456055,0.49460268020629883,0.9999998807907104,0.19369176030158997,0.29439258575439453
truthfulqa_622_inc_0,truthfulqa,1,5,0.0,1.0,0.2,0.6134160757064819,0.5233364105224609,0.7987419366836548,0.07070973515510559,0.38658392429351807
truthfulqa_804_inc_0,truthfulqa,1,5,0.0,1.0,0.2,0.750654399394989,0.642532229423523,0.7989515066146851,0.0563739612698555,0.249345600605011
truthfulqa_720_corr_1,truthfulqa,0,5,0.0,1.0,0.2,0.9449297785758972,0.9199481010437012,0.9702808856964111,0.01601572148501873,0.05507022142410278
truthfulqa_487_inc_2,truthfulqa,1,5,0.0,1.0,0.2,0.39928001165390015,0.18170706927776337,0.6990578174591064,0.16842330992221832,0.6007199883460999
truthfulqa_679_inc_5,truthfulqa,1,5,0.1,0.8,0.4,0.5438505411148071,0.25500091910362244,1.0,0.25527119636535645,0.45614945888519287
truthfulqa_145_inc_0,truthfulqa,1,5,0.0,1.0,0.2,0.38597017526626587,0.17516092956066132,0.7582730054855347,0.18425911664962769,0.6140298247337341
truthfulqa_251_best,truthfulqa,0,5,0.0,1.0,0.2,0.4713941514492035,0.1317099630832672,0.7232310175895691,0.255505234003067,0.5286058485507965
truthfulqa_124_corr_2,truthfulqa,0,5,0.0,1.0,0.2,0.8878585696220398,0.7827732563018799,0.9382718801498413,0.049236465245485306,0.1121414303779602
truthfulqa_446_inc_4,truthfulqa,1,5,0.0,1.0,0.2,0.6813462972640991,0.5382698774337769,0.9107837080955505,0.10297061502933502,0.3186537027359009
truthfulqa_119_corr_1,truthfulqa,0,5,0.0,1.0,0.2,0.8878863453865051,0.8529967665672302,0.9589158296585083,0.030903128907084465,0.11211365461349487
truthfulqa_516_inc_0,truthfulqa,1,5,0.0,1.0,0.2,0.8674028515815735,0.730975329875946,0.9633320569992065,0.06740521639585495,0.1325971484184265
truthfulqa_380_best,truthfulqa,0,5,0.0,1.0,0.2,0.7173057794570923,0.6157307028770447,0.819649338722229,0.07900885492563248,0.2826942205429077
truthfulqa_544_corr_2,truthfulqa,0,5,0.1,0.8,0.4,0.8853117227554321,0.8221555948257446,1.0,0.05062122642993927,0.11468827724456787
truthfulqa_51_corr_3,truthfulqa,0,5,0.0,1.0,0.2,0.8233550786972046,0.7229741215705872,0.925595760345459,0.052080780267715454,0.1766449213027954
truthfulqa_762_inc_2,truthfulqa,1,5,0.0,1.0,0.2,0.5993924736976624,0.5141329765319824,0.7015048861503601,0.0677923858165741,0.40060752630233765
truthfulqa_302_corr_3,truthfulqa,0,5,0.0,1.0,0.2,0.8610129356384277,0.7693055868148804,0.9371790885925293,0.0641472116112709,0.13898706436157227
truthfulqa_770_inc_2,truthfulqa,1,5,0.0,1.0,0.2,0.8533628582954407,0.7735949754714966,0.9186924695968628,0.039434388279914856,0.14663714170455933
truthfulqa_104_corr_0,truthfulqa,0,5,0.0,1.0,0.2,0.8154438138008118,0.6989240646362305,0.9458543062210083,0.08790133893489838,0.18455618619918823
truthfulqa_530_best,truthfulqa,0,5,0.0,1.0,0.2,0.9326764345169067,0.9024869203567505,0.9558607339859009,0.01842361129820347,0.06732356548309326
truthfulqa_630_corr_1,truthfulqa,0,5,0.0,1.0,0.2,0.546746551990509,0.41108810901641846,0.6986884474754333,0.10096223652362823,0.45325344800949097
truthfulqa_205_corr_2,truthfulqa,0,5,0.0,1.0,0.2,0.9163297414779663,0.8766058087348938,0.9650346040725708,0.02534349635243416,0.08367025852203369
truthfulqa_3_corr_3,truthfulqa,0,5,0.0,1.0,0.2,0.8762239217758179,0.8412171602249146,0.9082465171813965,0.02365904487669468,0.12377607822418213
truthfulqa_642_inc_4,truthfulqa,1,5,0.0,1.0,0.2,0.8324786424636841,0.7256093621253967,0.8956215381622314,0.05630824342370033,0.16752135753631592
truthfulqa_22_inc_0,truthfulqa,1,5,0.0,1.0,0.2,0.5560265779495239,0.3287675380706787,0.7481116056442261,0.14303849637508392,0.4439734220504761
truthfulqa_506_inc_3,truthfulqa,1,5,0.0,1.0,0.2,0.5769383907318115,0.40095338225364685,0.7615071535110474,0.09587517380714417,0.4230616092681885
truthfulqa_464_inc_3,truthfulqa,1,5,0.0,1.0,0.2,0.8172000050544739,0.7128660082817078,0.9312067031860352,0.07019222527742386,0.18279999494552612
truthfulqa_19_corr_7,truthfulqa,0,5,0.0,1.0,0.2,0.9411101341247559,0.8968175053596497,0.9762140512466431,0.024888206273317337,0.05888986587524414
truthfulqa_229_inc_0,truthfulqa,1,5,0.0,1.0,0.2,0.9176231622695923,0.8857646584510803,0.957065761089325,0.02402220107614994,0.08237683773040771
truthfulqa_314_inc_0,truthfulqa,1,5,0.0,1.0,0.2,0.775031566619873,0.5922737121582031,0.9797353744506836,0.12131450325250626,0.22496843338012695
truthfulqa_141_inc_3,truthfulqa,1,5,0.6,0.4,0.8,0.8691415786743164,0.6728540062904358,0.9999999403953552,0.1602681279182434,0.1308584213256836
truthfulqa_256_corr_1,truthfulqa,0,5,0.0,1.0,0.2,0.7326864004135132,0.6775491237640381,0.8221936225891113,0.03739918768405914,0.2673135995864868
truthfulqa_29_best,truthfulqa,0,5,0.6,0.4,0.8,0.7890178561210632,0.4725448489189148,0.9999998807907104,0.2583991289138794,0.21098214387893677
truthfulqa_494_corr_1,truthfulqa,0,5,0.0,1.0,0.2,0.7805272936820984,0.6853779554367065,0.8704978227615356,0.060630351305007935,0.2194727063179016
truthfulqa_275_corr_1,truthfulqa,0,5,0.0,1.0,0.2,0.8650214076042175,0.7710058689117432,0.9105488657951355,0.04429353401064873,0.13497859239578247
truthfulqa_131_inc_1,truthfulqa,1,5,0.0,1.0,0.2,0.4077143669128418,0.0847630724310875,0.7594849467277527,0.25060147047042847,0.5922856330871582
truthfulqa_505_inc_9,truthfulqa,1,5,0.0,1.0,0.2,0.5909087061882019,0.43715399503707886,0.7663830518722534,0.11499346792697906,0.4090912938117981
truthfulqa_630_inc_1,truthfulqa,1,5,0.0,1.0,0.2,0.4825309216976166,0.31343546509742737,0.6295084953308105,0.11195551604032516,0.5174690783023834
truthfulqa_513_corr_1,truthfulqa,0,5,0.0,1.0,0.2,0.4659236967563629,0.18099230527877808,0.7924392819404602,0.17206528782844543,0.5340763032436371
truthfulqa_612_corr_1,truthfulqa,0,5,0.0,1.0,0.2,0.8961577415466309,0.7944772243499756,0.9665253162384033,0.049162499606609344,0.10384225845336914
truthfulqa_284_corr_1,truthfulqa,0,5,0.0,1.0,0.2,0.8361751437187195,0.7854952812194824,0.9148915410041809,0.04415964335203171,0.16382485628128052
truthfulqa_664_inc_2,truthfulqa,1,5,0.0,1.0,0.2,0.4903073310852051,0.04564027115702629,0.8114957809448242,0.3555952310562134,0.5096926689147949
truthfulqa_323_inc_3,truthfulqa,1,5,0.0,1.0,0.2,0.6176478266716003,0.3064019978046417,0.9127550721168518,0.2340622842311859,0.38235217332839966
truthfulqa_5_inc_2,truthfulqa,1,5,0.0,1.0,0.2,0.7249236106872559,0.6470954418182373,0.7952052354812622,0.03565675765275955,0.27507638931274414
truthfulqa_738_inc_3,truthfulqa,1,5,0.0,1.0,0.2,0.8924768567085266,0.8419812917709351,0.9457468390464783,0.03423997014760971,0.10752314329147339
truthfulqa_355_best,truthfulqa,0,5,0.0,1.0,0.2,0.5537501573562622,0.2596864104270935,0.9044919013977051,0.2244948148727417,0.4462498426437378
truthfulqa_253_corr_2,truthfulqa,0,5,0.0,1.0,0.2,0.5994516611099243,0.462836891412735,0.7460411190986633,0.07714488357305527,0.4005483388900757
truthfulqa_752_inc_2,truthfulqa,1,5,0.0,1.0,0.2,0.9571334719657898,0.9401108026504517,0.9782456159591675,0.012813296169042587,0.042866528034210205
truthfulqa_341_inc_3,truthfulqa,1,5,0.0,1.0,0.2,0.8881546854972839,0.8252037763595581,0.9559183716773987,0.04849328473210335,0.11184531450271606
truthfulqa_121_inc_2,truthfulqa,1,5,0.1,0.8,0.4,0.46029606461524963,0.16311922669410706,0.9999998807907104,0.28305885195732117,0.5397039353847504
truthfulqa_387_best,truthfulqa,0,5,0.0,1.0,0.2,0.8354079127311707,0.7384617924690247,0.9647859334945679,0.06588058173656464,0.16459208726882935
truthfulqa_520_corr_1,truthfulqa,0,5,0.2,0.6,0.4,0.7490894794464111,0.6165204048156738,1.0,0.14228755235671997,0.25091052055358887
truthfulqa_602_best,truthfulqa,0,5,0.0,1.0,0.2,0.4091176390647888,0.21900516748428345,0.727949857711792,0.2081880271434784,0.5908823609352112
truthfulqa_573_inc_8,truthfulqa,1,5,0.0,1.0,0.2,0.6864529848098755,0.4699780344963074,0.8877830505371094,0.1718454658985138,0.3135470151901245
truthfulqa_615_corr_2,truthfulqa,0,5,0.0,1.0,0.2,0.9370037913322449,0.9133782386779785,0.9523952603340149,0.010489728301763535,0.06299620866775513
truthfulqa_41_inc_0,truthfulqa,1,5,0.0,1.0,0.2,0.8962766528129578,0.84369957447052,0.9308265447616577,0.02706425078213215,0.10372334718704224
truthfulqa_375_inc_0,truthfulqa,1,5,0.0,1.0,0.2,0.8394724726676941,0.7841170430183411,0.9182620048522949,0.04093845933675766,0.1605275273323059
truthfulqa_745_best,truthfulqa,0,5,0.0,1.0,0.2,0.9132195711135864,0.8554952144622803,0.9807643890380859,0.037981387227773666,0.08678042888641357
truthfulqa_451_inc_1,truthfulqa,1,5,0.0,1.0,0.2,0.7907313704490662,0.7010899782180786,0.8974634408950806,0.0682813972234726,0.20926862955093384
truthfulqa_635_best,truthfulqa,0,5,0.0,1.0,0.2,0.4034668505191803,0.2055320143699646,0.6789970397949219,0.12820366024971008,0.5965331494808197
truthfulqa_606_best,truthfulqa,0,5,0.0,1.0,0.2,0.672142505645752,0.5614978075027466,0.7806013822555542,0.06477739661931992,0.32785749435424805
truthfulqa_210_inc_2,truthfulqa,1,5,0.1,0.8,0.4,0.7244914174079895,0.45203620195388794,1.0,0.1683415323495865,0.2755085825920105
truthfulqa_90_inc_1,truthfulqa,1,5,0.0,1.0,0.2,0.9251551628112793,0.9044512510299683,0.9514320492744446,0.012174306437373161,0.0748448371887207
truthfulqa_289_inc_0,truthfulqa,1,5,0.0,1.0,0.2,0.9222418665885925,0.8494216799736023,0.9669845104217529,0.04556327685713768,0.07775813341140747
truthfulqa_311_best,truthfulqa,0,5,0.0,1.0,0.2,0.9212894439697266,0.8842073082923889,0.9573397636413574,0.024832570925354958,0.07871055603027344
truthfulqa_488_inc_2,truthfulqa,1,5,0.0,1.0,0.2,0.7055584192276001,0.5675687193870544,0.8130314350128174,0.07754095643758774,0.2944415807723999
truthfulqa_481_best,truthfulqa,0,5,0.0,1.0,0.2,0.513741672039032,0.15577910840511322,0.9137565493583679,0.29044389724731445,0.486258327960968
truthfulqa_813_inc_0,truthfulqa,1,5,0.0,1.0,0.2,0.5853068232536316,0.3149234652519226,0.8527883291244507,0.18479323387145996,0.4146931767463684
truthfulqa_586_inc_0,truthfulqa,1,5,0.0,1.0,0.2,0.40877723693847656,0.2149461805820465,0.6744166612625122,0.14386609196662903,0.5912227630615234
truthfulqa_732_inc_0,truthfulqa,1,5,0.0,1.0,0.2,0.8709962964057922,0.8157533407211304,0.9163116812705994,0.030715804547071457,0.12900370359420776
truthfulqa_23_best,truthfulqa,0,5,0.0,1.0,0.2,0.6044245362281799,0.3942268490791321,0.7235299944877625,0.11834894120693207,0.39557546377182007
truthfulqa_16_corr_4,truthfulqa,0,5,0.0,1.0,0.2,0.7992154955863953,0.7205276489257812,0.8602582812309265,0.04550584778189659,0.20078450441360474
truthfulqa_590_best,truthfulqa,0,5,0.0,1.0,0.2,0.3638405203819275,0.1849840134382248,0.5486341714859009,0.10946668684482574,0.6361594796180725
truthfulqa_751_best,truthfulqa,0,5,0.0,1.0,0.2,0.856346607208252,0.8036006689071655,0.9556045532226562,0.042267151176929474,0.14365339279174805
truthfulqa_171_best,truthfulqa,0,5,0.0,1.0,0.2,0.8017814755439758,0.6603515148162842,0.8916722536087036,0.06326574087142944,0.19821852445602417
truthfulqa_80_corr_3,truthfulqa,0,5,0.0,1.0,0.2,0.704334557056427,0.5909912586212158,0.8380086421966553,0.07582602649927139,0.295665442943573
truthfulqa_668_corr_1,truthfulqa,0,5,0.0,1.0,0.2,0.79322350025177,0.7085222005844116,0.9197208881378174,0.057000454515218735,0.20677649974822998
truthfulqa_550_inc_4,truthfulqa,1,5,0.0,1.0,0.2,0.7633865475654602,0.6050852537155151,0.9145208597183228,0.1257803738117218,0.2366134524345398
truthfulqa_77_inc_1,truthfulqa,1,5,0.0,1.0,0.2,0.6802557110786438,0.5300230979919434,0.7912881374359131,0.06803986430168152,0.3197442889213562
truthfulqa_489_inc_3,truthfulqa,1,5,0.0,1.0,0.2,0.5375249981880188,0.3556024432182312,0.8016949892044067,0.13666307926177979,0.4624750018119812
truthfulqa_402_corr_1,truthfulqa,0,5,0.0,1.0,0.2,0.8780772089958191,0.8267418146133423,0.9389184713363647,0.03223799914121628,0.12192279100418091
truthfulqa_139_inc_0,truthfulqa,1,5,0.0,1.0,0.2,0.4835677146911621,0.1772676408290863,0.8242994546890259,0.21081314980983734,0.5164322853088379
truthfulqa_165_best,truthfulqa,0,5,0.1,0.8,0.4,0.8341995477676392,0.7768281102180481,1.0,0.06406352669000626,0.16580045223236084
truthfulqa_114_inc_2,truthfulqa,1,5,0.0,1.0,0.2,0.9184068441390991,0.877129316329956,0.96879643201828,0.02816879376769066,0.08159315586090088
truthfulqa_223_inc_2,truthfulqa,1,5,0.0,1.0,0.2,0.8369375467300415,0.767964243888855,0.8870198130607605,0.03895736485719681,0.1630624532699585
truthfulqa_206_inc_2,truthfulqa,1,5,0.0,1.0,0.2,0.5993392467498779,0.36585092544555664,0.9502897262573242,0.2309199720621109,0.40066075325012207
truthfulqa_203_corr_0,truthfulqa,0,5,0.0,1.0,0.2,0.6987019777297974,0.47691941261291504,0.9152703285217285,0.12568064033985138,0.30129802227020264
truthfulqa_687_inc_1,truthfulqa,1,5,0.0,1.0,0.2,0.7087131142616272,0.5829921960830688,0.8936518430709839,0.1000441163778305,0.2912868857383728
truthfulqa_306_inc_4,truthfulqa,1,5,0.0,1.0,0.2,0.8708311319351196,0.8302215933799744,0.9194786548614502,0.027934806421399117,0.12916886806488037
truthfulqa_98_corr_2,truthfulqa,0,5,0.0,1.0,0.2,0.8876803517341614,0.8225703239440918,0.9414916038513184,0.030041765421628952,0.11231964826583862
truthfulqa_3_inc_2,truthfulqa,1,5,0.0,1.0,0.2,0.810303807258606,0.720545768737793,0.8948668241500854,0.05482497811317444,0.18969619274139404
truthfulqa_547_corr_2,truthfulqa,0,5,0.3,0.6,0.6,0.5369864702224731,0.285170316696167,1.0,0.28883540630340576,0.46301352977752686
truthfulqa_147_corr_0,truthfulqa,0,5,0.0,1.0,0.2,0.8213628530502319,0.7528099417686462,0.8766005039215088,0.039023615419864655,0.17863714694976807
truthfulqa_780_corr_1,truthfulqa,0,5,0.1,0.8,0.4,0.39995306730270386,0.16392643749713898,1.0,0.2886495292186737,0.6000469326972961
truthfulqa_213_best,truthfulqa,0,5,0.0,1.0,0.2,0.7333288192749023,0.6488470435142517,0.9152342677116394,0.07361625134944916,0.26667118072509766
truthfulqa_505_best,truthfulqa,0,5,0.0,1.0,0.2,0.5736634135246277,0.33880364894866943,0.7409238815307617,0.12274158000946045,0.4263365864753723
truthfulqa_657_best,truthfulqa,0,5,0.0,1.0,0.2,0.7729046940803528,0.6552937030792236,0.9130374193191528,0.09790138155221939,0.22709530591964722
truthfulqa_238_corr_1,truthfulqa,0,5,0.0,1.0,0.2,0.8974539041519165,0.8338549733161926,0.9422566890716553,0.03885279968380928,0.1025460958480835
truthfulqa_746_best,truthfulqa,0,5,0.0,1.0,0.2,0.93357914686203,0.8618686199188232,0.982541024684906,0.051244497299194336,0.06642085313796997
truthfulqa_544_inc_2,truthfulqa,1,5,0.1,0.8,0.4,0.8905752301216125,0.8403255939483643,1.0,0.046637482941150665,0.10942476987838745
truthfulqa_161_best,truthfulqa,0,5,0.0,1.0,0.2,0.8456581234931946,0.8022646903991699,0.883082389831543,0.02131054364144802,0.15434187650680542
truthfulqa_731_best,truthfulqa,0,5,0.0,1.0,0.2,0.6698579788208008,0.5892224311828613,0.7547950148582458,0.054255787283182144,0.3301420211791992
truthfulqa_481_inc_0,truthfulqa,1,5,0.0,1.0,0.2,0.5740844011306763,0.4280282258987427,0.8108978867530823,0.11537133157253265,0.42591559886932373
truthfulqa_141_inc_2,truthfulqa,1,5,0.1,0.8,0.4,0.5490042567253113,0.37023302912712097,1.0,0.18381862342357635,0.4509957432746887
truthfulqa_807_best,truthfulqa,0,5,0.0,1.0,0.2,0.8620481491088867,0.7833582162857056,0.9218944311141968,0.04322001710534096,0.13795185089111328
truthfulqa_549_inc_0,truthfulqa,1,5,0.0,1.0,0.2,0.5539226531982422,0.3762739896774292,0.7938361167907715,0.1532914787530899,0.4460773468017578
truthfulqa_696_corr_1,truthfulqa,0,5,0.0,1.0,0.2,0.8493444323539734,0.7591863870620728,0.9040958881378174,0.045373495668172836,0.1506555676460266
truthfulqa_273_corr_2,truthfulqa,0,5,0.0,1.0,0.2,0.780164361000061,0.6786327958106995,0.8451316356658936,0.045347876846790314,0.21983563899993896
truthfulqa_724_inc_0,truthfulqa,1,5,0.0,1.0,0.2,0.8930546045303345,0.8347741365432739,0.9267655611038208,0.029801035299897194,0.10694539546966553
truthfulqa_752_best,truthfulqa,0,5,0.0,1.0,0.2,0.9399024844169617,0.8720138669013977,0.9842398166656494,0.037235695868730545,0.06009751558303833
truthfulqa_550_inc_1,truthfulqa,1,5,0.0,1.0,0.2,0.8209525346755981,0.7308323383331299,0.9636345505714417,0.0678650438785553,0.17904746532440186
truthfulqa_252_inc_0,truthfulqa,1,5,0.0,1.0,0.2,0.7996393442153931,0.7639987468719482,0.8878198266029358,0.03415372222661972,0.20036065578460693
truthfulqa_360_inc_0,truthfulqa,1,5,0.0,1.0,0.2,0.9577252268791199,0.9359070062637329,0.9690424203872681,0.011241954751312733,0.04227477312088013
truthfulqa_445_inc_1,truthfulqa,1,5,0.2,0.6,0.4,0.569881796836853,0.24043448269367218,1.0,0.2549325227737427,0.430118203163147
truthfulqa_482_corr_1,truthfulqa,0,5,0.0,1.0,0.2,0.8043239712715149,0.7735004425048828,0.8809700012207031,0.032686393707990646,0.1956760287284851
truthfulqa_179_inc_2,truthfulqa,1,5,0.0,1.0,0.2,0.7300325632095337,0.5788453817367554,0.9163823127746582,0.09345033019781113,0.2699674367904663
truthfulqa_377_best,truthfulqa,0,5,0.0,1.0,0.2,0.9281677007675171,0.9067060947418213,0.954369068145752,0.011650685220956802,0.07183229923248291
truthfulqa_733_best,truthfulqa,0,5,0.0,1.0,0.2,0.7693540453910828,0.5964651107788086,0.8891834020614624,0.10882013291120529,0.23064595460891724
truthfulqa_567_inc_3,truthfulqa,1,5,1.0,0.2,1.0,0.989078164100647,0.9726952314376831,1.0,0.013376549817621708,0.010921835899353027
truthfulqa_523_inc_4,truthfulqa,1,5,0.1,0.8,0.4,0.5166768431663513,0.24025475978851318,1.0,0.32208672165870667,0.4833231568336487
truthfulqa_476_inc_0,truthfulqa,1,5,0.0,1.0,0.2,0.674020528793335,0.46900200843811035,0.8262664675712585,0.11581171303987503,0.32597947120666504
truthfulqa_358_inc_2,truthfulqa,1,5,0.0,1.0,0.2,0.9302488565444946,0.8526690006256104,0.9746291637420654,0.034249722957611084,0.06975114345550537
truthfulqa_484_corr_3,truthfulqa,0,5,0.0,1.0,0.2,0.8491247892379761,0.8041387796401978,0.9330897331237793,0.03491269797086716,0.15087521076202393
truthfulqa_528_inc_3,truthfulqa,1,5,1.0,0.2,1.0,1.0,1.0,1.0,0.0,0.0
truthfulqa_726_best,truthfulqa,0,5,0.1,0.8,0.4,0.29746055603027344,-0.028039654716849327,0.9999998807907104,0.3358084559440613,0.7025394439697266
truthfulqa_368_corr_1,truthfulqa,0,5,0.0,1.0,0.2,0.9254270792007446,0.9048644304275513,0.9489364624023438,0.013109414838254452,0.07457292079925537
truthfulqa_295_corr_3,truthfulqa,0,5,0.0,1.0,0.2,0.714525580406189,0.4780269265174866,0.8757047057151794,0.13704201579093933,0.28547441959381104
truthfulqa_287_best,truthfulqa,0,5,0.0,1.0,0.2,0.9235817193984985,0.8933453559875488,0.9670761227607727,0.02449859492480755,0.07641828060150146
truthfulqa_443_corr_4,truthfulqa,0,5,0.0,1.0,0.2,0.48944219946861267,0.1973196268081665,0.9490571618080139,0.23287610709667206,0.5105578005313873
truthfulqa_33_best,truthfulqa,0,5,0.0,1.0,0.2,0.7428975701332092,0.6286545991897583,0.8483449220657349,0.06835559010505676,0.25710242986679077
truthfulqa_117_corr_0,truthfulqa,0,5,0.0,1.0,0.2,0.8752309679985046,0.8058747053146362,0.9402428865432739,0.0417601615190506,0.12476903200149536
truthfulqa_351_corr_2,truthfulqa,0,5,0.0,1.0,0.2,0.7662522196769714,0.7008533477783203,0.8231853246688843,0.03659447655081749,0.23374778032302856
truthfulqa_140_inc_4,truthfulqa,1,5,0.0,1.0,0.2,0.6619955897331238,0.48396387696266174,0.8223744630813599,0.1208588108420372,0.3380044102668762
truthfulqa_297_inc_0,truthfulqa,1,5,0.0,1.0,0.2,0.5176154971122742,0.3062226176261902,0.828516960144043,0.14113587141036987,0.48238450288772583
truthfulqa_446_corr_1,truthfulqa,0,5,0.1,0.8,0.4,0.7442144155502319,0.6095085144042969,0.9999998807907104,0.13547180593013763,0.25578558444976807
truthfulqa_302_inc_2,truthfulqa,1,5,0.0,1.0,0.2,0.7939937114715576,0.6356350779533386,0.9064046144485474,0.09022118896245956,0.20600628852844238
truthfulqa_386_corr_2,truthfulqa,0,5,0.0,1.0,0.2,0.8219888806343079,0.745792031288147,0.8678308725357056,0.04324880242347717,0.17801111936569214
truthfulqa_436_corr_1,truthfulqa,0,5,0.6,0.4,0.8,0.6720088720321655,0.1995936632156372,1.0,0.37158632278442383,0.3279911279678345
truthfulqa_59_inc_2,truthfulqa,1,5,0.0,1.0,0.2,0.8652132749557495,0.8013218641281128,0.8974341154098511,0.026945210993289948,0.1347867250442505
truthfulqa_363_best,truthfulqa,0,5,0.0,1.0,0.2,0.726885199546814,0.628535807132721,0.8387777805328369,0.056305181235075,0.27311480045318604
truthfulqa_454_inc_10,truthfulqa,1,5,0.0,1.0,0.2,0.8662974238395691,0.7999532222747803,0.9202504754066467,0.0380755253136158,0.1337025761604309
truthfulqa_328_corr_3,truthfulqa,0,5,0.2,0.6,0.4,0.7373535633087158,0.35159045457839966,1.0,0.30870500206947327,0.2626464366912842
truthfulqa_653_best,truthfulqa,0,5,0.0,1.0,0.2,0.9104544520378113,0.8832289576530457,0.9378498792648315,0.01607479900121689,0.08954554796218872
truthfulqa_491_inc_4,truthfulqa,1,5,0.1,0.8,0.4,0.5894349217414856,0.33411380648612976,1.0,0.23467691242694855,0.4105650782585144
truthfulqa_103_inc_0,truthfulqa,1,5,0.0,1.0,0.2,0.4250267446041107,0.1704781949520111,0.7373299598693848,0.15833018720149994,0.5749732553958893
truthfulqa_20_inc_2,truthfulqa,1,5,0.0,1.0,0.2,0.7513720989227295,0.5620564818382263,0.888947606086731,0.1244678944349289,0.2486279010772705
truthfulqa_413_inc_0,truthfulqa,1,5,0.0,1.0,0.2,0.8574143648147583,0.8094942569732666,0.898143470287323,0.027527231723070145,0.1425856351852417
truthfulqa_421_corr_2,truthfulqa,0,5,0.1,0.8,0.4,0.44993528723716736,0.27120858430862427,0.9999998807907104,0.19966080784797668,0.5500647127628326
truthfulqa_736_corr_1,truthfulqa,0,5,0.0,1.0,0.2,0.7000125646591187,0.5823604464530945,0.8417503833770752,0.07569725811481476,0.29998743534088135
truthfulqa_644_inc_0,truthfulqa,1,5,0.0,1.0,0.2,0.8516448736190796,0.7972513437271118,0.8910701274871826,0.031626131385564804,0.1483551263809204
truthfulqa_175_corr_1,truthfulqa,0,5,0.0,1.0,0.2,0.4507021903991699,0.2124185711145401,0.6795023679733276,0.15072554349899292,0.5492978096008301
truthfulqa_57_inc_3,truthfulqa,1,5,0.0,1.0,0.2,0.9239358901977539,0.8776953220367432,0.9545320272445679,0.023830540478229523,0.0760641098022461
truthfulqa_108_corr_2,truthfulqa,0,5,0.0,1.0,0.2,0.9630814790725708,0.9381524324417114,0.9908593893051147,0.018677642568945885,0.0369185209274292
truthfulqa_319_corr_3,truthfulqa,0,5,0.0,1.0,0.2,0.6824654340744019,0.597093403339386,0.789664626121521,0.06877293437719345,0.31753456592559814
truthfulqa_38_inc_5,truthfulqa,1,5,0.2,0.6,0.4,0.8957703709602356,0.8260930776596069,1.0,0.0653008446097374,0.1042296290397644
truthfulqa_471_corr_3,truthfulqa,0,5,0.0,1.0,0.2,0.5631821751594543,0.2313707172870636,0.8220047950744629,0.24470555782318115,0.43681782484054565
truthfulqa_733_corr_2,truthfulqa,0,5,0.0,1.0,0.2,0.8488429188728333,0.7277407646179199,0.9339251518249512,0.07086794823408127,0.15115708112716675
truthfulqa_79_best,truthfulqa,0,5,0.0,1.0,0.2,0.8700041770935059,0.7116909623146057,0.9710170030593872,0.07227466255426407,0.12999582290649414
truthfulqa_307_corr_1,truthfulqa,0,5,0.0,1.0,0.2,0.9211026430130005,0.8874808549880981,0.9401733875274658,0.015769850462675095,0.07889735698699951
truthfulqa_608_best,truthfulqa,0,5,0.0,1.0,0.2,0.7206853032112122,0.6257796287536621,0.8530178070068359,0.08518683165311813,0.27931469678878784
truthfulqa_437_best,truthfulqa,0,5,0.0,1.0,0.2,0.3503186106681824,0.10274187475442886,0.6565340757369995,0.2083858996629715,0.6496813893318176
truthfulqa_621_best,truthfulqa,0,5,0.0,1.0,0.2,0.6150028109550476,0.4206323027610779,0.8139793872833252,0.10395149141550064,0.3849971890449524
truthfulqa_115_corr_4,truthfulqa,0,5,0.3,0.6,0.6,0.43946999311447144,0.002741791307926178,1.0,0.3987717926502228,0.5605300068855286
truthfulqa_788_inc_1,truthfulqa,1,5,0.0,1.0,0.2,0.8917161822319031,0.8218772411346436,0.9322107434272766,0.03424619510769844,0.10828381776809692
truthfulqa_273_corr_3,truthfulqa,0,5,0.0,1.0,0.2,0.7682813405990601,0.6886289715766907,0.8697905540466309,0.06366290152072906,0.23171865940093994
truthfulqa_119_inc_1,truthfulqa,1,5,0.0,1.0,0.2,0.8721615076065063,0.820652961730957,0.9529402256011963,0.039898376911878586,0.12783849239349365
truthfulqa_553_inc_1,truthfulqa,1,5,0.0,1.0,0.2,0.7187598943710327,0.5420191287994385,0.906633734703064,0.12192142009735107,0.2812401056289673
truthfulqa_394_best,truthfulqa,0,5,0.0,1.0,0.2,0.6673318147659302,0.6281039714813232,0.7094451189041138,0.03231072425842285,0.3326681852340698
truthfulqa_285_corr_3,truthfulqa,0,5,0.0,1.0,0.2,0.8101713061332703,0.6908138394355774,0.9445434808731079,0.06825033575296402,0.18982869386672974
truthfulqa_235_corr_1,truthfulqa,0,5,0.0,1.0,0.2,0.9079265594482422,0.8642634153366089,0.9650275111198425,0.02817775122821331,0.09207344055175781
truthfulqa_139_inc_4,truthfulqa,1,5,0.0,1.0,0.2,0.4931727349758148,0.20848949253559113,0.7070353031158447,0.15538839995861053,0.5068272650241852
truthfulqa_416_inc_1,truthfulqa,1,5,0.0,1.0,0.2,0.7183009386062622,0.6561843156814575,0.8251065015792847,0.05139667168259621,0.2816990613937378
truthfulqa_551_inc_9,truthfulqa,1,5,0.0,1.0,0.2,0.702381432056427,0.560387372970581,0.8184534311294556,0.07910402864217758,0.297618567943573
truthfulqa_374_best,truthfulqa,0,5,0.0,1.0,0.2,0.7879635095596313,0.7121968269348145,0.966474175453186,0.06984997540712357,0.21203649044036865
truthfulqa_521_inc_0,truthfulqa,1,5,1.0,0.2,1.0,1.0,1.0,1.0,0.0,0.0
truthfulqa_646_inc_1,truthfulqa,1,5,0.0,1.0,0.2,0.9846487045288086,0.9759151935577393,0.9979730844497681,0.007040737196803093,0.015351295471191406
truthfulqa_605_corr_1,truthfulqa,0,5,0.0,1.0,0.2,0.5017808079719543,0.3289138674736023,0.6200319528579712,0.07927676290273666,0.49821919202804565
truthfulqa_345_corr_3,truthfulqa,0,5,0.0,1.0,0.2,0.7732312083244324,0.6271862387657166,0.9132823944091797,0.1160518229007721,0.22676879167556763
truthfulqa_324_corr_4,truthfulqa,0,5,0.0,1.0,0.2,0.4313468337059021,0.1747894436120987,0.774949312210083,0.23843272030353546,0.5686531662940979
truthfulqa_649_inc_1,truthfulqa,1,5,0.0,1.0,0.2,0.9118002653121948,0.8680015802383423,0.9569141864776611,0.03014911152422428,0.08819973468780518
truthfulqa_806_corr_1,truthfulqa,0,5,0.0,1.0,0.2,0.5038419961929321,0.2099049687385559,0.6940699815750122,0.1540975272655487,0.49615800380706787
truthfulqa_730_corr_2,truthfulqa,0,5,0.0,1.0,0.2,0.7348676919937134,0.5969818234443665,0.8559666872024536,0.10551188141107559,0.2651323080062866
truthfulqa_364_corr_1,truthfulqa,0,5,0.0,1.0,0.2,0.7093378901481628,0.5721702575683594,0.8125689029693604,0.09281639009714127,0.29066210985183716
truthfulqa_399_inc_1,truthfulqa,1,5,0.0,1.0,0.2,0.7743211984634399,0.6843627691268921,0.8433359861373901,0.04206528887152672,0.22567880153656006
truthfulqa_754_corr_1,truthfulqa,0,5,0.0,1.0,0.2,0.3875572085380554,0.22577935457229614,0.8081814646720886,0.17113234102725983,0.6124427914619446
truthfulqa_484_corr_1,truthfulqa,0,5,0.0,1.0,0.2,0.8406686782836914,0.754101037979126,0.9112640619277954,0.04619309678673744,0.1593313217163086
truthfulqa_37_inc_0,truthfulqa,1,5,0.0,1.0,0.2,0.7705017328262329,0.6311125159263611,0.832467257976532,0.05595000833272934,0.2294982671737671
truthfulqa_442_inc_3,truthfulqa,1,5,0.3,0.6,0.6,0.6147671937942505,0.3794553875923157,1.0,0.2544829845428467,0.3852328062057495
truthfulqa_403_corr_3,truthfulqa,0,5,0.0,1.0,0.2,0.8595644235610962,0.8332161903381348,0.8818976283073425,0.016452331095933914,0.1404355764389038
truthfulqa_90_best,truthfulqa,0,5,0.0,1.0,0.2,0.8958045244216919,0.809209942817688,0.9436745643615723,0.03767189383506775,0.1041954755783081
truthfulqa_169_inc_3,truthfulqa,1,5,0.0,1.0,0.2,0.6637925505638123,0.5523049831390381,0.840200662612915,0.0878811627626419,0.33620744943618774
truthfulqa_390_corr_2,truthfulqa,0,5,0.0,1.0,0.2,0.7517520785331726,0.5762073993682861,0.9219062328338623,0.09448643773794174,0.2482479214668274
truthfulqa_506_inc_4,truthfulqa,1,5,0.0,1.0,0.2,0.5827337503433228,0.4445275068283081,0.7593674659729004,0.08702212572097778,0.41726624965667725
truthfulqa_291_best,truthfulqa,0,5,0.0,1.0,0.2,0.771094024181366,0.7238051295280457,0.8865578770637512,0.04644911736249924,0.22890597581863403
truthfulqa_293_best,truthfulqa,0,5,0.0,1.0,0.2,0.931201159954071,0.8928672671318054,0.9673932790756226,0.018985463306307793,0.06879884004592896
truthfulqa_491_inc_1,truthfulqa,1,5,0.0,1.0,0.2,0.48763951659202576,0.09245127439498901,0.851547122001648,0.2877277135848999,0.5123604834079742
truthfulqa_677_corr_2,truthfulqa,0,5,0.0,1.0,0.2,0.8699989318847656,0.8289654850959778,0.9234728813171387,0.034462861716747284,0.13000106811523438
truthfulqa_206_inc_0,truthfulqa,1,5,0.0,1.0,0.2,0.5660814046859741,0.3184334635734558,0.9005738496780396,0.23550964891910553,0.4339185953140259
truthfulqa_224_inc_2,truthfulqa,1,5,0.0,1.0,0.2,0.9264443516731262,0.8553733825683594,0.9841426610946655,0.03864148259162903,0.07355564832687378
truthfulqa_44_inc_0,truthfulqa,1,5,0.0,1.0,0.2,0.8387392163276672,0.7049316167831421,0.917792797088623,0.08022210001945496,0.16126078367233276
truthfulqa_30_inc_1,truthfulqa,1,5,0.0,1.0,0.2,0.6910580396652222,0.6239688992500305,0.7585790753364563,0.04136111959815025,0.30894196033477783
truthfulqa_56_best,truthfulqa,0,5,0.0,1.0,0.2,0.4275902807712555,0.2169046252965927,0.7094836235046387,0.13845619559288025,0.5724097192287445
truthfulqa_213_corr_1,truthfulqa,0,5,0.0,1.0,0.2,0.8299211263656616,0.7486085891723633,0.9354995489120483,0.06433767080307007,0.17007887363433838
truthfulqa_549_inc_2,truthfulqa,1,5,0.0,1.0,0.2,0.6757680177688599,0.4348052740097046,0.8471801280975342,0.12041547149419785,0.32423198223114014
truthfulqa_447_best,truthfulqa,0,5,0.0,1.0,0.2,0.8127467036247253,0.69984370470047,0.9006367921829224,0.07161853462457657,0.18725329637527466
truthfulqa_16_corr_6,truthfulqa,0,5,0.0,1.0,0.2,0.717483639717102,0.5537278652191162,0.842836856842041,0.07464364916086197,0.28251636028289795
truthfulqa_103_inc_3,truthfulqa,1,5,0.1,0.8,0.4,0.5436712503433228,0.355987012386322,1.0,0.21274490654468536,0.45632874965667725
truthfulqa_489_best,truthfulqa,0,5,0.0,1.0,0.2,0.6590457558631897,0.4854089617729187,0.7927935123443604,0.08427578955888748,0.3409542441368103
truthfulqa_520_inc_3,truthfulqa,1,5,0.0,1.0,0.2,0.749054491519928,0.6867084503173828,0.8967658281326294,0.06560090184211731,0.250945508480072
truthfulqa_743_inc_1,truthfulqa,1,5,0.0,1.0,0.2,0.8176562190055847,0.7341500520706177,0.8829686641693115,0.04598113149404526,0.18234378099441528
truthfulqa_636_corr_1,truthfulqa,0,5,0.0,1.0,0.2,0.8471139073371887,0.7302994132041931,0.8935453295707703,0.05101296305656433,0.15288609266281128
truthfulqa_568_inc_2,truthfulqa,1,5,0.6,0.4,0.8,0.8777130842208862,0.6942828893661499,1.0,0.14977018535137177,0.12228691577911377
truthfulqa_530_corr_3,truthfulqa,0,5,0.0,1.0,0.2,0.9367662668228149,0.8983703255653381,0.9624993205070496,0.020835144445300102,0.06323373317718506
truthfulqa_279_inc_2,truthfulqa,1,5,0.0,1.0,0.2,0.9323209524154663,0.8856691718101501,0.963455319404602,0.025813709944486618,0.06767904758453369
truthfulqa_113_inc_2,truthfulqa,1,5,0.0,1.0,0.2,0.3871697783470154,0.14653122425079346,0.8699287176132202,0.242329940199852,0.6128302216529846
truthfulqa_62_inc_2,truthfulqa,1,5,0.0,1.0,0.2,0.3862454891204834,0.07021956890821457,0.8881545066833496,0.35490667819976807,0.6137545108795166
truthfulqa_131_corr_2,truthfulqa,0,5,0.0,1.0,0.2,0.4169398844242096,0.23884743452072144,0.7310963869094849,0.15232321619987488,0.5830601155757904
truthfulqa_131_inc_0,truthfulqa,1,5,0.0,1.0,0.2,0.40344253182411194,0.1724569946527481,0.5986955165863037,0.12528684735298157,0.5965574681758881
truthfulqa_642_inc_1,truthfulqa,1,5,0.0,1.0,0.2,0.8938032388687134,0.81324702501297,0.9491537809371948,0.04660983011126518,0.10619676113128662
truthfulqa_694_inc_2,truthfulqa,1,5,0.0,1.0,0.2,0.6038795709609985,0.4513731002807617,0.8125971555709839,0.11666235327720642,0.39612042903900146
truthfulqa_188_corr_2,truthfulqa,0,5,0.0,1.0,0.2,0.9185899496078491,0.8896002769470215,0.9676645994186401,0.022987477481365204,0.08141005039215088
truthfulqa_559_corr_2,truthfulqa,0,5,0.2,0.6,0.4,0.8336597681045532,0.6811569929122925,0.9999998807907104,0.09989873319864273,0.16634023189544678
truthfulqa_356_inc_2,truthfulqa,1,5,0.0,1.0,0.2,0.7675076723098755,0.6136442422866821,0.8455952405929565,0.06413313746452332,0.2324923276901245
truthfulqa_382_best,truthfulqa,0,5,0.0,1.0,0.2,0.6337497234344482,0.40929558873176575,0.8740154504776001,0.15769419074058533,0.36625027656555176
truthfulqa_643_inc_2,truthfulqa,1,5,0.0,1.0,0.2,0.9170930981636047,0.9010633826255798,0.9366370439529419,0.012631230987608433,0.08290690183639526
truthfulqa_565_inc_1,truthfulqa,1,5,1.0,0.2,1.0,0.9906150102615356,0.9765374064445496,1.0,0.011494276113808155,0.009384989738464355
truthfulqa_331_corr_4,truthfulqa,0,5,0.0,1.0,0.2,0.9661612510681152,0.9552799463272095,0.9764798879623413,0.006977856624871492,0.033838748931884766
truthfulqa_582_corr_1,truthfulqa,0,5,0.1,0.8,0.4,0.504867434501648,0.10430962592363358,0.9999999403953552,0.31392139196395874,0.49513256549835205
truthfulqa_300_inc_9,truthfulqa,1,5,0.0,1.0,0.2,0.5796157121658325,0.16961832344532013,0.9220279455184937,0.2581676244735718,0.4203842878341675
truthfulqa_541_inc_2,truthfulqa,1,5,0.1,0.8,0.4,0.5057100653648376,0.20434866845607758,1.0,0.31705841422080994,0.49428993463516235
truthfulqa_681_corr_1,truthfulqa,0,5,0.0,1.0,0.2,0.7877262234687805,0.6972953081130981,0.8839114904403687,0.06763384491205215,0.21227377653121948
truthfulqa_606_corr_2,truthfulqa,0,5,0.0,1.0,0.2,0.6032638549804688,0.4831005930900574,0.7565470337867737,0.08167197555303574,0.39673614501953125
truthfulqa_263_best,truthfulqa,0,5,0.0,1.0,0.2,0.9442586898803711,0.9153742790222168,0.966801643371582,0.01441858895123005,0.055741310119628906
truthfulqa_512_inc_5,truthfulqa,1,5,0.0,1.0,0.2,0.642875611782074,0.5344051122665405,0.773274838924408,0.08289556205272675,0.357124388217926
truthfulqa_225_corr_1,truthfulqa,0,5,0.0,1.0,0.2,0.770715594291687,0.7255202531814575,0.8411852121353149,0.03359456732869148,0.229284405708313
truthfulqa_405_inc_2,truthfulqa,1,5,0.0,1.0,0.2,0.8630949854850769,0.8076500296592712,0.9296579360961914,0.030279578641057014,0.1369050145149231
truthfulqa_174_corr_2,truthfulqa,0,5,0.4,0.4,0.6,0.9464701414108276,0.9107837080955505,1.0,0.04370683804154396,0.05352985858917236
truthfulqa_728_inc_0,truthfulqa,1,5,0.1,0.8,0.4,0.7764213681221008,0.5741788744926453,1.0,0.13447073101997375,0.22357863187789917
truthfulqa_582_corr_2,truthfulqa,0,5,0.1,0.8,0.4,0.3751235008239746,0.16613170504570007,1.0,0.25242966413497925,0.6248764991760254
truthfulqa_87_inc_2,truthfulqa,1,5,0.0,1.0,0.2,0.6625550389289856,0.562085747718811,0.7648818492889404,0.060255564749240875,0.3374449610710144
truthfulqa_436_inc_1,truthfulqa,1,5,1.0,0.2,1.0,0.9775565266609192,0.9625943303108215,1.0,0.01832496002316475,0.02244347333908081
truthfulqa_44_corr_2,truthfulqa,0,5,0.0,1.0,0.2,0.7966669797897339,0.7002812623977661,0.8797956705093384,0.05826452374458313,0.2033330202102661
truthfulqa_62_corr_2,truthfulqa,0,5,0.0,1.0,0.2,0.2615016996860504,-0.04832271486520767,0.7240680456161499,0.2749342918395996,0.7384983003139496
truthfulqa_60_inc_1,truthfulqa,1,5,0.0,1.0,0.2,0.7164891958236694,0.5606415271759033,0.8701205253601074,0.10598292946815491,0.28351080417633057
truthfulqa_193_best,truthfulqa,0,5,0.0,1.0,0.2,0.8796296119689941,0.8367642760276794,0.9284334182739258,0.02745203487575054,0.12037038803100586
truthfulqa_277_corr_3,truthfulqa,0,5,0.0,1.0,0.2,0.9052921533584595,0.7712146639823914,0.9771262407302856,0.07721058279275894,0.09470784664154053
truthfulqa_288_corr_1,truthfulqa,0,5,0.0,1.0,0.2,0.900934100151062,0.8214308023452759,0.9781025648117065,0.06572128087282181,0.09906589984893799
truthfulqa_6_best,truthfulqa,0,5,0.0,1.0,0.2,0.7293322682380676,0.6777666807174683,0.8613878488540649,0.050829753279685974,0.2706677317619324
truthfulqa_392_inc_1,truthfulqa,1,5,0.0,1.0,0.2,0.6791402101516724,0.5752504467964172,0.8100581169128418,0.06384127587080002,0.32085978984832764
truthfulqa_20_inc_3,truthfulqa,1,5,0.0,1.0,0.2,0.8597854375839233,0.7939375042915344,0.9096391797065735,0.039450693875551224,0.14021456241607666
truthfulqa_280_corr_3,truthfulqa,0,5,0.0,1.0,0.2,0.8980432748794556,0.8531526327133179,0.9445575475692749,0.029598670080304146,0.10195672512054443
truthfulqa_434_inc_2,truthfulqa,1,5,1.0,0.2,1.0,1.0,1.0,1.0,0.0,0.0
truthfulqa_69_inc_0,truthfulqa,1,5,0.0,1.0,0.2,0.7394167184829712,0.6713517308235168,0.9135265350341797,0.06747123599052429,0.2605832815170288
truthfulqa_780_best,truthfulqa,0,5,0.0,1.0,0.2,0.38808685541152954,0.17333641648292542,0.5612253546714783,0.1341792345046997,0.6119131445884705
truthfulqa_519_best,truthfulqa,0,5,0.0,1.0,0.2,0.6409655809402466,0.29370415210723877,0.9308813810348511,0.18940478563308716,0.3590344190597534
truthfulqa_776_inc_3,truthfulqa,1,5,0.0,1.0,0.2,0.7944804430007935,0.7629294991493225,0.8400942087173462,0.022563856095075607,0.20551955699920654
truthfulqa_259_corr_1,truthfulqa,0,5,0.0,1.0,0.2,0.833091139793396,0.7619963884353638,0.9084606170654297,0.04487784579396248,0.166908860206604
truthfulqa_190_corr_2,truthfulqa,0,5,0.0,1.0,0.2,0.8931105732917786,0.8484703302383423,0.9429150819778442,0.03170141205191612,0.10688942670822144
truthfulqa_362_inc_2,truthfulqa,1,5,0.0,1.0,0.2,0.6563445329666138,0.41343212127685547,0.797724723815918,0.12375429272651672,0.34365546703338623
truthfulqa_804_corr_1,truthfulqa,0,5,0.0,1.0,0.2,0.7460956573486328,0.6323139071464539,0.8356786966323853,0.0681469514966011,0.2539043426513672
truthfulqa_456_inc_2,truthfulqa,1,5,0.0,1.0,0.2,0.6457551717758179,0.4984915256500244,0.7686976194381714,0.09245718270540237,0.35424482822418213
truthfulqa_438_best,truthfulqa,0,5,0.0,1.0,0.2,0.7451622486114502,0.6134859919548035,0.9660930633544922,0.12122859060764313,0.2548377513885498
truthfulqa_100_corr_3,truthfulqa,0,5,0.0,1.0,0.2,0.8591445088386536,0.7808257341384888,0.9677219390869141,0.05920087918639183,0.14085549116134644
truthfulqa_250_corr_2,truthfulqa,0,5,0.0,1.0,0.2,0.4176557660102844,0.17845609784126282,0.683734118938446,0.17830190062522888,0.5823442339897156
truthfulqa_715_inc_0,truthfulqa,1,5,0.0,1.0,0.2,0.888566792011261,0.8589800596237183,0.9368324279785156,0.025732021778821945,0.11143320798873901
truthfulqa_178_corr_1,truthfulqa,0,5,0.0,1.0,0.2,0.6322110295295715,0.3505205512046814,0.8488397598266602,0.19050739705562592,0.36778897047042847
truthfulqa_95_inc_1,truthfulqa,1,5,0.0,1.0,0.2,0.7953664660453796,0.6926241517066956,0.8938305377960205,0.053263891488313675,0.20463353395462036
truthfulqa_232_inc_2,truthfulqa,1,5,0.0,1.0,0.2,0.7746908664703369,0.6406354904174805,0.8976892232894897,0.08244236558675766,0.22530913352966309
truthfulqa_312_inc_3,truthfulqa,1,5,0.0,1.0,0.2,0.7311983108520508,0.3807852864265442,0.9324034452438354,0.15386861562728882,0.2688016891479492
truthfulqa_541_inc_0,truthfulqa,1,5,0.0,1.0,0.2,0.6061824560165405,0.22459542751312256,0.9409670829772949,0.2786688804626465,0.3938175439834595
truthfulqa_593_inc_1,truthfulqa,1,5,0.0,1.0,0.2,0.6051114201545715,0.4200533628463745,0.8017308712005615,0.13221138715744019,0.39488857984542847
truthfulqa_240_corr_2,truthfulqa,0,5,0.0,1.0,0.2,0.8956351280212402,0.8609791994094849,0.9456531405448914,0.026433555409312248,0.10436487197875977
truthfulqa_56_inc_0,truthfulqa,1,5,0.0,1.0,0.2,0.4829772412776947,0.0380842387676239,0.8568581342697144,0.33614182472229004,0.5170227587223053
truthfulqa_151_best,truthfulqa,0,5,0.0,1.0,0.2,0.8813672065734863,0.8123360276222229,0.9250596761703491,0.03209732100367546,0.11863279342651367
truthfulqa_244_inc_2,truthfulqa,1,5,0.1,0.8,0.4,0.5011945962905884,0.28075775504112244,1.0,0.23207923769950867,0.4988054037094116
truthfulqa_670_corr_4,truthfulqa,0,5,0.0,1.0,0.2,0.8453844785690308,0.7944507598876953,0.8991922736167908,0.029429268091917038,0.15461552143096924
truthfulqa_18_inc_4,truthfulqa,1,5,0.0,1.0,0.2,0.8169525265693665,0.7660272121429443,0.8885759115219116,0.03687192499637604,0.18304747343063354
truthfulqa_336_best,truthfulqa,0,5,0.0,1.0,0.2,0.7551702260971069,0.6684929132461548,0.8768336772918701,0.06409522145986557,0.24482977390289307
truthfulqa_421_corr_3,truthfulqa,0,5,0.4,0.4,0.6,0.9224898219108582,0.8670412302017212,1.0,0.050889622420072556,0.07751017808914185
truthfulqa_318_inc_4,truthfulqa,1,5,0.0,1.0,0.2,0.6780606508255005,0.5833364725112915,0.7677423357963562,0.0686943531036377,0.3219393491744995
truthfulqa_172_inc_1,truthfulqa,1,5,0.0,1.0,0.2,0.8108519315719604,0.7532418966293335,0.9336230754852295,0.045254047960042953,0.18914806842803955
truthfulqa_695_inc_0,truthfulqa,1,5,0.0,1.0,0.2,0.8237120509147644,0.7687845230102539,0.8897173404693604,0.03329995647072792,0.1762879490852356
truthfulqa_524_corr_2,truthfulqa,0,5,1.0,0.2,1.0,1.0,1.0,1.0,0.0,0.0
truthfulqa_110_inc_3,truthfulqa,1,5,0.0,1.0,0.2,0.6858118772506714,0.5556962490081787,0.860044002532959,0.0832047387957573,0.3141881227493286
truthfulqa_400_best,truthfulqa,0,5,0.0,1.0,0.2,0.7743765115737915,0.7137178182601929,0.8794463872909546,0.05306500568985939,0.2256234884262085
truthfulqa_344_inc_0,truthfulqa,1,5,0.0,1.0,0.2,0.9347705841064453,0.8934201002120972,0.9614917635917664,0.025152938440442085,0.06522941589355469
truthfulqa_6_inc_0,truthfulqa,1,5,0.0,1.0,0.2,0.5786105990409851,0.33209091424942017,0.8588742017745972,0.201686292886734,0.4213894009590149
truthfulqa_555_corr_2,truthfulqa,0,5,0.0,1.0,0.2,0.8811379671096802,0.8496311902999878,0.9045196771621704,0.018053168430924416,0.11886203289031982
truthfulqa_102_corr_4,truthfulqa,0,5,0.1,0.8,0.4,0.8042837381362915,0.6986549496650696,1.0,0.07990911602973938,0.1957162618637085
truthfulqa_510_inc_6,truthfulqa,1,5,0.0,1.0,0.2,0.7971581220626831,0.7329545021057129,0.8674485683441162,0.040678318589925766,0.2028418779373169
truthfulqa_537_inc_2,truthfulqa,1,5,0.0,1.0,0.2,0.7643837332725525,0.7363812923431396,0.8336709141731262,0.030887670814990997,0.2356162667274475
truthfulqa_43_inc_0,truthfulqa,1,5,0.0,1.0,0.2,0.8908942937850952,0.8656001091003418,0.9137438535690308,0.017147019505500793,0.10910570621490479
truthfulqa_617_inc_0,truthfulqa,1,5,0.0,1.0,0.2,0.7703199982643127,0.4946761727333069,0.9648758769035339,0.1329265683889389,0.22968000173568726
truthfulqa_17_corr_1,truthfulqa,0,5,0.0,1.0,0.2,0.8553552627563477,0.7882740497589111,0.95067298412323,0.047148555517196655,0.14464473724365234
truthfulqa_694_best,truthfulqa,0,5,0.0,1.0,0.2,0.7142711877822876,0.5625354051589966,0.8827276229858398,0.09243712574243546,0.2857288122177124
truthfulqa_65_inc_0,truthfulqa,1,5,0.0,1.0,0.2,0.7921972274780273,0.6966390609741211,0.8736259937286377,0.04616623371839523,0.20780277252197266
truthfulqa_761_corr_1,truthfulqa,0,5,0.0,1.0,0.2,0.919101357460022,0.8891956806182861,0.9586009979248047,0.02110055647790432,0.08089864253997803
truthfulqa_325_inc_3,truthfulqa,1,5,0.0,1.0,0.2,0.4602932333946228,0.13434121012687683,0.9392764568328857,0.3256772458553314,0.5397067666053772
truthfulqa_340_corr_3,truthfulqa,0,5,0.0,1.0,0.2,0.866193413734436,0.7625784277915955,0.9588450193405151,0.05821819230914116,0.13380658626556396
truthfulqa_41_inc_2,truthfulqa,1,5,0.0,1.0,0.2,0.892484188079834,0.8536645770072937,0.950311005115509,0.024814391508698463,0.10751581192016602
truthfulqa_703_inc_2,truthfulqa,1,5,0.0,1.0,0.2,0.8266950845718384,0.7610198259353638,0.887452244758606,0.04509503021836281,0.17330491542816162
truthfulqa_30_best,truthfulqa,0,5,0.0,1.0,0.2,0.48022040724754333,0.19078737497329712,0.744629979133606,0.22954092919826508,0.5197795927524567
truthfulqa_433_best,truthfulqa,0,5,0.0,1.0,0.2,0.4921392798423767,0.27172523736953735,0.7468763589859009,0.13657881319522858,0.5078607201576233
truthfulqa_45_corr_4,truthfulqa,0,5,0.0,1.0,0.2,0.7398731112480164,0.6446187496185303,0.8390337824821472,0.05021190643310547,0.26012688875198364
truthfulqa_60_inc_0,truthfulqa,1,5,0.0,1.0,0.2,0.8352242708206177,0.6982733011245728,0.9177321195602417,0.061419527977705,0.16477572917938232
truthfulqa_310_inc_0,truthfulqa,1,5,0.0,1.0,0.2,0.4293588697910309,0.16275346279144287,0.6225257515907288,0.16064457595348358,0.5706411302089691
truthfulqa_363_inc_0,truthfulqa,1,5,0.0,1.0,0.2,0.7687045931816101,0.7187625765800476,0.8452528715133667,0.03670842573046684,0.2312954068183899
truthfulqa_246_corr_1,truthfulqa,0,5,0.0,1.0,0.2,0.9453207850456238,0.9125887155532837,0.9745219945907593,0.018862493336200714,0.05467921495437622
truthfulqa_353_inc_1,truthfulqa,1,5,0.0,1.0,0.2,0.7792075872421265,0.6686198711395264,0.8816399574279785,0.060189150273799896,0.22079241275787354
truthfulqa_716_best,truthfulqa,0,5,0.0,1.0,0.2,0.6930962800979614,0.6022236347198486,0.8387576341629028,0.08066953718662262,0.3069037199020386
truthfulqa_493_inc_3,truthfulqa,1,5,0.0,1.0,0.2,0.407614529132843,0.15137892961502075,0.8064829111099243,0.18193943798542023,0.592385470867157
truthfulqa_618_corr_2,truthfulqa,0,5,0.0,1.0,0.2,0.36990028619766235,0.14849555492401123,0.9816162586212158,0.25769534707069397,0.6300997138023376
truthfulqa_129_inc_4,truthfulqa,1,5,0.0,1.0,0.2,0.4573678970336914,0.2162100076675415,0.651508629322052,0.1469174325466156,0.5426321029663086
truthfulqa_65_inc_1,truthfulqa,1,5,0.0,1.0,0.2,0.5998501777648926,0.378322035074234,0.9478614330291748,0.1922551840543747,0.4001498222351074
truthfulqa_272_corr_2,truthfulqa,0,5,0.0,1.0,0.2,0.9250199198722839,0.9048528075218201,0.9445059895515442,0.011692117899656296,0.07498008012771606
truthfulqa_725_corr_2,truthfulqa,0,5,0.0,1.0,0.2,0.664488673210144,0.5658111572265625,0.7404987812042236,0.061279717832803726,0.33551132678985596
truthfulqa_113_best,truthfulqa,0,5,0.0,1.0,0.2,0.45078420639038086,0.21777977049350739,0.7148464918136597,0.19156062602996826,0.5492157936096191
truthfulqa_205_inc_2,truthfulqa,1,5,0.0,1.0,0.2,0.8910531997680664,0.8218028545379639,0.9371243715286255,0.04055109620094299,0.1089468002319336
truthfulqa_148_best,truthfulqa,0,5,0.0,1.0,0.2,0.4303509593009949,0.2010098695755005,0.630558967590332,0.15263397991657257,0.5696490406990051
truthfulqa_633_inc_0,truthfulqa,1,5,0.0,1.0,0.2,0.4500676989555359,0.30873948335647583,0.6232503056526184,0.10988546162843704,0.5499323010444641
truthfulqa_124_best,truthfulqa,0,5,0.0,1.0,0.2,0.902951717376709,0.8665885925292969,0.9307513236999512,0.021394260227680206,0.09704828262329102
truthfulqa_100_best,truthfulqa,0,5,0.0,1.0,0.2,0.8810170888900757,0.7789814472198486,0.9658269882202148,0.06687839329242706,0.11898291110992432
truthfulqa_168_corr_1,truthfulqa,0,5,0.0,1.0,0.2,0.7021490335464478,0.5427699089050293,0.8532836437225342,0.10630892962217331,0.29785096645355225
truthfulqa_199_corr_1,truthfulqa,0,5,0.0,1.0,0.2,0.8263808488845825,0.7582050561904907,0.9054209589958191,0.04314964637160301,0.17361915111541748
truthfulqa_685_inc_0,truthfulqa,1,5,0.0,1.0,0.2,0.7142997980117798,0.6645528078079224,0.7750992774963379,0.03224370628595352,0.2857002019882202
truthfulqa_83_inc_1,truthfulqa,1,5,0.0,1.0,0.2,0.7384089231491089,0.6429616212844849,0.8319713473320007,0.06594809889793396,0.2615910768508911
truthfulqa_350_inc_1,truthfulqa,1,5,0.0,1.0,0.2,0.7595704793930054,0.6325787305831909,0.8473644256591797,0.05148050934076309,0.24042952060699463
truthfulqa_70_best,truthfulqa,0,5,0.0,1.0,0.2,0.6529194116592407,0.5358786582946777,0.7304097414016724,0.05584164708852768,0.3470805883407593
truthfulqa_769_inc_3,truthfulqa,1,5,0.0,1.0,0.2,0.7894715070724487,0.6854175925254822,0.8820642232894897,0.07014570385217667,0.21052849292755127
truthfulqa_614_best,truthfulqa,0,5,0.0,1.0,0.2,0.9255696535110474,0.8765666484832764,0.977336049079895,0.033022191375494,0.07443034648895264
truthfulqa_419_best,truthfulqa,0,5,0.0,1.0,0.2,0.5920867919921875,0.32249367237091064,0.8670412302017212,0.1785578429698944,0.4079132080078125
truthfulqa_11_inc_3,truthfulqa,1,5,0.1,0.8,0.4,0.564389705657959,0.2568114101886749,1.0,0.2450147569179535,0.435610294342041
truthfulqa_50_inc_1,truthfulqa,1,5,0.0,1.0,0.2,0.7857068181037903,0.6819449067115784,0.8640226125717163,0.0488511361181736,0.21429318189620972
truthfulqa_629_inc_0,truthfulqa,1,5,0.0,1.0,0.2,0.4949724078178406,0.2148587554693222,0.8533220291137695,0.16544987261295319,0.5050275921821594
truthfulqa_274_best,truthfulqa,0,5,0.0,1.0,0.2,0.9145342707633972,0.8696041107177734,0.9636045098304749,0.031260740011930466,0.08546572923660278
truthfulqa_333_best,truthfulqa,0,5,0.0,1.0,0.2,0.771926760673523,0.653244137763977,0.8573172092437744,0.06044687330722809,0.22807323932647705
truthfulqa_201_corr_2,truthfulqa,0,5,0.0,1.0,0.2,0.815118670463562,0.7177922129631042,0.9032567143440247,0.055922605097293854,0.184881329536438
truthfulqa_615_inc_1,truthfulqa,1,5,0.0,1.0,0.2,0.7644079923629761,0.5026532411575317,0.9271382093429565,0.13693948090076447,0.23559200763702393
truthfulqa_588_best,truthfulqa,0,5,0.0,1.0,0.2,0.4027465283870697,0.10152866691350937,0.7713019847869873,0.19318534433841705,0.5972534716129303
truthfulqa_41_inc_8,truthfulqa,1,5,0.0,1.0,0.2,0.8654321432113647,0.7855105400085449,0.9132568836212158,0.04544324427843094,0.13456785678863525
truthfulqa_613_corr_3,truthfulqa,0,5,0.0,1.0,0.2,0.8558399081230164,0.7889442443847656,0.9128222465515137,0.0389958880841732,0.14416009187698364
truthfulqa_352_corr_2,truthfulqa,0,5,0.0,1.0,0.2,0.7892365455627441,0.734796404838562,0.8498399257659912,0.03950028121471405,0.21076345443725586
truthfulqa_89_inc_1,truthfulqa,1,5,0.0,1.0,0.2,0.9163614511489868,0.8599333167076111,0.9642229080200195,0.042947009205818176,0.08363854885101318
truthfulqa_109_corr_2,truthfulqa,0,5,0.0,1.0,0.2,0.7407652139663696,0.5850083231925964,0.824137806892395,0.08189723640680313,0.25923478603363037
truthfulqa_42_inc_0,truthfulqa,1,5,0.0,1.0,0.2,0.8539100885391235,0.7933595180511475,0.8951224088668823,0.03932133689522743,0.14608991146087646
truthfulqa_276_inc_2,truthfulqa,1,5,0.0,1.0,0.2,0.8760231733322144,0.8539111614227295,0.8968209028244019,0.015474501065909863,0.12397682666778564
truthfulqa_285_inc_2,truthfulqa,1,5,0.0,1.0,0.2,0.8374659419059753,0.7648106813430786,0.9095178842544556,0.053252119570970535,0.16253405809402466
truthfulqa_150_best,truthfulqa,0,5,0.0,1.0,0.2,0.6977447271347046,0.5885329246520996,0.8552824854850769,0.0696912407875061,0.3022552728652954
truthfulqa_810_corr_4,truthfulqa,0,5,0.0,1.0,0.2,0.6896696090698242,0.5285676121711731,0.9659765362739563,0.1286935806274414,0.3103303909301758
truthfulqa_578_best,truthfulqa,0,5,0.0,1.0,0.2,0.1954992264509201,0.018698904663324356,0.7796201705932617,0.20914378762245178,0.8045007735490799
truthfulqa_747_inc_1,truthfulqa,1,5,0.0,1.0,0.2,0.6403447389602661,0.5305310487747192,0.7411673069000244,0.06011967360973358,0.3596552610397339
truthfulqa_551_best,truthfulqa,0,5,0.1,0.8,0.4,0.6716423630714417,0.4406570494174957,1.0,0.17142118513584137,0.32835763692855835
truthfulqa_274_corr_1,truthfulqa,0,5,0.0,1.0,0.2,0.9121853113174438,0.850381076335907,0.9526712894439697,0.034303002059459686,0.08781468868255615
truthfulqa_733_inc_0,truthfulqa,1,5,0.0,1.0,0.2,0.8145864605903625,0.7684522271156311,0.8555781841278076,0.03393775597214699,0.18541353940963745
truthfulqa_516_corr_1,truthfulqa,0,5,0.0,1.0,0.2,0.8888252377510071,0.8264263272285461,0.9314225912094116,0.034980658441782,0.11117476224899292
truthfulqa_422_inc_2,truthfulqa,1,5,0.4,0.4,0.6,0.7071927189826965,0.5119878053665161,1.0,0.239076167345047,0.29280728101730347
truthfulqa_564_inc_6,truthfulqa,1,5,0.3,0.6,0.6,0.7896429896354675,0.5746926665306091,1.0,0.1650046557188034,0.21035701036453247
truthfulqa_425_best,truthfulqa,0,5,0.0,1.0,0.2,0.369236558675766,0.21713881194591522,0.5961747169494629,0.09732314199209213,0.630763441324234
truthfulqa_310_inc_2,truthfulqa,1,5,0.0,1.0,0.2,0.7215707302093506,0.6561492085456848,0.8010267019271851,0.04550333693623543,0.2784292697906494
truthfulqa_709_inc_1,truthfulqa,1,5,0.0,1.0,0.2,0.7115610241889954,0.578356146812439,0.8064374923706055,0.06663977354764938,0.28843897581100464
truthfulqa_389_best,truthfulqa,0,5,0.0,1.0,0.2,0.8117111325263977,0.7696230411529541,0.8592091798782349,0.028221679851412773,0.1882888674736023
truthfulqa_509_corr_1,truthfulqa,0,5,0.0,1.0,0.2,0.7935367822647095,0.7287636995315552,0.833136796951294,0.028236612677574158,0.20646321773529053
truthfulqa_450_inc_0,truthfulqa,1,5,0.0,1.0,0.2,0.8957980275154114,0.8115737438201904,0.9532961845397949,0.03845050558447838,0.10420197248458862
truthfulqa_116_best,truthfulqa,0,5,0.3,0.6,0.6,0.9332373738288879,0.9031742811203003,1.0,0.043716877698898315,0.06676262617111206
truthfulqa_15_best,truthfulqa,0,5,0.0,1.0,0.2,0.925637423992157,0.8891634941101074,0.9535490274429321,0.024630332365632057,0.07436257600784302
truthfulqa_361_corr_1,truthfulqa,0,5,0.0,1.0,0.2,0.8663795590400696,0.8002033233642578,0.9414631128311157,0.046415410935878754,0.13362044095993042
truthfulqa_202_corr_1,truthfulqa,0,5,0.0,1.0,0.2,0.9184872508049011,0.8675022125244141,0.9484387636184692,0.024053072556853294,0.08151274919509888
truthfulqa_13_best,truthfulqa,0,5,0.0,1.0,0.2,0.8055350184440613,0.7210851907730103,0.9007799625396729,0.055792324244976044,0.19446498155593872
truthfulqa_532_corr_1,truthfulqa,0,5,0.0,1.0,0.2,0.5802157521247864,0.4324627220630646,0.8691791296005249,0.13545407354831696,0.4197842478752136
truthfulqa_576_inc_4,truthfulqa,1,5,0.0,1.0,0.2,0.3790983557701111,0.0857885479927063,0.762719988822937,0.2690676152706146,0.6209016442298889
truthfulqa_295_inc_2,truthfulqa,1,5,0.0,1.0,0.2,0.7002049684524536,0.5450162291526794,0.8553606271743774,0.09764714539051056,0.2997950315475464
truthfulqa_77_inc_2,truthfulqa,1,5,0.0,1.0,0.2,0.6239269971847534,0.46715253591537476,0.7901841402053833,0.09942860901355743,0.3760730028152466
truthfulqa_640_inc_1,truthfulqa,1,5,0.0,1.0,0.2,0.7323621511459351,0.5950624346733093,0.8845841884613037,0.10752266645431519,0.26763784885406494
truthfulqa_363_corr_1,truthfulqa,0,5,0.0,1.0,0.2,0.8257226943969727,0.7573808431625366,0.9300282597541809,0.050067465752363205,0.17427730560302734
truthfulqa_233_best,truthfulqa,0,5,0.0,1.0,0.2,0.3309902548789978,0.08572156727313995,0.696404218673706,0.21946127712726593,0.6690097451210022
truthfulqa_547_best,truthfulqa,0,5,0.0,1.0,0.2,0.29166150093078613,0.09436599910259247,0.4295613765716553,0.11283642798662186,0.7083384990692139
truthfulqa_574_best,truthfulqa,0,5,0.1,0.8,0.4,0.6930784583091736,0.5066779255867004,1.0,0.13038131594657898,0.3069215416908264
truthfulqa_405_corr_4,truthfulqa,0,5,0.0,1.0,0.2,0.9034884572029114,0.874238133430481,0.9314916133880615,0.017292652279138565,0.09651154279708862
truthfulqa_102_inc_2,truthfulqa,1,5,0.0,1.0,0.2,0.7317481637001038,0.6482763886451721,0.8344801664352417,0.06501660495996475,0.26825183629989624
truthfulqa_131_inc_3,truthfulqa,1,5,0.0,1.0,0.2,0.5543634295463562,0.19999000430107117,0.8412262201309204,0.23741616308689117,0.4456365704536438
truthfulqa_609_inc_0,truthfulqa,1,5,0.0,1.0,0.2,0.6964074373245239,0.5274717807769775,0.8346905708312988,0.12312822043895721,0.3035925626754761
truthfulqa_39_corr_1,truthfulqa,0,5,0.0,1.0,0.2,0.6444600820541382,0.5980352163314819,0.7405418157577515,0.04031911492347717,0.3555399179458618
truthfulqa_55_inc_2,truthfulqa,1,5,0.0,1.0,0.2,0.8809747695922852,0.8192461729049683,0.9434171319007874,0.04389375448226929,0.11902523040771484
truthfulqa_396_corr_2,truthfulqa,0,5,0.0,1.0,0.2,0.7464081645011902,0.6435068845748901,0.8501570224761963,0.05864361673593521,0.2535918354988098
truthfulqa_106_inc_3,truthfulqa,1,5,0.0,1.0,0.2,0.6387678980827332,0.5115441679954529,0.7958060503005981,0.07226740568876266,0.36123210191726685
truthfulqa_399_corr_1,truthfulqa,0,5,0.0,1.0,0.2,0.7706310153007507,0.6328909397125244,0.8899484872817993,0.07053627818822861,0.22936898469924927
truthfulqa_765_inc_1,truthfulqa,1,5,0.0,1.0,0.2,0.7771706581115723,0.6864317059516907,0.9095995426177979,0.05264296010136604,0.22282934188842773
truthfulqa_264_corr_2,truthfulqa,0,5,0.0,1.0,0.2,0.6715866327285767,0.5680992603302002,0.7937361598014832,0.06280707567930222,0.32841336727142334
truthfulqa_78_inc_2,truthfulqa,1,5,0.0,1.0,0.2,0.8188589811325073,0.7055858373641968,0.9175142049789429,0.059277091175317764,0.18114101886749268
truthfulqa_731_corr_2,truthfulqa,0,5,0.0,1.0,0.2,0.6946943998336792,0.49961644411087036,0.832404375076294,0.11363973468542099,0.3053056001663208
truthfulqa_407_corr_2,truthfulqa,0,5,0.0,1.0,0.2,0.6291159987449646,0.5148953199386597,0.7134526968002319,0.07017556577920914,0.3708840012550354
truthfulqa_639_best,truthfulqa,0,5,0.0,1.0,0.2,0.9269946813583374,0.8806706666946411,0.952703595161438,0.026186106726527214,0.0730053186416626
truthfulqa_725_best,truthfulqa,0,5,0.0,1.0,0.2,0.7642991542816162,0.6722105145454407,0.8392167687416077,0.05495573580265045,0.2357008457183838
truthfulqa_253_best,truthfulqa,0,5,0.0,1.0,0.2,0.5782164931297302,0.4964599609375,0.6877462863922119,0.06204326078295708,0.4217835068702698
truthfulqa_496_inc_2,truthfulqa,1,5,0.0,1.0,0.2,0.48737430572509766,0.20871664583683014,0.8216444253921509,0.22491341829299927,0.5126256942749023
truthfulqa_677_corr_1,truthfulqa,0,5,0.0,1.0,0.2,0.8454064130783081,0.7650295495986938,0.9007683992385864,0.0424329973757267,0.1545935869216919
truthfulqa_563_inc_1,truthfulqa,1,5,0.3,0.6,0.6,0.7571962475776672,0.6228866577148438,1.0,0.1605682373046875,0.24280375242233276
truthfulqa_407_inc_0,truthfulqa,1,5,0.0,1.0,0.2,0.7946134805679321,0.740048885345459,0.8789607286453247,0.03530198335647583,0.20538651943206787
truthfulqa_140_corr_0,truthfulqa,0,5,0.0,1.0,0.2,0.6257089972496033,0.4880555272102356,0.7599852085113525,0.08086240291595459,0.37429100275039673
truthfulqa_307_best,truthfulqa,0,5,0.0,1.0,0.2,0.8889857530593872,0.8634142875671387,0.9222376346588135,0.01643235608935356,0.11101424694061279
truthfulqa_54_best,truthfulqa,0,5,0.0,1.0,0.2,0.6757386922836304,0.5614709854125977,0.8114938139915466,0.09571866691112518,0.32426130771636963
truthfulqa_306_corr_1,truthfulqa,0,5,0.0,1.0,0.2,0.8565347790718079,0.7112016677856445,0.9487901329994202,0.08808871358633041,0.14346522092819214
truthfulqa_235_corr_2,truthfulqa,0,5,0.0,1.0,0.2,0.8911626935005188,0.8356284499168396,0.9458283185958862,0.03625752031803131,0.1088373064994812
truthfulqa_672_corr_1,truthfulqa,0,5,0.0,1.0,0.2,0.6837179064750671,0.46536457538604736,0.9096154570579529,0.14273972809314728,0.31628209352493286
truthfulqa_108_inc_0,truthfulqa,1,5,0.0,1.0,0.2,0.9100847244262695,0.8630428910255432,0.9715673923492432,0.0431794635951519,0.08991527557373047
truthfulqa_447_inc_4,truthfulqa,1,5,0.0,1.0,0.2,0.4415416717529297,0.1084078773856163,0.904790461063385,0.3128647208213806,0.5584583282470703
truthfulqa_329_inc_0,truthfulqa,1,5,0.0,1.0,0.2,0.683235764503479,0.4411260485649109,0.8295366764068604,0.1349075883626938,0.316764235496521
truthfulqa_441_best,truthfulqa,0,5,0.1,0.8,0.4,0.7447969317436218,0.591782808303833,0.9999999403953552,0.16151101887226105,0.2552030682563782
truthfulqa_637_corr_1,truthfulqa,0,5,0.0,1.0,0.2,0.7395099997520447,0.6168369054794312,0.8503369092941284,0.07607881724834442,0.2604900002479553
truthfulqa_505_inc_3,truthfulqa,1,5,0.0,1.0,0.2,0.674902081489563,0.5361738801002502,0.7910418510437012,0.0797705128788948,0.325097918510437
truthfulqa_530_inc_1,truthfulqa,1,5,0.0,1.0,0.2,0.8916797637939453,0.7725096940994263,0.9568914771080017,0.07231680303812027,0.10832023620605469
truthfulqa_642_corr_2,truthfulqa,0,5,0.0,1.0,0.2,0.8880399465560913,0.8356062769889832,0.944275975227356,0.02950173057615757,0.11196005344390869
truthfulqa_126_inc_1,truthfulqa,1,5,0.1,0.8,0.4,0.4885796904563904,0.2801039218902588,1.0,0.24978473782539368,0.5114203095436096
truthfulqa_583_inc_4,truthfulqa,1,5,0.0,1.0,0.2,0.5084672570228577,0.3182240426540375,0.8278905153274536,0.2030431479215622,0.49153274297714233
truthfulqa_327_corr_3,truthfulqa,0,5,0.0,1.0,0.2,0.9541364908218384,0.9226540327072144,0.9687346816062927,0.01420419942587614,0.04586350917816162
truthfulqa_129_inc_3,truthfulqa,1,5,0.0,1.0,0.2,0.41094261407852173,0.2443707287311554,0.8368286490440369,0.18124178051948547,0.5890573859214783
truthfulqa_711_inc_5,truthfulqa,1,5,0.0,1.0,0.2,0.9032756686210632,0.8638585805892944,0.9364300966262817,0.02179667167365551,0.09672433137893677
truthfulqa_79_corr_2,truthfulqa,0,5,0.0,1.0,0.2,0.793047308921814,0.5556362867355347,0.9514702558517456,0.17141644656658173,0.20695269107818604
truthfulqa_137_best,truthfulqa,0,5,0.0,1.0,0.2,0.3989171087741852,0.11399894952774048,0.6928226351737976,0.16476240754127502,0.6010828912258148
truthfulqa_681_inc_1,truthfulqa,1,5,0.0,1.0,0.2,0.5192455053329468,0.21400946378707886,0.849568247795105,0.23532168567180634,0.4807544946670532
truthfulqa_281_inc_4,truthfulqa,1,5,0.0,1.0,0.2,0.5278431177139282,0.3230137526988983,0.6599781513214111,0.11010462045669556,0.4721568822860718
truthfulqa_701_best,truthfulqa,0,5,0.0,1.0,0.2,0.8193359375,0.7431222796440125,0.8666248321533203,0.03487979993224144,0.1806640625
truthfulqa_605_best,truthfulqa,0,5,0.0,1.0,0.2,0.6321367025375366,0.2267833799123764,0.9293498992919922,0.2797371745109558,0.3678632974624634
truthfulqa_119_corr_2,truthfulqa,0,5,0.0,1.0,0.2,0.887174129486084,0.8073535561561584,0.9457126259803772,0.03470733389258385,0.11282587051391602
truthfulqa_436_inc_0,truthfulqa,1,5,1.0,0.2,1.0,0.9850376844406128,0.9625943303108215,1.0,0.01832496002316475,0.014962315559387207
truthfulqa_504_corr_1,truthfulqa,0,5,0.0,1.0,0.2,0.778887927532196,0.6788204908370972,0.8622862696647644,0.04838550463318825,0.22111207246780396
truthfulqa_792_best,truthfulqa,0,5,0.0,1.0,0.2,0.5515562295913696,0.3577001094818115,0.8091553449630737,0.1513352245092392,0.44844377040863037
truthfulqa_67_best,truthfulqa,0,5,0.0,1.0,0.2,0.8964945673942566,0.8526960015296936,0.939633846282959,0.02713882178068161,0.10350543260574341
truthfulqa_728_inc_1,truthfulqa,1,5,0.0,1.0,0.2,0.7024893760681152,0.5239770412445068,0.9103747010231018,0.12647666037082672,0.29751062393188477
truthfulqa_470_corr_2,truthfulqa,0,5,0.1,0.8,0.4,0.6215490102767944,0.4465181231498718,0.9999998807907104,0.15648812055587769,0.37845098972320557
truthfulqa_265_corr_1,truthfulqa,0,5,0.0,1.0,0.2,0.6811646223068237,0.5337810516357422,0.8462636470794678,0.09354373067617416,0.31883537769317627
truthfulqa_364_best,truthfulqa,0,5,0.0,1.0,0.2,0.6365876197814941,0.48270249366760254,0.8544235825538635,0.11100402474403381,0.36341238021850586
truthfulqa_470_best,truthfulqa,0,5,0.1,0.8,0.4,0.5639563798904419,0.13130459189414978,0.9999999403953552,0.30727148056030273,0.4360436201095581
truthfulqa_598_best,truthfulqa,0,5,0.0,1.0,0.2,0.7904258966445923,0.6927064657211304,0.8567041158676147,0.045852892100811005,0.20957410335540771
truthfulqa_439_corr_1,truthfulqa,0,5,0.2,0.6,0.4,0.7367281317710876,0.5506368279457092,1.0,0.14770789444446564,0.26327186822891235
truthfulqa_308_inc_3,truthfulqa,1,5,0.0,1.0,0.2,0.8812597393989563,0.8332498073577881,0.9215201139450073,0.031178075820207596,0.1187402606010437
truthfulqa_558_inc_2,truthfulqa,1,5,0.1,0.8,0.4,0.573552668094635,0.22997036576271057,1.0,0.2945658266544342,0.426447331905365
truthfulqa_149_corr_1,truthfulqa,0,5,0.0,1.0,0.2,0.7760393023490906,0.6958399415016174,0.8890516757965088,0.049811650067567825,0.22396069765090942
truthfulqa_668_inc_2,truthfulqa,1,5,0.0,1.0,0.2,0.7478076815605164,0.6089761257171631,0.8414255976676941,0.07239428162574768,0.25219231843948364
truthfulqa_172_inc_3,truthfulqa,1,5,0.0,1.0,0.2,0.8240360021591187,0.784899115562439,0.914687991142273,0.03855785354971886,0.17596399784088135
truthfulqa_814_corr_1,truthfulqa,0,5,0.0,1.0,0.2,0.6302932500839233,0.45551109313964844,0.8802444934844971,0.13797618448734283,0.36970674991607666
truthfulqa_539_corr_0,truthfulqa,0,5,0.0,1.0,0.2,0.8163778185844421,0.7382391691207886,0.9223958849906921,0.05265853926539421,0.18362218141555786
truthfulqa_547_inc_2,truthfulqa,1,5,0.6,0.4,0.8,0.8281648755073547,0.570614218711853,1.0,0.18872980773448944,0.17183512449264526
truthfulqa_71_corr_0,truthfulqa,0,5,0.0,1.0,0.2,0.6087696552276611,0.5384190082550049,0.7165325880050659,0.04825504124164581,0.39123034477233887
truthfulqa_586_inc_3,truthfulqa,1,5,0.0,1.0,0.2,0.5268383026123047,0.19390252232551575,0.8311904668807983,0.24488824605941772,0.4731616973876953
truthfulqa_75_inc_0,truthfulqa,1,5,0.0,1.0,0.2,0.87867271900177,0.8331029415130615,0.9419849514961243,0.03606243059039116,0.12132728099822998
truthfulqa_628_inc_3,truthfulqa,1,5,0.0,1.0,0.2,0.7555136680603027,0.6554521322250366,0.8839423656463623,0.0640568733215332,0.24448633193969727
truthfulqa_216_inc_2,truthfulqa,1,5,0.0,1.0,0.2,0.8709450960159302,0.8119630813598633,0.9162226319313049,0.0348808728158474,0.12905490398406982
truthfulqa_796_corr_2,truthfulqa,0,5,0.0,1.0,0.2,0.48507586121559143,0.3627014458179474,0.7556947469711304,0.10311617702245712,0.5149241387844086
truthfulqa_161_corr_1,truthfulqa,0,5,0.0,1.0,0.2,0.8907901644706726,0.7932738065719604,0.9753528237342834,0.06122586876153946,0.10920983552932739
truthfulqa_753_corr_2,truthfulqa,0,5,0.0,1.0,0.2,0.4627761244773865,0.02222127839922905,0.905713677406311,0.3422594368457794,0.5372238755226135
truthfulqa_493_inc_1,truthfulqa,1,5,0.0,1.0,0.2,0.4105742573738098,0.2547253966331482,0.644607424736023,0.10843223333358765,0.5894257426261902
truthfulqa_557_inc_1,truthfulqa,1,5,0.0,1.0,0.2,0.9346444010734558,0.8946963548660278,0.9718418121337891,0.02550933137536049,0.06535559892654419
truthfulqa_104_inc_0,truthfulqa,1,5,0.0,1.0,0.2,0.6955899596214294,0.4345366656780243,0.9069894552230835,0.18154536187648773,0.30441004037857056
truthfulqa_478_corr_2,truthfulqa,0,5,0.0,1.0,0.2,0.45445623993873596,0.2415786236524582,0.6928821206092834,0.14528466761112213,0.545543760061264
truthfulqa_782_best,truthfulqa,0,5,0.0,1.0,0.2,0.7556024193763733,0.6599270701408386,0.8729922771453857,0.05538741499185562,0.2443975806236267
truthfulqa_571_inc_7,truthfulqa,1,5,0.3,0.6,0.6,0.7409185171127319,0.5255216956138611,1.0,0.19634199142456055,0.25908148288726807
truthfulqa_194_best,truthfulqa,0,5,0.0,1.0,0.2,0.7104637622833252,0.5528899431228638,0.8226940035820007,0.08467360585927963,0.2895362377166748
truthfulqa_32_corr_3,truthfulqa,0,5,0.0,1.0,0.2,0.7757528424263,0.6484811305999756,0.8732441663742065,0.071260467171669,0.22424715757369995
truthfulqa_772_inc_0,truthfulqa,1,5,0.0,1.0,0.2,0.7560109496116638,0.5977412462234497,0.9124772548675537,0.1082460880279541,0.24398905038833618
truthfulqa_539_inc_3,truthfulqa,1,5,0.0,1.0,0.2,0.8136714696884155,0.7164878249168396,0.8596093654632568,0.04975549876689911,0.18632853031158447
truthfulqa_496_corr_2,truthfulqa,0,5,0.0,1.0,0.2,0.7534308433532715,0.6812576055526733,0.8393352031707764,0.06010323390364647,0.24656915664672852
truthfulqa_55_corr_2,truthfulqa,0,5,0.0,1.0,0.2,0.8389226198196411,0.7503370046615601,0.9206491708755493,0.05016772821545601,0.1610773801803589
truthfulqa_166_inc_0,truthfulqa,1,5,0.0,1.0,0.2,0.87457674741745,0.834564208984375,0.9310594797134399,0.030334919691085815,0.12542325258255005
truthfulqa_185_corr_2,truthfulqa,0,5,0.0,1.0,0.2,0.8223084211349487,0.748978853225708,0.9354209899902344,0.05652136355638504,0.17769157886505127
truthfulqa_453_corr_1,truthfulqa,0,5,0.0,1.0,0.2,0.7225967049598694,0.5802100896835327,0.8323251605033875,0.0652974396944046,0.2774032950401306
truthfulqa_471_corr_2,truthfulqa,0,5,0.1,0.8,0.4,0.5808014273643494,0.32750630378723145,0.9999997615814209,0.251852810382843,0.41919857263565063
truthfulqa_242_inc_0,truthfulqa,1,5,0.0,1.0,0.2,0.8648731112480164,0.7838335037231445,0.944671630859375,0.03960776329040527,0.13512688875198364
truthfulqa_304_inc_4,truthfulqa,1,5,0.1,0.8,0.4,0.6888484954833984,0.4807833433151245,0.9999998211860657,0.15034610033035278,0.31115150451660156
truthfulqa_326_corr_3,truthfulqa,0,5,0.0,1.0,0.2,0.4049663543701172,0.03772476315498352,0.8866701126098633,0.28896862268447876,0.5950336456298828
truthfulqa_446_inc_0,truthfulqa,1,5,0.3,0.6,0.6,0.8346861600875854,0.6095085144042969,0.9999998807907104,0.15267027914524078,0.16531383991241455
truthfulqa_639_corr_1,truthfulqa,0,5,0.0,1.0,0.2,0.9459874033927917,0.9192707538604736,0.9629808664321899,0.013280343264341354,0.05401259660720825
truthfulqa_357_inc_3,truthfulqa,1,5,0.0,1.0,0.2,0.621322751045227,0.4062482714653015,0.8604711890220642,0.14761582016944885,0.37867724895477295
truthfulqa_534_inc_1,truthfulqa,1,5,0.0,1.0,0.2,0.5908166170120239,0.34267914295196533,0.8751316070556641,0.16625435650348663,0.4091833829879761
truthfulqa_208_inc_2,truthfulqa,1,5,0.0,1.0,0.2,0.9048937559127808,0.8705774545669556,0.94517982006073,0.021509921178221703,0.09510624408721924
truthfulqa_478_inc_1,truthfulqa,1,5,0.3,0.6,0.6,0.5730841159820557,0.29342523217201233,0.9999998807907104,0.32197660207748413,0.42691588401794434
truthfulqa_148_corr_2,truthfulqa,0,5,0.0,1.0,0.2,0.41632962226867676,0.17912700772285461,0.5824219584465027,0.13095054030418396,0.5836703777313232
truthfulqa_713_corr_1,truthfulqa,0,5,0.0,1.0,0.2,0.8066095113754272,0.7175134420394897,0.8718678951263428,0.05283396318554878,0.19339048862457275
truthfulqa_217_best,truthfulqa,0,5,0.0,1.0,0.2,0.9275673031806946,0.9117773771286011,0.950864315032959,0.012723192572593689,0.07243269681930542
truthfulqa_488_corr_1,truthfulqa,0,5,0.0,1.0,0.2,0.6386955976486206,0.47565048933029175,0.732085108757019,0.08554680645465851,0.3613044023513794
truthfulqa_502_corr_2,truthfulqa,0,5,0.0,1.0,0.2,0.5102599859237671,0.37022125720977783,0.7861676216125488,0.12150754779577255,0.4897400140762329
truthfulqa_549_inc_9,truthfulqa,1,5,0.0,1.0,0.2,0.6195181012153625,0.4885398745536804,0.7782649993896484,0.08534353226423264,0.38048189878463745
truthfulqa_273_inc_3,truthfulqa,1,5,0.0,1.0,0.2,0.8302467465400696,0.7756110429763794,0.9052979350090027,0.039990056306123734,0.16975325345993042
truthfulqa_344_corr_1,truthfulqa,0,5,0.0,1.0,0.2,0.7436302900314331,0.460679292678833,0.9386661052703857,0.2096664309501648,0.2563697099685669
truthfulqa_222_inc_1,truthfulqa,1,5,0.0,1.0,0.2,0.9148231744766235,0.8068796992301941,0.9807250499725342,0.057666923850774765,0.08517682552337646
truthfulqa_254_best,truthfulqa,0,5,0.0,1.0,0.2,0.8205102682113647,0.7662168145179749,0.8769846558570862,0.03779572620987892,0.17948973178863525
truthfulqa_628_inc_0,truthfulqa,1,5,0.0,1.0,0.2,0.6216140985488892,0.35978394746780396,0.8941000699996948,0.18108315765857697,0.37838590145111084
truthfulqa_138_inc_4,truthfulqa,1,5,0.1,0.8,0.4,0.6299867033958435,0.38525497913360596,0.9999999403953552,0.1846069097518921,0.3700132966041565
truthfulqa_698_best,truthfulqa,0,5,0.0,1.0,0.2,0.8130283355712891,0.7661118507385254,0.8992748856544495,0.04713699594140053,0.18697166442871094
truthfulqa_391_best,truthfulqa,0,5,0.0,1.0,0.2,0.5386332273483276,0.10659358650445938,0.9204663038253784,0.3384578227996826,0.46136677265167236
truthfulqa_210_inc_1,truthfulqa,1,5,0.0,1.0,0.2,0.49590668082237244,0.19309832155704498,0.7597240805625916,0.18146345019340515,0.5040933191776276
truthfulqa_567_inc_2,truthfulqa,1,5,1.0,0.2,1.0,0.989078164100647,0.9726952314376831,1.0,0.013376549817621708,0.010921835899353027
truthfulqa_441_corr_1,truthfulqa,0,5,0.3,0.6,0.6,0.8577369451522827,0.6535170078277588,1.0,0.1541474312543869,0.14226305484771729
truthfulqa_207_inc_1,truthfulqa,1,5,0.0,1.0,0.2,0.8977264165878296,0.8631101846694946,0.9526170492172241,0.030057433992624283,0.10227358341217041
truthfulqa_668_inc_0,truthfulqa,1,5,0.0,1.0,0.2,0.8100798726081848,0.7012845873832703,0.9252166748046875,0.07515599578619003,0.18992012739181519
truthfulqa_191_inc_0,truthfulqa,1,5,0.0,1.0,0.2,0.8596814870834351,0.7359523773193359,0.9421964883804321,0.07230610400438309,0.14031851291656494
truthfulqa_243_inc_1,truthfulqa,1,5,0.0,1.0,0.2,0.9329065084457397,0.9027578234672546,0.95709228515625,0.02098730579018593,0.06709349155426025
truthfulqa_41_inc_4,truthfulqa,1,5,0.0,1.0,0.2,0.8666082620620728,0.8180790543556213,0.9053055047988892,0.0286567285656929,0.13339173793792725
truthfulqa_770_corr_2,truthfulqa,0,5,0.0,1.0,0.2,0.7910643815994263,0.6607791185379028,0.8859556913375854,0.06037900224328041,0.20893561840057373
truthfulqa_795_corr_2,truthfulqa,0,5,0.0,1.0,0.2,0.6747965812683105,0.5515391826629639,0.781932532787323,0.07344456017017365,0.32520341873168945
truthfulqa_674_best,truthfulqa,0,5,0.0,1.0,0.2,0.6602783203125,0.6011245250701904,0.7727642059326172,0.05783230438828468,0.3397216796875
truthfulqa_41_inc_1,truthfulqa,1,5,0.0,1.0,0.2,0.8795289993286133,0.8437172174453735,0.9314250349998474,0.02818766050040722,0.12047100067138672
truthfulqa_435_corr_2,truthfulqa,0,5,1.0,0.2,1.0,0.9999998807907104,0.9999998807907104,0.9999998807907104,0.0,1.1920928955078125e-07
truthfulqa_300_corr_5,truthfulqa,0,5,0.0,1.0,0.2,0.7872376441955566,0.6882597208023071,0.8964180946350098,0.06704698503017426,0.21276235580444336
truthfulqa_448_best,truthfulqa,0,5,0.0,1.0,0.2,0.43880128860473633,0.13217675685882568,0.9396119117736816,0.34577664732933044,0.5611987113952637
truthfulqa_257_best,truthfulqa,0,5,0.0,1.0,0.2,0.8936104774475098,0.8356172442436218,0.939133882522583,0.0331399068236351,0.10638952255249023
truthfulqa_339_inc_2,truthfulqa,1,5,0.0,1.0,0.2,0.6245176792144775,0.44861912727355957,0.8587582111358643,0.12469781190156937,0.37548232078552246
truthfulqa_282_inc_1,truthfulqa,1,5,0.0,1.0,0.2,0.9349483251571655,0.9186381101608276,0.9538774490356445,0.011317127384245396,0.06505167484283447
truthfulqa_495_inc_0,truthfulqa,1,5,0.0,1.0,0.2,0.23101386427879333,0.09628749638795853,0.4631563425064087,0.10922300815582275,0.7689861357212067
truthfulqa_291_inc_1,truthfulqa,1,5,0.0,1.0,0.2,0.7709844708442688,0.6621377468109131,0.9086374044418335,0.07031883299350739,0.2290155291557312
truthfulqa_514_corr_3,truthfulqa,0,5,0.0,1.0,0.2,0.8277007937431335,0.7556871771812439,0.8701117634773254,0.03148789331316948,0.17229920625686646
truthfulqa_668_inc_1,truthfulqa,1,5,0.0,1.0,0.2,0.8259391784667969,0.6853150725364685,0.9361368417739868,0.06387583166360855,0.17406082153320312
truthfulqa_124_inc_1,truthfulqa,1,5,0.0,1.0,0.2,0.8801659345626831,0.7948812246322632,0.9444110989570618,0.05059966444969177,0.1198340654373169
truthfulqa_77_corr_1,truthfulqa,0,5,0.0,1.0,0.2,0.6804027557373047,0.5904065370559692,0.7534142136573792,0.05378032103180885,0.3195972442626953
truthfulqa_385_inc_0,truthfulqa,1,5,0.0,1.0,0.2,0.7758298516273499,0.6937129497528076,0.8351958990097046,0.043477773666381836,0.22417014837265015
truthfulqa_489_corr_1,truthfulqa,0,5,0.0,1.0,0.2,0.5895770788192749,0.4019848108291626,0.7915343046188354,0.13502483069896698,0.4104229211807251
truthfulqa_144_inc_1,truthfulqa,1,5,0.0,1.0,0.2,0.6475237011909485,0.547309398651123,0.8017357587814331,0.09113122522830963,0.3524762988090515
truthfulqa_230_inc_5,truthfulqa,1,5,0.0,1.0,0.2,0.6268445253372192,0.4183274209499359,0.8607534766197205,0.13803373277187347,0.37315547466278076
truthfulqa_645_inc_2,truthfulqa,1,5,0.0,1.0,0.2,0.7473157048225403,0.6732789278030396,0.8809130191802979,0.06167810782790184,0.2526842951774597
truthfulqa_536_best,truthfulqa,0,5,0.0,1.0,0.2,0.8229881525039673,0.7503710985183716,0.9182552099227905,0.05206262320280075,0.17701184749603271
truthfulqa_397_corr_2,truthfulqa,0,5,0.0,1.0,0.2,0.7927451133728027,0.6739382743835449,0.9057303667068481,0.07492046803236008,0.20725488662719727
truthfulqa_33_inc_2,truthfulqa,1,5,0.0,1.0,0.2,0.7910930514335632,0.6649952530860901,0.9249695539474487,0.08616933971643448,0.20890694856643677
truthfulqa_675_corr_2,truthfulqa,0,5,0.0,1.0,0.2,0.8256216049194336,0.6989033222198486,0.9145458936691284,0.06917980313301086,0.1743783950805664
truthfulqa_335_best,truthfulqa,0,5,0.0,1.0,0.2,0.8975499272346497,0.8515784740447998,0.9530203342437744,0.0348687544465065,0.10245007276535034
truthfulqa_218_inc_0,truthfulqa,1,5,0.0,1.0,0.2,0.7802990674972534,0.7062731385231018,0.8566361665725708,0.040272247046232224,0.21970093250274658
truthfulqa_296_corr_2,truthfulqa,0,5,0.0,1.0,0.2,0.48461419343948364,0.13794666528701782,0.7065768241882324,0.2160402238368988,0.5153858065605164
truthfulqa_640_corr_1,truthfulqa,0,5,0.0,1.0,0.2,0.8540374636650085,0.7628179788589478,0.9673166275024414,0.05533643066883087,0.14596253633499146
truthfulqa_457_inc_3,truthfulqa,1,5,0.0,1.0,0.2,0.8646966814994812,0.7970173358917236,0.9582251310348511,0.06168888136744499,0.1353033185005188
truthfulqa_137_inc_2,truthfulqa,1,5,0.0,1.0,0.2,0.28567519783973694,0.08228852599859238,0.43130967020988464,0.11619420349597931,0.7143248021602631
truthfulqa_71_inc_2,truthfulqa,1,5,0.0,1.0,0.2,0.4554246962070465,0.05575670301914215,0.8316742181777954,0.30683988332748413,0.5445753037929535
truthfulqa_313_corr_2,truthfulqa,0,5,0.0,1.0,0.2,0.8349611163139343,0.7256405353546143,0.9746987819671631,0.0770840123295784,0.16503888368606567
truthfulqa_81_best,truthfulqa,0,5,0.0,1.0,0.2,0.6918103098869324,0.583284318447113,0.7857397794723511,0.0718294307589531,0.3081896901130676
truthfulqa_108_inc_2,truthfulqa,1,5,0.0,1.0,0.2,0.9042682647705078,0.7834117412567139,0.9842882752418518,0.07451865077018738,0.09573173522949219
truthfulqa_452_inc_2,truthfulqa,1,5,0.0,1.0,0.2,0.6929768919944763,0.4649457335472107,0.8421162366867065,0.11552350223064423,0.3070231080055237
truthfulqa_749_best,truthfulqa,0,5,0.0,1.0,0.2,0.8797764778137207,0.8140789866447449,0.9298059940338135,0.037816982716321945,0.1202235221862793
truthfulqa_554_corr_1,truthfulqa,0,5,0.0,1.0,0.2,0.8608209490776062,0.7681223154067993,0.9490694999694824,0.06834913790225983,0.1391790509223938
truthfulqa_51_corr_1,truthfulqa,0,5,0.0,1.0,0.2,0.891191303730011,0.8219846487045288,0.9414212107658386,0.037550169974565506,0.10880869626998901
truthfulqa_326_corr_1,truthfulqa,0,5,0.0,1.0,0.2,0.6175145506858826,0.4753473401069641,0.8459362983703613,0.10513392835855484,0.38248544931411743
truthfulqa_503_corr_2,truthfulqa,0,5,0.0,1.0,0.2,0.7166444063186646,0.5568621754646301,0.8153111934661865,0.09483349323272705,0.28335559368133545
truthfulqa_810_corr_2,truthfulqa,0,5,0.0,1.0,0.2,0.867378830909729,0.7311297655105591,0.9624302387237549,0.09685656428337097,0.132621169090271
truthfulqa_515_inc_2,truthfulqa,1,5,0.0,1.0,0.2,0.7443699836730957,0.6325445175170898,0.8528469800949097,0.062252338975667953,0.2556300163269043
truthfulqa_356_inc_4,truthfulqa,1,5,0.0,1.0,0.2,0.7018854022026062,0.6159190535545349,0.8089503049850464,0.057880476117134094,0.2981145977973938
truthfulqa_563_inc_3,truthfulqa,1,5,0.1,0.8,0.4,0.5937936902046204,0.4885616600513458,1.0,0.15156325697898865,0.40620630979537964
truthfulqa_14_corr_3,truthfulqa,0,5,0.0,1.0,0.2,0.872210681438446,0.7984931468963623,0.9256883263587952,0.03451409935951233,0.12778931856155396
truthfulqa_739_inc_0,truthfulqa,1,5,0.0,1.0,0.2,0.6052619218826294,0.0870063304901123,0.8954005241394043,0.319275438785553,0.3947380781173706
truthfulqa_227_inc_0,truthfulqa,1,5,0.1,0.8,0.4,0.8939464688301086,0.8337074518203735,1.0,0.047260582447052,0.10605353116989136
truthfulqa_787_inc_2,truthfulqa,1,5,0.0,1.0,0.2,0.7129881381988525,0.5542285442352295,0.8252333998680115,0.07800950855016708,0.28701186180114746
truthfulqa_622_inc_3,truthfulqa,1,5,0.0,1.0,0.2,0.5901511311531067,0.4064214825630188,0.7078930139541626,0.07615832984447479,0.4098488688468933
truthfulqa_303_inc_3,truthfulqa,1,5,0.0,1.0,0.2,0.7986370325088501,0.7234476208686829,0.9007678031921387,0.05458006635308266,0.2013629674911499
truthfulqa_249_corr_2,truthfulqa,0,5,0.0,1.0,0.2,0.38636714220046997,0.16940808296203613,0.7766208052635193,0.22996267676353455,0.61363285779953
truthfulqa_431_inc_1,truthfulqa,1,5,0.3,0.6,0.6,0.6365265846252441,0.4496825337409973,1.0,0.20816947519779205,0.36347341537475586
truthfulqa_401_inc_2,truthfulqa,1,5,0.0,1.0,0.2,0.8079001307487488,0.757383406162262,0.9168848991394043,0.04376799240708351,0.19209986925125122
truthfulqa_431_corr_1,truthfulqa,0,5,0.3,0.6,0.6,0.6428833603858948,0.405457079410553,1.0,0.21861250698566437,0.3571166396141052
truthfulqa_169_inc_4,truthfulqa,1,5,0.0,1.0,0.2,0.650843620300293,0.5183712840080261,0.8974531292915344,0.11106809228658676,0.34915637969970703
truthfulqa_161_inc_0,truthfulqa,1,5,0.0,1.0,0.2,0.8263435363769531,0.7434881925582886,0.9287554025650024,0.05849875509738922,0.17365646362304688
truthfulqa_35_corr_2,truthfulqa,0,5,0.0,1.0,0.2,0.6736910939216614,0.564146876335144,0.8912535905838013,0.09659697115421295,0.3263089060783386
truthfulqa_781_inc_0,truthfulqa,1,5,0.0,1.0,0.2,0.8100277185440063,0.7548060417175293,0.9363586902618408,0.05141375958919525,0.18997228145599365
truthfulqa_0_inc_0,truthfulqa,1,5,0.0,1.0,0.2,0.8904783129692078,0.8366106152534485,0.9260842800140381,0.02792137861251831,0.10952168703079224
truthfulqa_469_inc_3,truthfulqa,1,5,0.0,1.0,0.2,0.48381057381629944,0.18742474913597107,0.7759575843811035,0.21156829595565796,0.5161894261837006
truthfulqa_672_inc_3,truthfulqa,1,5,0.0,1.0,0.2,0.6677784323692322,0.5626184344291687,0.8301458358764648,0.07927467674016953,0.3322215676307678
truthfulqa_157_best,truthfulqa,0,5,0.0,1.0,0.2,0.8410417437553406,0.7781364917755127,0.9115756154060364,0.044565025717020035,0.15895825624465942
truthfulqa_363_inc_4,truthfulqa,1,5,0.0,1.0,0.2,0.7169976830482483,0.5917506814002991,0.8365525007247925,0.0831637904047966,0.2830023169517517
truthfulqa_462_corr_2,truthfulqa,0,5,0.0,1.0,0.2,0.7868816256523132,0.6842929124832153,0.88724285364151,0.08360605686903,0.21311837434768677
truthfulqa_545_corr_1,truthfulqa,0,5,0.0,1.0,0.2,0.9653215408325195,0.9504488706588745,0.979321300983429,0.010067607276141644,0.03467845916748047
truthfulqa_794_corr_1,truthfulqa,0,5,0.0,1.0,0.2,0.8932309150695801,0.8033276200294495,0.9592677354812622,0.05898340046405792,0.10676908493041992
truthfulqa_415_corr_1,truthfulqa,0,5,0.0,1.0,0.2,0.8423829078674316,0.7948377132415771,0.8976675271987915,0.03456864878535271,0.15761709213256836
truthfulqa_292_inc_3,truthfulqa,1,5,0.0,1.0,0.2,0.7817901968955994,0.7111167311668396,0.8277577757835388,0.033132154494524,0.21820980310440063
truthfulqa_376_best,truthfulqa,0,5,0.0,1.0,0.2,0.6770424842834473,0.549370527267456,0.8406224846839905,0.07962808758020401,0.32295751571655273
truthfulqa_650_inc_0,truthfulqa,1,5,0.0,1.0,0.2,0.8544453382492065,0.7893453240394592,0.8947809934616089,0.02761094830930233,0.14555466175079346
truthfulqa_796_inc_1,truthfulqa,1,5,0.0,1.0,0.2,0.3181784749031067,0.12484301626682281,0.44285285472869873,0.08470483869314194,0.6818215250968933
truthfulqa_156_corr_1,truthfulqa,0,5,0.0,1.0,0.2,0.8625043034553528,0.7876576781272888,0.9313493967056274,0.04442286863923073,0.13749569654464722
truthfulqa_749_inc_0,truthfulqa,1,5,0.0,1.0,0.2,0.8137937784194946,0.7011204957962036,0.9129428267478943,0.061916284263134,0.18620622158050537
truthfulqa_45_corr_3,truthfulqa,0,5,0.0,1.0,0.2,0.6995106339454651,0.580760657787323,0.8041819334030151,0.06226259469985962,0.3004893660545349
truthfulqa_601_best,truthfulqa,0,5,0.0,1.0,0.2,0.746525764465332,0.6085898876190186,0.8191552758216858,0.06227358803153038,0.25347423553466797
truthfulqa_43_corr_0,truthfulqa,0,5,0.0,1.0,0.2,0.8828741908073425,0.7823030948638916,0.9386018514633179,0.055145926773548126,0.11712580919265747
truthfulqa_68_corr_2,truthfulqa,0,5,0.0,1.0,0.2,0.8949804306030273,0.8205785751342773,0.9578597545623779,0.040639590471982956,0.10501956939697266
truthfulqa_313_corr_1,truthfulqa,0,5,0.6,0.4,0.8,0.8683017492294312,0.6707546710968018,0.9999998807907104,0.161296546459198,0.13169825077056885
truthfulqa_346_corr_3,truthfulqa,0,5,0.0,1.0,0.2,0.8574013710021973,0.7909431457519531,0.9300805330276489,0.04110002890229225,0.14259862899780273
truthfulqa_44_best,truthfulqa,0,5,0.0,1.0,0.2,0.7727199792861938,0.6293513178825378,0.8859623670578003,0.08626244962215424,0.22728002071380615
truthfulqa_183_inc_2,truthfulqa,1,5,0.0,1.0,0.2,0.9284704327583313,0.895902156829834,0.9582157135009766,0.020955810323357582,0.0715295672416687
truthfulqa_417_inc_3,truthfulqa,1,5,0.0,1.0,0.2,0.31582558155059814,0.010717473924160004,0.6216287612915039,0.2183244824409485,0.6841744184494019
truthfulqa_485_inc_4,truthfulqa,1,5,0.0,1.0,0.2,0.8107477426528931,0.6795699596405029,0.921950101852417,0.08180725574493408,0.18925225734710693
truthfulqa_411_best,truthfulqa,0,5,0.0,1.0,0.2,0.9209349751472473,0.8911145329475403,0.9520854949951172,0.0200156569480896,0.07906502485275269
truthfulqa_97_inc_2,truthfulqa,1,5,0.0,1.0,0.2,0.750299334526062,0.6651270985603333,0.9041275382041931,0.06950584799051285,0.249700665473938
truthfulqa_300_corr_2,truthfulqa,0,5,0.0,1.0,0.2,0.8307238817214966,0.7509727478027344,0.9471533298492432,0.059112656861543655,0.16927611827850342
truthfulqa_46_inc_2,truthfulqa,1,5,0.0,1.0,0.2,0.7093943357467651,0.5901807546615601,0.8066838979721069,0.06445791572332382,0.29060566425323486
truthfulqa_402_inc_0,truthfulqa,1,5,0.0,1.0,0.2,0.8339999914169312,0.7748919725418091,0.9584702253341675,0.05430683121085167,0.16600000858306885
truthfulqa_139_corr_0,truthfulqa,0,5,0.1,0.8,0.4,0.45497480034828186,0.15502598881721497,0.9999998807907104,0.2773909866809845,0.5450251996517181
truthfulqa_621_inc_0,truthfulqa,1,5,0.0,1.0,0.2,0.5858839154243469,0.47898048162460327,0.6967646479606628,0.06143513694405556,0.4141160845756531
truthfulqa_181_inc_0,truthfulqa,1,5,0.0,1.0,0.2,0.9207804799079895,0.8842436075210571,0.9588611125946045,0.024394338950514793,0.0792195200920105
truthfulqa_367_best,truthfulqa,0,5,0.0,1.0,0.2,0.8014219999313354,0.6232457756996155,0.9289588332176208,0.10340137034654617,0.19857800006866455
truthfulqa_397_corr_1,truthfulqa,0,5,0.0,1.0,0.2,0.8519773483276367,0.7531499862670898,0.909524142742157,0.04595959931612015,0.14802265167236328
truthfulqa_70_inc_2,truthfulqa,1,5,0.0,1.0,0.2,0.7757936120033264,0.6906419992446899,0.8282016515731812,0.04366304725408554,0.22420638799667358
truthfulqa_126_inc_6,truthfulqa,1,5,0.0,1.0,0.2,0.556613564491272,0.3604690432548523,0.9222455024719238,0.14711815118789673,0.443386435508728
truthfulqa_276_corr_3,truthfulqa,0,5,0.0,1.0,0.2,0.8954688906669617,0.8227389454841614,0.9452757239341736,0.03664163872599602,0.10453110933303833
truthfulqa_103_corr_3,truthfulqa,0,5,0.1,0.8,0.4,0.49736088514328003,0.29962158203125,0.9266412854194641,0.17249825596809387,0.50263911485672
truthfulqa_98_best,truthfulqa,0,5,0.0,1.0,0.2,0.9165032505989075,0.8824656009674072,0.9475908279418945,0.02254352904856205,0.08349674940109253
truthfulqa_31_inc_0,truthfulqa,1,5,0.0,1.0,0.2,0.9488472938537598,0.9161535501480103,0.9652127027511597,0.013189084827899933,0.051152706146240234
truthfulqa_513_best,truthfulqa,0,5,0.0,1.0,0.2,0.5301533937454224,0.231364905834198,0.7783409357070923,0.2083972692489624,0.46984660625457764
truthfulqa_550_best,truthfulqa,0,5,0.0,1.0,0.2,0.5337895154953003,0.12133721262216568,0.8471577167510986,0.3108416795730591,0.4662104845046997
truthfulqa_580_inc_2,truthfulqa,1,5,0.1,0.8,0.4,0.5264344811439514,0.15757879614830017,1.0,0.2101304829120636,0.4735655188560486
truthfulqa_61_inc_3,truthfulqa,1,5,0.0,1.0,0.2,0.6717784404754639,0.29281508922576904,0.926169216632843,0.23572246730327606,0.32822155952453613
truthfulqa_750_inc_0,truthfulqa,1,5,0.0,1.0,0.2,0.8483133316040039,0.7866281867027283,0.8789849877357483,0.024004492908716202,0.1516866683959961
truthfulqa_273_best,truthfulqa,0,5,0.0,1.0,0.2,0.7281282544136047,0.6561598777770996,0.8160402178764343,0.050601206719875336,0.27187174558639526
truthfulqa_664_inc_4,truthfulqa,1,5,0.0,1.0,0.2,0.7856238484382629,0.6655197739601135,0.8883823752403259,0.07624716311693192,0.21437615156173706
truthfulqa_178_inc_1,truthfulqa,1,5,0.0,1.0,0.2,0.8545608520507812,0.796133279800415,0.9106603264808655,0.036163367331027985,0.14543914794921875
truthfulqa_170_inc_0,truthfulqa,1,5,0.0,1.0,0.2,0.7109081745147705,0.6068122386932373,0.80242919921875,0.061187345534563065,0.2890918254852295
truthfulqa_746_inc_1,truthfulqa,1,5,0.0,1.0,0.2,0.9418026804924011,0.8987928032875061,0.9858318567276001,0.030675610527396202,0.05819731950759888
truthfulqa_753_best,truthfulqa,0,5,0.0,1.0,0.2,0.703525722026825,0.57771897315979,0.8202491998672485,0.06051620841026306,0.29647427797317505
truthfulqa_254_corr_2,truthfulqa,0,5,0.0,1.0,0.2,0.8141955137252808,0.770658016204834,0.8644698858261108,0.03308795392513275,0.18580448627471924
truthfulqa_751_corr_1,truthfulqa,0,5,0.0,1.0,0.2,0.8465169668197632,0.763566792011261,0.9370814561843872,0.05436570569872856,0.15348303318023682
truthfulqa_382_corr_1,truthfulqa,0,5,0.0,1.0,0.2,0.6035652160644531,0.5329519510269165,0.7024757862091064,0.04486914351582527,0.3964347839355469
truthfulqa_453_inc_7,truthfulqa,1,5,0.0,1.0,0.2,0.6428977251052856,0.5790807604789734,0.7589287161827087,0.04991514980792999,0.35710227489471436
truthfulqa_275_inc_0,truthfulqa,1,5,0.0,1.0,0.2,0.8486534357070923,0.7133710384368896,0.9417805671691895,0.06653974950313568,0.15134656429290771
truthfulqa_813_inc_5,truthfulqa,1,5,0.0,1.0,0.2,0.8892814517021179,0.8321921229362488,0.9382641315460205,0.03019919991493225,0.11071854829788208
truthfulqa_572_corr_1,truthfulqa,0,5,0.1,0.8,0.4,0.6792505979537964,0.5109562873840332,1.0,0.15941329300403595,0.3207494020462036
truthfulqa_271_inc_3,truthfulqa,1,5,0.0,1.0,0.2,0.5571300387382507,0.3868962228298187,0.6926751136779785,0.10385499894618988,0.44286996126174927
truthfulqa_115_corr_2,truthfulqa,0,5,0.1,0.8,0.4,0.337846040725708,0.08999317139387131,1.0,0.2679685354232788,0.662153959274292
truthfulqa_204_best,truthfulqa,0,5,0.0,1.0,0.2,0.7416804432868958,0.5963093042373657,0.8545936346054077,0.09752700477838516,0.25831955671310425
truthfulqa_44_inc_4,truthfulqa,1,5,0.0,1.0,0.2,0.7383967638015747,0.6543388366699219,0.8777983784675598,0.07274691015481949,0.2616032361984253
truthfulqa_81_corr_1,truthfulqa,0,5,0.0,1.0,0.2,0.7219062447547913,0.6092132925987244,0.8178688287734985,0.06069156154990196,0.27809375524520874
truthfulqa_564_inc_4,truthfulqa,1,5,0.0,1.0,0.2,0.56681889295578,0.45370548963546753,0.6845991611480713,0.07571201026439667,0.43318110704421997
truthfulqa_237_corr_2,truthfulqa,0,5,0.0,1.0,0.2,0.7206509113311768,0.6211787462234497,0.7644455432891846,0.04285932704806328,0.27934908866882324
truthfulqa_348_corr_3,truthfulqa,0,5,0.0,1.0,0.2,0.7342392206192017,0.587740957736969,0.8104841113090515,0.06893429905176163,0.26576077938079834
truthfulqa_357_inc_0,truthfulqa,1,5,0.0,1.0,0.2,0.478243350982666,0.33601200580596924,0.7132575511932373,0.11223606765270233,0.521756649017334
truthfulqa_71_inc_3,truthfulqa,1,5,0.0,1.0,0.2,0.6924797892570496,0.4898654520511627,0.8109120726585388,0.09541734308004379,0.30752021074295044
truthfulqa_134_inc_3,truthfulqa,1,5,0.1,0.8,0.4,0.5476726293563843,0.2702176570892334,1.0,0.31276917457580566,0.4523273706436157
truthfulqa_12_inc_1,truthfulqa,1,5,0.0,1.0,0.2,0.4562602937221527,0.026329614222049713,0.7528159022331238,0.3267304003238678,0.5437397062778473
truthfulqa_718_inc_0,truthfulqa,1,5,0.0,1.0,0.2,0.8239349126815796,0.7395275831222534,0.886970043182373,0.03913635388016701,0.1760650873184204
truthfulqa_468_corr_2,truthfulqa,0,5,0.0,1.0,0.2,0.8401792645454407,0.7790883779525757,0.9370322227478027,0.0506490059196949,0.15982073545455933
truthfulqa_6_inc_4,truthfulqa,1,5,0.0,1.0,0.2,0.6255043745040894,0.30407559871673584,0.8414644002914429,0.18314729630947113,0.37449562549591064
truthfulqa_524_corr_1,truthfulqa,0,5,1.0,0.2,1.0,1.0,1.0,1.0,0.0,0.0
truthfulqa_646_corr_2,truthfulqa,0,5,0.0,1.0,0.2,0.9774140119552612,0.9626280665397644,0.9917739033699036,0.009559793397784233,0.02258598804473877
truthfulqa_683_corr_2,truthfulqa,0,5,0.0,1.0,0.2,0.34552156925201416,0.16858895123004913,0.5082985162734985,0.13030709326267242,0.6544784307479858
truthfulqa_590_inc_3,truthfulqa,1,5,0.0,1.0,0.2,0.42071834206581116,0.0035623677540570498,0.8350811004638672,0.2843700051307678,0.5792816579341888
truthfulqa_718_corr_1,truthfulqa,0,5,0.0,1.0,0.2,0.8057260513305664,0.698500394821167,0.888081967830658,0.05267872288823128,0.1942739486694336
truthfulqa_395_corr_1,truthfulqa,0,5,0.0,1.0,0.2,0.8504589200019836,0.79345703125,0.9333275556564331,0.04539371654391289,0.14954107999801636
truthfulqa_565_corr_2,truthfulqa,0,5,1.0,0.2,1.0,1.0,1.0,1.0,0.0,0.0
truthfulqa_558_inc_3,truthfulqa,1,5,0.1,0.8,0.4,0.5822202563285828,0.43353360891342163,1.0,0.1677560955286026,0.41777974367141724
truthfulqa_90_corr_0,truthfulqa,0,5,0.0,1.0,0.2,0.897236168384552,0.8588744401931763,0.928809404373169,0.021623311564326286,0.102763831615448
truthfulqa_493_inc_2,truthfulqa,1,5,0.0,1.0,0.2,0.6242976784706116,0.4181611239910126,0.8416993618011475,0.1452389806509018,0.3757023215293884
truthfulqa_66_inc_1,truthfulqa,1,5,0.0,1.0,0.2,0.6891053915023804,0.5699729323387146,0.8601104617118835,0.08561287075281143,0.31089460849761963
truthfulqa_171_corr_1,truthfulqa,0,5,0.0,1.0,0.2,0.81419837474823,0.6921711564064026,0.9482347965240479,0.07372721284627914,0.18580162525177002
truthfulqa_249_inc_3,truthfulqa,1,5,0.0,1.0,0.2,0.32967501878738403,0.15510129928588867,0.7524610161781311,0.18383438885211945,0.670324981212616
truthfulqa_456_best,truthfulqa,0,5,0.0,1.0,0.2,0.6081222295761108,0.4624295234680176,0.7241203188896179,0.08603297173976898,0.39187777042388916
truthfulqa_48_inc_0,truthfulqa,1,5,0.0,1.0,0.2,0.8262050747871399,0.7496910095214844,0.9488696455955505,0.07685244828462601,0.1737949252128601
truthfulqa_673_inc_2,truthfulqa,1,5,0.0,1.0,0.2,0.8928446769714355,0.816886842250824,0.9356621503829956,0.03607902303338051,0.10715532302856445
truthfulqa_573_inc_9,truthfulqa,1,5,0.0,1.0,0.2,0.661535382270813,0.47331613302230835,0.9375473260879517,0.16037596762180328,0.338464617729187
truthfulqa_111_inc_0,truthfulqa,1,5,0.1,0.8,0.4,0.608578085899353,0.4232836961746216,1.0,0.17627765238285065,0.391421914100647
truthfulqa_208_inc_0,truthfulqa,1,5,0.0,1.0,0.2,0.8860321044921875,0.826851487159729,0.9225280284881592,0.029660921543836594,0.1139678955078125
truthfulqa_625_inc_0,truthfulqa,1,5,0.0,1.0,0.2,0.7545514106750488,0.7049082517623901,0.8273453712463379,0.032461147755384445,0.24544858932495117
truthfulqa_313_corr_4,truthfulqa,0,5,0.0,1.0,0.2,0.7200175523757935,0.5760512948036194,0.8471856713294983,0.09256640821695328,0.27998244762420654
truthfulqa_350_inc_3,truthfulqa,1,5,0.0,1.0,0.2,0.7316112518310547,0.6141446232795715,0.8387564420700073,0.06458546221256256,0.2683887481689453
truthfulqa_320_inc_0,truthfulqa,1,5,0.0,1.0,0.2,0.5885182619094849,0.23289790749549866,0.823980987071991,0.24614998698234558,0.41148173809051514
truthfulqa_610_inc_0,truthfulqa,1,5,0.0,1.0,0.2,0.8391561508178711,0.7521910667419434,0.9435667991638184,0.05663670226931572,0.1608438491821289
truthfulqa_296_inc_1,truthfulqa,1,5,0.0,1.0,0.2,0.5700100660324097,0.2881350517272949,0.8759639263153076,0.20122279226779938,0.42998993396759033
truthfulqa_202_inc_0,truthfulqa,1,5,0.0,1.0,0.2,0.925235390663147,0.8882520198822021,0.9521752595901489,0.024535471573472023,0.07476460933685303
truthfulqa_789_inc_0,truthfulqa,1,5,0.0,1.0,0.2,0.86341792345047,0.7880218029022217,0.9435916543006897,0.05014222115278244,0.13658207654953003
truthfulqa_89_best,truthfulqa,0,5,0.0,1.0,0.2,0.9447891116142273,0.9226495623588562,0.9696017503738403,0.01618921384215355,0.055210888385772705
truthfulqa_658_inc_1,truthfulqa,1,5,0.0,1.0,0.2,0.6961057782173157,0.588131308555603,0.8546220064163208,0.0901009812951088,0.3038942217826843
truthfulqa_280_corr_1,truthfulqa,0,5,0.0,1.0,0.2,0.9441889524459839,0.9184633493423462,0.961796760559082,0.01578540727496147,0.05581104755401611
truthfulqa_204_inc_0,truthfulqa,1,5,0.0,1.0,0.2,0.7424592971801758,0.6279454231262207,0.8428533673286438,0.07489349693059921,0.2575407028198242
truthfulqa_611_inc_1,truthfulqa,1,5,0.0,1.0,0.2,0.41374078392982483,0.23284269869327545,0.7934536337852478,0.17585529386997223,0.5862592160701752
truthfulqa_816_corr_3,truthfulqa,0,5,0.0,1.0,0.2,0.8780702352523804,0.8421692848205566,0.9190242290496826,0.022747375071048737,0.12192976474761963
truthfulqa_691_corr_1,truthfulqa,0,5,0.0,1.0,0.2,0.8501448631286621,0.7963063716888428,0.879462718963623,0.03042520210146904,0.1498551368713379
truthfulqa_335_inc_3,truthfulqa,1,5,0.0,1.0,0.2,0.8598353266716003,0.776889443397522,0.9087293148040771,0.0371684692800045,0.14016467332839966
truthfulqa_150_inc_1,truthfulqa,1,5,0.0,1.0,0.2,0.8212548494338989,0.7849729061126709,0.9045246839523315,0.03524109721183777,0.17874515056610107
truthfulqa_104_best,truthfulqa,0,5,0.0,1.0,0.2,0.737775444984436,0.5968017578125,0.941734790802002,0.13540761172771454,0.26222455501556396
truthfulqa_499_corr_1,truthfulqa,0,5,0.0,1.0,0.2,0.9093136787414551,0.8850207328796387,0.9731141328811646,0.028997285291552544,0.09068632125854492
truthfulqa_93_best,truthfulqa,0,5,0.0,1.0,0.2,0.8172256350517273,0.7218250632286072,0.8990874886512756,0.05219819024205208,0.1827743649482727
truthfulqa_4_inc_4,truthfulqa,1,5,0.0,1.0,0.2,0.8268023729324341,0.7554904818534851,0.8983035087585449,0.04658953472971916,0.17319762706756592
truthfulqa_607_best,truthfulqa,0,5,0.0,1.0,0.2,0.5868320465087891,0.46024930477142334,0.9668357372283936,0.14737027883529663,0.41316795349121094
truthfulqa_335_inc_2,truthfulqa,1,5,0.0,1.0,0.2,0.8655201196670532,0.7630839347839355,0.9457079172134399,0.05746648088097572,0.13447988033294678
truthfulqa_477_inc_0,truthfulqa,1,5,0.0,1.0,0.2,0.5227657556533813,0.13607436418533325,0.7936312556266785,0.23643052577972412,0.47723424434661865
truthfulqa_348_corr_2,truthfulqa,0,5,0.0,1.0,0.2,0.6606799960136414,0.5378773212432861,0.7806121110916138,0.06950501352548599,0.33932000398635864
truthfulqa_730_inc_0,truthfulqa,1,5,0.0,1.0,0.2,0.8377732038497925,0.7975555658340454,0.8963544368743896,0.029425611719489098,0.16222679615020752
truthfulqa_394_inc_1,truthfulqa,1,5,0.0,1.0,0.2,0.661948561668396,0.5753026008605957,0.7378952503204346,0.056601110845804214,0.338051438331604
truthfulqa_58_inc_3,truthfulqa,1,5,0.0,1.0,0.2,0.7482618093490601,0.6454680562019348,0.8204702138900757,0.05794873088598251,0.25173819065093994
truthfulqa_353_corr_1,truthfulqa,0,5,0.0,1.0,0.2,0.7664656043052673,0.7118686437606812,0.8256866931915283,0.0324074849486351,0.23353439569473267
truthfulqa_293_corr_1,truthfulqa,0,5,0.0,1.0,0.2,0.9396005868911743,0.9115036725997925,0.9692531228065491,0.017176765948534012,0.060399413108825684
truthfulqa_374_inc_3,truthfulqa,1,5,0.0,1.0,0.2,0.6905422210693359,0.5005052089691162,0.8248069286346436,0.10289202630519867,0.30945777893066406
truthfulqa_594_inc_0,truthfulqa,1,5,0.0,1.0,0.2,0.6021050214767456,0.49019378423690796,0.6691735982894897,0.052068088203668594,0.3978949785232544
truthfulqa_265_inc_0,truthfulqa,1,5,0.0,1.0,0.2,0.686362624168396,0.6179922819137573,0.7451884746551514,0.041881758719682693,0.313637375831604
truthfulqa_504_inc_0,truthfulqa,1,5,0.0,1.0,0.2,0.6788020730018616,0.5035487413406372,0.8540423512458801,0.11074607074260712,0.3211979269981384
truthfulqa_583_corr_1,truthfulqa,0,5,0.0,1.0,0.2,0.5066447257995605,0.04606645926833153,0.891662061214447,0.34704384207725525,0.49335527420043945
truthfulqa_427_best,truthfulqa,0,5,0.0,1.0,0.2,0.5327581167221069,0.36938050389289856,0.7161604166030884,0.12566176056861877,0.46724188327789307
truthfulqa_479_inc_2,truthfulqa,1,5,0.0,1.0,0.2,0.6769245266914368,0.5449634790420532,0.8228216767311096,0.09908340126276016,0.32307547330856323
truthfulqa_589_best,truthfulqa,0,5,0.0,1.0,0.2,0.18134072422981262,0.06748420000076294,0.36062896251678467,0.07628360390663147,0.8186592757701874
truthfulqa_21_best,truthfulqa,0,5,0.0,1.0,0.2,0.6024478077888489,0.36654824018478394,0.8029656410217285,0.144852414727211,0.3975521922111511
truthfulqa_771_corr_2,truthfulqa,0,5,0.0,1.0,0.2,0.8277257084846497,0.723678469657898,0.9116123914718628,0.05345636606216431,0.17227429151535034
truthfulqa_613_corr_2,truthfulqa,0,5,0.0,1.0,0.2,0.8561294674873352,0.8011066913604736,0.92112797498703,0.042874496430158615,0.1438705325126648
truthfulqa_604_inc_1,truthfulqa,1,5,0.0,1.0,0.2,0.3134753108024597,0.025027433410286903,0.7655883431434631,0.2192302793264389,0.6865246891975403
truthfulqa_679_inc_0,truthfulqa,1,5,0.2,0.6,0.4,0.5443696975708008,0.25500091910362244,1.0,0.28108325600624084,0.4556303024291992
truthfulqa_216_corr_3,truthfulqa,0,5,0.0,1.0,0.2,0.7895947694778442,0.6322925090789795,0.8945592045783997,0.10662420094013214,0.21040523052215576
truthfulqa_462_inc_5,truthfulqa,1,5,0.0,1.0,0.2,0.7190340161323547,0.6782387495040894,0.8016293048858643,0.03948194906115532,0.28096598386764526
truthfulqa_728_best,truthfulqa,0,5,0.0,1.0,0.2,0.8260045051574707,0.6938140988349915,0.9244536757469177,0.08740968257188797,0.1739954948425293
truthfulqa_390_inc_2,truthfulqa,1,5,0.0,1.0,0.2,0.6900583505630493,0.6117511987686157,0.7686313390731812,0.05594950541853905,0.3099416494369507
truthfulqa_596_inc_1,truthfulqa,1,5,0.0,1.0,0.2,0.582525908946991,0.43050438165664673,0.812951385974884,0.12245567888021469,0.41747409105300903
truthfulqa_465_best,truthfulqa,0,5,0.0,1.0,0.2,0.5798712968826294,0.48427337408065796,0.6693869233131409,0.0659225657582283,0.4201287031173706
truthfulqa_191_corr_1,truthfulqa,0,5,0.0,1.0,0.2,0.909186065196991,0.8928710222244263,0.9443755149841309,0.014528932981193066,0.09081393480300903
truthfulqa_347_inc_2,truthfulqa,1,5,0.0,1.0,0.2,0.9475557208061218,0.9180218577384949,0.9775243997573853,0.02108342945575714,0.052444279193878174
truthfulqa_550_inc_7,truthfulqa,1,5,0.0,1.0,0.2,0.6844245791435242,0.4165407419204712,0.8563770055770874,0.1592034250497818,0.31557542085647583
truthfulqa_47_corr_0,truthfulqa,0,5,0.0,1.0,0.2,0.8662563562393188,0.8384484648704529,0.9311299324035645,0.026674926280975342,0.13374364376068115
truthfulqa_319_best,truthfulqa,0,5,0.0,1.0,0.2,0.8024548292160034,0.7491782903671265,0.8457493782043457,0.026025399565696716,0.19754517078399658
truthfulqa_491_corr_1,truthfulqa,0,5,0.0,1.0,0.2,0.341630756855011,0.10003021359443665,0.5977538824081421,0.1785178929567337,0.658369243144989
truthfulqa_553_inc_5,truthfulqa,1,5,0.0,1.0,0.2,0.7934353351593018,0.6842429637908936,0.8671993017196655,0.05766928195953369,0.20656466484069824
truthfulqa_357_inc_2,truthfulqa,1,5,0.0,1.0,0.2,0.6039446592330933,0.40610259771347046,0.791257381439209,0.1154259517788887,0.39605534076690674
truthfulqa_497_best,truthfulqa,0,5,0.0,1.0,0.2,0.5915238857269287,0.44671395421028137,0.7483742237091064,0.10877616703510284,0.4084761142730713
truthfulqa_685_corr_1,truthfulqa,0,5,0.0,1.0,0.2,0.7426549196243286,0.7098091840744019,0.8055335283279419,0.029656382277607918,0.2573450803756714
truthfulqa_782_inc_2,truthfulqa,1,5,0.0,1.0,0.2,0.7692323327064514,0.7008451223373413,0.838303804397583,0.04299037158489227,0.23076766729354858
truthfulqa_192_inc_3,truthfulqa,1,5,0.0,1.0,0.2,0.949591338634491,0.9117256999015808,0.9780089855194092,0.0207486804574728,0.05040866136550903
truthfulqa_43_corr_2,truthfulqa,0,5,0.0,1.0,0.2,0.8474082946777344,0.7592703700065613,0.8891693949699402,0.042760469019412994,0.15259170532226562
truthfulqa_18_inc_0,truthfulqa,1,5,0.0,1.0,0.2,0.8085107803344727,0.7458213567733765,0.8562994599342346,0.033940739929676056,0.19148921966552734
truthfulqa_327_corr_5,truthfulqa,0,5,0.0,1.0,0.2,0.9474077224731445,0.92302405834198,0.9651177525520325,0.011471061035990715,0.05259227752685547
truthfulqa_230_corr_3,truthfulqa,0,5,0.0,1.0,0.2,0.7290104627609253,0.6089687347412109,0.8312140703201294,0.06167328357696533,0.2709895372390747
truthfulqa_808_inc_0,truthfulqa,1,5,0.0,1.0,0.2,0.900721549987793,0.852420449256897,0.9340634346008301,0.030453437939286232,0.09927845001220703
truthfulqa_487_best,truthfulqa,0,5,0.0,1.0,0.2,0.6764940023422241,0.5205547213554382,0.8297890424728394,0.09140162169933319,0.3235059976577759
truthfulqa_412_corr_1,truthfulqa,0,5,0.0,1.0,0.2,0.8145939111709595,0.7314127683639526,0.9137084484100342,0.049866802990436554,0.18540608882904053
truthfulqa_221_inc_2,truthfulqa,1,5,0.0,1.0,0.2,0.6787534356117249,0.6098860502243042,0.9155830144882202,0.08376659452915192,0.32124656438827515
truthfulqa_588_corr_1,truthfulqa,0,5,0.0,1.0,0.2,0.43175235390663147,0.08019404858350754,0.7492663860321045,0.23033581674098969,0.5682476460933685
truthfulqa_490_inc_4,truthfulqa,1,5,0.0,1.0,0.2,0.629092812538147,0.5235874056816101,0.832190990447998,0.10327387601137161,0.370907187461853
truthfulqa_58_corr_2,truthfulqa,0,5,0.0,1.0,0.2,0.747078001499176,0.6206281185150146,0.9330940246582031,0.0922413170337677,0.252921998500824
truthfulqa_412_inc_3,truthfulqa,1,5,0.0,1.0,0.2,0.7676125764846802,0.6153209209442139,0.880547285079956,0.08409533649682999,0.23238742351531982
truthfulqa_16_inc_3,truthfulqa,1,5,0.0,1.0,0.2,0.6517219543457031,0.2857213616371155,0.8805079460144043,0.19237792491912842,0.3482780456542969
truthfulqa_495_inc_2,truthfulqa,1,5,0.0,1.0,0.2,0.33498385548591614,0.0748305544257164,0.5999447107315063,0.15833565592765808,0.6650161445140839
truthfulqa_464_corr_1,truthfulqa,0,5,0.1,0.8,0.4,0.8288820385932922,0.7212187051773071,1.0,0.08881396800279617,0.17111796140670776
truthfulqa_573_inc_11,truthfulqa,1,5,0.0,1.0,0.2,0.56640625,0.47562915086746216,0.7318449020385742,0.07880222052335739,0.43359375
truthfulqa_572_inc_1,truthfulqa,1,5,0.3,0.6,0.6,0.8015141487121582,0.5625122785568237,1.0,0.187790647149086,0.1984858512878418
truthfulqa_13_corr_3,truthfulqa,0,5,0.0,1.0,0.2,0.8010157346725464,0.7330591678619385,0.916771650314331,0.05207369104027748,0.1989842653274536
truthfulqa_688_corr_1,truthfulqa,0,5,0.0,1.0,0.2,0.8329617381095886,0.7590830326080322,0.9143007397651672,0.04797936603426933,0.16703826189041138
truthfulqa_785_corr_1,truthfulqa,0,5,0.0,1.0,0.2,0.8119169473648071,0.6437332630157471,0.9204645156860352,0.10763967037200928,0.18808305263519287
truthfulqa_129_best,truthfulqa,0,5,0.3,0.6,0.6,0.6690139770507812,0.4837753176689148,0.9999999403953552,0.22123129665851593,0.33098602294921875
truthfulqa_403_best,truthfulqa,0,5,0.0,1.0,0.2,0.8453320264816284,0.7787371277809143,0.9067381620407104,0.0434907041490078,0.15466797351837158
truthfulqa_774_inc_1,truthfulqa,1,5,0.0,1.0,0.2,0.8245585560798645,0.7149797081947327,0.9298535585403442,0.07148422300815582,0.1754414439201355
truthfulqa_41_inc_3,truthfulqa,1,5,0.0,1.0,0.2,0.8487218618392944,0.806308925151825,0.9298468828201294,0.03444668650627136,0.15127813816070557
truthfulqa_519_inc_1,truthfulqa,1,5,0.3,0.6,0.6,0.734094500541687,0.305256724357605,1.0,0.2861657440662384,0.265905499458313
truthfulqa_434_inc_0,truthfulqa,1,5,0.6,0.4,0.8,0.8578143119812012,0.6445357799530029,1.0,0.17414118349552155,0.14218568801879883
truthfulqa_485_inc_5,truthfulqa,1,5,0.0,1.0,0.2,0.8786827325820923,0.8482134342193604,0.9025626182556152,0.019490281119942665,0.12131726741790771
truthfulqa_783_best,truthfulqa,0,5,0.0,1.0,0.2,0.9079189300537109,0.8704460859298706,0.969336986541748,0.029881838709115982,0.09208106994628906
truthfulqa_609_inc_1,truthfulqa,1,5,0.0,1.0,0.2,0.7186135053634644,0.6463144421577454,0.8518708944320679,0.08035066723823547,0.28138649463653564
truthfulqa_567_inc_6,truthfulqa,1,5,0.3,0.6,0.6,0.8601446151733398,0.7314343452453613,1.0,0.09528660029172897,0.13985538482666016
truthfulqa_761_best,truthfulqa,0,5,0.0,1.0,0.2,0.9058583378791809,0.8546371459960938,0.9373639225959778,0.028321096673607826,0.09414166212081909
truthfulqa_436_inc_2,truthfulqa,1,5,0.6,0.4,0.8,0.7940353155136108,0.4850882589817047,1.0,0.2522542178630829,0.20596468448638916
truthfulqa_39_inc_3,truthfulqa,1,5,0.0,1.0,0.2,0.6188665628433228,0.5339620113372803,0.7509026527404785,0.07594414800405502,0.38113343715667725
truthfulqa_394_inc_2,truthfulqa,1,5,0.0,1.0,0.2,0.626602828502655,0.4531061053276062,0.7815438508987427,0.09451494365930557,0.37339717149734497
truthfulqa_653_corr_2,truthfulqa,0,5,0.0,1.0,0.2,0.8824342489242554,0.8097204566001892,0.9524567127227783,0.045879848301410675,0.11756575107574463
truthfulqa_195_corr_2,truthfulqa,0,5,0.0,1.0,0.2,0.8333286046981812,0.7718742489814758,0.8702192306518555,0.027848485857248306,0.16667139530181885
truthfulqa_326_corr_2,truthfulqa,0,5,0.0,1.0,0.2,0.512229859828949,0.060460470616817474,0.8810026049613953,0.31721585988998413,0.487770140171051
truthfulqa_309_inc_4,truthfulqa,1,5,0.0,1.0,0.2,0.8633186221122742,0.8036631941795349,0.9005634784698486,0.027895517647266388,0.13668137788772583
truthfulqa_10_inc_2,truthfulqa,1,5,0.1,0.8,0.4,0.8297713398933411,0.6575131416320801,1.0,0.1139165461063385,0.17022866010665894
truthfulqa_306_best,truthfulqa,0,5,0.0,1.0,0.2,0.8383945226669312,0.7629066109657288,0.8983240723609924,0.03930334374308586,0.16160547733306885
truthfulqa_440_best,truthfulqa,0,5,0.0,1.0,0.2,0.49630007147789,0.34079867601394653,0.6297783851623535,0.08021385222673416,0.50369992852211
truthfulqa_274_inc_1,truthfulqa,1,5,0.0,1.0,0.2,0.9313292503356934,0.9016435146331787,0.9521094560623169,0.014566062018275261,0.06867074966430664
truthfulqa_202_inc_1,truthfulqa,1,5,0.0,1.0,0.2,0.9095577001571655,0.8738121390342712,0.9319703578948975,0.01755872368812561,0.09044229984283447
truthfulqa_174_inc_2,truthfulqa,1,5,0.2,0.6,0.4,0.7311580777168274,0.3961203992366791,1.0,0.2588197886943817,0.2688419222831726
truthfulqa_82_inc_3,truthfulqa,1,5,0.0,1.0,0.2,0.8764948844909668,0.819782018661499,0.9476689696311951,0.039262570440769196,0.1235051155090332
truthfulqa_575_inc_7,truthfulqa,1,5,0.0,1.0,0.2,0.6861153841018677,0.5267483592033386,0.8978534936904907,0.11550064384937286,0.3138846158981323
truthfulqa_419_inc_1,truthfulqa,1,5,0.4,0.4,0.6,0.5208510160446167,0.20663143694400787,1.0,0.3713645040988922,0.4791489839553833
truthfulqa_388_corr_1,truthfulqa,0,5,0.0,1.0,0.2,0.8789405822753906,0.8183913230895996,0.9357386231422424,0.04355742782354355,0.12105941772460938
truthfulqa_508_inc_1,truthfulqa,1,5,0.0,1.0,0.2,0.7268521189689636,0.6421411037445068,0.8079817295074463,0.04460243508219719,0.2731478810310364
truthfulqa_444_corr_2,truthfulqa,0,5,0.0,1.0,0.2,0.9506595730781555,0.9270093441009521,0.9835895299911499,0.01704755425453186,0.04934042692184448
truthfulqa_755_corr_1,truthfulqa,0,5,0.0,1.0,0.2,0.6234484910964966,0.2491605132818222,0.7914770841598511,0.15798866748809814,0.3765515089035034
truthfulqa_59_corr_1,truthfulqa,0,5,0.0,1.0,0.2,0.8289440870285034,0.7177994251251221,0.9101225137710571,0.05972139537334442,0.17105591297149658
truthfulqa_583_inc_2,truthfulqa,1,5,0.0,1.0,0.2,0.8075277209281921,0.7163709402084351,0.9511296153068542,0.07295860350131989,0.19247227907180786
truthfulqa_381_inc_4,truthfulqa,1,5,0.0,1.0,0.2,0.7626737356185913,0.7235209345817566,0.8912917375564575,0.048972442746162415,0.2373262643814087
truthfulqa_506_inc_2,truthfulqa,1,5,0.0,1.0,0.2,0.5063351392745972,0.4241875410079956,0.6435127854347229,0.08409544825553894,0.49366486072540283
truthfulqa_470_corr_1,truthfulqa,0,5,0.1,0.8,0.4,0.5043902397155762,0.23282626271247864,0.9999997019767761,0.2828710079193115,0.49560976028442383
truthfulqa_774_inc_2,truthfulqa,1,5,0.0,1.0,0.2,0.7639940977096558,0.66263747215271,0.9226517677307129,0.07312209159135818,0.23600590229034424
truthfulqa_735_best,truthfulqa,0,5,0.0,1.0,0.2,0.820081353187561,0.7507600784301758,0.9074839949607849,0.05984514206647873,0.17991864681243896
truthfulqa_365_inc_1,truthfulqa,1,5,0.0,1.0,0.2,0.7555822730064392,0.6632182002067566,0.8618196249008179,0.07197101414203644,0.2444177269935608
truthfulqa_164_best,truthfulqa,0,5,0.0,1.0,0.2,0.7851794958114624,0.6579004526138306,0.9161621928215027,0.0887068435549736,0.2148205041885376
truthfulqa_279_inc_0,truthfulqa,1,5,0.0,1.0,0.2,0.9239346385002136,0.8904139399528503,0.961769700050354,0.024532772600650787,0.07606536149978638
truthfulqa_329_corr_2,truthfulqa,0,5,0.0,1.0,0.2,0.717046856880188,0.44817104935646057,0.9075042009353638,0.1839209794998169,0.282953143119812
truthfulqa_300_corr_1,truthfulqa,0,5,0.0,1.0,0.2,0.8468230366706848,0.8059341907501221,0.8876656889915466,0.029742825776338577,0.15317696332931519
truthfulqa_112_inc_1,truthfulqa,1,5,0.0,1.0,0.2,0.409022718667984,0.10193254798650742,0.7916293144226074,0.2110525220632553,0.590977281332016
truthfulqa_115_best,truthfulqa,0,5,0.1,0.8,0.4,0.43630725145339966,0.09635164588689804,1.0,0.27537837624549866,0.5636927485466003
truthfulqa_156_inc_1,truthfulqa,1,5,0.0,1.0,0.2,0.9035237431526184,0.8578726053237915,0.9521806240081787,0.023346159607172012,0.09647625684738159
truthfulqa_461_corr_3,truthfulqa,0,5,0.0,1.0,0.2,0.7607003450393677,0.5687013864517212,0.8775429725646973,0.09125470370054245,0.23929965496063232
truthfulqa_462_inc_1,truthfulqa,1,5,0.0,1.0,0.2,0.8047709465026855,0.7361631989479065,0.897808313369751,0.04837549850344658,0.19522905349731445
truthfulqa_738_inc_2,truthfulqa,1,5,0.0,1.0,0.2,0.8829814195632935,0.8285056352615356,0.9363301396369934,0.03055279515683651,0.11701858043670654
truthfulqa_49_inc_1,truthfulqa,1,5,0.0,1.0,0.2,0.7785946726799011,0.6282122135162354,0.9076559543609619,0.07341717183589935,0.22140532732009888
truthfulqa_174_corr_1,truthfulqa,0,5,0.1,0.8,0.4,0.6107175946235657,0.3347533345222473,0.9999998807907104,0.28071171045303345,0.3892824053764343
truthfulqa_127_corr_1,truthfulqa,0,5,0.0,1.0,0.2,0.3614334762096405,0.135707288980484,0.6617280840873718,0.12489552050828934,0.6385665237903595
truthfulqa_361_inc_2,truthfulqa,1,5,0.0,1.0,0.2,0.9396375417709351,0.8888168931007385,0.9845931529998779,0.033889029175043106,0.06036245822906494
truthfulqa_327_inc_0,truthfulqa,1,5,0.0,1.0,0.2,0.9402552843093872,0.9041314125061035,0.9656649827957153,0.01830936037003994,0.05974471569061279
truthfulqa_41_corr_1,truthfulqa,0,5,0.0,1.0,0.2,0.8434421420097351,0.7685097455978394,0.9019944667816162,0.04305806756019592,0.1565578579902649
truthfulqa_80_inc_0,truthfulqa,1,5,0.0,1.0,0.2,0.6188341379165649,0.5330967307090759,0.6895601749420166,0.04916360229253769,0.38116586208343506
truthfulqa_311_inc_3,truthfulqa,1,5,0.0,1.0,0.2,0.8709568977355957,0.8151110410690308,0.9563002586364746,0.042775582522153854,0.1290431022644043
truthfulqa_7_inc_0,truthfulqa,1,5,0.0,1.0,0.2,0.8220738172531128,0.7269326448440552,0.9009414911270142,0.05426137149333954,0.1779261827468872
truthfulqa_366_inc_1,truthfulqa,1,5,0.0,1.0,0.2,0.868678867816925,0.8051962852478027,0.9142570495605469,0.03449854254722595,0.13132113218307495
truthfulqa_34_corr_0,truthfulqa,0,5,0.0,1.0,0.2,0.8553274869918823,0.8110368251800537,0.8832087516784668,0.024604015052318573,0.14467251300811768
truthfulqa_209_corr_1,truthfulqa,0,5,0.0,1.0,0.2,0.5459092855453491,0.19836017489433289,0.7762895822525024,0.1856626719236374,0.4540907144546509
truthfulqa_565_inc_0,truthfulqa,1,5,1.0,0.2,1.0,1.0,1.0,1.0,0.0,0.0
truthfulqa_344_best,truthfulqa,0,5,0.0,1.0,0.2,0.6601911783218384,0.40857571363449097,0.9227619171142578,0.2009642869234085,0.3398088216781616
truthfulqa_629_best,truthfulqa,0,5,0.0,1.0,0.2,0.5127565860748291,0.21283501386642456,0.6619868278503418,0.1214957907795906,0.4872434139251709
truthfulqa_471_best,truthfulqa,0,5,0.0,1.0,0.2,0.6998699903488159,0.41278761625289917,0.9663279056549072,0.21666783094406128,0.3001300096511841
truthfulqa_707_inc_1,truthfulqa,1,5,0.0,1.0,0.2,0.9383726119995117,0.9139644503593445,0.9528481960296631,0.011092763394117355,0.06162738800048828
truthfulqa_297_corr_1,truthfulqa,0,5,0.0,1.0,0.2,0.46076256036758423,0.28979507088661194,0.5898129940032959,0.10667968541383743,0.5392374396324158
truthfulqa_272_corr_0,truthfulqa,0,5,0.0,1.0,0.2,0.9339456558227539,0.8999972343444824,0.9665876030921936,0.022093478590250015,0.0660543441772461
truthfulqa_574_inc_0,truthfulqa,1,5,0.0,1.0,0.2,0.6684169769287109,0.28123757243156433,0.9328819513320923,0.19558094441890717,0.33158302307128906
truthfulqa_803_inc_1,truthfulqa,1,5,0.0,1.0,0.2,0.8839954137802124,0.8535333871841431,0.947086751461029,0.02670668251812458,0.1160045862197876
truthfulqa_36_inc_0,truthfulqa,1,5,0.1,0.8,0.4,0.8863991498947144,0.7676889896392822,1.0,0.07559375464916229,0.11360085010528564
truthfulqa_12_inc_2,truthfulqa,1,5,0.0,1.0,0.2,0.6669920682907104,0.5810091495513916,0.8877475261688232,0.08402321487665176,0.33300793170928955
truthfulqa_317_corr_2,truthfulqa,0,5,0.0,1.0,0.2,0.787078320980072,0.6917551755905151,0.8715842962265015,0.05564187839627266,0.21292167901992798
truthfulqa_625_best,truthfulqa,0,5,0.0,1.0,0.2,0.7153443694114685,0.6843764185905457,0.7363751530647278,0.018889199942350388,0.2846556305885315
truthfulqa_11_inc_0,truthfulqa,1,5,0.3,0.6,0.6,0.6655498743057251,0.2607070803642273,1.0,0.30972251296043396,0.3344501256942749
truthfulqa_467_best,truthfulqa,0,5,0.0,1.0,0.2,0.6151240468025208,0.20450948178768158,0.9196215271949768,0.31731072068214417,0.38487595319747925
truthfulqa_375_inc_1,truthfulqa,1,5,0.0,1.0,0.2,0.7967612147331238,0.7015954256057739,0.891929566860199,0.05720707029104233,0.20323878526687622
truthfulqa_706_best,truthfulqa,0,5,0.0,1.0,0.2,0.7308899164199829,0.5343531370162964,0.8736867904663086,0.10141610354185104,0.2691100835800171
truthfulqa_483_corr_2,truthfulqa,0,5,0.0,1.0,0.2,0.877710223197937,0.8138948678970337,0.9305026531219482,0.039938222616910934,0.12228977680206299
truthfulqa_443_corr_1,truthfulqa,0,5,0.0,1.0,0.2,0.45876985788345337,0.12226196378469467,0.8620456457138062,0.28101521730422974,0.5412301421165466
truthfulqa_175_corr_2,truthfulqa,0,5,0.0,1.0,0.2,0.43949779868125916,0.20090198516845703,0.626559317111969,0.11064467579126358,0.5605022013187408
truthfulqa_179_corr_3,truthfulqa,0,5,0.0,1.0,0.2,0.5835320353507996,0.3338945508003235,0.783164381980896,0.15378673374652863,0.41646796464920044
truthfulqa_786_corr_2,truthfulqa,0,5,0.0,1.0,0.2,0.858084499835968,0.8058682680130005,0.9037923812866211,0.030608579516410828,0.14191550016403198
truthfulqa_135_inc_4,truthfulqa,1,5,0.1,0.8,0.4,0.6780921816825867,0.5081772208213806,1.0,0.14686401188373566,0.32190781831741333
truthfulqa_48_inc_3,truthfulqa,1,5,0.0,1.0,0.2,0.8700312376022339,0.7999697923660278,0.9562883377075195,0.051212161779403687,0.1299687623977661
truthfulqa_83_corr_3,truthfulqa,0,5,0.0,1.0,0.2,0.7765327095985413,0.7298205494880676,0.8446174263954163,0.03815304487943649,0.22346729040145874
truthfulqa_579_inc_1,truthfulqa,1,5,0.0,1.0,0.2,0.41135677695274353,0.08645153790712357,0.7138601541519165,0.2045254409313202,0.5886432230472565
truthfulqa_272_inc_0,truthfulqa,1,5,0.0,1.0,0.2,0.932706356048584,0.9146679043769836,0.9711326360702515,0.0179265346378088,0.06729364395141602
truthfulqa_4_corr_5,truthfulqa,0,5,0.0,1.0,0.2,0.8714412450790405,0.8318914175033569,0.9247043132781982,0.028695248067378998,0.12855875492095947
truthfulqa_278_corr_1,truthfulqa,0,5,0.0,1.0,0.2,0.9069653749465942,0.867557168006897,0.9310064315795898,0.019650787115097046,0.09303462505340576
truthfulqa_498_corr_2,truthfulqa,0,5,0.0,1.0,0.2,0.7436708807945251,0.6123325228691101,0.8638348579406738,0.08895664662122726,0.25632911920547485
truthfulqa_472_inc_1,truthfulqa,1,5,0.0,1.0,0.2,0.45540761947631836,0.07102763652801514,0.7752642631530762,0.27942556142807007,0.5445923805236816
truthfulqa_479_inc_3,truthfulqa,1,5,0.0,1.0,0.2,0.5394340753555298,0.21213960647583008,0.7532013058662415,0.18549320101737976,0.4605659246444702
truthfulqa_141_best,truthfulqa,0,5,0.2,0.6,0.4,0.8271930813789368,0.7283661961555481,1.0,0.09713485091924667,0.17280691862106323
truthfulqa_455_best,truthfulqa,0,5,0.0,1.0,0.2,0.6918314099311829,0.5406594276428223,0.9416381120681763,0.10451487451791763,0.30816859006881714
truthfulqa_243_corr_1,truthfulqa,0,5,0.0,1.0,0.2,0.9330902099609375,0.9158157110214233,0.9626098871231079,0.014384674839675426,0.0669097900390625
truthfulqa_221_inc_0,truthfulqa,1,5,0.0,1.0,0.2,0.6672519445419312,0.4949701428413391,0.7516157627105713,0.07504647225141525,0.33274805545806885
truthfulqa_481_corr_1,truthfulqa,0,5,0.0,1.0,0.2,0.426950603723526,0.2751777768135071,0.7076647281646729,0.13455063104629517,0.573049396276474
truthfulqa_768_inc_1,truthfulqa,1,5,0.0,1.0,0.2,0.7386583089828491,0.6774817705154419,0.8112573027610779,0.04423368349671364,0.2613416910171509
truthfulqa_401_inc_1,truthfulqa,1,5,0.0,1.0,0.2,0.7977363467216492,0.6662237644195557,0.9164378643035889,0.09868152439594269,0.20226365327835083
truthfulqa_310_inc_4,truthfulqa,1,5,0.0,1.0,0.2,0.5618184804916382,0.4843100905418396,0.6683964729309082,0.057949699461460114,0.4381815195083618
truthfulqa_719_corr_2,truthfulqa,0,5,0.0,1.0,0.2,0.8066345453262329,0.7592630386352539,0.8611034154891968,0.04185015708208084,0.1933654546737671
truthfulqa_386_corr_1,truthfulqa,0,5,0.0,1.0,0.2,0.7574872970581055,0.6653062105178833,0.8702477216720581,0.06839701533317566,0.24251270294189453
truthfulqa_121_corr_1,truthfulqa,0,5,0.0,1.0,0.2,0.4903348386287689,0.19646289944648743,0.9021116495132446,0.21853771805763245,0.5096651613712311
truthfulqa_313_inc_2,truthfulqa,1,5,0.0,1.0,0.2,0.7613504528999329,0.6438071131706238,0.8789256811141968,0.07569568604230881,0.23864954710006714
truthfulqa_574_inc_7,truthfulqa,1,5,0.1,0.8,0.4,0.7791821956634521,0.660746157169342,1.0,0.09389448910951614,0.22081780433654785
truthfulqa_188_corr_1,truthfulqa,0,5,0.0,1.0,0.2,0.930099606513977,0.894099771976471,0.9538441896438599,0.020929966121912003,0.06990039348602295
truthfulqa_569_inc_0,truthfulqa,1,5,0.1,0.8,0.4,0.44992169737815857,0.11763103306293488,0.9628384113311768,0.2315395474433899,0.5500783026218414
truthfulqa_16_inc_4,truthfulqa,1,5,0.0,1.0,0.2,0.6652945280075073,0.43157660961151123,0.9020805358886719,0.17632369697093964,0.3347054719924927
truthfulqa_659_best,truthfulqa,0,5,0.0,1.0,0.2,0.7826669216156006,0.6634892225265503,0.9016628265380859,0.06137344241142273,0.21733307838439941
truthfulqa_15_inc_2,truthfulqa,1,5,0.0,1.0,0.2,0.9112455248832703,0.8927170038223267,0.9349016547203064,0.013673678040504456,0.08875447511672974
truthfulqa_313_best,truthfulqa,0,5,0.0,1.0,0.2,0.724372923374176,0.5376049280166626,0.9030134677886963,0.11505996435880661,0.275627076625824
truthfulqa_49_corr_1,truthfulqa,0,5,0.0,1.0,0.2,0.8031589388847351,0.707312822341919,0.8876514434814453,0.05099783465266228,0.1968410611152649
truthfulqa_389_corr_1,truthfulqa,0,5,0.0,1.0,0.2,0.6985067129135132,0.5747769474983215,0.8175908327102661,0.08464916795492172,0.3014932870864868
truthfulqa_450_best,truthfulqa,0,5,0.0,1.0,0.2,0.9235184788703918,0.860772430896759,0.983301043510437,0.04214601591229439,0.07648152112960815
truthfulqa_661_best,truthfulqa,0,5,0.0,1.0,0.2,0.7972339391708374,0.6807245016098022,0.8737219572067261,0.06605521589517593,0.2027660608291626
truthfulqa_787_inc_4,truthfulqa,1,5,0.0,1.0,0.2,0.824787974357605,0.7418109178543091,0.9288543462753296,0.0629635602235794,0.17521202564239502
truthfulqa_409_corr_2,truthfulqa,0,5,0.0,1.0,0.2,0.7339920401573181,0.4872961640357971,0.9087001085281372,0.1531795710325241,0.2660079598426819
truthfulqa_621_inc_1,truthfulqa,1,5,0.0,1.0,0.2,0.5544414520263672,0.4199390709400177,0.7185460925102234,0.0861721783876419,0.4455585479736328
truthfulqa_463_inc_2,truthfulqa,1,5,0.0,1.0,0.2,0.7765815854072571,0.6932580471038818,0.8961871862411499,0.060864679515361786,0.22341841459274292
truthfulqa_416_inc_3,truthfulqa,1,5,0.0,1.0,0.2,0.7429990768432617,0.6944454908370972,0.7902582883834839,0.035833220928907394,0.2570009231567383
truthfulqa_776_inc_0,truthfulqa,1,5,0.0,1.0,0.2,0.7682229280471802,0.695833683013916,0.8818552494049072,0.06471812725067139,0.23177707195281982
truthfulqa_245_inc_1,truthfulqa,1,5,0.0,1.0,0.2,0.9054058194160461,0.8314129710197449,0.9558982253074646,0.03504304587841034,0.09459418058395386
truthfulqa_693_corr_2,truthfulqa,0,5,0.0,1.0,0.2,0.7289702296257019,0.48449477553367615,0.89333176612854,0.14536318182945251,0.2710297703742981
truthfulqa_18_corr_2,truthfulqa,0,5,0.0,1.0,0.2,0.7420383095741272,0.627306342124939,0.8256127238273621,0.052785180509090424,0.2579616904258728
truthfulqa_34_inc_3,truthfulqa,1,5,0.0,1.0,0.2,0.8611648678779602,0.7956823110580444,0.9213263392448425,0.03552260622382164,0.1388351321220398
truthfulqa_786_best,truthfulqa,0,5,0.0,1.0,0.2,0.8604437112808228,0.8091643452644348,0.8911741375923157,0.025293022394180298,0.13955628871917725
truthfulqa_254_inc_1,truthfulqa,1,5,0.0,1.0,0.2,0.7484961152076721,0.6730461120605469,0.8383952975273132,0.05194442719221115,0.2515038847923279
truthfulqa_456_inc_4,truthfulqa,1,5,0.0,1.0,0.2,0.7618348002433777,0.6246368885040283,0.8814428448677063,0.07351566106081009,0.23816519975662231
truthfulqa_699_corr_1,truthfulqa,0,5,0.0,1.0,0.2,0.722441554069519,0.5467337965965271,0.9327539205551147,0.12878184020519257,0.27755844593048096
truthfulqa_192_inc_2,truthfulqa,1,5,0.0,1.0,0.2,0.9128645062446594,0.8642843961715698,0.9481186866760254,0.02436619997024536,0.08713549375534058
truthfulqa_804_inc_3,truthfulqa,1,5,0.0,1.0,0.2,0.7201290726661682,0.6244783401489258,0.8390811681747437,0.060470424592494965,0.2798709273338318
truthfulqa_232_corr_1,truthfulqa,0,5,0.0,1.0,0.2,0.574271023273468,0.4051123559474945,0.7615691423416138,0.11088676005601883,0.425728976726532
truthfulqa_579_inc_3,truthfulqa,1,5,0.1,0.8,0.4,0.3891006112098694,0.15577663481235504,0.9999999403953552,0.2368481308221817,0.6108993887901306
truthfulqa_713_inc_2,truthfulqa,1,5,0.0,1.0,0.2,0.7781752347946167,0.6563882231712341,0.8883278369903564,0.08037637174129486,0.2218247652053833
truthfulqa_153_corr_2,truthfulqa,0,5,0.0,1.0,0.2,0.7683628797531128,0.5844299793243408,0.8780137896537781,0.09703928977251053,0.2316371202468872
truthfulqa_816_corr_4,truthfulqa,0,5,0.0,1.0,0.2,0.9165325164794922,0.8769651651382446,0.9530771970748901,0.024682799354195595,0.08346748352050781
truthfulqa_220_best,truthfulqa,0,5,0.0,1.0,0.2,0.8735076785087585,0.7926037907600403,0.9443792104721069,0.05463240295648575,0.12649232149124146
truthfulqa_305_corr_4,truthfulqa,0,5,0.0,1.0,0.2,0.873752772808075,0.835138201713562,0.9292162656784058,0.03174950182437897,0.12624722719192505
truthfulqa_457_best,truthfulqa,0,5,0.0,1.0,0.2,0.7985692024230957,0.6770193576812744,0.9509291052818298,0.0970262810587883,0.2014307975769043
truthfulqa_305_inc_0,truthfulqa,1,5,0.0,1.0,0.2,0.8930202722549438,0.8582214117050171,0.9613189697265625,0.03141754865646362,0.10697972774505615
truthfulqa_586_corr_1,truthfulqa,0,5,0.0,1.0,0.2,0.5090901255607605,0.22934065759181976,0.8392081260681152,0.2041601985692978,0.4909098744392395
truthfulqa_217_inc_1,truthfulqa,1,5,0.0,1.0,0.2,0.9164369702339172,0.8929786682128906,0.954247236251831,0.019776126369833946,0.08356302976608276
truthfulqa_69_corr_0,truthfulqa,0,5,0.0,1.0,0.2,0.6991878747940063,0.5073356032371521,0.8810420036315918,0.15308792889118195,0.30081212520599365
truthfulqa_533_corr_2,truthfulqa,0,5,0.0,1.0,0.2,0.6483988165855408,0.4584997296333313,0.9207973480224609,0.1379845142364502,0.35160118341445923
truthfulqa_732_inc_2,truthfulqa,1,5,0.0,1.0,0.2,0.8540946841239929,0.8141909241676331,0.8868303298950195,0.02332758530974388,0.14590531587600708
truthfulqa_208_inc_1,truthfulqa,1,5,0.0,1.0,0.2,0.8827927708625793,0.8064175248146057,0.9413572549819946,0.04949519783258438,0.11720722913742065
truthfulqa_511_inc_4,truthfulqa,1,5,0.0,1.0,0.2,0.7968043088912964,0.6813750267028809,0.8784152269363403,0.05945553630590439,0.2031956911087036
truthfulqa_803_best,truthfulqa,0,5,0.0,1.0,0.2,0.825967013835907,0.6829357147216797,0.9304111003875732,0.07733315974473953,0.17403298616409302
truthfulqa_299_inc_2,truthfulqa,1,5,0.0,1.0,0.2,0.6265183091163635,0.5257856249809265,0.7320159673690796,0.060295943170785904,0.3734816908836365
truthfulqa_419_corr_2,truthfulqa,0,5,0.0,1.0,0.2,0.49381503462791443,0.2981187701225281,0.9283547401428223,0.16519206762313843,0.5061849653720856
truthfulqa_190_inc_2,truthfulqa,1,5,0.0,1.0,0.2,0.9080211520195007,0.8775732517242432,0.9645633697509766,0.024006370455026627,0.09197884798049927
truthfulqa_65_best,truthfulqa,0,5,0.0,1.0,0.2,0.8333162069320679,0.7065496444702148,0.9244153499603271,0.08025048673152924,0.16668379306793213
truthfulqa_483_inc_0,truthfulqa,1,5,0.0,1.0,0.2,0.8541343808174133,0.8103583455085754,0.9503411054611206,0.046862147748470306,0.14586561918258667
truthfulqa_666_corr_3,truthfulqa,0,5,0.0,1.0,0.2,0.9275418519973755,0.8947196006774902,0.9517682790756226,0.017022328451275826,0.07245814800262451
truthfulqa_813_best,truthfulqa,0,5,0.0,1.0,0.2,0.4020842909812927,0.07856001704931259,0.9307492971420288,0.33581241965293884,0.5979157090187073
truthfulqa_798_inc_5,truthfulqa,1,5,0.0,1.0,0.2,0.8477972745895386,0.7609275579452515,0.9278243780136108,0.061035435646772385,0.15220272541046143
truthfulqa_628_corr_1,truthfulqa,0,5,0.0,1.0,0.2,0.6756559610366821,0.5781004428863525,0.7845221757888794,0.0549507811665535,0.32434403896331787
truthfulqa_618_inc_0,truthfulqa,1,5,0.0,1.0,0.2,0.559777557849884,0.20111888647079468,0.9267470836639404,0.2721529006958008,0.44022244215011597
truthfulqa_732_best,truthfulqa,0,5,0.0,1.0,0.2,0.865174412727356,0.8183932900428772,0.8989784717559814,0.023996738716959953,0.13482558727264404
truthfulqa_791_corr_3,truthfulqa,0,5,0.0,1.0,0.2,0.778638482093811,0.6705235242843628,0.8642529249191284,0.0522039420902729,0.22136151790618896
truthfulqa_346_best,truthfulqa,0,5,0.0,1.0,0.2,0.8014358282089233,0.6744549870491028,0.8982590436935425,0.07356047630310059,0.19856417179107666
truthfulqa_261_inc_1,truthfulqa,1,5,0.0,1.0,0.2,0.9378170967102051,0.9146836996078491,0.963348388671875,0.016173498705029488,0.06218290328979492
truthfulqa_670_corr_3,truthfulqa,0,5,0.0,1.0,0.2,0.8534849882125854,0.7760517597198486,0.9085910320281982,0.03713732957839966,0.14651501178741455
truthfulqa_470_inc_3,truthfulqa,1,5,0.1,0.8,0.4,0.4614858627319336,0.2053038775920868,0.9999998807907104,0.28492534160614014,0.5385141372680664
truthfulqa_409_corr_1,truthfulqa,0,5,0.0,1.0,0.2,0.8486881256103516,0.7973872423171997,0.9200395345687866,0.03180896118283272,0.15131187438964844
truthfulqa_607_inc_3,truthfulqa,1,5,0.0,1.0,0.2,0.5154976844787598,0.34187155961990356,0.8288053274154663,0.14885926246643066,0.48450231552124023
truthfulqa_792_inc_3,truthfulqa,1,5,0.0,1.0,0.2,0.882811427116394,0.8104829788208008,0.939499020576477,0.04833458364009857,0.11718857288360596
truthfulqa_323_corr_3,truthfulqa,0,5,0.0,1.0,0.2,0.8469058275222778,0.7683094143867493,0.8927211165428162,0.039124976843595505,0.15309417247772217
truthfulqa_773_inc_2,truthfulqa,1,5,0.0,1.0,0.2,0.6203142404556274,0.5041356086730957,0.8260509967803955,0.11074025183916092,0.37968575954437256
truthfulqa_574_inc_4,truthfulqa,1,5,0.0,1.0,0.2,0.7202092409133911,0.443117618560791,0.9578712582588196,0.21160468459129333,0.2797907590866089
truthfulqa_534_best,truthfulqa,0,5,0.0,1.0,0.2,0.48941144347190857,0.3176175355911255,0.9207973480224609,0.1786699891090393,0.5105885565280914
truthfulqa_568_inc_6,truthfulqa,1,5,0.6,0.4,0.8,0.8817070722579956,0.7042678594589233,1.0,0.1448785662651062,0.1182929277420044
truthfulqa_345_inc_2,truthfulqa,1,5,0.0,1.0,0.2,0.7878948450088501,0.6742504835128784,0.9421164989471436,0.08952700346708298,0.2121051549911499
truthfulqa_184_best,truthfulqa,0,5,0.0,1.0,0.2,0.9146620035171509,0.8820152282714844,0.9455422163009644,0.01984362117946148,0.08533799648284912
truthfulqa_40_inc_2,truthfulqa,1,5,0.0,1.0,0.2,0.8881098628044128,0.862683892250061,0.9443786144256592,0.024976393207907677,0.11189013719558716
truthfulqa_344_inc_6,truthfulqa,1,5,0.0,1.0,0.2,0.931363582611084,0.8791929483413696,0.9647216796875,0.026661233976483345,0.06863641738891602
truthfulqa_169_inc_5,truthfulqa,1,5,0.0,1.0,0.2,0.683025062084198,0.6074234247207642,0.8444429039955139,0.06405048072338104,0.316974937915802
truthfulqa_315_corr_3,truthfulqa,0,5,0.0,1.0,0.2,0.575092077255249,0.21032989025115967,0.8835610151290894,0.27469515800476074,0.424907922744751
truthfulqa_237_inc_1,truthfulqa,1,5,0.0,1.0,0.2,0.7830777764320374,0.6688289642333984,0.9183515310287476,0.0658419132232666,0.21692222356796265
truthfulqa_539_corr_4,truthfulqa,0,5,0.0,1.0,0.2,0.7960436344146729,0.7081046104431152,0.8925565481185913,0.05449099838733673,0.20395636558532715
truthfulqa_461_inc_0,truthfulqa,1,5,0.0,1.0,0.2,0.7823566794395447,0.6866351962089539,0.8630766272544861,0.053254786878824234,0.21764332056045532
truthfulqa_33_corr_4,truthfulqa,0,5,0.0,1.0,0.2,0.8337451815605164,0.7743724584579468,0.9187257289886475,0.048881519585847855,0.16625481843948364
truthfulqa_267_best,truthfulqa,0,5,0.0,1.0,0.2,0.9277229309082031,0.9147658348083496,0.9518035650253296,0.011890771798789501,0.07227706909179688
truthfulqa_233_inc_4,truthfulqa,1,5,0.0,1.0,0.2,0.4554405212402344,0.041254933923482895,0.819151759147644,0.3224509060382843,0.5445594787597656
truthfulqa_514_inc_1,truthfulqa,1,5,0.0,1.0,0.2,0.7519406080245972,0.630457878112793,0.8309921622276306,0.059596333652734756,0.24805939197540283
truthfulqa_78_inc_1,truthfulqa,1,5,0.0,1.0,0.2,0.801772952079773,0.7386658787727356,0.8909631967544556,0.04734186828136444,0.19822704792022705
truthfulqa_426_inc_0,truthfulqa,1,5,0.3,0.6,0.6,0.5371519923210144,0.26485222578048706,1.0,0.30468693375587463,0.4628480076789856
truthfulqa_380_inc_3,truthfulqa,1,5,0.0,1.0,0.2,0.6982266306877136,0.46761536598205566,0.859136700630188,0.14032414555549622,0.3017733693122864
truthfulqa_173_inc_1,truthfulqa,1,5,0.1,0.8,0.4,0.6401007175445557,0.4265812337398529,0.9999999403953552,0.17716072499752045,0.35989928245544434
truthfulqa_351_inc_0,truthfulqa,1,5,0.0,1.0,0.2,0.6936336755752563,0.5652719736099243,0.7909677624702454,0.07700835913419724,0.30636632442474365
fever_42215,fever,1,5,0.0,1.0,0.2,0.762352705001831,0.714938759803772,0.821463942527771,0.03437943011522293,0.23764729499816895
fever_154608,fever,1,5,0.0,1.0,0.2,0.8048831224441528,0.7440487146377563,0.877375066280365,0.041574448347091675,0.19511687755584717
fever_121431,fever,1,5,0.0,1.0,0.2,0.8503618240356445,0.7959145307540894,0.9375120401382446,0.037588655948638916,0.14963817596435547
fever_38940,fever,1,5,0.0,1.0,0.2,0.8026107549667358,0.6184427738189697,0.9443767666816711,0.10018029063940048,0.19738924503326416
fever_29577,fever,0,5,0.0,1.0,0.2,0.8754433393478394,0.7799787521362305,0.9596418142318726,0.062033846974372864,0.12455666065216064
fever_94829,fever,1,5,0.0,1.0,0.2,0.839288592338562,0.7885442972183228,0.8929974436759949,0.04125576093792915,0.160711407661438
fever_109036,fever,1,5,0.0,1.0,0.2,0.9139641523361206,0.8382788896560669,0.9672571420669556,0.03670668601989746,0.0860358476638794
fever_35914,fever,1,5,0.0,1.0,0.2,0.840140700340271,0.7601065635681152,0.9640941619873047,0.06082070991396904,0.159859299659729
fever_208149,fever,1,5,0.0,1.0,0.2,0.8428864479064941,0.7240951061248779,0.9303147792816162,0.07700739055871964,0.15711355209350586
fever_17376,fever,0,5,0.0,1.0,0.2,0.6309810876846313,0.5044553279876709,0.7981479167938232,0.0914510190486908,0.36901891231536865
fever_178225,fever,1,5,0.0,1.0,0.2,0.8614733815193176,0.7620855569839478,0.9440979361534119,0.060965608805418015,0.13852661848068237
fever_155476,fever,0,5,0.0,1.0,0.2,0.899222731590271,0.8641897439956665,0.9297710657119751,0.02008356712758541,0.100777268409729
fever_102161,fever,1,5,0.0,1.0,0.2,0.8300126791000366,0.6368434429168701,0.9209281802177429,0.08116543292999268,0.16998732089996338
fever_149042,fever,1,5,0.0,1.0,0.2,0.7204685211181641,0.6117161512374878,0.879109263420105,0.09044865518808365,0.27953147888183594
fever_27279,fever,1,5,0.0,1.0,0.2,0.7944689989089966,0.7162027359008789,0.8505409955978394,0.04688040167093277,0.20553100109100342
fever_103118,fever,1,5,0.0,1.0,0.2,0.7391549348831177,0.6332301497459412,0.8678194284439087,0.06931770592927933,0.2608450651168823
fever_96576,fever,0,5,0.0,1.0,0.2,0.791452169418335,0.6533515453338623,0.8691802024841309,0.056412454694509506,0.20854783058166504
fever_39716,fever,1,5,0.0,1.0,0.2,0.8119751811027527,0.7258871793746948,0.956527590751648,0.07001616060733795,0.18802481889724731
fever_140337,fever,1,5,0.0,1.0,0.2,0.9128736257553101,0.8719040155410767,0.9634113907814026,0.030319977551698685,0.08712637424468994
fever_5950,fever,0,5,0.0,1.0,0.2,0.9076460003852844,0.8486099243164062,0.9481426477432251,0.032339416444301605,0.09235399961471558
fever_68000,fever,1,5,0.0,1.0,0.2,0.8852723836898804,0.7190767526626587,0.9988555908203125,0.12422316521406174,0.11472761631011963
fever_96271,fever,0,5,0.0,1.0,0.2,0.8523748517036438,0.7716833353042603,0.9297084808349609,0.04691118001937866,0.1476251482963562
fever_57008,fever,0,5,0.0,1.0,0.2,0.699939489364624,0.5216039419174194,0.8498621582984924,0.11660033464431763,0.300060510635376
fever_91371,fever,1,5,0.0,1.0,0.2,0.8730486035346985,0.811579704284668,0.9329952001571655,0.03659826144576073,0.1269513964653015
fever_171597,fever,0,5,0.0,1.0,0.2,0.9303773045539856,0.8734554648399353,0.9700320959091187,0.02853148989379406,0.0696226954460144
fever_48242,fever,0,5,0.0,1.0,0.2,0.7261560559272766,0.6163201332092285,0.8438643217086792,0.07111341506242752,0.2738439440727234
fever_125533,fever,0,5,0.0,1.0,0.2,0.7938634157180786,0.6950031518936157,0.8857790231704712,0.05390975996851921,0.2061365842819214
fever_224569,fever,1,5,0.0,1.0,0.2,0.8297174572944641,0.7867441177368164,0.8589504361152649,0.020318051800131798,0.1702825427055359
fever_36829,fever,1,5,0.0,1.0,0.2,0.6563717722892761,0.36843493580818176,0.9666914939880371,0.2014610767364502,0.3436282277107239
fever_25521,fever,1,5,0.0,1.0,0.2,0.7593022584915161,0.6705003380775452,0.8947240114212036,0.05911000818014145,0.2406977415084839
fever_7639,fever,0,5,0.0,1.0,0.2,0.807094931602478,0.6163545846939087,0.9266167879104614,0.08781510591506958,0.19290506839752197
fever_27301,fever,0,5,0.0,1.0,0.2,0.8810338973999023,0.7344876527786255,0.9924917817115784,0.08865807205438614,0.11896610260009766
fever_215506,fever,1,5,0.0,1.0,0.2,0.7504297494888306,0.64100182056427,0.8293648362159729,0.062228936702013016,0.24957025051116943
fever_183460,fever,0,5,0.0,1.0,0.2,0.8559611439704895,0.7277234792709351,0.941505491733551,0.0768851488828659,0.1440388560295105
fever_134344,fever,0,5,0.0,1.0,0.2,0.8485830426216125,0.7411110401153564,0.924882173538208,0.05804572254419327,0.15141695737838745
fever_43535,fever,0,5,0.0,1.0,0.2,0.7870578765869141,0.6780000925064087,0.8746800422668457,0.05809115990996361,0.21294212341308594
fever_194466,fever,1,5,0.0,1.0,0.2,0.7637469172477722,0.7086171507835388,0.8386830687522888,0.04871276393532753,0.23625308275222778
fever_216365,fever,1,5,0.0,1.0,0.2,0.8213537335395813,0.7229456901550293,0.9088732004165649,0.06103136017918587,0.1786462664604187
fever_181630,fever,1,5,0.0,1.0,0.2,0.9104310274124146,0.8777905106544495,0.9490801095962524,0.02445913851261139,0.08956897258758545
fever_65047,fever,0,5,0.0,1.0,0.2,0.7793869972229004,0.6618527173995972,0.868121862411499,0.06853894144296646,0.2206130027770996
fever_28702,fever,0,5,0.0,1.0,0.2,0.8992922902107239,0.8391042351722717,0.9380961060523987,0.031130043789744377,0.10070770978927612
fever_149033,fever,0,5,0.0,1.0,0.2,0.7421911954879761,0.6231906414031982,0.8465327620506287,0.06442340463399887,0.2578088045120239
fever_16378,fever,0,5,0.0,1.0,0.2,0.8026394844055176,0.6776169538497925,0.9021421670913696,0.06581522524356842,0.19736051559448242
fever_202759,fever,1,5,0.0,1.0,0.2,0.8388034105300903,0.7134994268417358,0.9300941228866577,0.07641381025314331,0.16119658946990967
fever_40417,fever,0,5,0.0,1.0,0.2,0.7859281301498413,0.7130760550498962,0.8478690385818481,0.045109886676073074,0.2140718698501587
fever_131529,fever,0,5,0.0,1.0,0.2,0.9097727537155151,0.8437745571136475,0.9831982851028442,0.04129483550786972,0.09022724628448486
fever_36849,fever,1,5,0.0,1.0,0.2,0.7203273773193359,0.5599009394645691,0.8238664865493774,0.07987122237682343,0.27967262268066406
fever_146157,fever,1,5,0.0,1.0,0.2,0.875575065612793,0.830113410949707,0.9218264222145081,0.031682293862104416,0.12442493438720703
fever_44864,fever,0,5,0.0,1.0,0.2,0.8160865902900696,0.7034940719604492,0.9358294010162354,0.08326934278011322,0.18391340970993042
fever_104617,fever,1,5,0.0,1.0,0.2,0.7274226546287537,0.6321756839752197,0.7914782166481018,0.048384588211774826,0.27257734537124634
fever_42343,fever,1,5,0.0,1.0,0.2,0.9070447683334351,0.8555566072463989,0.948219895362854,0.0341842956840992,0.09295523166656494
fever_128551,fever,1,5,0.3,0.6,0.6,0.9365294575691223,0.8940049409866333,0.9999998807907104,0.04307739809155464,0.06347054243087769
fever_140044,fever,0,5,0.0,1.0,0.2,0.8798366785049438,0.7703510522842407,0.9420009851455688,0.04905330017209053,0.12016332149505615
fever_148152,fever,1,5,0.0,1.0,0.2,0.8926039934158325,0.8002797365188599,0.9739913940429688,0.06146373972296715,0.10739600658416748
fever_41786,fever,0,5,0.0,1.0,0.2,0.7969903945922852,0.7276597619056702,0.8593668937683105,0.04849943891167641,0.20300960540771484
fever_174987,fever,0,5,0.0,1.0,0.2,0.8468872308731079,0.7454804182052612,0.9072757959365845,0.04861476644873619,0.1531127691268921
fever_124295,fever,1,5,0.0,1.0,0.2,0.8707952499389648,0.8050087690353394,0.9345637559890747,0.034587595611810684,0.12920475006103516
fever_45581,fever,0,5,0.0,1.0,0.2,0.9090154767036438,0.8472304344177246,0.9577678442001343,0.03187946975231171,0.0909845232963562
fever_57259,fever,0,5,0.0,1.0,0.2,0.7518592476844788,0.550643265247345,0.8837916851043701,0.1132611632347107,0.24814075231552124
fever_42397,fever,1,5,0.0,1.0,0.2,0.8484575152397156,0.7989200353622437,0.9430686235427856,0.041662752628326416,0.15154248476028442
fever_208413,fever,0,5,0.0,1.0,0.2,0.7766334414482117,0.673197865486145,0.886420726776123,0.06588230282068253,0.22336655855178833
fever_164092,fever,0,5,0.0,1.0,0.2,0.7983490228652954,0.7003186941146851,0.8918048143386841,0.048612210899591446,0.2016509771347046
fever_136914,fever,1,5,0.0,1.0,0.2,0.7369433641433716,0.565117597579956,0.8907017111778259,0.11570864170789719,0.2630566358566284
fever_27416,fever,0,5,0.0,1.0,0.2,0.8286463618278503,0.7479794025421143,0.9288797974586487,0.06639493256807327,0.17135363817214966
fever_178158,fever,1,5,0.0,1.0,0.2,0.8489073514938354,0.766670823097229,0.9035258293151855,0.04623499512672424,0.15109264850616455
fever_129878,fever,1,5,0.0,1.0,0.2,0.9019469022750854,0.8539741039276123,0.9669015407562256,0.032755203545093536,0.09805309772491455
fever_14286,fever,1,5,0.0,1.0,0.2,0.8507797122001648,0.7689623832702637,0.9442031383514404,0.0567844919860363,0.1492202877998352
fever_164403,fever,1,5,0.0,1.0,0.2,0.8210760354995728,0.741889476776123,0.9412530660629272,0.0723622515797615,0.17892396450042725
fever_14901,fever,0,5,0.0,1.0,0.2,0.8033908009529114,0.7109524011611938,0.9089921712875366,0.05276389792561531,0.19660919904708862
fever_56559,fever,1,5,0.0,1.0,0.2,0.9161114692687988,0.8565359115600586,0.9625288248062134,0.029382238164544106,0.08388853073120117
fever_194761,fever,0,5,0.0,1.0,0.2,0.9149817228317261,0.839099645614624,0.9938796162605286,0.0482998751103878,0.08501827716827393
fever_174615,fever,0,5,0.0,1.0,0.2,0.804826557636261,0.7008373737335205,0.888931155204773,0.061711590737104416,0.195173442363739
fever_180574,fever,1,5,0.0,1.0,0.2,0.823988139629364,0.7807113528251648,0.8566077351570129,0.02523190900683403,0.176011860370636
fever_217102,fever,1,5,0.0,1.0,0.2,0.9277210235595703,0.8914422988891602,0.9497356414794922,0.019207336008548737,0.07227897644042969
fever_138377,fever,0,5,0.0,1.0,0.2,0.8146762847900391,0.7021838426589966,0.9596441984176636,0.08333764970302582,0.18532371520996094
fever_140820,fever,0,5,0.0,1.0,0.2,0.9003416299819946,0.8120028972625732,0.950249433517456,0.042433321475982666,0.09965837001800537
fever_106209,fever,1,5,0.0,1.0,0.2,0.9373432397842407,0.916343629360199,0.9650477170944214,0.018208147957921028,0.06265676021575928
fever_143533,fever,0,5,0.0,1.0,0.2,0.7768744230270386,0.7348755598068237,0.833450973033905,0.028891799971461296,0.22312557697296143
fever_92447,fever,1,5,0.0,1.0,0.2,0.8101032376289368,0.7348891496658325,0.8865325450897217,0.039507970213890076,0.18989676237106323
fever_219285,fever,0,5,0.0,1.0,0.2,0.8323586583137512,0.778148889541626,0.9311003684997559,0.0513697974383831,0.16764134168624878
fever_12403,fever,1,5,0.0,1.0,0.2,0.88524329662323,0.8129081726074219,0.9309442639350891,0.038435447961091995,0.11475670337677002
fever_74035,fever,0,5,0.0,1.0,0.2,0.8191672563552856,0.7152471542358398,0.9062895774841309,0.06007689982652664,0.18083274364471436
fever_52751,fever,0,5,0.0,1.0,0.2,0.7293165326118469,0.6627503633499146,0.8072233200073242,0.04327137768268585,0.2706834673881531
fever_174030,fever,0,5,0.0,1.0,0.2,0.9222599267959595,0.8802231550216675,0.9683362245559692,0.022981248795986176,0.07774007320404053
fever_110652,fever,0,5,0.0,1.0,0.2,0.81000816822052,0.7278754115104675,0.896420419216156,0.04626704752445221,0.18999183177947998
fever_101008,fever,1,5,0.0,1.0,0.2,0.7676898837089539,0.49920904636383057,0.9304274320602417,0.13641853630542755,0.23231011629104614
fever_39664,fever,1,5,0.0,1.0,0.2,0.8479458093643188,0.7878535985946655,0.9799683690071106,0.05384115129709244,0.15205419063568115
fever_181185,fever,1,5,0.0,1.0,0.2,0.846570611000061,0.7743113040924072,0.8948707580566406,0.03852361813187599,0.15342938899993896
fever_129460,fever,1,5,0.0,1.0,0.2,0.8806997537612915,0.7926981449127197,0.9565036296844482,0.047195445746183395,0.1193002462387085
fever_194456,fever,0,5,0.0,1.0,0.2,0.6237456202507019,0.5810232162475586,0.6776851415634155,0.029622048139572144,0.3762543797492981
fever_14113,fever,0,5,0.0,1.0,0.2,0.8545507192611694,0.6863375902175903,0.9635066986083984,0.07267861813306808,0.14544928073883057
fever_48275,fever,0,5,0.0,1.0,0.2,0.7394551038742065,0.574642539024353,0.8754569292068481,0.09979958087205887,0.26054489612579346
fever_132524,fever,1,5,0.0,1.0,0.2,0.8676444888114929,0.7900782823562622,0.949469804763794,0.05212054401636124,0.13235551118850708
fever_78514,fever,0,5,0.0,1.0,0.2,0.7683315873146057,0.7014409303665161,0.930228590965271,0.06732458621263504,0.2316684126853943
fever_135552,fever,1,5,0.0,1.0,0.2,0.8966244459152222,0.8337670564651489,0.9673541784286499,0.037366144359111786,0.10337555408477783
fever_18614,fever,0,5,0.0,1.0,0.2,0.6843295097351074,0.5848963260650635,0.7816076874732971,0.06707507371902466,0.3156704902648926
fever_157641,fever,1,5,0.0,1.0,0.2,0.6456676721572876,0.502324104309082,0.7888513803482056,0.07665939629077911,0.3543323278427124
fever_131576,fever,0,5,0.0,1.0,0.2,0.7682145833969116,0.6830042600631714,0.8732349276542664,0.0584450364112854,0.23178541660308838
fever_173118,fever,0,5,0.0,1.0,0.2,0.824968695640564,0.7894260883331299,0.8666388988494873,0.02543063648045063,0.17503130435943604
fever_194793,fever,1,5,0.0,1.0,0.2,0.8054856061935425,0.7282873392105103,0.907248854637146,0.06143082678318024,0.19451439380645752
fever_199276,fever,1,5,0.0,1.0,0.2,0.8886666297912598,0.7776588201522827,0.9730970859527588,0.07021792232990265,0.11133337020874023
fever_61771,fever,0,5,0.0,1.0,0.2,0.8878277540206909,0.833571195602417,0.9538089036941528,0.032215483486652374,0.11217224597930908
fever_116446,fever,1,5,0.0,1.0,0.2,0.9609087705612183,0.9515399932861328,0.9782273769378662,0.007631388492882252,0.03909122943878174
fever_134997,fever,0,5,0.0,1.0,0.2,0.8329235911369324,0.7414542436599731,0.9313132762908936,0.05954959988594055,0.16707640886306763
fever_170398,fever,1,5,0.0,1.0,0.2,0.812870979309082,0.6851423978805542,0.9160693883895874,0.0753793939948082,0.18712902069091797
fever_99654,fever,1,5,0.0,1.0,0.2,0.8249050378799438,0.7497759461402893,0.9258358478546143,0.05301040783524513,0.17509496212005615
fever_91798,fever,1,5,0.0,1.0,0.2,0.8754526376724243,0.8065072298049927,0.9337672591209412,0.03395424410700798,0.12454736232757568
fever_193911,fever,1,5,0.0,1.0,0.2,0.8758382797241211,0.7929019927978516,0.9721729159355164,0.04506642371416092,0.1241617202758789
fever_150412,fever,0,5,0.0,1.0,0.2,0.9152520895004272,0.844124436378479,0.9799213409423828,0.041381292045116425,0.08474791049957275
fever_220958,fever,1,5,0.0,1.0,0.2,0.8433929681777954,0.7887766361236572,0.9044955968856812,0.03346889093518257,0.1566070318222046
fever_34507,fever,1,5,0.0,1.0,0.2,0.8607926368713379,0.7877705097198486,0.9503633379936218,0.05245893448591232,0.1392073631286621
fever_129171,fever,1,5,0.0,1.0,0.2,0.8798427581787109,0.8446617126464844,0.9356991052627563,0.027225470170378685,0.12015724182128906
fever_55432,fever,1,5,0.0,1.0,0.2,0.7611113786697388,0.6045153141021729,0.8563079833984375,0.08368509262800217,0.23888862133026123
fever_216777,fever,1,5,0.0,1.0,0.2,0.8855574727058411,0.8224462270736694,0.9437658190727234,0.037034016102552414,0.11444252729415894
fever_203011,fever,0,5,0.0,1.0,0.2,0.8379306793212891,0.7248387336730957,0.9210216403007507,0.06766937673091888,0.16206932067871094
fever_10118,fever,0,5,0.0,1.0,0.2,0.5509718060493469,0.35383856296539307,0.9170030951499939,0.19061459600925446,0.4490281939506531
fever_72585,fever,0,5,0.0,1.0,0.2,0.726327121257782,0.5514364838600159,0.8647001385688782,0.09951350837945938,0.273672878742218
fever_62924,fever,1,5,0.0,1.0,0.2,0.7894359230995178,0.7311375141143799,0.8660715818405151,0.03798458352684975,0.21056407690048218
fever_41452,fever,1,5,0.0,1.0,0.2,0.8723146319389343,0.7637512683868408,0.9856179356575012,0.07456494867801666,0.12768536806106567
fever_92509,fever,0,5,0.0,1.0,0.2,0.8867608308792114,0.8321418166160583,0.9399667382240295,0.02926068939268589,0.11323916912078857
fever_81305,fever,1,5,0.0,1.0,0.2,0.7397004961967468,0.6648492813110352,0.8612882494926453,0.059886619448661804,0.2602995038032532
fever_44383,fever,0,5,0.0,1.0,0.2,0.8844308853149414,0.8453112840652466,0.9304394721984863,0.027377748861908913,0.1155691146850586
fever_128332,fever,1,5,0.0,1.0,0.2,0.8415696024894714,0.7806738615036011,0.9071989059448242,0.047324374318122864,0.15843039751052856
fever_101618,fever,0,5,0.0,1.0,0.2,0.8438485264778137,0.7693445086479187,0.9719556570053101,0.05296649783849716,0.15615147352218628
fever_63521,fever,0,5,0.0,1.0,0.2,0.8299250602722168,0.7841530442237854,0.9011428356170654,0.03775272145867348,0.1700749397277832
fever_82355,fever,1,5,0.0,1.0,0.2,0.9458432197570801,0.923949658870697,0.9670549631118774,0.013921813108026981,0.05415678024291992
fever_78175,fever,1,5,0.0,1.0,0.2,0.8191839456558228,0.7101224064826965,0.9503893256187439,0.0873660072684288,0.18081605434417725
fever_93878,fever,0,5,0.0,1.0,0.2,0.7781137228012085,0.6305640935897827,0.8482862710952759,0.06446192413568497,0.2218862771987915
fever_32505,fever,1,5,0.0,1.0,0.2,0.7162505984306335,0.394733726978302,0.8715852499008179,0.1547478884458542,0.28374940156936646
fever_192858,fever,1,5,0.0,1.0,0.2,0.7195510268211365,0.5673772096633911,0.83216392993927,0.08256004005670547,0.2804489731788635
fever_117374,fever,1,5,0.0,1.0,0.2,0.8283776044845581,0.7441282272338867,0.9011482000350952,0.0498768575489521,0.1716223955154419
fever_63885,fever,1,5,0.0,1.0,0.2,0.8575339317321777,0.7777016162872314,0.9065268039703369,0.04010026529431343,0.14246606826782227
fever_211851,fever,0,5,0.0,1.0,0.2,0.7236288189888,0.6348475217819214,0.9021883010864258,0.08359798789024353,0.27637118101119995
fever_76076,fever,1,5,0.0,1.0,0.2,0.8568077087402344,0.780643880367279,0.925224781036377,0.03914039582014084,0.14319229125976562
fever_7877,fever,1,5,0.0,1.0,0.2,0.826811671257019,0.7519267797470093,0.9125783443450928,0.044496841728687286,0.17318832874298096
fever_96128,fever,0,5,0.0,1.0,0.2,0.9193937182426453,0.8327698707580566,0.9859524369239807,0.0630730390548706,0.08060628175735474
fever_192595,fever,0,5,0.0,1.0,0.2,0.8787341117858887,0.8426643013954163,0.9493722915649414,0.02835722081363201,0.12126588821411133
fever_14820,fever,0,5,0.0,1.0,0.2,0.8750219345092773,0.7998955845832825,0.9383596777915955,0.03874189779162407,0.12497806549072266
fever_132312,fever,0,5,0.0,1.0,0.2,0.9112470746040344,0.8856912851333618,0.9271750450134277,0.011722843162715435,0.08875292539596558
fever_11146,fever,0,5,0.0,1.0,0.2,0.8435240983963013,0.7401065826416016,0.9363407492637634,0.05503331869840622,0.15647590160369873
fever_94500,fever,0,5,0.0,1.0,0.2,0.6931713819503784,0.60950767993927,0.7962418794631958,0.06300930678844452,0.3068286180496216
fever_128807,fever,0,5,0.0,1.0,0.2,0.8038662075996399,0.6738374829292297,0.9229682683944702,0.08159790933132172,0.1961337924003601
fever_177172,fever,1,5,0.0,1.0,0.2,0.6528395414352417,0.5907059907913208,0.7322739362716675,0.04578235745429993,0.3471604585647583
fever_25520,fever,0,5,0.0,1.0,0.2,0.8747504949569702,0.8158211708068848,0.9205725789070129,0.027846749871969223,0.12524950504302979
fever_172104,fever,1,5,0.0,1.0,0.2,0.9396915435791016,0.8986961245536804,0.9745044708251953,0.023969141766428947,0.06030845642089844
fever_162836,fever,1,5,0.0,1.0,0.2,0.9171937704086304,0.8815984725952148,0.978507399559021,0.03165809437632561,0.08280622959136963
fever_89450,fever,1,5,0.0,1.0,0.2,0.9245279431343079,0.892125129699707,0.9649937152862549,0.026001138612627983,0.07547205686569214
fever_115143,fever,0,5,0.0,1.0,0.2,0.9254223704338074,0.8863016366958618,0.9780459403991699,0.032671067863702774,0.07457762956619263
fever_118126,fever,1,5,0.0,1.0,0.2,0.882796585559845,0.7829063534736633,0.9585477113723755,0.05575014278292656,0.11720341444015503
fever_225295,fever,0,5,0.0,1.0,0.2,0.804253101348877,0.6775330901145935,0.917180061340332,0.09598948806524277,0.19574689865112305
fever_17628,fever,1,5,0.0,1.0,0.2,0.8086273074150085,0.7016061544418335,0.8933650851249695,0.05770508572459221,0.19137269258499146
fever_182283,fever,0,5,0.0,1.0,0.2,0.8740568161010742,0.7578103542327881,0.9514127969741821,0.07151883840560913,0.12594318389892578
fever_187577,fever,1,5,0.0,1.0,0.2,0.8099288940429688,0.7339837551116943,0.8944151401519775,0.05731292814016342,0.19007110595703125
fever_6833,fever,0,5,0.0,1.0,0.2,0.7655340433120728,0.6237277984619141,0.8728942275047302,0.09487874060869217,0.23446595668792725
fever_105361,fever,1,5,0.0,1.0,0.2,0.8970915079116821,0.8453428745269775,0.9500799775123596,0.03222400322556496,0.10290849208831787
fever_160052,fever,0,5,0.0,1.0,0.2,0.8928359746932983,0.8489725589752197,0.9336490631103516,0.024795209988951683,0.10716402530670166
fever_11539,fever,0,5,0.0,1.0,0.2,0.836100697517395,0.7265188694000244,0.949642539024353,0.0699274092912674,0.16389930248260498
fever_126916,fever,1,5,0.0,1.0,0.2,0.7854496240615845,0.6964272856712341,0.8573386669158936,0.046722546219825745,0.21455037593841553
fever_101604,fever,0,5,0.0,1.0,0.2,0.6794096827507019,0.5360095500946045,0.788154125213623,0.08086449652910233,0.3205903172492981
fever_227350,fever,1,5,0.0,1.0,0.2,0.83531653881073,0.7484772205352783,0.9119686484336853,0.050023153424263,0.16468346118927002
fever_167171,fever,1,5,0.0,1.0,0.2,0.8839415311813354,0.7773339748382568,0.9894640445709229,0.07507552951574326,0.11605846881866455
fever_44397,fever,1,5,0.0,1.0,0.2,0.6708421111106873,0.5637342929840088,0.8370439410209656,0.07608125358819962,0.32915788888931274
fever_124723,fever,1,5,0.0,1.0,0.2,0.7258285284042358,0.5850035548210144,0.8931323289871216,0.09867630898952484,0.27417147159576416
fever_9075,fever,1,5,0.0,1.0,0.2,0.9454213976860046,0.8743821382522583,0.9979304671287537,0.049823205918073654,0.05457860231399536
fever_69035,fever,1,5,0.0,1.0,0.2,0.8628140687942505,0.820891261100769,0.908338725566864,0.028194356709718704,0.1371859312057495
fever_192709,fever,1,5,0.0,1.0,0.2,0.6319796442985535,0.4561161398887634,0.7489829063415527,0.0906025841832161,0.36802035570144653
fever_162206,fever,0,5,0.0,1.0,0.2,0.7954648733139038,0.7029669284820557,0.8992661237716675,0.0591033436357975,0.2045351266860962
fever_217669,fever,1,5,0.0,1.0,0.2,0.8350498080253601,0.7781466245651245,0.9068143367767334,0.03675413131713867,0.1649501919746399
fever_42998,fever,0,5,0.0,1.0,0.2,0.7581698298454285,0.676265299320221,0.8818574547767639,0.07104319334030151,0.24183017015457153
fever_29675,fever,0,5,0.0,1.0,0.2,0.7822176814079285,0.6853867769241333,0.947222113609314,0.07024365663528442,0.21778231859207153
fever_112592,fever,0,5,0.0,1.0,0.2,0.8258931040763855,0.709611177444458,0.9878712892532349,0.07791991531848907,0.1741068959236145
fever_159093,fever,0,5,0.0,1.0,0.2,0.8910659551620483,0.8610637784004211,0.9302402138710022,0.021225588396191597,0.10893404483795166
fever_220449,fever,0,5,0.0,1.0,0.2,0.9052432775497437,0.8029361963272095,0.9852373600006104,0.05795460194349289,0.09475672245025635
fever_37749,fever,1,5,0.0,1.0,0.2,0.9379923939704895,0.9017293453216553,0.9761350154876709,0.024730945006012917,0.0620076060295105
fever_177958,fever,0,5,0.0,1.0,0.2,0.8457772135734558,0.7830992937088013,0.9288231134414673,0.050236187875270844,0.1542227864265442
fever_187222,fever,0,5,0.0,1.0,0.2,0.8799424171447754,0.8249262571334839,0.9312167763710022,0.03888702765107155,0.12005758285522461
fever_33982,fever,0,5,0.0,1.0,0.2,0.8861492872238159,0.8476015329360962,0.9393905401229858,0.030356967821717262,0.11385071277618408
fever_14328,fever,0,5,0.0,1.0,0.2,0.8500717282295227,0.7529424428939819,0.9238407611846924,0.05645376443862915,0.1499282717704773
fever_143003,fever,1,5,0.0,1.0,0.2,0.7521300911903381,0.5946706533432007,0.8695945739746094,0.08753284811973572,0.24786990880966187
fever_93823,fever,1,5,0.0,1.0,0.2,0.8057537078857422,0.7332974672317505,0.8860347270965576,0.050933994352817535,0.1942462921142578
fever_73756,fever,0,5,0.0,1.0,0.2,0.8597885370254517,0.8056946992874146,0.9167518615722656,0.033668048679828644,0.14021146297454834
fever_147952,fever,1,5,0.0,1.0,0.2,0.9059303998947144,0.8408492803573608,0.9502429366111755,0.03115907497704029,0.09406960010528564
fever_69663,fever,0,5,0.0,1.0,0.2,0.9409619569778442,0.893389880657196,0.9688745737075806,0.02124924212694168,0.05903804302215576
fever_20060,fever,1,5,0.0,1.0,0.2,0.8531398773193359,0.7500343918800354,0.9206368327140808,0.06817331910133362,0.14686012268066406
fever_111138,fever,1,5,0.0,1.0,0.2,0.8764468431472778,0.8060202598571777,0.9623526334762573,0.04516338184475899,0.12355315685272217
fever_204631,fever,0,5,0.0,1.0,0.2,0.8502956628799438,0.7860428094863892,0.9100314378738403,0.039270102977752686,0.14970433712005615
fever_70385,fever,0,5,0.0,1.0,0.2,0.8567758798599243,0.8000530004501343,0.9121211171150208,0.03442620486021042,0.14322412014007568
fever_57507,fever,0,5,0.0,1.0,0.2,0.8156169056892395,0.7477942109107971,0.9049783945083618,0.04282631725072861,0.1843830943107605
fever_223707,fever,1,5,0.0,1.0,0.2,0.8312584161758423,0.7851661443710327,0.908146858215332,0.03110758773982525,0.16874158382415771
fever_89163,fever,1,5,0.0,1.0,0.2,0.8804148435592651,0.8119065761566162,0.9532599449157715,0.04352404549717903,0.11958515644073486
fever_145470,fever,1,5,0.0,1.0,0.2,0.7810215353965759,0.6997267603874207,0.8487855792045593,0.047869957983493805,0.21897846460342407
fever_81778,fever,1,5,0.0,1.0,0.2,0.6376237869262695,0.5296810865402222,0.78033447265625,0.08574161678552628,0.36237621307373047
fever_126963,fever,1,5,0.0,1.0,0.2,0.7920132875442505,0.6539894342422485,0.9406437873840332,0.09521088004112244,0.2079867124557495
fever_116424,fever,0,5,0.0,1.0,0.2,0.8502150774002075,0.6720222234725952,0.9368830919265747,0.07418512552976608,0.14978492259979248
fever_64029,fever,0,5,0.0,1.0,0.2,0.9247459173202515,0.8939046263694763,0.9520311951637268,0.017917785793542862,0.07525408267974854
fever_94136,fever,0,5,0.0,1.0,0.2,0.775717556476593,0.6429798603057861,0.9211991429328918,0.08169596642255783,0.22428244352340698
fever_104930,fever,0,5,0.0,1.0,0.2,0.863996684551239,0.7892711162567139,0.9191891551017761,0.045495275408029556,0.136003315448761
fever_211013,fever,0,5,0.0,1.0,0.2,0.9199293851852417,0.8867665529251099,0.953999400138855,0.019468775019049644,0.0800706148147583
fever_140580,fever,1,5,0.0,1.0,0.2,0.8026068806648254,0.6637981534004211,0.9188849925994873,0.0808054730296135,0.19739311933517456
fever_92587,fever,0,5,0.0,1.0,0.2,0.8943847417831421,0.8356062173843384,0.9518381357192993,0.03193358704447746,0.10561525821685791
fever_197340,fever,0,5,0.0,1.0,0.2,0.7377817630767822,0.5108189582824707,0.9413164854049683,0.1267198771238327,0.2622182369232178
fever_143788,fever,1,5,0.0,1.0,0.2,0.8636511564254761,0.788576602935791,0.938718855381012,0.04470508545637131,0.13634884357452393
fever_175464,fever,1,5,0.0,1.0,0.2,0.8241510391235352,0.728489875793457,0.9228335618972778,0.05983765050768852,0.17584896087646484
fever_139967,fever,1,5,0.0,1.0,0.2,0.8047709465026855,0.737788200378418,0.9166923761367798,0.05048556253314018,0.19522905349731445
fever_36207,fever,1,5,0.0,1.0,0.2,0.8996952176094055,0.8409805297851562,0.9326145648956299,0.031938932836055756,0.10030478239059448
fever_204653,fever,1,5,0.0,1.0,0.2,0.8254332542419434,0.7094243764877319,0.8951960802078247,0.05918123200535774,0.17456674575805664
fever_65634,fever,0,5,0.0,1.0,0.2,0.8011679649353027,0.6850659251213074,0.8819073438644409,0.05997178331017494,0.19883203506469727
fever_120836,fever,1,5,0.0,1.0,0.2,0.6817198991775513,0.4977995753288269,0.7947529554367065,0.1042075976729393,0.31828010082244873
fever_226848,fever,0,5,0.0,1.0,0.2,0.8423479199409485,0.7396427392959595,0.9194141030311584,0.06271129846572876,0.1576520800590515
fever_225301,fever,1,5,0.0,1.0,0.2,0.7420312166213989,0.6379004120826721,0.8780235052108765,0.06675568968057632,0.2579687833786011
fever_220288,fever,0,5,0.0,1.0,0.2,0.7949864268302917,0.7494738101959229,0.855968713760376,0.03722072020173073,0.20501357316970825
fever_98711,fever,0,5,0.0,1.0,0.2,0.7831547856330872,0.7509907484054565,0.8666250705718994,0.03480852022767067,0.21684521436691284
fever_15005,fever,1,5,0.0,1.0,0.2,0.8415838479995728,0.7666592597961426,0.921862781047821,0.06060212478041649,0.15841615200042725
fever_46883,fever,1,5,0.0,1.0,0.2,0.8343464136123657,0.7751225829124451,0.883963942527771,0.03320520371198654,0.16565358638763428
fever_27897,fever,1,5,0.0,1.0,0.2,0.8190790414810181,0.6273515224456787,0.9629985094070435,0.09699597954750061,0.18092095851898193
fever_101528,fever,0,5,0.0,1.0,0.2,0.9032275080680847,0.868276834487915,0.947894811630249,0.021730244159698486,0.09677249193191528
fever_203002,fever,1,5,0.0,1.0,0.2,0.8115432858467102,0.6778008937835693,0.9030637741088867,0.07923909276723862,0.1884567141532898
fever_143157,fever,0,5,0.0,1.0,0.2,0.8413372039794922,0.7646033763885498,0.9198451042175293,0.047673288732767105,0.1586627960205078
fever_29544,fever,1,5,0.0,1.0,0.2,0.8087271451950073,0.6144876480102539,0.9210407733917236,0.11784875392913818,0.19127285480499268
fever_170004,fever,1,5,0.0,1.0,0.2,0.8638308644294739,0.7765101790428162,0.9224816560745239,0.05049600079655647,0.13616913557052612
fever_185389,fever,0,5,0.0,1.0,0.2,0.8120986819267273,0.71344393491745,0.9273754358291626,0.056474778801202774,0.1879013180732727
fever_31852,fever,1,5,0.0,1.0,0.2,0.8523189425468445,0.7560515403747559,0.9290392398834229,0.05750391632318497,0.14768105745315552
fever_188579,fever,1,5,0.0,1.0,0.2,0.7976458668708801,0.6716816425323486,0.8793767690658569,0.07913536578416824,0.20235413312911987
fever_201574,fever,0,5,0.0,1.0,0.2,0.9381663203239441,0.91415935754776,0.9647244215011597,0.013583016581833363,0.06183367967605591
fever_3210,fever,1,5,0.0,1.0,0.2,0.7865270376205444,0.7200890779495239,0.8717673420906067,0.05154929682612419,0.21347296237945557
fever_131163,fever,0,5,0.0,1.0,0.2,0.9063127636909485,0.8416687250137329,0.972136914730072,0.041749902069568634,0.09368723630905151
fever_120759,fever,1,5,0.0,1.0,0.2,0.7078408002853394,0.5823878049850464,0.9048208594322205,0.08497723937034607,0.29215919971466064
fever_172302,fever,0,5,0.0,1.0,0.2,0.7999313473701477,0.6966044902801514,0.8732954263687134,0.055454909801483154,0.2000686526298523
fever_75702,fever,1,5,0.0,1.0,0.2,0.7315987348556519,0.6147701144218445,0.8564923405647278,0.07467645406723022,0.26840126514434814
fever_33839,fever,1,5,0.0,1.0,0.2,0.9331315159797668,0.8498102426528931,0.9726765751838684,0.033292483538389206,0.06686848402023315
fever_147427,fever,0,5,0.0,1.0,0.2,0.7923899292945862,0.652147650718689,0.8999329805374146,0.08327622711658478,0.20761007070541382
fever_188652,fever,1,5,0.0,1.0,0.2,0.8623329997062683,0.7952502965927124,0.9848910570144653,0.04888343811035156,0.1376670002937317
fever_144293,fever,0,5,0.0,1.0,0.2,0.8429630398750305,0.6840332746505737,0.9523385763168335,0.07789481431245804,0.15703696012496948
fever_15819,fever,1,5,0.0,1.0,0.2,0.8731668591499329,0.8295855522155762,0.9118067026138306,0.023596512153744698,0.12683314085006714
fever_53197,fever,0,5,0.0,1.0,0.2,0.733092188835144,0.6488789319992065,0.8308700919151306,0.050134025514125824,0.26690781116485596
fever_168042,fever,0,5,0.0,1.0,0.2,0.7025550603866577,0.5849557518959045,0.8834006190299988,0.08647594600915909,0.2974449396133423
fever_35833,fever,0,5,0.0,1.0,0.2,0.811153769493103,0.6996356248855591,0.9520007371902466,0.07172958552837372,0.18884623050689697
fever_170403,fever,1,5,0.0,1.0,0.2,0.7913258671760559,0.7034578323364258,0.8949466943740845,0.06478403508663177,0.2086741328239441
fever_121362,fever,0,5,0.0,1.0,0.2,0.8283423185348511,0.7920628786087036,0.8881862163543701,0.031065981835126877,0.17165768146514893
fever_45109,fever,0,5,0.0,1.0,0.2,0.9132922887802124,0.8342070579528809,0.9609804153442383,0.03246445953845978,0.0867077112197876
fever_204342,fever,0,5,0.0,1.0,0.2,0.8869620561599731,0.8162637948989868,0.9503464698791504,0.04579135775566101,0.11303794384002686
fever_183502,fever,0,5,0.0,1.0,0.2,0.7343344688415527,0.5415100455284119,0.8833858370780945,0.13541878759860992,0.26566553115844727
fever_201602,fever,1,5,0.0,1.0,0.2,0.8036508560180664,0.698863685131073,0.8871943950653076,0.06099611148238182,0.1963491439819336
fever_32338,fever,1,5,0.0,1.0,0.2,0.9342638850212097,0.8805169463157654,0.961544394493103,0.027730243280529976,0.06573611497879028
fever_113341,fever,0,5,0.0,1.0,0.2,0.8683263659477234,0.7714080810546875,0.9317775964736938,0.046936143189668655,0.1316736340522766
fever_228063,fever,0,5,0.0,1.0,0.2,0.872687041759491,0.7560462951660156,0.9530842304229736,0.060896482318639755,0.12731295824050903
fever_159694,fever,0,5,0.0,1.0,0.2,0.7067689299583435,0.6554091572761536,0.815346360206604,0.05310364067554474,0.2932310700416565
fever_137825,fever,0,5,0.0,1.0,0.2,0.8893059492111206,0.798504650592804,0.9803252220153809,0.06707645952701569,0.1106940507888794
fever_72560,fever,0,5,0.0,1.0,0.2,0.6701574921607971,0.5233685374259949,0.8150156736373901,0.09485162049531937,0.3298425078392029
fever_99696,fever,0,5,0.0,1.0,0.2,0.8968718647956848,0.8393771648406982,0.9407403469085693,0.03510935232043266,0.10312813520431519
fever_34357,fever,0,5,0.0,1.0,0.2,0.9124609231948853,0.8617663383483887,0.9548812508583069,0.02244892716407776,0.08753907680511475
fever_178896,fever,1,5,0.0,1.0,0.2,0.9223001599311829,0.8793014287948608,0.9565764665603638,0.028647398576140404,0.07769984006881714
fever_123100,fever,1,5,0.0,1.0,0.2,0.8221771121025085,0.776237428188324,0.8965391516685486,0.03136814385652542,0.17782288789749146
fever_113032,fever,1,5,0.0,1.0,0.2,0.8750170469284058,0.7634304761886597,0.9427777528762817,0.05545004829764366,0.12498295307159424
fever_156816,fever,0,5,0.0,1.0,0.2,0.9317116737365723,0.8713646531105042,0.9669048190116882,0.026660067960619926,0.06828832626342773
fever_138435,fever,0,5,0.0,1.0,0.2,0.8094507455825806,0.6528648734092712,0.9162735939025879,0.09228487312793732,0.19054925441741943
fever_75957,fever,1,5,0.0,1.0,0.2,0.7612562775611877,0.6473146677017212,0.8699244260787964,0.07407458871603012,0.23874372243881226
fever_123833,fever,1,5,0.0,1.0,0.2,0.9387347102165222,0.896009624004364,0.9739134907722473,0.02382899448275566,0.06126528978347778
fever_156686,fever,1,5,0.0,1.0,0.2,0.9006055593490601,0.8687829971313477,0.9615300893783569,0.029411161318421364,0.09939444065093994
fever_79956,fever,0,5,0.0,1.0,0.2,0.9141228795051575,0.8509392142295837,0.9450663328170776,0.02659342996776104,0.08587712049484253
fever_68394,fever,1,5,0.0,1.0,0.2,0.7728220820426941,0.5841026902198792,0.9333972930908203,0.13965260982513428,0.2271779179573059
fever_11451,fever,0,5,0.0,1.0,0.2,0.823117733001709,0.6869449019432068,0.9198769927024841,0.08819467574357986,0.17688226699829102
fever_5241,fever,0,5,0.0,1.0,0.2,0.9255648851394653,0.898473858833313,0.9442753195762634,0.015022119507193565,0.07443511486053467
fever_64024,fever,0,5,0.0,1.0,0.2,0.7880566716194153,0.6442074775695801,0.9332797527313232,0.07375942915678024,0.21194332838058472
fever_215283,fever,0,5,0.0,1.0,0.2,0.9205573797225952,0.8721598386764526,0.962646484375,0.031153345480561256,0.07944262027740479
fever_91849,fever,1,5,0.0,1.0,0.2,0.5919636487960815,0.3793034255504608,0.8285617232322693,0.17717353999614716,0.40803635120391846
fever_195244,fever,1,5,0.0,1.0,0.2,0.8167751431465149,0.7436070442199707,0.9387544393539429,0.05595332756638527,0.1832248568534851
fever_184099,fever,0,5,0.0,1.0,0.2,0.7431513071060181,0.5760508179664612,0.882909893989563,0.1149127185344696,0.25684869289398193
fever_174038,fever,1,5,0.0,1.0,0.2,0.8921405673027039,0.8343889713287354,0.9383960962295532,0.030792007222771645,0.10785943269729614
fever_187556,fever,0,5,0.0,1.0,0.2,0.9300411343574524,0.8791304230690002,0.9860208630561829,0.0420907698571682,0.06995886564254761
fever_46187,fever,0,5,0.0,1.0,0.2,0.8852598071098328,0.823104739189148,0.9510132670402527,0.04759600758552551,0.11474019289016724
fever_126423,fever,0,5,0.0,1.0,0.2,0.8654554486274719,0.8245099782943726,0.9123179316520691,0.02529120445251465,0.13454455137252808
fever_174609,fever,1,5,0.0,1.0,0.2,0.8050605654716492,0.7583909630775452,0.8817605972290039,0.03910084441304207,0.19493943452835083
fever_223279,fever,0,5,0.0,1.0,0.2,0.8867367506027222,0.8364448547363281,0.9512555599212646,0.03611546382308006,0.11326324939727783
fever_136865,fever,1,5,0.0,1.0,0.2,0.7748915553092957,0.5761942863464355,0.9482309818267822,0.11854681372642517,0.22510844469070435
fever_18736,fever,0,5,0.0,1.0,0.2,0.896138072013855,0.8424354791641235,0.9443497657775879,0.040203358978033066,0.10386192798614502
fever_21027,fever,0,5,0.0,1.0,0.2,0.609906792640686,0.5108634829521179,0.7156160473823547,0.058514419943094254,0.39009320735931396
fever_184067,fever,1,5,0.0,1.0,0.2,0.8897687196731567,0.7966480255126953,0.9832550287246704,0.06524773687124252,0.11023128032684326
fever_90291,fever,0,5,0.0,1.0,0.2,0.6945551633834839,0.566746175289154,0.8299195766448975,0.08567583560943604,0.3054448366165161
fever_113488,fever,1,5,0.0,1.0,0.2,0.8279436230659485,0.7094036340713501,0.9387003183364868,0.06163555011153221,0.1720563769340515
fever_74557,fever,1,5,0.0,1.0,0.2,0.794735848903656,0.6850009560585022,0.8912065029144287,0.06621585786342621,0.205264151096344
fever_54383,fever,1,5,0.0,1.0,0.2,0.7328397035598755,0.6140588521957397,0.8324768543243408,0.05850854516029358,0.2671602964401245
fever_221146,fever,0,5,0.0,1.0,0.2,0.8630824089050293,0.6956238746643066,0.9789335131645203,0.08861944079399109,0.1369175910949707
fever_224956,fever,0,5,0.0,1.0,0.2,0.8426084518432617,0.7886192202568054,0.936403751373291,0.05395236238837242,0.15739154815673828
fever_39437,fever,0,5,0.0,1.0,0.2,0.8074061274528503,0.7312486171722412,0.9746740460395813,0.0721769630908966,0.19259387254714966
fever_47356,fever,1,5,0.0,1.0,0.2,0.8839267492294312,0.8005285263061523,0.9494025707244873,0.05034017190337181,0.11607325077056885
fever_181629,fever,0,5,0.0,1.0,0.2,0.8990446329116821,0.8610931038856506,0.9550430774688721,0.02934730425477028,0.10095536708831787
fever_118411,fever,0,5,0.0,1.0,0.2,0.9050319790840149,0.8708949685096741,0.9420719146728516,0.02096376195549965,0.09496802091598511
fever_16588,fever,0,5,0.0,1.0,0.2,0.8890092968940735,0.8354347348213196,0.9209801554679871,0.02649991773068905,0.11099070310592651
fever_226840,fever,1,5,0.0,1.0,0.2,0.83940190076828,0.7733930349349976,0.9685940742492676,0.05161316692829132,0.16059809923171997
fever_221241,fever,1,5,0.0,1.0,0.2,0.8782642483711243,0.7825846672058105,0.950767457485199,0.06758157908916473,0.12173575162887573
fever_115131,fever,1,5,0.0,1.0,0.2,0.7260727882385254,0.6359912157058716,0.8659958839416504,0.06953154504299164,0.2739272117614746
fever_105954,fever,1,5,0.0,1.0,0.2,0.7749302983283997,0.5740511417388916,0.9591530561447144,0.13147220015525818,0.22506970167160034
fever_11928,fever,0,5,0.0,1.0,0.2,0.8074701428413391,0.6881058216094971,0.8908374309539795,0.06402874737977982,0.1925298571586609
fever_181269,fever,0,5,0.0,1.0,0.2,0.6459243297576904,0.3469831049442291,0.8758201003074646,0.2091372162103653,0.35407567024230957
fever_1395,fever,0,5,0.0,1.0,0.2,0.8608590364456177,0.7452245950698853,0.9414438605308533,0.06497179716825485,0.13914096355438232
fever_193904,fever,1,5,0.0,1.0,0.2,0.803946852684021,0.6994637250900269,0.893203616142273,0.05374785140156746,0.196053147315979
fever_104244,fever,0,5,0.0,1.0,0.2,0.8064720034599304,0.6483826637268066,0.8974990248680115,0.07156740874052048,0.19352799654006958
fever_82973,fever,0,5,0.0,1.0,0.2,0.8807180523872375,0.8368852138519287,0.9150254726409912,0.027419522404670715,0.11928194761276245
fever_92524,fever,0,5,0.0,1.0,0.2,0.7365595102310181,0.5591347813606262,0.893271267414093,0.09093910455703735,0.26344048976898193
fever_155035,fever,1,5,0.0,1.0,0.2,0.807141125202179,0.6841248273849487,0.9353203773498535,0.06584423035383224,0.19285887479782104
fever_198208,fever,0,5,0.0,1.0,0.2,0.9055334329605103,0.8736821413040161,0.952264666557312,0.023314498364925385,0.09446656703948975
fever_140663,fever,0,5,0.0,1.0,0.2,0.9827362895011902,0.9627564549446106,0.9982473850250244,0.013393939472734928,0.017263710498809814
fever_175642,fever,0,5,0.0,1.0,0.2,0.7968971133232117,0.7370193004608154,0.8722585439682007,0.04529700428247452,0.20310288667678833
fever_204636,fever,1,5,0.0,1.0,0.2,0.8061119914054871,0.7316630482673645,0.9111419916152954,0.05903947725892067,0.19388800859451294
fever_52472,fever,1,5,0.0,1.0,0.2,0.9020169973373413,0.8603043556213379,0.9481795430183411,0.029348298907279968,0.09798300266265869
fever_22619,fever,0,5,0.0,1.0,0.2,0.8150728940963745,0.7157448530197144,0.8933308720588684,0.052739404141902924,0.1849271059036255
fever_25933,fever,1,5,0.0,1.0,0.2,0.9355379939079285,0.8919185400009155,0.9659373164176941,0.019273575395345688,0.06446200609207153
fever_26155,fever,1,5,0.0,1.0,0.2,0.8907159566879272,0.8514676094055176,0.9644830822944641,0.03445493429899216,0.10928404331207275
fever_24063,fever,1,5,0.0,1.0,0.2,0.7979493141174316,0.7127808928489685,0.8530032634735107,0.04708506911993027,0.20205068588256836
fever_68337,fever,1,5,0.0,1.0,0.2,0.8639000058174133,0.7345559000968933,0.9271340370178223,0.06392496079206467,0.13609999418258667
fever_113127,fever,1,5,0.0,1.0,0.2,0.7461429834365845,0.5527981519699097,0.8714754581451416,0.10588390380144119,0.2538570165634155
fever_206030,fever,1,5,0.0,1.0,0.2,0.5247966051101685,0.2847341299057007,0.9717383980751038,0.18924371898174286,0.47520339488983154
fever_100145,fever,1,5,0.0,1.0,0.2,0.8667815923690796,0.7848639488220215,0.9615362882614136,0.052535854279994965,0.1332184076309204
fever_76869,fever,0,5,0.0,1.0,0.2,0.8788275718688965,0.7945506572723389,0.9399452209472656,0.039329495280981064,0.12117242813110352
fever_47228,fever,0,5,0.0,1.0,0.2,0.8520590662956238,0.7211369276046753,0.9288926124572754,0.06803158670663834,0.14794093370437622
fever_156943,fever,0,5,0.0,1.0,0.2,0.7115150690078735,0.6484024524688721,0.7807936668395996,0.045787256211042404,0.28848493099212646
fever_79601,fever,0,5,0.0,1.0,0.2,0.9475477933883667,0.9274638891220093,0.96788489818573,0.012770812027156353,0.0524522066116333
fever_11441,fever,1,5,0.0,1.0,0.2,0.8794914484024048,0.8260598182678223,0.9266577959060669,0.031666651368141174,0.12050855159759521
fever_175874,fever,0,5,0.0,1.0,0.2,0.9146267771720886,0.8926827907562256,0.9557746648788452,0.017484107986092567,0.08537322282791138
fever_162201,fever,0,5,0.0,1.0,0.2,0.9053351283073425,0.8531447649002075,0.9820556044578552,0.040082961320877075,0.09466487169265747
fever_91028,fever,0,5,0.0,1.0,0.2,0.9300765991210938,0.8708572387695312,0.9671992063522339,0.03441767767071724,0.06992340087890625
fever_164894,fever,0,5,0.0,1.0,0.2,0.9295626878738403,0.8885871171951294,0.965052604675293,0.026513058692216873,0.07043731212615967
fever_19655,fever,1,5,0.1,0.8,0.4,0.8927966952323914,0.7538985013961792,1.0,0.08962830901145935,0.10720330476760864
fever_21026,fever,1,5,0.0,1.0,0.2,0.6975424885749817,0.5896772146224976,0.7846828103065491,0.05198206007480621,0.3024575114250183
fever_62633,fever,1,5,0.0,1.0,0.2,0.8774209022521973,0.7389495372772217,0.9443062543869019,0.06119056046009064,0.12257909774780273
fever_4132,fever,0,5,0.0,1.0,0.2,0.9051507711410522,0.8266044855117798,0.9437969923019409,0.04142877459526062,0.09484922885894775
fever_64631,fever,0,5,0.0,1.0,0.2,0.7820655107498169,0.6971286535263062,0.8506425023078918,0.05918851122260094,0.2179344892501831
fever_21775,fever,1,5,0.0,1.0,0.2,0.7310646772384644,0.5066763758659363,0.9120998382568359,0.11235162615776062,0.26893532276153564
fever_212779,fever,0,5,0.0,1.0,0.2,0.8623138666152954,0.7295687794685364,0.9030122756958008,0.048264190554618835,0.1376861333847046
fever_79706,fever,1,5,0.0,1.0,0.2,0.8182495832443237,0.731235146522522,0.9248431921005249,0.06560847908258438,0.18175041675567627
fever_11915,fever,0,5,0.0,1.0,0.2,0.8526932597160339,0.7783409357070923,0.9154818654060364,0.04049677401781082,0.14730674028396606
fever_159567,fever,1,5,0.0,1.0,0.2,0.9497947692871094,0.8866211771965027,0.9978607296943665,0.039375413209199905,0.050205230712890625
fever_48276,fever,1,5,0.0,1.0,0.2,0.7648764848709106,0.6895890235900879,0.8224833011627197,0.036205098032951355,0.23512351512908936
fever_42412,fever,0,5,0.0,1.0,0.2,0.5880311727523804,0.5125815868377686,0.7390382885932922,0.0742001160979271,0.41196882724761963
fever_121251,fever,0,5,0.0,1.0,0.2,0.8502947688102722,0.777691125869751,0.9407966136932373,0.05866342782974243,0.14970523118972778
fever_216781,fever,1,5,0.0,1.0,0.2,0.7518535852432251,0.6024001836776733,0.8663192987442017,0.07725081592798233,0.2481464147567749
fever_140139,fever,1,5,0.0,1.0,0.2,0.6827495694160461,0.5837356448173523,0.8642577528953552,0.09553009271621704,0.31725043058395386
fever_82367,fever,1,5,0.0,1.0,0.2,0.8173500299453735,0.7008523344993591,0.9419388175010681,0.06258206069469452,0.18264997005462646
fever_168082,fever,1,5,0.0,1.0,0.2,0.826229453086853,0.7254154682159424,0.9055251479148865,0.059905655682086945,0.17377054691314697
fever_15899,fever,0,5,0.0,1.0,0.2,0.8398052453994751,0.7414507865905762,0.9071690440177917,0.057933222502470016,0.1601947546005249
fever_35031,fever,0,5,0.0,1.0,0.2,0.6633821725845337,0.48548078536987305,0.8950605392456055,0.1452048122882843,0.3366178274154663
fever_81450,fever,0,5,0.0,1.0,0.2,0.890404224395752,0.8601711988449097,0.9229685068130493,0.023501282557845116,0.10959577560424805
fever_62117,fever,0,5,0.0,1.0,0.2,0.7873175740242004,0.6871683597564697,0.8943705558776855,0.06989394873380661,0.21268242597579956
fever_52799,fever,0,5,0.0,1.0,0.2,0.7663774490356445,0.6944110989570618,0.864783525466919,0.05186972767114639,0.23362255096435547
fever_139717,fever,0,5,0.0,1.0,0.2,0.8948225975036621,0.8696334958076477,0.9479482173919678,0.023488953709602356,0.10517740249633789
fever_194574,fever,1,5,0.0,1.0,0.2,0.801332950592041,0.7509602904319763,0.9163450002670288,0.04431596398353577,0.19866704940795898
fever_48404,fever,1,5,0.0,1.0,0.2,0.7356858253479004,0.48787206411361694,0.9447932243347168,0.17369034886360168,0.2643141746520996
fever_183587,fever,0,5,0.0,1.0,0.2,0.6799478530883789,0.5457288026809692,0.7621601819992065,0.07374383509159088,0.3200521469116211
fever_34195,fever,1,5,0.0,1.0,0.2,0.9137409925460815,0.8852188587188721,0.9582352638244629,0.024779435247182846,0.08625900745391846
fever_138664,fever,0,5,0.0,1.0,0.2,0.7641876935958862,0.6169887781143188,0.8377141952514648,0.06565280258655548,0.23581230640411377
fever_34619,fever,0,5,0.0,1.0,0.2,0.8690192103385925,0.7917063236236572,0.9337171912193298,0.03997522220015526,0.13098078966140747
fever_204651,fever,1,5,0.0,1.0,0.2,0.836548924446106,0.7438014149665833,0.9016321897506714,0.05710810422897339,0.16345107555389404
fever_98066,fever,0,5,0.0,1.0,0.2,0.8733728528022766,0.7557421326637268,0.9544978141784668,0.07563527673482895,0.1266271471977234
fever_215867,fever,0,5,0.0,1.0,0.2,0.8108245730400085,0.679909348487854,0.9279258251190186,0.07512125372886658,0.18917542695999146
fever_57452,fever,0,5,0.0,1.0,0.2,0.858903706073761,0.775580644607544,0.9472604990005493,0.04665818810462952,0.141096293926239
fever_68483,fever,0,5,0.0,1.0,0.2,0.8841816186904907,0.796457052230835,0.944559633731842,0.044701941311359406,0.11581838130950928
fever_47070,fever,0,5,0.0,1.0,0.2,0.8690155744552612,0.8419762849807739,0.9182329177856445,0.02410774491727352,0.13098442554473877
fever_194014,fever,0,5,0.0,1.0,0.2,0.7832950353622437,0.6297788023948669,0.9031033515930176,0.06479359418153763,0.21670496463775635
fever_183624,fever,0,5,0.0,1.0,0.2,0.8649572134017944,0.80539870262146,0.9375727772712708,0.047462426126003265,0.13504278659820557
fever_174012,fever,0,5,0.0,1.0,0.2,0.9027642011642456,0.830919086933136,0.9546147584915161,0.036960750818252563,0.0972357988357544
fever_222045,fever,1,5,0.0,1.0,0.2,0.7353354692459106,0.6079261302947998,0.8821149468421936,0.0921282172203064,0.26466453075408936
fever_179007,fever,0,5,0.0,1.0,0.2,0.8140939474105835,0.6255369186401367,0.9235715866088867,0.09391363710165024,0.1859060525894165
fever_113476,fever,0,5,0.0,1.0,0.2,0.7972443103790283,0.697470486164093,0.8930918574333191,0.06892218440771103,0.20275568962097168
fever_165892,fever,0,5,0.0,1.0,0.2,0.7325062155723572,0.5421167016029358,0.9419106245040894,0.13648630678653717,0.2674937844276428
fever_99428,fever,0,5,0.0,1.0,0.2,0.8376178741455078,0.7802509665489197,0.9311907291412354,0.05233987420797348,0.1623821258544922
fever_145491,fever,1,5,0.0,1.0,0.2,0.7573922872543335,0.6342323422431946,0.8408358693122864,0.059070371091365814,0.2426077127456665
fever_71111,fever,0,5,0.0,1.0,0.2,0.7068805694580078,0.5531846284866333,0.8818735480308533,0.09419763088226318,0.2931194305419922
fever_7335,fever,0,5,0.0,1.0,0.2,0.7812579870223999,0.5899347066879272,0.954698920249939,0.11998485773801804,0.2187420129776001
fever_138593,fever,1,5,0.0,1.0,0.2,0.8269594311714172,0.7586004734039307,0.8788139224052429,0.0393667109310627,0.17304056882858276
fever_21274,fever,0,5,0.0,1.0,0.2,0.836104691028595,0.7291624546051025,0.9414210319519043,0.06161124259233475,0.16389530897140503
fever_204341,fever,1,5,0.0,1.0,0.2,0.9139705896377563,0.8477332592010498,0.9602439403533936,0.03840019553899765,0.08602941036224365
fever_117305,fever,0,5,0.0,1.0,0.2,0.8345984220504761,0.773849368095398,0.9231901168823242,0.045423489063978195,0.16540157794952393
fever_20026,fever,0,5,0.0,1.0,0.2,0.8927086591720581,0.8383063077926636,0.9398892521858215,0.0291037205606699,0.1072913408279419
fever_172508,fever,0,5,0.0,1.0,0.2,0.8718120455741882,0.7427730560302734,0.9979394674301147,0.08504343777894974,0.12818795442581177
fever_26793,fever,1,5,0.0,1.0,0.2,0.774677574634552,0.7059671878814697,0.8452689051628113,0.04702652990818024,0.225322425365448
fever_164402,fever,0,5,0.0,1.0,0.2,0.8641940355300903,0.7527439594268799,0.978739857673645,0.07094305753707886,0.13580596446990967
fever_11418,fever,0,5,0.0,1.0,0.2,0.8094054460525513,0.6832901239395142,0.911514401435852,0.07684086263179779,0.19059455394744873
fever_170005,fever,1,5,0.0,1.0,0.2,0.7223852872848511,0.6080669164657593,0.8260701894760132,0.058250170201063156,0.2776147127151489
fever_188636,fever,1,5,0.1,0.8,0.4,0.9209660291671753,0.8537379503250122,1.0,0.0446680523455143,0.07903397083282471
fever_63185,fever,0,5,0.0,1.0,0.2,0.8998240232467651,0.8138396739959717,0.9816766977310181,0.05378541722893715,0.10017597675323486
fever_227080,fever,0,5,0.0,1.0,0.2,0.8004894256591797,0.6834795475006104,0.9067357778549194,0.06148998439311981,0.1995105743408203
fever_75025,fever,1,5,0.0,1.0,0.2,0.8736333847045898,0.8066584467887878,0.9340282678604126,0.04071347787976265,0.12636661529541016
fever_85138,fever,0,5,0.0,1.0,0.2,0.9276943206787109,0.8806471824645996,0.9708936810493469,0.028071248903870583,0.07230567932128906
fever_45364,fever,0,5,0.0,1.0,0.2,0.8010505437850952,0.7076932191848755,0.8531646728515625,0.05125832557678223,0.19894945621490479
fever_49515,fever,1,5,0.0,1.0,0.2,0.9133521914482117,0.8555244207382202,0.9621281623840332,0.03478290140628815,0.08664780855178833
fever_73080,fever,1,5,0.0,1.0,0.2,0.8163175582885742,0.7467409372329712,0.8912723064422607,0.04937916621565819,0.18368244171142578
fever_14900,fever,0,5,0.0,1.0,0.2,0.8092054128646851,0.6170738935470581,0.9150505065917969,0.087277851998806,0.19079458713531494
fever_187776,fever,1,5,0.0,1.0,0.2,0.7770088911056519,0.6940996646881104,0.8548508882522583,0.05554869398474693,0.22299110889434814
fever_106496,fever,1,5,0.0,1.0,0.2,0.8616353273391724,0.8007102608680725,0.951029896736145,0.040523711591959,0.13836467266082764
fever_130027,fever,0,5,0.0,1.0,0.2,0.9188936352729797,0.8411399126052856,0.9764226675033569,0.04888102039694786,0.08110636472702026
fever_199263,fever,0,5,0.0,1.0,0.2,0.8313277959823608,0.6638349294662476,0.9345223903656006,0.08600914478302002,0.16867220401763916
fever_73961,fever,1,5,0.0,1.0,0.2,0.7899934649467468,0.6672980785369873,0.8890296220779419,0.06216713413596153,0.21000653505325317
fever_215504,fever,0,5,0.0,1.0,0.2,0.8411827087402344,0.7227809429168701,0.9544085264205933,0.08190138638019562,0.15881729125976562
fever_149134,fever,1,5,0.0,1.0,0.2,0.9063175916671753,0.8899970054626465,0.9376450777053833,0.012826790101826191,0.09368240833282471
fever_17213,fever,0,5,0.0,1.0,0.2,0.8885382413864136,0.8192078471183777,0.9349269866943359,0.03423050418496132,0.11146175861358643
fever_120630,fever,0,5,0.0,1.0,0.2,0.8528077006340027,0.8008314967155457,0.942467987537384,0.04532119631767273,0.14719229936599731
fever_89483,fever,0,5,0.0,1.0,0.2,0.7106643915176392,0.5161792039871216,0.8958280682563782,0.13252554833889008,0.28933560848236084
fever_97418,fever,1,5,0.0,1.0,0.2,0.8991752862930298,0.8296080827713013,0.9670509099960327,0.034092195332050323,0.10082471370697021
fever_188976,fever,1,5,0.0,1.0,0.2,0.794600248336792,0.6554702520370483,0.9389488697052002,0.08456527441740036,0.205399751663208
fever_60720,fever,0,5,0.0,1.0,0.2,0.8522241711616516,0.8080475330352783,0.9024519324302673,0.030180299654603004,0.1477758288383484
fever_80800,fever,0,5,0.0,1.0,0.2,0.8745299577713013,0.7657687067985535,0.9288240671157837,0.05701536312699318,0.12547004222869873
fever_189894,fever,1,5,0.0,1.0,0.2,0.7467535734176636,0.5637603998184204,0.8752161860466003,0.09878963977098465,0.2532464265823364
fever_179763,fever,1,5,0.0,1.0,0.2,0.6809497475624084,0.5046535730361938,0.8164852857589722,0.09636273235082626,0.31905025243759155
fever_140067,fever,1,5,0.0,1.0,0.2,0.914360523223877,0.8847062587738037,0.9445187449455261,0.02185651659965515,0.08563947677612305
fever_63313,fever,1,5,0.0,1.0,0.2,0.5768386125564575,0.24101319909095764,0.8942068815231323,0.2298375517129898,0.4231613874435425
fever_34583,fever,1,5,0.0,1.0,0.2,0.8822506070137024,0.8476734757423401,0.9312776327133179,0.02835000678896904,0.11774939298629761
fever_159716,fever,0,5,0.0,1.0,0.2,0.8542144894599915,0.789427638053894,0.9372093677520752,0.045132189989089966,0.14578551054000854
fever_72250,fever,0,5,0.0,1.0,0.2,0.7805807590484619,0.6793341636657715,0.9083625674247742,0.0692724734544754,0.21941924095153809
fever_49839,fever,1,5,0.0,1.0,0.2,0.8539344072341919,0.727833092212677,0.9390932321548462,0.05699505656957626,0.1460655927658081
fever_143301,fever,1,5,0.0,1.0,0.2,0.7953248620033264,0.7132381796836853,0.8845620155334473,0.0490310862660408,0.20467513799667358
fever_36251,fever,1,5,0.0,1.0,0.2,0.8073533177375793,0.7481988072395325,0.8632873296737671,0.04153870791196823,0.19264668226242065
fever_2798,fever,1,5,0.0,1.0,0.2,0.8845313191413879,0.8389918804168701,0.9385237097740173,0.02796933799982071,0.11546868085861206
fever_112773,fever,0,5,0.0,1.0,0.2,0.8566001057624817,0.741962730884552,0.9291723966598511,0.05125603824853897,0.1433998942375183
fever_177491,fever,1,5,0.0,1.0,0.2,0.8327102661132812,0.7804843187332153,0.9403671026229858,0.04803217947483063,0.16728973388671875
fever_44955,fever,1,5,0.0,1.0,0.2,0.9134930372238159,0.8683815598487854,0.9472452402114868,0.022746670991182327,0.08650696277618408
fever_75587,fever,1,5,0.0,1.0,0.2,0.6890870928764343,0.5020074248313904,0.8539100885391235,0.1238672286272049,0.3109129071235657
fever_11572,fever,1,5,0.0,1.0,0.2,0.8781038522720337,0.8046858906745911,0.961569607257843,0.041841525584459305,0.12189614772796631
fever_137665,fever,1,5,0.0,1.0,0.2,0.8386087417602539,0.7854975461959839,0.9201557040214539,0.03896273672580719,0.1613912582397461
fever_11491,fever,0,5,0.0,1.0,0.2,0.8216149210929871,0.7215561866760254,0.9089852571487427,0.052360013127326965,0.17838507890701294
fever_16809,fever,0,5,0.0,1.0,0.2,0.8176887631416321,0.7500241994857788,0.8903117775917053,0.04236478731036186,0.18231123685836792
fever_205088,fever,1,5,0.0,1.0,0.2,0.9062868356704712,0.8565714359283447,0.9407472610473633,0.025920169427990913,0.09371316432952881
fever_41049,fever,0,5,0.0,1.0,0.2,0.8740955591201782,0.7429579496383667,0.9365363717079163,0.05459696799516678,0.12590444087982178
fever_172512,fever,1,5,0.0,1.0,0.2,0.804477870464325,0.7429040670394897,0.9107766151428223,0.051457248628139496,0.19552212953567505
fever_211798,fever,0,5,0.0,1.0,0.2,0.7981719970703125,0.7367199659347534,0.9120924472808838,0.054343946278095245,0.2018280029296875
fever_28911,fever,0,5,0.0,1.0,0.2,0.9639137983322144,0.9457305669784546,0.9781152009963989,0.011175262741744518,0.036086201667785645
fever_111414,fever,0,5,0.0,1.0,0.2,0.8400517702102661,0.7382700443267822,0.9542438983917236,0.06960657984018326,0.1599482297897339
fever_165890,fever,0,5,0.0,1.0,0.2,0.923119068145752,0.8476046323776245,0.9753212928771973,0.04671082645654678,0.07688093185424805
fever_180581,fever,1,5,0.0,1.0,0.2,0.819995105266571,0.7687339782714844,0.871686577796936,0.028311191126704216,0.18000489473342896
fever_185772,fever,0,5,0.0,1.0,0.2,0.8406952023506165,0.7933252453804016,0.890973687171936,0.03144949674606323,0.15930479764938354
fever_97036,fever,0,5,0.0,1.0,0.2,0.8412834405899048,0.7453445792198181,0.9330743551254272,0.07014494389295578,0.15871655941009521
fever_88107,fever,0,5,0.0,1.0,0.2,0.9400938749313354,0.9103519916534424,0.9679161906242371,0.016927208751440048,0.05990612506866455
fever_218372,fever,0,5,0.0,1.0,0.2,0.7763257026672363,0.6288130879402161,0.9088723659515381,0.07729450613260269,0.22367429733276367
fever_154719,fever,0,5,0.0,1.0,0.2,0.7393260598182678,0.621583104133606,0.9205114841461182,0.08047888427972794,0.2606739401817322
fever_172485,fever,0,5,0.0,1.0,0.2,0.9255582094192505,0.8765207529067993,0.9922977685928345,0.045819271355867386,0.07444179058074951
fever_175865,fever,0,5,0.0,1.0,0.2,0.7998068332672119,0.671238899230957,0.9078489542007446,0.08061674982309341,0.20019316673278809
fever_121994,fever,0,5,0.0,1.0,0.2,0.8353186845779419,0.7681034803390503,0.9174685478210449,0.04129384085536003,0.1646813154220581
fever_16646,fever,0,5,0.0,1.0,0.2,0.8357001543045044,0.7544493675231934,0.9238446354866028,0.04664434492588043,0.1642998456954956
fever_75210,fever,1,5,0.0,1.0,0.2,0.894429087638855,0.7652162313461304,0.9494377374649048,0.05395238846540451,0.10557091236114502
fever_112877,fever,1,5,0.0,1.0,0.2,0.7522783279418945,0.6128787994384766,0.8876084089279175,0.0812891498208046,0.24772167205810547
fever_30640,fever,0,5,0.0,1.0,0.2,0.9370257258415222,0.9095038771629333,0.9794890880584717,0.021166177466511726,0.06297427415847778
fever_111717,fever,1,5,0.0,1.0,0.2,0.8505281209945679,0.7864267826080322,0.9483199715614319,0.05360749363899231,0.14947187900543213
fever_42026,fever,1,5,0.0,1.0,0.2,0.8566228151321411,0.746040403842926,0.9246370792388916,0.05874652415513992,0.1433771848678589
fever_35291,fever,1,5,0.0,1.0,0.2,0.8057470321655273,0.67838454246521,0.9321942925453186,0.06788711249828339,0.19425296783447266
fever_137370,fever,1,5,0.0,1.0,0.2,0.8368298411369324,0.7281252145767212,0.902725100517273,0.04729853942990303,0.16317015886306763
fever_85175,fever,1,5,0.0,1.0,0.2,0.7737579941749573,0.706784725189209,0.8519700169563293,0.05294355750083923,0.22624200582504272
fever_154659,fever,1,5,0.0,1.0,0.2,0.8864555358886719,0.7672165632247925,0.9913852214813232,0.06494992226362228,0.11354446411132812
fever_111060,fever,0,5,0.0,1.0,0.2,0.8560964465141296,0.7714177370071411,0.9325900077819824,0.042958393692970276,0.14390355348587036
fever_97307,fever,1,5,0.0,1.0,0.2,0.7926751375198364,0.6111394762992859,0.9268273115158081,0.0876646488904953,0.20732486248016357
fever_185188,fever,1,5,0.0,1.0,0.2,0.8800650835037231,0.8304824829101562,0.9160999655723572,0.02756524831056595,0.11993491649627686
fever_49836,fever,1,5,0.0,1.0,0.2,0.8375551104545593,0.7798265218734741,0.8898634910583496,0.03141521289944649,0.16244488954544067
fever_109293,fever,1,5,0.0,1.0,0.2,0.7334882020950317,0.6093482971191406,0.8488397002220154,0.08376064896583557,0.26651179790496826
fever_160345,fever,0,5,0.0,1.0,0.2,0.9133032560348511,0.8752999305725098,0.9968743324279785,0.03247399628162384,0.08669674396514893
fever_66940,fever,0,5,0.0,1.0,0.2,0.839666485786438,0.7365918159484863,0.9345065355300903,0.06773047149181366,0.160333514213562
fever_168636,fever,0,5,0.0,1.0,0.2,0.7833076119422913,0.6749721169471741,0.8611401319503784,0.06889545172452927,0.21669238805770874
fever_104386,fever,1,5,0.0,1.0,0.2,0.8291263580322266,0.7049797773361206,0.9741336107254028,0.07590829581022263,0.17087364196777344
fever_149130,fever,1,5,0.0,1.0,0.2,0.8583353757858276,0.8035428524017334,0.9745879173278809,0.047898706048727036,0.14166462421417236
fever_192788,fever,1,5,0.0,1.0,0.2,0.8551536798477173,0.7517229318618774,0.9353814125061035,0.057998739182949066,0.14484632015228271
fever_169319,fever,0,5,0.0,1.0,0.2,0.8493791818618774,0.7576594352722168,0.9397143125534058,0.06617380678653717,0.15062081813812256
fever_223220,fever,0,5,0.0,1.0,0.2,0.7905814051628113,0.6389114856719971,0.968108057975769,0.08875509351491928,0.20941859483718872
fever_165244,fever,0,5,0.0,1.0,0.2,0.8366351127624512,0.7726995944976807,0.9298969507217407,0.047398123890161514,0.16336488723754883
fever_192044,fever,0,5,0.0,1.0,0.2,0.9057642221450806,0.8397895693778992,0.9704948663711548,0.04389621689915657,0.09423577785491943
fever_85066,fever,1,5,0.0,1.0,0.2,0.8719519376754761,0.7899206876754761,0.9217050075531006,0.03388205170631409,0.12804806232452393
fever_43776,fever,1,5,0.0,1.0,0.2,0.9341481924057007,0.8937846422195435,0.9675615429878235,0.023545188829302788,0.06585180759429932
fever_140391,fever,0,5,0.0,1.0,0.2,0.7580598592758179,0.6424121856689453,0.9027431011199951,0.07640209794044495,0.24194014072418213
fever_197345,fever,0,5,0.0,1.0,0.2,0.8170310854911804,0.7355246543884277,0.9175453186035156,0.056835778057575226,0.18296891450881958
fever_5488,fever,0,5,0.0,1.0,0.2,0.7850357294082642,0.6333731412887573,0.964443564414978,0.11423823237419128,0.21496427059173584
fever_41980,fever,0,5,0.0,1.0,0.2,0.8648144006729126,0.7859047055244446,0.942898154258728,0.0485570915043354,0.1351855993270874
fever_137813,fever,1,5,0.0,1.0,0.2,0.8088899850845337,0.7198419570922852,0.9066339731216431,0.06376510113477707,0.1911100149154663
fever_186599,fever,0,5,0.0,1.0,0.2,0.8486953973770142,0.7618255615234375,0.9201151132583618,0.058779701590538025,0.15130460262298584
fever_24659,fever,0,5,0.0,1.0,0.2,0.8297941088676453,0.7303210496902466,0.9356065988540649,0.07878951728343964,0.17020589113235474
fever_198432,fever,0,5,0.0,1.0,0.2,0.799735426902771,0.7085522413253784,0.9087972640991211,0.05940360948443413,0.200264573097229
fever_166640,fever,1,5,0.0,1.0,0.2,0.9205970764160156,0.8665523529052734,0.9665579795837402,0.03395630419254303,0.07940292358398438
fever_164897,fever,0,5,0.0,1.0,0.2,0.9213250279426575,0.8866101503372192,0.9790052771568298,0.025049861520528793,0.07867497205734253
fever_208438,fever,0,5,0.0,1.0,0.2,0.7837876081466675,0.6456209421157837,0.875196635723114,0.07057756930589676,0.21621239185333252
fever_79644,fever,1,5,0.0,1.0,0.2,0.6871465444564819,0.618090033531189,0.798187792301178,0.05535631254315376,0.31285345554351807
fever_168041,fever,1,5,0.0,1.0,0.2,0.8213780522346497,0.7705761194229126,0.9426742792129517,0.049074988812208176,0.17862194776535034
fever_63631,fever,1,5,0.0,1.0,0.2,0.7383325099945068,0.6376670598983765,0.8804627656936646,0.08278056979179382,0.26166749000549316
fever_7336,fever,1,5,0.0,1.0,0.2,0.8506854176521301,0.8181697130203247,0.8943674564361572,0.022142332047224045,0.14931458234786987
fever_66812,fever,1,5,0.0,1.0,0.2,0.8332935571670532,0.7193623185157776,0.9255564212799072,0.06490885466337204,0.16670644283294678
fever_218249,fever,1,5,0.0,1.0,0.2,0.8882519602775574,0.8445589542388916,0.958124041557312,0.03794670104980469,0.11174803972244263
fever_116103,fever,0,5,0.0,1.0,0.2,0.7969843149185181,0.7273399829864502,0.878832221031189,0.047937117516994476,0.20301568508148193
fever_171500,fever,0,5,0.0,1.0,0.2,0.7120830416679382,0.5533087253570557,0.831791877746582,0.1058281734585762,0.28791695833206177
fever_55468,fever,0,5,0.0,1.0,0.2,0.866603672504425,0.8234374523162842,0.9426730275154114,0.030674736946821213,0.13339632749557495
fever_129026,fever,1,5,0.0,1.0,0.2,0.8260575532913208,0.756603479385376,0.9108104705810547,0.04811307415366173,0.1739424467086792
fever_113297,fever,0,5,0.0,1.0,0.2,0.7574671506881714,0.587924599647522,0.8923062086105347,0.09013282507658005,0.2425328493118286
fever_179832,fever,0,5,0.0,1.0,0.2,0.8700148463249207,0.7988379001617432,0.9328056573867798,0.04090045392513275,0.12998515367507935
fever_6684,fever,0,5,0.0,1.0,0.2,0.8607122302055359,0.8076848983764648,0.9311764240264893,0.034518782049417496,0.1392877697944641
fever_155955,fever,0,5,0.0,1.0,0.2,0.9094330668449402,0.8443158864974976,0.9636595845222473,0.04826805368065834,0.09056693315505981
fever_160795,fever,0,5,0.0,1.0,0.2,0.8246753811836243,0.7483182549476624,0.9224531650543213,0.054145507514476776,0.17532461881637573
fever_38750,fever,1,5,0.0,1.0,0.2,0.846856951713562,0.7950609922409058,0.9143984317779541,0.0355769507586956,0.153143048286438
fever_192759,fever,1,5,0.0,1.0,0.2,0.850659191608429,0.6025925874710083,0.9680729508399963,0.10359714925289154,0.14934080839157104
fever_38267,fever,1,5,0.0,1.0,0.2,0.8003156781196594,0.731390118598938,0.9362642765045166,0.06410246342420578,0.19968432188034058
fever_3337,fever,0,5,0.0,1.0,0.2,0.9216667413711548,0.8837456703186035,0.9610385298728943,0.024489235132932663,0.07833325862884521
fever_224557,fever,0,5,0.0,1.0,0.2,0.8442550897598267,0.7378842830657959,0.9483803510665894,0.06740232557058334,0.15574491024017334
fever_195040,fever,0,5,0.0,1.0,0.2,0.7375167608261108,0.5257917642593384,0.9089680910110474,0.11600229144096375,0.26248323917388916
fever_183415,fever,0,5,0.0,1.0,0.2,0.9116983413696289,0.8453786969184875,0.9450253248214722,0.02837318368256092,0.0883016586303711
fever_187213,fever,0,5,0.0,1.0,0.2,0.8797019720077515,0.7724907398223877,0.9413191080093384,0.05167698487639427,0.12029802799224854
fever_124862,fever,1,5,0.0,1.0,0.2,0.8838499188423157,0.8532732725143433,0.9203180074691772,0.02237704209983349,0.11615008115768433
fever_87793,fever,1,5,0.0,1.0,0.2,0.8291493654251099,0.6938430070877075,0.9229151606559753,0.08252792060375214,0.17085063457489014
fever_37202,fever,1,5,0.0,1.0,0.2,0.7810341715812683,0.6481537222862244,0.9095394611358643,0.09463488310575485,0.2189658284187317
fever_137360,fever,0,5,0.0,1.0,0.2,0.8679519891738892,0.7992600202560425,0.9295699596405029,0.03636705130338669,0.13204801082611084
fever_125010,fever,0,5,0.0,1.0,0.2,0.7928584218025208,0.6561695337295532,0.9266636371612549,0.07555283606052399,0.20714157819747925
fever_175633,fever,1,5,0.0,1.0,0.2,0.8777831792831421,0.8075145483016968,0.9496979713439941,0.04066995158791542,0.12221682071685791
fever_124986,fever,1,5,0.0,1.0,0.2,0.8948239088058472,0.819460391998291,0.9478285312652588,0.04417829588055611,0.10517609119415283
fever_90615,fever,1,5,0.0,1.0,0.2,0.8372772932052612,0.7870017886161804,0.9138237237930298,0.0346776619553566,0.16272270679473877
fever_112757,fever,1,5,0.0,1.0,0.2,0.9016003608703613,0.8403334617614746,0.937137246131897,0.032861460000276566,0.09839963912963867
fever_183416,fever,0,5,0.0,1.0,0.2,0.962690532207489,0.9392115473747253,0.9837995767593384,0.012851432897150517,0.037309467792510986
fever_101322,fever,1,5,0.0,1.0,0.2,0.8966214060783386,0.8350775837898254,0.9363272190093994,0.03419981524348259,0.10337859392166138
fever_215497,fever,1,5,0.0,1.0,0.2,0.902138888835907,0.8561348915100098,0.9489777684211731,0.031784217804670334,0.09786111116409302
fever_159689,fever,0,5,0.0,1.0,0.2,0.8194921612739563,0.6556652784347534,0.9169773459434509,0.08694589883089066,0.1805078387260437
fever_147260,fever,1,5,0.0,1.0,0.2,0.795488715171814,0.7485078573226929,0.8700191974639893,0.040775734931230545,0.20451128482818604
fever_165121,fever,0,5,0.0,1.0,0.2,0.7913151979446411,0.7092667818069458,0.8733435869216919,0.058249179273843765,0.2086848020553589
fever_183459,fever,0,5,0.0,1.0,0.2,0.8480349779129028,0.7526624202728271,0.9385508894920349,0.050494082272052765,0.15196502208709717
fever_129932,fever,0,5,0.0,1.0,0.2,0.9180271029472351,0.8738296031951904,0.9584203958511353,0.023607904091477394,0.08197289705276489
fever_205095,fever,1,5,0.0,1.0,0.2,0.8335322141647339,0.7542058825492859,0.8685221672058105,0.0377853661775589,0.1664677858352661
fever_99800,fever,0,5,0.0,1.0,0.2,0.894166111946106,0.8247829079627991,0.9235576391220093,0.029118919745087624,0.10583388805389404
fever_33009,fever,0,5,0.0,1.0,0.2,0.927831768989563,0.8747228384017944,0.9610941410064697,0.0319192111492157,0.07216823101043701
fever_177533,fever,1,5,0.0,1.0,0.2,0.8192194104194641,0.7568631172180176,0.9063379764556885,0.05264696478843689,0.1807805895805359
fever_132620,fever,0,5,0.0,1.0,0.2,0.7838344573974609,0.702297568321228,0.8594106435775757,0.054146382957696915,0.21616554260253906
fever_218362,fever,0,5,0.0,1.0,0.2,0.8735004663467407,0.7777872681617737,0.9491678476333618,0.05192422494292259,0.12649953365325928
fever_141188,fever,1,5,0.0,1.0,0.2,0.8172121047973633,0.7481083869934082,0.8685402870178223,0.04278918728232384,0.18278789520263672
fever_29113,fever,1,5,0.0,1.0,0.2,0.6982681155204773,0.5882742404937744,0.7711508274078369,0.06604569405317307,0.3017318844795227
fever_89908,fever,0,5,0.0,1.0,0.2,0.8734070062637329,0.8479244709014893,0.9358550906181335,0.02448750101029873,0.1265929937362671
fever_67529,fever,0,5,0.0,1.0,0.2,0.9129434823989868,0.8790023922920227,0.941928505897522,0.01859143190085888,0.08705651760101318
fever_216791,fever,1,5,0.0,1.0,0.2,0.6884640455245972,0.47142839431762695,0.8970339298248291,0.16408228874206543,0.31153595447540283
fever_125695,fever,1,5,0.0,1.0,0.2,0.8933080434799194,0.8338222503662109,0.9407859444618225,0.03725229203701019,0.10669195652008057
fever_11346,fever,0,5,0.0,1.0,0.2,0.834010899066925,0.7100310325622559,0.9448505640029907,0.08660388737916946,0.16598910093307495
fever_100366,fever,1,5,0.0,1.0,0.2,0.8090518712997437,0.6857756972312927,0.9199215173721313,0.08708027750253677,0.19094812870025635
fever_53097,fever,0,5,0.0,1.0,0.2,0.8959592580795288,0.8541029095649719,0.9617283344268799,0.032702505588531494,0.10404074192047119
fever_44347,fever,1,5,0.0,1.0,0.2,0.9522797465324402,0.9196025133132935,0.9938544034957886,0.025022169575095177,0.047720253467559814
fever_216352,fever,0,5,0.0,1.0,0.2,0.8247801065444946,0.7141416072845459,0.9600262641906738,0.06578715145587921,0.17521989345550537
fever_185426,fever,1,5,0.0,1.0,0.2,0.6340174674987793,0.4702602028846741,0.7272006273269653,0.08151966333389282,0.3659825325012207
fever_194362,fever,0,5,0.0,1.0,0.2,0.6519811153411865,0.4364472031593323,0.8170925974845886,0.10811898857355118,0.3480188846588135
fever_219155,fever,1,5,0.0,1.0,0.2,0.8969231843948364,0.8525402545928955,0.9811608791351318,0.04306048899888992,0.10307681560516357
fever_203997,fever,0,5,0.0,1.0,0.2,0.895235538482666,0.764463484287262,0.9918606281280518,0.09776623547077179,0.10476446151733398
fever_26886,fever,0,5,0.0,1.0,0.2,0.8550437092781067,0.7920724153518677,0.9372527599334717,0.04098406806588173,0.1449562907218933
fever_138023,fever,0,5,0.0,1.0,0.2,0.9495878219604492,0.9219523668289185,0.9679611921310425,0.012953171506524086,0.05041217803955078
fever_164411,fever,1,5,0.0,1.0,0.2,0.8359373211860657,0.6799377202987671,0.909630298614502,0.08182343095541,0.16406267881393433
fever_198427,fever,0,5,0.0,1.0,0.2,0.8868139982223511,0.7692043781280518,0.9747978448867798,0.08611592650413513,0.11318600177764893
fever_23588,fever,0,5,0.0,1.0,0.2,0.845177173614502,0.7744802236557007,0.9579312205314636,0.061959344893693924,0.15482282638549805
fever_59266,fever,0,5,0.0,1.0,0.2,0.9241205453872681,0.8698320984840393,0.9607115387916565,0.025857292115688324,0.07587945461273193
fever_4822,fever,0,5,0.0,1.0,0.2,0.8442126512527466,0.7485377192497253,0.9401888847351074,0.06907248497009277,0.15578734874725342
fever_41316,fever,0,5,0.0,1.0,0.2,0.6835088133811951,0.6240106821060181,0.781414270401001,0.05097367987036705,0.31649118661880493
fever_66845,fever,0,5,0.0,1.0,0.2,0.8999655842781067,0.8633332252502441,0.9561983346939087,0.028914444148540497,0.10003441572189331
fever_88082,fever,1,5,0.0,1.0,0.2,0.8265652656555176,0.756847083568573,0.8821409940719604,0.041063372045755386,0.17343473434448242
fever_207010,fever,1,5,0.0,1.0,0.2,0.8951107263565063,0.8523216247558594,0.9604979157447815,0.03513914719223976,0.10488927364349365
fever_86568,fever,1,5,0.0,1.0,0.2,0.6505768299102783,0.5839157104492188,0.7577112913131714,0.060126982629299164,0.3494231700897217
fever_160927,fever,1,5,0.0,1.0,0.2,0.884909987449646,0.8247343897819519,0.9326319694519043,0.03565770387649536,0.115090012550354
fever_127981,fever,0,5,0.0,1.0,0.2,0.9044500589370728,0.8456945419311523,0.9785162806510925,0.04070771113038063,0.09554994106292725
fever_53676,fever,0,5,0.0,1.0,0.2,0.8803268671035767,0.8504714965820312,0.9289736747741699,0.023229148238897324,0.11967313289642334
fever_88619,fever,0,5,0.0,1.0,0.2,0.8700264096260071,0.7532979249954224,0.946190595626831,0.06639155000448227,0.12997359037399292
fever_110672,fever,1,5,0.0,1.0,0.2,0.8153247833251953,0.7684686183929443,0.8998196125030518,0.035887353122234344,0.1846752166748047
fever_68973,fever,0,5,0.0,1.0,0.2,0.9200292825698853,0.873073160648346,0.971653163433075,0.03054455667734146,0.07997071743011475
fever_120046,fever,1,5,0.0,1.0,0.2,0.8271280527114868,0.7635446786880493,0.927541971206665,0.04668508097529411,0.17287194728851318
fever_139174,fever,1,5,0.0,1.0,0.2,0.9186444282531738,0.9022931456565857,0.9356669187545776,0.010866807773709297,0.08135557174682617
fever_150614,fever,0,5,0.0,1.0,0.2,0.6571478843688965,0.5365643501281738,0.7904410362243652,0.06692353636026382,0.3428521156311035
fever_68610,fever,0,5,0.0,1.0,0.2,0.8722540140151978,0.7606424689292908,0.9562215209007263,0.0653228685259819,0.12774598598480225
fever_155865,fever,0,5,0.0,1.0,0.2,0.7723686695098877,0.6593097448348999,0.8464043140411377,0.055847618728876114,0.2276313304901123
fever_148735,fever,0,5,0.0,1.0,0.2,0.888574481010437,0.8073298931121826,0.9736412763595581,0.05397427827119827,0.11142551898956299
fever_38944,fever,0,5,0.0,1.0,0.2,0.8295899629592896,0.7941138744354248,0.8827311992645264,0.027252843603491783,0.17041003704071045
fever_48514,fever,1,5,0.0,1.0,0.2,0.8433332443237305,0.7543696165084839,0.9201633930206299,0.050759389996528625,0.15666675567626953
fever_142899,fever,1,5,0.0,1.0,0.2,0.8185703158378601,0.6950432062149048,0.92275470495224,0.06901688873767853,0.1814296841621399
fever_212768,fever,1,5,0.0,1.0,0.2,0.8538873791694641,0.806126594543457,0.919633150100708,0.036680255085229874,0.1461126208305359
fever_205065,fever,0,5,0.0,1.0,0.2,0.856975257396698,0.7126234173774719,0.9247555136680603,0.05852832272648811,0.143024742603302
fever_178213,fever,0,5,0.0,1.0,0.2,0.8356605768203735,0.5996677875518799,0.9874762296676636,0.11988106369972229,0.16433942317962646
fever_145956,fever,1,5,0.0,1.0,0.2,0.941756546497345,0.9172500967979431,0.9592218399047852,0.01653122343122959,0.05824345350265503
fever_166474,fever,0,5,0.0,1.0,0.2,0.6960141658782959,0.5877255201339722,0.7755742073059082,0.051673002541065216,0.3039858341217041
fever_29543,fever,0,5,0.0,1.0,0.2,0.8084575533866882,0.6952195763587952,0.8739064931869507,0.05357872694730759,0.19154244661331177
fever_130614,fever,1,5,0.0,1.0,0.2,0.9013802409172058,0.8465125560760498,0.943549633026123,0.038376666605472565,0.09861975908279419
fever_34180,fever,0,5,0.0,1.0,0.2,0.903373122215271,0.885909914970398,0.9261308908462524,0.013753383420407772,0.096626877784729
fever_192837,fever,0,5,0.0,1.0,0.2,0.8717632293701172,0.7212182283401489,0.9942888021469116,0.11036416888237,0.1282367706298828
fever_22724,fever,1,5,0.0,1.0,0.2,0.905121922492981,0.8669471740722656,0.9527817964553833,0.025817330926656723,0.09487807750701904
fever_23296,fever,0,5,0.0,1.0,0.2,0.882655143737793,0.810172438621521,0.9813547134399414,0.04297759383916855,0.11734485626220703
fever_78395,fever,0,5,0.0,1.0,0.2,0.8704004287719727,0.7950038909912109,0.9201244711875916,0.03907550126314163,0.12959957122802734
fever_7183,fever,1,5,0.0,1.0,0.2,0.89605712890625,0.8204963803291321,0.9430323839187622,0.033543869853019714,0.10394287109375
fever_182700,fever,0,5,0.0,1.0,0.2,0.6098347306251526,0.46153056621551514,0.7806897163391113,0.09691861271858215,0.3901652693748474
fever_75838,fever,0,5,0.0,1.0,0.2,0.704494297504425,0.5614024996757507,0.9266750812530518,0.11377371102571487,0.29550570249557495
fever_162881,fever,0,5,0.0,1.0,0.2,0.7887519598007202,0.7068123817443848,0.8732880353927612,0.05160617083311081,0.21124804019927979
fever_192053,fever,1,5,0.0,1.0,0.2,0.8880831003189087,0.8543683290481567,0.9457288980484009,0.024262072518467903,0.11191689968109131
fever_18542,fever,0,5,0.0,1.0,0.2,0.7185503244400024,0.5992834568023682,0.8420834541320801,0.07920052111148834,0.28144967555999756
fever_40205,fever,0,5,0.0,1.0,0.2,0.5070570707321167,0.39748361706733704,0.627985954284668,0.07179243862628937,0.4929429292678833
fever_45018,fever,1,5,0.0,1.0,0.2,0.8707212209701538,0.7605664730072021,0.9421810507774353,0.059379033744335175,0.1292787790298462
fever_99546,fever,1,5,0.0,1.0,0.2,0.6931923031806946,0.5944106578826904,0.8636628985404968,0.08292696624994278,0.3068076968193054
fever_108162,fever,1,5,0.0,1.0,0.2,0.8217889666557312,0.6256285905838013,0.9627208709716797,0.1370547115802765,0.1782110333442688
fever_225281,fever,0,5,0.0,1.0,0.2,0.6315801739692688,0.5110536813735962,0.7828161716461182,0.09058438241481781,0.3684198260307312
fever_129780,fever,1,5,0.0,1.0,0.2,0.8575044870376587,0.722762942314148,0.9677790403366089,0.0770537480711937,0.1424955129623413
fever_8304,fever,1,5,0.0,1.0,0.2,0.8918339014053345,0.8268930912017822,0.9865583181381226,0.053893495351076126,0.10816609859466553
fever_159709,fever,0,5,0.0,1.0,0.2,0.7997838258743286,0.6870012879371643,0.942119836807251,0.06917329132556915,0.2002161741256714
fever_209088,fever,0,5,0.0,1.0,0.2,0.7626563310623169,0.6360170841217041,0.9323158860206604,0.09675662964582443,0.2373436689376831
fever_198896,fever,0,5,0.0,1.0,0.2,0.7851408123970032,0.7019137740135193,0.9282082319259644,0.07174655795097351,0.21485918760299683
fever_157098,fever,1,5,0.0,1.0,0.2,0.8934600949287415,0.8188562989234924,0.9788233041763306,0.05360347405076027,0.10653990507125854
fever_70208,fever,1,5,0.0,1.0,0.2,0.7814903855323792,0.6609882116317749,0.9490689039230347,0.08550954610109329,0.21850961446762085
fever_142839,fever,1,5,0.0,1.0,0.2,0.7144385576248169,0.4924190640449524,0.8667849898338318,0.12391684204339981,0.2855614423751831
fever_84836,fever,1,5,0.0,1.0,0.2,0.9281499981880188,0.9056124687194824,0.9504939317703247,0.0138451112434268,0.0718500018119812
fever_2144,fever,0,5,0.0,1.0,0.2,0.9108085632324219,0.8389624357223511,0.9560778141021729,0.040122125297784805,0.08919143676757812
fever_215130,fever,0,5,0.0,1.0,0.2,0.7483960390090942,0.6714817881584167,0.8222101330757141,0.05144989863038063,0.25160396099090576
fever_92128,fever,1,5,0.0,1.0,0.2,0.8637212514877319,0.8076420426368713,0.9592078924179077,0.05571863055229187,0.13627874851226807
fever_170953,fever,1,5,0.0,1.0,0.2,0.9142106175422668,0.8538022041320801,0.9558676481246948,0.03270530328154564,0.08578938245773315
fever_207006,fever,1,5,0.0,1.0,0.2,0.817435085773468,0.7174320816993713,0.9240057468414307,0.05445847287774086,0.18256491422653198
fever_116715,fever,0,5,0.0,1.0,0.2,0.811445415019989,0.7450193166732788,0.8618494272232056,0.03354194015264511,0.188554584980011
fever_8492,fever,0,5,0.0,1.0,0.2,0.757554829120636,0.663275957107544,0.8388990759849548,0.052049387246370316,0.242445170879364
fever_180730,fever,0,5,0.0,1.0,0.2,0.8823075294494629,0.8090595006942749,0.9896365404129028,0.05941780284047127,0.11769247055053711
fever_159324,fever,0,5,0.0,1.0,0.2,0.9517802000045776,0.9250987768173218,0.9695377349853516,0.013599717989563942,0.04821979999542236
fever_182268,fever,1,5,0.0,1.0,0.2,0.8460314869880676,0.7047487497329712,0.9237440824508667,0.08366978168487549,0.15396851301193237
fever_133797,fever,1,5,0.0,1.0,0.2,0.825217068195343,0.7475184202194214,0.9155392646789551,0.05207280442118645,0.17478293180465698
fever_161530,fever,0,5,0.0,1.0,0.2,0.8290244936943054,0.7055197954177856,0.9192616939544678,0.07081043720245361,0.17097550630569458
fever_1934,fever,0,5,0.0,1.0,0.2,0.8955267071723938,0.8186079263687134,0.9699364900588989,0.04742996022105217,0.1044732928276062
fever_208420,fever,1,5,0.0,1.0,0.2,0.8119789361953735,0.7251086831092834,0.9070016145706177,0.0537746287882328,0.18802106380462646
fever_77157,fever,1,5,0.0,1.0,0.2,0.9086931347846985,0.8593488931655884,0.98275226354599,0.03897036612033844,0.09130686521530151
fever_141370,fever,0,5,0.0,1.0,0.2,0.9198259115219116,0.855035126209259,0.9463245272636414,0.026749655604362488,0.08017408847808838
fever_173725,fever,0,5,0.0,1.0,0.2,0.8280563354492188,0.7154690623283386,0.9684196710586548,0.0893406793475151,0.17194366455078125
fever_49125,fever,1,5,0.0,1.0,0.2,0.8442870378494263,0.7701961994171143,0.9024864435195923,0.03774251416325569,0.15571296215057373
fever_50948,fever,1,5,0.0,1.0,0.2,0.8164559602737427,0.7159405946731567,0.8994747400283813,0.058433182537555695,0.18354403972625732
fever_166383,fever,1,5,0.0,1.0,0.2,0.8405393362045288,0.7155678272247314,0.9252283573150635,0.0612313486635685,0.1594606637954712
fever_85881,fever,1,5,0.0,1.0,0.2,0.8979204297065735,0.8715964555740356,0.9307998418807983,0.017126083374023438,0.10207957029342651
fever_91114,fever,1,5,0.0,1.0,0.2,0.9074993133544922,0.8710333108901978,0.9499107599258423,0.02443666383624077,0.09250068664550781
fever_117192,fever,1,5,0.0,1.0,0.2,0.7760607600212097,0.6350422501564026,0.8896965384483337,0.07705240696668625,0.22393923997879028
fever_86738,fever,1,5,0.0,1.0,0.2,0.7668130397796631,0.6278208494186401,0.9016441106796265,0.07695411145687103,0.23318696022033691
fever_226445,fever,0,5,0.0,1.0,0.2,0.8594344258308411,0.7611995935440063,0.9234335422515869,0.05878952518105507,0.14056557416915894
fever_147207,fever,1,5,0.0,1.0,0.2,0.5204387903213501,0.190746009349823,0.7319090366363525,0.1722976714372635,0.4795612096786499
fever_226136,fever,0,5,0.0,1.0,0.2,0.8687511682510376,0.7616313695907593,0.9444466829299927,0.06486102193593979,0.1312488317489624
fever_205107,fever,1,5,0.0,1.0,0.2,0.9242345690727234,0.9071451425552368,0.9530236721038818,0.014315333217382431,0.07576543092727661
fever_107589,fever,0,5,0.0,1.0,0.2,0.8511532545089722,0.7420198917388916,0.9730736017227173,0.07334327697753906,0.14884674549102783
fever_105896,fever,0,5,0.0,1.0,0.2,0.7848231196403503,0.7106891870498657,0.9021582007408142,0.053151685744524,0.21517688035964966
fever_181271,fever,1,5,0.0,1.0,0.2,0.7092106938362122,0.5432165861129761,0.8743864297866821,0.0846317782998085,0.29078930616378784
fever_34156,fever,0,5,0.0,1.0,0.2,0.7719272971153259,0.7105598449707031,0.83250492811203,0.04333607852458954,0.22807270288467407
fever_122887,fever,1,5,0.0,1.0,0.2,0.7931265830993652,0.703038215637207,0.8962444067001343,0.05903879553079605,0.20687341690063477
fever_161556,fever,1,5,0.0,1.0,0.2,0.858230710029602,0.8204821348190308,0.9053874015808105,0.0265268012881279,0.14176928997039795
fever_139090,fever,1,5,0.0,1.0,0.2,0.7885262370109558,0.6669480800628662,0.8684414625167847,0.06001028046011925,0.2114737629890442
fever_129729,fever,1,5,0.0,1.0,0.2,0.8424156904220581,0.7123885154724121,0.9053949117660522,0.05916738510131836,0.1575843095779419
fever_11414,fever,0,5,0.1,0.8,0.4,0.8580821752548218,0.8128050565719604,0.9999999403953552,0.05282066389918327,0.14191782474517822
fever_18574,fever,0,5,0.0,1.0,0.2,0.9135087132453918,0.8763091564178467,0.9371839761734009,0.020989621058106422,0.08649128675460815
fever_145624,fever,1,5,0.0,1.0,0.2,0.8937390446662903,0.8399921655654907,0.944095253944397,0.03283056989312172,0.10626095533370972
fever_191439,fever,1,5,0.0,1.0,0.2,0.8026558756828308,0.7541676163673401,0.8650195002555847,0.03839944675564766,0.1973441243171692
fever_222896,fever,0,5,0.0,1.0,0.2,0.8479962348937988,0.7253363132476807,0.9369984865188599,0.06448803097009659,0.15200376510620117
fever_119212,fever,0,5,0.0,1.0,0.2,0.8565524816513062,0.7669961452484131,0.9116102457046509,0.050588302314281464,0.14344751834869385
fever_34353,fever,1,5,0.0,1.0,0.2,0.8334087133407593,0.7405459880828857,0.9303040504455566,0.06580305844545364,0.16659128665924072
fever_160764,fever,0,5,0.0,1.0,0.2,0.9085900187492371,0.8469525575637817,0.9643594026565552,0.03753124549984932,0.09140998125076294
fever_202930,fever,1,5,0.0,1.0,0.2,0.881517231464386,0.8086587190628052,0.957055926322937,0.041926294565200806,0.11848276853561401
fever_168923,fever,0,5,0.0,1.0,0.2,0.825099766254425,0.7289267778396606,0.9142072200775146,0.058652810752391815,0.17490023374557495
fever_205126,fever,0,5,0.0,1.0,0.2,0.9002426862716675,0.8748514652252197,0.9335513710975647,0.01921301707625389,0.09975731372833252
fever_76307,fever,0,5,0.0,1.0,0.2,0.8223609924316406,0.7242470979690552,0.893647313117981,0.05741191655397415,0.17763900756835938
fever_215477,fever,1,5,0.0,1.0,0.2,0.7520461678504944,0.6555547714233398,0.8468550443649292,0.06563616544008255,0.24795383214950562
fever_15913,fever,0,5,0.0,1.0,0.2,0.7065366506576538,0.6248849630355835,0.7917565107345581,0.0462837852537632,0.2934633493423462
fever_65511,fever,0,5,0.0,1.0,0.2,0.8774185180664062,0.8516373038291931,0.9226632118225098,0.02096644602715969,0.12258148193359375
fever_89014,fever,1,5,0.0,1.0,0.2,0.7497602701187134,0.6067805290222168,0.8234225511550903,0.06283678859472275,0.2502397298812866
fever_205092,fever,1,5,0.0,1.0,0.2,0.6942356824874878,0.42644980549812317,0.9053541421890259,0.1642189919948578,0.3057643175125122
fever_69655,fever,1,5,0.0,1.0,0.2,0.8670706748962402,0.8161028623580933,0.951652467250824,0.0331912524998188,0.13292932510375977
fever_74163,fever,1,5,0.0,1.0,0.2,0.8741434216499329,0.8062453866004944,0.9433962106704712,0.04125015437602997,0.12585657835006714
fever_201457,fever,0,5,0.0,1.0,0.2,0.850954532623291,0.7337910532951355,0.9454771280288696,0.06488578021526337,0.14904546737670898
fever_216399,fever,1,5,0.0,1.0,0.2,0.7139584422111511,0.5421959757804871,0.8572781085968018,0.09167002886533737,0.2860415577888489
fever_76126,fever,1,5,0.0,1.0,0.2,0.8743410110473633,0.8120119571685791,0.9322623610496521,0.036993883550167084,0.12565898895263672
fever_135951,fever,1,5,0.0,1.0,0.2,0.9186949729919434,0.8935690522193909,0.9484626054763794,0.01999037340283394,0.08130502700805664
fever_180717,fever,1,5,0.0,1.0,0.2,0.7951319217681885,0.7103430032730103,0.9174143075942993,0.06835050880908966,0.20486807823181152
fever_111850,fever,1,5,0.0,1.0,0.2,0.6848708391189575,0.5744796395301819,0.8199188113212585,0.07438457012176514,0.3151291608810425
fever_171901,fever,1,5,0.0,1.0,0.2,0.7724181413650513,0.6423336267471313,0.8991295099258423,0.08229895681142807,0.22758185863494873
fever_48048,fever,1,5,0.0,1.0,0.2,0.8828092813491821,0.7740723490715027,0.971772313117981,0.0539398193359375,0.11719071865081787
fever_42922,fever,0,5,0.0,1.0,0.2,0.933363139629364,0.8813199400901794,0.9885749816894531,0.034995805472135544,0.06663686037063599
fever_124817,fever,1,5,0.0,1.0,0.2,0.8003832101821899,0.7384589910507202,0.8881388902664185,0.045889999717473984,0.19961678981781006
fever_117699,fever,0,5,0.0,1.0,0.2,0.7882304787635803,0.7265959978103638,0.878349244594574,0.051135629415512085,0.21176952123641968
fever_106478,fever,1,5,0.0,1.0,0.2,0.9266178011894226,0.883606493473053,0.9703575372695923,0.028317587450146675,0.07338219881057739
fever_69354,fever,1,5,0.0,1.0,0.2,0.7746060490608215,0.682036280632019,0.8948837518692017,0.06996246427297592,0.22539395093917847
fever_62835,fever,1,5,0.0,1.0,0.2,0.8402530550956726,0.7614823579788208,0.9425052404403687,0.056271735578775406,0.1597469449043274
fever_142717,fever,0,5,0.0,1.0,0.2,0.7732217311859131,0.6789300441741943,0.8758225440979004,0.0651773139834404,0.22677826881408691
fever_218479,fever,0,5,0.0,1.0,0.2,0.8307889699935913,0.6927437782287598,0.9203554391860962,0.07432837039232254,0.1692110300064087
fever_205121,fever,1,5,0.0,1.0,0.2,0.8661118745803833,0.7782884240150452,0.9754515886306763,0.054276470094919205,0.1338881254196167
fever_157640,fever,0,5,0.0,1.0,0.2,0.8198413848876953,0.726990818977356,0.8805735111236572,0.04916517436504364,0.1801586151123047
fever_50923,fever,0,5,0.0,1.0,0.2,0.8315275311470032,0.7367101907730103,0.9180768132209778,0.05608426034450531,0.16847246885299683
fever_166919,fever,0,5,0.0,1.0,0.2,0.6777423024177551,0.5678896903991699,0.8279324769973755,0.07826688885688782,0.3222576975822449
fever_123189,fever,1,5,0.0,1.0,0.2,0.9007318615913391,0.8805829286575317,0.9296646118164062,0.01576319709420204,0.09926813840866089
fever_43974,fever,1,5,0.0,1.0,0.2,0.7458162903785706,0.5015636682510376,0.966768741607666,0.19415634870529175,0.25418370962142944
fever_50198,fever,1,5,0.0,1.0,0.2,0.805526614189148,0.7334421873092651,0.9031230807304382,0.0529090017080307,0.19447338581085205
fever_22861,fever,1,5,0.0,1.0,0.2,0.8745425343513489,0.7965266704559326,0.9571391940116882,0.04284527897834778,0.12545746564865112
fever_185194,fever,0,5,0.0,1.0,0.2,0.7267159223556519,0.5892374515533447,0.7981842756271362,0.06278633326292038,0.27328407764434814
fever_166940,fever,0,5,0.0,1.0,0.2,0.6206744909286499,0.4186244010925293,0.8248134851455688,0.11524400115013123,0.3793255090713501
fever_53147,fever,0,5,0.0,1.0,0.2,0.8393424153327942,0.7345364093780518,0.944736123085022,0.07497760653495789,0.1606575846672058
fever_169317,fever,0,5,0.0,1.0,0.2,0.8246752023696899,0.7266756296157837,0.9532784223556519,0.06028502434492111,0.17532479763031006
fever_77435,fever,1,5,0.0,1.0,0.2,0.8854859471321106,0.8193150758743286,0.9339045286178589,0.03703589364886284,0.1145140528678894
fever_69892,fever,0,5,0.0,1.0,0.2,0.8151319622993469,0.619845986366272,0.9806820154190063,0.13033021986484528,0.18486803770065308
fever_130220,fever,1,5,0.0,1.0,0.2,0.8872113227844238,0.8585230112075806,0.9180518388748169,0.01854827255010605,0.11278867721557617
fever_132225,fever,1,5,0.0,1.0,0.2,0.7926835417747498,0.5823026895523071,0.9328867793083191,0.11503911018371582,0.20731645822525024
fever_67950,fever,1,5,0.0,1.0,0.2,0.7532079219818115,0.6510580778121948,0.8637710809707642,0.07642382383346558,0.24679207801818848
fever_226092,fever,0,5,0.0,1.0,0.2,0.9361764788627625,0.8894171118736267,0.9818400144577026,0.03547430783510208,0.06382352113723755
fever_132447,fever,1,5,0.0,1.0,0.2,0.8367727398872375,0.717022716999054,0.9180489778518677,0.07476310431957245,0.16322726011276245
fever_36425,fever,0,5,0.0,1.0,0.2,0.8703311085700989,0.8195227384567261,0.9292279481887817,0.03191336244344711,0.12966889142990112
fever_98786,fever,0,5,0.0,1.0,0.2,0.868878185749054,0.7430047988891602,0.9807890057563782,0.06398143619298935,0.13112181425094604
fever_74507,fever,1,5,0.0,1.0,0.2,0.6730624437332153,0.41141557693481445,0.9694278240203857,0.19877400994300842,0.32693755626678467
fever_165864,fever,0,5,0.0,1.0,0.2,0.7878665328025818,0.6392582654953003,0.9527689218521118,0.12093045562505722,0.2121334671974182
fever_151680,fever,0,5,0.0,1.0,0.2,0.8991380929946899,0.8321139216423035,0.9499632120132446,0.043250635266304016,0.10086190700531006
fever_112986,fever,1,5,0.0,1.0,0.2,0.902428925037384,0.8426175713539124,0.9904083609580994,0.0478934720158577,0.09757107496261597
fever_23381,fever,1,5,0.0,1.0,0.2,0.7622085809707642,0.6692343950271606,0.8946079611778259,0.07712440192699432,0.23779141902923584
fever_71986,fever,1,5,0.0,1.0,0.2,0.9559004902839661,0.8987512588500977,0.9905858039855957,0.035525623708963394,0.044099509716033936
fever_92807,fever,1,5,0.0,1.0,0.2,0.954617977142334,0.9073507785797119,0.9888437986373901,0.020124923437833786,0.045382022857666016
fever_71368,fever,1,5,0.0,1.0,0.2,0.8603771924972534,0.7650616765022278,0.904300332069397,0.04530486464500427,0.13962280750274658
fever_217658,fever,0,5,0.1,0.8,0.4,0.7884379625320435,0.5914417505264282,1.0,0.12223663181066513,0.21156203746795654
fever_50223,fever,1,5,0.0,1.0,0.2,0.8829441070556641,0.7595652341842651,0.9574447870254517,0.051808081567287445,0.11705589294433594
fever_4134,fever,0,5,0.0,1.0,0.2,0.7650890946388245,0.6108912229537964,0.9054962396621704,0.10670124739408493,0.23491090536117554
fever_26340,fever,0,5,0.0,1.0,0.2,0.8435535430908203,0.7304196357727051,0.915697455406189,0.05671534314751625,0.1564464569091797
fever_195057,fever,0,5,0.0,1.0,0.2,0.8565853238105774,0.7534536123275757,0.9698415398597717,0.06641101092100143,0.1434146761894226
fever_172776,fever,1,5,0.0,1.0,0.2,0.799368679523468,0.7065216302871704,0.9584254622459412,0.07525678724050522,0.20063132047653198
fever_84694,fever,1,5,0.0,1.0,0.2,0.8096981048583984,0.7424017190933228,0.8787419199943542,0.04547640308737755,0.19030189514160156
fever_102745,fever,1,5,0.0,1.0,0.2,0.8832791447639465,0.7868722677230835,0.9616444110870361,0.06509411334991455,0.11672085523605347
fever_80054,fever,1,5,0.0,1.0,0.2,0.8986997604370117,0.8451170325279236,0.962293267250061,0.03908587619662285,0.10130023956298828
fever_14019,fever,1,5,0.0,1.0,0.2,0.8454288244247437,0.7841325402259827,0.9216263294219971,0.03629707545042038,0.15457117557525635
fever_144309,fever,0,5,0.0,1.0,0.2,0.7746186852455139,0.6685673594474792,0.8643012046813965,0.062374040484428406,0.22538131475448608
fever_37097,fever,0,5,0.0,1.0,0.2,0.683927059173584,0.48699259757995605,0.8011000752449036,0.12052001059055328,0.316072940826416
fever_212035,fever,0,5,0.0,1.0,0.2,0.8755565881729126,0.729807436466217,0.9208428859710693,0.0564592070877552,0.1244434118270874
fever_100204,fever,1,5,0.0,1.0,0.2,0.8620476722717285,0.6955526471138,0.9676694869995117,0.07886386662721634,0.13795232772827148
fever_213948,fever,1,5,0.0,1.0,0.2,0.931714653968811,0.8907232284545898,0.9912049770355225,0.038015786558389664,0.06828534603118896
fever_137267,fever,1,5,0.0,1.0,0.2,0.8324064016342163,0.7395625114440918,0.9224841594696045,0.05584217235445976,0.1675935983657837
fever_119940,fever,1,5,0.0,1.0,0.2,0.8487409353256226,0.7874125838279724,0.9298466444015503,0.04739831015467644,0.15125906467437744
fever_158306,fever,0,5,0.0,1.0,0.2,0.7487816214561462,0.604379415512085,0.9118319749832153,0.09438315033912659,0.25121837854385376
fever_165896,fever,0,5,0.0,1.0,0.2,0.836086094379425,0.66789710521698,0.9454976320266724,0.08386604487895966,0.16391390562057495
fever_126509,fever,0,5,0.0,1.0,0.2,0.8722073435783386,0.7519701719284058,0.9496806263923645,0.05611391365528107,0.12779265642166138
fever_112573,fever,0,5,0.0,1.0,0.2,0.7997848391532898,0.6869312524795532,0.9389748573303223,0.07291276007890701,0.2002151608467102
fever_186590,fever,0,5,0.0,1.0,0.2,0.833071231842041,0.7869163751602173,0.8650938272476196,0.026705987751483917,0.16692876815795898
fever_128297,fever,1,5,0.0,1.0,0.2,0.9056903719902039,0.838168740272522,0.978299617767334,0.04081600531935692,0.09430962800979614
fever_26332,fever,1,5,0.0,1.0,0.2,0.7949849367141724,0.7422778606414795,0.8726139664649963,0.04377182945609093,0.20501506328582764
fever_48183,fever,0,5,0.0,1.0,0.2,0.8396464586257935,0.7654222249984741,0.9083716869354248,0.04595101997256279,0.16035354137420654
fever_45829,fever,1,5,0.0,1.0,0.2,0.8416255712509155,0.7873861789703369,0.915477991104126,0.04057047888636589,0.15837442874908447
fever_134854,fever,0,5,0.0,1.0,0.2,0.8908055424690247,0.8424765467643738,0.9182502031326294,0.02432437427341938,0.10919445753097534
fever_211027,fever,1,5,0.0,1.0,0.2,0.8637914657592773,0.7708753943443298,0.934200644493103,0.050465792417526245,0.13620853424072266
fever_37159,fever,0,5,0.0,1.0,0.2,0.9079326391220093,0.8466606140136719,0.9660730361938477,0.039634671062231064,0.09206736087799072
fever_156057,fever,0,5,0.0,1.0,0.2,0.854028046131134,0.7527674436569214,0.9145603775978088,0.04368724673986435,0.14597195386886597
fever_155837,fever,0,5,0.0,1.0,0.2,0.8727847337722778,0.7838391065597534,0.967704713344574,0.05255567654967308,0.12721526622772217
fever_10452,fever,0,5,0.0,1.0,0.2,0.9627717137336731,0.932625412940979,0.9876960515975952,0.01456558145582676,0.037228286266326904
fever_202439,fever,0,5,0.0,1.0,0.2,0.8982526659965515,0.8487341403961182,0.9600838422775269,0.029377000406384468,0.10174733400344849
fever_144018,fever,0,5,0.0,1.0,0.2,0.7454934120178223,0.5875351428985596,0.8804968595504761,0.09529770910739899,0.25450658798217773
fever_118806,fever,0,5,0.0,1.0,0.2,0.6171177625656128,0.4550437927246094,0.7592025995254517,0.0903397873044014,0.3828822374343872
fever_70276,fever,0,5,0.0,1.0,0.2,0.9190067052841187,0.8430824279785156,0.9825760722160339,0.04821024462580681,0.08099329471588135
fever_82859,fever,0,5,0.0,1.0,0.2,0.8598210215568542,0.8103312253952026,0.9380761384963989,0.04365609586238861,0.14017897844314575
fever_83454,fever,1,5,0.0,1.0,0.2,0.8599971532821655,0.7742476463317871,0.9262310266494751,0.04784009978175163,0.14000284671783447
fever_213451,fever,1,5,0.0,1.0,0.2,0.8898426294326782,0.8338523507118225,0.9363478422164917,0.040279317647218704,0.11015737056732178
fever_153819,fever,1,5,0.0,1.0,0.2,0.8384812474250793,0.7793549299240112,0.9253216981887817,0.040309589356184006,0.16151875257492065
fever_23846,fever,1,5,0.0,1.0,0.2,0.859311580657959,0.800931453704834,0.9109566807746887,0.03561212867498398,0.14068841934204102
fever_8167,fever,1,5,0.0,1.0,0.2,0.7355782985687256,0.6215957403182983,0.826741099357605,0.06397240608930588,0.2644217014312744
fever_36828,fever,0,5,0.0,1.0,0.2,0.8105462789535522,0.7229114770889282,0.9221138954162598,0.0705304890871048,0.18945372104644775
fever_138500,fever,1,5,0.0,1.0,0.2,0.903891921043396,0.8592432141304016,0.9770762324333191,0.032248664647340775,0.096108078956604
fever_78388,fever,0,5,0.0,1.0,0.2,0.8682640194892883,0.8107191324234009,0.9521586894989014,0.042200252413749695,0.13173598051071167
fever_144809,fever,1,5,0.0,1.0,0.2,0.8669297099113464,0.7450735569000244,0.9285930395126343,0.05612780153751373,0.13307029008865356
fever_52356,fever,1,5,0.0,1.0,0.2,0.853742778301239,0.8197298645973206,0.9401015043258667,0.033133555203676224,0.146257221698761
fever_144509,fever,1,5,0.0,1.0,0.2,0.6905044317245483,0.5102655291557312,0.876517653465271,0.12228760868310928,0.30949556827545166
fever_211288,fever,1,5,0.0,1.0,0.2,0.867037296295166,0.8122847080230713,0.9336497783660889,0.03866783529520035,0.13296270370483398
fever_29746,fever,0,5,0.0,1.0,0.2,0.8516383171081543,0.7752972841262817,0.931467592716217,0.05454173684120178,0.1483616828918457
fever_32652,fever,1,5,0.0,1.0,0.2,0.7210204601287842,0.47356975078582764,0.9802778959274292,0.13808205723762512,0.2789795398712158
fever_35365,fever,1,5,0.0,1.0,0.2,0.826024055480957,0.750764012336731,0.9504815340042114,0.05789993330836296,0.17397594451904297
fever_182936,fever,1,5,0.0,1.0,0.2,0.7151167988777161,0.4736107587814331,0.899770975112915,0.13611967861652374,0.28488320112228394
fever_167172,fever,1,5,0.0,1.0,0.2,0.9030817747116089,0.8620860576629639,0.9538066983222961,0.03358179330825806,0.09691822528839111
fever_143288,fever,1,5,0.0,1.0,0.2,0.7767689228057861,0.5884372591972351,0.9276140332221985,0.09090815484523773,0.22323107719421387
fever_149173,fever,1,5,0.0,1.0,0.2,0.8482972979545593,0.7115073204040527,0.9577181339263916,0.07990053296089172,0.15170270204544067
fever_50357,fever,1,5,0.0,1.0,0.2,0.8166155815124512,0.6561366319656372,0.9343862533569336,0.09068364650011063,0.18338441848754883
fever_135962,fever,1,5,0.0,1.0,0.2,0.8342666625976562,0.7152340412139893,0.9271955490112305,0.06540597975254059,0.16573333740234375
fever_59319,fever,0,5,0.0,1.0,0.2,0.7835650444030762,0.6826496124267578,0.9132622480392456,0.07403865456581116,0.21643495559692383
fever_200051,fever,1,5,0.0,1.0,0.2,0.7274067997932434,0.684662938117981,0.806017279624939,0.04012387618422508,0.2725932002067566
fever_204444,fever,1,5,0.0,1.0,0.2,0.7799617648124695,0.6330990791320801,0.9455249309539795,0.07977233827114105,0.22003823518753052
fever_184285,fever,0,5,0.0,1.0,0.2,0.84996497631073,0.740721583366394,0.9231600761413574,0.05995895713567734,0.15003502368927002
fever_55041,fever,1,5,0.1,0.8,0.4,0.9260950088500977,0.8866617679595947,1.0,0.035428889095783234,0.07390499114990234
fever_212335,fever,0,5,0.0,1.0,0.2,0.9095926284790039,0.8832035064697266,0.9550172090530396,0.020019056275486946,0.0904073715209961
fever_44552,fever,0,5,0.0,1.0,0.2,0.9210096597671509,0.8745149374008179,0.9582680463790894,0.027488913387060165,0.07899034023284912
fever_2615,fever,0,5,0.0,1.0,0.2,0.9143048524856567,0.859321653842926,0.9474722146987915,0.0255997683852911,0.08569514751434326
fever_192043,fever,1,5,0.0,1.0,0.2,0.878160834312439,0.8285355567932129,0.9798509478569031,0.04537353292107582,0.12183916568756104
fever_100320,fever,0,5,0.0,1.0,0.2,0.7893853783607483,0.6340457201004028,0.9360955357551575,0.08479992300271988,0.2106146216392517
fever_126561,fever,1,5,0.0,1.0,0.2,0.8390493392944336,0.6893203258514404,0.9431009888648987,0.10732706636190414,0.1609506607055664
fever_217684,fever,1,5,0.0,1.0,0.2,0.8166433572769165,0.7945336103439331,0.8502827882766724,0.020165804773569107,0.1833566427230835
fever_89608,fever,1,5,0.0,1.0,0.2,0.8493606448173523,0.8175649642944336,0.8834878206253052,0.020961057394742966,0.1506393551826477
fever_189776,fever,0,5,0.0,1.0,0.2,0.8247913122177124,0.7708373069763184,0.904521107673645,0.03650892153382301,0.1752086877822876
fever_171067,fever,1,5,0.0,1.0,0.2,0.7810460329055786,0.6755836009979248,0.9021016359329224,0.08069323748350143,0.2189539670944214
fever_181274,fever,1,5,0.0,1.0,0.2,0.7422969341278076,0.6300946474075317,0.8693786859512329,0.06319636851549149,0.2577030658721924
fever_121634,fever,0,5,0.0,1.0,0.2,0.8937943577766418,0.8642833232879639,0.93809974193573,0.022949649021029472,0.10620564222335815
fever_228062,fever,1,5,0.0,1.0,0.2,0.8918910026550293,0.8355106711387634,0.9967806339263916,0.056872833520174026,0.1081089973449707
fever_61803,fever,1,5,0.0,1.0,0.2,0.6875039339065552,0.4764970541000366,0.9411822557449341,0.14438535273075104,0.3124960660934448
fever_13126,fever,0,5,0.0,1.0,0.2,0.8547676801681519,0.8023113012313843,0.9348297715187073,0.038359105587005615,0.14523231983184814
fever_229309,fever,1,5,0.0,1.0,0.2,0.7733803987503052,0.6627058982849121,0.9067914485931396,0.08076710253953934,0.22661960124969482
fever_66610,fever,0,5,0.0,1.0,0.2,0.8738530874252319,0.8036434650421143,0.9355659484863281,0.04008665680885315,0.12614691257476807
fever_34755,fever,1,5,0.0,1.0,0.2,0.891610324382782,0.8381074666976929,0.9803652763366699,0.05210798978805542,0.10838967561721802
fever_34924,fever,1,5,0.0,1.0,0.2,0.8964636921882629,0.8023718595504761,0.9567182660102844,0.04547709599137306,0.10353630781173706
fever_90925,fever,0,5,0.0,1.0,0.2,0.8434937596321106,0.7788018584251404,0.9252887964248657,0.05029735341668129,0.1565062403678894
fever_74806,fever,0,5,0.0,1.0,0.2,0.8732002377510071,0.8280938863754272,0.9310202598571777,0.03818585351109505,0.12679976224899292
fever_53016,fever,1,5,0.0,1.0,0.2,0.7517954707145691,0.61970055103302,0.8600189685821533,0.07483889162540436,0.2482045292854309
fever_131422,fever,1,5,0.0,1.0,0.2,0.9147899746894836,0.8793593645095825,0.9639908671379089,0.022747989743947983,0.08521002531051636
fever_108957,fever,1,5,0.0,1.0,0.2,0.8381660580635071,0.8056230545043945,0.8648802042007446,0.024315791204571724,0.16183394193649292
fever_191255,fever,0,5,0.0,1.0,0.2,0.9101360440254211,0.8500707149505615,0.9732232093811035,0.03870023414492607,0.08986395597457886
fever_216771,fever,0,5,0.0,1.0,0.2,0.7834837436676025,0.6652134656906128,0.8458253145217896,0.050204239785671234,0.21651625633239746
fever_32355,fever,0,5,0.0,1.0,0.2,0.7513964176177979,0.6046393513679504,0.9659410119056702,0.11061983555555344,0.24860358238220215
fever_198035,fever,0,5,0.0,1.0,0.2,0.8311945199966431,0.7801249027252197,0.9073129892349243,0.0389176607131958,0.16880548000335693
fever_51351,fever,1,5,0.0,1.0,0.2,0.8607944250106812,0.7710509896278381,0.9554916620254517,0.05183728039264679,0.13920557498931885
fever_182923,fever,1,5,0.0,1.0,0.2,0.8558424115180969,0.809368371963501,0.9199802875518799,0.03875778615474701,0.14415758848190308
fever_47736,fever,0,5,0.0,1.0,0.2,0.8723672032356262,0.817979097366333,0.9414647221565247,0.03957521915435791,0.12763279676437378
fever_32321,fever,0,5,0.0,1.0,0.2,0.8829733729362488,0.7791650295257568,0.9546798467636108,0.05132470652461052,0.11702662706375122
fever_178210,fever,1,5,0.0,1.0,0.2,0.8858310580253601,0.8125600218772888,0.9302421808242798,0.0368262454867363,0.11416894197463989
fever_35286,fever,1,5,0.0,1.0,0.2,0.48517483472824097,0.2172238826751709,0.7415744066238403,0.1696036159992218,0.514825165271759
fever_192212,fever,1,5,0.0,1.0,0.2,0.7600494623184204,0.6976137161254883,0.8254514932632446,0.04778822138905525,0.2399505376815796
fever_202450,fever,1,5,0.0,1.0,0.2,0.8314810991287231,0.745168924331665,0.9130700826644897,0.0618644580245018,0.16851890087127686
fever_165875,fever,1,5,0.0,1.0,0.2,0.8340425491333008,0.7641520500183105,0.9008063673973083,0.0395377054810524,0.16595745086669922
fever_76386,fever,1,5,0.0,1.0,0.2,0.7621527910232544,0.6473714709281921,0.8973679542541504,0.07138603180646896,0.2378472089767456
fever_118442,fever,1,5,0.0,1.0,0.2,0.8847115635871887,0.8465098142623901,0.9198252558708191,0.024038519710302353,0.11528843641281128
fever_179266,fever,1,5,0.0,1.0,0.2,0.8695743680000305,0.8042199611663818,0.9369630813598633,0.04276801273226738,0.13042563199996948
fever_108950,fever,1,5,0.0,1.0,0.2,0.8965010643005371,0.8060474991798401,0.966436505317688,0.05621892958879471,0.10349893569946289
fever_154919,fever,1,5,0.0,1.0,0.2,0.8302033543586731,0.6729438304901123,0.8963391780853271,0.0671737939119339,0.1697966456413269
fever_198554,fever,1,5,0.0,1.0,0.2,0.6991453170776367,0.5762758851051331,0.8481059074401855,0.06868170946836472,0.3008546829223633
fever_134135,fever,1,5,0.0,1.0,0.2,0.9310836791992188,0.8823484778404236,0.9769431352615356,0.0364992581307888,0.06891632080078125
fever_81806,fever,1,5,0.0,1.0,0.2,0.859771728515625,0.7829304933547974,0.9266737699508667,0.04068087041378021,0.140228271484375
fever_53613,fever,1,5,0.0,1.0,0.2,0.8576485514640808,0.7815603017807007,0.9266587495803833,0.04273912310600281,0.1423514485359192
fever_81439,fever,0,5,0.0,1.0,0.2,0.7232551574707031,0.6411588191986084,0.8688137531280518,0.06175827980041504,0.2767448425292969
fever_119558,fever,0,5,0.0,1.0,0.2,0.8978557586669922,0.8701352477073669,0.9447977542877197,0.023324029520154,0.10214424133300781
fever_99635,fever,1,5,0.0,1.0,0.2,0.9175478219985962,0.8657689094543457,0.9837912917137146,0.03628343343734741,0.08245217800140381
fever_102346,fever,0,5,0.0,1.0,0.2,0.5978485345840454,0.48722773790359497,0.7976428866386414,0.10208974778652191,0.4021514654159546
fever_93018,fever,1,5,0.0,1.0,0.2,0.8052630424499512,0.7254358530044556,0.9056262969970703,0.0620901957154274,0.19473695755004883
fever_124875,fever,0,5,0.0,1.0,0.2,0.7629979848861694,0.6622616052627563,0.856307864189148,0.058953527361154556,0.23700201511383057
fever_89171,fever,1,5,0.0,1.0,0.2,0.9150367975234985,0.8472154140472412,0.9737748503684998,0.03737852722406387,0.08496320247650146
fever_104178,fever,0,5,0.0,1.0,0.2,0.8465328216552734,0.7571499347686768,0.9337923526763916,0.06296658515930176,0.15346717834472656
fever_61612,fever,1,5,0.0,1.0,0.2,0.8959411382675171,0.8175361752510071,0.9568983316421509,0.04236642271280289,0.10405886173248291
fever_127819,fever,1,5,0.0,1.0,0.2,0.7547198534011841,0.5670447945594788,0.8804138898849487,0.09472884982824326,0.24528014659881592
fever_195502,fever,1,5,0.0,1.0,0.2,0.8743505477905273,0.8162415623664856,0.9510191679000854,0.03352562338113785,0.12564945220947266
fever_212331,fever,1,5,0.0,1.0,0.2,0.8451647758483887,0.7789019346237183,0.9090957641601562,0.037709422409534454,0.15483522415161133
fever_169324,fever,1,5,0.0,1.0,0.2,0.7538823485374451,0.6399711966514587,0.9202804565429688,0.10166700929403305,0.24611765146255493
fever_59056,fever,1,5,0.0,1.0,0.2,0.6870672702789307,0.5800046324729919,0.8851739764213562,0.09210629016160965,0.31293272972106934
fever_168091,fever,0,5,0.0,1.0,0.2,0.8545581102371216,0.7963430881500244,0.9198747277259827,0.03438834473490715,0.14544188976287842
fever_112394,fever,1,5,0.0,1.0,0.2,0.8301243782043457,0.7027839422225952,0.9461351633071899,0.06713328510522842,0.1698756217956543
fever_133948,fever,0,5,0.0,1.0,0.2,0.8910463452339172,0.8350374698638916,0.9768270254135132,0.036893703043460846,0.10895365476608276
fever_141271,fever,1,5,0.0,1.0,0.2,0.9141895174980164,0.8916833400726318,0.941483736038208,0.013663608580827713,0.08581048250198364
fever_198037,fever,1,5,0.0,1.0,0.2,0.8152551651000977,0.7443994283676147,0.9292299747467041,0.05868026986718178,0.18474483489990234
fever_142701,fever,1,5,0.0,1.0,0.2,0.940504252910614,0.9178728461265564,0.969370424747467,0.015467303805053234,0.059495747089385986
fever_40859,fever,0,5,0.0,1.0,0.2,0.8833203315734863,0.8197036385536194,0.9355859756469727,0.039216648787260056,0.11667966842651367
fever_7138,fever,1,5,0.0,1.0,0.2,0.6823190450668335,0.5879735946655273,0.8342801332473755,0.0656323954463005,0.3176809549331665
fever_24273,fever,1,5,0.0,1.0,0.2,0.9104188680648804,0.8138911724090576,0.9791172742843628,0.04867921024560928,0.08958113193511963
fever_12178,fever,0,5,0.0,1.0,0.2,0.8821239471435547,0.8307846784591675,0.9423006772994995,0.02800103649497032,0.11787605285644531
fever_84328,fever,0,5,0.0,1.0,0.2,0.8765953779220581,0.8047248125076294,0.9494632482528687,0.041403573006391525,0.1234046220779419
fever_87760,fever,1,5,0.0,1.0,0.2,0.7605212926864624,0.7070088982582092,0.898989200592041,0.05523300543427467,0.2394787073135376
fever_53901,fever,0,5,0.0,1.0,0.2,0.8009718060493469,0.7154505252838135,0.8633269667625427,0.04182707145810127,0.19902819395065308
fever_108736,fever,1,5,0.0,1.0,0.2,0.9330360293388367,0.8822192549705505,0.9726107120513916,0.02872704155743122,0.06696397066116333
fever_106826,fever,1,5,0.0,1.0,0.2,0.857657790184021,0.7540171146392822,0.9241716265678406,0.07122572511434555,0.142342209815979
fever_212324,fever,0,5,0.0,1.0,0.2,0.7948915362358093,0.6880437135696411,0.9415569305419922,0.06810859590768814,0.20510846376419067
fever_89796,fever,0,5,0.0,1.0,0.2,0.8269546627998352,0.7742725014686584,0.9130141735076904,0.03811681270599365,0.1730453372001648
fever_213945,fever,1,5,0.0,1.0,0.2,0.9095721244812012,0.8553930521011353,0.961721658706665,0.04032178968191147,0.09042787551879883
fever_148149,fever,1,5,0.0,1.0,0.2,0.8055771589279175,0.6275928616523743,0.9235869646072388,0.07615473866462708,0.19442284107208252
fever_146288,fever,1,5,0.0,1.0,0.2,0.9063035845756531,0.8650546073913574,0.9513338804244995,0.031103799119591713,0.09369641542434692
fever_123226,fever,1,5,0.0,1.0,0.2,0.7508789896965027,0.6301534175872803,0.8776907920837402,0.08381236344575882,0.24912101030349731
fever_93600,fever,1,5,0.0,1.0,0.2,0.8406586647033691,0.7760339975357056,0.9456652402877808,0.0467422753572464,0.15934133529663086
fever_118434,fever,1,5,0.0,1.0,0.2,0.964997410774231,0.9368139505386353,0.9818165302276611,0.014496060088276863,0.03500258922576904
fever_149842,fever,1,5,0.0,1.0,0.2,0.6722738146781921,0.6028146743774414,0.7724637985229492,0.053740452975034714,0.32772618532180786
fever_141561,fever,1,5,0.0,1.0,0.2,0.8948572278022766,0.848832368850708,0.9633929133415222,0.03799216449260712,0.10514277219772339
fever_183411,fever,0,5,0.0,1.0,0.2,0.9711427688598633,0.9301486015319824,0.9992163181304932,0.01694546639919281,0.02885723114013672
fever_184100,fever,1,5,0.0,1.0,0.2,0.8204108476638794,0.759907603263855,0.8752505779266357,0.03569459542632103,0.1795891523361206
fever_145389,fever,1,5,0.0,1.0,0.2,0.9201369285583496,0.8588476777076721,0.9401693344116211,0.024860311299562454,0.07986307144165039
fever_142620,fever,1,5,0.0,1.0,0.2,0.8868839144706726,0.8304779529571533,0.941767156124115,0.03159787133336067,0.11311608552932739
fever_4705,fever,0,5,0.0,1.0,0.2,0.9142448306083679,0.8814212083816528,0.9608762264251709,0.02529510296881199,0.08575516939163208
fever_83425,fever,1,5,0.0,1.0,0.2,0.7029879689216614,0.5929690003395081,0.8364388942718506,0.09463314712047577,0.2970120310783386
fever_168086,fever,0,5,0.0,1.0,0.2,0.7409302592277527,0.6809192895889282,0.8568744659423828,0.05045332759618759,0.2590697407722473
fever_134438,fever,0,5,0.0,1.0,0.2,0.8804152607917786,0.777020275592804,0.9321208000183105,0.04639388993382454,0.11958473920822144
fever_133512,fever,1,5,0.0,1.0,0.2,0.7610892057418823,0.6200183629989624,0.8616071343421936,0.08301348984241486,0.23891079425811768
fever_57850,fever,1,5,0.0,1.0,0.2,0.8645038604736328,0.7674657106399536,0.9713419675827026,0.05744507536292076,0.1354961395263672
fever_53760,fever,0,5,0.0,1.0,0.2,0.7737950086593628,0.6516593098640442,0.8588473796844482,0.06692337989807129,0.2262049913406372
fever_184083,fever,0,5,0.0,1.0,0.2,0.7478750944137573,0.6494367122650146,0.8515043258666992,0.05307898670434952,0.2521249055862427
fever_29289,fever,0,5,0.0,1.0,0.2,0.821349024772644,0.7111651301383972,0.9026509523391724,0.05060696601867676,0.17865097522735596
fever_150964,fever,1,5,0.0,1.0,0.2,0.793270468711853,0.6832799911499023,0.8697299361228943,0.053721051663160324,0.20672953128814697
fever_123023,fever,0,5,0.0,1.0,0.2,0.6931045055389404,0.4621952772140503,0.84703129529953,0.12441224604845047,0.30689549446105957
fever_198217,fever,0,5,0.0,1.0,0.2,0.9407283067703247,0.8873356580734253,0.9791611433029175,0.029377883300185204,0.05927169322967529
fever_98879,fever,1,5,0.0,1.0,0.2,0.8855646848678589,0.8300862312316895,0.9416416883468628,0.03184036910533905,0.11443531513214111
fever_53025,fever,0,5,0.0,1.0,0.2,0.830073356628418,0.7045423984527588,0.9379175901412964,0.07855979353189468,0.16992664337158203
fever_215230,fever,0,5,0.0,1.0,0.2,0.7210473418235779,0.6201022267341614,0.8215802907943726,0.05777560546994209,0.2789526581764221
fever_194781,fever,0,5,0.0,1.0,0.2,0.6739994287490845,0.5167422890663147,0.8352565765380859,0.09974245727062225,0.3260005712509155
fever_143417,fever,1,5,0.0,1.0,0.2,0.7790457606315613,0.7102237343788147,0.8396701812744141,0.04587119072675705,0.22095423936843872
fever_45310,fever,0,5,0.0,1.0,0.2,0.9037141799926758,0.8641353249549866,0.9320636987686157,0.0176628977060318,0.09628582000732422
fever_86109,fever,1,5,0.0,1.0,0.2,0.7848795056343079,0.7415220737457275,0.8320081233978271,0.031097862869501114,0.21512049436569214
fever_37924,fever,0,5,0.0,1.0,0.2,0.8090903162956238,0.7251697778701782,0.9452122449874878,0.06255065649747849,0.19090968370437622
fever_112568,fever,0,5,0.0,1.0,0.2,0.7742167711257935,0.617436408996582,0.8661638498306274,0.06619354337453842,0.22578322887420654
fever_16329,fever,0,5,0.0,1.0,0.2,0.8932461738586426,0.8524065017700195,0.9357438683509827,0.022712690755724907,0.10675382614135742
fever_1313,fever,0,5,0.0,1.0,0.2,0.9340442419052124,0.8891145586967468,0.9799795150756836,0.023212607949972153,0.0659557580947876
fever_89213,fever,1,5,0.0,1.0,0.2,0.7957434058189392,0.7098309993743896,0.8943197131156921,0.061412692070007324,0.2042565941810608
fever_34961,fever,0,5,0.0,1.0,0.2,0.7938845157623291,0.726675808429718,0.9162459373474121,0.0513157919049263,0.2061154842376709
fever_212228,fever,1,5,0.0,1.0,0.2,0.8944171667098999,0.8535714149475098,0.9572672247886658,0.03443455323576927,0.1055828332901001
fever_192190,fever,1,5,0.0,1.0,0.2,0.8083956837654114,0.7089227437973022,0.9395755529403687,0.07622478902339935,0.19160431623458862
fever_177185,fever,1,5,0.0,1.0,0.2,0.8885970115661621,0.8337090015411377,0.9282412528991699,0.029191505163908005,0.11140298843383789
fever_112087,fever,1,5,0.0,1.0,0.2,0.9058337211608887,0.8344203233718872,0.9694600105285645,0.04779743403196335,0.09416627883911133
fever_21072,fever,0,5,0.0,1.0,0.2,0.9073536992073059,0.8654997944831848,0.9545743465423584,0.02137681469321251,0.09264630079269409
fever_21986,fever,1,5,0.0,1.0,0.2,0.6987313628196716,0.3594755530357361,0.9478585720062256,0.2276468127965927,0.30126863718032837
fever_19902,fever,0,5,0.0,1.0,0.2,0.8509095907211304,0.7577062845230103,0.939411997795105,0.049195386469364166,0.14909040927886963
fever_34205,fever,0,5,0.0,1.0,0.2,0.8102415800094604,0.7491878271102905,0.9194632768630981,0.04666801914572716,0.18975841999053955
fever_170400,fever,0,5,0.0,1.0,0.2,0.8850327730178833,0.806675136089325,0.9609730243682861,0.04782142862677574,0.1149672269821167
fever_58417,fever,0,5,0.0,1.0,0.2,0.6424146890640259,0.47731491923332214,0.8011950850486755,0.10326214134693146,0.3575853109359741
fever_127408,fever,0,5,0.0,1.0,0.2,0.750296413898468,0.5926080942153931,0.9230633974075317,0.10501624643802643,0.24970358610153198
fever_6576,fever,0,5,0.0,1.0,0.2,0.8777220845222473,0.8298923969268799,0.9571924209594727,0.03443671762943268,0.12227791547775269
fever_224197,fever,1,5,0.0,1.0,0.2,0.8409180641174316,0.7490338087081909,0.9063658714294434,0.04891873151063919,0.15908193588256836
fever_17783,fever,0,5,0.0,1.0,0.2,0.8819946050643921,0.8347748517990112,0.936909556388855,0.027468957006931305,0.11800539493560791
fever_222172,fever,1,5,0.0,1.0,0.2,0.760330080986023,0.680706262588501,0.8348697423934937,0.04944424703717232,0.23966991901397705
fever_183470,fever,0,5,0.0,1.0,0.2,0.8422825932502747,0.7764821648597717,0.8807908296585083,0.03611233830451965,0.15771740674972534
fever_179105,fever,1,5,0.0,1.0,0.2,0.8571025133132935,0.7865369319915771,0.916719377040863,0.0379762277007103,0.14289748668670654
fever_66842,fever,0,5,0.0,1.0,0.2,0.7626802921295166,0.6888400316238403,0.8927091360092163,0.054010115563869476,0.2373197078704834
fever_80676,fever,1,5,0.0,1.0,0.2,0.8706473112106323,0.8098693490028381,0.9213302135467529,0.038904089480638504,0.12935268878936768
fever_181114,fever,1,5,0.0,1.0,0.2,0.8991299867630005,0.851773202419281,0.9484328031539917,0.03181321918964386,0.10087001323699951
fever_119884,fever,1,5,0.0,1.0,0.2,0.6787124872207642,0.5421586036682129,0.8646558523178101,0.10645332932472229,0.32128751277923584
fever_15452,fever,0,5,0.0,1.0,0.2,0.8202592134475708,0.7545592784881592,0.901992678642273,0.04699615016579628,0.1797407865524292
fever_53317,fever,1,5,0.0,1.0,0.2,0.8594954609870911,0.7653571367263794,0.9328560829162598,0.04663526266813278,0.14050453901290894
fever_203154,fever,0,5,0.0,1.0,0.2,0.921467125415802,0.8902291059494019,0.9522138237953186,0.01925443485379219,0.078532874584198
fever_145848,fever,1,5,0.0,1.0,0.2,0.902298629283905,0.8132954239845276,0.9519169330596924,0.04787208139896393,0.09770137071609497
fever_166848,fever,0,5,0.0,1.0,0.2,0.6740326881408691,0.5621782541275024,0.8744494915008545,0.09748189896345139,0.32596731185913086
fever_218481,fever,0,5,0.0,1.0,0.2,0.9160746335983276,0.8505234718322754,0.9673061370849609,0.029138684272766113,0.08392536640167236
fever_141894,fever,1,5,0.0,1.0,0.2,0.7985599637031555,0.6934944987297058,0.8723146915435791,0.0515979528427124,0.20144003629684448
fever_180736,fever,1,5,0.0,1.0,0.2,0.8257704973220825,0.7306226491928101,0.9057963490486145,0.053471051156520844,0.17422950267791748
fever_66211,fever,1,5,0.0,1.0,0.2,0.8910399675369263,0.8437988758087158,0.9392095804214478,0.02677851915359497,0.10896003246307373
fever_159700,fever,0,5,0.0,1.0,0.2,0.6339813470840454,0.5172858238220215,0.8132027983665466,0.08730557560920715,0.3660186529159546
fever_81045,fever,0,5,0.0,1.0,0.2,0.8289116621017456,0.7533696889877319,0.9001598358154297,0.04590309038758278,0.1710883378982544
fever_216351,fever,0,5,0.0,1.0,0.2,0.8833500146865845,0.820071280002594,0.9277276396751404,0.032024890184402466,0.11664998531341553
fever_12682,fever,1,5,0.0,1.0,0.2,0.77378249168396,0.7291573286056519,0.8182628750801086,0.027126912027597427,0.22621750831604004
fever_162408,fever,1,5,0.0,1.0,0.2,0.875330924987793,0.8075358867645264,0.9311656951904297,0.04335491731762886,0.12466907501220703
fever_221072,fever,0,5,0.0,1.0,0.2,0.8866731524467468,0.8609497547149658,0.9184079170227051,0.01708362251520157,0.11332684755325317
fever_178341,fever,1,5,0.0,1.0,0.2,0.7891128659248352,0.6748805046081543,0.8799010515213013,0.07098798453807831,0.2108871340751648
fever_151450,fever,0,5,0.0,1.0,0.2,0.6842074990272522,0.5514445304870605,0.7563267946243286,0.060413941740989685,0.3157925009727478
fever_38861,fever,1,5,0.0,1.0,0.2,0.8228073120117188,0.7562289834022522,0.9060739278793335,0.046178918331861496,0.17719268798828125
fever_161234,fever,1,5,0.0,1.0,0.2,0.8192516565322876,0.7078232765197754,0.9496525526046753,0.08532808721065521,0.1807483434677124
fever_15425,fever,0,5,0.0,1.0,0.2,0.8130218386650085,0.7098958492279053,0.9445726275444031,0.07130124419927597,0.18697816133499146
fever_40432,fever,1,5,0.0,1.0,0.2,0.6061025857925415,0.4867938160896301,0.7525957822799683,0.09585227072238922,0.3938974142074585
fever_162035,fever,0,5,0.0,1.0,0.2,0.7133766412734985,0.5686261653900146,0.8099812269210815,0.0808093249797821,0.28662335872650146
fever_64457,fever,0,5,0.0,1.0,0.2,0.8683403730392456,0.8113515973091125,0.9164392352104187,0.032841697335243225,0.1316596269607544
fever_127957,fever,1,5,0.0,1.0,0.2,0.7746880650520325,0.6425342559814453,0.8605183362960815,0.07425050437450409,0.22531193494796753
fever_194893,fever,1,5,0.0,1.0,0.2,0.8357732892036438,0.7721315622329712,0.9209007024765015,0.05318480730056763,0.1642267107963562
fever_195038,fever,1,5,0.0,1.0,0.2,0.5774064064025879,0.09153642505407333,0.8593331575393677,0.2892167866230011,0.4225935935974121
fever_90000,fever,0,5,0.0,1.0,0.2,0.7950254678726196,0.6831995248794556,0.9378466010093689,0.06483656913042068,0.20497453212738037
fever_186588,fever,0,5,0.0,1.0,0.2,0.8889994621276855,0.762700080871582,0.9639026522636414,0.05642891302704811,0.11100053787231445
fever_104847,fever,0,5,0.0,1.0,0.2,0.939057469367981,0.8832409977912903,0.9820491075515747,0.03271150216460228,0.06094253063201904
fever_69425,fever,1,5,0.0,1.0,0.2,0.7761555314064026,0.7293500900268555,0.8391963243484497,0.03690226003527641,0.2238444685935974
fever_33011,fever,1,5,0.0,1.0,0.2,0.8934099078178406,0.8243464231491089,0.9497323632240295,0.04331651329994202,0.10659009218215942
fever_9182,fever,0,5,0.0,1.0,0.2,0.7675259113311768,0.6428687572479248,0.9394135475158691,0.1126716360449791,0.23247408866882324
fever_67766,fever,0,5,0.0,1.0,0.2,0.8749085664749146,0.8208261728286743,0.9271968603134155,0.0345270000398159,0.12509143352508545
fever_113361,fever,0,5,0.0,1.0,0.2,0.7703222036361694,0.6123741865158081,0.8738088607788086,0.08608826994895935,0.22967779636383057
fever_21187,fever,0,5,0.0,1.0,0.2,0.8505654335021973,0.7548848986625671,0.9664971828460693,0.06201127916574478,0.14943456649780273
fever_69536,fever,0,5,0.0,1.0,0.2,0.826659083366394,0.682497501373291,0.9420661926269531,0.07508107274770737,0.17334091663360596
fever_123477,fever,1,5,0.0,1.0,0.2,0.8290334939956665,0.706669807434082,0.9252156019210815,0.07218751311302185,0.1709665060043335
fever_84329,fever,1,5,0.0,1.0,0.2,0.8998173475265503,0.8268724083900452,0.955281138420105,0.04180656373500824,0.10018265247344971
fever_114050,fever,0,5,0.0,1.0,0.2,0.7555720806121826,0.6249030232429504,0.877989649772644,0.08121579885482788,0.24442791938781738
fever_113188,fever,1,5,0.0,1.0,0.2,0.8222702741622925,0.7090467214584351,0.9287029504776001,0.06800628453493118,0.17772972583770752
fever_19592,fever,0,5,0.0,1.0,0.2,0.8077555894851685,0.6548025012016296,0.9277389049530029,0.08510076999664307,0.19224441051483154
fever_199414,fever,0,5,0.0,1.0,0.2,0.6665748357772827,0.3764972388744354,0.8798885345458984,0.19343790411949158,0.3334251642227173
fever_146260,fever,0,5,0.0,1.0,0.2,0.8581740260124207,0.7722423076629639,0.951264500617981,0.05334059149026871,0.14182597398757935
fever_28679,fever,1,5,0.0,1.0,0.2,0.7816203832626343,0.7197873592376709,0.8436447381973267,0.03963223472237587,0.21837961673736572
fever_124565,fever,0,5,0.0,1.0,0.2,0.9169600605964661,0.8556431531906128,0.9670426249504089,0.036106180399656296,0.08303993940353394
fever_146361,fever,0,5,0.0,1.0,0.2,0.7946516275405884,0.6937242746353149,0.8905333876609802,0.051336828619241714,0.20534837245941162
fever_10713,fever,0,5,0.0,1.0,0.2,0.8596128225326538,0.7762752771377563,0.921046257019043,0.04358098283410072,0.1403871774673462
fever_225749,fever,1,5,0.0,1.0,0.2,0.8486604690551758,0.7702571153640747,0.9008246064186096,0.0448603555560112,0.15133953094482422
fever_150098,fever,1,5,0.0,1.0,0.2,0.9167481660842896,0.8470372557640076,0.9738696813583374,0.046710122376680374,0.08325183391571045
fever_181264,fever,1,5,0.0,1.0,0.2,0.7788021564483643,0.7202369570732117,0.8799726963043213,0.05301707983016968,0.22119784355163574
fever_125912,fever,1,5,0.0,1.0,0.2,0.8285781741142273,0.75409334897995,0.9005100727081299,0.05371391400694847,0.1714218258857727
fever_139330,fever,0,5,0.0,1.0,0.2,0.885926365852356,0.8387840390205383,0.9374171495437622,0.027894198894500732,0.11407363414764404
fever_11570,fever,1,5,0.0,1.0,0.2,0.6949125528335571,0.5441678762435913,0.7937391996383667,0.07880032807588577,0.30508744716644287
fever_194183,fever,1,5,0.0,1.0,0.2,0.8722583651542664,0.8054072856903076,0.9131815433502197,0.028987077996134758,0.12774163484573364
fever_164103,fever,1,5,0.0,1.0,0.2,0.7099770903587341,0.5514423847198486,0.8407396078109741,0.08110594749450684,0.29002290964126587
fever_204997,fever,0,5,0.0,1.0,0.2,0.824149489402771,0.7434242963790894,0.8740543127059937,0.04284650832414627,0.175850510597229
fever_155629,fever,1,5,0.0,1.0,0.2,0.8460745811462402,0.8039920330047607,0.92690509557724,0.037216443568468094,0.15392541885375977
fever_178240,fever,1,5,0.0,1.0,0.2,0.8730286359786987,0.7829165458679199,0.9656095504760742,0.053540367633104324,0.12697136402130127
fever_172306,fever,1,5,0.0,1.0,0.2,0.823529064655304,0.7417051792144775,0.9014954566955566,0.048372458666563034,0.17647093534469604
fever_86749,fever,1,5,0.0,1.0,0.2,0.8171072006225586,0.7474433183670044,0.9194233417510986,0.04876287281513214,0.1828927993774414
fever_119606,fever,0,5,0.0,1.0,0.2,0.7906567454338074,0.7138922214508057,0.8832120895385742,0.056083060801029205,0.20934325456619263
fever_205643,fever,1,5,0.0,1.0,0.2,0.7738522291183472,0.7094354629516602,0.8380776643753052,0.04568035155534744,0.22614777088165283
fever_2317,fever,1,5,0.0,1.0,0.2,0.8820263147354126,0.7599349021911621,0.965932309627533,0.06232790648937225,0.1179736852645874
fever_222643,fever,0,5,0.0,1.0,0.2,0.8130494356155396,0.6398025751113892,0.9255034327507019,0.08445464074611664,0.18695056438446045
fever_10675,fever,1,5,0.0,1.0,0.2,0.8411146998405457,0.6561388969421387,0.9555302858352661,0.09970345348119736,0.15888530015945435
fever_198067,fever,1,5,0.0,1.0,0.2,0.7459110021591187,0.6027836799621582,0.8579084277153015,0.07968969643115997,0.25408899784088135
fever_145516,fever,0,5,0.0,1.0,0.2,0.9038287401199341,0.8734711408615112,0.9629971981048584,0.026977786794304848,0.09617125988006592
fever_192959,fever,0,5,0.0,1.0,0.2,0.8689282536506653,0.7869546413421631,0.9528109431266785,0.04831571504473686,0.13107174634933472
fever_117447,fever,1,5,0.0,1.0,0.2,0.923845648765564,0.8321085572242737,0.9799909591674805,0.059414733201265335,0.07615435123443604
fever_208441,fever,1,5,0.0,1.0,0.2,0.8695470690727234,0.834669828414917,0.9035334587097168,0.022932399064302444,0.1304529309272766
fever_127814,fever,1,5,0.0,1.0,0.2,0.8377957344055176,0.7440022230148315,0.9367258548736572,0.06590887904167175,0.16220426559448242
fever_78311,fever,0,5,0.0,1.0,0.2,0.8197457194328308,0.7021470069885254,0.9198052883148193,0.059659745544195175,0.1802542805671692
fever_32490,fever,0,5,0.0,1.0,0.2,0.9427052736282349,0.9013745188713074,0.9891230463981628,0.023451881483197212,0.05729472637176514
fever_27657,fever,0,5,0.0,1.0,0.2,0.6690184473991394,0.5939344167709351,0.7951637506484985,0.06671465933322906,0.3309815526008606
fever_21145,fever,0,5,0.0,1.0,0.2,0.901711106300354,0.8302746415138245,0.9688861966133118,0.04735090211033821,0.098288893699646
fever_220234,fever,0,5,0.0,1.0,0.2,0.8561722040176392,0.7289477586746216,0.9251944422721863,0.049848467111587524,0.14382779598236084
fever_220278,fever,0,5,0.0,1.0,0.2,0.8598604202270508,0.7818876504898071,0.9060242772102356,0.03706413507461548,0.14013957977294922
fever_185402,fever,1,5,0.0,1.0,0.2,0.7092278003692627,0.5750255584716797,0.8881038427352905,0.10322202742099762,0.2907721996307373
fever_5092,fever,0,5,0.0,1.0,0.2,0.7544072866439819,0.6137856841087341,0.8793213963508606,0.07503765821456909,0.24559271335601807
fever_165111,fever,0,5,0.0,1.0,0.2,0.8390790820121765,0.7594338655471802,0.9656112194061279,0.06545086950063705,0.1609209179878235
fever_42152,fever,1,5,0.0,1.0,0.2,0.8548485040664673,0.7909356355667114,0.9303807616233826,0.04457518085837364,0.14515149593353271
fever_197368,fever,0,5,0.0,1.0,0.2,0.8991667032241821,0.8592150807380676,0.9447059631347656,0.027297550812363625,0.10083329677581787
fever_174510,fever,0,5,0.0,1.0,0.2,0.8433675765991211,0.7256631851196289,0.9660645723342896,0.06284632533788681,0.1566324234008789
fever_61563,fever,0,5,0.0,1.0,0.2,0.8664552569389343,0.8185566663742065,0.9171900153160095,0.031087396666407585,0.13354474306106567
fever_184054,fever,1,5,0.0,1.0,0.2,0.5691508054733276,0.3828824758529663,0.8195703029632568,0.13213501870632172,0.43084919452667236
fever_187114,fever,0,5,0.0,1.0,0.2,0.8101047277450562,0.689429521560669,0.8845759034156799,0.05915813520550728,0.18989527225494385
fever_183618,fever,1,5,0.0,1.0,0.2,0.8417404294013977,0.7650080919265747,0.954658567905426,0.0707709789276123,0.1582595705986023
fever_166485,fever,0,5,0.0,1.0,0.2,0.6823353171348572,0.6192605495452881,0.7496359348297119,0.04261133819818497,0.3176646828651428
fever_186592,fever,1,5,0.0,1.0,0.2,0.7247138619422913,0.42427724599838257,0.9214948415756226,0.1913614571094513,0.27528613805770874
fever_99105,fever,1,5,0.0,1.0,0.2,0.6062927842140198,0.38305628299713135,0.8646160364151001,0.15357749164104462,0.3937072157859802
fever_134200,fever,0,5,0.0,1.0,0.2,0.9147567749023438,0.8025722503662109,0.9796737432479858,0.06284645199775696,0.08524322509765625
fever_137038,fever,0,5,0.0,1.0,0.2,0.8699548840522766,0.8042757511138916,0.9087566137313843,0.0403142124414444,0.1300451159477234
fever_193860,fever,0,5,0.0,1.0,0.2,0.8981806039810181,0.8037146329879761,0.9646880030632019,0.04528452083468437,0.10181939601898193
fever_30062,fever,0,5,0.0,1.0,0.2,0.8585106730461121,0.6997329592704773,0.9525055885314941,0.07177597284317017,0.14148932695388794
fever_78018,fever,0,5,0.0,1.0,0.2,0.8790812492370605,0.8353135585784912,0.9526682496070862,0.032433927059173584,0.12091875076293945
fever_165652,fever,0,5,0.0,1.0,0.2,0.7569960355758667,0.6348954439163208,0.8806344270706177,0.08334258943796158,0.2430039644241333
fever_225254,fever,0,5,0.0,1.0,0.2,0.822651207447052,0.7300482988357544,0.9942938685417175,0.11237801611423492,0.177348792552948
fever_8246,fever,0,5,0.0,1.0,0.2,0.8704001307487488,0.7606953978538513,0.9534740447998047,0.062368929386138916,0.12959986925125122
fever_10278,fever,1,5,0.0,1.0,0.2,0.8703199625015259,0.795476496219635,0.9167822599411011,0.03311784565448761,0.12968003749847412
fever_42619,fever,0,5,0.0,1.0,0.2,0.8471659421920776,0.7799437046051025,0.9436150789260864,0.0488651879131794,0.15283405780792236
fever_204010,fever,1,5,0.0,1.0,0.2,0.9324986338615417,0.8341588973999023,0.9994659423828125,0.0748206228017807,0.06750136613845825
fever_15006,fever,0,5,0.0,1.0,0.2,0.7817147970199585,0.6603535413742065,0.9187573790550232,0.07687758654356003,0.2182852029800415
fever_201364,fever,0,5,0.0,1.0,0.2,0.8340166211128235,0.7401441335678101,0.8994756937026978,0.059648364782333374,0.1659833788871765
fever_147936,fever,0,5,0.0,1.0,0.2,0.7973821759223938,0.7260383367538452,0.8782905340194702,0.046363409608602524,0.2026178240776062
fever_37558,fever,1,5,0.0,1.0,0.2,0.8050856590270996,0.6444715261459351,0.9519369602203369,0.12157456576824188,0.1949143409729004
fever_212187,fever,0,5,0.0,1.0,0.2,0.7191137075424194,0.6126143932342529,0.8329384326934814,0.0765167772769928,0.28088629245758057
fever_94059,fever,0,5,0.0,1.0,0.2,0.8445532917976379,0.7937121391296387,0.9072109460830688,0.029108980670571327,0.15544670820236206
