id,source_dataset,original_label,num_generations,mean_pairwise_entailment,mean_pairwise_contradiction,mean_pairwise_neutral,fraction_entailing_pairs,fraction_contradicting_pairs,fraction_neutral_pairs,nli_disagreement
halueval-8465,halueval,1,5,0.97683969683876,0.004197381782132135,0.01896292137910776,1.0,0.0,0.0,0.013678842471686015
halueval-9667,halueval,1,5,0.46938410429396793,0.13741991468450482,0.39319598102152725,0.3,0.1,0.6,0.3340179051952684
halueval-8673,halueval,0,5,0.4005493923298439,0.5909254398484574,0.008525167821698713,0.4,0.6,0.0,0.5951880237593067
halueval-5554,halueval,0,5,0.970913928630489,0.009594869612545217,0.019491201756965983,1.0,0.0,0.0,0.01934047049102821
halueval-8298,halueval,0,5,0.445051568486467,0.2241013562502107,0.3308470752633223,0.5,0.4,0.1,0.38952489388187184
halueval-157,halueval,1,5,0.7911619610907993,0.03691711831568467,0.17192092059351602,1.0,0.0,0.0,0.12287757861244268
halueval-9946,halueval,1,5,0.6143873180290345,0.11002889016270874,0.2755837918082567,0.4,0.1,0.5,0.2478207860668371
halueval-7444,halueval,0,5,0.6882710273275254,0.0039292336947349665,0.3077997389777396,0.4,0.0,0.6,0.15782910318360477
halueval-1567,halueval,1,5,0.2997621897566021,0.6932490042215349,0.006988806021863,0.3,0.7,0.0,0.6967434072324664
halueval-5072,halueval,0,5,0.6972754968714088,0.01066492513379394,0.2920595779947973,1.0,0.0,0.0,0.1566947141311926
halueval-3409,halueval,1,5,0.30343623491434235,0.008184439429860142,0.6883793256557975,0.1,0.0,0.9,0.3523741022577589
halueval-6034,halueval,1,5,0.46831952684435707,0.30009876119988654,0.23158171195575633,0.3,0.4,0.3,0.41588961717776474
halueval-1239,halueval,0,5,0.29363886171991394,0.40640525850409903,0.29995587977598703,0.3,0.4,0.3,0.5563831983920926
halueval-4890,halueval,1,5,0.9891719777909069,0.002053307448355296,0.008774714760737785,1.0,0.0,0.0,0.006440664828724189
halueval-5462,halueval,0,5,0.5430612087915703,0.07291490756904115,0.3840238836393886,0.4,0.0,0.6,0.26492684938873545
halueval-1130,halueval,1,5,0.5106806866220353,0.004244621697250551,0.48507469168071393,0.1,0.0,0.9,0.2467819675376075
halueval-1717,halueval,1,5,0.6455358828512064,0.0012960627145611257,0.35316805443423227,0.4,0.0,0.6,0.17788008993167725
halueval-5853,halueval,0,5,0.5944330195151406,0.007715319222947999,0.3978516612619114,1.0,0.0,0.0,0.2066411498539037
halueval-9293,halueval,0,5,0.2951694958903376,0.5830494674734625,0.12178103663619996,0.2,0.6,0.2,0.6439399857915625
halueval-9363,halueval,0,5,0.8794849354594115,0.003324881836889633,0.11719018270369888,1.0,0.0,0.0,0.061919973188739076
halueval-9204,halueval,1,5,0.989693906422135,0.0022806370490649304,0.008025456528799955,1.0,0.0,0.0,0.006293365313464908
halueval-7635,halueval,1,5,0.7914101124606503,0.004203894557274277,0.20438599298207533,0.6,0.0,0.4,0.10639689104831195
halueval-1353,halueval,1,5,0.9894139806872075,0.0015502665754558928,0.009035752737336426,1.0,0.0,0.0,0.006068142944124106
halueval-6699,halueval,1,5,0.7848265889789311,0.031361048376219426,0.18381236264484951,0.9,0.0,0.1,0.12326722969864418
halueval-8917,halueval,1,5,0.9090710999497869,0.04490608021425913,0.046022819835954056,1.0,0.0,0.0,0.06791749013223616
halueval-184,halueval,0,5,0.9856930707102072,0.001196572085795194,0.013110357203997716,1.0,0.0,0.0,0.007751750687794052
halueval-7015,halueval,1,5,0.9852563655781921,0.0038929132320157634,0.010850721189792,1.0,0.0,0.0,0.009318273826911763
halueval-8121,halueval,1,5,0.9732265740547325,0.0019719230068239715,0.02480150293844361,1.0,0.0,0.0,0.014372674476045778
halueval-8119,halueval,1,5,0.3524896273650978,0.053432512468897006,0.5940778601660052,0.1,0.0,0.9,0.3504714425518996
halueval-3481,halueval,1,5,0.9892921825397188,0.0015624153607361638,0.009145402099545048,1.0,0.0,0.0,0.006135116410508687
halueval-2021,halueval,1,5,0.9864028131534169,0.0015173677157378235,0.0120798191308451,1.0,0.0,0.0,0.007557277281160374
halueval-7892,halueval,0,5,0.7923883568635566,0.002982811884175059,0.20462883125226844,0.6,0.0,0.4,0.10529722751030927
halueval-922,halueval,1,5,0.4172631726681596,0.5710671239718381,0.011669703360002203,0.4,0.6,0.0,0.5769019756518392
halueval-3618,halueval,1,5,0.9557540329497731,0.021486934541779336,0.02275903250844725,1.0,0.0,0.0,0.03286645079600296
halueval-3508,halueval,0,5,0.19832584189372143,0.7657131971832128,0.03596096092306574,0.2,0.8,0.0,0.7836936776447457
halueval-3756,halueval,0,5,0.45738243585628807,0.13537707783651542,0.40724048630719645,0.5,0.2,0.3,0.33899732099011365
halueval-2137,halueval,0,5,0.5942260144203108,0.3983917354162637,0.00738225016342559,0.6,0.4,0.0,0.40208286049797654
halueval-5978,halueval,0,5,0.7143600892767883,0.00843267947819033,0.27720723124502133,0.6,0.0,0.4,0.147036295100701
halueval-9235,halueval,1,5,0.6822687132863109,0.004892492575269783,0.31283879413841936,0.4,0.0,0.6,0.16131188964447946
halueval-3318,halueval,0,5,0.9894989650743472,0.0017166636448833973,0.008784371280769325,1.0,0.0,0.0,0.0061088492852680604
halueval-9699,halueval,1,5,0.9918186112731082,0.0009215287965168054,0.007259859930375102,1.0,0.0,0.0,0.004551458761704356
halueval-2408,halueval,0,5,0.9650242463376839,0.008271231597706288,0.026704522064609833,1.0,0.0,0.0,0.021623492630011204
halueval-1304,halueval,1,5,0.7883999781844111,0.007570013532628405,0.20403000828296033,0.6,0.0,0.4,0.10958501767410857
halueval-6032,halueval,1,5,0.5927890802153484,0.3990652178522546,0.008145701932397017,0.6,0.4,0.0,0.4031380688184531
halueval-8393,halueval,1,5,0.7844696884111981,0.005065373430957273,0.21046493815784487,0.6,0.0,0.4,0.1102978425098797
halueval-8469,halueval,0,5,0.9890049119499839,0.0016072823116324072,0.009387805738383711,1.0,0.0,0.0,0.006301185180824263
halueval-3137,halueval,0,5,0.7903796865720201,0.003739810773225985,0.20588050265475394,0.6,0.0,0.4,0.10668006210060295
halueval-3826,halueval,0,5,0.6503416048769581,0.04684104369168764,0.30281735143135424,0.6,0.0,0.4,0.19824971940736474
halueval-606,halueval,0,5,0.5995778634083486,0.0071660602680716015,0.39325607632357973,0.4,0.0,0.6,0.20379409842986146
halueval-7279,halueval,1,5,0.9839247514257744,0.0023742776360822304,0.013700970938143273,1.0,0.0,0.0,0.009224763105153867
halueval-2321,halueval,0,5,0.28272644274545355,0.6895286550938805,0.027744902160666014,0.3,0.7,0.0,0.7034011061742135
halueval-4864,halueval,0,5,0.027235395388678658,0.6301120880065555,0.3426525166047659,0.0,0.7,0.3,0.8014383463089385
halueval-5649,halueval,1,5,0.9670844024773511,0.012023328310437478,0.020892269212211524,1.0,0.0,0.0,0.02246946291654324
halueval-4829,halueval,1,5,0.31678945870398156,0.5409294655202392,0.14228107577577917,0.2,0.6,0.2,0.6120700034081288
halueval-2058,halueval,0,5,0.7883544495474679,0.008142063211155926,0.20350348724137612,0.6,0.0,0.4,0.109893806831844
halueval-378,halueval,0,5,0.5960687018319993,0.3956908348614294,0.008240463306571327,0.6,0.4,0.0,0.3998110665147151
halueval-1298,halueval,0,5,0.5168298911640952,0.2931823882010975,0.18998772063480723,0.4,0.4,0.2,0.3881762485185011
halueval-4403,halueval,0,5,0.644865796570195,0.012275556046095416,0.3428586473837095,0.7,0.0,0.3,0.1837048797379502
halueval-5646,halueval,0,5,0.8272879931487858,0.007336193679338429,0.16537581317187583,1.0,0.0,0.0,0.09002410026527634
halueval-813,halueval,1,5,0.44537848961195853,0.010502268304814863,0.5441192420832264,0.3,0.0,0.7,0.28256188934642806
halueval-3774,halueval,0,5,0.4900471585910087,0.012589826427148745,0.4973630149818426,0.5,0.0,0.5,0.26127133391807006
halueval-2337,halueval,0,5,0.3036019541408723,0.06523047304366549,0.6311675728154622,0.3,0.0,0.7,0.3808142594513966
halueval-5503,halueval,0,5,0.9747082416937516,0.008760992954255722,0.016530765351992514,1.0,0.0,0.0,0.01702637563025198
halueval-3482,halueval,0,5,0.6873941831617124,0.0030781423612083686,0.3095276744770793,0.4,0.0,0.6,0.15784197959974802
halueval-5565,halueval,1,5,0.618327178331231,0.05486487655218388,0.3268079451165851,1.0,0.0,0.0,0.21826884911047645
halueval-2154,halueval,0,5,0.10775572364376247,0.8256818995413159,0.06656237681492153,0.1,0.9,0.0,0.8589630879487766
halueval-8495,halueval,0,5,0.7905278075469921,0.0022446694004505203,0.20722752305255723,0.6,0.0,0.4,0.10585843092672914
halueval-1611,halueval,1,5,0.4953137204135617,0.3223693676424791,0.1823169119439591,0.7,0.3,0.0,0.4135278236144586
halueval-1564,halueval,1,5,0.10093096156839701,0.8941230171932093,0.00494602123839386,0.1,0.9,0.0,0.8965960278124062
halueval-9405,halueval,0,5,0.9576199484028308,0.016087379760721134,0.02629267183644791,1.0,0.0,0.0,0.029233715678945088
halueval-5754,halueval,0,5,0.5218781202618189,0.07200820636897572,0.4061136733692054,0.3,0.0,0.7,0.27506504305357843
halueval-1996,halueval,1,5,0.594306398077524,0.39919506795499754,0.006498533967478558,0.6,0.4,0.0,0.4024443349387368
halueval-7896,halueval,1,5,0.3995102689180442,0.29148216350002254,0.3090075675819333,0.4,0.3,0.3,0.44598594729098917
halueval-262,halueval,0,5,0.9701606432936828,0.0018173715144152718,0.02802198519190179,1.0,0.0,0.0,0.015828364110366165
halueval-8107,halueval,0,5,0.5952434487459903,0.39572613431574993,0.009030416938259773,0.6,0.4,0.0,0.4002413427848798
halueval-6430,halueval,1,5,0.9921533146341748,0.0008149814033307026,0.007031703962494651,1.0,0.0,0.0,0.004330833384578028
halueval-396,halueval,0,5,0.9915182368520569,0.0012801805437172985,0.007201582604225881,1.0,0.0,0.0,0.004880971845830239
halueval-6835,halueval,0,5,0.8140355598317178,0.12035837390529329,0.06560606626298884,1.0,0.0,0.0,0.1531614070367877
halueval-438,halueval,0,5,0.5894963920114036,0.017368459511468225,0.39313514847712827,0.4,0.0,0.6,0.21393603375003237
halueval-9632,halueval,1,5,0.4653802870463336,0.13908954158647033,0.395530171367196,0.4,0.1,0.5,0.3368546272700683
halueval-909,halueval,1,5,0.9916662678703462,0.0017764193295650907,0.006557312800088691,1.0,0.0,0.0,0.005055075729609436
halueval-4228,halueval,0,5,0.9824920415982831,0.004602883536110125,0.012905074865606676,1.0,0.0,0.0,0.011055420968913463
halueval-8756,halueval,0,5,0.7758294092647698,0.10884728193203382,0.11532330880319637,1.0,0.0,0.0,0.166508936333632
halueval-8958,halueval,1,5,0.06108070688061088,0.6432918805740597,0.29562741254532954,0.0,0.7,0.3,0.7911055868467245
halueval-351,halueval,1,5,0.7925584011389071,0.0029657397622064935,0.20447585909888644,0.6,0.0,0.4,0.1052036693116497
halueval-8371,halueval,0,5,0.9849477359073056,0.004462651073884279,0.010589613018809941,1.0,0.0,0.0,0.009757457583289249
halueval-858,halueval,0,5,0.4051148900260005,0.10579211118633816,0.4890929987876613,0.4,0.0,0.6,0.3503386105801688
halueval-302,halueval,1,5,0.6907541136315799,0.0025277575107025825,0.3067181288577176,0.4,0.0,0.6,0.15588682193956138
halueval-6446,halueval,1,5,0.30336559486289916,0.0848465058643392,0.6117878992727617,0.0,0.1,0.9,0.39074045550072
halueval-5194,halueval,1,5,0.42164374965930024,0.01755942102251133,0.5607968293181884,0.4,0.0,0.6,0.29795783568160555
halueval-2679,halueval,1,5,0.9806500371685003,0.001869155064679966,0.017480807766819716,1.0,0.0,0.0,0.010609558948089823
halueval-2882,halueval,0,5,0.535968828043953,0.009876064132884516,0.4541551078231626,0.7,0.0,0.3,0.23695361804446582
halueval-6195,halueval,0,5,0.11162285405154293,0.6465158223771581,0.24186132357129883,0.1,0.7,0.2,0.7674464841628075
halueval-3574,halueval,1,5,0.6430452994241028,0.013364787735475423,0.34358991284042184,0.7,0.0,0.3,0.18515974415568634
halueval-9344,halueval,1,5,0.9879724717038252,0.003016911601782414,0.00901061669439231,1.0,0.0,0.0,0.0075222199489785695
halueval-6572,halueval,0,5,0.6953304180264095,0.11393715179156956,0.19073243018202102,1.0,0.0,0.0,0.20930336688258006
halueval-1013,halueval,0,5,0.991751821886458,0.0007077888374578345,0.007540389276083967,1.0,0.0,0.0,0.004477983475499818
halueval-6480,halueval,0,5,0.9887287491318304,0.0011607758820284283,0.010110474986141215,1.0,0.0,0.0,0.006216013375099036
halueval-9327,halueval,1,5,0.7710566206449958,0.009003367002146235,0.21994001235285796,1.0,0.0,0.0,0.11897337317857522
halueval-880,halueval,0,5,0.9711921463153711,0.010094952734126635,0.0187129009505023,1.0,0.0,0.0,0.019451403209377785
halueval-1221,halueval,1,5,0.5931826945308243,0.39959718530928445,0.007220120159891377,0.6,0.4,0.0,0.40320724538923014
halueval-6186,halueval,0,5,0.3067905965973798,0.46568105812070604,0.22752834528191418,0.2,0.5,0.3,0.5794452307616631
halueval-9766,halueval,1,5,0.39274233156582883,0.5994537737452886,0.0078038946888823475,0.4,0.6,0.0,0.6033557210897298
halueval-4378,halueval,1,5,0.44307034613800544,0.0820123184036628,0.4749173354583319,0.3,0.0,0.7,0.31947098613282876
halueval-3683,halueval,0,5,0.71115211271757,0.030248844071931312,0.25859904321049887,1.0,0.0,0.0,0.15954836567718075
halueval-6340,halueval,0,5,0.5010950727181612,0.37392024450737155,0.12498468277446732,0.6,0.4,0.0,0.4364125858946052
halueval-4100,halueval,0,5,0.3960580949649367,0.5991871217511797,0.004754783283883466,0.4,0.6,0.0,0.6015645133931214
halueval-6221,halueval,1,5,0.9874579138748516,0.0006367973437955109,0.011905288781353112,1.0,0.0,0.0,0.006589441734472067
halueval-6366,halueval,0,5,0.9876890593429094,0.0007877292179184969,0.011523211439172067,1.0,0.0,0.0,0.00654933493750453
halueval-582,halueval,1,5,0.44060275831967244,0.07085824372280744,0.48853899795752004,0.1,0.0,0.9,0.31512774270156746
halueval-9911,halueval,0,5,0.9624395377524397,0.017924090493508786,0.019636371754051505,1.0,0.0,0.0,0.027742276370534537
halueval-9839,halueval,1,5,0.012525116909430974,0.7865806185057143,0.20089426458485468,0.0,0.9,0.1,0.8870277507981416
halueval-9616,halueval,0,5,0.9890721451963757,0.001017369036529539,0.009910485767094662,1.0,0.0,0.0,0.00597261192007687
halueval-9359,halueval,0,5,0.9829922797091639,0.003008805921594443,0.013998914369241758,1.0,0.0,0.0,0.010008263106215321
halueval-6087,halueval,0,5,0.9872969133673288,0.0007221015536209404,0.01198098507905024,1.0,0.0,0.0,0.00671259409314606
halueval-3271,halueval,0,5,0.3741196092427314,0.16006000394406156,0.465820386813207,0.4,0.2,0.4,0.3929701973506651
halueval-2785,halueval,1,5,0.9752713835470835,0.007536346792900664,0.017192269660015944,1.0,0.0,0.0,0.016132481622908635
halueval-5678,halueval,0,5,0.6982119097249032,0.007205034975314018,0.2945830552997828,1.0,0.0,0.0,0.15449656262520542
halueval-1184,halueval,0,5,0.781050959033673,0.011434254539858944,0.207514786426468,1.0,0.0,0.0,0.11519164775309294
halueval-7750,halueval,1,5,0.3320098627868503,0.6050688030795373,0.06292133413361255,0.3,0.7,0.0,0.6365294701463435
halueval-6348,halueval,1,5,0.35664396865088516,0.013076945010874322,0.6302790863382406,0.3,0.0,0.7,0.3282164881799946
halueval-3577,halueval,1,5,0.4980664971977659,0.011104106834976075,0.49082939596725794,0.2,0.0,0.8,0.25651880481860506
halueval-4577,halueval,1,5,0.9825436615347319,0.0033690620059103364,0.014087276459357534,1.0,0.0,0.0,0.010412700235589104
halueval-3261,halueval,0,5,0.520740125454646,0.31807330692368385,0.1611865676216702,0.6,0.4,0.0,0.39866659073451893
halueval-5834,halueval,0,5,0.3060895761600242,0.019514554026102353,0.6743958698138736,0.1,0.0,0.9,0.35671248893303914
halueval-3654,halueval,1,5,0.9892787432703123,0.002301295337970924,0.008419961391716689,1.0,0.0,0.0,0.006511276033829268
halueval-4397,halueval,1,5,0.5946528583156497,0.2565798805826993,0.1487672611016509,0.6,0.4,0.0,0.33096351113352473
halueval-9181,halueval,1,5,0.9860317302916345,0.0034611614108656374,0.01050710829749984,1.0,0.0,0.0,0.008714715559615557
halueval-7847,halueval,1,5,0.2984858905491453,0.5637432112621349,0.13777089818871974,0.2,0.6,0.2,0.6326286603564948
halueval-5915,halueval,0,5,0.4693668238506447,0.0038427479859563145,0.526790428163399,0.1,0.0,0.9,0.2672379620676558
halueval-9067,halueval,1,5,0.9878723715083106,0.000852304974353829,0.011275323517335498,1.0,0.0,0.0,0.006489966733021578
halueval-7859,halueval,0,5,0.6362997847414896,0.01247123252673994,0.3512289827317704,0.7,0.0,0.3,0.18808572389262512
halueval-3463,halueval,1,5,0.42612537653913973,0.34493628952134153,0.2289383339395187,0.3,0.3,0.4,0.45940545649110087
halueval-3559,halueval,1,5,0.9901229251931406,0.002017861114441539,0.007859213692418017,1.0,0.0,0.0,0.0059474679606505475
halueval-9730,halueval,0,5,0.9732105971927574,0.002004639374846382,0.02478476343239604,1.0,0.0,0.0,0.014397021091044402
halueval-8161,halueval,0,5,0.9638084981861843,0.01496651024130057,0.021224991572515083,1.0,0.0,0.0,0.02557900602755811
halueval-1379,halueval,0,5,0.621187033857138,0.10552453381314353,0.27328843232971844,0.9,0.1,0.0,0.24216874997800275
halueval-3059,halueval,0,5,0.9844123028224724,0.004158518049391214,0.011429179128136405,1.0,0.0,0.0,0.009873107613459418
halueval-1052,halueval,1,5,0.78067581321324,0.00498660070389712,0.21433758608286296,0.6,0.0,0.4,0.1121553937453286
halueval-6298,halueval,0,5,0.5922232459318051,0.39819269357612863,0.00958406049206644,0.6,0.4,0.0,0.4029847238221618
halueval-3101,halueval,1,5,0.06452043084750078,0.08545952690847837,0.8500200422440208,0.1,0.1,0.8,0.5104695480304888
halueval-7769,halueval,0,5,0.9388239646324508,0.01310527090215181,0.04807076446539736,1.0,0.0,0.0,0.03714065313485049
halueval-7445,halueval,1,5,0.9896689071824791,0.0021325498359653977,0.008198542981555436,1.0,0.0,0.0,0.0062318213267431154
halueval-1641,halueval,0,5,0.6199112686962562,0.3157993525426529,0.06428937876109088,0.6,0.4,0.0,0.34794404192319833
halueval-9738,halueval,0,5,0.5608034528165781,0.3995650798577285,0.03963146732569356,0.6,0.4,0.0,0.41938081352057527
halueval-4789,halueval,1,5,0.39538975126068393,0.5998937507110728,0.004716498028243367,0.4,0.6,0.0,0.6022519997251945
halueval-244,halueval,0,5,0.982332955351515,0.00690248580282443,0.010764558845660839,1.0,0.0,0.0,0.012284765225654849
halueval-6578,halueval,1,5,0.01686016010033836,0.6542184593546249,0.3289213805450368,0.0,0.6,0.4,0.8186791496271433
halueval-4658,halueval,0,5,0.49902689671878075,0.11379080232668884,0.38718230095453043,0.3,0.0,0.7,0.3073819528039541
halueval-1382,halueval,1,5,0.29523063131540056,0.1334681609186295,0.57130120776597,0.2,0.1,0.7,0.41911876480161453
halueval-7514,halueval,1,5,0.9869968269118576,0.002469152041077087,0.010534021047065313,1.0,0.0,0.0,0.007736162564609744
halueval-2145,halueval,1,5,0.8113872912117985,0.11509716760278728,0.07351554118541427,1.0,0.0,0.0,0.15185493819549442
halueval-7145,halueval,1,5,0.776860130297889,0.014018200773377601,0.2091216689287334,0.6,0.0,0.4,0.11857903523774431
halueval-2619,halueval,1,5,0.1381714258526169,0.5961414237177677,0.2656871504296153,0.1,0.7,0.2,0.7289849989325754
halueval-3056,halueval,0,5,0.23571613841888556,0.5386602889514515,0.22562357262966293,0.3,0.6,0.1,0.6514720752662829
halueval-7259,halueval,1,5,0.9912027927502605,0.0013688386954610824,0.007428368554278314,1.0,0.0,0.0,0.0050830229726002395
halueval-9994,halueval,1,5,0.9711918951429898,0.005487280925865368,0.02332082393114475,1.0,0.0,0.0,0.017147692891437742
halueval-1651,halueval,0,5,0.2003686815760716,0.40770052109318156,0.39193079733074676,0.3,0.5,0.2,0.603665919758555
halueval-4271,halueval,0,5,0.9885770328825465,0.0010453247531520425,0.01037764236430121,1.0,0.0,0.0,0.006234145935302648
halueval-8295,halueval,0,5,0.7686403624772729,0.010748799216223636,0.22061083830650358,0.6,0.0,0.4,0.12105421836947543
halueval-5735,halueval,0,5,0.991307481491354,0.0013033694655680064,0.0073891490430781056,1.0,0.0,0.0,0.004997943987107059
halueval-7343,halueval,0,5,0.9913430172433136,0.0006150613128165601,0.008041921443869619,1.0,0.0,0.0,0.004636022034751369
halueval-7076,halueval,1,5,0.9799401849163069,0.0011593300523667764,0.01890048503132638,1.0,0.0,0.0,0.010609572568029966
halueval-7190,halueval,1,5,0.9910414133558765,0.0006147350827734955,0.008343851561350006,1.0,0.0,0.0,0.004786660863448498
halueval-8745,halueval,0,5,0.657395384003026,0.031056508321901398,0.31154810767507257,0.4,0.0,0.6,0.1868305621594377
halueval-7270,halueval,0,5,0.4597220220130148,0.13286137159593564,0.40741660639104965,0.2,0.1,0.7,0.3365696747914605
halueval-3283,halueval,1,5,0.5389080462828476,0.11343496088421441,0.34765699283293794,0.6,0.0,0.4,0.28726345730068337
halueval-8456,halueval,1,5,0.9892900303283906,0.0016975529720196238,0.009012416699589743,1.0,0.0,0.0,0.0062037613218144955
halueval-5153,halueval,1,5,0.5201208867105056,0.01929191923035348,0.46058719405914106,0.7,0.0,0.3,0.249585516259924
halueval-6235,halueval,0,5,0.9847386695212854,0.003201181532907211,0.012060148945807436,1.0,0.0,0.0,0.009231256005810928
halueval-8815,halueval,0,5,0.9894515140181849,0.0025136832892583777,0.008034802692556627,1.0,0.0,0.0,0.006531084635536691
halueval-905,halueval,1,5,0.4046060001322235,0.17746209979389588,0.4179319000738806,0.5,0.2,0.3,0.3864280498308362
halueval-187,halueval,0,5,0.9797912838492857,0.007259205164222298,0.01294951098649189,1.0,0.0,0.0,0.013733960657468243
halueval-5850,halueval,0,5,0.9854781535953256,0.0013958655437536073,0.013125980860920627,1.0,0.0,0.0,0.00795885597421392
halueval-469,halueval,0,5,0.3054060663305132,0.13684611200076996,0.557747821668717,0.1,0.1,0.8,0.41572002283512843
halueval-5196,halueval,0,5,0.992641250829785,0.000951594819002211,0.006407154351212497,1.0,0.0,0.0,0.00415517199460846
halueval-7265,halueval,1,5,0.28463077050726204,0.20843132503709647,0.5069379044556415,0.1,0.1,0.8,0.4619002772649172
halueval-7047,halueval,0,5,0.2331913782457892,0.43073959033542797,0.3360690314187828,0.2,0.5,0.3,0.5987741060448194
halueval-271,halueval,0,5,0.9793652915123143,0.0012054640250707624,0.01942924446261503,1.0,0.0,0.0,0.010920086256378279
halueval-2117,halueval,1,5,0.4965590264997794,0.0021479019349720037,0.5012930715652487,0.0,0.0,1.0,0.25279443771759635
halueval-5929,halueval,0,5,0.9888883996348101,0.0022897396379070066,0.008821860727282884,1.0,0.0,0.0,0.006700670001548449
halueval-6386,halueval,0,5,0.988541059839138,0.002862105375723439,0.008596834785138691,1.0,0.0,0.0,0.007160522768292784
halueval-1043,halueval,0,5,0.9629531755931726,0.014187068623642229,0.022859755783185227,1.0,0.0,0.0,0.025616946515234842
halueval-2843,halueval,0,5,0.9911031592867456,0.0006303238104277281,0.008266516902826612,1.0,0.0,0.0,0.004763582261841034
halueval-9507,halueval,1,5,0.98765808269794,0.0025598471377208153,0.009782070164339364,1.0,0.0,0.0,0.007450882219890497
halueval-7956,halueval,1,5,0.3470271137683772,0.10931292828919101,0.5436599579424318,0.1,0.0,0.9,0.3811429072604069
halueval-9698,halueval,1,5,0.987522311406311,0.002781253053844544,0.009696435539844655,1.0,0.0,0.0,0.007629470823766872
halueval-1393,halueval,0,5,0.34412702894692454,0.440402972221053,0.21546999883202247,0.3,0.4,0.3,0.5481379716370642
halueval-4686,halueval,1,5,0.9661652262779159,0.014052099521260675,0.01978267420082353,1.0,0.0,0.0,0.02394343662167244
halueval-5445,halueval,1,5,0.205967268925283,0.30554094763171724,0.48849178344299987,0.1,0.4,0.5,0.5497868393532171
halueval-9369,halueval,0,5,0.708170944894935,0.21990323936061912,0.07192581574444581,0.6,0.4,0.0,0.255866147232842
halueval-8417,halueval,1,5,0.43896339807166934,0.07119732168257406,0.48983928024575657,0.1,0.1,0.8,0.31611696180545235
halueval-2797,halueval,1,5,0.9889265589451547,0.001723349184139639,0.009350091870705861,1.0,0.0,0.0,0.00639839511949257
halueval-3674,halueval,1,5,0.9811115277193345,0.0013477160779092722,0.01754075620275613,1.0,0.0,0.0,0.010118094179287336
halueval-8452,halueval,1,5,0.7050876812902768,0.03172337385424764,0.2631889448554755,1.0,0.0,0.0,0.1633178462819854
halueval-8532,halueval,0,5,0.6405421254144508,0.0037015123273045855,0.3557563622582446,0.6,0.0,0.4,0.18157969345642688
halueval-6985,halueval,1,5,0.5167364594821755,0.16469364310008802,0.3185698974177365,0.5,0.3,0.2,0.3239785918089563
halueval-585,halueval,0,5,0.9878320163229619,0.0009238872756028346,0.01124409640143517,1.0,0.0,0.0,0.00654593547632042
halueval-2129,halueval,1,5,0.016475515075387324,0.8251648345291119,0.15835965039550065,0.0,0.9,0.1,0.9043446597268623
halueval-4508,halueval,0,5,0.48649542927877387,0.21094982990819214,0.302554740813034,0.4,0.1,0.5,0.3622272003147091
halueval-8381,halueval,1,5,0.34544384231272485,0.5990918797963352,0.055464277890940016,0.4,0.6,0.0,0.6268240187418052
halueval-9386,halueval,0,5,0.8211430980365713,0.036571786640004156,0.1422851153234247,1.0,0.0,0.0,0.1077143443017165
halueval-7807,halueval,0,5,0.542591325562577,0.07361906054703152,0.3837896138903914,0.7,0.0,0.3,0.2655138674922272
halueval-4112,halueval,0,5,0.9867825179875098,0.002387934480967892,0.010829547531522377,1.0,0.0,0.0,0.00780270824672908
halueval-2197,halueval,1,5,0.7909650688602232,0.003991677384579848,0.2050432537551968,0.6,0.0,0.4,0.10651330426217825
halueval-5940,halueval,1,5,0.6097716051104572,0.024103654501523557,0.3661247403880193,0.6,0.0,0.4,0.2071660246955332
halueval-7465,halueval,0,5,0.9823127566825869,0.005179795715551384,0.012507447601861737,1.0,0.0,0.0,0.011433519516482252
halueval-3949,halueval,0,5,0.05948305161252535,0.8810481213140203,0.05946882707345423,0.1,0.8,0.1,0.9107825348507474
halueval-1336,halueval,0,5,0.455538550040521,0.5062365007604539,0.0382249491990251,0.3,0.7,0.0,0.5253489753599665
halueval-8565,halueval,1,5,0.991847259144531,0.001359382790216274,0.006793358065252821,1.0,0.0,0.0,0.004756061822842684
halueval-3895,halueval,0,5,0.9758964065361914,0.003941067885220521,0.02016252557858813,1.0,0.0,0.0,0.014022330674514586
halueval-7261,halueval,1,5,0.11263167040904616,0.27978514394656245,0.6075831856443914,0.0,0.3,0.7,0.5835767367687581
halueval-4138,halueval,1,5,0.7980791884331253,0.001375156460521072,0.20054565510635375,1.0,0.0,0.0,0.10164798401369794
halueval-380,halueval,1,5,0.3885557168026392,0.01769046648967962,0.5937538167076812,0.1,0.0,0.9,0.31456737484352026
halueval-5582,halueval,0,5,0.6153681317085676,0.06950322328247115,0.31512864500896126,0.6,0.0,0.4,0.22706754578695176
halueval-2427,halueval,0,5,0.9845341796854005,0.0026502780077981357,0.012815542306801481,1.0,0.0,0.0,0.009058049161198876
halueval-8666,halueval,1,5,0.396036030162996,0.1913518824901625,0.4126120873468415,0.2,0.2,0.6,0.39765792616358325
halueval-715,halueval,0,5,0.9905813337130128,0.0015988100772071612,0.00781985620978008,1.0,0.0,0.0,0.005508738182097201
halueval-6861,halueval,1,5,0.7602689947984325,0.03342632607107433,0.20630467913049322,1.0,0.0,0.0,0.13657866563632093
halueval-2437,halueval,0,5,0.9903888903821196,0.0014346789596511723,0.008176430658229181,1.0,0.0,0.0,0.0055228942887657635
halueval-1441,halueval,1,5,0.9892350700182307,0.0006828079617292781,0.01008212202003993,1.0,0.0,0.0,0.005723868971749244
halueval-8627,halueval,1,5,0.21872076112014044,0.4051045245094385,0.376174714370421,0.2,0.4,0.4,0.593191881694649
halueval-9062,halueval,0,5,0.9845320406578381,0.004522105564079862,0.010945853778081991,1.0,0.0,0.0,0.009995032453120858
halueval-1848,halueval,0,5,0.5922106221367756,0.39794545553056737,0.009843922332657087,0.6,0.4,0.0,0.4028674166968959
halueval-4277,halueval,0,5,0.3910719793957721,0.4418743462561701,0.16705367434805768,0.4,0.4,0.2,0.5254011834301989
halueval-7074,halueval,0,5,0.7953846963289338,0.0008944126660914677,0.20372089100497467,1.0,0.0,0.0,0.10275485816857881
halueval-1201,halueval,0,5,0.9896135682718397,0.0008042778408201519,0.0095821538873402,1.0,0.0,0.0,0.005595354784490253
halueval-9089,halueval,0,5,0.9861666026607082,0.0017125414939126373,0.012120855845379067,1.0,0.0,0.0,0.0077729694166021705
halueval-161,halueval,1,5,0.9862184230327038,0.003735940937170628,0.010045636030125484,1.0,0.0,0.0,0.00875875895223337
halueval-3150,halueval,1,5,0.4895738464611763,0.1508928138505315,0.3595333396882921,0.6,0.0,0.4,0.33065948369467757
halueval-8705,halueval,1,5,0.3144389206865425,0.288909628649929,0.3966514506635285,0.1,0.2,0.7,0.48723535398169326
halueval-9238,halueval,0,5,0.9601625465944599,0.006957587499433831,0.03287986590610616,1.0,0.0,0.0,0.02339752045248691
halueval-5555,halueval,0,5,0.9353211901673781,0.02692455735587341,0.037754252476748615,1.0,0.0,0.0,0.045801683594247716
halueval-505,halueval,1,5,0.7918344130452992,0.005015974248439111,0.2031496127062616,1.0,0.0,0.0,0.10659078060156991
halueval-9601,halueval,1,5,0.6408393286481785,0.008487535745489893,0.35067313560633157,0.4,0.0,0.6,0.18382410354865567
halueval-5692,halueval,1,5,0.991019244885466,0.0019586960683141935,0.007022059046219877,1.0,0.0,0.0,0.005469725591424132
halueval-5182,halueval,1,5,0.9917634564497296,0.0006855738115704218,0.007550969738700059,1.0,0.0,0.0,0.0044610586809204515
halueval-5774,halueval,1,5,0.5491788151075363,0.0765903366506919,0.37423084824177166,0.7,0.0,0.3,0.2637057607715777
halueval-1022,halueval,1,5,0.9822686611267125,0.005585693406166712,0.012145645467120674,1.0,0.0,0.0,0.01165851613972705
halueval-5089,halueval,1,5,0.9782174199948648,0.005463303142040219,0.016319276863095096,1.0,0.0,0.0,0.013622941573587767
halueval-2259,halueval,0,5,0.9833659046762534,0.0025125869841362823,0.014121508339610211,1.0,0.0,0.0,0.009573341153941388
halueval-4560,halueval,1,5,0.9789245661468803,0.005173518531047869,0.015901915322071768,1.0,0.0,0.0,0.013124476192083753
halueval-8564,halueval,1,5,0.3460331648715348,0.11569650040110091,0.5382703347273644,0.1,0.2,0.7,0.3848316677647831
halueval-6586,halueval,0,5,0.3381815813662893,0.006671244402348874,0.6551471742313618,0.1,0.0,0.9,0.3342448315180298
halueval-8022,halueval,0,5,0.04892461470942119,0.702182883495599,0.24889250179497982,0.0,0.8,0.2,0.8266291343930889
halueval-3313,halueval,0,5,0.9544735781459209,0.014130404379816164,0.03139601747426293,1.0,0.0,0.0,0.02982841311694763
halueval-6455,halueval,1,5,0.9713196348980129,0.0042349346487623825,0.024445430453224788,1.0,0.0,0.0,0.016457649875374777
halueval-4056,halueval,1,5,0.9779072002517312,0.007120042475568666,0.014972757272700168,1.0,0.0,0.0,0.01460642111191875
halueval-4885,halueval,1,5,0.98950116000934,0.0014207585511939304,0.009078081439466134,1.0,0.0,0.0,0.005959799270926997
halueval-3057,halueval,0,5,0.5917063395145318,0.20805199710991165,0.20024166337555646,0.6,0.4,0.0,0.30817282879768987
halueval-1800,halueval,1,5,0.8946393437267227,0.048688581271447824,0.05667207500182938,1.0,0.0,0.0,0.07702461877236251
halueval-1699,halueval,0,5,0.9695954506664682,0.005936632743881802,0.024467916589650036,1.0,0.0,0.0,0.018170591038706822
halueval-4268,halueval,1,5,0.2711298701871826,0.44598724052747807,0.2828828892853393,0.4,0.4,0.2,0.5874286851701477
halueval-6224,halueval,0,5,0.40149269903372575,0.4051418351869892,0.19336546577928507,0.4,0.6,0.0,0.5018245680766318
halueval-7278,halueval,1,5,0.9741204512230345,0.007814523031160817,0.018065025745804875,1.0,0.0,0.0,0.016847035904063255
halueval-6542,halueval,1,5,0.2558993288035004,0.23327981858906469,0.5108208526074349,0.3,0.2,0.5,0.4886902448927821
halueval-8120,halueval,0,5,0.9749689366441995,0.010835934780520163,0.014195128575280292,1.0,0.0,0.0,0.01793349906816031
halueval-1770,halueval,0,5,0.46192387235513366,0.4289668855235648,0.1091092421213015,0.6,0.4,0.0,0.48352150658421555
halueval-5616,halueval,1,5,0.9665789295591498,0.0013275881231467506,0.03209348231770343,1.0,0.0,0.0,0.017374329281998467
halueval-4798,halueval,1,5,0.9692099947286771,0.012275368716508996,0.018514636554813897,1.0,0.0,0.0,0.021532686993915945
halueval-9542,halueval,1,5,0.7728812382960093,0.0034967083546324613,0.2236220533493582,0.6,0.0,0.4,0.11530773502931156
halueval-987,halueval,0,5,0.7684927313884928,0.006878327436198217,0.224628941175309,0.6,0.0,0.4,0.11919279802385271
halueval-7725,halueval,0,5,0.34983706088811434,0.055697544556853495,0.5944653945550321,0.5,0.0,0.5,0.35293024183436955
halueval-6995,halueval,1,5,0.9825378226599163,0.004474437456776273,0.012987739883307542,1.0,0.0,0.0,0.010968307398430042
halueval-5982,halueval,1,5,0.60014185849334,0.3264362486576271,0.07342189284903271,0.6,0.4,0.0,0.36314719508214344
halueval-7169,halueval,1,5,0.9623817569919885,0.0028075537818286482,0.03481068922618289,1.0,0.0,0.0,0.020212898394920093
halueval-1874,halueval,0,5,0.5997434437505055,0.07907122166559212,0.3211853345839025,0.4,0.0,0.6,0.23966388895754337
halueval-6090,halueval,0,5,0.11161133504804488,0.8684569883582247,0.019931676593730494,0.1,0.9,0.0,0.87842282665509
halueval-4527,halueval,1,5,0.9896922700880534,0.002136667596926229,0.008171062315020352,1.0,0.0,0.0,0.006222198754436405
halueval-4794,halueval,1,5,0.9448953142514505,0.016971253423202236,0.03813343232534705,1.0,0.0,0.0,0.03603796958587576
halueval-51,halueval,0,5,0.9774250054885636,0.0016843336529206755,0.02089066085851592,1.0,0.0,0.0,0.012129664082178635
halueval-3130,halueval,0,5,0.370024523858184,0.20104540844617352,0.42893006769564235,0.1,0.2,0.7,0.4155104422939947
halueval-5564,halueval,0,5,0.9917841623977418,0.0016341021760218212,0.006581735426236378,1.0,0.0,0.0,0.00492496988914001
halueval-5904,halueval,1,5,0.9783884336588342,0.006691751407251331,0.014919814933914591,1.0,0.0,0.0,0.014151658874208627
halueval-666,halueval,1,5,0.4099670141842404,0.14498113654048173,0.4450518492752778,0.4,0.0,0.6,0.3675070611781206
halueval-3180,halueval,1,5,0.9837602384198434,0.004615895812058306,0.011623865768098403,1.0,0.0,0.0,0.010427828696107509
halueval-102,halueval,1,5,0.19724085231999267,0.7957027086844369,0.0070564389955704975,0.2,0.8,0.0,0.7992309281822222
halueval-1780,halueval,1,5,0.5717484558918358,0.01599542178271641,0.4122561223254479,0.6,0.0,0.4,0.22212348294544035
halueval-7326,halueval,0,5,0.2888133597165942,0.029121150943244807,0.682065489340161,0.1,0.0,0.9,0.3701538956133253
halueval-3963,halueval,1,5,0.39006139033974546,0.40297094803720535,0.20696766162304914,0.4,0.4,0.2,0.5064547788487299
halueval-935,halueval,1,5,0.7816415262949518,0.20322949773982707,0.01512897596522118,0.6,0.4,0.0,0.21079398572243765
halueval-8967,halueval,1,5,0.3657063902611715,0.018872373872177516,0.615421235866651,0.4,0.0,0.6,0.326582991805503
halueval-8973,halueval,1,5,0.9686903554997437,0.002543864331872411,0.02876578016838378,1.0,0.0,0.0,0.0169267544160643
halueval-5740,halueval,0,5,0.9828227528399497,0.0017190232266599183,0.015458223933390369,1.0,0.0,0.0,0.009448135193355103
halueval-7612,halueval,0,5,0.5438428289367941,0.01974740277496603,0.4364097682882398,0.3,0.0,0.7,0.23795228691908593
halueval-7263,halueval,0,5,0.6699016596441144,0.003950826732270579,0.3261475136236149,1.0,0.0,0.0,0.167024583544078
halueval-6592,halueval,0,5,0.9821046577618325,0.003417433368956992,0.014477908869210462,1.0,0.0,0.0,0.010656387803562224
halueval-4514,halueval,1,5,0.18707935767059108,0.38885959242245055,0.4240610499069583,0.2,0.4,0.4,0.6008901173759297
halueval-2565,halueval,0,5,0.9907021890785435,0.001073056917004108,0.008224754004452542,1.0,0.0,0.0,0.005185433919230379
halueval-3372,halueval,1,5,0.9448248146740814,0.01739011989592811,0.03778506542999047,1.0,0.0,0.0,0.036282652610923345
halueval-7171,halueval,0,5,0.6670421941359673,0.11490745305474455,0.21805035280928803,0.6,0.0,0.4,0.22393262945938858
halueval-2467,halueval,1,5,0.5426365416646116,0.043126564767126944,0.41423689356826154,0.3,0.0,0.7,0.2502450115512577
halueval-8330,halueval,0,5,0.9869786592818433,0.00212926376724834,0.010892076950908576,1.0,0.0,0.0,0.007575302242702628
halueval-9671,halueval,1,5,0.9861968882947171,0.003326014716814833,0.010477096988468045,1.0,0.0,0.0,0.008564563211048856
halueval-6465,halueval,1,5,0.440435154690193,0.13069475788138696,0.4288700874284201,0.3,0.1,0.6,0.34512980159559703
halueval-6103,halueval,1,5,0.37452957179365676,0.022416064629326996,0.6030543635770163,0.3,0.0,0.7,0.3239432464178351
halueval-475,halueval,1,5,0.5935950593120547,0.023402502975412576,0.3830024377125326,0.6,0.0,0.4,0.21490372183167888
halueval-9060,halueval,1,5,0.9208951227510935,0.005256731056015655,0.07384814619289085,1.0,0.0,0.0,0.04218080415246108
halueval-4121,halueval,1,5,0.7940034023409022,0.00605290701442892,0.19994369064466883,1.0,0.0,0.0,0.10602475233676334
halueval-2109,halueval,1,5,0.9766178214696506,0.00978890276874764,0.0135932757616016,1.0,0.0,0.0,0.01658554064954844
halueval-3298,halueval,0,5,0.6935435850597227,0.004925570525417626,0.30153084441485956,0.4,0.0,0.6,0.1556909927328474
halueval-4495,halueval,0,5,0.9918914108346755,0.0015402087842169806,0.006568380381107483,1.0,0.0,0.0,0.004824398974770722
halueval-7533,halueval,1,5,0.6953570490446702,0.0018742286542670823,0.3027687223010628,1.0,0.0,0.0,0.15325858980479848
halueval-7273,halueval,1,5,0.9914944522403746,0.0015255805136726603,0.006979967245952928,1.0,0.0,0.0,0.0050155641366491244
halueval-9666,halueval,0,5,0.7351719063409362,0.2304842373392118,0.03434385631985202,0.6,0.4,0.0,0.24765616549913783
halueval-6411,halueval,0,5,0.9714858737070914,0.0010103925519472368,0.02750373374096159,1.0,0.0,0.0,0.014762259422428032
halueval-7291,halueval,1,5,0.6943086111932317,0.1592076537485318,0.14648373505823634,1.0,0.0,0.0,0.23244952127764995
halueval-300,halueval,1,5,0.39334912424150453,0.017191163801754446,0.5894597119567411,0.0,0.0,1.0,0.311921019780125
halueval-9888,halueval,0,5,0.9805318190723498,0.0058467616530525745,0.013621419274597594,1.0,0.0,0.0,0.012657471290351371
halueval-4650,halueval,0,5,0.9876641325786426,0.0033312601263133013,0.009004607295043982,1.0,0.0,0.0,0.007833563773835293
halueval-4684,halueval,0,5,0.7912859100164223,0.0014396890313455393,0.20727440095223212,0.6,0.0,0.4,0.10507688950746161
halueval-1338,halueval,1,5,0.4742509284442226,0.0323078770255576,0.49344119453021984,0.3,0.0,0.7,0.2790284742906675
halueval-7113,halueval,0,5,0.3028429205790003,0.688610340505661,0.008546738915338739,0.3,0.7,0.0,0.6928837099633303
halueval-7299,halueval,0,5,0.7925067542539745,0.0036119848902093077,0.2038812608558161,0.6,0.0,0.4,0.10555261531811735
halueval-5841,halueval,1,5,0.39736726935519506,0.5980968337788191,0.004535896865985803,0.4,0.6,0.0,0.600364782211812
halueval-3953,halueval,0,5,0.9893719063098395,0.0010259948091626363,0.00960209888099797,1.0,0.0,0.0,0.005827044249661621
halueval-3037,halueval,0,5,0.9817049986243062,0.004656137969821959,0.013638863405871815,1.0,0.0,0.0,0.011475569672757866
halueval-554,halueval,1,5,0.9916968117601586,0.0008987522748946996,0.0074044359649467015,1.0,0.0,0.0,0.004600970257368051
halueval-1521,halueval,0,5,0.9838496157474814,0.0042398903249879485,0.011910493927530349,1.0,0.0,0.0,0.010195137288753122
halueval-9884,halueval,1,5,0.43880156685356553,0.07957076288493135,0.4816276702615031,0.1,0.0,0.9,0.3203845980156829
halueval-952,halueval,1,5,0.5948238054885786,0.0026247449896232293,0.40255144952179817,0.2,0.0,0.8,0.2039004697505223
halueval-223,halueval,1,5,0.6556564908490211,0.0026945338058095955,0.34164897534516925,0.4,0.0,0.6,0.1735190214783942
halueval-8843,halueval,0,5,0.5925732370261011,0.39969620990797455,0.007730553065924231,0.6,0.4,0.0,0.40356148644093665
halueval-2360,halueval,1,5,0.02152610678392152,0.7106535826310931,0.26782031058498557,0.0,0.9,0.1,0.844563737923586
halueval-6893,halueval,1,5,0.9879416456768142,0.002201145288081852,0.009857209035104007,1.0,0.0,0.0,0.007129749805633856
halueval-4923,halueval,1,5,0.45597152477153546,0.03554023669011297,0.5084882385383517,0.4,0.0,0.6,0.2897843559592888
halueval-1969,halueval,0,5,0.32259152651992,0.5069743452456955,0.17043412823438447,0.2,0.5,0.3,0.5921914093628877
halueval-6036,halueval,1,5,0.980196734265736,0.0015561496748965574,0.018247116059367675,1.0,0.0,0.0,0.010679707704580394
halueval-7241,halueval,0,5,0.983048373389612,0.004336344307060281,0.012615282303327762,1.0,0.0,0.0,0.010643985458724161
halueval-846,halueval,0,5,0.4629923714611651,0.1064201565193809,0.43058747201945397,0.3,0.1,0.6,0.32171389252910787
halueval-3268,halueval,1,5,0.11394200501938145,0.32066743508128237,0.5653905598993362,0.0,0.2,0.8,0.6033627150309504
halueval-8780,halueval,1,5,0.4455003567156017,0.07937845305049977,0.47512119023389854,0.3,0.1,0.6,0.31693904816744906
halueval-8798,halueval,1,5,0.6086387803488207,0.01667751499330681,0.3746837046578725,0.5,0.0,0.5,0.20401936732224304
halueval-487,halueval,1,5,0.26926814251274467,0.3994296644654051,0.33130219302185016,0.1,0.6,0.3,0.5650807609763302
halueval-1648,halueval,0,5,0.9887437750788937,0.0007817831923086769,0.010474441728797496,1.0,0.0,0.0,0.006019004056707425
halueval-2434,halueval,1,5,0.19684269855656555,0.04811669749988195,0.7550406039435524,0.0,0.0,1.0,0.4256369994716582
halueval-4238,halueval,0,5,0.6927422096574171,0.0039380081878710605,0.3033197821547117,0.4,0.0,0.6,0.15559789926522694
halueval-4839,halueval,0,5,0.7885128884571316,0.004444299220074629,0.2070428123227937,1.0,0.0,0.0,0.10796570538147147
halueval-9782,halueval,0,5,0.985217347956409,0.002810828857241738,0.01197182318634936,1.0,0.0,0.0,0.008796740450416419
halueval-7303,halueval,0,5,0.40288609068586984,0.2997064644634244,0.2974074448507057,0.4,0.6,0.0,0.44841018688877726
halueval-3702,halueval,0,5,0.5347975676099639,0.025487659239521683,0.4397147731505145,0.3,0.0,0.7,0.24534504581477892
halueval-3405,halueval,0,5,0.9851864921793855,0.003001988018509515,0.011811519802105016,1.0,0.0,0.0,0.008907747919562023
halueval-6756,halueval,1,5,0.5743635946477652,0.336236657352839,0.08939974799939583,0.4,0.6,0.0,0.3809365313525369
halueval-3616,halueval,1,5,0.3875476138771162,0.2226931754482489,0.3897592106746349,0.3,0.1,0.6,0.41757278078556637
halueval-1321,halueval,1,5,0.7854997940969038,0.0074812785299055206,0.20701892737319053,0.6,0.0,0.4,0.11099074221650078
halueval-963,halueval,1,5,0.6216873048446422,0.02417420521024188,0.354138489945116,0.6,0.0,0.4,0.20124345018279988
halueval-2921,halueval,0,5,0.9919509205960264,0.0007968698805535275,0.007252209523420229,1.0,0.0,0.0,0.004422974642263642
halueval-9013,halueval,1,5,0.2566445080289008,0.13160455114509295,0.6117509408260062,0.2,0.0,0.8,0.43748002155809607
halueval-634,halueval,0,5,0.22950996059710627,0.36999032767302353,0.40049971172987037,0.1,0.4,0.5,0.5702401835379587
halueval-9579,halueval,1,5,0.28840898237313384,0.27506212376438677,0.43652889386247945,0.0,0.3,0.7,0.49332657069562647
halueval-9781,halueval,0,5,0.32402958286560696,0.46239800707903,0.213572410055363,0.2,0.6,0.2,0.5691842121067116
halueval-2186,halueval,0,5,0.007890982729526015,0.7495697265682755,0.2425392907021985,0.0,0.9,0.1,0.8708393719193748
halueval-5821,halueval,0,5,0.18689507920336268,0.6645755693854162,0.1485293514112211,0.1,0.7,0.2,0.7388402450910267
halueval-5265,halueval,1,5,0.5652121529528478,0.26528214650965276,0.16950570053749953,0.3,0.4,0.3,0.35003499677840255
halueval-2454,halueval,1,5,0.3474814642253789,0.2478486406492823,0.4046698951253388,0.3,0.4,0.3,0.4501835882119517
halueval-2285,halueval,1,5,0.9778076719739903,0.007122925661683714,0.015069402364325999,1.0,0.0,0.0,0.014657626843846715
halueval-486,halueval,0,5,0.3752828949345787,0.08425134029867368,0.5404657647667477,0.3,0.0,0.7,0.3544842226820475
halueval-2726,halueval,1,5,0.7309492697601414,0.08988736329145752,0.17916336694840118,1.0,0.0,0.0,0.1794690467656581
halueval-3954,halueval,0,5,0.9915172299899673,0.0007141214568097916,0.007768648553222911,1.0,0.0,0.0,0.004598445733421247
halueval-4711,halueval,0,5,0.3101409758733924,0.43434275320885113,0.25551627091775647,0.5,0.4,0.1,0.5621008886677293
halueval-4659,halueval,0,5,0.35549030014662,0.10026066096992832,0.5442490388834517,0.4,0.0,0.6,0.37238518041165414
halueval-5105,halueval,1,5,0.43711836542013993,0.018562518293942166,0.5443191162859179,0.4,0.0,0.6,0.2907220764369011
halueval-6198,halueval,1,5,0.9920354890839432,0.0008612704070087805,0.007103240509047851,1.0,0.0,0.0,0.004412890661532706
halueval-7256,halueval,1,5,0.990750902430792,0.000711695474765315,0.008537402094442651,1.0,0.0,0.0,0.00498039652198664
halueval-5895,halueval,1,5,0.5801890503144553,0.024858499734214008,0.39495244995133066,0.4,0.0,0.6,0.22233472470987933
halueval-2080,halueval,1,5,0.5521286974555946,0.16530349221343968,0.28256781033096584,0.6,0.0,0.4,0.3065873973789226
halueval-1807,halueval,0,5,0.9917258541191479,0.001324583241782129,0.006949562639069945,1.0,0.0,0.0,0.004799364561317102
halueval-6383,halueval,0,5,0.5940264896261634,0.053780664029588685,0.35219284634424775,0.6,0.0,0.4,0.22987708720171257
halueval-465,halueval,0,5,0.4575577959604763,0.1981167362481306,0.34432546779139317,0.5,0.1,0.4,0.37027947014382717
halueval-198,halueval,1,5,0.5850546353773292,0.004538383635489961,0.410406980987181,0.2,0.0,0.8,0.20974187412908046
halueval-6081,halueval,0,5,0.40088890094385626,0.19094214935309797,0.40816894970304574,0.2,0.2,0.6,0.39502662420462087
halueval-9423,halueval,1,5,0.9831701864006265,0.003786200765006848,0.013043612834366638,1.0,0.0,0.0,0.010308007182190167
halueval-1711,halueval,1,5,0.2982540661341093,0.3062367270690021,0.39550920679688856,0.3,0.3,0.4,0.5039913304674464
halueval-7820,halueval,1,5,0.9859910963613847,0.0029601918621445776,0.011048711776470644,1.0,0.0,0.0,0.008484547750379899
halueval-943,halueval,1,5,0.3252343574110396,0.2173943163480438,0.4573713262409166,0.2,0.2,0.6,0.4460799794685021
halueval-4702,halueval,1,5,0.9881215441287935,0.0026694123824958773,0.009209043488710681,1.0,0.0,0.0,0.007273934126851218
halueval-4357,halueval,1,5,0.6844945487803209,0.004885499890335391,0.31061995132934367,0.4,0.0,0.6,0.16019547555500724
halueval-4262,halueval,1,5,0.9660584181354945,0.0013871413479296616,0.03255444051657585,1.0,0.0,0.0,0.017664361606217586
halueval-6365,halueval,1,5,0.6651536214528473,0.00945231172710864,0.325394066820044,0.4,0.0,0.6,0.17214934513713065
halueval-8479,halueval,0,5,0.7900399848592908,0.02214258295633095,0.18781743218437835,1.0,0.0,0.0,0.11605129904852013
halueval-5522,halueval,1,5,0.9832692759249861,0.002925778974322822,0.01380494510069109,1.0,0.0,0.0,0.009828251524668367
halueval-5237,halueval,1,5,0.6386596263351495,0.006875633332117867,0.3544647403327326,0.4,0.0,0.6,0.18410800349848416
halueval-3649,halueval,1,5,0.3262955725624873,0.2181011539584649,0.45560327347904783,0.3,0.2,0.5,0.4459027906979888
halueval-8097,halueval,1,5,0.9666383681622946,0.012864233258478719,0.02049739857922645,1.0,0.0,0.0,0.023112932548091943
halueval-2952,halueval,1,5,0.5545006367059727,0.038943777028657256,0.40655558626537003,0.2,0.0,0.8,0.24222157016134227
halueval-4358,halueval,0,5,0.19776883675019064,0.6518044183256755,0.15042674492413374,0.1,0.7,0.2,0.7270177907877423
halueval-765,halueval,1,5,0.6317970476613046,0.01375075067039647,0.35445220166829894,0.5,0.0,0.5,0.19097685150454594
halueval-1075,halueval,1,5,0.9866698958974892,0.0006043242162254212,0.012725779886285265,1.0,0.0,0.0,0.006967214159368054
halueval-1912,halueval,0,5,0.9780733548113144,0.0010792105804848704,0.020847434608200592,1.0,0.0,0.0,0.011502927884585167
halueval-7808,halueval,1,5,0.9914572676890078,0.0013921626969171117,0.007150569614075191,1.0,0.0,0.0,0.004967447503954707
halueval-749,halueval,0,5,0.32667504452323587,0.005359140974908736,0.6679658145018554,0.1,0.0,0.9,0.33934204822583647
halueval-7952,halueval,1,5,0.9847103646274988,0.0023631051783007994,0.012926530194200658,1.0,0.0,0.0,0.008826370275401129
halueval-97,halueval,1,5,0.5588175598708325,0.014324184894078568,0.4268582552350889,0.6,0.0,0.4,0.22775331251162304
halueval-3863,halueval,0,5,0.6117819800321423,0.07059550097464548,0.31762251899321214,0.6,0.0,0.4,0.22940676047125155
halueval-2164,halueval,1,5,0.990474951784757,0.0010915514493050667,0.00843349676593769,1.0,0.0,0.0,0.005308299832273912
halueval-8543,halueval,0,5,0.9893399449202566,0.0008542985959841644,0.009805756483759212,1.0,0.0,0.0,0.005757176837863771
halueval-4448,halueval,0,5,0.9740006129948797,0.0013836948459477016,0.024615692159172545,1.0,0.0,0.0,0.013691540925533974
halueval-1250,halueval,1,5,0.9709800080053516,0.0023503139203158293,0.026669678074332532,1.0,0.0,0.0,0.015685152957482094
halueval-1570,halueval,1,5,0.3538864987706255,0.5638044150705053,0.08230908615886919,0.4,0.6,0.0,0.6049589581499398
halueval-3260,halueval,1,5,0.28982076550506203,0.5895244404408804,0.12065479405405752,0.2,0.6,0.2,0.6498518374679091
halueval-3275,halueval,1,5,0.9894722813357341,0.0014539074420308802,0.009073811222235028,1.0,0.0,0.0,0.005990813053148395
halueval-3498,halueval,0,5,0.36942248452572,0.07864088606350801,0.5519366294107719,0.4,0.0,0.6,0.35460920076889396
halueval-8388,halueval,1,5,0.6491503472288052,0.019571884225406056,0.3312777685457886,0.7,0.0,0.3,0.18521076849830037
halueval-2043,halueval,1,5,0.6945263912941733,0.005533073160510579,0.2999405355453161,0.6,0.0,0.4,0.15550334093316862
halueval-9882,halueval,0,5,0.9892579302080826,0.0020501422500556615,0.00869192754186196,1.0,0.0,0.0,0.006396106020986642
halueval-8249,halueval,1,5,0.48290743821376686,0.45121883383837397,0.06587372794785915,0.4,0.6,0.0,0.48415569781230355
halueval-4305,halueval,0,5,0.8473135476241724,0.04898683712638112,0.10369961524944635,1.0,0.0,0.0,0.10083664475110429
halueval-4433,halueval,0,5,0.7784356430615269,0.18376307079076193,0.0378012861477112,1.0,0.0,0.0,0.20266371386461754
halueval-491,halueval,0,5,0.7894169134384159,0.0062909294174608,0.20429215714412327,0.9,0.0,0.1,0.10843700798952244
halueval-4200,halueval,1,5,0.6736586671108414,0.27080767497930214,0.055533657909856496,0.6,0.4,0.0,0.2985745039342304
halueval-2678,halueval,1,5,0.9796611329626753,0.0006464563289034966,0.019692410708421187,1.0,0.0,0.0,0.01049266168311409
halueval-7020,halueval,0,5,0.8280324567835239,0.14261912380446579,0.029348419412010256,1.0,0.0,0.0,0.15729333351047092
halueval-584,halueval,1,5,0.7804317984897811,0.0069927130631506195,0.21257548844706844,0.6,0.0,0.4,0.11328045728668484
halueval-602,halueval,0,5,0.5948033345982282,0.3976292805715177,0.007567384830254181,0.6,0.4,0.0,0.4014129729866448
halueval-6435,halueval,0,5,0.29932992569144173,0.4856540935454067,0.21501598076315154,0.2,0.5,0.3,0.5931620839269824
halueval-6529,halueval,0,5,0.6298106259687115,0.006506703011929328,0.36368267101935914,0.6,0.0,0.4,0.1883480385216089
halueval-4979,halueval,0,5,0.01808550195342694,0.5104885233347953,0.4714259747117778,0.0,0.6,0.4,0.7462015106906842
halueval-3429,halueval,1,5,0.22775082142547304,0.5932968894017956,0.17895228917273132,0.1,0.6,0.3,0.6827730339881612
halueval-237,halueval,0,5,0.617177099638976,0.0029161620845448563,0.37990673827647914,0.6,0.0,0.4,0.1928695312227844
halueval-5891,halueval,1,5,0.9865908906037019,0.002702356017611536,0.010706753378686717,1.0,0.0,0.0,0.008055732706954893
halueval-8597,halueval,0,5,0.9812779628155252,0.0016215696007907076,0.0171004675836842,1.0,0.0,0.0,0.010171803392632807
halueval-4599,halueval,0,5,0.29904417718290044,0.07925537325044049,0.621700449566659,0.3,0.0,0.7,0.39010559803377
halueval-8957,halueval,0,5,0.9732329503143256,0.00416531066567038,0.022601739020003887,1.0,0.0,0.0,0.015466180175672323
halueval-5937,halueval,0,5,0.987800701043884,0.002464017356523858,0.009735281599592317,1.0,0.0,0.0,0.007331658156320016
halueval-209,halueval,1,5,0.9812779628155252,0.0016215696007907073,0.0171004675836842,1.0,0.0,0.0,0.010171803392632807
halueval-9968,halueval,1,5,0.3109892746457513,0.32208687496901733,0.36692385038523145,0.3,0.3,0.4,0.5055488001616331
halueval-3177,halueval,1,5,0.9751981120513513,0.007112121706860951,0.017689766241787638,1.0,0.0,0.0,0.01595700482775477
halueval-6753,halueval,0,5,0.49460954599961876,0.1420239611658156,0.36336649283456574,0.4,0.1,0.5,0.32370720758309846
halueval-8267,halueval,0,5,0.24441920910220344,0.34198444222931845,0.41359634866847805,0.0,0.3,0.7,0.5487826165635574
halueval-859,halueval,1,5,0.9859795777766486,0.0034041085791131137,0.01061631364423839,1.0,0.0,0.0,0.008712265401232308
halueval-6094,halueval,0,5,0.6368704275019124,0.27071746956274817,0.09241210293533941,0.6,0.4,0.0,0.3169235210304179
halueval-159,halueval,0,5,0.610123751154438,0.036989904963910886,0.35288634388165113,1.0,0.0,0.0,0.21343307690473645
halueval-3255,halueval,0,5,0.3180081393628181,0.1827193452648797,0.4992725153723023,0.2,0.2,0.6,0.4323556029510308
halueval-1913,halueval,0,5,0.64603481828084,0.0017340875634769977,0.3522310941556829,0.4,0.0,0.6,0.17784963464131845
halueval-6231,halueval,0,5,0.9604096930206903,0.0019663663696667458,0.037623940609642754,1.0,0.0,0.0,0.020778336674488123
halueval-1243,halueval,0,5,0.9907788602001583,0.0009391044579806281,0.008282035341861168,1.0,0.0,0.0,0.005080122128911212
halueval-329,halueval,1,5,0.9834180688815529,0.001956666810898347,0.014625264307548827,1.0,0.0,0.0,0.00926929896467276
halueval-2357,halueval,0,5,0.24437325259443562,0.5342753353692864,0.22135141203627792,0.1,0.7,0.2,0.6449510413874253
halueval-2641,halueval,0,5,0.28770384092579077,0.3162675558809135,0.39602860319329575,0.2,0.3,0.5,0.5142818574775614
halueval-916,halueval,1,5,0.9855888171674717,0.0005430492924424284,0.01386813354008581,1.0,0.0,0.0,0.0074771160624853335
halueval-7405,halueval,1,5,0.6373006202999745,0.04451569380149939,0.318183685898526,0.4,0.0,0.6,0.2036075367507624
halueval-3491,halueval,0,5,0.9467731088973217,0.024448742473777797,0.028778148628900706,1.0,0.0,0.0,0.03883781678822815
halueval-5457,halueval,0,5,0.3444453442268386,0.09747021232915379,0.5580844434440076,0.3,0.0,0.7,0.37651243405115764
halueval-735,halueval,1,5,0.6688670560972803,0.021229821010680775,0.30990312289203886,0.4,0.0,0.6,0.1761813824567002
halueval-13,halueval,0,5,0.7906398024740954,0.0021647161960070944,0.20719548132989757,0.6,0.0,0.4,0.10576245686095588
halueval-8634,halueval,1,5,0.782327589584688,0.010981533064793074,0.206690877350519,1.0,0.0,0.0,0.11432697174005257
halueval-6019,halueval,1,5,0.9794961942358709,0.0016707335436739468,0.018833072220455032,1.0,0.0,0.0,0.011087269653901463
halueval-6381,halueval,0,5,0.7404097489327447,0.023096171592061072,0.23649407947519419,0.6,0.0,0.4,0.14134321132965816
halueval-4170,halueval,1,5,0.7179937480516039,0.03338760733336527,0.24861864461503078,0.7,0.0,0.3,0.15769692964088067
halueval-7773,halueval,1,5,0.05464265075074408,0.626991110776858,0.31836623847239787,0.1,0.6,0.3,0.786174230013057
halueval-93,halueval,0,5,0.9892882684682303,0.0013722429721511526,0.00933948855961866,1.0,0.0,0.0,0.006041987251960482
halueval-9205,halueval,0,5,0.3927115531704246,0.3071143716218014,0.30017407520777406,0.2,0.3,0.5,0.4572014092256884
halueval-68,halueval,0,5,0.19929965029204672,0.7968938373798655,0.0038065123280878236,0.2,0.8,0.0,0.7987970935439095
halueval-2488,halueval,1,5,0.4359759949416878,0.14810659585538877,0.4159174092029234,0.5,0.1,0.4,0.3560653004568505
halueval-4108,halueval,1,5,0.6908465922699646,0.026584898596794127,0.2825685091332414,1.0,0.0,0.0,0.16786915316341483
halueval-568,halueval,1,5,0.7755593699617929,0.03418454547940239,0.1902560845588047,1.0,0.0,0.0,0.12931258775880472
halueval-4479,halueval,1,5,0.9874579138748516,0.0006367973437955109,0.011905288781353112,1.0,0.0,0.0,0.006589441734472067
halueval-5199,halueval,1,5,0.9923395134242009,0.0006953713449243989,0.006965115230874686,1.0,0.0,0.0,0.0041779289603617415
halueval-600,halueval,0,5,0.9866993907033998,0.002780280022768886,0.01052032927383131,1.0,0.0,0.0,0.00804044465968454
halueval-1100,halueval,0,5,0.9846610522807421,0.003676716282149413,0.011662231437108522,1.0,0.0,0.0,0.009507832000703674
halueval-4517,halueval,0,5,0.990189279288281,0.0006016782194888139,0.00920904249223006,1.0,0.0,0.0,0.005206199465603844
halueval-6766,halueval,0,5,0.9874324747202939,0.0011378347968843323,0.011429690482821598,1.0,0.0,0.0,0.006852680038295131
halueval-1502,halueval,0,5,0.622924049634905,0.009347992680995803,0.3677279576840992,0.3,0.0,0.7,0.19321197152304542
halueval-5625,halueval,0,5,0.3953016252458264,0.47212260569191455,0.13257576906225896,0.4,0.6,0.0,0.538410490223044
halueval-6080,halueval,0,5,0.5950067957702558,0.3728535836005389,0.03213962062920546,0.6,0.4,0.0,0.38892339391514164
halueval-1101,halueval,0,5,0.9713772139239115,0.008054711601848303,0.020568074474240146,1.0,0.0,0.0,0.018338748838968376
halueval-473,halueval,0,5,0.9907452894531266,0.0016337251848175603,0.0076209853620556834,1.0,0.0,0.0,0.005444217865845402
halueval-4131,halueval,1,5,0.14199492006631048,0.6800635870634085,0.17794149287028094,0.2,0.6,0.2,0.769034333498549
halueval-2707,halueval,0,5,0.9861448926811589,0.0029908221825706285,0.010864285136270413,1.0,0.0,0.0,0.008422964750705836
halueval-7327,halueval,1,5,0.6441241479609396,0.0034383916295095142,0.35243746040955076,0.3,0.0,0.7,0.1796571218342849
halueval-6294,halueval,0,5,0.5686001472816122,0.3823739181137415,0.04902593460464626,0.6,0.4,0.0,0.4068868854160646
halueval-3120,halueval,1,5,0.9908941589148682,0.001718446105066686,0.007387394980065269,1.0,0.0,0.0,0.00541214359509932
halueval-1030,halueval,0,5,0.9860264420365473,0.002984281368056681,0.010989276595395918,1.0,0.0,0.0,0.00847891966575464
halueval-1021,halueval,0,5,0.5816714549233127,0.4005524454782151,0.017776099598472195,0.6,0.4,0.0,0.4094404952774512
halueval-5417,halueval,0,5,0.5705297020930736,0.0023706988439877617,0.4270995990629386,0.3,0.0,0.7,0.21592049837545707
halueval-7373,halueval,0,5,0.9864848113013325,0.003052031244370799,0.010463157454296544,1.0,0.0,0.0,0.00828360997151907
halueval-9107,halueval,0,5,0.30393382573676164,0.16941233201215794,0.5266538422510805,0.3,0.1,0.6,0.4327392531376982
halueval-2781,halueval,0,5,0.47955801587078906,0.20534581589418774,0.315096168235023,0.6,0.3,0.1,0.36289390001169924
halueval-4778,halueval,0,5,0.44101855021473463,0.17298279296590816,0.38599865681935724,0.6,0.2,0.2,0.3659821213755868
halueval-9075,halueval,0,5,0.6621331792690179,0.03880720383885363,0.2990596168921285,0.4,0.0,0.6,0.1883370122849179
halueval-7095,halueval,1,5,0.9888581478629577,0.0012083784242251038,0.009933473712817217,1.0,0.0,0.0,0.006175115280633713
halueval-9315,halueval,0,5,0.1996267265466542,0.7930818385016822,0.007291434951663638,0.2,0.8,0.0,0.7967275559775141
halueval-3432,halueval,1,5,0.4496148180132087,0.294415901871832,0.25596928011495923,0.3,0.3,0.4,0.4224005419293116
halueval-5538,halueval,1,5,0.5392829128445371,0.05717761890425359,0.40353946825120934,0.3,0.0,0.7,0.2589473530298583
halueval-3530,halueval,1,5,0.9877098659252053,0.0017531834054672671,0.010536950669327418,1.0,0.0,0.0,0.007021658740130976
halueval-1569,halueval,0,5,0.9905346805361217,0.001553243843983292,0.007912075619894921,1.0,0.0,0.0,0.005509281653930753
halueval-752,halueval,0,5,0.4065827402426951,0.1673152694033912,0.4261019903539137,0.4,0.0,0.6,0.38036626458034806
halueval-4429,halueval,1,5,0.4939366379440987,0.31475769553272853,0.1913056665231728,0.7,0.3,0.0,0.41041052879431494
halueval-2531,halueval,1,5,0.5722393696062203,0.36607636367838853,0.0616842667153911,0.4,0.6,0.0,0.39691849703608406
halueval-8920,halueval,0,5,0.25579157461932,0.24696973999264146,0.4972386853880385,0.0,0.3,0.7,0.4955890826866607
halueval-7433,halueval,0,5,0.790972004715584,0.002185818667230053,0.206842176617186,0.6,0.0,0.4,0.10560690697582306
halueval-3349,halueval,1,5,0.9862994503106861,0.003446305513835057,0.010254244175478612,1.0,0.0,0.0,0.008573427601574363
halueval-3086,halueval,1,5,0.4228598354101335,0.34743771970374543,0.22970244488612107,0.3,0.4,0.3,0.46228894214680594
halueval-4253,halueval,1,5,0.7918205234026433,0.008045797316329286,0.2001336792810274,1.0,0.0,0.0,0.10811263695684299
halueval-573,halueval,1,5,0.9729883092482868,0.011173472134396512,0.015838218617316404,1.0,0.0,0.0,0.019092581443054715
halueval-3238,halueval,0,5,0.5800420077042723,0.0089009163468203,0.4110570759489075,0.3,0.0,0.7,0.21442945432127405
halueval-1322,halueval,0,5,0.9912128371961975,0.0015081627256537313,0.007279000078148806,1.0,0.0,0.0,0.005147662764728134
halueval-9673,halueval,0,5,0.39588492403411857,0.5977614278613052,0.006353648104576143,0.4,0.6,0.0,0.6009382519135932
halueval-8236,halueval,1,5,0.5942221352640861,0.39976861953379544,0.006009245202118598,0.6,0.4,0.0,0.40277324213485477
halueval-3833,halueval,1,5,0.9874043292609423,0.0007368727540318853,0.011858797985025735,1.0,0.0,0.0,0.006666271746544753
halueval-2234,halueval,0,5,0.4914901614455842,0.00671570964343484,0.501794128910981,0.3,0.0,0.7,0.2576127740989253
halueval-1035,halueval,1,5,0.7780310314329713,0.003622315322638258,0.21834665324439043,0.6,0.0,0.4,0.11279564194483348
halueval-3815,halueval,0,5,0.9885910887539456,0.0026249483756677788,0.008783962870386625,1.0,0.0,0.0,0.007016929810861092
halueval-1880,halueval,0,5,0.9652596374154628,0.014306284911177355,0.02043407767335994,1.0,0.0,0.0,0.024523323747857324
halueval-3328,halueval,0,5,0.806175402240175,0.013283540953376343,0.18054105680644872,1.0,0.0,0.0,0.1035540693566007
halueval-6569,halueval,1,5,0.5951812331919448,0.4000419601075359,0.0047768067005192795,0.6,0.4,0.0,0.40243036345779554
halueval-5428,halueval,0,5,0.4172206989150082,0.27205302940664494,0.3107262716783469,0.4,0.3,0.3,0.4274161652458184
halueval-4546,halueval,0,5,0.1463686928119726,0.7940412478134251,0.059590059374602246,0.1,0.8,0.1,0.8238362775007262
halueval-2881,halueval,0,5,0.985592045279011,0.0018556477813361407,0.012552306939652955,1.0,0.0,0.0,0.008131801251162618
halueval-1044,halueval,1,5,0.2593968003097813,0.2525359446344233,0.48806725505579535,0.3,0.4,0.3,0.496569572162321
halueval-739,halueval,0,5,0.988997864881162,0.0019294823058462068,0.009072652812991576,1.0,0.0,0.0,0.006465808712341994
halueval-1371,halueval,0,5,0.9863138060827336,0.0004801301305277602,0.013206063786738739,1.0,0.0,0.0,0.0070831620238971296
halueval-3384,halueval,1,5,0.9874043292609423,0.0007368727540318853,0.011858797985025737,1.0,0.0,0.0,0.006666271746544754
halueval-2645,halueval,1,5,0.395715935128793,0.5897545850937798,0.014529479777427152,0.4,0.6,0.0,0.5970193249824933
halueval-4156,halueval,1,5,0.40622961687397385,0.16113951937514032,0.4326308637508857,0.3,0.2,0.5,0.37745495125058315
halueval-1450,halueval,0,5,0.48486951228835523,0.15233271306565233,0.3627977746459924,0.7,0.0,0.3,0.3337316003886485
halueval-9559,halueval,0,5,0.9907249213296266,0.001418450620136128,0.007856628050237135,1.0,0.0,0.0,0.0053467646452546955
halueval-1661,halueval,0,5,0.9867451989940536,0.0021837505071295436,0.011071050498816945,1.0,0.0,0.0,0.007719275756538016
halueval-5491,halueval,1,5,0.9867904609950301,0.0029730555003665447,0.010236483504603208,1.0,0.0,0.0,0.008091297252668148
halueval-3934,halueval,1,5,0.970521084996834,0.00408039061882832,0.02539852438433764,1.0,0.0,0.0,0.01677965281099714
halueval-3208,halueval,1,5,0.44744189063240913,0.3468880852958194,0.20567002407177157,0.3,0.3,0.4,0.4497230973317052
halueval-2486,halueval,1,5,0.6374393843036394,0.029332033142380243,0.3332285825539802,0.7,0.0,0.3,0.19594632441937035
halueval-6575,halueval,1,5,0.3746170213795555,0.15724342046981188,0.4681395581506327,0.4,0.1,0.5,0.3913131995451282
halueval-2802,halueval,0,5,0.2468970488744573,0.45282770723508065,0.30027524389046223,0.1,0.4,0.5,0.6029653291803118
halueval-9408,halueval,1,5,0.6634536039994717,0.019466835669185077,0.31707956033134305,1.0,0.0,0.0,0.1780066158348566
halueval-4417,halueval,1,5,0.13296063950952036,0.41622415427264947,0.45081520621783006,0.1,0.4,0.5,0.6416317573815645
halueval-4415,halueval,0,5,0.35578239185021404,0.00895548970284642,0.6352621184469395,0.2,0.0,0.8,0.32658654892631617
halueval-8221,halueval,1,5,0.6141658795151445,0.2078889288637901,0.17794519162106542,0.4,0.3,0.3,0.2968615246743228
halueval-8556,halueval,0,5,0.9911732391566062,0.0009278750865046516,0.00789888575688904,1.0,0.0,0.0,0.004877317964949172
halueval-9099,halueval,0,5,0.6374643132934467,0.008515936716009321,0.35401974999054403,0.6,0.0,0.4,0.18552581171128132
halueval-6450,halueval,1,5,0.5993873903658813,0.3905734424534005,0.010039167180718303,0.6,0.4,0.0,0.3955930260437596
halueval-6688,halueval,0,5,0.9754283801733086,0.005511106294802757,0.01906051353188872,1.0,0.0,0.0,0.015041363060747118
halueval-6155,halueval,1,5,0.14874535570319716,0.794581831546725,0.05667281275007795,0.1,0.8,0.1,0.822918237921764
halueval-9087,halueval,1,5,0.10203963804091135,0.2655662460304776,0.632394115928611,0.0,0.1,0.9,0.5817633039947832
halueval-1624,halueval,0,5,0.990201634654308,0.0008470498835498608,0.008951315462142185,1.0,0.0,0.0,0.005322707614620953
halueval-4204,halueval,1,5,0.6898620751236109,0.16589165780722365,0.14424626706916546,1.0,0.0,0.0,0.23801479134180636
halueval-3651,halueval,1,5,0.9896156717075801,0.0023188084369375325,0.008065519855482567,1.0,0.0,0.0,0.006351568364678816
halueval-836,halueval,1,5,0.9690554503515297,0.013399806643787182,0.01754474300468312,1.0,0.0,0.0,0.022172178146128742
halueval-2841,halueval,1,5,0.29367514960235763,0.6970846293545367,0.009240221043105498,0.3,0.7,0.0,0.7017047398760895
halueval-6301,halueval,0,5,0.5738624455632705,0.019580551286915836,0.40655700314981374,0.4,0.0,0.6,0.2228590528618227
halueval-4428,halueval,1,5,0.8163165096075833,0.09162074660897265,0.09206274378344409,1.0,0.0,0.0,0.1376521185006947
halueval-6055,halueval,1,5,0.9916227272470758,0.0006253823120941916,0.007751890440830038,1.0,0.0,0.0,0.004501327532509211
halueval-178,halueval,0,5,0.18732993263302936,0.643974393043472,0.1686956743234987,0.1,0.8,0.1,0.7283222302052214
halueval-9744,halueval,0,5,0.3564641023039452,0.3008452866603288,0.34269061103572585,0.3,0.2,0.5,0.4721905921781917
halueval-5045,halueval,1,5,0.789805110798994,0.010199224375321947,0.19999566482568393,1.0,0.0,0.0,0.11019705678816391
halueval-5235,halueval,1,5,0.989161609826634,0.002432335405675354,0.008406054767690786,1.0,0.0,0.0,0.006635362789520746
halueval-9171,halueval,0,5,0.9658682417407048,0.013558319393008911,0.020573438866286316,1.0,0.0,0.0,0.02384503882615207
halueval-4267,halueval,0,5,0.9373095947741282,0.028939609928635195,0.03375079529723646,1.0,0.0,0.0,0.045815007577253423
halueval-8766,halueval,0,5,0.35158334468547264,0.04330834235515274,0.6051083129593746,0.1,0.0,0.9,0.34586249883484005
halueval-9023,halueval,0,5,0.5087216898978588,0.2639665750864847,0.2273117350156566,0.6,0.2,0.2,0.377622442594313
halueval-3264,halueval,1,5,0.5973931363403178,0.28024657625261307,0.12236028740706906,0.6,0.4,0.0,0.3414267199561476
halueval-9005,halueval,1,5,0.9779378945435141,0.0016131430562503547,0.020448962400235544,1.0,0.0,0.0,0.011837624256368126
halueval-8930,halueval,0,5,0.9751317535829813,0.0029997773893964174,0.021868469027622267,1.0,0.0,0.0,0.01393401190320755
halueval-4735,halueval,1,5,0.19370814177654574,0.5781481326438758,0.2281437255795785,0.1,0.6,0.3,0.692219995433665
halueval-6672,halueval,0,5,0.8046634224166491,0.013153676754809746,0.18218290082854124,1.0,0.0,0.0,0.10424512716908037
halueval-8758,halueval,0,5,0.3561005230246222,0.4872920402769922,0.1566074366983857,0.4,0.4,0.2,0.565595758626185
halueval-7337,halueval,0,5,0.9776735459308974,0.0019792056873517714,0.020347248381750727,1.0,0.0,0.0,0.012152829878227134
halueval-4113,halueval,1,5,0.9878707491890669,0.0024368215990635406,0.00969242921186968,1.0,0.0,0.0,0.007283036204998381
halueval-3455,halueval,1,5,0.5910026874990124,0.0027119187702458443,0.4062853937307417,0.2,0.0,0.8,0.2058546156356167
halueval-3902,halueval,0,5,0.606237476214008,0.0016401081006904305,0.3921224156853015,0.6,0.0,0.4,0.19770131594334117
halueval-9400,halueval,0,5,0.24462729989230594,0.3833298776647389,0.3720428224429551,0.1,0.5,0.4,0.5693512888862164
halueval-8390,halueval,0,5,0.9890855719335864,0.002221323030293644,0.008693105036119838,1.0,0.0,0.0,0.006567875548353563
halueval-1216,halueval,1,5,0.36065831050834385,0.498631636862586,0.14071005262907024,0.2,0.6,0.2,0.5689866631771211
halueval-5195,halueval,1,5,0.9782119787131605,0.005858885693213166,0.015929135593626277,1.0,0.0,0.0,0.013823453490026304
halueval-9292,halueval,1,5,0.5429325851386493,0.30459195612647244,0.15247545873487833,0.5,0.4,0.1,0.3808296854939116
halueval-9794,halueval,0,5,0.7920630771610213,0.14469574488575546,0.06324117795322319,1.0,0.0,0.0,0.17631633386236706
halueval-2879,halueval,0,5,0.15283544199975324,0.6345857719427808,0.21257878605746602,0.2,0.6,0.2,0.7408751649715137
halueval-6788,halueval,0,5,0.4253938421108986,0.1674355267857663,0.4071706311033352,0.3,0.2,0.5,0.3710208423374339
halueval-391,halueval,1,5,0.6392568974647675,0.011665030734541022,0.3490780718006914,0.3,0.0,0.7,0.18620406663488673
halueval-8460,halueval,1,5,0.9859115358444435,0.0005678294557521563,0.01352063469980468,1.0,0.0,0.0,0.007328146805654496
halueval-3526,halueval,0,5,0.7828873359834543,0.005215571521694282,0.21189709249485142,0.6,0.0,0.4,0.11116411776912
halueval-9814,halueval,0,5,0.6921832016763452,0.0016917453547231835,0.3061250529689314,0.4,0.0,0.6,0.15475427183918888
halueval-3071,halueval,1,5,0.34158586753157666,0.4103071262630908,0.2481070062053326,0.3,0.6,0.1,0.5343606293657571
halueval-1423,halueval,1,5,0.8036248466996951,0.18937045013415674,0.007004703166148032,0.9,0.1,0.0,0.19287280171723076
halueval-9206,halueval,0,5,0.3096669837994346,0.43724399691117083,0.2530890192893946,0.3,0.4,0.3,0.5637885065558681
halueval-4998,halueval,1,5,0.8756064518902689,0.0333533565198024,0.09104019158992875,1.0,0.0,0.0,0.07887345231476678
halueval-5164,halueval,0,5,0.9721240240821791,0.004403978485073896,0.023471997432747055,1.0,0.0,0.0,0.016139977201447425
halueval-1316,halueval,0,5,0.5830019073326015,0.2239818257300096,0.193016266937389,0.6,0.4,0.0,0.3204899591987041
halueval-6241,halueval,0,5,0.16252195151046106,0.8114012313210466,0.02607681716849235,0.1,0.9,0.0,0.8244396399052928
halueval-1881,halueval,1,5,0.15383948280347562,0.022528191437403165,0.8236323257591212,0.0,0.0,1.0,0.4343443543169637
halueval-8156,halueval,1,5,0.17424516398735065,0.024520569170581076,0.8012342668420682,0.0,0.0,1.0,0.4251377025916152
halueval-4493,halueval,0,5,0.9883649727738175,0.0021977843731703023,0.009437242853011974,1.0,0.0,0.0,0.006916405799676289
halueval-7799,halueval,1,5,0.6750536188032182,0.19269017595353805,0.13225620524324383,0.8,0.2,0.0,0.25881827857515993
halueval-2340,halueval,1,5,0.3125070456758822,0.6054440768132349,0.08204887751088286,0.3,0.7,0.0,0.6464685155686762
halueval-7449,halueval,1,5,0.9842800756883101,0.0028334330197120165,0.012886491291978105,1.0,0.0,0.0,0.009276678665701069
halueval-1851,halueval,0,5,0.8187715477057236,0.1261477057502563,0.05508074654402008,1.0,0.0,0.0,0.15368807902226633
halueval-3591,halueval,0,5,0.5371893721624689,0.04148717796593061,0.42132344987160036,0.8,0.0,0.2,0.2521489029017308
halueval-3715,halueval,1,5,0.9626774870266839,0.014865214134880123,0.02245729883843591,1.0,0.0,0.0,0.02609386355409808
halueval-2478,halueval,0,5,0.5296779367428625,0.09165564172191303,0.3786664215352246,0.4,0.0,0.6,0.2809888524895253
halueval-977,halueval,1,5,0.4414187858862425,0.3913251474017242,0.16725606671203327,0.3,0.4,0.3,0.47495318075774084
halueval-7254,halueval,0,5,0.9793009658328027,0.0047898306012883335,0.015909203565908976,1.0,0.0,0.0,0.012744432384242822
halueval-8795,halueval,0,5,0.9688014201797687,0.0020230727251757267,0.029175507095055557,1.0,0.0,0.0,0.016610826272703504
halueval-6551,halueval,0,5,0.34343485738389096,0.3993311843756099,0.2572339582404991,0.4,0.4,0.2,0.5279481634958594
halueval-3446,halueval,1,5,0.4456976484688015,0.004327727805243447,0.5499746237259551,0.3,0.0,0.7,0.27931503966822097
halueval-9163,halueval,0,5,0.25968435841881216,0.018633982260204622,0.7216816593209832,0.1,0.0,0.9,0.3794748119206962
halueval-495,halueval,1,5,0.98686635775498,0.00232459972045724,0.010809042524562811,1.0,0.0,0.0,0.007729120982738646
halueval-5029,halueval,0,5,0.3972395231846198,0.4085600324545949,0.1942004443607853,0.3,0.4,0.3,0.5056602546349875
halueval-5160,halueval,0,5,0.7945037350709778,0.07769145664286228,0.12780480828615978,1.0,0.0,0.0,0.14159386078594216
halueval-6107,halueval,0,5,0.3934040209536883,0.024210477189222285,0.5823855018570893,0.2,0.0,0.8,0.3154032281177669
halueval-1236,halueval,0,5,0.9894989650743472,0.0017166636448833973,0.008784371280769325,1.0,0.0,0.0,0.0061088492852680604
halueval-2730,halueval,0,5,0.7957163494107043,0.004451056845561239,0.19983259374373433,1.0,0.0,0.0,0.1043673537174284
halueval-314,halueval,1,5,0.979834309255122,0.0018766574071024857,0.018289033337775578,1.0,0.0,0.0,0.011021174075990275
halueval-5698,halueval,1,5,0.30205288862278223,0.41579685017385215,0.28215026120336556,0.4,0.5,0.1,0.5568719807755349
halueval-8746,halueval,1,5,0.43851561240527415,0.11153604669493133,0.4499483408997945,0.3,0.1,0.6,0.3365102171448286
halueval-7574,halueval,1,5,0.7852074176280271,0.007284041154354803,0.20750854121761808,0.6,0.0,0.4,0.11103831176316384
halueval-6027,halueval,0,5,0.42465673617388616,0.39240804124575535,0.1829352225803585,0.3,0.4,0.3,0.48387565253593456
halueval-7328,halueval,1,5,0.7931158497589724,0.002282455642057018,0.20460169459897065,0.6,0.0,0.4,0.10458330294154235
halueval-9058,halueval,1,5,0.9682847847232295,0.008113154993694733,0.02360206028307573,1.0,0.0,0.0,0.019914185135232597
halueval-4868,halueval,1,5,0.7410721492029909,0.14581318179975417,0.11311466899725495,1.0,0.0,0.0,0.20237051629838165
halueval-8864,halueval,0,5,0.9910745726080903,0.0008078658844640626,0.008117561507445773,1.0,0.0,0.0,0.004866646638186949
halueval-1471,halueval,0,5,0.9900220466756673,0.0019582321317472527,0.008019721192585438,1.0,0.0,0.0,0.0059680927280399716
halueval-4976,halueval,0,5,0.09145366488363697,0.3923471429884212,0.5161991921279417,0.1,0.5,0.4,0.650446739052392
halueval-2244,halueval,0,5,0.9894136287906902,0.000574465006984427,0.010011906202325319,1.0,0.0,0.0,0.005580418108147086
halueval-7913,halueval,1,5,0.30415004523609585,0.1146712997194704,0.5811786550444339,0.2,0.0,0.8,0.4052606272416873
halueval-447,halueval,1,5,0.6930002816312696,0.10912556712540333,0.19787415124332697,1.0,0.0,0.0,0.20806264274706682
halueval-54,halueval,1,5,0.6401954671016272,0.005928557121677295,0.3538759757766955,0.6,0.0,0.4,0.18286654501002506
halueval-160,halueval,0,5,0.615390638712436,0.36347141437071995,0.02113794691684384,0.6,0.4,0.0,0.37404038782914184
halueval-4510,halueval,0,5,0.5193120728833194,0.004722754430852223,0.4759651726858284,0.1,0.0,0.9,0.2427053407737664
halueval-3587,halueval,0,5,0.5873245486348526,0.0718276004590184,0.34084785090612907,0.6,0.0,0.4,0.24225152591208293
halueval-5103,halueval,1,5,0.6385514059212415,0.04116851605715335,0.3202800780216052,1.0,0.0,0.0,0.20130855506795595
halueval-245,halueval,1,5,0.5896653916856478,0.2987220958310369,0.11161251248331512,0.6,0.4,0.0,0.3545283520726945
halueval-441,halueval,1,5,0.4941477107017798,0.3355152372318094,0.17033705206641087,0.7,0.3,0.0,0.4206837632650149
halueval-1466,halueval,1,5,0.19934420328777,0.5765040612899892,0.22415173542224073,0.1,0.5,0.4,0.6885799290011095
halueval-7056,halueval,0,5,0.37498387265701894,0.134265400333901,0.49075072700908,0.1,0.1,0.8,0.37964076383844103
halueval-2522,halueval,0,5,0.9780085829440415,0.0026168874392597163,0.019374529616698798,1.0,0.0,0.0,0.012304152247609116
halueval-4237,halueval,1,5,0.39670741922415254,0.5986617130911407,0.004630867684706718,0.4,0.6,0.0,0.600977146933494
halueval-64,halueval,1,5,0.9892126699325952,0.0005018429592298635,0.010285487108175105,1.0,0.0,0.0,0.005644586513317416
halueval-1837,halueval,1,5,0.44370434482985444,0.013945031547953412,0.5423506236221922,0.4,0.0,0.6,0.2851203433590495
halueval-4905,halueval,0,5,0.45005656088686596,0.2813730521336669,0.2685703869794671,0.6,0.4,0.0,0.4156582456234005
halueval-787,halueval,0,5,0.9886040469512556,0.0011006501254423424,0.010295302923302151,1.0,0.0,0.0,0.006248301587093418
halueval-8686,halueval,0,5,0.9860015881631471,0.0017339631002597365,0.01226444873659341,1.0,0.0,0.0,0.007866187468556442
halueval-5389,halueval,1,5,0.34704622844775873,0.6015808782683207,0.051372893283920515,0.4,0.6,0.0,0.627267324910281
halueval-4444,halueval,0,5,0.3228031591654061,0.04965580501817899,0.627541035816415,0.0,0.0,1.0,0.3634263229263865
halueval-1072,halueval,1,5,0.9721943021144893,0.005761197454009633,0.02204450043150108,1.0,0.0,0.0,0.01678344766976017
halueval-8407,halueval,1,5,0.9884945809988552,0.0021892368914020357,0.009316182109742693,1.0,0.0,0.0,0.006847327946273383
halueval-7655,halueval,0,5,0.9925877921432258,0.0013824693928638722,0.006029738463910387,1.0,0.0,0.0,0.004397338624819066
halueval-7214,halueval,1,5,0.8781594167818181,0.018760950253682424,0.10307963296449958,1.0,0.0,0.0,0.07030076673593222
halueval-7658,halueval,0,5,0.4916807285004727,0.04855338366678734,0.45976588783274003,0.1,0.0,0.9,0.27843632758315734
halueval-2527,halueval,0,5,0.48020821949101994,0.316709501441877,0.2030822790671031,0.6,0.3,0.1,0.4182506409754285
halueval-1631,halueval,1,5,0.20670307381018285,0.4939179160609978,0.2993790101288193,0.2,0.7,0.1,0.6436074211254075
halueval-2724,halueval,1,5,0.49285553684266636,0.33182168409518426,0.17532277906214944,0.7,0.3,0.0,0.419483073626259
halueval-6334,halueval,1,5,0.7405552670712847,0.013539283108186143,0.24590544982052914,1.0,0.0,0.0,0.1364920080184507
halueval-6682,halueval,0,5,0.594443078135164,0.3965113815213025,0.009045540343533562,0.6,0.4,0.0,0.4010341516930693
halueval-3172,halueval,1,5,0.6239145810568677,0.35629209544779317,0.019793323495339177,0.6,0.4,0.0,0.36618875719546273
halueval-2068,halueval,0,5,0.7890030162289097,0.005770158164209374,0.20522682560688082,0.6,0.0,0.4,0.10838357096764979
halueval-28,halueval,1,5,0.7147642775017952,0.26945552047297283,0.01578020202523208,0.6,0.4,0.0,0.2773456214855889
halueval-1162,halueval,1,5,0.9861047036344832,0.0031660850093720902,0.010729211356144562,1.0,0.0,0.0,0.008530690687444371
halueval-2025,halueval,1,5,0.015117005731228868,0.6854009457226352,0.29948204854613586,0.0,0.8,0.2,0.8351419699957031
halueval-7127,halueval,0,5,0.4299678533547097,0.14883753934737506,0.4211946072979151,0.3,0.0,0.7,0.3594348429963326
halueval-1139,halueval,0,5,0.990296968209879,0.0010822503496853448,0.008620781440435637,1.0,0.0,0.0,0.005392641069903163
halueval-3396,halueval,0,5,0.9894139806872078,0.0015502665754558928,0.009035752737336426,1.0,0.0,0.0,0.006068142944124106
halueval-8098,halueval,0,5,0.9896519445776418,0.003698958027110841,0.00664909739524743,1.0,0.0,0.0,0.007023506724734556
halueval-7368,halueval,0,5,0.32487983186160563,0.5938570369371234,0.081263131201271,0.4,0.6,0.0,0.634488602537759
halueval-8544,halueval,0,5,0.5685008210854986,0.015761544572464675,0.4157376343420368,0.3,0.0,0.7,0.22363036174348308
halueval-7185,halueval,0,5,0.2082887760596785,0.6406294712675262,0.15108175267279522,0.1,0.7,0.2,0.7161703476039238
halueval-3345,halueval,1,5,0.758381565106016,0.061451718003991865,0.18016671688999222,1.0,0.0,0.0,0.15153507644898798
halueval-7650,halueval,1,5,0.4072420301001108,0.3322527942504262,0.260505175649463,0.5,0.4,0.1,0.4625053820751577
halueval-2290,halueval,1,5,0.9822853244972443,0.0026451562336281442,0.015069519269127526,1.0,0.0,0.0,0.010179915868191907
halueval-6511,halueval,0,5,0.3472331590660403,0.1290020059292004,0.5237648350047592,0.3,0.0,0.7,0.39088442343158003
halueval-1474,halueval,1,5,0.9689967033270694,0.0030226482090153196,0.02798064846391519,1.0,0.0,0.0,0.017012972440972916
halueval-3093,halueval,0,5,0.9810643384428526,0.0038120440602352423,0.01512361749691243,1.0,0.0,0.0,0.011373852808691458
halueval-362,halueval,1,5,0.2028799925098117,0.3313002829074693,0.46581972458271903,0.1,0.5,0.4,0.5642101451988288
halueval-2776,halueval,1,5,0.8122692000454002,0.008448364417395684,0.1792824355372041,1.0,0.0,0.0,0.09808958218599774
halueval-7958,halueval,1,5,0.3261514006705861,0.4767832440512776,0.19706535527813634,0.2,0.5,0.3,0.5753159216903457
halueval-1273,halueval,0,5,0.9841523451575579,0.0008300855057753834,0.015017569336666595,1.0,0.0,0.0,0.00833887017410868
halueval-9214,halueval,1,5,0.9819229931089989,0.004892878710181514,0.013184128180819557,1.0,0.0,0.0,0.011484942800591293
halueval-8833,halueval,1,5,0.6878220170191863,0.003846352236957294,0.3083316307438563,0.4,0.0,0.6,0.15801216760888542
halueval-5127,halueval,0,5,0.9891954637843238,0.0019519662307263875,0.008852569984949685,1.0,0.0,0.0,0.00637825122320123
halueval-8329,halueval,1,5,0.9924186727185388,0.0006484129444971155,0.0069329143369640505,1.0,0.0,0.0,0.0041148701129791404
halueval-3528,halueval,0,5,0.7914743457594866,0.0022627758917180816,0.20626287834879525,0.6,0.0,0.4,0.10539421506611571
halueval-1469,halueval,0,5,0.9781559805890072,0.004071849274871632,0.01777217013612098,1.0,0.0,0.0,0.012957934342932121
halueval-3356,halueval,0,5,0.9906061692976078,0.0008377255753442279,0.00855610512704813,1.0,0.0,0.0,0.005115778138868293
halueval-9086,halueval,0,5,0.9509821470308454,0.0017183259231864402,0.047299527045968126,1.0,0.0,0.0,0.025368089446170503
halueval-1990,halueval,0,5,0.4028819745169579,0.5649126487473756,0.03220537673566653,0.4,0.6,0.0,0.5810153371152088
halueval-3843,halueval,0,5,0.34876512542788507,0.2424112578065282,0.4088236167655867,0.4,0.0,0.6,0.44682306618932155
halueval-3143,halueval,0,5,0.3698127401525664,0.016228753332654444,0.6139585065147792,0.0,0.0,1.0,0.32320800659004406
halueval-366,halueval,0,5,0.418404548785314,0.26891849816985225,0.3126769530448338,0.3,0.2,0.5,0.42525697469226914
halueval-9672,halueval,1,5,0.5936232556441042,0.39912781353865234,0.0072489308172434055,0.6,0.4,0.0,0.40275227894727406
halueval-4664,halueval,0,5,0.4523516085898344,0.32122085021468316,0.2264275411954823,0.3,0.3,0.4,0.43443462081242434
halueval-4452,halueval,0,5,0.9830933606285834,0.004627028573517819,0.012279610797898785,1.0,0.0,0.0,0.010766833972467211
halueval-1439,halueval,1,5,0.28399677164542103,0.04356931438910147,0.6724339139654776,0.1,0.0,0.9,0.3797862713718403
halueval-9658,halueval,1,5,0.9916682886453284,0.0013951986050552857,0.006936512749616266,1.0,0.0,0.0,0.004863454979863419
halueval-7596,halueval,0,5,0.9920679756261125,0.0008405948665260248,0.007091429507361557,1.0,0.0,0.0,0.004386309620206803
halueval-3166,halueval,1,5,0.791317060182497,0.0035763210338160684,0.2051066187836869,0.6,0.0,0.4,0.10612963042565952
halueval-552,halueval,0,5,0.3390075448794,0.08972294994175803,0.5712695051788421,0.4,0.0,0.6,0.37535770253117906
halueval-3076,halueval,0,5,0.4467180053204446,0.24415657431937499,0.3091254203601802,0.6,0.1,0.3,0.3987192844994651
halueval-7598,halueval,1,5,0.7779651894763946,0.014504514870275934,0.2075302956533296,0.6,0.0,0.4,0.11826966269694072
halueval-591,halueval,0,5,0.3994839856725621,0.18100554561539223,0.4195104687120457,0.3,0.2,0.5,0.3907607799714151
halueval-4067,halueval,1,5,0.9906627623063885,0.0019636762863929685,0.007373561407218465,1.0,0.0,0.0,0.005650456990002202
halueval-936,halueval,1,5,0.5960522171936339,0.39549935639902006,0.008448426407345893,0.6,0.4,0.0,0.399723569602693
halueval-6277,halueval,1,5,0.6227811043834004,0.019480459168397486,0.3577384364482021,0.3,0.0,0.7,0.19834967739249854
halueval-220,halueval,1,5,0.48523457726210334,0.2898879758881712,0.22487744684972552,0.3,0.3,0.4,0.402326699313034
halueval-5383,halueval,0,5,0.5197760319622259,0.316280066108681,0.1639439019290931,0.7,0.2,0.1,0.39825201707322755
halueval-7919,halueval,1,5,0.9079321570863904,0.03212953123199658,0.059938311681612844,1.0,0.0,0.0,0.062098687072803
halueval-4234,halueval,0,5,0.6958522412228441,0.10463248064101993,0.19951527813613595,1.0,0.0,0.0,0.2043901197090879
halueval-6811,halueval,0,5,0.9803347025947347,0.006264932064657594,0.01340036534060797,1.0,0.0,0.0,0.01296511473496158
halueval-5652,halueval,1,5,0.4790454783303155,0.013120086431381245,0.5078344352383032,0.3,0.0,0.7,0.26703730405053283
halueval-9304,halueval,1,5,0.4507145709129558,0.11176411509361364,0.4375213139934305,0.4,0.1,0.5,0.33052477209032893
halueval-4387,halueval,1,5,0.596463736262052,0.018701756908249347,0.3848345068296988,0.4,0.0,0.6,0.21111901032309874
halueval-4984,halueval,1,5,0.982998144448764,0.005324695502516933,0.011677160048718976,1.0,0.0,0.0,0.011163275526876421
halueval-6531,halueval,0,5,0.46942579279044905,0.27012990896440037,0.26044429824515075,0.6,0.4,0.0,0.4003520580869757
halueval-2007,halueval,1,5,0.4671390456490815,0.11206870361587455,0.42079225073504406,0.5,0.1,0.4,0.32246482898339657
halueval-9045,halueval,0,5,0.7877990996050598,0.008667016551587558,0.20353388384335255,1.0,0.0,0.0,0.11043395847326383
halueval-7072,halueval,0,5,0.9881839716378776,0.0015533806346440288,0.010262647727478159,1.0,0.0,0.0,0.006684704498383109
halueval-2423,halueval,0,5,0.43030493760929156,0.1453236937482088,0.42437136864249964,0.2,0.2,0.6,0.3575093780694586
halueval-7403,halueval,0,5,0.9908028039450938,0.0006792228877288505,0.008517973167177189,1.0,0.0,0.0,0.004938209471317445
halueval-9803,halueval,0,5,0.5963849780529956,0.3979282820668739,0.0056867398801304595,0.6,0.4,0.0,0.40077165200693915
halueval-3527,halueval,0,5,0.3952004889214946,0.5950315572607338,0.00976795381777167,0.4,0.6,0.0,0.5999155341696196
halueval-6249,halueval,0,5,0.6861350194674578,0.011979994371485617,0.30188498616105647,0.4,0.0,0.6,0.16292248745201385
halueval-1766,halueval,0,5,0.9923380155218385,0.0010009052455664544,0.006661079232594928,1.0,0.0,0.0,0.004331444861863918
halueval-1560,halueval,1,5,0.594302518003906,0.10176844548311854,0.3039290365129755,0.9,0.1,0.0,0.2537329637396063
halueval-1727,halueval,1,5,0.3717506214113643,0.4670866382638028,0.16116274032483296,0.6,0.4,0.0,0.5476680084262193
halueval-5044,halueval,0,5,0.18220448744818774,0.31439207548080217,0.5034034370710101,0.1,0.3,0.6,0.5660937940163072
halueval-1103,halueval,1,5,0.9893422291029303,0.000989489591690656,0.00966828130537908,1.0,0.0,0.0,0.005823630244380196
halueval-7544,halueval,0,5,0.41273151051865103,0.0324163575324012,0.5548521319489478,0.5,0.0,0.5,0.3098424235068751
halueval-135,halueval,0,5,0.7663848542352927,0.018777838064410975,0.2148373077002963,1.0,0.0,0.0,0.12619649191455912
halueval-2627,halueval,1,5,0.604844000968561,0.3626305527653352,0.032525446266103875,0.6,0.4,0.0,0.3788932758983871
halueval-2927,halueval,0,5,0.9643235335019928,0.015051444462667596,0.020625022035339363,1.0,0.0,0.0,0.025363955480337277
halueval-40,halueval,1,5,0.9684973596169077,0.011710535406337074,0.01979210497675504,1.0,0.0,0.0,0.021606587894714594
halueval-8662,halueval,0,5,0.64039676336361,0.005504068776897858,0.35409916785949214,0.6,0.0,0.4,0.18255365270664392
halueval-9842,halueval,0,5,0.9913069958770979,0.0007484353722367659,0.007944568750665208,1.0,0.0,0.0,0.00472071974756937
halueval-6049,halueval,1,5,0.29738795664700035,0.2942263029753773,0.4083857403776222,0.1,0.3,0.6,0.4984191731641884
halueval-1634,halueval,1,5,0.22849684917862115,0.38412638505987645,0.38737676576150243,0.3,0.5,0.2,0.5778147679406277
halueval-3265,halueval,1,5,0.3470744159699517,0.489263242556917,0.16366234147313125,0.3,0.6,0.1,0.5710944132934827
halueval-4420,halueval,1,5,0.990296968209879,0.0010822503496853448,0.008620781440435637,1.0,0.0,0.0,0.005392641069903163
halueval-7821,halueval,0,5,0.6772454400615912,0.005756846365603988,0.3169977135728048,0.4,0.0,0.6,0.1642557031520064
halueval-6606,halueval,0,5,0.9798668142374366,0.005896025381449814,0.014237160381113414,1.0,0.0,0.0,0.01301460557200652
halueval-9414,halueval,1,5,0.6982822348787503,0.04221765964822006,0.2595001054730298,1.0,0.0,0.0,0.17196771238473496
halueval-1663,halueval,0,5,0.6515608698256147,0.05149314397039675,0.2969459862039886,0.6,0.0,0.4,0.19996613707239105
halueval-1118,halueval,1,5,0.5898695277284857,0.38632416019717136,0.02380631207434301,0.6,0.4,0.0,0.3982273162343429
halueval-5356,halueval,0,5,0.9753051773446723,0.007795969740760756,0.016898852914567056,1.0,0.0,0.0,0.016245396198044285
halueval-2705,halueval,0,5,0.9909193304770799,0.001505295638867064,0.0075753738840531925,1.0,0.0,0.0,0.00529298258089366
halueval-8108,halueval,1,5,0.5968928128609858,0.39457149179996326,0.008535695339051115,0.6,0.4,0.0,0.3988393394694888
halueval-7431,halueval,0,5,0.6868389070085159,0.0048890542551133995,0.30827203873637055,0.4,0.0,0.6,0.15902507362329868
halueval-1281,halueval,0,5,0.9882558353047124,0.0010477517792139824,0.010696412916073813,1.0,0.0,0.0,0.006395958237250889
halueval-5020,halueval,0,5,0.577355954411878,0.010773713375803847,0.41187033221231817,0.4,0.0,0.6,0.21670887948196293
halueval-5863,halueval,0,5,0.004007120218651392,0.992443986141095,0.003548893640253571,0.0,1.0,0.0,0.9942184329612218
halueval-3705,halueval,0,5,0.15706601182471808,0.4199336043562652,0.4230003838190167,0.0,0.5,0.5,0.6314337962657736
halueval-3629,halueval,0,5,0.9884556388002064,0.0015278809850438235,0.010016480214749865,1.0,0.0,0.0,0.006536121092418756
halueval-3297,halueval,0,5,0.39735838334962714,0.4039214866051017,0.19872013004527117,0.6,0.4,0.0,0.5032815516277372
halueval-7781,halueval,0,5,0.7936589148414414,0.0033690292160378247,0.20297205594252082,0.6,0.0,0.4,0.10485505718729823
halueval-8073,halueval,1,5,0.9805571106065928,0.0074798679506172085,0.01196302144279025,1.0,0.0,0.0,0.013461378672012334
halueval-3699,halueval,0,5,0.9811293915328443,0.0035432504047202807,0.015327358062435351,1.0,0.0,0.0,0.011206929435937957
halueval-8857,halueval,1,5,0.311672090557858,0.061274572626194165,0.6270533368159478,0.3,0.0,0.7,0.37480124103416806
halueval-7180,halueval,1,5,0.2751747229852364,0.3465080340551977,0.3783172429595659,0.2,0.3,0.5,0.5356666555349807
halueval-2830,halueval,0,5,0.49735098681453793,0.31882866574392643,0.18382034744153553,0.4,0.3,0.3,0.4107388394646942
halueval-9490,halueval,0,5,0.5127983351107774,0.0809157603054256,0.40628590458379704,0.1,0.1,0.8,0.2840587125973241
halueval-1149,halueval,0,5,0.9875517455053024,0.0014091656935135701,0.011039088801183986,1.0,0.0,0.0,0.006928710094105563
halueval-1761,halueval,1,5,0.1831246806669971,0.6087762356827,0.20809908365030294,0.1,0.7,0.2,0.7128257775078515
halueval-6371,halueval,1,5,0.5258129869867185,0.06530155301213406,0.40888546000114745,0.5,0.0,0.5,0.2697442830127078
halueval-2561,halueval,1,5,0.9848356113960357,0.0016320327400962092,0.01353235586386814,1.0,0.0,0.0,0.008398210672030278
halueval-4866,halueval,0,5,0.4754354466264263,0.3005908158938087,0.22397373747976496,0.3,0.3,0.4,0.41257768463369116
halueval-702,halueval,1,5,0.5395116416169898,0.014090809987604183,0.446397548395406,0.3,0.0,0.7,0.23728958418530718
halueval-5973,halueval,1,5,0.4266375333207447,0.01311407883969282,0.5602483878395624,0.3,0.0,0.7,0.29323827275947406
halueval-7532,halueval,0,5,0.22759373230312047,0.4132739959104271,0.35913227178645235,0.1,0.5,0.4,0.5928401318036534
halueval-3362,halueval,0,5,0.29668284759112296,0.6989745849057426,0.004342567503134451,0.3,0.7,0.0,0.7011458686573099
halueval-6819,halueval,0,5,0.34188075780826976,0.02208496461541112,0.636034277576319,0.5,0.0,0.5,0.3401021034035706
halueval-8474,halueval,1,5,0.5948404023936321,0.3404683005183814,0.06469129708798634,0.6,0.4,0.0,0.3728139490623746
halueval-7376,halueval,0,5,0.44409756050436916,0.16170315839875066,0.39419928109688007,0.5,0.2,0.3,0.3588027989471907
halueval-3636,halueval,0,5,0.3976993916425072,0.262526575994617,0.3397740323628758,0.5,0.2,0.3,0.4324135921760549
halueval-9012,halueval,0,5,0.2132657964456101,0.14798615581734575,0.6387480477370441,0.2,0.0,0.8,0.4673601796858678
halueval-6482,halueval,1,5,0.6381970764366155,0.008940344036015145,0.3528625795273694,0.3,0.0,0.7,0.18537163379969984
halueval-4930,halueval,0,5,0.5519810879102384,0.05982898980814805,0.38818992228161364,0.6,0.0,0.4,0.25392395094895487
halueval-1840,halueval,0,5,0.5370814336684747,0.12488492872504593,0.33803363760647936,0.3,0.1,0.6,0.29390174752828563
halueval-3564,halueval,1,5,0.7929358635610579,0.0021660568046868904,0.2048980796342553,0.6,0.0,0.4,0.10461509662181454
halueval-4536,halueval,1,5,0.4660373819514646,0.147140353824749,0.3868222642237864,0.6,0.1,0.3,0.3405514859366422
halueval-2748,halueval,0,5,0.9900441738285595,0.001866454686496484,0.008089371484943871,1.0,0.0,0.0,0.0059111404289684194
halueval-3754,halueval,0,5,0.9897782093531683,0.001219583779922352,0.009002206866909255,1.0,0.0,0.0,0.00572068721337698
halueval-2814,halueval,1,5,0.45812309668384177,0.00612732609361714,0.5357495772225409,0.4,0.0,0.6,0.2740021147048876
halueval-5859,halueval,0,5,0.35454554827900137,0.12467207354699364,0.5207823781740051,0.3,0.0,0.7,0.38506326263399615
halueval-7914,halueval,1,5,0.8688449307407788,0.002056519703967411,0.12909854955525382,1.0,0.0,0.0,0.06660579448159432
halueval-2182,halueval,0,5,0.6236864730935933,0.22043717949820213,0.15587634740820452,0.9,0.1,0.0,0.2983753532023044
halueval-1535,halueval,0,5,0.5552663653577704,0.026960488153423445,0.4177731464888061,0.3,0.0,0.7,0.2358470613978265
halueval-5398,halueval,1,5,0.9899594148994103,0.001415048143686894,0.008625536956902737,1.0,0.0,0.0,0.005727816622138263
halueval-9474,halueval,0,5,0.39885637793155404,0.5943623272456376,0.006781294822808278,0.4,0.6,0.0,0.5977529746570418
halueval-2968,halueval,1,5,0.9914360936219424,0.001600796393645389,0.006963109984412264,1.0,0.0,0.0,0.0050823513858515214
halueval-2187,halueval,1,5,0.983810986481185,0.0032823882766063045,0.012906625242208657,1.0,0.0,0.0,0.009735700897710633
halueval-4185,halueval,1,5,0.2019304342599451,0.30660680631802917,0.49146275942202566,0.3,0.3,0.4,0.5523381860290419
halueval-6473,halueval,1,5,0.8018653934984264,0.00492522570537793,0.19320938079619582,1.0,0.0,0.0,0.10152991610347584
halueval-8787,halueval,0,5,0.46772282887598615,0.01158754135192328,0.5206896297720907,0.1,0.0,0.9,0.27193235623796863
halueval-5611,halueval,0,5,0.3893385043027418,0.012039891177147065,0.5986216045201112,0.4,0.0,0.6,0.3113506934372026
halueval-5307,halueval,1,5,0.9825503712598793,0.0015982919115892947,0.015851336828531338,1.0,0.0,0.0,0.009523960325854964
halueval-3537,halueval,0,5,0.8720435617301394,0.08622915353926576,0.041727284730594796,1.0,0.0,0.0,0.10709279590456316
halueval-9980,halueval,0,5,0.7659065870608446,0.018239853235015493,0.21585355970414016,1.0,0.0,0.0,0.1261666330870856
halueval-291,halueval,1,5,0.255647525411792,0.11065578264176221,0.6336966919464458,0.3,0.1,0.6,0.4275041286149851
halueval-4951,halueval,0,5,0.5950168492227731,0.399127209554485,0.005855941222741882,0.6,0.4,0.0,0.40205518016585595
halueval-1732,halueval,1,5,0.2820742005506506,0.12212568703857092,0.5958001124107787,0.2,0.2,0.6,0.42002574324396025
halueval-7211,halueval,1,5,0.5961579503835133,0.3939787979447803,0.009863251671706394,0.6,0.4,0.0,0.3989104237806335
halueval-2166,halueval,0,5,0.7292220442221401,0.15855690443953624,0.11222105133832372,1.0,0.0,0.0,0.2146674301086981
halueval-3955,halueval,1,5,0.4209268595024584,0.3791957965679633,0.19987734392957832,0.3,0.3,0.4,0.4791344685327525
halueval-2139,halueval,0,5,0.587597426122186,0.003636496366583448,0.4087660775112306,0.2,0.0,0.8,0.20801953512219876
halueval-7023,halueval,1,5,0.4007407026633378,0.018347393067242413,0.5809119042694199,0.4,0.0,0.6,0.30880334520195235
halueval-4917,halueval,1,5,0.5924422824026483,0.07762047098961959,0.3299372466077322,0.6,0.0,0.4,0.24258909429348569
halueval-8237,halueval,1,5,0.985928322105838,0.0035733666551934855,0.010498311238968685,1.0,0.0,0.0,0.008822522274677828
halueval-1339,halueval,0,5,0.9876535964074924,0.002704751564187487,0.009641652028320357,1.0,0.0,0.0,0.007525577578347665
halueval-1032,halueval,1,5,0.5943850204553709,0.39868378788151226,0.006931191663116882,0.6,0.4,0.0,0.4021493837130707
halueval-7867,halueval,1,5,0.3569505388366605,0.10588446949128025,0.5371649916720592,0.3,0.0,0.7,0.37446696532730983
halueval-2905,halueval,1,5,0.43092239196016324,0.05442076654780843,0.5146568414920284,0.4,0.0,0.6,0.3117491872938226
halueval-2000,halueval,0,5,0.20826016984272805,0.45756447499890995,0.33417535515836194,0.1,0.5,0.4,0.6246521525780909
halueval-1225,halueval,0,5,0.5289833112795234,0.05330557812423735,0.41771111059623933,0.3,0.0,0.7,0.26216113342235703
halueval-242,halueval,1,5,0.3543881102478919,0.2247817812818817,0.42083010847022634,0.3,0.3,0.4,0.43519683551699484
halueval-1437,halueval,0,5,0.6219984350189731,0.02588077508193627,0.3521207898990905,0.6,0.0,0.4,0.20194117003148152
halueval-1989,halueval,1,5,0.6911257510944075,0.0046838635468771875,0.3041903853587153,0.4,0.0,0.6,0.15677905622623484
halueval-6762,halueval,1,5,0.3494023884736392,0.09007175313613099,0.5605258583902298,0.2,0.1,0.7,0.3703346823312459
halueval-168,halueval,0,5,0.5498561093659446,0.013980558116867247,0.4361633325171882,0.4,0.0,0.6,0.23206222437546134
halueval-1384,halueval,0,5,0.9901806548558548,0.0006105530180695085,0.009208792126075704,1.0,0.0,0.0,0.00521494908110736
halueval-2116,halueval,1,5,0.9827637814428678,0.002583488548616959,0.014652730008515236,1.0,0.0,0.0,0.009909853552874577
halueval-5648,halueval,1,5,0.9848581977382486,0.004361670912237694,0.010780131349513656,1.0,0.0,0.0,0.009751736586994523
halueval-6448,halueval,0,5,0.9778631999620144,0.000874882663438338,0.021261917374547294,1.0,0.0,0.0,0.011505841350711985
halueval-1091,halueval,0,5,0.9915172299899673,0.0007141214568097916,0.007768648553222911,1.0,0.0,0.0,0.004598445733421247
halueval-1276,halueval,0,5,0.5427582295784699,0.0353525205642361,0.421889249857294,0.8,0.0,0.2,0.2462971454928831
halueval-6017,halueval,1,5,0.2500422069139169,0.5314188940501814,0.2185388990359017,0.2,0.8,0.0,0.6406883435681322
halueval-9333,halueval,0,5,0.9888789320277477,0.0022568658033134963,0.008864202168938766,1.0,0.0,0.0,0.0066889668877828795
halueval-1577,halueval,1,5,0.2998733773062513,0.46461196826112283,0.23551465443262581,0.2,0.5,0.3,0.5823692954774358
halueval-705,halueval,0,5,0.20046652212249763,0.43445313741595576,0.3650803404615467,0.1,0.4,0.5,0.6169933076467291
halueval-8861,halueval,1,5,0.9906064309997691,0.001665241111806585,0.007728327888424478,1.0,0.0,0.0,0.005529405056018824
halueval-1816,halueval,0,5,0.5964448333291839,0.01616924623582755,0.3873859204349886,0.6,0.0,0.4,0.20986220645332185
halueval-5578,halueval,1,5,0.0985691816946707,0.5216777391345905,0.37975307917073886,0.0,0.6,0.4,0.7115542787199599
halueval-2826,halueval,1,5,0.6577467106831958,0.02743579430770469,0.3148174950090995,0.9,0.0,0.1,0.18484454181225443
halueval-3167,halueval,0,5,0.7851176285610937,0.12352302949021907,0.09135934194868721,1.0,0.0,0.0,0.16920270046456268
halueval-8499,halueval,0,5,0.9894315318378725,0.0012235396040869762,0.009344928558040677,1.0,0.0,0.0,0.005896003883107315
halueval-2946,halueval,1,5,0.9909631857223389,0.0005839780813212435,0.008452836196340097,1.0,0.0,0.0,0.004810396179491292
halueval-1543,halueval,0,5,0.18824071723606403,0.6973898163954996,0.11436946636843644,0.1,0.9,0.0,0.7545745495797178
halueval-7290,halueval,0,5,0.9847511147245992,0.0023341132265571078,0.01291477204884377,1.0,0.0,0.0,0.008791499250978992
halueval-9789,halueval,0,5,0.6125885526170303,0.006325372027117361,0.38108607535585237,1.0,0.0,0.0,0.19686840970504355
halueval-4651,halueval,0,5,0.3954648791411753,0.16347220706152868,0.441062913797296,0.0,0.2,0.8,0.3840036639601767
halueval-8633,halueval,1,5,0.14438311740943416,0.27403316868497557,0.5815837139055904,0.0,0.2,0.8,0.5648250256377707
halueval-8785,halueval,1,5,0.9713952382904377,0.012337471611187506,0.016267290098374732,1.0,0.0,0.0,0.02047111666037487
halueval-7565,halueval,0,5,0.5954224756171116,0.03706918320553723,0.36750834117735115,0.8,0.0,0.2,0.2208233537942128
halueval-9147,halueval,1,5,0.47062272736774935,0.07283177601429577,0.45654549661795496,0.5,0.0,0.5,0.3011045243232733
halueval-4712,halueval,1,5,0.3913396043403897,0.31543332049189415,0.2932270751677162,0.3,0.3,0.4,0.46204685807575224
halueval-3026,halueval,0,5,0.49426272622640177,0.014098784824669471,0.4916384889489288,0.1,0.0,0.9,0.2599180292991339
halueval-7788,halueval,0,5,0.29658224293068697,0.6990956921565268,0.004322064912786271,0.3,0.7,0.0,0.7012567246129199
halueval-814,halueval,1,5,0.3483917391237319,0.21682633026447756,0.43478193061179055,0.3,0.2,0.5,0.4342172955703728
halueval-288,halueval,0,5,0.9884875397869978,0.0022062532271117973,0.009306206985890433,1.0,0.0,0.0,0.006859356720057014
halueval-206,halueval,0,5,0.39410564122172503,0.48534311904976324,0.12055123972851174,0.6,0.4,0.0,0.5456187389140191
halueval-3374,halueval,1,5,0.7907389282013458,0.0010856575318873459,0.2081754142667668,0.6,0.0,0.4,0.10517336466527075
halueval-3157,halueval,0,5,0.5543993427444448,0.007081084947184489,0.43851957230837063,0.4,0.0,0.6,0.2263408711013698
halueval-7208,halueval,1,5,0.7777239340204158,0.17235088946233412,0.04992517651725008,1.0,0.0,0.0,0.19731347772095917
halueval-4718,halueval,0,5,0.7892571573804086,0.011639608742993466,0.19910323387659817,1.0,0.0,0.0,0.11119122568129255
halueval-9498,halueval,0,5,0.48947985670452904,0.2958568923346082,0.21466325096086258,0.3,0.3,0.4,0.4031885178150395
halueval-8533,halueval,0,5,0.3927097333974229,0.17751781804450079,0.42977244855807645,0.6,0.1,0.3,0.392404042323539
halueval-6065,halueval,1,5,0.9870447302239581,0.002715147666754662,0.010240122109287332,1.0,0.0,0.0,0.007835208721398328
halueval-9709,halueval,0,5,0.6884358691273927,0.006068334186137027,0.3054957966864702,1.0,0.0,0.0,0.15881623252937213
halueval-8991,halueval,1,5,0.34844886470536246,0.5862009064930583,0.06535022880157924,0.4,0.6,0.0,0.618876020893848
halueval-7385,halueval,1,5,0.9857936253008616,0.0028853067342200305,0.011321067964918248,1.0,0.0,0.0,0.008545840716679154
halueval-7548,halueval,1,5,0.33049417345200094,0.2670770250122545,0.4024288015357446,0.5,0.3,0.2,0.46829142578012684
halueval-830,halueval,1,5,0.19543976862301585,0.7939008918987029,0.010659339478281205,0.2,0.8,0.0,0.7992305616378436
halueval-2373,halueval,1,5,0.9881249165223954,0.0017557610544708929,0.01011932242313376,1.0,0.0,0.0,0.006815422266037773
halueval-3595,halueval,0,5,0.40072775336962313,0.5860732171027958,0.013199029527581046,0.4,0.6,0.0,0.5926727318665863
halueval-8534,halueval,1,5,0.9828917268516555,0.004401207122680175,0.01270706602566402,1.0,0.0,0.0,0.010754740135512185
halueval-7622,halueval,0,5,0.4968708782827346,0.09098911279271753,0.4121400089245479,0.4,0.0,0.6,0.29705911725499146
halueval-3964,halueval,1,5,0.24509562146450717,0.03058638356772489,0.7243179949677679,0.1,0.0,0.9,0.39274538105160883
halueval-7874,halueval,0,5,0.508249079508686,0.20604790666908093,0.28570301382223307,0.7,0.2,0.1,0.3488994135801975
halueval-1164,halueval,1,5,0.43396731041829,0.5333915370958537,0.032641152485856126,0.4,0.6,0.0,0.5497121133387818
halueval-3647,halueval,0,5,0.9789128910472507,0.0009725084654310115,0.020114600487318265,1.0,0.0,0.0,0.011029808709090145
halueval-3877,halueval,0,5,0.8106045886713253,0.03094670577617677,0.15844870555249785,1.0,0.0,0.0,0.11017105855242569
halueval-1126,halueval,1,5,0.4388189984196146,0.38602079370922726,0.17516020787115805,0.3,0.4,0.3,0.4736008976448063
halueval-8583,halueval,1,5,0.98865812935523,0.0021664363245066697,0.009175434320263038,1.0,0.0,0.0,0.006754153484638189
halueval-572,halueval,1,5,0.895139217016756,0.016657795016205772,0.08820298796703822,1.0,0.0,0.0,0.06075928899972488
halueval-297,halueval,0,5,0.3965320822132167,0.5994476279389056,0.0040202898478778224,0.4,0.6,0.0,0.6014577728628445
halueval-4221,halueval,1,5,0.5247170786352011,0.013808017388679913,0.46147490397611896,0.4,0.0,0.6,0.24454546937673938
halueval-8981,halueval,0,5,0.43342971623359344,0.2468969678006502,0.3196733159657563,0.4,0.2,0.4,0.40673362578352834
halueval-2313,halueval,1,5,0.9799952928619995,0.006453824728958908,0.013550882409041875,1.0,0.0,0.0,0.013229265933479846
halueval-3437,halueval,1,5,0.987759411499735,0.002295650104210089,0.009944938396054852,1.0,0.0,0.0,0.007268119302237515
halueval-857,halueval,0,5,0.5926376925203716,0.002982976311831484,0.40437933116779695,0.2,0.0,0.8,0.20517264189572995
halueval-3458,halueval,0,5,0.08210965875050379,0.46602814281773686,0.45186219843175934,0.0,0.2,0.8,0.6919592420336165
halueval-4889,halueval,1,5,0.9515552901347746,0.00426185761745229,0.04418285224777273,1.0,0.0,0.0,0.026353283741338655
halueval-3582,halueval,1,5,0.6014451330150552,0.38742713612678104,0.011127730858163699,0.6,0.4,0.0,0.39299100155586286
halueval-6468,halueval,1,5,0.984535840430462,0.0006771472137978041,0.014787012355740045,1.0,0.0,0.0,0.008070653391667827
halueval-1212,halueval,1,5,0.7843101636464378,0.007681388887378527,0.20800844746618363,0.6,0.0,0.4,0.11168561262047035
halueval-7342,halueval,0,5,0.6090865365209985,0.1403031398271869,0.2506103236518145,0.6,0.0,0.4,0.2656083016530941
halueval-7708,halueval,0,5,0.9909615730089557,0.000865724487278036,0.008172702503766168,1.0,0.0,0.0,0.00495207573916112
halueval-5485,halueval,1,5,0.17155752895004836,0.6348848931974113,0.19355757785254032,0.1,0.6,0.3,0.7316636821236814
halueval-8009,halueval,0,5,0.5936033366296823,0.0033620996903796904,0.4030345636799379,0.2,0.0,0.8,0.20487938153034863
halueval-7732,halueval,1,5,0.6457233760921289,0.10607860407747878,0.24819801983039227,1.0,0.0,0.0,0.23017761399267492
halueval-8546,halueval,0,5,0.7492908704008387,0.023302768178144938,0.2274063614210164,0.6,0.0,0.4,0.13700594888865314
halueval-3785,halueval,1,5,0.989358588575422,0.0019134354575837814,0.00872797596699422,1.0,0.0,0.0,0.006277423441080891
halueval-5803,halueval,1,5,0.45850201831468684,0.21110850726232,0.33038947442299316,0.3,0.2,0.5,0.3763032444738166
halueval-2112,halueval,0,5,0.9894263079311049,0.002400395516329999,0.008173296552565115,1.0,0.0,0.0,0.006487043792612557
halueval-861,halueval,0,5,0.7794134208937401,0.009885016182084472,0.21070156292417538,0.6,0.0,0.4,0.11523579764417216
halueval-2283,halueval,0,5,0.4931093489663353,0.008527197804498992,0.49836345322916575,0.2,0.0,0.8,0.2577089244190819
halueval-127,halueval,1,5,0.5864336796197361,0.2852064049493116,0.12835991543095235,0.6,0.4,0.0,0.3493863626647878
halueval-2598,halueval,1,5,0.2008446805372397,0.6204545591645142,0.1787007602982461,0.3,0.7,0.0,0.7098049393136372
halueval-8710,halueval,1,5,0.7809036823637094,0.008596249376310209,0.2105000682599804,0.6,0.0,0.4,0.11384628350630041
halueval-6858,halueval,0,5,0.9781629609700729,0.0052655790681529775,0.016571459961773904,1.0,0.0,0.0,0.01355130904903993
halueval-625,halueval,1,5,0.3783819886840128,0.07234013795700098,0.5492778733589863,0.5,0.0,0.5,0.34697907463649413
halueval-3782,halueval,0,5,0.34786464494955094,0.23850903621171402,0.41362631883873496,0.1,0.1,0.8,0.4453221956310815
halueval-1138,halueval,1,5,0.6941177208255502,0.002183636947943132,0.30369864222650655,0.4,0.0,0.6,0.1540329580611964
halueval-1208,halueval,0,5,0.6226437345530053,0.2772442369587137,0.10011202848828105,0.6,0.3,0.1,0.3273002512028542
halueval-4404,halueval,1,5,0.158915072058322,0.7671351561960378,0.07394977174564027,0.1,0.8,0.1,0.8041100420688579
halueval-3205,halueval,1,5,0.9866053279942099,0.002810434701705187,0.010584237304084991,1.0,0.0,0.0,0.008102553353747682
halueval-5832,halueval,0,5,0.9687066741689131,0.0014763623605769,0.029816963470509855,1.0,0.0,0.0,0.016384844095831828
halueval-8651,halueval,0,5,0.29900472917152016,0.5390853313621173,0.1619099394663625,0.5,0.5,0.0,0.6200403010952986
halueval-1572,halueval,0,5,0.4487981634325746,0.3612022274054016,0.1899996091620239,0.3,0.4,0.3,0.4562020319864135
halueval-7407,halueval,1,5,0.6328015300084887,0.009483381258547249,0.3577150887329639,0.3,0.0,0.7,0.18834092562502922
halueval-4499,halueval,0,5,0.7897534678382859,0.002838459833571844,0.20740807232814218,0.8,0.0,0.2,0.10654249599764293
halueval-6368,halueval,1,5,0.5530504260617568,0.20169998908660886,0.24524958485163442,0.6,0.4,0.0,0.32432478151242605
halueval-4010,halueval,0,5,0.49450636617639826,0.005874274995310227,0.49961935882829156,0.6,0.0,0.4,0.255683954409456
halueval-3019,halueval,0,5,0.6833145612253151,0.10726940772734066,0.20941603104734421,0.6,0.0,0.4,0.21197742325101276
halueval-9504,halueval,0,5,0.3830928222709815,0.5977074387683647,0.01919973896065364,0.4,0.6,0.0,0.6073073082486916
halueval-7722,halueval,0,5,0.23743560073869846,0.2929140766101368,0.46965032265116474,0.1,0.4,0.5,0.5277392379357192
halueval-7229,halueval,1,5,0.5917857111510088,0.04423532344381137,0.3639789654051798,0.3,0.0,0.7,0.22622480614640128
halueval-8233,halueval,1,5,0.07824101606155054,0.6430891115212791,0.2786698724171704,0.0,0.7,0.3,0.7824240477298643
halueval-7460,halueval,1,5,0.5930230185512204,0.3979586744280717,0.009018307020707975,0.6,0.4,0.0,0.40246782793842567
halueval-9615,halueval,0,5,0.9892606977265798,0.001185347638498396,0.009553954634921908,1.0,0.0,0.0,0.0059623249559593505
halueval-120,halueval,1,5,0.9907396176791629,0.0006497450107018964,0.008610637310135411,1.0,0.0,0.0,0.004955063665769602
halueval-2801,halueval,0,5,0.9839616013519302,0.004690459961007465,0.011347938687062454,1.0,0.0,0.0,0.01036442930453869
halueval-7702,halueval,0,5,0.39409719579035946,0.08504391525348172,0.5208588889561588,0.3,0.1,0.6,0.3454733597315611
halueval-8276,halueval,1,5,0.8429048162330046,0.007626961731926398,0.14946822203506904,1.0,0.0,0.0,0.08236107274946092
halueval-776,halueval,1,5,0.9752928029758137,0.00247944520409681,0.022227751820089674,1.0,0.0,0.0,0.013593321114141646
halueval-7029,halueval,1,5,0.9868950451553429,0.0023879517132984985,0.010717003131358467,1.0,0.0,0.0,0.007746453278977732
halueval-9848,halueval,0,5,0.3059740655238534,0.16865971141839223,0.5253662230577543,0.2,0.2,0.6,0.43134282294726933
halueval-8691,halueval,0,5,0.34519019406243034,0.03465990049002292,0.6201499054475468,0.3,0.0,0.7,0.3447348532137963
halueval-2407,halueval,0,5,0.14591246026354474,0.6783584038979014,0.17572913583855387,0.1,0.7,0.2,0.7662229718171782
halueval-7375,halueval,1,5,0.5666099384881759,0.02962181283863316,0.40376824867319094,0.4,0.0,0.6,0.23150593717522863
halueval-9248,halueval,0,5,0.9864732408074837,0.0023697938697984228,0.011156965322717757,1.0,0.0,0.0,0.007948276531157301
halueval-4765,halueval,1,5,0.9904569086937156,0.0014561039078086467,0.00808698739847569,1.0,0.0,0.0,0.005499597607046491
halueval-5960,halueval,0,5,0.49205355417391916,0.005651697376427701,0.5022947484496532,0.1,0.0,0.9,0.25679907160125426
halueval-1036,halueval,0,5,0.09399841679291865,0.5526060859742459,0.3533954972328356,0.0,0.7,0.3,0.7293038345906637
halueval-1253,halueval,1,5,0.7832869318062271,0.007697435088865809,0.20901563310490706,0.6,0.0,0.4,0.11220525164131934
halueval-4543,halueval,0,5,0.17135101508337974,0.5823063445498345,0.2463426403667858,0.2,0.8,0.0,0.7054776647332275
halueval-7064,halueval,1,5,0.20994694746610237,0.5570262783904806,0.23302677414341702,0.1,0.5,0.4,0.6735396654621891
halueval-8149,halueval,1,5,0.9689698862385402,0.0013319752323910767,0.02969813852906858,1.0,0.0,0.0,0.016181044496925368
halueval-5599,halueval,1,5,0.9279257335475872,0.020683923057028784,0.051390343395383974,1.0,0.0,0.0,0.04637909475472077
halueval-8855,halueval,0,5,0.9876144788302932,0.0006974093718435331,0.01168811179786328,1.0,0.0,0.0,0.006541465270775173
halueval-563,halueval,0,5,0.3371783162943057,0.21494264280779074,0.44787904089790365,0.4,0.2,0.4,0.43888216325674256
halueval-9724,halueval,0,5,0.2966787905835894,0.5935573931563995,0.10976381626001105,0.2,0.6,0.2,0.648439301286405
halueval-9553,halueval,1,5,0.5545586718008286,0.031816529685494935,0.4136247985136764,0.9,0.0,0.1,0.23862892894233312
halueval-1113,halueval,0,5,0.3573090544739783,0.3619587190218127,0.28073222650420904,0.3,0.5,0.2,0.5023248322739172
halueval-9421,halueval,0,5,0.1556936730363186,0.7173056491919843,0.12700067777169716,0.1,0.8,0.1,0.7808059880778329
halueval-7107,halueval,1,5,0.6296054607444882,0.03696422293542472,0.333430316320087,0.5,0.0,0.5,0.20367938109546824
halueval-886,halueval,0,5,0.6425298389554548,0.012515026031445432,0.34495513501309977,0.9,0.0,0.1,0.18499259353799533
halueval-4541,halueval,1,5,0.7925419026969301,0.0031714635515379995,0.20428663375153175,0.6,0.0,0.4,0.10531478042730387
halueval-7484,halueval,1,5,0.9875093704144959,0.0017935849719927176,0.010697044613511604,1.0,0.0,0.0,0.007142107278748519
halueval-3966,halueval,0,5,0.43461444627413925,0.21358554655014145,0.3518000071757192,0.6,0.0,0.4,0.389485550138001
halueval-7601,halueval,1,5,0.9882055694195394,0.002516028932190413,0.009278401648270434,1.0,0.0,0.0,0.00715522975632563
halueval-7395,halueval,1,5,0.6973330574761316,0.004704844956265631,0.2979620975676026,1.0,0.0,0.0,0.15368589374006694
halueval-509,halueval,0,5,0.9789349466189897,0.0016145598294097624,0.019450493551600515,1.0,0.0,0.0,0.01133980660521002
halueval-5262,halueval,0,5,0.7926409238524534,0.002282808689780981,0.20507626745776553,0.6,0.0,0.4,0.10482094241866374
halueval-9464,halueval,1,5,0.259363809929823,0.2499543715103511,0.4906818185598259,0.1,0.2,0.7,0.4952952807902641
halueval-8420,halueval,0,5,0.9904434525056509,0.0008419697509992223,0.008714577743350063,1.0,0.0,0.0,0.005199258622674254
halueval-361,halueval,0,5,0.6058962464825558,0.34738147793551866,0.04672227558192558,0.6,0.4,0.0,0.37074261572648143
halueval-7226,halueval,0,5,0.9885342710538898,0.0011805166124862292,0.010285212333623745,1.0,0.0,0.0,0.006323122779298102
halueval-873,halueval,0,5,0.5922726193119658,0.3974420216889119,0.010285358999122248,0.6,0.4,0.0,0.402584701188473
halueval-7518,halueval,0,5,0.37807315310679646,0.574891680506413,0.047035166386790464,0.3,0.7,0.0,0.5984092636998083
halueval-4298,halueval,0,5,0.9645760433390611,0.009071490475869958,0.02635246618506879,1.0,0.0,0.0,0.022247723568404355
halueval-3035,halueval,1,5,0.9836675543972561,0.0039913079351843895,0.01234113766755936,1.0,0.0,0.0,0.01016187676896407
halueval-3708,halueval,1,5,0.791248738929434,0.007148311013626195,0.20160295005693984,0.9,0.0,0.1,0.10794978604209612
halueval-5574,halueval,1,5,0.4822175156461551,0.2125843643033453,0.3051981200504995,0.3,0.4,0.3,0.3651834243285951
halueval-7305,halueval,1,5,0.9808835551338365,0.004157414678485792,0.014959030187677502,1.0,0.0,0.0,0.011636929772324542
halueval-7916,halueval,0,5,0.9842382912983462,0.003370344929774455,0.012391363771879552,1.0,0.0,0.0,0.00956602681571423
halueval-5653,halueval,0,5,0.7931507199310793,0.007041754167151316,0.19980752590176937,1.0,0.0,0.0,0.106945517118036
halueval-915,halueval,0,5,0.7023256185905896,0.00312458775537552,0.294549793654035,1.0,0.0,0.0,0.15039948458239302
halueval-7123,halueval,0,5,0.4195790944830571,0.3918228142150155,0.18859809130192745,0.3,0.4,0.3,0.4861218598659792
halueval-7292,halueval,0,5,0.6911305723385172,0.004782605012062005,0.30408682264942083,0.4,0.0,0.6,0.15682601633677243
halueval-4544,halueval,1,5,0.9707555779456273,0.011322685805980491,0.01792173624839236,1.0,0.0,0.0,0.02028355393017667
halueval-468,halueval,1,5,0.3126388595518498,0.3051072737298678,0.3822538667182825,0.3,0.4,0.3,0.496234207089009
halueval-7296,halueval,1,5,0.9866708790091907,0.00253845536272125,0.01079066562808805,1.0,0.0,0.0,0.007933788176765275
halueval-4064,halueval,0,5,0.40425319767154777,0.22555838035632103,0.37018842197213125,0.2,0.1,0.7,0.41065259134238663
halueval-9976,halueval,1,5,0.9905191280130282,0.0008827547334906179,0.008598117253481391,1.0,0.0,0.0,0.005181813360231313
halueval-4880,halueval,0,5,0.9909118054709338,0.0013809780442324907,0.007707216484833644,1.0,0.0,0.0,0.005234586286649313
halueval-3663,halueval,1,5,0.5733300004159162,0.0871219081374112,0.33954809144667264,0.6,0.0,0.4,0.25689595386074754
halueval-7925,halueval,0,5,0.5942364718110478,0.3915822326461129,0.014181295542839168,0.6,0.4,0.0,0.3986728804175325
halueval-2039,halueval,1,5,0.5842143162721153,0.18190981971429712,0.23387586401358762,0.7,0.2,0.1,0.2988477517210909
halueval-2017,halueval,0,5,0.3284945070716333,0.4918977957315299,0.1796076971968368,0.3,0.5,0.2,0.5817016443299483
halueval-5473,halueval,1,5,0.9819399339247447,0.004280785700149939,0.013779280375105446,1.0,0.0,0.0,0.011170425887702663
halueval-2222,halueval,0,5,0.4885761567390524,0.3193159037502122,0.19210793951073532,0.6,0.4,0.0,0.41536987350557986
halueval-4852,halueval,0,5,0.476405642179248,0.15786323632587013,0.36573112149488174,0.6,0.0,0.4,0.340728797073311
halueval-2613,halueval,0,5,0.6940320868607155,0.0016201245168559677,0.3043477886224286,0.4,0.0,0.6,0.15379401882807028
halueval-3762,halueval,0,5,0.982877542672391,0.0017661732395325904,0.0153562840880764,1.0,0.0,0.0,0.00944431528357079
halueval-343,halueval,0,5,0.586448734581029,0.3946106022579441,0.018940663161026904,0.6,0.4,0.0,0.40408093383845756
halueval-8057,halueval,1,5,0.9901562115427804,0.001010692728022375,0.008833095729197256,1.0,0.0,0.0,0.0054272405926210025
halueval-4809,halueval,0,5,0.5812289768348672,0.013762286353297484,0.4050087368118354,0.2,0.0,0.8,0.2162666547592152
halueval-7341,halueval,1,5,0.3328924099635473,0.29002339477144135,0.37708419526501136,0.2,0.3,0.5,0.478565492403947
halueval-2768,halueval,1,5,0.9685466164878722,0.002047090010972849,0.029406293501154847,1.0,0.0,0.0,0.016750236761550272
halueval-9148,halueval,0,5,0.4459238477809208,0.35528861742248585,0.19878753479659325,0.3,0.4,0.3,0.4546823848207825
halueval-47,halueval,0,5,0.1570435813783726,0.5595187564591172,0.2834376621625102,0.3,0.5,0.2,0.7012375875403722
halueval-7147,halueval,0,5,0.7723595611203165,0.018542915332003276,0.20909752354768033,0.6,0.0,0.4,0.12309167710584344
halueval-304,halueval,0,5,0.9841143424845603,0.00388978947103803,0.011995868044401748,1.0,0.0,0.0,0.009887723493238904
halueval-4361,halueval,0,5,0.40096033761544997,0.5505891684871387,0.048450493897411295,0.4,0.6,0.0,0.5748144154358443
halueval-6203,halueval,0,5,0.7858497137215059,0.007646931255185317,0.20650335502330863,0.6,0.0,0.4,0.11089860876683963
halueval-816,halueval,1,5,0.9912094483462003,0.0006934299883468389,0.00809712166545283,1.0,0.0,0.0,0.004741990821073254
halueval-137,halueval,1,5,0.39449870310141605,0.38340168148517256,0.22209961541341147,0.3,0.4,0.3,0.4944514891918783
halueval-6923,halueval,1,5,0.7213054570301712,0.039006876576608104,0.23968766639322067,0.6,0.0,0.4,0.15885070977321844
halueval-1408,halueval,0,5,0.4028786524029487,0.2353542704110092,0.36176707718604223,0.1,0.3,0.6,0.4162378090040303
halueval-85,halueval,0,5,0.9905149777511284,0.0015266868242715735,0.007958335424600086,1.0,0.0,0.0,0.005505854536571616
halueval-7852,halueval,1,5,0.4427039698635883,0.36104048277148026,0.19625554736493156,0.3,0.4,0.3,0.45916825645394604
halueval-2599,halueval,1,5,0.2644511966416076,0.14496017250675564,0.5905886308516368,0.1,0.0,0.9,0.44025448793257405
halueval-8550,halueval,0,5,0.9586985714264884,0.0018631454683748245,0.039438283105136654,1.0,0.0,0.0,0.021582287020943152
halueval-6967,halueval,1,5,0.625312840199176,0.06553458028243866,0.3091525795183853,0.4,0.0,0.6,0.22011087004163132
halueval-5856,halueval,1,5,0.4342495712135416,0.5082996922978333,0.057450736488624955,0.4,0.6,0.0,0.5370250605421458
halueval-8476,halueval,0,5,0.9675046786103095,0.021057637100331386,0.011437684289358999,1.0,0.0,0.0,0.026776479245010885
halueval-914,halueval,1,5,0.5984941825550327,0.2660960685929684,0.1354097488519988,0.6,0.4,0.0,0.3338009430189678
halueval-4857,halueval,1,5,0.2965738097839699,0.06738998210260336,0.6360362081134268,0.0,0.0,1.0,0.38540808615931677
halueval-9112,halueval,0,5,0.9531677559753933,0.020069438698837195,0.02676280532576965,1.0,0.0,0.0,0.03345084136172202
halueval-2249,halueval,0,5,0.5841998889745172,0.4025341619042823,0.013265949121200354,0.6,0.4,0.0,0.4091671364648825
halueval-6820,halueval,1,5,0.9916616223095716,0.0006832316597005438,0.007655146030727896,1.0,0.0,0.0,0.0045108046750644915
halueval-7573,halueval,1,5,0.9873666793143568,0.003277250531333132,0.009356070154310194,1.0,0.0,0.0,0.007955285608488228
halueval-5079,halueval,0,5,0.032520556972779224,0.740053139020828,0.22742630400639272,0.0,0.8,0.2,0.8537662910240243
halueval-9676,halueval,0,5,0.06920092298634778,0.621962100200323,0.3088369768133291,0.0,0.6,0.4,0.7763805886069877
halueval-637,halueval,0,5,0.9842843256205368,0.001922889146717354,0.013792785232745722,1.0,0.0,0.0,0.008819281763090214
halueval-3716,halueval,1,5,0.7072844216268224,0.07250989643849612,0.2202056819346815,1.0,0.0,0.0,0.1826127374058369
halueval-8037,halueval,0,5,0.34392153831867206,0.39033592284108193,0.265742538840246,0.2,0.4,0.4,0.5232071922612049
halueval-6523,halueval,0,5,0.5984898261938283,0.3755530546734775,0.025957119132694155,0.6,0.4,0.0,0.3885316142398246
halueval-5149,halueval,0,5,0.8927653749818735,0.008686249827615941,0.09854837519051063,1.0,0.0,0.0,0.057960437422871255
halueval-18,halueval,1,5,0.9716794826772805,0.0006446857569435336,0.027675831565775882,1.0,0.0,0.0,0.014482601539831474
halueval-9956,halueval,0,5,0.3153885296136639,0.2855660478331288,0.39904542255320724,0.2,0.4,0.4,0.48508875910973237
halueval-3326,halueval,0,5,0.4525101141213315,0.2683420131627837,0.2791478727158848,0.4,0.4,0.2,0.40791594952072613
halueval-6060,halueval,0,5,0.9788187314163788,0.008241082469573516,0.012940186114047712,1.0,0.0,0.0,0.014711175526597372
halueval-8493,halueval,0,5,0.28240433527232855,0.5952079865339737,0.12238767819369774,0.3,0.7,0.0,0.6564018256308225
halueval-7304,halueval,0,5,0.6905828009419366,0.0016317406565052486,0.3077854584015582,0.4,0.0,0.6,0.15552446985728435
halueval-5520,halueval,0,5,0.6467956446396558,0.003403543372150005,0.3498008119881942,0.6,0.0,0.4,0.1783039493662471
halueval-2287,halueval,1,5,0.4686102689849034,0.16924921753306624,0.36214051348203047,0.3,0.3,0.4,0.3503194742740815
halueval-1637,halueval,1,5,0.4445067290607699,0.25972479013710703,0.29576848080212303,0.6,0.2,0.2,0.40760903053816855
halueval-589,halueval,0,5,0.7912679136145406,0.003926865373867174,0.20480522101159213,0.6,0.0,0.4,0.10632947587966324
halueval-8394,halueval,1,5,0.9921046548600316,0.0007882500584284668,0.007107095081540249,1.0,0.0,0.0,0.0043417975991985915
halueval-741,halueval,1,5,0.9900753122943742,0.0009415121315227641,0.008983175574103124,1.0,0.0,0.0,0.005433099918574326
halueval-8378,halueval,0,5,0.9893468573953615,0.0015064958316668416,0.009146646772971601,1.0,0.0,0.0,0.006079819218152642
halueval-8586,halueval,0,5,0.9813350374985281,0.005436324194449002,0.013228638307022889,1.0,0.0,0.0,0.012050643347960447
halueval-418,halueval,1,5,0.9807682827336406,0.006206473133093556,0.01302524413326569,1.0,0.0,0.0,0.012719095199726402
halueval-9472,halueval,0,5,0.4898426390080652,0.32740490584114,0.18275245515079477,0.3,0.4,0.3,0.4187811334165374
halueval-5742,halueval,1,5,0.9880861558122664,0.0006589961877574695,0.011254847999976062,1.0,0.0,0.0,0.006286420187745501
halueval-4375,halueval,1,5,0.05639013436813075,0.7741416807784764,0.16946818485339277,0.0,0.8,0.2,0.8588757732051728
halueval-500,halueval,1,5,0.6388361704408745,0.005620054248078819,0.3555437753110468,0.3,0.0,0.7,0.18339194190360222
halueval-4189,halueval,1,5,0.46697496270076166,0.3628844653255846,0.1701405719736538,0.6,0.4,0.0,0.44795475131241147
halueval-8678,halueval,0,5,0.5747914102623295,0.39749702106049256,0.027711568677177906,0.6,0.4,0.0,0.41135280539908153
halueval-9606,halueval,0,5,0.20939703255666725,0.7064054503477699,0.08419751709556292,0.3,0.7,0.0,0.7485042088955514
halueval-9572,halueval,0,5,0.9926322145611316,0.0009523380929101204,0.0064154473459583135,1.0,0.0,0.0,0.004160061765889277
halueval-2233,halueval,1,5,0.4126279241538057,0.42937138359396093,0.15800069225223337,0.3,0.4,0.3,0.5083717297200776
halueval-4554,halueval,1,5,0.9758361115509506,0.004409122939558781,0.01975476550949049,1.0,0.0,0.0,0.014286505694304025
halueval-6475,halueval,1,5,0.5643457728340879,0.15873941968241262,0.2769148074834994,0.6,0.0,0.4,0.2971968234241623
halueval-5117,halueval,0,5,0.7830497550793041,0.010143872755113536,0.20680637216558234,0.6,0.0,0.4,0.11354705883790471
halueval-6304,halueval,0,5,0.3159567801146207,0.5008636393681413,0.18317958051723798,0.3,0.7,0.0,0.5924534296267603
halueval-1285,halueval,1,5,0.4050735085445437,0.580400311187901,0.014526180267555255,0.4,0.6,0.0,0.5876634013216786
halueval-5429,halueval,0,5,0.689659017164227,0.0018435647219448386,0.30849741811382814,0.4,0.0,0.6,0.1560922737788589
halueval-269,halueval,0,5,0.9772964400253997,0.007189754641861767,0.015513805332738318,1.0,0.0,0.0,0.014946657308230926
halueval-4633,halueval,1,5,0.9846161921464391,0.0011928818544817631,0.014190925999079099,1.0,0.0,0.0,0.008288344854021313
halueval-7009,halueval,1,5,0.4412743502754363,0.3739210665290063,0.18480458319555737,0.4,0.5,0.1,0.466323358126785
halueval-4579,halueval,0,5,0.7707700691216633,0.020839000836987528,0.20839093004134926,0.6,0.0,0.4,0.12503446585766215
halueval-4827,halueval,0,5,0.40266864423980825,0.04330077248251006,0.5540305832776816,0.1,0.0,0.9,0.3203160641213509
halueval-959,halueval,1,5,0.991335834103608,0.0012364826328699775,0.007427683263522155,1.0,0.0,0.0,0.004950324264631055
halueval-1235,halueval,0,5,0.6425824774781477,0.004421453834955473,0.35299606868689704,0.4,0.0,0.6,0.180919488178404
halueval-5645,halueval,0,5,0.7780419895534231,0.0015389651863422977,0.22041904526023465,0.6,0.0,0.4,0.11174848781645962
halueval-5696,halueval,0,5,0.9773851562332425,0.0020212543187582395,0.02059358944799931,1.0,0.0,0.0,0.012318049042757896
halueval-7482,halueval,1,5,0.3958703893965779,0.328844698638993,0.27528491196442906,0.2,0.4,0.4,0.46648715462120754
halueval-8134,halueval,1,5,0.9721941019262645,0.006838254934263153,0.020967643139472,1.0,0.0,0.0,0.017322076503999154
halueval-4617,halueval,0,5,0.2090250290090636,0.7660005397915856,0.024974431199350815,0.2,0.8,0.0,0.7784877553912609
halueval-8698,halueval,1,5,0.5954181227449722,0.3968664948091757,0.007715382445852089,0.6,0.4,0.0,0.40072418603210175
halueval-3369,halueval,0,5,0.5775109026411365,0.0063606831134083875,0.41612841424545516,0.3,0.0,0.7,0.21442489023613598
halueval-1573,halueval,1,5,0.3714132081487655,0.2297878448414464,0.398798947009788,0.4,0.2,0.4,0.4291873183463404
halueval-9603,halueval,1,5,0.7809189672820617,0.005205458440246219,0.21387557427769216,0.6,0.0,0.4,0.1121432455790923
halueval-6196,halueval,1,5,0.7529924694930129,0.0019999636650722963,0.2450075668419148,0.6,0.0,0.4,0.1245037470860297
halueval-1497,halueval,1,5,0.44602026520273075,0.41661180079710664,0.1373679340001626,0.6,0.4,0.0,0.4852957677971879
halueval-3186,halueval,0,5,0.20483180350421568,0.39136532489418513,0.4038028716015993,0.2,0.4,0.4,0.5932667606949847
halueval-402,halueval,0,5,0.24822918365749097,0.5653931464580852,0.18637766988442375,0.1,0.6,0.3,0.6585819814002971
halueval-2557,halueval,0,5,0.9688556451124601,0.0038096837382603247,0.027334671149279628,1.0,0.0,0.0,0.01747701931290014
halueval-1962,halueval,0,5,0.7915092169733885,0.0012377715199153043,0.20725301150669612,1.0,0.0,0.0,0.10486427727326336
halueval-1921,halueval,0,5,0.3448267409664312,0.3014193222157794,0.3537539368177894,0.1,0.3,0.6,0.47829629062467405
halueval-5917,halueval,1,5,0.6494934681363099,0.012620309778365434,0.3378862220853247,1.0,0.0,0.0,0.18156342082102778
halueval-3798,halueval,1,5,0.16238952365455336,0.5540434967710468,0.2835669795743999,0.3,0.6,0.1,0.6958269865582467
halueval-506,halueval,0,5,0.9320916383840216,0.0542558784997107,0.013652483116267562,1.0,0.0,0.0,0.061082120057844476
halueval-7086,halueval,1,5,0.470092774002997,0.2048238553882046,0.32508337060879844,0.4,0.1,0.5,0.36736554069260385
halueval-2160,halueval,0,5,0.9543596998404343,0.012717018042173811,0.032923282117391844,1.0,0.0,0.0,0.029178659100869732
halueval-1282,halueval,1,5,0.9917831163368138,0.0008706144983170038,0.007346269164869304,1.0,0.0,0.0,0.004543749080751656
halueval-5159,halueval,1,5,0.6327599578786367,0.030045763501408373,0.33719427861995505,0.9,0.0,0.1,0.19864290281138589
halueval-8272,halueval,0,5,0.9754165281574739,0.0071993496455069915,0.01738412219701905,1.0,0.0,0.0,0.015891410744016517
halueval-2323,halueval,0,5,0.9833816809240229,0.004690298103888707,0.011928020972088418,1.0,0.0,0.0,0.010654308589932916
halueval-5056,halueval,1,5,0.19628794094046018,0.6277650412513233,0.17594701780821656,0.1,0.7,0.2,0.7157385501554315
halueval-2827,halueval,1,5,0.9877262967219561,0.0025230032277916144,0.009750700050252237,1.0,0.0,0.0,0.0073983532529177335
halueval-648,halueval,0,5,0.5437446646650488,0.024175974161375447,0.4320793611735758,0.3,0.0,0.7,0.24021565474816337
halueval-2100,halueval,1,5,0.9878308910222643,0.0021717593995129597,0.009997349578222754,1.0,0.0,0.0,0.0071704341886243365
halueval-8868,halueval,1,5,0.4899290452545599,0.23402161620394873,0.2760493385414913,0.3,0.4,0.3,0.37204628547469437
halueval-4087,halueval,1,5,0.981582497691662,0.002897857596144311,0.01551964471219366,1.0,0.0,0.0,0.010657679952241142
halueval-6556,halueval,1,5,0.41777738270145737,0.12372503618458644,0.4584975811139563,0.4,0.0,0.6,0.3529738267415646
halueval-2871,halueval,1,5,0.9881211142219947,0.0005232633771810992,0.011355622400824536,1.0,0.0,0.0,0.006201074577593367
halueval-3712,halueval,0,5,0.5955274666684681,0.3997209472647027,0.004751586066829131,0.6,0.4,0.0,0.40209674029811726
halueval-4220,halueval,0,5,0.9756174078281672,0.00465405813304312,0.019728534038789554,1.0,0.0,0.0,0.014518325152437898
halueval-7815,halueval,0,5,0.33708836563876277,0.402042444257949,0.26086919010328835,0.3,0.6,0.1,0.5324770393095932
halueval-270,halueval,1,5,0.3194392772743354,0.46320945221990445,0.21735127050576014,0.2,0.6,0.2,0.5718850874727845
halueval-3301,halueval,0,5,0.6367572358642182,0.006393091139593535,0.3568496729961882,0.3,0.0,0.7,0.18481792763768762
halueval-4142,halueval,0,5,0.9897967399681665,0.0007792620015104967,0.009423998030322813,1.0,0.0,0.0,0.005491261016671903
halueval-9682,halueval,0,5,0.7884213607172,0.004195985708071495,0.20738265357472846,0.6,0.0,0.4,0.10788731249543572
halueval-7843,halueval,0,5,0.4505236121867499,0.006063239349893312,0.5434131484633566,0.3,0.0,0.7,0.27776981358157166
halueval-1935,halueval,1,5,0.976739657742668,0.007538989978570734,0.015721352278761258,1.0,0.0,0.0,0.015399666117951363
halueval-7814,halueval,1,5,0.976212496547207,0.006143479301002093,0.017644024151790595,1.0,0.0,0.0,0.014965491376897391
halueval-5961,halueval,1,5,0.152141219186629,0.7078193761180055,0.14003940469536555,0.2,0.7,0.1,0.7778390784656882
halueval-9769,halueval,1,5,0.9865378596361569,0.002827875418606352,0.01063426494523651,1.0,0.0,0.0,0.008145007891224607
halueval-2291,halueval,0,5,0.18730825405594448,0.6172271640699525,0.19546458187410304,0.1,0.7,0.2,0.714959455007004
halueval-1581,halueval,1,5,0.5953528603543428,0.3985859279312298,0.006061211714427356,0.6,0.4,0.0,0.4016165337884435
halueval-6218,halueval,1,5,0.6168234411904222,0.126618597530668,0.25655796127890984,1.0,0.0,0.0,0.25489757817012293
halueval-6194,halueval,0,5,0.9095267885098647,0.00812254993460817,0.08235066155552703,1.0,0.0,0.0,0.049297880712371685
halueval-450,halueval,1,5,0.9791914936633914,0.002698805926372834,0.018109700410235734,1.0,0.0,0.0,0.011753656131490701
halueval-1738,halueval,0,5,0.49486560160823145,0.18664355197824262,0.31849084641352593,0.4,0.2,0.4,0.3458889751850056
halueval-5854,halueval,1,5,0.9823196122623272,0.0007792331326761843,0.01690115460499649,1.0,0.0,0.0,0.00922981043517443
halueval-5396,halueval,1,5,0.5124270349160746,0.15333287170092863,0.3342400933829968,0.5,0.1,0.4,0.32045291839242707
halueval-3516,halueval,1,5,0.5984696788234104,0.35603922659130793,0.04549109458528163,0.6,0.4,0.0,0.37878477388394877
halueval-3692,halueval,0,5,0.6926383619578818,0.276609340127708,0.03075229791441037,1.0,0.0,0.0,0.2919854890849132
halueval-1527,halueval,0,5,0.7105650632871802,0.011165159743311481,0.2782697769695084,1.0,0.0,0.0,0.15030004822806567
halueval-87,halueval,1,5,0.39321651193435503,0.008615425602172433,0.5981680624634725,0.4,0.0,0.6,0.3076994568339087
halueval-5347,halueval,0,5,0.7915890287436165,0.0040387651887405455,0.20437220606764303,0.6,0.0,0.4,0.10622486822256207
halueval-9003,halueval,0,5,0.9672096408567039,0.0040751191524216425,0.028715239990874507,1.0,0.0,0.0,0.018432739147858895
halueval-60,halueval,1,5,0.45231918656073944,0.29671958148729277,0.2509612319519678,0.6,0.2,0.2,0.42220019746327664
halueval-2735,halueval,0,5,0.5977207669399229,0.38860202694442564,0.013677206115651291,0.6,0.4,0.0,0.39544063000225127
halueval-2179,halueval,0,5,0.011985113581981044,0.5905405335589824,0.3974743528590366,0.0,0.6,0.4,0.7892777099885007
halueval-1495,halueval,1,5,0.70151822352359,0.050585857256223374,0.24789591922018656,1.0,0.0,0.0,0.17453381686631664
halueval-7492,halueval,1,5,0.6929317568583236,0.03884076145752214,0.2682274816841542,1.0,0.0,0.0,0.17295450229959924
halueval-5558,halueval,1,5,0.6413382246431767,0.020803466788466354,0.33785830856835697,1.0,0.0,0.0,0.18973262107264482
halueval-9265,halueval,0,5,0.7756887210680399,0.009887871251640413,0.21442340768031967,0.6,0.0,0.4,0.11709957509180025
halueval-3761,halueval,0,5,0.9206991127848602,0.0021320025084777716,0.07716888470666192,1.0,0.0,0.0,0.04071644486180873
halueval-9164,halueval,1,5,0.7658327013256214,0.2188853885642373,0.015281910110141175,0.8,0.2,0.0,0.2265263436193079
halueval-7556,halueval,1,5,0.3015200313349037,0.004727261085189119,0.6937527075799071,0.4,0.0,0.6,0.3516036148751427
halueval-9457,halueval,0,5,0.25518257583939186,0.6047156899636432,0.1401017341969648,0.4,0.6,0.0,0.6747665570621256
halueval-9602,halueval,0,5,0.9848327735196071,0.004385206594525509,0.010782019885867297,1.0,0.0,0.0,0.009776216537459158
halueval-7377,halueval,0,5,0.4024104222310518,0.034371138069763676,0.5632184396991845,0.5,0.0,0.5,0.3159803579193559
halueval-5060,halueval,0,5,0.9916930677629219,0.0007910564874917482,0.007515875749586257,1.0,0.0,0.0,0.004548994362284876
halueval-3300,halueval,0,5,0.7520540388815234,0.024748046621078608,0.22319791449739776,0.6,0.0,0.4,0.1363470038697775
halueval-3541,halueval,0,5,0.7916891219644997,0.004773636423409691,0.20353724161209058,0.6,0.0,0.4,0.10654225722945498
halueval-3020,halueval,1,5,0.9920557002806165,0.0012596004954948615,0.006684699223888704,1.0,0.0,0.0,0.004601950107439213
halueval-1330,halueval,1,5,0.4982557771080035,0.21199401781120378,0.28975020508079263,0.6,0.1,0.3,0.3568691203516001
halueval-6297,halueval,1,5,0.6142667057240336,0.1018680316481737,0.2838652626277927,0.6,0.0,0.4,0.24380066296207006
halueval-5033,halueval,0,5,0.23974168691756606,0.6530714837790976,0.10718682930333631,0.3,0.6,0.1,0.7066648984307657
halueval-8391,halueval,1,5,0.20390140486516578,0.6087625644214827,0.1873360307133516,0.1,0.7,0.2,0.7024305797781585
halueval-3665,halueval,1,5,0.4440983336369559,0.10511594496683015,0.4507857213962139,0.1,0.0,0.9,0.3305088056649371
halueval-1395,halueval,1,5,0.6451430063797293,0.2202164092999456,0.1346405843203251,0.6,0.4,0.0,0.2875367014601081
halueval-8011,halueval,1,5,0.43675413682452235,0.28779410419356777,0.2754517589819099,0.4,0.3,0.3,0.4255199836845227
halueval-4878,halueval,1,5,0.9864902044713197,0.000578780673470963,0.012931014855209352,1.0,0.0,0.0,0.007044288101075639
halueval-6117,halueval,0,5,0.08609937456843332,0.36833349275357363,0.5455671326779931,0.0,0.4,0.6,0.6411170590925701
halueval-3187,halueval,1,5,0.9915689126999758,0.0008991802980097649,0.007531907002014333,1.0,0.0,0.0,0.004665133799016932
halueval-1943,halueval,1,5,0.9502547657502121,0.011844388143694852,0.037900846106092984,1.0,0.0,0.0,0.030794811196741344
halueval-8306,halueval,0,5,0.3087329303736278,0.2895131971425176,0.40175387248385447,0.1,0.3,0.6,0.4903901333844448
halueval-5651,halueval,1,5,0.19951348978073852,0.24764541524379577,0.5528410949754656,0.1,0.3,0.6,0.5240659627315286
halueval-1516,halueval,1,5,0.4530557403153641,0.39513728402364556,0.15180697566099022,0.6,0.4,0.0,0.47104077185414067
halueval-1159,halueval,0,5,0.7924183524268553,0.005366714025604583,0.20221493354754005,1.0,0.0,0.0,0.10647418079937461
halueval-1930,halueval,1,5,0.20607201239136136,0.130001707449271,0.6639262801593677,0.1,0.1,0.8,0.46196484752895484
halueval-7760,halueval,1,5,0.5103157170079003,0.009553810655691525,0.48013047233640804,0.4,0.0,0.6,0.24961904682389555
halueval-9111,halueval,1,5,0.3370958572856547,0.5958284707473561,0.06707567196698914,0.3,0.6,0.1,0.6293663067308507
halueval-3336,halueval,1,5,0.501922501743759,0.3536431744321374,0.14443432382410368,0.6,0.3,0.1,0.42586033634418924
halueval-3183,halueval,0,5,0.9536686934636233,0.006806268540447519,0.03952503799592928,1.0,0.0,0.0,0.02656878753841216
halueval-7973,halueval,1,5,0.9705301513365923,0.004754147168673156,0.024715701494734444,1.0,0.0,0.0,0.01711199791604038
halueval-9478,halueval,0,5,0.20429105762259678,0.28891198264116297,0.5067969597362401,0.4,0.3,0.3,0.5423104625092829
halueval-6875,halueval,0,5,0.8608490143603319,0.011434382676133956,0.12771660296353407,1.0,0.0,0.0,0.075292684157901
halueval-3031,halueval,0,5,0.6334217938811528,0.04579401583315264,0.32078419028569455,0.7,0.0,0.3,0.20618611097599993
halueval-1655,halueval,0,5,0.8093703504346769,0.0015330068082608957,0.18909664275706237,1.0,0.0,0.0,0.09608132818679208
halueval-3029,halueval,1,5,0.5191851957126767,0.024706171965345677,0.4561086323219775,0.1,0.0,0.9,0.25276048812633445
halueval-5902,halueval,0,5,0.5793419294162261,0.3975767573730152,0.023081313210758733,0.4,0.6,0.0,0.4091174139783945
halueval-2767,halueval,1,5,0.4124147313706481,0.03798243438984375,0.5496028342395082,0.2,0.0,0.8,0.31278385150959787
halueval-1499,halueval,1,5,0.20547684247357748,0.6216406477808236,0.17288250974559893,0.3,0.7,0.0,0.7080819026536231
halueval-422,halueval,0,5,0.9865246476274617,0.00047870807008915887,0.012996644302449022,1.0,0.0,0.0,0.00697703022131367
halueval-2456,halueval,1,5,0.980698408631517,0.0020482250748247097,0.017253366293658402,1.0,0.0,0.0,0.01067490822165391
halueval-1889,halueval,0,5,0.6207730774420378,0.2381128909942339,0.14111403156372831,0.6,0.3,0.1,0.30866990677609807
halueval-3906,halueval,0,5,0.9921478348316006,0.0006426092206309651,0.007209555947768437,1.0,0.0,0.0,0.0042473871945151835
halueval-7212,halueval,0,5,0.6730255903348008,0.007983634069829316,0.3189907755953699,0.7,0.0,0.3,0.1674790218675143
halueval-1698,halueval,0,5,0.4954413900663985,0.023636343709287546,0.48092226622431394,0.1,0.0,0.9,0.2640974768214445
halueval-3449,halueval,0,5,0.5184398602874791,0.02209628178702393,0.45946385792549693,0.1,0.0,0.9,0.2518282107497724
halueval-8091,halueval,0,5,0.9895923071174237,0.0019533220535761097,0.00845437082900009,1.0,0.0,0.0,0.006180507468076154
halueval-3365,halueval,0,5,0.5247193202987261,0.0806983857572488,0.39458229394402505,0.2,0.0,0.8,0.2779895327292613
halueval-9647,halueval,1,5,0.21076787400814445,0.38775445625659877,0.4014776697352567,0.3,0.4,0.3,0.5884932911242271
halueval-448,halueval,1,5,0.9912094483462003,0.0006934299883468389,0.00809712166545283,1.0,0.0,0.0,0.004741990821073254
halueval-7710,halueval,1,5,0.9816929325887165,0.0035823401003951746,0.014724727310888253,1.0,0.0,0.0,0.010944703755839301
halueval-7873,halueval,0,5,0.9916833812307291,0.0006527979533272991,0.007663820815943673,1.0,0.0,0.0,0.004484708361299135
halueval-3968,halueval,1,5,0.3001746497961949,0.6270259241345321,0.07279942606927294,0.3,0.7,0.0,0.6634256371691686
halueval-2782,halueval,0,5,0.9827758495489392,0.001451160781610688,0.01577298966945043,1.0,0.0,0.0,0.009337655616335903
halueval-6355,halueval,1,5,0.9912693543948207,0.0006564259100871673,0.008074219695092253,1.0,0.0,0.0,0.004693535757633294
halueval-3427,halueval,1,5,0.5878222618604987,0.10681551111905703,0.30536222702044424,0.8,0.0,0.2,0.25949662462927914
halueval-4001,halueval,0,5,0.24646720992318497,0.16874424301357588,0.5847885470632392,0.1,0.0,0.9,0.4611385165451955
halueval-182,halueval,1,5,0.984789606852907,0.0013538587206544876,0.013856534426438746,1.0,0.0,0.0,0.00828212593387386
halueval-5076,halueval,1,5,0.2980526924215205,0.6971601641135041,0.004787143464975376,0.3,0.7,0.0,0.6995537358459918
halueval-2248,halueval,0,5,0.10276295412693745,0.6917371147619783,0.2054999311110842,0.1,0.8,0.1,0.7944870803175204
halueval-9169,halueval,0,5,0.057528105188075884,0.8223687743269554,0.12010312048496871,0.1,0.9,0.0,0.8824203345694398
halueval-3746,halueval,1,5,0.7192117598626512,0.008990473979384659,0.2717977661579643,0.6,0.0,0.4,0.1448893570583668
halueval-6936,halueval,1,5,0.9901575110697838,0.0016449071373571592,0.008197581792859027,1.0,0.0,0.0,0.005743698033786673
halueval-7425,halueval,0,5,0.4796736323152732,0.24874330637118686,0.2715830613135398,0.6,0.4,0.0,0.38453483702795677
halueval-5372,halueval,0,5,0.4591263513679634,0.04954890205836328,0.49132474657367337,0.4,0.0,0.6,0.2952112753452
halueval-1636,halueval,0,5,0.5851025196114193,0.40073685044744467,0.014160629941135988,0.6,0.4,0.0,0.40781716541801266
halueval-1099,halueval,1,5,0.07333737950504958,0.8096024967017392,0.11706012379321126,0.0,0.9,0.1,0.8681325585983448
halueval-3969,halueval,0,5,0.621456477566208,0.058528298708564595,0.3200152237252274,0.4,0.0,0.6,0.2185359105711783
halueval-1205,halueval,0,5,0.37790259892740957,0.21859915831333185,0.40349824275925855,0.4,0.2,0.4,0.4203482796929611
halueval-2328,halueval,1,5,0.9766194040974872,0.0016800159740323825,0.021700579928480346,1.0,0.0,0.0,0.012530305938272555
halueval-5524,halueval,1,5,0.23987386386963477,0.6563954660634855,0.10373067006687971,0.3,0.7,0.0,0.7082608010969254
halueval-2595,halueval,1,5,0.5000752737804706,0.1548360230156309,0.34508870320389856,0.3,0.2,0.5,0.3273803746175802
halueval-4254,halueval,0,5,0.5043857198667525,0.06263066634320147,0.432983613790046,0.7,0.0,0.3,0.2791224732382245
halueval-4586,halueval,1,5,0.7638790752807884,0.045231388266946136,0.19088953645226545,1.0,0.0,0.0,0.14067615649307885
halueval-5634,halueval,1,5,0.4501772714590954,0.03128275986365349,0.5185399686772512,0.4,0.0,0.6,0.29055274420227906
halueval-7233,halueval,1,5,0.9875114290171056,0.002743977338264553,0.00974459364462978,1.0,0.0,0.0,0.007616274160579443
halueval-439,halueval,1,5,0.9874209417898167,0.002772243802173251,0.009806814408010121,1.0,0.0,0.0,0.007675651006178312
halueval-41,halueval,0,5,0.7201693286000778,0.10075871753538339,0.17907195386453884,1.0,0.0,0.0,0.1902946944676528
halueval-1708,halueval,0,5,0.2331271538097901,0.3112756294769051,0.45559721671330483,0.2,0.2,0.6,0.5390742378335576
halueval-2447,halueval,0,5,0.9805249480063452,0.0034685712788224453,0.016006480714832273,1.0,0.0,0.0,0.011471811636238581
halueval-5260,halueval,0,5,0.6882077642745484,0.02496194345752688,0.2868302922679247,1.0,0.0,0.0,0.16837708959148925
halueval-9384,halueval,1,5,0.6309816178618375,0.015339039378377717,0.35367934275978474,0.6,0.0,0.4,0.1921787107582701
halueval-8142,halueval,1,5,0.17447497871079495,0.7543903559904933,0.07113466529871167,0.1,0.9,0.0,0.7899576886398492
halueval-6774,halueval,1,5,0.6948331706499821,0.0018330684450127825,0.3033337609050051,0.4,0.0,0.6,0.1534999488975153
halueval-5297,halueval,0,5,0.4300487164086347,0.5506458244977347,0.019305459093630673,0.4,0.6,0.0,0.56029855404455
halueval-4344,halueval,1,5,0.7168101381009472,0.10112825120632399,0.18206161069272878,0.7,0.0,0.3,0.1921590565526884
halueval-7712,halueval,0,5,0.9909548113847102,0.000784698998760025,0.00826048961652995,1.0,0.0,0.0,0.0049149438070249995
halueval-6808,halueval,0,5,0.16173336904023236,0.6070422711367547,0.23122435982301295,0.1,0.8,0.1,0.7226544510482612
halueval-6457,halueval,1,5,0.7634921930157634,0.012166857309829018,0.2243409496744074,0.6,0.0,0.4,0.12433733214703271
halueval-6243,halueval,0,5,0.98809585842159,0.002046200073816526,0.009857941504593293,1.0,0.0,0.0,0.006975170826113172
halueval-2756,halueval,1,5,0.2504295355215889,0.4046702925403706,0.3449001719380404,0.2,0.5,0.3,0.5771203785093908
halueval-5004,halueval,0,5,0.11324212472872679,0.4707806614815981,0.4159772137896751,0.1,0.5,0.4,0.6787692683764357
halueval-2998,halueval,0,5,0.3828584568633817,0.5033706435937373,0.113770899542881,0.4,0.6,0.0,0.5602560933651778
halueval-7528,halueval,1,5,0.24367559456151494,0.517424424234114,0.23889998120437106,0.1,0.6,0.3,0.6368744148362996
halueval-7742,halueval,1,5,0.857819256128507,0.014071593859793568,0.12810915001169954,1.0,0.0,0.0,0.07812616886564333
halueval-1957,halueval,1,5,0.9820814916189639,0.002916934221984073,0.015001574159052062,1.0,0.0,0.0,0.010417721301510103
halueval-2361,halueval,1,5,0.235513729960887,0.016268104515643332,0.7482181655234696,0.1,0.0,0.9,0.39037718727737813
halueval-7357,halueval,1,5,0.991328117247267,0.0006746007733101072,0.007997281979422979,1.0,0.0,0.0,0.004673241763021596
halueval-5244,halueval,0,5,0.7786065549822329,0.01183194246421646,0.20956150255355058,0.6,0.0,0.4,0.11661269374099174
halueval-6940,halueval,1,5,0.35906620878327533,0.01648879533764132,0.6244449958790833,0.2,0.0,0.8,0.32871129327718296
halueval-7146,halueval,0,5,0.9882355067999187,0.0007994710933849092,0.010965022106696152,1.0,0.0,0.0,0.006281982146732985
halueval-501,halueval,0,5,0.9908359811872989,0.001800184440932205,0.007363834371768951,1.0,0.0,0.0,0.005482101626816681
halueval-9990,halueval,0,5,0.9840981387543548,0.003417759288693973,0.012484101956951252,1.0,0.0,0.0,0.009659810267169599
halueval-9570,halueval,1,5,0.5882230398743612,0.39897112015774183,0.012805839967896943,0.6,0.4,0.0,0.4053740401416903
halueval-8214,halueval,0,5,0.23548302845657032,0.04837090940603886,0.7161460621373908,0.3,0.0,0.7,0.4064439404747343
halueval-1343,halueval,0,5,0.9872477531547286,0.002378729729132023,0.010373517116139397,1.0,0.0,0.0,0.007565488287201721
halueval-2475,halueval,0,5,0.5972467727108471,0.09731224514397127,0.3054409821451815,0.6,0.1,0.3,0.250032736216562
halueval-1579,halueval,1,5,0.32979659620798096,0.6565994617087907,0.013603942083228338,0.3,0.7,0.0,0.6634014327504049
halueval-3904,halueval,0,5,0.5964660315507211,0.21445978356238315,0.1890741848868957,0.6,0.4,0.0,0.30899687600583103
halueval-9924,halueval,1,5,0.9780033235438632,0.006659972158443819,0.015336704297693229,1.0,0.0,0.0,0.014328324307290433
halueval-8405,halueval,1,5,0.28821719965005,0.6087651688642335,0.10301763148571659,0.3,0.6,0.1,0.6602739846070917
halueval-9764,halueval,0,5,0.5952649150995443,0.09846397050386266,0.306271114396593,0.6,0.1,0.3,0.25159952770215915
halueval-456,halueval,1,5,0.13535391484256515,0.7576359514244275,0.10701013373300736,0.1,0.8,0.1,0.8111410182909312
halueval-4632,halueval,0,5,0.971506475146847,0.005151085333576108,0.023342439519577155,1.0,0.0,0.0,0.016822305093364687
halueval-8455,halueval,1,5,0.9740903086495887,0.002312070739407622,0.023597620611003546,1.0,0.0,0.0,0.014110881044909394
halueval-195,halueval,1,5,0.6189423604945692,0.02276065325161972,0.3582969862538111,0.6,0.0,0.4,0.20190914637852528
halueval-5433,halueval,1,5,0.22075579536358747,0.4752236379104212,0.30402056672599137,0.2,0.2,0.6,0.6272339212734169
halueval-8459,halueval,1,5,0.9805435700602952,0.004764969983140413,0.014691459956564092,1.0,0.0,0.0,0.012110699961422458
halueval-5318,halueval,1,5,0.5950233691369967,0.40025329941228127,0.0047233314507220455,0.6,0.4,0.0,0.4026149651376423
halueval-1435,halueval,1,5,0.3953794811857899,0.5980415007005729,0.006579018113637196,0.4,0.6,0.0,0.6013310097573915
halueval-9992,halueval,0,5,0.763961100504796,0.021676174770656236,0.21436272472454782,0.6,0.0,0.4,0.12885753713293013
halueval-5969,halueval,1,5,0.2980290605129487,0.36119157610537567,0.34077936338167564,0.1,0.4,0.5,0.5315812577962135
halueval-8093,halueval,1,5,0.168253475018074,0.6955600350183305,0.13618648996359556,0.1,0.7,0.2,0.7636532800001283
halueval-4035,halueval,1,5,0.17280311294630385,0.4598607857793686,0.3673361012743275,0.2,0.4,0.4,0.6435288364165324
halueval-5621,halueval,1,5,0.9847554231448375,0.004255962002409944,0.01098861485275242,1.0,0.0,0.0,0.009750269428786155
halueval-1741,halueval,1,5,0.9757743835351066,0.003284342174402015,0.020941274290491394,1.0,0.0,0.0,0.013754979319647712
halueval-3658,halueval,1,5,0.9918093659496613,0.001433120181967233,0.0067575138683714855,1.0,0.0,0.0,0.004811877116152975
halueval-1595,halueval,0,5,0.4074177134048055,0.05891952501454604,0.5336627615806485,0.1,0.0,0.9,0.3257509058048703
halueval-9747,halueval,1,5,0.5113507144951852,0.17315499492607567,0.3154942905787391,0.8,0.2,0.0,0.33090214021544523
halueval-126,halueval,0,5,0.7896938610795375,0.17595609979633545,0.03435003912412691,1.0,0.0,0.0,0.1931311193583989
halueval-1420,halueval,1,5,0.585372883716148,0.027207173558000747,0.3874199427258512,0.7,0.0,0.3,0.22091714492092634
halueval-7858,halueval,1,5,0.4492176296739892,0.1209490143815128,0.4298333559444981,0.2,0.2,0.6,0.33586569235376185
halueval-8671,halueval,0,5,0.9879890848788799,0.0025500219255332563,0.0094608931955867,1.0,0.0,0.0,0.007280468523326606
halueval-7065,halueval,0,5,0.25225090852784765,0.4749621861117118,0.2727869053604405,0.1,0.6,0.3,0.6113556387919321
halueval-9746,halueval,1,5,0.30562901754704647,0.2411799520268653,0.4531910304260883,0.3,0.1,0.6,0.4677754672399095
halueval-7559,halueval,1,5,0.9874341299812371,0.0012361100998004144,0.011329759918962491,1.0,0.0,0.0,0.00690099005928166
halueval-7251,halueval,0,5,0.68888865492063,0.003780898103318734,0.30733044697605116,0.4,0.0,0.6,0.15744612159134433
halueval-7593,halueval,0,5,0.7253029334329023,0.1395029941694001,0.13519407239769773,0.9,0.1,0.0,0.20710003036824898
halueval-5232,halueval,0,5,0.9907140100333891,0.0015622487825743426,0.007723741184036746,1.0,0.0,0.0,0.005424119374592716
halueval-9689,halueval,1,5,0.7825168038982019,0.01324404290927712,0.204239153192521,0.6,0.0,0.4,0.11536361950553763
halueval-9701,halueval,0,5,0.9887650757162973,0.0021868354353383355,0.00904808884836442,1.0,0.0,0.0,0.006710879859520545
halueval-7424,halueval,1,5,0.7860499550662448,0.006270013551279309,0.2076800313824759,0.6,0.0,0.4,0.11011002924251725
halueval-697,halueval,1,5,0.23015083442831147,0.303135748622921,0.4667134169487676,0.2,0.3,0.5,0.5364924570973048
halueval-5250,halueval,0,5,0.39674167105190683,0.5980191599255125,0.005239169022580726,0.4,0.6,0.0,0.6006387444368029
halueval-7202,halueval,1,5,0.2318817483544949,0.1384146505632266,0.6297036010822785,0.0,0.0,1.0,0.45326645110436586
halueval-1771,halueval,1,5,0.5518771894575865,0.018404533828560315,0.42971827671385315,0.5,0.0,0.5,0.23326367218548688
halueval-266,halueval,1,5,0.7048310319479165,0.028086125382138623,0.2670828426699448,1.0,0.0,0.0,0.16162754671711102
halueval-8309,halueval,0,5,0.4437793952939356,0.39448882444452255,0.1617317802615419,0.3,0.4,0.3,0.4753547145752935
halueval-4751,halueval,0,5,0.7926998213305487,0.0031247632822533314,0.20417541538719783,0.6,0.0,0.4,0.10521247097585225
halueval-2529,halueval,1,5,0.5953356111644444,0.39865337086133223,0.006011017974223261,0.6,0.4,0.0,0.40165887984844384
halueval-9134,halueval,1,5,0.9759392245172979,0.0041366931612625,0.019924082321439683,1.0,0.0,0.0,0.014098734321982342
halueval-3070,halueval,1,5,0.9853114987394621,0.0032297444127021304,0.011458756847835764,1.0,0.0,0.0,0.008959122836620013
halueval-2915,halueval,1,5,0.7902622058929059,0.12141021583533221,0.08832757827176188,1.0,0.0,0.0,0.16557400497121316
halueval-2670,halueval,0,5,0.1815370291830773,0.3180391621011436,0.5004238087157792,0.0,0.4,0.6,0.5682510664590332
halueval-7398,halueval,0,5,0.9883563625946479,0.0022965145249813604,0.009347122880370378,1.0,0.0,0.0,0.00697007596516655
halueval-9604,halueval,1,5,0.6808672018936006,0.02165850091374681,0.29747429719265267,0.9,0.0,0.1,0.17039564951007313
halueval-23,halueval,0,5,0.938824642706922,0.0017266170593076978,0.059448740233770406,1.0,0.0,0.0,0.0314509871761929
halueval-7756,halueval,0,5,0.48319911418729644,0.04087163873108995,0.47592924708161366,0.2,0.0,0.8,0.2788362622718968
halueval-9417,halueval,0,5,0.6277063561324645,0.35291591866653016,0.019377725201005277,0.6,0.4,0.0,0.36260478126703277
halueval-7271,halueval,0,5,0.8762546384104013,0.04516629296021547,0.0785790686293833,1.0,0.0,0.0,0.08445582727490712
halueval-9993,halueval,1,5,0.3967401877085207,0.59904778938018,0.004212022911299346,0.4,0.6,0.0,0.6011538008358297
halueval-5469,halueval,1,5,0.6329904421724091,0.01189510783782129,0.3551144499897696,0.6,0.0,0.4,0.1894523328327061
halueval-6463,halueval,0,5,0.984264472854259,0.0016085856779319996,0.014126941467809014,1.0,0.0,0.0,0.008672056411836507
halueval-6414,halueval,1,5,0.9917258541191479,0.001324583241782129,0.006949562639069945,1.0,0.0,0.0,0.004799364561317102
halueval-8796,halueval,0,5,0.0034734870233358492,0.8164066475106422,0.180119865466022,0.0,1.0,0.0,0.9064665802436531
halueval-5576,halueval,1,5,0.7351903396057786,0.017671485522673242,0.24713817487154827,0.6,0.0,0.4,0.14124057295844739
halueval-6640,halueval,1,5,0.5971859487411857,0.2562165992232125,0.14659745203560184,0.6,0.4,0.0,0.3295153252410134
halueval-1144,halueval,0,5,0.9894989650743472,0.0017166636448833973,0.008784371280769325,1.0,0.0,0.0,0.0061088492852680604
halueval-4286,halueval,0,5,0.649762971629374,0.014920613885075323,0.3353164144855507,0.6,0.0,0.4,0.18257882112785068
halueval-2401,halueval,1,5,0.9916119749758068,0.0007835572126905783,0.0076044678115025745,1.0,0.0,0.0,0.004585791118441865
halueval-9640,halueval,1,5,0.9386420621478623,0.014452909873869768,0.04690502797826766,1.0,0.0,0.0,0.0379054238630036
halueval-6040,halueval,0,5,0.332115737126082,0.4366266242889279,0.23125763858499013,0.3,0.6,0.1,0.552255443581423
halueval-4168,halueval,0,5,0.4150862374212735,0.2641109623184794,0.3208028002602472,0.4,0.3,0.3,0.424512362448603
halueval-6627,halueval,0,5,0.4677877752929147,0.26973338564624477,0.26247883906084046,0.3,0.4,0.3,0.400972805176665
halueval-8438,halueval,1,5,0.627647311075129,0.031346323577699814,0.3410063653471711,1.0,0.0,0.0,0.20184950625128537
halueval-2820,halueval,1,5,0.3973963662499186,0.5982032117530012,0.004400421997080216,0.4,0.6,0.0,0.6004034227515412
halueval-8547,halueval,0,5,0.596207104528081,0.37793031669409843,0.025862578777820576,0.6,0.4,0.0,0.39086160608300874
halueval-5725,halueval,0,5,0.9556542157463273,0.0044849119798417965,0.03986087227383099,1.0,0.0,0.0,0.02441534811675729
halueval-5927,halueval,1,5,0.9835133292106167,0.004053929277907016,0.012432741511476098,1.0,0.0,0.0,0.010270300033645065
halueval-7332,halueval,1,5,0.40103878105706336,0.5665786759281527,0.03238254301478396,0.4,0.6,0.0,0.5827699474355447
halueval-8965,halueval,0,5,0.6068937854360504,0.08874150793798104,0.30436470662596865,0.8,0.0,0.2,0.24092386125096538
halueval-9180,halueval,1,5,0.9429544851158953,0.008552659249596252,0.04849285563450852,1.0,0.0,0.0,0.03279908706685051
halueval-989,halueval,0,5,0.9883330147005905,0.0020781265138945897,0.00958885878551472,1.0,0.0,0.0,0.0068725559066519495
halueval-4933,halueval,0,5,0.43798676545479476,0.17484406444060602,0.3871691701045993,0.5,0.2,0.3,0.36842864949290566
halueval-5748,halueval,1,5,0.9809537997358527,0.006181564939748314,0.012864635324398788,1.0,0.0,0.0,0.012613882601947709
halueval-210,halueval,0,5,0.6621973154877095,0.1790615141789745,0.15874117033331586,1.0,0.0,0.0,0.25843209934563244
halueval-980,halueval,0,5,0.9853429939722291,0.002972628717935923,0.011684377309834954,1.0,0.0,0.0,0.0088148173728534
halueval-348,halueval,1,5,0.0520990469795682,0.6905143146323565,0.2573866383880753,0.1,0.8,0.1,0.819207633826394
halueval-976,halueval,0,5,0.6841472279237184,0.002650233294747127,0.3132025387815345,0.4,0.0,0.6,0.15925150268551436
halueval-170,halueval,1,5,0.5791559574602825,0.15623844302628784,0.26460559951342977,0.8,0.1,0.1,0.28854124278300275
halueval-1131,halueval,0,5,0.2323622800425787,0.52700929203177,0.24062842792565126,0.3,0.5,0.2,0.6473235059945956
halueval-2816,halueval,1,5,0.04268171674320287,0.7752402755491555,0.1820780077076416,0.0,0.8,0.2,0.8662792794029763
halueval-6916,halueval,1,5,0.7861637367132548,0.0028284671381102007,0.2110077961486351,0.6,0.0,0.4,0.10833236521242776
halueval-5011,halueval,1,5,0.09300267887271561,0.8157849117962067,0.09121240933107767,0.1,0.9,0.0,0.8613911164617456
halueval-6230,halueval,0,5,0.9906370979094804,0.0006107256852479144,0.00875217640527169,1.0,0.0,0.0,0.004986813887883759
halueval-9398,halueval,1,5,0.5153244892506813,0.11207582005580907,0.37259969069350973,0.9,0.0,0.1,0.29837566540256394
halueval-2975,halueval,1,5,0.9794979444360588,0.004257319881613744,0.01624473568232755,1.0,0.0,0.0,0.012379687722777519
halueval-6646,halueval,0,5,0.3867671239478117,0.13907873345471694,0.47415414259747146,0.2,0.2,0.6,0.37615580475345267
halueval-8212,halueval,0,5,0.2645962821349178,0.3298916084451192,0.4055121094199629,0.3,0.4,0.3,0.5326476631551007
halueval-4681,halueval,0,5,0.9738137518328724,0.0006888506239087786,0.025497397543218735,1.0,0.0,0.0,0.013437549395518146
halueval-804,halueval,0,5,0.41352095495737495,0.38838433431079994,0.19809471073182502,0.6,0.4,0.0,0.48743168967671247
halueval-4739,halueval,0,5,0.6911685731172142,0.01399249871244436,0.29483892817034135,1.0,0.0,0.0,0.16141196279761505
halueval-4197,halueval,1,5,0.3782566482514486,0.2205941505046137,0.4011492012439377,0.1,0.3,0.6,0.4211687511265826
halueval-4733,halueval,1,5,0.29767782206825116,0.5972304731171603,0.10509170481458852,0.4,0.6,0.0,0.6497763255244545
halueval-9186,halueval,1,5,0.5952194327938308,0.3919824066658599,0.012798160540309338,0.6,0.4,0.0,0.39838148693601455
halueval-642,halueval,1,5,0.443782644253263,0.400945180387369,0.15527217535936805,0.3,0.4,0.3,0.47858126806705303
halueval-2085,halueval,1,5,0.9757092975334581,0.001972383695273897,0.022318318771267987,1.0,0.0,0.0,0.01313154308090789
halueval-4941,halueval,0,5,0.9898604505027866,0.0028066189914978234,0.0073329305057157085,1.0,0.0,0.0,0.006473084244355678
halueval-4046,halueval,1,5,0.5871096239283918,0.013479031787900683,0.3994113442837074,0.8,0.0,0.2,0.2131847039297544
halueval-9330,halueval,1,5,0.9896869822246718,0.0013002580810668218,0.009012759694261513,1.0,0.0,0.0,0.005806637928197579
halueval-5877,halueval,0,5,0.7087122051694137,0.23219550246629223,0.059092292364293975,1.0,0.0,0.0,0.2617416486484392
halueval-9834,halueval,1,5,0.9834603175708558,0.0032517963677982835,0.013287886061346007,1.0,0.0,0.0,0.009895739398471288
halueval-5296,halueval,1,5,0.9726795246211155,0.010987277358918014,0.016333198019966293,1.0,0.0,0.0,0.01915387636890116
halueval-2320,halueval,1,5,0.791784429790006,0.0012556479918421249,0.20695992221815196,0.6,0.0,0.4,0.1047356091009181
halueval-7019,halueval,0,5,0.3875741724221864,0.5986074066201287,0.013818420957684954,0.4,0.6,0.0,0.6055166170989712
halueval-2497,halueval,0,5,0.39509987554098563,0.3485620915195908,0.25633803293942353,0.4,0.6,0.0,0.4767311079893025
halueval-5461,halueval,0,5,0.9863606440136186,0.001131016873528826,0.012508339112852448,1.0,0.0,0.0,0.00738518642995505
halueval-1231,halueval,1,5,0.6787896426539157,0.006123623179320893,0.31508673416676325,0.4,0.0,0.6,0.1636669902627025
halueval-9493,halueval,1,5,0.48903131957557305,0.2939114996457698,0.21705718077865707,0.3,0.3,0.4,0.40244009003509834
halueval-3974,halueval,0,5,0.5896527544835883,0.3085197892177265,0.10182745629868524,0.6,0.4,0.0,0.35943351736706913
halueval-4297,halueval,0,5,0.11139800253723117,0.8683543720508071,0.02024762541196172,0.1,0.9,0.0,0.878478184756788
halueval-7566,halueval,1,5,0.9892126699325952,0.0005018429592298635,0.010285487108175105,1.0,0.0,0.0,0.005644586513317416
halueval-4151,halueval,1,5,0.3266650746170921,0.14824514490572388,0.5250897804771839,0.2,0.0,0.8,0.41079003514431583
halueval-268,halueval,1,5,0.5765942185688953,0.3570535059851608,0.0663522754459441,0.6,0.4,0.0,0.39022964370813285
halueval-8663,halueval,1,5,0.07733408185987037,0.717217223958411,0.20544869418171863,0.0,0.7,0.3,0.8199415710492703
halueval-1278,halueval,1,5,0.98959028183341,0.0007004172808720797,0.009709300885717958,1.0,0.0,0.0,0.005555067723731059
halueval-6226,halueval,1,5,0.6020546488624627,0.3826487906068096,0.01529656053072776,0.6,0.4,0.0,0.3902970708721735
halueval-104,halueval,0,5,0.9920815948987975,0.0006677226047284407,0.007250682496473942,1.0,0.0,0.0,0.004293063852965412
halueval-7930,halueval,1,5,0.7928769520117636,0.0013748691829683474,0.2057481788052681,0.6,0.0,0.4,0.1042489585856024
halueval-1737,halueval,0,5,0.985997499761987,0.0008979550115818207,0.013104545226431097,1.0,0.0,0.0,0.007450227624797369
halueval-1057,halueval,0,5,0.9851717272369406,0.0034240812707507077,0.011404191492308601,1.0,0.0,0.0,0.009126177016905008
halueval-5405,halueval,0,5,0.6381635054621636,0.012076607579324765,0.34975988695851157,0.4,0.0,0.6,0.18695655105858056
halueval-2013,halueval,1,5,0.3415513666611526,0.4786736818738394,0.17977495146500788,0.3,0.4,0.3,0.5685611576063434
halueval-1092,halueval,1,5,0.9884276878289155,0.002320144458184491,0.009252167712899934,1.0,0.0,0.0,0.006946228314634458
halueval-803,halueval,1,5,0.4373125395878179,0.39298478494363454,0.16970267546854756,0.3,0.4,0.3,0.4778361226779083
halueval-7312,halueval,0,5,0.42038726766843304,0.24117794367358364,0.33843478865798327,0.3,0.3,0.4,0.41039533800257527
halueval-6020,halueval,1,5,0.25865507130624066,0.14531917455471172,0.5960257541390477,0.1,0.0,0.9,0.44333205162423556
halueval-2943,halueval,0,5,0.6283804158507958,0.012641262135656245,0.3589783220135478,0.3,0.0,0.7,0.19213042314243015
halueval-7383,halueval,1,5,0.9808844516534982,0.0009457969246814017,0.018169751421820486,1.0,0.0,0.0,0.010030672635591644
halueval-9475,halueval,0,5,0.9883788456790119,0.0029986202959925157,0.008622534024995757,1.0,0.0,0.0,0.007309887308490394
halueval-33,halueval,1,5,0.3391510855462471,0.2625312504567015,0.39831766399705143,0.4,0.2,0.4,0.46169008245522725
halueval-2761,halueval,0,5,0.642633335219132,0.00307440152348436,0.35429226325738356,0.3,0.0,0.7,0.18022053315217615
halueval-3124,halueval,0,5,0.745697122370778,0.0026231455397964093,0.2516797320894255,1.0,0.0,0.0,0.12846301158450918
halueval-2213,halueval,1,5,0.7888993659595853,0.0026168839171811344,0.2084837501232335,0.6,0.0,0.4,0.10685875897879789
halueval-6131,halueval,0,5,0.3663500481600938,0.472092352262736,0.16155759957717017,0.2,0.6,0.2,0.5528711520513211
halueval-4580,halueval,1,5,0.6543806060140479,0.19623819295595987,0.14938120102999214,0.6,0.4,0.0,0.27092879347095594
halueval-4931,halueval,0,5,0.3964562949256407,0.5978635803217077,0.005680124752651568,0.4,0.6,0.0,0.6007036426980336
halueval-6532,halueval,1,5,0.9858662204385873,0.003424350451069849,0.010709429110343104,1.0,0.0,0.0,0.0087790650062414
halueval-8821,halueval,1,5,0.818702015807286,0.16241172320854744,0.018886260984166608,1.0,0.0,0.0,0.17185485370063075
halueval-7382,halueval,1,5,0.9880962993276341,0.0023136622900354112,0.009590038382330348,1.0,0.0,0.0,0.007108681481200585
halueval-6417,halueval,0,5,0.9917020419037351,0.000642310222393416,0.007655647873871444,1.0,0.0,0.0,0.004470134159329138
halueval-9039,halueval,0,5,0.9890235999328014,0.002505078645277462,0.00847132142192104,1.0,0.0,0.0,0.006740739356237983
halueval-8775,halueval,1,5,0.9892663203680879,0.0009086876241367759,0.009824992007775467,1.0,0.0,0.0,0.00582118362802451
halueval-7893,halueval,1,5,0.4132844235484564,0.44135780354656734,0.14535777290497634,0.4,0.5,0.1,0.5140366899990555
halueval-7827,halueval,0,5,0.6437564832850226,0.0025015055791716132,0.35374201113580594,0.4,0.0,0.6,0.1793725111470746
halueval-8969,halueval,1,5,0.7884099143716639,0.003618554708097468,0.20797153092023873,0.6,0.0,0.4,0.10760432016821683
halueval-7188,halueval,1,5,0.6266580264131449,0.016713668767577815,0.35662830481927726,0.4,0.0,0.6,0.19502782117721645
halueval-3445,halueval,1,5,0.9582485707297593,0.014817990239367446,0.02693343903087316,1.0,0.0,0.0,0.028284709754804026
halueval-4526,halueval,1,5,0.9859525710819923,0.0029438472581660912,0.011103581659841478,1.0,0.0,0.0,0.00849563808808683
halueval-2896,halueval,0,5,0.27164339643756086,0.08021663843363809,0.6481399651288011,0.1,0.0,0.9,0.40428662099803864
halueval-3033,halueval,0,5,0.7894202321130642,0.01865903453664778,0.1919207333502879,1.0,0.0,0.0,0.11461940121179173
halueval-7880,halueval,1,5,0.9727164378499046,0.00895904625777504,0.018324515892320238,1.0,0.0,0.0,0.018121304203935158
halueval-9788,halueval,0,5,0.3157032404506235,0.2363274016231922,0.4479693579261843,0.1,0.2,0.7,0.46031208058628437
halueval-8099,halueval,0,5,0.26364828917446664,0.05310387342185492,0.6832478374036783,0.2,0.0,0.8,0.3947277921236941
halueval-9271,halueval,0,5,0.35730437623454403,0.3270802090045135,0.3156154147609424,0.2,0.4,0.4,0.48488791638498474
halueval-7744,halueval,1,5,0.3975992277489527,0.0038380711543562485,0.598562701096691,0.2,0.0,0.8,0.30311942170270173
halueval-5243,halueval,0,5,0.5453558335614421,0.0410184167432981,0.4136257496952598,0.4,0.0,0.6,0.24783129159092798
halueval-996,halueval,0,5,0.41440884750126605,0.3256321504918103,0.2599590020069236,0.4,0.3,0.3,0.45561165149527216
halueval-9078,halueval,1,5,0.3904105469404316,0.3210524514916982,0.2885370015678701,0.2,0.3,0.5,0.46532095227563325
halueval-9906,halueval,1,5,0.7798507496821311,0.009241425489267405,0.21090782482860151,0.6,0.0,0.4,0.11469533790356816
halueval-6285,halueval,1,5,0.7879709612484135,0.002425201373273503,0.20960383737831306,0.6,0.0,0.4,0.10722712006243003
halueval-7812,halueval,1,5,0.6963657273388776,0.001896587281594252,0.3017376853795281,1.0,0.0,0.0,0.1527654299713583
halueval-7345,halueval,0,5,0.9874577288243904,0.0020538763345094623,0.010488394841100047,1.0,0.0,0.0,0.007298073755059486
halueval-9306,halueval,0,5,0.11567410458569807,0.6306223313649284,0.25370356404937355,0.0,0.6,0.4,0.7574741133896152
halueval-9016,halueval,1,5,0.9822524840638177,0.005945704250384883,0.01180181168579752,1.0,0.0,0.0,0.011846610093283643
halueval-7174,halueval,0,5,0.4385001059163377,0.41374987597140916,0.14775001811225322,0.3,0.4,0.3,0.48762488502753576
halueval-1809,halueval,1,5,0.9565996781229125,0.010402961131687245,0.03299736074540024,1.0,0.0,0.0,0.026901641504387362
halueval-5279,halueval,0,5,0.766055850883866,0.04224527070132217,0.19169887841481198,0.7,0.0,0.3,0.13809470990872816
halueval-4519,halueval,0,5,0.9768834186296879,0.006465781475179326,0.016650799895132802,1.0,0.0,0.0,0.014791181422745728
halueval-4611,halueval,0,5,0.3270149403319339,0.6306525152358458,0.04233254443222035,0.3,0.7,0.0,0.651818787451956
halueval-9878,halueval,0,5,0.6508086833240839,0.15387196463263747,0.19531935204327855,0.9,0.1,0.0,0.25153164065427674
halueval-9592,halueval,0,5,0.7923483908193631,0.08737656363808327,0.1202750455425536,1.0,0.0,0.0,0.14751408640936006
halueval-1563,halueval,0,5,0.12137845151434463,0.8541266480822177,0.024494900403437683,0.1,0.9,0.0,0.8663740982839365
halueval-133,halueval,1,5,0.638492661645924,0.010000193882799215,0.35150714447127673,0.4,0.0,0.6,0.18575376611843758
halueval-7672,halueval,1,5,0.9892184396715347,0.002180919357524219,0.008600640970941018,1.0,0.0,0.0,0.006481239842994728
halueval-1498,halueval,0,5,0.7909570028178357,0.025254347616390067,0.18378864956577437,1.0,0.0,0.0,0.11714867239927726
halueval-7948,halueval,1,5,0.9733988978038755,0.00958022358405911,0.017020878612065325,1.0,0.0,0.0,0.01809066289009177
halueval-4424,halueval,1,5,0.70998923013051,0.12471898913086843,0.16529178073862155,1.0,0.0,0.0,0.2073648795001792
halueval-6566,halueval,0,5,0.9685087758846815,0.012120624919542805,0.0193705991957755,1.0,0.0,0.0,0.021805924517430554
halueval-6720,halueval,0,5,0.9914582376733485,0.0007228819186445607,0.00781888040800709,1.0,0.0,0.0,0.0046323221226481056
halueval-7269,halueval,0,5,0.9891059146018792,0.0011212624477074456,0.009772822950413249,1.0,0.0,0.0,0.00600767392291407
halueval-7848,halueval,1,5,0.5932904212110195,0.015341954430289429,0.39136762435869094,0.6,0.0,0.4,0.2110257666096349
halueval-1972,halueval,1,5,0.7407413593981997,0.00553395186747335,0.2537246887343269,1.0,0.0,0.0,0.1323962962346368
halueval-2568,halueval,0,5,0.7917142459005959,0.007556487735903165,0.20072926636350114,1.0,0.0,0.0,0.10792112091765374
halueval-142,halueval,0,5,0.6662216298028263,0.2396204268644806,0.09415794333269303,0.6,0.4,0.0,0.2866993985308271
halueval-3857,halueval,0,5,0.9779703253798241,0.003334391516904081,0.01869528310327167,1.0,0.0,0.0,0.012682033068539916
halueval-3322,halueval,1,5,0.9494579501718782,0.003827930456685382,0.046714119371436186,1.0,0.0,0.0,0.027184990142403474
halueval-7215,halueval,0,5,0.64445668342583,0.008141239242892376,0.34740207733127754,0.6,0.0,0.4,0.18184227790853114
halueval-5613,halueval,1,5,0.7779972214719245,0.008485209657290126,0.21351756887078532,0.6,0.0,0.4,0.1152439940926828
halueval-6909,halueval,1,5,0.9482219117903841,0.003213707472249576,0.04856438073736615,1.0,0.0,0.0,0.02749589784093265
halueval-7889,halueval,1,5,0.6193294833666215,0.10041815299035269,0.2802523636430258,0.8,0.0,0.2,0.2405443348118656
halueval-2560,halueval,0,5,0.9910676730053293,0.0015275569066533165,0.007404770088017304,1.0,0.0,0.0,0.0052299419506619685
halueval-8398,halueval,0,5,0.5452593698952587,0.0025917525084963346,0.45214887759624495,0.1,0.0,0.9,0.2286661913066188
halueval-9568,halueval,0,5,0.694513604918805,0.0034933825214727536,0.30199301255972233,0.4,0.0,0.6,0.1544898888013339
halueval-2135,halueval,1,5,0.9665301510134313,0.0018895210921519377,0.03158032789441691,1.0,0.0,0.0,0.01767968503936039
halueval-4593,halueval,1,5,0.920478916292572,0.0018759832399992244,0.07764510046742878,1.0,0.0,0.0,0.04069853347371362
halueval-6193,halueval,0,5,0.19854315614259602,0.6576795430392851,0.143777300818119,0.3,0.6,0.1,0.7295681934483447
halueval-1418,halueval,1,5,0.38649705586693756,0.13101304620100268,0.4824898979320597,0.2,0.1,0.7,0.3722579951670325
halueval-5337,halueval,1,5,0.9869626591473111,0.001074227743008895,0.011963113109679869,1.0,0.0,0.0,0.00705578429784883
halueval-3153,halueval,0,5,0.9543656442916907,0.005461389283795326,0.04017296642451401,1.0,0.0,0.0,0.02554787249605233
halueval-2660,halueval,1,5,0.7773665144563933,0.007595961261678666,0.2150375242819281,0.6,0.0,0.4,0.11511472340264271
halueval-7417,halueval,0,5,0.5958001009300362,0.3991240432609441,0.005075855809019581,0.6,0.4,0.0,0.4016619711654539
halueval-2108,halueval,0,5,0.014067437841686459,0.6067231844859424,0.3792093776723711,0.0,0.6,0.4,0.796327873322128
halueval-1086,halueval,0,5,0.5710792768534364,0.12427580122934881,0.3046449219172149,0.6,0.0,0.4,0.27659826218795625
halueval-2795,halueval,0,5,0.986679726983048,0.0026575554955502274,0.010662717521401785,1.0,0.0,0.0,0.00798891425625112
halueval-8084,halueval,0,5,0.988796216030441,0.0005742337918776929,0.010629550177681385,1.0,0.0,0.0,0.005889008880718386
halueval-9728,halueval,1,5,0.7824128724836873,0.005023308068050338,0.21256381944826236,0.6,0.0,0.4,0.11130521779218151
halueval-7247,halueval,0,5,0.9891697465373713,0.0019120301265845151,0.008918223336044032,1.0,0.0,0.0,0.006371141794606531
halueval-1544,halueval,1,5,0.03437766453197944,0.6468032576708661,0.3188190777971545,0.0,0.7,0.3,0.8062127965694433
halueval-824,halueval,1,5,0.9884819112905037,0.0014462775198840652,0.010071811189612288,1.0,0.0,0.0,0.0064821831146902095
halueval-7455,halueval,1,5,0.5046522825627201,0.013048575817242145,0.48229914162003784,0.6,0.0,0.4,0.2541981466272611
halueval-4902,halueval,1,5,0.9869123101405115,0.0018504501855564747,0.011237239673932033,1.0,0.0,0.0,0.007469070022522491
halueval-6289,halueval,1,5,0.9892425104961452,0.0019461239283458539,0.00881136557550902,1.0,0.0,0.0,0.0063518067161003645
halueval-7039,halueval,0,5,0.2978400218985697,0.45810317624242225,0.24405680185900808,0.3,0.6,0.1,0.5801315771719263
halueval-3822,halueval,0,5,0.789821864876726,0.004169324670139226,0.20600881045313463,0.6,0.0,0.4,0.10717372989670654
halueval-4107,halueval,1,5,0.9713618448711673,0.007445863969953339,0.021192291158879162,1.0,0.0,0.0,0.018042009549392918
halueval-9513,halueval,0,5,0.7929498126465817,0.0017425918264074778,0.20530759552701072,0.6,0.0,0.4,0.10439638958991283
halueval-1456,halueval,1,5,0.8907297303570688,0.029579689532433895,0.07969058011049736,1.0,0.0,0.0,0.06942497958768257
halueval-1154,halueval,1,5,0.6113809737595893,0.3632295209572729,0.025389505283137603,0.6,0.4,0.0,0.37592427359884173
halueval-8545,halueval,0,5,0.57601847003559,0.17288198695659282,0.25109954300781706,0.9,0.1,0.0,0.29843175846050135
halueval-4699,halueval,1,5,0.9859662148443242,0.0037829309826459406,0.010250854173030033,1.0,0.0,0.0,0.008908358069160956
halueval-9449,halueval,1,5,0.41205108148891345,0.12835853074839237,0.4595903877626942,0.4,0.0,0.6,0.3581537246297395
halueval-7246,halueval,0,5,0.5748524575006603,0.04089571054791545,0.38425183195142426,0.7,0.0,0.3,0.23302162652362757
halueval-7822,halueval,1,5,0.5730672796076037,0.3985947232261533,0.028337997166242895,0.6,0.4,0.0,0.41276372180927473
halueval-7929,halueval,1,5,0.9784128247383566,0.001873024331978656,0.019714150929664907,1.0,0.0,0.0,0.01173009979681111
halueval-6057,halueval,0,5,0.6732539580151938,0.002519159004669319,0.3242268829801369,1.0,0.0,0.0,0.16463260049473777
halueval-4124,halueval,0,5,0.9329784733466742,0.003011091459550554,0.06401043519377511,1.0,0.0,0.0,0.03501630905643811
halueval-1009,halueval,0,5,0.9928799653019122,0.0007362341032039442,0.006383800594883772,1.0,0.0,0.0,0.0039281344006458305
halueval-8464,halueval,0,5,0.8702876058345336,0.06562036667853029,0.06409202748693632,1.0,0.0,0.0,0.09766638042199845
halueval-2542,halueval,0,5,0.9474990652532579,0.0046137692670476845,0.047887165479694356,1.0,0.0,0.0,0.02855735200689486
halueval-4940,halueval,1,5,0.9590248294298634,0.01585364181550142,0.025121528754634914,1.0,0.0,0.0,0.02841440619281888
halueval-192,halueval,0,5,0.21268191343385912,0.6258256218996874,0.16149246466645348,0.2,0.6,0.2,0.7065718542329141
halueval-5332,halueval,1,5,0.6682273575084083,0.004516975126156521,0.32725566736543527,0.9,0.0,0.1,0.16814480880887414
halueval-58,halueval,0,5,0.9905284241015193,0.0011987746142696966,0.00827280128421117,1.0,0.0,0.0,0.005335175256375281
halueval-8566,halueval,0,5,0.4904310218645304,0.1218950844554502,0.3876738936800194,0.5,0.0,0.5,0.3157320312954599
halueval-9261,halueval,1,5,0.12223524272949568,0.6146357696438031,0.2631289876267012,0.1,0.9,0.0,0.7462002634571536
halueval-4377,halueval,1,5,0.30949419582316134,0.6785461843878474,0.011959619788991096,0.3,0.7,0.0,0.684525994282343
halueval-729,halueval,1,5,0.5877990258022883,0.008864780438439402,0.40333619375927227,0.2,0.0,0.8,0.21053287731807555
halueval-144,halueval,0,5,0.280162183562888,0.5362169617956611,0.1836208546414508,0.2,0.6,0.2,0.6280273891163866
halueval-6327,halueval,1,5,0.9374226123125513,0.018103059290646435,0.044474328396802223,1.0,0.0,0.0,0.04034022348904755
halueval-8067,halueval,0,5,0.5473011459181294,0.002661628246960203,0.4500372258349105,0.3,0.0,0.7,0.22768024116441546
halueval-4958,halueval,1,5,0.6006806496445998,0.3779800984324591,0.02133925192294108,0.6,0.4,0.0,0.38864972439392964
halueval-463,halueval,0,5,0.25733478431355844,0.2404055638928416,0.5022596517936,0.2,0.4,0.4,0.4915353897896416
halueval-9934,halueval,1,5,0.9907249213296266,0.001418450620136128,0.007856628050237135,1.0,0.0,0.0,0.0053467646452546955
halueval-1168,halueval,0,5,0.9911326841764309,0.0012018655382507494,0.00766545028531847,1.0,0.0,0.0,0.005034590680909985
halueval-4119,halueval,0,5,0.715531770119365,0.004869336523612193,0.2795988933570229,1.0,0.0,0.0,0.14466878320212365
halueval-8913,halueval,1,5,0.6050054511908038,0.0030080824952339108,0.3919864663139623,0.7,0.0,0.3,0.19900131565221504
halueval-7836,halueval,0,5,0.13445909091632963,0.641880185253785,0.2236607238298854,0.1,0.8,0.1,0.7537105471687277
halueval-3818,halueval,1,5,0.148493994085994,0.6913480131724825,0.16015799274152356,0.1,0.8,0.1,0.7714270095432443
halueval-4975,halueval,0,5,0.42702306359992964,0.12788613933449633,0.4450907970655741,0.1,0.2,0.7,0.35043153786728337
halueval-316,halueval,0,5,0.1208591369776687,0.587415363434635,0.29172549958769645,0.1,0.5,0.4,0.7332781132284831
halueval-4481,halueval,0,5,0.5901036353210687,0.005951652362821603,0.4039447123161096,0.2,0.0,0.8,0.20792400852087642
halueval-1610,halueval,1,5,0.595999614896433,0.3932411942826448,0.010759190820922027,0.6,0.4,0.0,0.3986207896931058
halueval-1481,halueval,0,5,0.5395203324871438,0.010988721185411396,0.4494909463274448,0.2,0.0,0.8,0.23573419434913379
halueval-2829,halueval,1,5,0.39433356261589153,0.5963248733138664,0.00934156407024208,0.4,0.6,0.0,0.6009956553489875
halueval-2250,halueval,0,5,0.990866181433535,0.0007616370944668268,0.008372181471998169,1.0,0.0,0.0,0.004947727830465911
halueval-8791,halueval,1,5,0.2964294128912927,0.596608912627512,0.10696167448119527,0.2,0.6,0.2,0.6500897498681096
halueval-7571,halueval,1,5,0.7913505720035294,0.0032092864430403245,0.20544014155343032,1.0,0.0,0.0,0.10592935721975548
halueval-1493,halueval,0,5,0.5576360426942175,0.2473810282767439,0.19498292902903863,0.3,0.4,0.3,0.3448724927912632
halueval-3623,halueval,1,5,0.9377144258384579,0.014973951916331598,0.04731162224521053,1.0,0.0,0.0,0.038629763038936865
halueval-6157,halueval,1,5,0.10517607729777231,0.5208183550478904,0.37400556765433735,0.1,0.5,0.4,0.707821138875059
halueval-507,halueval,0,5,0.3528821641400703,0.27417888039245264,0.372938955467477,0.4,0.0,0.6,0.46064835812619115
halueval-6642,halueval,1,5,0.7644916129393147,0.07181755518481374,0.1636908318758717,1.0,0.0,0.0,0.15366297112274957
halueval-4442,halueval,1,5,0.9863667407567936,0.0032647322598515103,0.010368526983354946,1.0,0.0,0.0,0.008448995751528982
halueval-9927,halueval,0,5,0.5441851393574378,0.016474386874142755,0.4393404737684195,0.6,0.0,0.4,0.23614462375835252
halueval-6816,halueval,1,5,0.9831823727123666,0.0011782892138114257,0.015639338073821996,1.0,0.0,0.0,0.008997958250722424
halueval-7386,halueval,1,5,0.4378780133400653,0.2449535856130353,0.3171684010468995,0.4,0.3,0.3,0.40353778613648505
halueval-9853,halueval,1,5,0.595066950515994,0.3988299713545381,0.006103078129467785,0.6,0.4,0.0,0.401881510419272
halueval-5204,halueval,0,5,0.3383958615623233,0.355071287567419,0.30653285087025767,0.4,0.4,0.2,0.5083377130025478
halueval-4655,halueval,1,5,0.9833878040856904,0.0007623843725480669,0.015849811541761592,1.0,0.0,0.0,0.008687290143428863
halueval-2122,halueval,0,5,0.25825452651425185,0.27820048383868373,0.4635449896470645,0.3,0.3,0.4,0.509972978662216
halueval-6213,halueval,1,5,0.3436093962537279,0.2013216135378883,0.4550689902083838,0.1,0.1,0.8,0.42885610864208024
halueval-1391,halueval,0,5,0.593835268011028,0.007524714997728351,0.39864001699124363,0.6,0.0,0.4,0.20684472349335017
halueval-5364,halueval,0,5,0.9700659663081204,0.00926757737529243,0.02066645631658726,1.0,0.0,0.0,0.01960080553358606
halueval-7183,halueval,1,5,0.39654955895878763,0.5991831499522182,0.004267291088994164,0.4,0.6,0.0,0.6013167954967154
halueval-7268,halueval,1,5,0.5314041686239588,0.02737542824234875,0.4412204031336923,0.4,0.0,0.6,0.24798562980919492
halueval-8198,halueval,1,5,0.004583852666629053,0.8981809562580285,0.09723519107534248,0.0,0.9,0.1,0.9467985517956997
halueval-3251,halueval,1,5,0.9886642284348367,0.0008643856497397883,0.010471385915423372,1.0,0.0,0.0,0.006100078607451475
halueval-4159,halueval,1,5,0.6849354323854396,0.02470908092135233,0.29035548669320804,0.7,0.0,0.3,0.16988682426795634
halueval-4873,halueval,1,5,0.5891979523936584,0.39780507365520207,0.012996973951139797,0.6,0.4,0.0,0.40430356063077194
halueval-1320,halueval,1,5,0.46449793783113674,0.4992712010762464,0.03623086109261691,0.6,0.4,0.0,0.5173866316225548
truthfulqa_500_inc_1,truthfulqa,1,5,0.10581940149719578,0.43909048732713296,0.4550901111756712,0.0,0.5,0.5,0.6666355429149686
truthfulqa_293_inc_0,truthfulqa,1,5,0.34475360526261906,0.5104780606989603,0.1447683340384207,0.3,0.6,0.1,0.5828622277181706
truthfulqa_186_corr_2,truthfulqa,0,5,0.08485540815513433,0.002269848804881096,0.9128747430399846,0.0,0.0,1.0,0.4587072203248734
truthfulqa_629_corr_1,truthfulqa,0,5,0.01198933833229139,0.3682243284984426,0.619786333169266,0.0,0.2,0.8,0.6781174950830756
truthfulqa_512_corr_3,truthfulqa,0,5,0.055579561522318244,0.05221812035785024,0.8922023181198314,0.0,0.0,1.0,0.49831927941776594
truthfulqa_437_inc_2,truthfulqa,1,5,0.19707155565892986,0.7950515788364885,0.007876865504581842,0.2,0.8,0.0,0.7989900115887794
truthfulqa_550_inc_0,truthfulqa,1,5,0.010778783915775953,0.2407364066050799,0.7484848094791442,0.0,0.2,0.8,0.6149788113446519
truthfulqa_184_corr_2,truthfulqa,0,5,0.1316671849339775,0.0020937710034717185,0.8662390440625508,0.0,0.0,1.0,0.43521329303474715
truthfulqa_518_inc_1,truthfulqa,1,5,0.1054904244214998,0.39466000667332585,0.4998495689051744,0.1,0.3,0.6,0.644584791125913
truthfulqa_91_best,truthfulqa,0,5,0.007499853965140505,0.2813258681943574,0.7111742778405021,0.0,0.3,0.7,0.6369130071146085
truthfulqa_654_inc_1,truthfulqa,1,5,0.060831386568138246,0.3784654469742023,0.5607031664576595,0.0,0.4,0.6,0.6588170302030321
truthfulqa_117_inc_0,truthfulqa,1,5,0.34113512250862266,0.06151399795498452,0.5973508795363929,0.3,0.0,0.7,0.36018943772318096
truthfulqa_78_corr_1,truthfulqa,0,5,0.0735222773298008,0.1947509006632849,0.7317268220069143,0.0,0.0,1.0,0.560614311666742
truthfulqa_292_inc_2,truthfulqa,1,5,0.0638570324333815,0.010099133467434386,0.926043834099184,0.0,0.0,1.0,0.4731210505170264
truthfulqa_791_best,truthfulqa,0,5,0.0038161496475356952,0.18766831913958107,0.8085155312128833,0.0,0.2,0.8,0.5919260847460227
truthfulqa_498_inc_0,truthfulqa,1,5,0.0641937858819989,0.036611974460107444,0.8991942396578935,0.0,0.0,1.0,0.4862090942890542
truthfulqa_155_inc_0,truthfulqa,1,5,0.08310530258938173,0.19438698204046356,0.7225077153701547,0.0,0.2,0.8,0.5556408397255409
truthfulqa_304_corr_1,truthfulqa,0,5,0.03923759166796799,0.6869939177344515,0.27376849059758057,0.0,0.6,0.4,0.8238781630332418
truthfulqa_472_corr_2,truthfulqa,0,5,0.06280346635516547,0.3552924538097781,0.5819040798350564,0.1,0.3,0.6,0.6462444937273063
truthfulqa_630_best,truthfulqa,0,5,0.0623966754775566,0.16535355769666465,0.7722497668257787,0.0,0.0,1.0,0.551478441109554
truthfulqa_785_inc_2,truthfulqa,1,5,0.07969611924276404,0.19172249008125775,0.7285813906759783,0.0,0.0,1.0,0.5560131854192469
truthfulqa_287_inc_0,truthfulqa,1,5,0.028476302814998182,0.26569988142464995,0.7058238157603518,0.0,0.2,0.8,0.6186117893048259
truthfulqa_216_inc_1,truthfulqa,1,5,0.022494823332198734,0.0473196116269689,0.9301855650408323,0.0,0.0,1.0,0.512412394147385
truthfulqa_14_inc_0,truthfulqa,1,5,0.2814946423727738,0.20136636814587466,0.5171389894813516,0.4,0.1,0.5,0.4599358628865505
truthfulqa_74_inc_3,truthfulqa,1,5,0.14433822947626052,0.04352973678552373,0.8121320337382159,0.0,0.0,1.0,0.44959575365463167
truthfulqa_714_best,truthfulqa,0,5,0.018643272625362573,0.0012855786307464038,0.980071148743891,0.0,0.0,1.0,0.4913211530026919
truthfulqa_6_inc_3,truthfulqa,1,5,0.03601610906568969,0.07250844547551667,0.8914754454587935,0.0,0.0,1.0,0.5182461682049134
truthfulqa_385_inc_2,truthfulqa,1,5,0.05004228440433091,0.575743308128984,0.37421440746668516,0.0,0.7,0.3,0.7628505118623266
truthfulqa_548_inc_4,truthfulqa,1,5,0.44693827156750177,0.39756188966606815,0.15549983876643017,0.3,0.4,0.3,0.4753118090492832
truthfulqa_358_inc_0,truthfulqa,1,5,0.12854945304646254,0.09246837250699765,0.7789821744465398,0.0,0.0,1.0,0.48195945973026755
truthfulqa_468_inc_5,truthfulqa,1,5,0.07448440562167462,0.14441822826132925,0.7810973661169962,0.0,0.1,0.9,0.5349669113198273
truthfulqa_189_corr_1,truthfulqa,0,5,0.04845273125755238,0.19172514821702177,0.7598221205254259,0.0,0.0,1.0,0.5716362084797347
truthfulqa_90_inc_3,truthfulqa,1,5,0.04293723903645594,0.29267977657252076,0.6643829843910233,0.0,0.3,0.7,0.6248712687680325
truthfulqa_548_inc_1,truthfulqa,1,5,0.5957850226161898,0.3993431468684578,0.0048718305153523985,0.6,0.4,0.0,0.401779062126134
truthfulqa_766_corr_1,truthfulqa,0,5,0.030901446436600567,0.03319281278037483,0.9359057407830245,0.0,0.0,1.0,0.501145683171887
truthfulqa_318_corr_1,truthfulqa,0,5,0.039809716493673465,0.12276770685737408,0.8374225766489525,0.0,0.0,1.0,0.5414789951818503
truthfulqa_527_corr_1,truthfulqa,0,5,0.7855434918237487,0.001959157977380878,0.21249735019887037,0.6,0.0,0.4,0.10820783307681606
truthfulqa_262_best,truthfulqa,0,5,0.28408379275151935,0.05573659238853892,0.6601796148599417,0.2,0.0,0.8,0.38582639981850975
truthfulqa_457_inc_6,truthfulqa,1,5,0.014298457992882433,0.15171156786989057,0.833989974137227,0.0,0.0,1.0,0.5687065549385041
truthfulqa_256_best,truthfulqa,0,5,0.02633831975411193,0.018923315510004805,0.9547383647358831,0.0,0.0,1.0,0.4962924978779464
truthfulqa_288_inc_0,truthfulqa,1,5,0.12864218722871704,0.5983716001928027,0.27298621257848027,0.2,0.6,0.2,0.7348647064820428
truthfulqa_423_corr_2,truthfulqa,0,5,0.9829238460872046,0.001761415544874034,0.015314738367921321,1.0,0.0,0.0,0.009418784728834695
truthfulqa_435_inc_5,truthfulqa,1,5,0.9607856969647427,0.0007295415075740704,0.03848476152768336,1.0,0.0,0.0,0.01997192227141575
truthfulqa_27_inc_0,truthfulqa,1,5,0.10937144698946219,0.43095369331750016,0.4596748596930377,0.1,0.5,0.4,0.660791123164019
truthfulqa_783_inc_1,truthfulqa,1,5,0.6072113913162863,0.06502315503058556,0.32776545365312804,0.6,0.0,0.4,0.22890588185714958
truthfulqa_713_best,truthfulqa,0,5,0.014299914442539585,0.022763641458452034,0.9629364440990085,0.0,0.0,1.0,0.5042318635079562
truthfulqa_202_best,truthfulqa,0,5,0.2697358990395992,0.04358373676420611,0.6866803641961947,0.1,0.0,0.9,0.3869239188623035
truthfulqa_811_corr_1,truthfulqa,0,5,0.1591160640670746,0.5771434571366205,0.2637404787963049,0.1,0.6,0.3,0.709013696534773
truthfulqa_105_corr_1,truthfulqa,0,5,0.05520467792831446,0.15605938834226726,0.7887359337294183,0.0,0.1,0.9,0.5504273552069764
truthfulqa_537_inc_1,truthfulqa,1,5,0.06623639040406547,0.032209601458327325,0.9015540081376073,0.0,0.0,1.0,0.482986605527131
truthfulqa_377_corr_1,truthfulqa,0,5,0.032120282138289026,0.21033634264288786,0.757543375218823,0.0,0.1,0.9,0.5891080302522993
truthfulqa_592_corr_1,truthfulqa,0,5,0.08218825474071081,0.1152861194821464,0.8025256257771428,0.1,0.0,0.9,0.5165489323707178
truthfulqa_38_inc_0,truthfulqa,1,5,0.464839504034245,0.21274423981004262,0.32241625615571234,0.7,0.1,0.2,0.37395236788789876
truthfulqa_116_inc_2,truthfulqa,1,5,0.30189232470456895,0.3561458943740518,0.3419617809213792,0.3,0.4,0.3,0.5271267848347414
truthfulqa_218_corr_1,truthfulqa,0,5,0.030624389399130147,0.05234314194566103,0.9170324686552089,0.0,0.0,1.0,0.5108593762732655
truthfulqa_381_best,truthfulqa,0,5,0.07237300773656345,0.1830923128736684,0.7445346793897681,0.0,0.0,1.0,0.5553596525685525
truthfulqa_160_best,truthfulqa,0,5,0.11081907130746094,0.13795170882223556,0.7512292198703034,0.0,0.0,1.0,0.5135663187573873
truthfulqa_678_corr_1,truthfulqa,0,5,0.022049873979871685,0.2188647852663887,0.7590853407537396,0.0,0.1,0.9,0.5984074556432585
truthfulqa_456_corr_1,truthfulqa,0,5,0.029070121117880033,0.6244663250724543,0.34646355380966565,0.0,0.8,0.2,0.7976981019772871
truthfulqa_311_inc_2,truthfulqa,1,5,0.08552049912545753,0.03215119997217752,0.8823283009023649,0.0,0.0,1.0,0.47331535042336
truthfulqa_45_best,truthfulqa,0,5,0.051811179498243896,0.00402500487550062,0.9441638156262554,0.0,0.0,1.0,0.4761069126886283
truthfulqa_33_corr_3,truthfulqa,0,5,0.021632383072411304,0.15525345472624258,0.8231141622013463,0.0,0.1,0.9,0.5668105358269158
truthfulqa_416_corr_2,truthfulqa,0,5,0.0005682296500165851,0.9833431083662451,0.016088661983738504,0.0,1.0,0.0,0.9913874393581144
truthfulqa_462_best,truthfulqa,0,5,0.03269393397116207,0.3230014861822416,0.6443045798465963,0.0,0.1,0.9,0.6451537761055397
truthfulqa_387_inc_4,truthfulqa,1,5,0.19276213067872322,0.40146541178131684,0.40577245753995994,0.1,0.4,0.5,0.6043516405512968
truthfulqa_365_corr_4,truthfulqa,0,5,0.1579646431152446,0.08231001994867412,0.7597253369360812,0.1,0.0,0.9,0.46217268841671477
truthfulqa_694_corr_2,truthfulqa,0,5,0.06386265842778796,0.06674565810251874,0.8693916834696933,0.0,0.0,1.0,0.5014414998373654
truthfulqa_631_inc_2,truthfulqa,1,5,0.019563266371743975,0.2794178333915353,0.7010189002367208,0.0,0.3,0.7,0.6299272835098957
truthfulqa_770_inc_1,truthfulqa,1,5,0.037227190438339074,0.022391417154437217,0.9403813924072237,0.0,0.0,1.0,0.4925821133580491
truthfulqa_539_best,truthfulqa,0,5,0.18020297023556903,0.20074548202731846,0.6190515477371126,0.0,0.1,0.9,0.5102712558958747
truthfulqa_685_corr_2,truthfulqa,0,5,0.0013694331298963669,0.7900871926094147,0.2085433742606889,0.0,0.8,0.2,0.8943588797397591
truthfulqa_786_inc_2,truthfulqa,1,5,0.017098723416104668,0.010122583038647263,0.9727786935452482,0.0,0.0,1.0,0.49651192981127135
truthfulqa_596_inc_5,truthfulqa,1,5,0.021367532225115997,0.25648227125887874,0.7221501965160052,0.0,0.2,0.8,0.6175573695168813
truthfulqa_156_best,truthfulqa,0,5,0.07630351118622003,0.31553731974402266,0.6081591690697573,0.0,0.1,0.9,0.6196169042789013
truthfulqa_777_best,truthfulqa,0,5,0.04945264073472499,0.062231412048431925,0.8883159472168431,0.0,0.0,1.0,0.5063893856568535
truthfulqa_17_inc_2,truthfulqa,1,5,0.13268847940192607,0.0399530106651649,0.8273585099329089,0.1,0.0,0.9,0.45363226563161935
truthfulqa_120_corr_1,truthfulqa,0,5,0.31446714559183253,0.06542140248183087,0.6201114519263367,0.5,0.0,0.5,0.3754771284449992
truthfulqa_506_best,truthfulqa,0,5,0.011960088491390986,0.1566016475885176,0.8314382639200915,0.0,0.1,0.9,0.5723207795485633
truthfulqa_76_best,truthfulqa,0,5,0.06200006089302057,0.4045356670068424,0.533464272100137,0.0,0.6,0.4,0.6712678030569109
truthfulqa_37_inc_3,truthfulqa,1,5,0.004187545439380907,0.6123567045579495,0.38345575000266946,0.0,0.7,0.3,0.8040845795592843
truthfulqa_361_inc_1,truthfulqa,1,5,0.3395852115067895,0.31745734405800685,0.3429574444352037,0.3,0.5,0.2,0.4889360662756087
truthfulqa_675_best,truthfulqa,0,5,0.034069759234627045,0.1332484925030988,0.832681748262274,0.0,0.0,1.0,0.5495893666342359
truthfulqa_517_corr_2,truthfulqa,0,5,0.03313486835545796,0.32564964451357903,0.641215487130963,0.0,0.1,0.9,0.6462573880790605
truthfulqa_768_inc_5,truthfulqa,1,5,0.0011340700664607486,0.6735733244290207,0.32529260550451844,0.0,0.9,0.1,0.83621962718128
truthfulqa_693_inc_1,truthfulqa,1,5,0.012393293410928468,0.16811232771365736,0.8194943788754141,0.0,0.1,0.9,0.5778595171513644
truthfulqa_77_best,truthfulqa,0,5,0.03804543608003354,0.32492574936228613,0.6370288145576805,0.0,0.3,0.7,0.6434401566411263
truthfulqa_325_corr_2,truthfulqa,0,5,0.07816896267596754,0.22946720181675592,0.6923638355072764,0.0,0.0,1.0,0.5756491195703941
truthfulqa_462_inc_2,truthfulqa,1,5,0.04480023364858806,0.16440267192748972,0.7907970944239222,0.0,0.0,1.0,0.5598012191394508
truthfulqa_567_inc_5,truthfulqa,1,5,0.7777362770992674,0.007447254124358102,0.21481646877637456,0.6,0.0,0.4,0.11485548851254539
truthfulqa_487_inc_7,truthfulqa,1,5,0.01696294077468589,0.06955783943431552,0.9134792197909987,0.0,0.0,1.0,0.5262974493298148
truthfulqa_7_inc_2,truthfulqa,1,5,0.06390291399507972,0.45491931357200743,0.48117777243291276,0.0,0.6,0.4,0.6955081997884638
truthfulqa_222_corr_1,truthfulqa,0,5,0.27956874536160203,0.007205059610979213,0.7132261950274187,0.2,0.0,0.8,0.36381815712468857
truthfulqa_101_corr_3,truthfulqa,0,5,0.25739875158243464,0.20597119907354342,0.536630049344022,0.1,0.2,0.7,0.4742862237455544
truthfulqa_512_inc_3,truthfulqa,1,5,0.14343272117482686,0.03178578357485917,0.824781495250314,0.0,0.0,1.0,0.44417653120001616
truthfulqa_313_inc_4,truthfulqa,1,5,0.4475384259105499,0.016628825954375495,0.5358327481350746,0.6,0.0,0.4,0.2845452000219128
truthfulqa_18_corr_5,truthfulqa,0,5,0.051366647697558464,0.011924654418087561,0.936708697884354,0.0,0.0,1.0,0.4802790033602645
truthfulqa_53_best,truthfulqa,0,5,0.14400871414318453,0.08649572951978143,0.7694955563370339,0.0,0.0,1.0,0.47124350768829837
truthfulqa_191_best,truthfulqa,0,5,0.034392601406975656,0.08646456536373824,0.8791428332292861,0.0,0.0,1.0,0.5260359819783813
truthfulqa_563_inc_5,truthfulqa,1,5,0.29893229812577593,0.696182145195646,0.004885556678578153,0.3,0.7,0.0,0.6986249235349351
truthfulqa_323_corr_2,truthfulqa,0,5,0.05421656160935072,0.3579770161661085,0.5878064222245407,0.0,0.2,0.8,0.6518802272783788
truthfulqa_501_inc_4,truthfulqa,1,5,0.00644132812990667,0.7251185383211867,0.2684401335489065,0.0,0.6,0.4,0.85933860509564
truthfulqa_309_corr_3,truthfulqa,0,5,0.09796057496646701,0.10620965025512663,0.7958297747784063,0.0,0.0,1.0,0.5041245376443297
truthfulqa_345_inc_3,truthfulqa,1,5,0.03886081923269603,0.5781545848059712,0.3829845959613328,0.0,0.6,0.4,0.7696468827866375
truthfulqa_329_inc_1,truthfulqa,1,5,0.15428583086059436,0.19153653906092244,0.6541776300784832,0.1,0.1,0.8,0.518625354100164
truthfulqa_613_corr_1,truthfulqa,0,5,0.3052520514961529,0.09973097131353756,0.5950169771903095,0.2,0.1,0.7,0.39723945990869236
truthfulqa_576_corr_2,truthfulqa,0,5,0.005522072582192048,0.5686607416148926,0.42581718580291533,0.0,0.6,0.4,0.7815693345163502
truthfulqa_621_corr_1,truthfulqa,0,5,0.13427374202423428,0.3914119551761498,0.4743143027996159,0.1,0.4,0.5,0.6285691065759578
truthfulqa_549_inc_4,truthfulqa,1,5,0.008587522117155362,0.16030602374564962,0.831106454137195,0.0,0.2,0.8,0.575859250814247
truthfulqa_366_corr_1,truthfulqa,0,5,0.0456972893821813,0.3466176647733749,0.6076850458444438,0.0,0.2,0.8,0.6504601876955969
truthfulqa_136_inc_2,truthfulqa,1,5,0.1499031589803757,0.1573181707034053,0.692778670316219,0.0,0.1,0.9,0.5037075058615148
truthfulqa_581_corr_1,truthfulqa,0,5,0.14618976041809356,0.610997782365697,0.24281245721620942,0.0,0.7,0.3,0.7324040109738017
truthfulqa_344_inc_2,truthfulqa,1,5,0.24350868491587416,0.0933703363803058,0.66312097870382,0.2,0.0,0.8,0.4249308257322158
truthfulqa_228_corr_2,truthfulqa,0,5,0.14393260613209685,0.027568125766440226,0.8284992681014629,0.0,0.0,1.0,0.4418177598171717
truthfulqa_62_corr_4,truthfulqa,0,5,0.12775277750168582,0.3932912460647558,0.47895597643355836,0.1,0.3,0.6,0.632769234281535
truthfulqa_642_best,truthfulqa,0,5,0.08813045739758972,0.015137593498324442,0.8967319491040859,0.0,0.0,1.0,0.4635035680503674
truthfulqa_62_best,truthfulqa,0,5,0.06933713798386462,0.3717173812703967,0.5589454807457386,0.1,0.3,0.6,0.6511901216432661
truthfulqa_538_inc_6,truthfulqa,1,5,0.03056265845063768,0.19283230513681973,0.7766050364125425,0.0,0.0,1.0,0.581134823343091
truthfulqa_52_corr_0,truthfulqa,0,5,0.07503304659116802,0.0123808660767788,0.912586087332053,0.0,0.0,1.0,0.4686739097428053
truthfulqa_531_corr_2,truthfulqa,0,5,0.4594476497032115,0.08053116002470753,0.4600211902720809,0.6,0.0,0.4,0.310541755160748
truthfulqa_63_inc_0,truthfulqa,1,5,0.10925902812269735,0.3937641804388907,0.4969767914384119,0.0,0.5,0.5,0.6422525761580966
truthfulqa_44_inc_2,truthfulqa,1,5,0.024583497723625107,0.16648994316592997,0.808926559110445,0.0,0.1,0.9,0.5709532227211525
truthfulqa_533_inc_0,truthfulqa,1,5,0.39402685803607446,0.17884966367496666,0.4271234782889589,0.3,0.1,0.6,0.3924114028194461
truthfulqa_321_inc_2,truthfulqa,1,5,0.06309975415295235,0.06163806530474033,0.8752621805423073,0.0,0.0,1.0,0.49926915557589396
truthfulqa_163_corr_1,truthfulqa,0,5,0.10191350954806311,0.03426917190296116,0.8638173185489759,0.0,0.0,1.0,0.4661778311774491
truthfulqa_776_corr_1,truthfulqa,0,5,0.1928266094921032,0.4234305104272232,0.38374288008067364,0.2,0.5,0.3,0.61530195046756
truthfulqa_574_inc_8,truthfulqa,1,5,0.20019936188634144,0.6938243544566298,0.10597628365702891,0.1,0.7,0.2,0.7468124962851442
truthfulqa_399_inc_0,truthfulqa,1,5,0.2120040885359537,0.1488577742016428,0.6391381372624035,0.0,0.0,1.0,0.4684268428328446
truthfulqa_491_inc_5,truthfulqa,1,5,0.05895642431327468,0.2756687877973234,0.665374787889402,0.0,0.3,0.7,0.6083561817420244
truthfulqa_280_inc_1,truthfulqa,1,5,0.054857637187359774,0.30404363513563276,0.6410987276770075,0.0,0.2,0.8,0.6245929989741366
truthfulqa_789_corr_2,truthfulqa,0,5,0.10256306526125136,0.0415823838860094,0.8558545508527391,0.0,0.0,1.0,0.4695096593123789
truthfulqa_582_inc_6,truthfulqa,1,5,0.17511722538776808,0.48583275800309034,0.3390500166091416,0.1,0.6,0.3,0.6553577663076611
truthfulqa_683_best,truthfulqa,0,5,0.058611992339981135,0.8115447396240416,0.12984326803597726,0.1,0.9,0.0,0.8764663736420303
truthfulqa_227_inc_2,truthfulqa,1,5,0.7289805111360537,0.001816348913422891,0.26920313995052336,0.8,0.0,0.2,0.13641791888868457
truthfulqa_300_inc_6,truthfulqa,1,5,0.16205283531456227,0.041347955393876146,0.7965992092915617,0.1,0.0,0.9,0.439647560039657
truthfulqa_81_corr_2,truthfulqa,0,5,0.1768437075497168,0.1674246692284675,0.6557316232218157,0.0,0.1,0.9,0.4952904808393753
truthfulqa_11_corr_2,truthfulqa,0,5,0.10740408434412818,0.5936578634447247,0.2989380522111471,0.1,0.5,0.4,0.7431268895502983
truthfulqa_368_best,truthfulqa,0,5,0.117655331227528,0.38169114569458895,0.500653523077883,0.0,0.3,0.7,0.6320179072335305
truthfulqa_72_best,truthfulqa,0,5,0.07115177677035965,0.1672970916217841,0.7615511316078563,0.0,0.1,0.9,0.5480726574257122
truthfulqa_760_inc_3,truthfulqa,1,5,0.01017368805260801,0.09165181605129032,0.8981744958961017,0.0,0.0,1.0,0.5407390639993411
truthfulqa_68_corr_1,truthfulqa,0,5,0.21337567695776385,0.2069370876977362,0.5796872353444998,0.1,0.2,0.7,0.4967807053699861
truthfulqa_269_inc_1,truthfulqa,1,5,0.24049986493156963,0.08276896277354948,0.676731172294881,0.0,0.1,0.9,0.42113454892099
truthfulqa_461_corr_1,truthfulqa,0,5,0.017436498112736704,0.09206313320180949,0.8905003686854538,0.0,0.0,1.0,0.5373133175445364
truthfulqa_359_inc_0,truthfulqa,1,5,0.07909079292882223,0.028663717683378897,0.8922454893877989,0.0,0.0,1.0,0.47478646237727834
truthfulqa_778_corr_1,truthfulqa,0,5,0.203496797589401,0.2032722758970466,0.5932309265135522,0.1,0.2,0.7,0.49988773915382273
truthfulqa_79_corr_1,truthfulqa,0,5,0.17939462684929602,0.014839895754183291,0.8057654773965208,0.0,0.0,1.0,0.41772263445244373
truthfulqa_138_inc_1,truthfulqa,1,5,0.17184111154780882,0.6100216980093404,0.21813719044285085,0.1,0.5,0.4,0.7190902932307658
truthfulqa_533_best,truthfulqa,0,5,0.27869453410984085,0.3855870371036166,0.33571842878654257,0.2,0.4,0.4,0.5534462514968879
truthfulqa_469_inc_4,truthfulqa,1,5,0.3086028774692309,0.47996848434326395,0.21142863818750515,0.2,0.4,0.4,0.5856828034370165
truthfulqa_358_corr_4,truthfulqa,0,5,0.07024199115169044,0.33884873398723203,0.5909092748610776,0.0,0.4,0.6,0.6343033714177708
truthfulqa_317_inc_1,truthfulqa,1,5,0.0237129909475834,0.11464888242247637,0.8616381266299402,0.0,0.0,1.0,0.5454679457374465
truthfulqa_147_inc_3,truthfulqa,1,5,0.05583967038784178,0.5330460323002492,0.41111429731190896,0.0,0.6,0.4,0.7386031809562037
truthfulqa_126_inc_2,truthfulqa,1,5,0.002681678677227524,0.9864521138474803,0.010866207475292291,0.0,1.0,0.0,0.9918852175851265
truthfulqa_40_inc_6,truthfulqa,1,5,0.13932556461088247,0.05864687694135502,0.8020275584477625,0.1,0.0,0.9,0.45966065616523627
truthfulqa_10_inc_1,truthfulqa,1,5,0.2026348024346476,0.7822964144950697,0.015068783070282674,0.2,0.8,0.0,0.789830806030211
truthfulqa_729_corr_1,truthfulqa,0,5,0.04827592775080586,0.5060342841171569,0.4456897881320373,0.0,0.6,0.4,0.7288791781831756
truthfulqa_443_inc_2,truthfulqa,1,5,0.32148378911715236,0.34362887643785706,0.33488733444499047,0.1,0.3,0.6,0.5110725436603523
truthfulqa_519_inc_3,truthfulqa,1,5,0.6574817150634698,0.002590637457294189,0.339927647479236,1.0,0.0,0.0,0.17255446119691217
truthfulqa_264_corr_1,truthfulqa,0,5,0.05730961199967015,0.08296501222945202,0.8597253757708778,0.0,0.1,0.9,0.5128277001148909
truthfulqa_535_corr_1,truthfulqa,0,5,0.19458150927355583,0.01179062335457812,0.793627867371866,0.2,0.0,0.8,0.40860455704051113
truthfulqa_754_best,truthfulqa,0,5,0.09979437860382925,0.26209909982659596,0.6381065215695748,0.0,0.0,1.0,0.5811523606113833
truthfulqa_451_best,truthfulqa,0,5,0.016558293785264043,0.16341884307500534,0.8200228631397305,0.0,0.0,1.0,0.5734302746448706
truthfulqa_447_corr_1,truthfulqa,0,5,0.17078672310179616,0.4478449120045774,0.38136836489362647,0.1,0.5,0.4,0.6385290944513906
truthfulqa_32_inc_3,truthfulqa,1,5,0.08950755146117537,0.19430053141639078,0.7161919171224339,0.0,0.1,0.9,0.5523964899776077
truthfulqa_185_inc_2,truthfulqa,1,5,0.07633155649883568,0.1654108947302016,0.7582575487709627,0.0,0.0,1.0,0.544539669115683
truthfulqa_715_best,truthfulqa,0,5,0.039976908400390906,0.029012850750631047,0.931010240848978,0.0,0.0,1.0,0.49451797117512003
truthfulqa_347_corr_4,truthfulqa,0,5,0.10885702178082471,0.5076602312728611,0.3834827469463142,0.0,0.5,0.5,0.6994016047460182
truthfulqa_704_inc_2,truthfulqa,1,5,0.19618353558145785,0.5202814518755884,0.28353501254295377,0.2,0.5,0.3,0.6620489581470652
truthfulqa_613_inc_2,truthfulqa,1,5,0.2021091020528138,0.014598462802423431,0.7832924351447628,0.1,0.0,0.9,0.4062446803748048
truthfulqa_79_inc_3,truthfulqa,1,5,0.1385549199707366,0.012689265932834978,0.8487558140964284,0.0,0.0,1.0,0.4370671729810492
truthfulqa_67_corr_1,truthfulqa,0,5,0.09394588032339801,0.28904682209767935,0.6170072975789226,0.0,0.4,0.6,0.5975504708871406
truthfulqa_122_corr_0,truthfulqa,0,5,0.06460717683942215,0.4746753609864264,0.4607174621741515,0.0,0.5,0.5,0.7050340920735021
truthfulqa_368_inc_2,truthfulqa,1,5,0.32250612252795535,0.09481871746019002,0.5826751600118547,0.2,0.1,0.7,0.38615629746611735
truthfulqa_332_corr_2,truthfulqa,0,5,0.27698756980835804,0.1321757124613468,0.590836717730295,0.0,0.1,0.9,0.4275940713264943
truthfulqa_637_corr_2,truthfulqa,0,5,0.0735570080180167,0.09841496794826779,0.8280280240337156,0.0,0.0,1.0,0.5124289799651256
truthfulqa_632_corr_1,truthfulqa,0,5,0.0745088285791346,0.17098498409865526,0.7545061873222102,0.0,0.0,1.0,0.5482380777597604
truthfulqa_597_best,truthfulqa,0,5,0.013786067992609308,0.16616179932163405,0.8200521326857567,0.0,0.0,1.0,0.5761878656645124
truthfulqa_119_inc_0,truthfulqa,1,5,0.10254377353768229,0.030570508911759487,0.8668857175505581,0.0,0.0,1.0,0.46401336768703855
truthfulqa_342_best,truthfulqa,0,5,0.18752949619900006,0.07843487898675722,0.7340356248142428,0.1,0.0,0.9,0.4454526913938786
truthfulqa_554_corr_2,truthfulqa,0,5,0.33455272747986137,0.11043234196885728,0.5550149305512815,0.4,0.1,0.5,0.387939807244498
truthfulqa_487_inc_0,truthfulqa,1,5,0.038706397390074844,0.2605781800440842,0.7007154225658411,0.0,0.3,0.7,0.6109358913270047
truthfulqa_799_best,truthfulqa,0,5,0.09310559031994689,0.2492042662922927,0.6576901433877603,0.0,0.0,1.0,0.5780493379861729
truthfulqa_329_corr_3,truthfulqa,0,5,0.26792432329987387,0.2693978475460546,0.4626778291540716,0.3,0.2,0.5,0.5007367621230904
truthfulqa_490_corr_1,truthfulqa,0,5,0.03810313763808217,0.4554588454006473,0.5064380169612706,0.0,0.4,0.6,0.7086778538812826
truthfulqa_45_corr_0,truthfulqa,0,5,0.022476649636747056,0.20379735713801755,0.7737259932252354,0.0,0.2,0.8,0.5906603537506352
truthfulqa_266_inc_1,truthfulqa,1,5,0.052817798056558674,0.438788371860241,0.5083938300832003,0.0,0.4,0.6,0.6929852869018411
truthfulqa_787_inc_3,truthfulqa,1,5,0.04107559954938298,0.07351022993867329,0.8854141705119438,0.0,0.0,1.0,0.5162173151946452
truthfulqa_109_inc_2,truthfulqa,1,5,0.09290773068704607,0.4510815341936684,0.45601073511928564,0.0,0.5,0.5,0.6790869017533112
truthfulqa_557_corr_2,truthfulqa,0,5,0.2717212586034099,0.11011611019913173,0.6181626311974584,0.2,0.0,0.8,0.4191974257978609
truthfulqa_381_inc_1,truthfulqa,1,5,0.04828395700508582,0.1145902829539605,0.8371257600409537,0.0,0.0,1.0,0.5331531629744374
truthfulqa_813_inc_4,truthfulqa,1,5,0.11227394538646392,0.6465144541017355,0.24121160051180063,0.2,0.8,0.0,0.7671202543576358
truthfulqa_572_best,truthfulqa,0,5,0.10602874073590067,0.7759533488637598,0.11801791040033952,0.1,0.8,0.1,0.8349623040639296
truthfulqa_674_inc_3,truthfulqa,1,5,0.13571756866949386,0.7595973224336829,0.10468510889682314,0.1,0.9,0.0,0.8119398768820945
truthfulqa_357_inc_1,truthfulqa,1,5,0.06322927423636744,0.2821125828818325,0.6546581428818001,0.0,0.3,0.7,0.6094416543227326
truthfulqa_168_inc_0,truthfulqa,1,5,0.2825634279862408,0.06648169890923745,0.6509548731045218,0.1,0.0,0.9,0.39195913546149835
truthfulqa_314_inc_3,truthfulqa,1,5,0.24245922603411557,0.06875020095615234,0.688790573009732,0.0,0.0,1.0,0.4131454874610183
truthfulqa_787_corr_1,truthfulqa,0,5,0.25716778645649463,0.026518269755831735,0.7163139437876737,0.1,0.0,0.9,0.38467524164966854
truthfulqa_114_inc_3,truthfulqa,1,5,0.00325375848721237,0.9497494578648172,0.046996783647970226,0.0,1.0,0.0,0.9732478496888024
truthfulqa_212_corr_2,truthfulqa,0,5,0.04183830516632588,0.059815444092246074,0.898346250741428,0.0,0.0,1.0,0.5089885694629601
truthfulqa_341_inc_1,truthfulqa,1,5,0.005785773154085782,0.3713343880388486,0.6228798388070655,0.0,0.4,0.6,0.6827743074423813
truthfulqa_646_best,truthfulqa,0,5,0.07803623159481161,0.664940321274631,0.25702344713055736,0.0,0.6,0.4,0.7934520448399096
truthfulqa_559_inc_2,truthfulqa,1,5,0.5934692446118983,0.3991711757245469,0.007359579663554901,0.6,0.4,0.0,0.4028509655563244
truthfulqa_392_corr_1,truthfulqa,0,5,0.0576875698959494,0.4022198239791527,0.5400926061248981,0.0,0.5,0.5,0.6722661270416017
truthfulqa_332_best,truthfulqa,0,5,0.29932415300100546,0.17313141572219387,0.5275444312768007,0.3,0.0,0.7,0.43690363136059424
truthfulqa_349_corr_1,truthfulqa,0,5,0.031023310653854642,0.1970032329435769,0.7719734564025685,0.0,0.0,1.0,0.5829899611448612
truthfulqa_575_inc_6,truthfulqa,1,5,0.10454152154951357,0.8871113261515964,0.008347152298889965,0.1,0.9,0.0,0.8912849023010414
truthfulqa_467_inc_0,truthfulqa,1,5,0.07024428580914358,0.4961963354420763,0.43355937874878003,0.0,0.5,0.5,0.7129760248164663
truthfulqa_308_corr_2,truthfulqa,0,5,0.12321926920877509,0.030508631079367667,0.8462720997118574,0.0,0.0,1.0,0.45364468093529636
truthfulqa_443_best,truthfulqa,0,5,0.23408041531219242,0.3193399493853988,0.44657963530240885,0.1,0.2,0.7,0.5426297670366032
truthfulqa_424_corr_1,truthfulqa,0,5,0.2968095885992514,0.5981632260372114,0.10502718536353725,0.2,0.6,0.2,0.65067681871898
truthfulqa_369_inc_2,truthfulqa,1,5,0.039292100810247074,0.0230917460143319,0.937616153175421,0.0,0.0,1.0,0.4918998226020424
truthfulqa_115_corr_1,truthfulqa,0,5,0.3895097994125378,0.05262333772256411,0.5578668628648981,0.3,0.0,0.7,0.33155676915501314
truthfulqa_547_inc_0,truthfulqa,1,5,0.16675450549557674,0.8131003475217948,0.020145146982628512,0.2,0.8,0.0,0.8231729210131091
truthfulqa_546_inc_0,truthfulqa,1,5,0.009680207402382264,0.02163834874004337,0.9686814438575745,0.0,0.0,1.0,0.5059790706688306
truthfulqa_222_inc_3,truthfulqa,1,5,0.15162225902350557,0.477674801253306,0.37070293972318835,0.1,0.4,0.5,0.6630262711149002
truthfulqa_331_corr_3,truthfulqa,0,5,0.12421755103689525,0.4495882305042769,0.4261942184588278,0.2,0.6,0.2,0.6626853397336908
truthfulqa_124_corr_0,truthfulqa,0,5,0.013235842958602275,0.11797568482205685,0.868788472219341,0.0,0.0,1.0,0.5523699209317273
truthfulqa_505_inc_4,truthfulqa,1,5,0.009472969801388684,0.22799660443822906,0.7625304257603822,0.0,0.2,0.8,0.6092618173184201
truthfulqa_179_corr_2,truthfulqa,0,5,0.63096125218234,0.11078736816435715,0.25825137965330286,0.8,0.0,0.2,0.2399130579910086
truthfulqa_700_inc_0,truthfulqa,1,5,0.017669864467638293,0.015982646253157127,0.9663474892792046,0.0,0.0,1.0,0.4991563908927594
truthfulqa_624_best,truthfulqa,0,5,0.0015239068373843392,0.9592424776056804,0.039233615556935234,0.0,1.0,0.0,0.978859285384148
truthfulqa_281_inc_5,truthfulqa,1,5,0.03625925512639967,0.19620711741863192,0.7675336274549684,0.0,0.1,0.9,0.5799739311461162
truthfulqa_69_inc_2,truthfulqa,1,5,0.2674149760400413,0.014960621567101911,0.7176244023928569,0.1,0.0,0.9,0.37377282276353035
truthfulqa_24_corr_1,truthfulqa,0,5,0.0716736967783024,0.06833232533849534,0.8599939778832022,0.0,0.0,1.0,0.4983293142800964
truthfulqa_549_best,truthfulqa,0,5,0.019813250852406636,0.37987416719884126,0.600312581948752,0.0,0.3,0.7,0.6800304581732173
truthfulqa_237_corr_1,truthfulqa,0,5,0.03146561995889109,0.5271917321227411,0.44134264791836786,0.0,0.6,0.4,0.747863056081925
truthfulqa_474_corr_1,truthfulqa,0,5,0.058083899427326,0.2928210358332084,0.6490950647394657,0.0,0.2,0.8,0.6173685682029413
truthfulqa_455_corr_1,truthfulqa,0,5,0.06378976619382691,0.19776539440470706,0.738444839401466,0.0,0.2,0.8,0.5669878141054401
truthfulqa_17_corr_2,truthfulqa,0,5,0.12083440963033634,0.13188269468720631,0.7472828956824573,0.0,0.2,0.8,0.5055241425284349
truthfulqa_753_inc_0,truthfulqa,1,5,0.0037497712624032465,0.8530325357774204,0.14321769296017625,0.0,1.0,0.0,0.9246413822575086
truthfulqa_276_inc_4,truthfulqa,1,5,0.033435390196691554,0.013017268215793543,0.9535473415875149,0.0,0.0,1.0,0.48979093900955095
truthfulqa_362_inc_1,truthfulqa,1,5,0.13404768880280027,0.0077042986827402776,0.8582480125144594,0.0,0.0,1.0,0.43682830493996994
truthfulqa_769_corr_1,truthfulqa,0,5,0.10207811980847274,0.07708670928055945,0.8208351709109678,0.0,0.0,1.0,0.48750429473604334
truthfulqa_532_best,truthfulqa,0,5,0.16608598688169893,0.26428737584968864,0.5696266372686123,0.1,0.3,0.6,0.5491006944839948
truthfulqa_241_inc_1,truthfulqa,1,5,0.07796212548855184,0.17108924986545893,0.7509486246459891,0.0,0.0,1.0,0.5465635621884535
truthfulqa_147_inc_2,truthfulqa,1,5,0.0312830591880188,0.48060652531234177,0.4881104154996395,0.0,0.3,0.7,0.7246617330621615
truthfulqa_661_inc_3,truthfulqa,1,5,0.0892799604878549,0.017325903352751536,0.8933941361593936,0.0,0.0,1.0,0.4640229714324483
truthfulqa_578_inc_2,truthfulqa,1,5,0.003660742083196753,0.6786507636809603,0.3176884942358429,0.0,0.7,0.3,0.8374950107988818
truthfulqa_370_inc_2,truthfulqa,1,5,0.14391716069653193,0.26412868038483,0.5919541589186381,0.1,0.3,0.6,0.560105759844149
truthfulqa_16_inc_1,truthfulqa,1,5,0.10153840886798238,0.014690650062757816,0.8837709410692598,0.0,0.0,1.0,0.4565761205973877
truthfulqa_300_inc_1,truthfulqa,1,5,0.29620952764947156,0.0719940724777685,0.63179639987276,0.1,0.0,0.9,0.38789227241414853
truthfulqa_550_corr_2,truthfulqa,0,5,0.012534891279216167,0.13841856958065435,0.8490465391401294,0.0,0.1,0.9,0.562941839150719
truthfulqa_374_inc_1,truthfulqa,1,5,0.01821392203574743,0.24147762250158306,0.7403084554626695,0.0,0.2,0.8,0.6116318502329179
truthfulqa_455_inc_3,truthfulqa,1,5,0.009039868951401823,0.5388528557365423,0.4521072753120559,0.0,0.6,0.4,0.7649064933925702
truthfulqa_11_corr_0,truthfulqa,0,5,0.29983995634243316,0.5606535827474822,0.13950646091008448,0.4,0.6,0.0,0.6304068132025245
truthfulqa_679_best,truthfulqa,0,5,0.19831373646633663,0.7983489535936523,0.003337309940011097,0.2,0.8,0.0,0.8000176085636579
truthfulqa_587_corr_1,truthfulqa,0,5,0.2573919854982928,0.18159049766463214,0.5610175168370751,0.1,0.2,0.7,0.4620992560831697
truthfulqa_191_inc_2,truthfulqa,1,5,0.01769552030488077,0.1440802486239177,0.8382242310712016,0.0,0.0,1.0,0.5631923641595185
truthfulqa_624_inc_2,truthfulqa,1,5,0.001400488086550375,0.8677686938427952,0.13083081807065441,0.0,1.0,0.0,0.9331841028781224
truthfulqa_418_inc_0,truthfulqa,1,5,0.0039382953395840055,0.9737572466320188,0.022304458028397173,0.0,1.0,0.0,0.9849094756462173
truthfulqa_406_corr_4,truthfulqa,0,5,0.01619410676596081,0.15472603624181644,0.8290798569922228,0.0,0.0,1.0,0.5692659647379278
truthfulqa_203_inc_1,truthfulqa,1,5,0.058837455944140596,0.46575891141362524,0.4754036326422342,0.1,0.5,0.4,0.7034607277347423
truthfulqa_316_corr_1,truthfulqa,0,5,0.04330896087748629,0.30125961445981625,0.6554314246626975,0.0,0.3,0.7,0.6289753267911651
truthfulqa_153_inc_1,truthfulqa,1,5,0.0780352743758893,0.14692843749358084,0.7750362881305299,0.0,0.0,1.0,0.5344465815588458
truthfulqa_245_corr_2,truthfulqa,0,5,0.013869818037197005,0.00710780966077888,0.979022372302024,0.0,0.0,1.0,0.4966189958117909
truthfulqa_147_inc_1,truthfulqa,1,5,0.23308926037668676,0.4072985275100146,0.35961221211329863,0.3,0.5,0.2,0.5871046335666639
truthfulqa_160_inc_1,truthfulqa,1,5,0.20132276532444915,0.02478118261717962,0.7738960520583712,0.0,0.0,1.0,0.4117292086463652
truthfulqa_152_corr_0,truthfulqa,0,5,0.008174359241972639,0.6605840756527568,0.3312415651052706,0.0,0.6,0.4,0.826204858205392
truthfulqa_118_best,truthfulqa,0,5,0.11569780760821244,0.4788362975368745,0.4054658948549131,0.0,0.6,0.4,0.681569244964331
truthfulqa_511_inc_2,truthfulqa,1,5,0.07531734526166288,0.20312968824302127,0.721552966495316,0.0,0.3,0.7,0.5639061714906792
truthfulqa_735_inc_0,truthfulqa,1,5,0.255025153400414,0.08729394647597655,0.6576809001236095,0.2,0.0,0.8,0.4161343965377813
truthfulqa_474_inc_1,truthfulqa,1,5,0.04588100040275698,0.17908815262584132,0.7750308469714018,0.0,0.1,0.9,0.5666035761115422
truthfulqa_363_corr_2,truthfulqa,0,5,0.14943263887260053,0.14458123678066187,0.7059861243467376,0.0,0.1,0.9,0.49757429895403066
truthfulqa_316_best,truthfulqa,0,5,0.03214047527897128,0.053657092852279376,0.9142024318687492,0.0,0.0,1.0,0.510758308786654
truthfulqa_493_inc_0,truthfulqa,1,5,0.015275785184985355,0.29478397886723223,0.6899402359477824,0.0,0.2,0.8,0.6397540968411235
truthfulqa_34_inc_4,truthfulqa,1,5,0.029400420745436456,0.6909341467161809,0.2796654325383826,0.0,0.8,0.2,0.8307668629853722
truthfulqa_338_inc_2,truthfulqa,1,5,0.2830641503079634,0.3373261751682027,0.379609674523834,0.4,0.3,0.3,0.5271310124301196
truthfulqa_330_corr_2,truthfulqa,0,5,0.1107717815419484,0.36584002849314357,0.5233881899649081,0.0,0.4,0.6,0.6275341234755976
truthfulqa_236_corr_3,truthfulqa,0,5,0.02018011500030112,0.19220578633778124,0.7876140986619176,0.0,0.2,0.8,0.58601283566874
truthfulqa_438_inc_2,truthfulqa,1,5,0.7937177138817085,0.0008206255765018074,0.20546166054178974,0.6,0.0,0.4,0.10355145584739668
truthfulqa_115_inc_1,truthfulqa,1,5,0.0879310392168258,0.5639406372227128,0.34812832356046136,0.1,0.7,0.2,0.7380047990029435
truthfulqa_658_best,truthfulqa,0,5,0.03886889192296845,0.06477035848747421,0.8963607495895574,0.0,0.0,1.0,0.5129507332822529
truthfulqa_297_corr_2,truthfulqa,0,5,0.003246799000619198,0.24984716666875634,0.7469060343306244,0.0,0.3,0.7,0.6233001838340686
truthfulqa_796_best,truthfulqa,0,5,0.04941202598097041,0.07674486965732263,0.873843104361707,0.0,0.0,1.0,0.5136664218381761
truthfulqa_619_inc_0,truthfulqa,1,5,0.02426122338508266,0.4354943528117988,0.5402444238031185,0.0,0.6,0.4,0.7056165647133581
truthfulqa_469_inc_1,truthfulqa,1,5,0.21404536618450712,0.4384581592472084,0.3474964745682845,0.1,0.3,0.6,0.6122063965313507
truthfulqa_627_inc_1,truthfulqa,1,5,0.025521967456443344,0.3552550005838836,0.619223031959673,0.0,0.4,0.6,0.6648665165637201
truthfulqa_692_inc_1,truthfulqa,1,5,0.04771158838985777,0.00183095787590627,0.9504574537342361,0.0,0.0,1.0,0.4770596847430243
truthfulqa_287_inc_2,truthfulqa,1,5,0.3406397554113178,0.025058835203749,0.6343014093849333,0.2,0.0,0.8,0.34220953989621566
truthfulqa_36_corr_3,truthfulqa,0,5,0.05239054221835214,0.6066552712720616,0.34095418650958625,0.0,0.5,0.5,0.7771323645268547
truthfulqa_589_inc_0,truthfulqa,1,5,0.03983223777302077,0.19413557990351268,0.7660321823234665,0.0,0.1,0.9,0.5771516710652459
truthfulqa_317_inc_2,truthfulqa,1,5,0.07524342610696327,0.014880270102056262,0.9098763037909805,0.0,0.0,1.0,0.46981842199754653
truthfulqa_660_inc_2,truthfulqa,1,5,0.2400243244668653,0.11072793531868312,0.6492477402144516,0.2,0.0,0.8,0.43535180542590896
truthfulqa_456_inc_1,truthfulqa,1,5,0.02271248025050581,0.028906063783499174,0.9483814559659949,0.0,0.0,1.0,0.5030967917664966
truthfulqa_102_corr_3,truthfulqa,0,5,0.2346403456972453,0.031113076350777202,0.7342465779519776,0.0,0.0,1.0,0.398236365326766
truthfulqa_56_corr_2,truthfulqa,0,5,0.07296597265101049,0.12735896460136414,0.7996750627476253,0.0,0.0,1.0,0.5271964959751768
truthfulqa_804_best,truthfulqa,0,5,0.08426368231841014,0.07645748234236946,0.8392788353392204,0.0,0.1,0.9,0.4960969000119797
truthfulqa_362_corr_2,truthfulqa,0,5,0.03274459374267843,0.1731975346569048,0.7940578716004169,0.0,0.0,1.0,0.5702264704571132
truthfulqa_190_inc_1,truthfulqa,1,5,0.04696673143792438,0.004015054113499953,0.9490182144485757,0.0,0.0,1.0,0.4785241613377878
truthfulqa_785_best,truthfulqa,0,5,0.0870986211037715,0.026518457901099662,0.8863829209951287,0.1,0.0,0.9,0.46970991839866405
truthfulqa_205_inc_1,truthfulqa,1,5,0.0025005068359006755,0.9582384837020779,0.03926100946202145,0.0,1.0,0.0,0.9778689884330886
truthfulqa_75_corr_3,truthfulqa,0,5,0.04447895514103178,0.009698217883983644,0.9458228269749845,0.0,0.0,1.0,0.4826096313714759
truthfulqa_588_inc_3,truthfulqa,1,5,0.16410741124325798,0.34880732897562217,0.4870852597811199,0.1,0.6,0.3,0.5923499588661821
truthfulqa_410_best,truthfulqa,0,5,0.10613264477096204,0.0288483067565204,0.8650190484725175,0.0,0.0,1.0,0.46135783099277916
truthfulqa_68_inc_2,truthfulqa,1,5,0.02966585321690903,0.2752559249322897,0.6950782218508013,0.0,0.1,0.9,0.6227950358576904
truthfulqa_319_inc_2,truthfulqa,1,5,0.06474307695665085,0.31933412600050265,0.6159227970428465,0.0,0.3,0.7,0.6272955245219258
truthfulqa_593_inc_4,truthfulqa,1,5,0.05289274571961152,0.3261837819454431,0.6209234723349454,0.0,0.3,0.7,0.6366455181129158
truthfulqa_35_inc_3,truthfulqa,1,5,0.0016098371833737992,0.053194941498513046,0.945195221318113,0.0,0.0,1.0,0.5257925521575695
truthfulqa_169_inc_1,truthfulqa,1,5,0.033052090942994196,0.22028750478918485,0.746660404267821,0.0,0.2,0.8,0.5936177069230953
truthfulqa_600_inc_0,truthfulqa,1,5,0.10657371113508221,0.3005193860751354,0.5929069027897823,0.1,0.3,0.6,0.5969728374700265
truthfulqa_777_inc_2,truthfulqa,1,5,0.23162529085194744,0.032043517004047124,0.7363311921440054,0.1,0.0,0.9,0.40020911307604984
truthfulqa_123_best,truthfulqa,0,5,0.09962562744637808,0.07834040899106362,0.8220339635625582,0.0,0.0,1.0,0.48935739077234275
truthfulqa_476_corr_2,truthfulqa,0,5,0.11814655180316558,0.3737011829112901,0.5081522652855444,0.0,0.3,0.7,0.6277773155540622
truthfulqa_364_inc_1,truthfulqa,1,5,0.03480121877670636,0.2761599487571599,0.6890388324661337,0.0,0.2,0.8,0.6206793649902267
truthfulqa_195_inc_3,truthfulqa,1,5,0.3361625381822296,0.09818062281149953,0.565656839006271,0.2,0.0,0.8,0.381009042314635
truthfulqa_703_corr_1,truthfulqa,0,5,0.05829412057459861,0.062175337757222414,0.8795305416681789,0.0,0.0,1.0,0.5019406085913118
truthfulqa_190_corr_1,truthfulqa,0,5,0.0204623098591976,0.017095975063376772,0.9624417150774255,0.0,0.0,1.0,0.49831683260208953
truthfulqa_802_inc_2,truthfulqa,1,5,0.06026680041152016,0.17340382195537837,0.7663293776331014,0.0,0.1,0.9,0.556568510771929
truthfulqa_278_inc_0,truthfulqa,1,5,0.1303080938212896,0.19316859700209732,0.6765233091766131,0.0,0.0,1.0,0.5314302515904039
truthfulqa_768_best,truthfulqa,0,5,0.004825799021640086,0.3012585635406448,0.6939156374377152,0.0,0.3,0.7,0.6482163822595024
truthfulqa_348_corr_6,truthfulqa,0,5,0.008941527048463842,0.08753889663188447,0.9035195763196515,0.0,0.0,1.0,0.5392986847917103
truthfulqa_577_corr_1,truthfulqa,0,5,0.0980016102697642,0.06533373749595608,0.8366646522342795,0.0,0.0,1.0,0.48366606361309583
truthfulqa_429_inc_0,truthfulqa,1,5,0.9875083017752111,0.0009459920630419422,0.011545706161746976,1.0,0.0,0.0,0.00671884514391543
truthfulqa_585_corr_1,truthfulqa,0,5,0.06522073687623467,0.24436250441346666,0.6904167587102987,0.1,0.0,0.9,0.589570883768616
truthfulqa_780_corr_3,truthfulqa,0,5,0.12126307568365993,0.48045756416084406,0.398279360155496,0.1,0.5,0.4,0.679597244238592
truthfulqa_112_inc_0,truthfulqa,1,5,0.06558138253804402,0.37120610544754234,0.5632125120144136,0.0,0.4,0.6,0.6528123614547492
truthfulqa_76_corr_2,truthfulqa,0,5,0.0772111750575256,0.5080874805637776,0.4147013443786968,0.0,0.6,0.4,0.715438152753126
truthfulqa_351_best,truthfulqa,0,5,0.029470411478270696,0.11319831699196545,0.8573312715297637,0.0,0.0,1.0,0.5418639527568473
truthfulqa_55_inc_3,truthfulqa,1,5,0.22099915258706715,0.28569842057467465,0.49330242683825815,0.2,0.2,0.6,0.5323496339938038
truthfulqa_399_corr_2,truthfulqa,0,5,0.06536435020673274,0.21777506833889762,0.7168605814543697,0.0,0.1,0.9,0.5762053590660825
truthfulqa_777_inc_0,truthfulqa,1,5,0.11344275260604912,0.010744441669487053,0.8758128057244638,0.0,0.0,1.0,0.448650844531719
truthfulqa_53_inc_1,truthfulqa,1,5,0.04489051929427004,0.18914906167437912,0.7659604190313508,0.0,0.2,0.8,0.5721292711900545
truthfulqa_451_inc_4,truthfulqa,1,5,0.03517347647733713,0.5025377366493725,0.4622887868732903,0.0,0.5,0.5,0.7336821300860177
truthfulqa_760_corr_1,truthfulqa,0,5,0.012506323356188323,0.507334430865852,0.4801592457779599,0.0,0.6,0.4,0.7474140537548319
truthfulqa_328_inc_2,truthfulqa,1,5,0.6675692180172296,0.030727797268391872,0.30170298471437845,0.4,0.0,0.6,0.1815792896255811
truthfulqa_564_inc_3,truthfulqa,1,5,0.09924660467615601,0.8981281522591742,0.002625243064669879,0.1,0.9,0.0,0.8994407737915091
truthfulqa_289_inc_2,truthfulqa,1,5,0.23718768448447242,0.19195912907987836,0.5708531864356493,0.2,0.2,0.6,0.47738572229770304
truthfulqa_236_corr_1,truthfulqa,0,5,0.011041015459219702,0.0029225536939419413,0.9860364308468383,0.0,0.0,1.0,0.4959407691173611
truthfulqa_54_inc_1,truthfulqa,1,5,0.09922805620668956,0.11752331619307763,0.7832486276002328,0.0,0.0,1.0,0.5091476299931941
truthfulqa_618_best,truthfulqa,0,5,0.1345427466954361,0.1481573098400822,0.7172999434644817,0.0,0.0,1.0,0.506807281572323
truthfulqa_663_best,truthfulqa,0,5,0.25138024897124106,0.2735714030878691,0.47504834794088974,0.1,0.2,0.7,0.511095577058314
truthfulqa_594_inc_4,truthfulqa,1,5,0.017193916667295618,0.18755303122521846,0.7952530521074859,0.0,0.0,1.0,0.5851795572789614
truthfulqa_504_inc_3,truthfulqa,1,5,0.034560272013684154,0.01339218690702267,0.9520475410792933,0.0,0.0,1.0,0.4894159574466693
truthfulqa_383_inc_2,truthfulqa,1,5,0.07585962253598502,0.5167247306255526,0.4074156468384625,0.1,0.6,0.3,0.7204325540447838
truthfulqa_576_inc_1,truthfulqa,1,5,0.1020559293787405,0.5018326268203899,0.3961114438008695,0.0,0.5,0.5,0.6998883487208246
truthfulqa_65_corr_1,truthfulqa,0,5,0.1285499906094775,0.17557604245785202,0.6958739669326705,0.1,0.0,0.9,0.5235130259241872
truthfulqa_181_inc_2,truthfulqa,1,5,0.029138411591812324,0.005224114941724702,0.9656374734664631,0.0,0.0,1.0,0.48804285167495626
truthfulqa_610_best,truthfulqa,0,5,0.2761433727144647,0.22473906955238485,0.49911755773315053,0.2,0.2,0.6,0.4742978484189601
truthfulqa_751_corr_2,truthfulqa,0,5,0.03486531502222159,0.010717650735283035,0.9544170342424954,0.0,0.0,1.0,0.4879261678565307
truthfulqa_519_corr_1,truthfulqa,0,5,0.6947657356896209,0.032012029379594124,0.27322223493078496,0.6,0.0,0.4,0.1686231468449866
truthfulqa_73_corr_1,truthfulqa,0,5,0.37704607378047095,0.4367687447669132,0.18618518145261578,0.4,0.6,0.0,0.5298613354932211
truthfulqa_471_corr_1,truthfulqa,0,5,0.005925018681186079,0.8104876759597859,0.18358730535902798,0.0,0.8,0.2,0.9022813286392999
truthfulqa_247_best,truthfulqa,0,5,0.2696562813286114,0.16645591299462195,0.5638878056767667,0.2,0.2,0.6,0.44839981583300526
truthfulqa_143_inc_4,truthfulqa,1,5,0.06402439915571848,0.3203831647191936,0.615592436125088,0.0,0.2,0.8,0.6281793827817376
truthfulqa_75_inc_1,truthfulqa,1,5,0.030993018019432977,0.02005296982576294,0.9489540121548041,0.0,0.0,1.0,0.494529975903165
truthfulqa_470_inc_5,truthfulqa,1,5,0.14441909825526386,0.6794663019009011,0.17611459984383512,0.1,0.8,0.1,0.7675236018228186
truthfulqa_421_inc_3,truthfulqa,1,5,0.9870001160272631,0.0010541894395867952,0.011945694533149984,1.0,0.0,0.0,0.007027036706161787
truthfulqa_284_best,truthfulqa,0,5,0.16561814472049569,0.11219622692559214,0.7221856283539122,0.0,0.0,1.0,0.4732890411025482
truthfulqa_7_inc_1,truthfulqa,1,5,0.015417973014203706,0.36606485745608347,0.6185171695297129,0.0,0.3,0.7,0.67532344222094
truthfulqa_164_corr_1,truthfulqa,0,5,0.2320732013320806,0.012338435757927155,0.7555883629099922,0.1,0.0,0.9,0.39013261721292325
truthfulqa_100_inc_4,truthfulqa,1,5,0.3235242799759961,0.3205058758953908,0.3559698441286131,0.3,0.4,0.3,0.49849079795969736
truthfulqa_515_best,truthfulqa,0,5,0.007775196793933734,0.06182860381366205,0.9303961993924043,0.0,0.0,1.0,0.5270267035098641
truthfulqa_296_corr_4,truthfulqa,0,5,0.08005402750436477,0.13335758642627782,0.7865883860693574,0.0,0.0,1.0,0.5266517794609565
truthfulqa_531_best,truthfulqa,0,5,0.7006628001966438,0.03440627844983812,0.2649309213535181,1.0,0.0,0.0,0.16687173912659717
truthfulqa_509_inc_4,truthfulqa,1,5,0.015762301324802115,0.15624847566737926,0.8279892230078186,0.0,0.2,0.8,0.5702430871712886
truthfulqa_591_inc_3,truthfulqa,1,5,0.03109452556949834,0.18836373705269097,0.7805417373778106,0.0,0.0,1.0,0.5786346057415963
truthfulqa_463_inc_1,truthfulqa,1,5,0.02540280739140225,0.05874303370011963,0.9158541589084781,0.0,0.0,1.0,0.5166701131543587
truthfulqa_312_best,truthfulqa,0,5,0.15769193013435726,0.2948652304171834,0.5474428394484594,0.1,0.1,0.8,0.5685866501414131
truthfulqa_385_inc_1,truthfulqa,1,5,0.09358125232277106,0.22917213162862474,0.6772466160486041,0.0,0.1,0.9,0.5677954396529268
truthfulqa_82_corr_2,truthfulqa,0,5,0.08286091734102251,0.2795799507708787,0.6375591318880988,0.1,0.3,0.6,0.598359516714928
truthfulqa_324_corr_2,truthfulqa,0,5,0.06195746948473646,0.3565908948355256,0.5814516356797379,0.0,0.3,0.7,0.6473167126753945
truthfulqa_485_corr_2,truthfulqa,0,5,0.07933027383986034,0.04734094290287731,0.8733287832572623,0.0,0.0,1.0,0.48400533453150846
truthfulqa_123_inc_0,truthfulqa,1,5,0.0811044786712811,0.14453341529186745,0.7743621060368515,0.0,0.0,1.0,0.5317144683102932
truthfulqa_522_inc_2,truthfulqa,1,5,0.27479749894964545,0.5022823852005661,0.22292011584978844,0.2,0.6,0.2,0.6137424431254603
truthfulqa_295_inc_6,truthfulqa,1,5,0.09420558762415666,0.4243277565298129,0.48146665584603027,0.1,0.5,0.4,0.6650610844528281
truthfulqa_539_inc_0,truthfulqa,1,5,0.017633243738219444,0.1834699410072327,0.7988968152545478,0.0,0.0,1.0,0.5829183486345066
truthfulqa_490_inc_2,truthfulqa,1,5,0.118079299636491,0.2315935898730869,0.6503271104904221,0.0,0.2,0.8,0.556757145118298
truthfulqa_119_best,truthfulqa,0,5,0.006459386107307763,0.023781526426233622,0.9697590874664586,0.0,0.0,1.0,0.5086610701594629
truthfulqa_75_best,truthfulqa,0,5,0.06805925072456422,0.005875613709341355,0.9260651355660944,0.0,0.0,1.0,0.46890818149238855
truthfulqa_56_corr_1,truthfulqa,0,5,0.12631723222246075,0.49847608986388303,0.37520667791365614,0.2,0.4,0.4,0.686079428820711
truthfulqa_334_inc_0,truthfulqa,1,5,0.09471128069602111,0.48750191515666313,0.4177868041473157,0.0,0.4,0.6,0.696395317230321
truthfulqa_35_corr_1,truthfulqa,0,5,0.003150607764924785,0.03123859542427725,0.965610796810798,0.0,0.0,1.0,0.5140439938296762
truthfulqa_143_inc_2,truthfulqa,1,5,0.027499093065144704,0.2323958384633454,0.7401050684715098,0.0,0.1,0.9,0.6024483726991003
truthfulqa_132_inc_1,truthfulqa,1,5,0.0036690521367496584,0.13606797122348374,0.8602629766397666,0.0,0.0,1.0,0.566199459543367
truthfulqa_513_inc_3,truthfulqa,1,5,0.029545782067458816,0.15741943007525186,0.8130347878572894,0.0,0.0,1.0,0.5639368240038966
truthfulqa_445_inc_4,truthfulqa,1,5,0.09958003479093484,0.833056482498565,0.06736348271050029,0.1,0.9,0.0,0.8667382238538152
truthfulqa_711_inc_1,truthfulqa,1,5,0.038849286273192465,0.15483314638960055,0.806317567337207,0.0,0.0,1.0,0.5579919300582041
truthfulqa_607_inc_1,truthfulqa,1,5,0.05152476710916669,0.5692538778918526,0.3792213549989807,0.0,0.7,0.3,0.7588645553913429
truthfulqa_623_inc_2,truthfulqa,1,5,0.0009181167854115213,0.7627500985069235,0.236331784707665,0.0,0.9,0.1,0.880915990860756
truthfulqa_716_inc_0,truthfulqa,1,5,0.0008777168720692317,0.6458148571188176,0.35330742600911325,0.0,0.9,0.1,0.8224685701233743
truthfulqa_721_corr_2,truthfulqa,0,5,0.003240353087875973,0.7826553554864729,0.21410429142565116,0.0,0.9,0.1,0.8897075011992985
truthfulqa_564_inc_1,truthfulqa,1,5,0.12006059229793453,0.800535345321433,0.07940406238063247,0.1,0.8,0.1,0.8402373765117492
truthfulqa_224_inc_0,truthfulqa,1,5,0.25833488976150576,0.4519834515011234,0.2896816587373708,0.0,0.5,0.5,0.5968242808698088
truthfulqa_108_inc_3,truthfulqa,1,5,0.40325684610304935,0.01104737362593766,0.585695780271013,0.4,0.0,0.6,0.30389526376144416
truthfulqa_480_inc_0,truthfulqa,1,5,0.00290504861743264,0.7489515036221849,0.2481434477603825,0.0,0.7,0.3,0.8730232275023762
truthfulqa_144_inc_0,truthfulqa,1,5,0.005609363465139584,0.11151880764249453,0.8828718288923658,0.0,0.0,1.0,0.5529547220886775
truthfulqa_737_corr_2,truthfulqa,0,5,0.024117985188204454,0.19526309198068686,0.7806189228311087,0.0,0.0,1.0,0.5855725533962413
truthfulqa_440_inc_0,truthfulqa,1,5,0.19389907604662074,0.32813828203821027,0.47796264191516896,0.1,0.3,0.6,0.5671196029957948
truthfulqa_333_inc_3,truthfulqa,1,5,0.1229488502438012,0.12575088192083902,0.7513002678353597,0.0,0.0,1.0,0.5014010158385189
truthfulqa_24_corr_2,truthfulqa,0,5,0.13442177113524012,0.1978779015851697,0.6677003272795903,0.0,0.1,0.9,0.5317280652249649
truthfulqa_597_inc_0,truthfulqa,1,5,0.021403241124889484,0.14159652352382718,0.8370002353512833,0.0,0.0,1.0,0.5600966411994688
truthfulqa_427_corr_1,truthfulqa,0,5,0.38826119768469763,0.22195973124533283,0.3897790710699695,0.1,0.4,0.5,0.4168492667803176
truthfulqa_40_inc_5,truthfulqa,1,5,0.04945079377713783,0.07536073631954479,0.8751884699033174,0.0,0.0,1.0,0.5129549712712035
truthfulqa_282_inc_3,truthfulqa,1,5,0.10713227874967493,0.0056671573518896805,0.8872005638984353,0.1,0.0,0.9,0.4492674393011073
truthfulqa_144_corr_2,truthfulqa,0,5,0.008519899692590956,0.09635282110611244,0.8951272792012965,0.0,0.0,1.0,0.5439164607067607
truthfulqa_225_inc_0,truthfulqa,1,5,0.062256185641937176,0.30691697446659005,0.6308268398914729,0.0,0.4,0.6,0.6223303944123265
truthfulqa_203_best,truthfulqa,0,5,0.07251484760234932,0.3958009659098577,0.5316841864877929,0.0,0.4,0.6,0.6616430591537541
truthfulqa_201_best,truthfulqa,0,5,0.038279567249872165,0.06607662517627676,0.8956438075738511,0.0,0.0,1.0,0.5138985289632023
truthfulqa_76_inc_1,truthfulqa,1,5,0.03438012899362529,0.5897972084375017,0.375822662568873,0.0,0.6,0.4,0.7777085397219382
truthfulqa_556_inc_0,truthfulqa,1,5,0.25536002229398397,0.08704422571398626,0.6575957519920298,0.3,0.0,0.7,0.41584210171000113
truthfulqa_236_inc_0,truthfulqa,1,5,0.014160309311951846,0.06755061898326557,0.9182890717047826,0.0,0.0,1.0,0.5266951548356569
truthfulqa_110_inc_0,truthfulqa,1,5,0.04128262113443776,0.17161671914348936,0.7871006597220728,0.0,0.0,1.0,0.5651670490045257
truthfulqa_311_corr_2,truthfulqa,0,5,0.2659372592360286,0.12775755348257306,0.6063051872813983,0.1,0.0,0.9,0.4309101471232722
truthfulqa_144_inc_3,truthfulqa,1,5,0.005427268172371551,0.025752834327703054,0.9688198974999253,0.0,0.0,1.0,0.5101627830776657
truthfulqa_606_inc_1,truthfulqa,1,5,0.2352650755304345,0.0069791581226559245,0.7577557663469097,0.1,0.0,0.9,0.38585704129611076
truthfulqa_291_corr_3,truthfulqa,0,5,0.07365406510768976,0.11607806814727395,0.8102678667450363,0.0,0.1,0.9,0.5212120015197921
truthfulqa_348_inc_1,truthfulqa,1,5,0.03004448132420188,0.14642299558050295,0.823532523095295,0.0,0.0,1.0,0.5581892571281505
truthfulqa_720_corr_2,truthfulqa,0,5,0.2724196978532757,0.132782956401268,0.5947973457454564,0.2,0.1,0.7,0.43018162927399617
truthfulqa_338_corr_2,truthfulqa,0,5,0.08534087744944804,0.5955870217083067,0.31907210084224535,0.0,0.7,0.3,0.7551230721294293
truthfulqa_523_corr_1,truthfulqa,0,5,0.17888586809307946,0.052473772060816715,0.7686403598461038,0.1,0.0,0.9,0.4367939519838686
truthfulqa_466_inc_0,truthfulqa,1,5,0.003151045299594199,0.37717516273591833,0.6196737919644874,0.0,0.3,0.7,0.6870120587181621
truthfulqa_550_inc_6,truthfulqa,1,5,0.04945070530917159,0.32040302373521884,0.6301462709556095,0.0,0.3,0.7,0.6354761592130236
truthfulqa_64_corr_0,truthfulqa,0,5,0.01639540119977747,0.45497118615621196,0.5286334126440104,0.0,0.6,0.4,0.7192878924782171
truthfulqa_689_inc_1,truthfulqa,1,5,0.003962564292394369,0.8680415978262653,0.12799583788134025,0.0,0.9,0.1,0.9320395167669354
truthfulqa_611_best,truthfulqa,0,5,0.13163274897988203,0.04216991077514125,0.8261973402449767,0.0,0.0,1.0,0.4552685808976296
truthfulqa_578_corr_2,truthfulqa,0,5,0.048847864597158494,0.6510591327147386,0.30009300268810285,0.0,0.6,0.4,0.80110563405879
truthfulqa_396_best,truthfulqa,0,5,0.06600790817307042,0.3298093309597972,0.6041827608671323,0.0,0.2,0.8,0.6319007113933633
truthfulqa_144_corr_0,truthfulqa,0,5,0.07775535096539417,0.1113682717516193,0.8108763772829866,0.0,0.0,1.0,0.5168064603931126
truthfulqa_657_inc_0,truthfulqa,1,5,0.01585533151322311,0.31210896835347157,0.6720357001333054,0.0,0.4,0.6,0.6481268184201243
truthfulqa_665_corr_2,truthfulqa,0,5,0.16449605766484204,0.0011771301819734176,0.8343268121531846,0.0,0.0,1.0,0.4183405362585657
truthfulqa_264_inc_3,truthfulqa,1,5,0.028589478269603,0.35386360769181024,0.6175469140385867,0.0,0.2,0.8,0.6626370647111036
truthfulqa_735_corr_2,truthfulqa,0,5,0.1488462256367095,0.018258408032545224,0.8328953663307453,0.1,0.0,0.9,0.4347060911979179
truthfulqa_693_corr_3,truthfulqa,0,5,0.09797590815065657,0.1441730080926521,0.7578510837566913,0.0,0.0,1.0,0.5230985499709977
truthfulqa_387_corr_1,truthfulqa,0,5,0.12227987063110657,0.3661047932161656,0.5116153361527277,0.0,0.3,0.7,0.6219124612925295
truthfulqa_396_corr_1,truthfulqa,0,5,0.015298005117543168,0.18510267133047456,0.7995993235519823,0.0,0.0,1.0,0.5849023331064657
truthfulqa_294_inc_0,truthfulqa,1,5,0.1246762304480912,0.04763846931280805,0.8276853002391007,0.0,0.0,1.0,0.4614811194323584
truthfulqa_121_inc_1,truthfulqa,1,5,0.09767632804380952,0.6133427744355756,0.2889808975206149,0.0,0.6,0.4,0.7578332231958831
truthfulqa_584_inc_4,truthfulqa,1,5,0.07322093424869278,0.1734945792450619,0.7532844865062455,0.0,0.0,1.0,0.5501368224981846
truthfulqa_230_corr_2,truthfulqa,0,5,0.29839253363166873,0.09796717147370942,0.6036402948946219,0.3,0.1,0.6,0.3997873189210204
truthfulqa_798_corr_2,truthfulqa,0,5,0.22286599586164885,0.05122324519562242,0.7259107589427287,0.1,0.0,0.9,0.4141786246669868
truthfulqa_594_inc_3,truthfulqa,1,5,0.0347175272551762,0.17632210262637163,0.7889603701184521,0.0,0.0,1.0,0.5708022876855977
truthfulqa_363_corr_3,truthfulqa,0,5,0.020026352092637888,0.11346099807508092,0.8665126498322812,0.0,0.0,1.0,0.5467173229912214
truthfulqa_341_corr_3,truthfulqa,0,5,0.05498223389549933,0.5319868830995181,0.4130308830049826,0.0,0.7,0.3,0.7385023246020095
truthfulqa_341_best,truthfulqa,0,5,0.06384143946392117,0.4727284373609404,0.4634301231751385,0.0,0.6,0.4,0.7044434989485097
truthfulqa_673_best,truthfulqa,0,5,0.07371409200048651,0.11716759067387847,0.8091183173256351,0.0,0.0,1.0,0.521726749336696
truthfulqa_645_corr_1,truthfulqa,0,5,0.3079493182735691,0.038242328046500976,0.65380835367993,0.2,0.0,0.8,0.36514650488646594
truthfulqa_62_corr_0,truthfulqa,0,5,0.1906543153719313,0.4002314826203219,0.40911420200774684,0.2,0.4,0.4,0.6047885836241953
truthfulqa_420_inc_1,truthfulqa,1,5,0.00905242646734783,0.98515507429772,0.005792499234932108,0.0,1.0,0.0,0.988051323915186
truthfulqa_46_best,truthfulqa,0,5,0.029477241763140326,0.1742809921955391,0.7962417660413206,0.0,0.0,1.0,0.5724018752161995
truthfulqa_639_corr_2,truthfulqa,0,5,0.04673446142373118,0.027887047950795392,0.9253784906254735,0.0,0.0,1.0,0.49057629326353214
truthfulqa_318_inc_6,truthfulqa,1,5,0.15837559723096037,0.04572313428424774,0.7959012684847918,0.0,0.0,1.0,0.44367376852664364
truthfulqa_57_inc_2,truthfulqa,1,5,0.14683215359380797,0.3729522963223278,0.48021555008386424,0.0,0.4,0.6,0.6130600713642599
truthfulqa_747_best,truthfulqa,0,5,0.004942856378742889,0.7252336822184425,0.26982346140281466,0.0,0.7,0.3,0.8601454129198498
truthfulqa_345_best,truthfulqa,0,5,0.06522976809827775,0.10733963298119287,0.8274305989205294,0.0,0.1,0.9,0.5210549324414575
truthfulqa_115_inc_6,truthfulqa,1,5,0.4612442765262569,0.2231888847491917,0.31556683872455144,0.5,0.2,0.3,0.38097230411146743
truthfulqa_163_corr_2,truthfulqa,0,5,0.2217876436833221,0.1337912826546795,0.6444210736619984,0.2,0.0,0.8,0.4560018194856787
truthfulqa_647_inc_3,truthfulqa,1,5,0.164109339690242,0.771215934431836,0.06467472587792199,0.2,0.8,0.0,0.803553297370797
truthfulqa_578_inc_3,truthfulqa,1,5,0.0013210654172917543,0.9957503347772928,0.0029285998054155733,0.0,1.0,0.0,0.9972146346800006
truthfulqa_636_corr_2,truthfulqa,0,5,0.33824000520249997,0.012442454263898041,0.649317540533602,0.3,0.0,0.7,0.3371012245306991
truthfulqa_71_inc_0,truthfulqa,1,5,0.030004678303788408,0.24375361602152,0.7262417056746917,0.0,0.2,0.8,0.6068744688588659
truthfulqa_408_inc_3,truthfulqa,1,5,0.11987592927525843,0.45264041992714976,0.42748365079759176,0.1,0.4,0.5,0.6663822453259456
truthfulqa_185_best,truthfulqa,0,5,0.09323630776817086,0.12527497727677253,0.7814887149550567,0.0,0.1,0.9,0.5160193347543008
truthfulqa_358_best,truthfulqa,0,5,0.10005983264465143,0.3127672821934703,0.5871728851618783,0.0,0.3,0.7,0.6063537247744094
truthfulqa_509_corr_4,truthfulqa,0,5,0.0568745167936233,0.10565953898664762,0.8374659442197292,0.0,0.0,1.0,0.5243925110965122
truthfulqa_73_inc_3,truthfulqa,1,5,0.2220038694343632,0.07015002185629664,0.7078461087093402,0.2,0.0,0.8,0.42407307621096674
truthfulqa_540_inc_1,truthfulqa,1,5,0.5914753205647502,0.3949749090310294,0.013549770404220346,0.6,0.4,0.0,0.40174979423313956
truthfulqa_767_inc_1,truthfulqa,1,5,0.015031072076240215,0.00396384470209864,0.9810050832216612,0.0,0.0,1.0,0.4944663863129293
truthfulqa_392_inc_3,truthfulqa,1,5,0.1289099864403178,0.2005616897160412,0.670528323843641,0.0,0.1,0.9,0.5358258516378618
truthfulqa_759_inc_2,truthfulqa,1,5,0.14639534177403235,0.0014862599070030594,0.8521183983189646,0.0,0.0,1.0,0.4275454590664854
truthfulqa_634_corr_1,truthfulqa,0,5,0.22035407480746283,0.15244649141439037,0.6271994337781469,0.2,0.0,0.8,0.4660462083034638
truthfulqa_283_corr_2,truthfulqa,0,5,0.16731052004867752,0.2689938655060068,0.5636956144453158,0.1,0.3,0.6,0.5508416727286647
truthfulqa_391_corr_2,truthfulqa,0,5,0.36423825900717616,0.22741730650411526,0.4083444344887085,0.3,0.3,0.4,0.4315895237484695
truthfulqa_782_corr_3,truthfulqa,0,5,0.02225742085867016,0.14311543228435894,0.8346271468569709,0.0,0.2,0.8,0.5604290057128444
truthfulqa_6_corr_0,truthfulqa,0,5,0.07201850772504156,0.3909791778400721,0.5370023144348863,0.0,0.2,0.8,0.6594803350575152
truthfulqa_744_best,truthfulqa,0,5,0.05812479839314984,0.041191339385536895,0.9006838622213132,0.0,0.0,1.0,0.4915332704961935
truthfulqa_321_corr_3,truthfulqa,0,5,0.04110710003923182,0.22891556419326137,0.7299773357675068,0.0,0.2,0.8,0.5939042320770147
truthfulqa_107_corr_2,truthfulqa,0,5,0.33117941728982137,0.002077189973646921,0.6667433927365318,0.1,0.0,0.9,0.33544888634191283
truthfulqa_684_corr_1,truthfulqa,0,5,0.23916645935744013,0.08837308494101419,0.6724604557015457,0.0,0.0,1.0,0.42460331279178704
truthfulqa_403_inc_1,truthfulqa,1,5,0.07384999200384841,0.3396155697507312,0.5865344382454203,0.0,0.3,0.7,0.6328827888734414
truthfulqa_300_corr_9,truthfulqa,0,5,0.14202663527104714,0.03434024352495695,0.8236331212039959,0.1,0.0,0.9,0.4461568041269549
truthfulqa_183_inc_0,truthfulqa,1,5,0.09677774450651268,0.1755976070081478,0.7276246484853395,0.0,0.1,0.9,0.5394099312508176
truthfulqa_59_corr_2,truthfulqa,0,5,0.10823504195129614,0.10699129984368876,0.7847736582050151,0.0,0.0,1.0,0.4993781289461963
truthfulqa_284_inc_2,truthfulqa,1,5,0.08125358948360352,0.3133884215340246,0.6053579889823719,0.0,0.2,0.8,0.6160674160252105
truthfulqa_226_corr_1,truthfulqa,0,5,0.015782587263180256,0.1746937282040852,0.8095236845327346,0.0,0.1,0.9,0.5794555704704525
truthfulqa_338_best,truthfulqa,0,5,0.04700054304553751,0.41802994368731083,0.5349695132671517,0.0,0.6,0.4,0.6855147003208867
truthfulqa_587_corr_2,truthfulqa,0,5,0.022312027094584023,0.2600764425253991,0.717611530380017,0.0,0.1,0.9,0.6188822077154076
truthfulqa_125_corr_0,truthfulqa,0,5,0.0652345897820758,0.13498794024081467,0.7997774699771096,0.0,0.0,1.0,0.5348766752293694
truthfulqa_562_best,truthfulqa,0,5,0.988150836709069,0.0026435018713765125,0.009205661419554614,1.0,0.0,0.0,0.007246332581153819
truthfulqa_303_corr_3,truthfulqa,0,5,0.3662765860338574,0.10760870024035889,0.5261147137257838,0.4,0.0,0.6,0.3706660571032508
truthfulqa_42_corr_2,truthfulqa,0,5,0.15041019066269506,0.37742110647200544,0.47216870286529955,0.1,0.3,0.6,0.6135054579046553
truthfulqa_13_corr_1,truthfulqa,0,5,0.19912679500188185,0.41409526788124457,0.3867779371168735,0.2,0.4,0.4,0.6074842364396813
truthfulqa_30_inc_0,truthfulqa,1,5,0.0010756534009305793,0.8887972679158429,0.11012707868322666,0.0,0.9,0.1,0.9438608072574562
truthfulqa_87_corr_1,truthfulqa,0,5,0.0038280946155311475,0.39957586785668286,0.596596037527786,0.0,0.4,0.6,0.6978738866205758
truthfulqa_506_inc_6,truthfulqa,1,5,0.012303888117301756,0.5804648319881343,0.40723127989456404,0.0,0.7,0.3,0.7840804719354163
truthfulqa_106_inc_0,truthfulqa,1,5,0.1498881090125178,0.07404300027745482,0.7760688907100274,0.0,0.1,0.9,0.4620774456324685
truthfulqa_473_inc_0,truthfulqa,1,5,0.02757082421202029,0.3964389808481753,0.5759901949398043,0.0,0.5,0.5,0.6844340783180775
truthfulqa_775_best,truthfulqa,0,5,0.039551713537373905,0.04559088289197011,0.9148574035706559,0.0,0.0,1.0,0.503019584677298
truthfulqa_507_corr_2,truthfulqa,0,5,0.048528303981584205,0.1401747709778835,0.8112969250405323,0.0,0.1,0.9,0.5458232334981497
truthfulqa_353_inc_2,truthfulqa,1,5,0.20270321051431622,0.012256927565608103,0.7850398619200758,0.1,0.0,0.9,0.404776858525646
truthfulqa_35_inc_5,truthfulqa,1,5,0.004733669413090195,0.03759471911200271,0.9576716114749072,0.0,0.0,1.0,0.5164305248494563
truthfulqa_208_corr_1,truthfulqa,0,5,0.11149683545283984,0.02719113460698207,0.861312029940178,0.0,0.0,1.0,0.45784714957707107
truthfulqa_541_corr_1,truthfulqa,0,5,0.04441897029347386,0.2815814746841807,0.6739995550223454,0.0,0.1,0.9,0.6185812521953534
truthfulqa_391_inc_2,truthfulqa,1,5,0.2130358053081695,0.3898004800594981,0.39716371463233247,0.3,0.3,0.4,0.5883823373756643
truthfulqa_394_inc_4,truthfulqa,1,5,0.038881013989653365,0.578517075724694,0.38260191028565266,0.0,0.5,0.5,0.7698180308675203
truthfulqa_13_inc_1,truthfulqa,1,5,0.01647569777440666,0.20280280568524037,0.7807214965403529,0.0,0.0,1.0,0.5931635539554169
truthfulqa_773_inc_4,truthfulqa,1,5,0.0892201850603666,0.09065180459702882,0.8201280103426047,0.0,0.0,1.0,0.5007158097683312
truthfulqa_647_best,truthfulqa,0,5,0.17468244807877792,0.7554952434945639,0.06982230842665817,0.2,0.8,0.0,0.790406397707893
truthfulqa_322_corr_4,truthfulqa,0,5,0.2654094157766703,0.05486774134756165,0.679722842875768,0.0,0.0,1.0,0.3947291627854457
truthfulqa_265_best,truthfulqa,0,5,0.10127219516060806,0.34261225013397734,0.5561155547054146,0.0,0.2,0.8,0.6206700274866847
truthfulqa_463_inc_5,truthfulqa,1,5,0.017385199598464768,0.028833513641365716,0.9537812867601696,0.0,0.0,1.0,0.5057241570214506
truthfulqa_402_inc_3,truthfulqa,1,5,0.10831137317293868,0.5819981459457034,0.3096904808813579,0.0,0.7,0.3,0.7368433863863824
truthfulqa_457_corr_1,truthfulqa,0,5,0.05231617913618373,0.3455362202088681,0.6021476006549481,0.0,0.1,0.9,0.6466100205363421
truthfulqa_213_inc_2,truthfulqa,1,5,0.15927666386847167,0.5066224907496455,0.3341008453818828,0.1,0.6,0.3,0.6736729134405869
truthfulqa_97_corr_1,truthfulqa,0,5,0.0027449910137656323,0.6853697913380443,0.3118852176481898,0.0,0.8,0.2,0.8413124001621393
truthfulqa_276_corr_2,truthfulqa,0,5,0.04613046249530345,0.04248412142293743,0.9113854160817592,0.0,0.0,1.0,0.49817682946381703
truthfulqa_219_best,truthfulqa,0,5,0.0010345395400220643,0.42914948172392064,0.5698159787360573,0.0,0.5,0.5,0.7140574710919493
truthfulqa_589_inc_1,truthfulqa,1,5,0.05793014896721196,0.07196951186229875,0.8701003391704892,0.0,0.0,1.0,0.5070196814475434
truthfulqa_752_corr_1,truthfulqa,0,5,0.0870034633547901,0.6317414935563542,0.2812550430888555,0.0,0.6,0.4,0.772369015100782
truthfulqa_493_corr_1,truthfulqa,0,5,0.053248947672306576,0.15182286295929553,0.7949281893683978,0.0,0.1,0.9,0.5492869576434944
truthfulqa_101_corr_2,truthfulqa,0,5,0.12412833280571671,0.46576776210230075,0.41010390509198247,0.0,0.5,0.5,0.6708197146482919
truthfulqa_102_inc_4,truthfulqa,1,5,0.20408799764588798,0.0074140880188909315,0.7884979143352211,0.2,0.0,0.8,0.4016630451865015
truthfulqa_724_best,truthfulqa,0,5,0.230079632902317,0.1611545029593609,0.608765864138322,0.1,0.0,0.9,0.4655374350285219
truthfulqa_177_best,truthfulqa,0,5,0.052617264130191285,0.4217373605287554,0.5256453753410532,0.0,0.5,0.5,0.684560048199282
truthfulqa_322_inc_2,truthfulqa,1,5,0.2496160509885203,0.05338145395647964,0.6970024950550001,0.0,0.0,1.0,0.4018827014839797
truthfulqa_806_inc_0,truthfulqa,1,5,0.2508031449242395,0.4502178008902368,0.2989790541855238,0.2,0.6,0.2,0.5997073279829986
truthfulqa_459_inc_0,truthfulqa,1,5,0.026796337822773374,0.0539787099612443,0.9192249522159823,0.0,0.0,1.0,0.5135911860692355
truthfulqa_243_best,truthfulqa,0,5,0.22494998200141292,0.1881662394212485,0.5868837785773386,0.1,0.1,0.8,0.4816081287099178
truthfulqa_454_best,truthfulqa,0,5,0.02486817865570871,0.27213016811456364,0.7030016532297276,0.0,0.2,0.8,0.6236309947294274
truthfulqa_297_corr_6,truthfulqa,0,5,0.01905433191595095,0.5413214494789352,0.4396242186051137,0.0,0.6,0.4,0.761133558781492
truthfulqa_316_inc_2,truthfulqa,1,5,0.015686228906233564,0.2383021190243017,0.7460116520694647,0.0,0.3,0.7,0.6113079450590341
truthfulqa_136_inc_0,truthfulqa,1,5,0.2619797743679041,0.13119223022044063,0.6068279954116552,0.2,0.1,0.7,0.43460622792626824
truthfulqa_176_inc_1,truthfulqa,1,5,0.06854500180445453,0.5482401588522733,0.38321483934327216,0.0,0.7,0.3,0.7398475785239094
truthfulqa_85_inc_0,truthfulqa,1,5,0.004967033117660205,0.29661078643823463,0.6984221804441052,0.0,0.2,0.8,0.6458218766602872
truthfulqa_711_inc_2,truthfulqa,1,5,0.013560066179069167,0.03771129289032313,0.9487286409306076,0.0,0.0,1.0,0.5120756133556269
truthfulqa_342_corr_1,truthfulqa,0,5,0.04617162394551466,0.11556795836375526,0.83826041769073,0.0,0.0,1.0,0.5346981672091202
truthfulqa_238_inc_2,truthfulqa,1,5,0.16407375360885626,0.5488981592470246,0.28702808714411915,0.0,0.7,0.3,0.6924122028190841
truthfulqa_268_inc_0,truthfulqa,1,5,0.024716074564131375,0.10311352601665,0.8721703994192186,0.0,0.0,1.0,0.5391987257262593
truthfulqa_345_corr_1,truthfulqa,0,5,0.05772489889693533,0.2527968441407698,0.6894782569622949,0.0,0.1,0.9,0.5975359726219173
truthfulqa_187_inc_1,truthfulqa,1,5,0.03322317447919682,0.26075370618857263,0.7060231193322306,0.0,0.1,0.9,0.6137652658546879
truthfulqa_480_corr_1,truthfulqa,0,5,0.000703640431298743,0.9356578497916022,0.06363850977709895,0.0,1.0,0.0,0.9674771046801516
truthfulqa_564_corr_1,truthfulqa,0,5,0.39546271952260403,0.5988729096482615,0.005664370829134536,0.4,0.6,0.0,0.6017050950628288
truthfulqa_611_inc_3,truthfulqa,1,5,0.19371471426826709,0.04894609502156875,0.7573391907101642,0.0,0.0,1.0,0.42761569037665087
truthfulqa_333_corr_1,truthfulqa,0,5,0.028139004189693,0.5688838702482625,0.40297712556204457,0.0,0.5,0.5,0.7703724330292847
truthfulqa_391_inc_1,truthfulqa,1,5,0.10143955443780672,0.35346960248601006,0.5450908430761832,0.0,0.4,0.6,0.6260150240241016
truthfulqa_793_inc_2,truthfulqa,1,5,0.008611988828189757,0.4235799664710068,0.5678080447008034,0.0,0.3,0.7,0.7074839888214085
truthfulqa_361_best,truthfulqa,0,5,0.2738861623700103,0.43440674025548826,0.2917070973745014,0.3,0.7,0.0,0.580260288942739
truthfulqa_134_inc_0,truthfulqa,1,5,0.48600885920677833,0.040098489867210096,0.4738926509260115,0.6,0.0,0.4,0.27704481533021585
truthfulqa_701_inc_1,truthfulqa,1,5,0.14928166731687026,0.020952399210932414,0.8297659334721972,0.0,0.0,1.0,0.435835365947031
truthfulqa_573_inc_1,truthfulqa,1,5,0.2985433050994565,0.6927987679894331,0.008657926911110463,0.3,0.7,0.0,0.6971277314449883
truthfulqa_201_inc_2,truthfulqa,1,5,0.15549606706504918,0.13448316745904546,0.7100207654759053,0.0,0.0,1.0,0.48949355019699814
truthfulqa_398_corr_1,truthfulqa,0,5,0.02127685577122256,0.8118000525908646,0.16692309163791264,0.0,0.9,0.1,0.8952615984098209
truthfulqa_138_inc_2,truthfulqa,1,5,0.23649263018109404,0.3593616956738218,0.4041456741450841,0.1,0.3,0.6,0.5614345327463639
truthfulqa_364_inc_4,truthfulqa,1,5,0.046551313147717606,0.03484453802494667,0.9186041488273355,0.0,0.0,1.0,0.49414661243861446
truthfulqa_710_best,truthfulqa,0,5,0.4328506802387512,0.4012689255124773,0.16588039424877163,0.5,0.4,0.1,0.4842091226368631
truthfulqa_153_corr_1,truthfulqa,0,5,0.0319745285818761,0.1856100794058903,0.7824153920122336,0.0,0.0,1.0,0.5768177754120072
truthfulqa_109_inc_0,truthfulqa,1,5,0.10611327100591503,0.5568290366472115,0.33705769234687355,0.0,0.6,0.4,0.7253578828206483
truthfulqa_783_inc_2,truthfulqa,1,5,0.42870540799577145,0.14074733640597592,0.4305472555982527,0.5,0.0,0.5,0.35602096420510226
truthfulqa_324_corr_6,truthfulqa,0,5,0.09830204122191909,0.34249379309861105,0.5592041656794698,0.0,0.3,0.7,0.6220958759383459
truthfulqa_185_corr_3,truthfulqa,0,5,0.09424737732553336,0.3686469685605839,0.5371056541138828,0.0,0.4,0.6,0.6371997956175253
truthfulqa_483_corr_1,truthfulqa,0,5,0.05504987628745898,0.08236645156295022,0.8625836721495908,0.0,0.0,1.0,0.5136582876377456
truthfulqa_301_best,truthfulqa,0,5,0.23371957086508027,0.026754977641324885,0.7395254514935949,0.1,0.0,0.9,0.39651770338812237
truthfulqa_365_inc_4,truthfulqa,1,5,0.026450834351034052,0.07894367018867017,0.8946054954602957,0.0,0.0,1.0,0.526246417918818
truthfulqa_581_inc_4,truthfulqa,1,5,0.5962170333797714,0.14010702440106848,0.2636759422191601,0.6,0.0,0.4,0.27194499551064855
truthfulqa_486_corr_1,truthfulqa,0,5,0.10301214237035901,0.06355586698517847,0.8334319906444625,0.0,0.0,1.0,0.4802718623074097
truthfulqa_201_inc_0,truthfulqa,1,5,0.14490721800684192,0.005827383683706977,0.8492653983094509,0.0,0.0,1.0,0.43046008283843246
truthfulqa_504_best,truthfulqa,0,5,0.024001648286064298,0.12955492570141247,0.8464434260125232,0.0,0.0,1.0,0.552776638707674
truthfulqa_318_corr_2,truthfulqa,0,5,0.05319845114315332,0.07877667151971937,0.8680248773371272,0.0,0.1,0.9,0.512789110188283
truthfulqa_664_best,truthfulqa,0,5,0.029580889617914025,0.15130465089391815,0.8191144594881677,0.0,0.0,1.0,0.560861880638002
truthfulqa_44_inc_3,truthfulqa,1,5,0.029581521004814603,0.29483197372740433,0.6755865052677811,0.0,0.2,0.8,0.6326252263612948
truthfulqa_454_inc_0,truthfulqa,1,5,0.021726875190170046,0.23563680260883854,0.7426363222009915,0.0,0.1,0.9,0.6069549637093343
truthfulqa_498_corr_3,truthfulqa,0,5,0.038709868325150734,0.03874086021359312,0.9225492714612562,0.0,0.0,1.0,0.5000154959442212
truthfulqa_147_corr_1,truthfulqa,0,5,0.024495519495962542,0.42181206244130215,0.5536924180627353,0.0,0.2,0.8,0.6986582714726698
truthfulqa_330_corr_1,truthfulqa,0,5,0.03827455506199194,0.4023176387017579,0.5594078062362502,0.0,0.3,0.7,0.682021541819883
truthfulqa_705_inc_1,truthfulqa,1,5,0.22138848892873284,0.17901709198479554,0.5995944190864717,0.2,0.0,0.8,0.4788143015280314
truthfulqa_568_inc_4,truthfulqa,1,5,0.7025223410454239,0.024158456814128672,0.27331920214044736,0.6,0.0,0.4,0.16081805788435236
truthfulqa_468_inc_6,truthfulqa,1,5,0.08548846493007681,0.20225859326567477,0.7122529418042485,0.0,0.2,0.8,0.558385064167799
truthfulqa_359_corr_3,truthfulqa,0,5,0.06244869382643801,0.032489813012644586,0.9050614931609173,0.0,0.0,1.0,0.48502055959310325
truthfulqa_410_corr_1,truthfulqa,0,5,0.027431601313003512,0.11714775529915802,0.8554206433878384,0.0,0.1,0.9,0.5448580769930772
truthfulqa_59_best,truthfulqa,0,5,0.22946036557010469,0.10683293578002347,0.6637066986498719,0.1,0.0,0.9,0.4386862851049594
truthfulqa_146_inc_0,truthfulqa,1,5,0.05138010442221863,0.10465401661479923,0.843965878962982,0.0,0.0,1.0,0.5266369560962902
truthfulqa_457_inc_4,truthfulqa,1,5,0.0215100543197072,0.3956450723965643,0.5828448732837284,0.0,0.4,0.6,0.6870675090384285
truthfulqa_437_corr_2,truthfulqa,0,5,0.0015862728710042523,0.9932682527985215,0.00514547433047444,0.0,1.0,0.0,0.9958409899637587
truthfulqa_737_corr_1,truthfulqa,0,5,0.07576307224337085,0.24732258033377116,0.6769143474228579,0.0,0.2,0.8,0.5857797540452001
truthfulqa_575_inc_2,truthfulqa,1,5,0.19931400234518365,0.6118854350506773,0.18880056260413905,0.1,0.6,0.3,0.7062857163527468
truthfulqa_584_inc_1,truthfulqa,1,5,0.3272338654090894,0.12812536698000834,0.5446407676109024,0.2,0.0,0.8,0.4004457507854595
truthfulqa_654_corr_2,truthfulqa,0,5,0.04139964106395442,0.36071715160320117,0.5978832073328444,0.0,0.4,0.6,0.6596587552696234
truthfulqa_2_inc_2,truthfulqa,1,5,0.013082866282354166,0.009200211855561915,0.9777169218620839,0.0,0.0,1.0,0.4980586727866039
truthfulqa_554_best,truthfulqa,0,5,0.028470784196521482,0.011120158276579768,0.9604090575268988,0.0,0.0,1.0,0.49132468704002913
truthfulqa_543_corr_1,truthfulqa,0,5,0.19700592982250725,0.3000962588694736,0.5028978113080191,0.1,0.4,0.5,0.5515451645234832
truthfulqa_540_best,truthfulqa,0,5,0.2974844043101167,0.6972268913439856,0.00528870434589776,0.3,0.7,0.0,0.6998712435169345
truthfulqa_622_inc_0,truthfulqa,1,5,0.0015067700428792342,0.43612854065188655,0.5623646893052342,0.0,0.4,0.6,0.7173108853045036
truthfulqa_804_inc_0,truthfulqa,1,5,0.10243996758398696,0.3946312286044362,0.5029288038115768,0.0,0.5,0.5,0.6460956305102246
truthfulqa_720_corr_1,truthfulqa,0,5,0.0271515394065281,0.24606457801552367,0.7267838825779482,0.0,0.1,0.9,0.6094565193044978
truthfulqa_487_inc_2,truthfulqa,1,5,0.07899905296721677,0.3163914910366718,0.6046094559961114,0.0,0.3,0.7,0.6186962190347275
truthfulqa_679_inc_5,truthfulqa,1,5,0.24768296217637142,0.601064971492214,0.15125206633141453,0.2,0.6,0.2,0.6766910046579213
truthfulqa_145_inc_0,truthfulqa,1,5,0.09044554217547669,0.5844640328721898,0.3250904249523335,0.0,0.6,0.4,0.7470092453483566
truthfulqa_251_best,truthfulqa,0,5,0.0021011450675926854,0.9884026383334573,0.009496216598949819,0.0,1.0,0.0,0.9931507466329322
truthfulqa_124_corr_2,truthfulqa,0,5,0.053966885166604014,0.03163415833208476,0.9143989565013115,0.0,0.0,1.0,0.48883363658274054
truthfulqa_446_inc_4,truthfulqa,1,5,0.1104848677747509,0.881602389757935,0.00791274246731381,0.1,0.9,0.0,0.8855587609915919
truthfulqa_119_corr_1,truthfulqa,0,5,0.025785181966590638,0.3020905116926312,0.6721243063407781,0.0,0.2,0.8,0.6381526648630202
truthfulqa_516_inc_0,truthfulqa,1,5,0.16909965631838517,0.11998878982633628,0.7109115538552786,0.0,0.1,0.9,0.47544456675397556
truthfulqa_380_best,truthfulqa,0,5,0.10134116619180984,0.08949783081563403,0.8091610029925562,0.0,0.0,1.0,0.4940783323119121
truthfulqa_544_corr_2,truthfulqa,0,5,0.18622010284276205,0.05538408840222493,0.758395808755013,0.1,0.0,0.9,0.4345819927797314
truthfulqa_51_corr_3,truthfulqa,0,5,0.03747368543272696,0.2449120077615003,0.7176143068057729,0.0,0.2,0.8,0.6037191611643867
truthfulqa_762_inc_2,truthfulqa,1,5,0.006354217022763934,0.33145068355406576,0.6621950994231703,0.0,0.4,0.6,0.6625482332656509
truthfulqa_302_corr_3,truthfulqa,0,5,0.02825749649862349,0.4491987629453537,0.5225437405560227,0.0,0.3,0.7,0.710470633223365
truthfulqa_770_inc_2,truthfulqa,1,5,0.04293912945974397,0.06362292506556769,0.8934379454746884,0.0,0.0,1.0,0.5103418978029118
truthfulqa_104_corr_0,truthfulqa,0,5,0.0565296216629659,0.714924105486026,0.228546272851008,0.0,0.7,0.3,0.82919724191153
truthfulqa_530_best,truthfulqa,0,5,0.16291250554757522,0.029339256546698656,0.8077482379057261,0.0,0.0,1.0,0.43321337549956174
truthfulqa_630_corr_1,truthfulqa,0,5,0.04935018370663034,0.060877743924251194,0.8897720723691185,0.0,0.0,1.0,0.5057637801088104
truthfulqa_205_corr_2,truthfulqa,0,5,0.0018885065675694423,0.9153893583741137,0.08272213505831683,0.0,1.0,0.0,0.9567504259032722
truthfulqa_3_corr_3,truthfulqa,0,5,0.14272556176135248,0.592228622981571,0.26504581525707666,0.0,0.8,0.2,0.7247515306101093
truthfulqa_642_inc_4,truthfulqa,1,5,0.10489088249153633,0.07475209795208204,0.8203570195563816,0.0,0.0,1.0,0.48493060773027286
truthfulqa_22_inc_0,truthfulqa,1,5,0.018525386436775242,0.5151512694065825,0.4663233441566422,0.0,0.5,0.5,0.7483129414849037
truthfulqa_506_inc_3,truthfulqa,1,5,0.0043631731861010995,0.5208082378327039,0.47482858898119507,0.0,0.5,0.5,0.7582225323233014
truthfulqa_464_inc_3,truthfulqa,1,5,0.00804717850321299,0.06966522619476093,0.922287595302026,0.0,0.0,1.0,0.5308090238457739
truthfulqa_19_corr_7,truthfulqa,0,5,0.23986067096075558,0.08636624442390498,0.6737730846153395,0.2,0.0,0.8,0.42325278673157474
truthfulqa_229_inc_0,truthfulqa,1,5,0.360243231360685,0.002779770098042051,0.6369769985412729,0.3,0.0,0.7,0.32126826936867847
truthfulqa_314_inc_0,truthfulqa,1,5,0.13873376231525464,0.05851934725232264,0.8027468904324226,0.0,0.1,0.9,0.459892792468534
truthfulqa_141_inc_3,truthfulqa,1,5,0.7012097588161567,0.0006931711172935799,0.2980970700665499,0.6,0.0,0.4,0.14974170615056853
truthfulqa_256_corr_1,truthfulqa,0,5,0.028123632646229784,0.1697613268264622,0.802115040527308,0.0,0.1,0.9,0.5708188470901162
truthfulqa_29_best,truthfulqa,0,5,0.5958641316305933,0.39884889986575073,0.00528696850365597,0.6,0.4,0.0,0.4014923841175787
truthfulqa_494_corr_1,truthfulqa,0,5,0.003904952158379815,0.8541159879530996,0.1419790598885207,0.0,0.9,0.1,0.92510551789736
truthfulqa_275_corr_1,truthfulqa,0,5,0.27847161311595103,0.010997227808232871,0.7105311590758161,0.2,0.0,0.8,0.3662628073461409
truthfulqa_131_inc_1,truthfulqa,1,5,0.0073344416327283165,0.5628421647417925,0.42982339362547917,0.0,0.5,0.5,0.7777538615545321
truthfulqa_505_inc_9,truthfulqa,1,5,0.03474234483424486,0.3102698030325338,0.6549878521332215,0.0,0.3,0.7,0.6377637290991446
truthfulqa_630_inc_1,truthfulqa,1,5,0.013148486711874994,0.05894868778758737,0.9279028255005375,0.0,0.0,1.0,0.5229001005378561
truthfulqa_513_corr_1,truthfulqa,0,5,0.14096297707095456,0.06733884628589745,0.7916981766431479,0.1,0.0,0.9,0.46318793460747143
truthfulqa_612_corr_1,truthfulqa,0,5,0.18615406249145502,0.048092427609628965,0.765753509898916,0.0,0.0,1.0,0.43096918255908695
truthfulqa_284_corr_1,truthfulqa,0,5,0.11499054448090915,0.18295175500523383,0.702057700513857,0.0,0.1,0.9,0.5339806052621623
truthfulqa_664_inc_2,truthfulqa,1,5,0.008917501147257544,0.1379834197087892,0.8530990791439533,0.0,0.0,1.0,0.5645329592807659
truthfulqa_323_inc_3,truthfulqa,1,5,0.03262288893798141,0.43583853907831377,0.5315385719837048,0.0,0.3,0.7,0.7016078250701662
truthfulqa_5_inc_2,truthfulqa,1,5,0.02327612754464741,0.26020540255174646,0.7165184699036062,0.0,0.1,0.9,0.6184646375035496
truthfulqa_738_inc_3,truthfulqa,1,5,0.2345936307527344,0.0031230740355217518,0.7622832952117438,0.2,0.0,0.8,0.38426472164139364
truthfulqa_355_best,truthfulqa,0,5,0.110917802446265,0.07431110263868065,0.8147710949150543,0.0,0.0,1.0,0.48169665009620777
truthfulqa_253_corr_2,truthfulqa,0,5,0.00408862679777023,0.40330423834178386,0.5926071348604459,0.0,0.3,0.7,0.6996078057720068
truthfulqa_752_inc_2,truthfulqa,1,5,0.005462339653146147,0.3817896108191657,0.6127480495276882,0.0,0.4,0.6,0.6881636355830099
truthfulqa_341_inc_3,truthfulqa,1,5,0.12634132527621592,0.4185748471359564,0.45508382758782784,0.0,0.5,0.5,0.6461167609298704
truthfulqa_121_inc_2,truthfulqa,1,5,0.2228788413342911,0.5865656199037457,0.19055553876196316,0.1,0.7,0.2,0.6818433892847272
truthfulqa_387_best,truthfulqa,0,5,0.08069087529025135,0.5676360614467473,0.3516730632630014,0.0,0.7,0.3,0.743472593078248
truthfulqa_520_corr_1,truthfulqa,0,5,0.5815372060748624,0.012280246005559204,0.4061825479195784,0.8,0.0,0.2,0.21537151996534842
truthfulqa_602_best,truthfulqa,0,5,0.0527956176768021,0.15175803906726068,0.7954463432559373,0.0,0.1,0.9,0.5494812106952294
truthfulqa_573_inc_8,truthfulqa,1,5,0.002362788990498975,0.9925234988113752,0.00511371219812575,0.0,1.0,0.0,0.9950803549104381
truthfulqa_615_corr_2,truthfulqa,0,5,0.25478648014853084,0.0018683568174506441,0.7433451630340185,0.1,0.0,0.9,0.3735409383344599
truthfulqa_41_inc_0,truthfulqa,1,5,0.25487519415291326,0.0009210928697852792,0.7442037129773014,0.1,0.0,0.9,0.37302294935843594
truthfulqa_375_inc_0,truthfulqa,1,5,0.0631971659817485,0.1274682726618513,0.8093345613564003,0.0,0.0,1.0,0.5321355533400514
truthfulqa_745_best,truthfulqa,0,5,0.0007844595774998724,0.8094116670562856,0.1898038733662144,0.0,0.9,0.1,0.9043136037393928
truthfulqa_451_inc_1,truthfulqa,1,5,0.05203754334330024,0.41031637244488756,0.5376460842118121,0.0,0.4,0.6,0.6791394145507936
truthfulqa_635_best,truthfulqa,0,5,0.05597511929731238,0.5307948108182116,0.41323006988447614,0.0,0.6,0.4,0.7374098457604497
truthfulqa_606_best,truthfulqa,0,5,0.18536099410675602,0.047026548536300464,0.7676124573569435,0.1,0.0,0.9,0.4308327772147722
truthfulqa_210_inc_2,truthfulqa,1,5,0.15011615649209997,0.7227418258939925,0.12714201761390762,0.1,0.8,0.1,0.7863128347009463
truthfulqa_90_inc_1,truthfulqa,1,5,0.06341241241993832,0.2787596611201246,0.657827926459937,0.0,0.4,0.6,0.6076736243500931
truthfulqa_289_inc_0,truthfulqa,1,5,0.2911886038986434,0.07336703252990294,0.6354443635714537,0.2,0.0,0.8,0.3910892143156298
truthfulqa_311_best,truthfulqa,0,5,0.1465473678890905,0.11616062425353606,0.7372920078573735,0.1,0.0,0.9,0.4848066281822228
truthfulqa_488_inc_2,truthfulqa,1,5,0.1924237249970792,0.20373550457620376,0.603840770426717,0.1,0.0,0.9,0.5056558897895622
truthfulqa_481_best,truthfulqa,0,5,0.03492707802236237,0.50190213780283,0.4631707841748076,0.0,0.7,0.3,0.7334875298902338
truthfulqa_813_inc_0,truthfulqa,1,5,0.2207113466212507,0.26413816453958994,0.5151504888391594,0.2,0.3,0.5,0.5217134089591696
truthfulqa_586_inc_0,truthfulqa,1,5,0.02026028247536022,0.29855353383732675,0.681186183687313,0.0,0.2,0.8,0.6391466256809832
truthfulqa_732_inc_0,truthfulqa,1,5,0.04811775892986307,0.03963972358962217,0.9122425174805147,0.0,0.0,1.0,0.49576098232987953
truthfulqa_23_best,truthfulqa,0,5,0.018741892212210245,0.20032802830871005,0.7809300794790797,0.0,0.1,0.9,0.5907930680482498
truthfulqa_16_corr_4,truthfulqa,0,5,0.015907406970124126,0.0034339682508596216,0.9806586247790163,0.0,0.0,1.0,0.4937632806403678
truthfulqa_590_best,truthfulqa,0,5,0.03021044888981031,0.2574188250314982,0.7123707260786915,0.0,0.1,0.9,0.6136041880708439
truthfulqa_751_best,truthfulqa,0,5,0.018584637626246226,0.15194918305145738,0.8294661793222964,0.0,0.0,1.0,0.5666822727126055
truthfulqa_171_best,truthfulqa,0,5,0.005806188676754074,0.1365001114445144,0.8576936998787316,0.0,0.0,1.0,0.5653469613838802
truthfulqa_80_corr_3,truthfulqa,0,5,0.1430773270751542,0.04933418360947136,0.8075884893153745,0.0,0.0,1.0,0.4531284282671586
truthfulqa_668_corr_1,truthfulqa,0,5,0.05218649333283805,0.0072969175131611845,0.9405165891540008,0.0,0.0,1.0,0.4775552120901616
truthfulqa_550_inc_4,truthfulqa,1,5,0.05964567745711802,0.08786767730728996,0.8524866452355919,0.0,0.0,1.0,0.5141109999250859
truthfulqa_77_inc_1,truthfulqa,1,5,0.06638009212121823,0.10872349416572033,0.8248964137130613,0.0,0.1,0.9,0.521171701022251
truthfulqa_489_inc_3,truthfulqa,1,5,0.01041161401098959,0.14654730897823884,0.8430410770107717,0.0,0.0,1.0,0.5680678474836247
truthfulqa_402_corr_1,truthfulqa,0,5,0.05037359849427549,0.3481011335168442,0.6015252679888803,0.0,0.1,0.9,0.6488637675112843
truthfulqa_139_inc_0,truthfulqa,1,5,0.12878074533652037,0.13243334060226952,0.73878591406121,0.0,0.2,0.8,0.5018262976328745
truthfulqa_165_best,truthfulqa,0,5,0.20339356369311382,0.36159414695020076,0.43501228935668534,0.1,0.3,0.6,0.5791002916285435
truthfulqa_114_inc_2,truthfulqa,1,5,0.06345803198525793,0.8255950223872175,0.11094694562752469,0.1,0.9,0.0,0.8810684952009799
truthfulqa_223_inc_2,truthfulqa,1,5,0.08357066930432773,0.17406314819512594,0.7423661825005463,0.1,0.1,0.8,0.5452462394453991
truthfulqa_206_inc_2,truthfulqa,1,5,0.025461873806276087,0.4314040451027787,0.5431340810909452,0.0,0.5,0.5,0.7029710856482513
truthfulqa_203_corr_0,truthfulqa,0,5,0.026445280735595066,0.32644376274745024,0.6471109565169547,0.0,0.2,0.8,0.6499992410059277
truthfulqa_687_inc_1,truthfulqa,1,5,0.03639788312743385,0.07832071830330121,0.885281398569265,0.0,0.0,1.0,0.5209614175879337
truthfulqa_306_inc_4,truthfulqa,1,5,0.024352836873342037,0.25896338825931137,0.7166837748673466,0.0,0.2,0.8,0.6173052756929847
truthfulqa_98_corr_2,truthfulqa,0,5,0.07124632945881282,0.3857589096562459,0.5429947608849413,0.0,0.4,0.6,0.6572562900987164
truthfulqa_3_inc_2,truthfulqa,1,5,0.05967775171805362,0.3867718556231476,0.5535503926587989,0.0,0.3,0.7,0.663547051952547
truthfulqa_547_corr_2,truthfulqa,0,5,0.3299201866379403,0.6600367818444457,0.010043031517614032,0.3,0.7,0.0,0.6650582976032527
truthfulqa_147_corr_0,truthfulqa,0,5,0.16487930397114156,0.38219487834242305,0.45292581768643536,0.1,0.5,0.4,0.6086577871856407
truthfulqa_780_corr_1,truthfulqa,0,5,0.20785320829100223,0.39545307310006067,0.3966937186089371,0.1,0.4,0.5,0.5937999324045292
truthfulqa_213_best,truthfulqa,0,5,0.15776704392066376,0.45218434771319893,0.3900486083661372,0.1,0.5,0.4,0.6472086518962675
truthfulqa_505_best,truthfulqa,0,5,0.004149807232168063,0.3074535561090564,0.6883966366587756,0.0,0.4,0.6,0.6516518744384442
truthfulqa_657_best,truthfulqa,0,5,0.018816302166467895,0.019297771681020537,0.9618859261525117,0.0,0.0,1.0,0.5002407347572764
truthfulqa_238_corr_1,truthfulqa,0,5,0.2618412416597176,0.16990649981394204,0.5682522585263403,0.2,0.1,0.7,0.45403262907711217
truthfulqa_746_best,truthfulqa,0,5,0.43069653861855556,0.16856856696575945,0.4007348944156851,0.3,0.2,0.5,0.368936014173602
truthfulqa_544_inc_2,truthfulqa,1,5,0.15997120646520377,0.03820848349612056,0.8018203100386756,0.1,0.0,0.9,0.43911863851545835
truthfulqa_161_best,truthfulqa,0,5,0.19469208125084342,0.003846402422900393,0.8014615163262562,0.0,0.0,1.0,0.4045771605860285
truthfulqa_731_best,truthfulqa,0,5,0.1172737156536517,0.2551122121150904,0.627614072231258,0.1,0.2,0.7,0.5689192482307194
truthfulqa_481_inc_0,truthfulqa,1,5,0.050751501233733266,0.8126081230208856,0.1366403757453812,0.1,0.8,0.1,0.8809283108935761
truthfulqa_141_inc_2,truthfulqa,1,5,0.09962190153671338,0.8950859471346794,0.0052921513286072735,0.1,0.9,0.0,0.897732022798983
truthfulqa_807_best,truthfulqa,0,5,0.09901961080844796,0.36587954119379484,0.5351008479977571,0.0,0.4,0.6,0.6334299651926734
truthfulqa_549_inc_0,truthfulqa,1,5,0.06554286981105004,0.36583621058752713,0.5686209196014229,0.0,0.4,0.6,0.6501466703882386
truthfulqa_696_corr_1,truthfulqa,0,5,0.049560447035633816,0.16539380413705568,0.7850457488273105,0.0,0.2,0.8,0.5579166785507109
truthfulqa_273_corr_2,truthfulqa,0,5,0.04771289068419351,0.013086256043733192,0.9392008532720733,0.0,0.0,1.0,0.48268668267976983
truthfulqa_724_inc_0,truthfulqa,1,5,0.12956946363127764,0.013840684450210073,0.8565898519185122,0.0,0.0,1.0,0.4421356104094662
truthfulqa_752_best,truthfulqa,0,5,0.184382620188157,0.234819651277777,0.5807977285340661,0.0,0.2,0.8,0.52521851554481
truthfulqa_550_inc_1,truthfulqa,1,5,0.19801609889762872,0.11584275952557285,0.6861411415767985,0.1,0.1,0.8,0.4589133303139721
truthfulqa_252_inc_0,truthfulqa,1,5,0.25274158546279857,0.007603858844966052,0.7396545556922354,0.1,0.0,0.9,0.37743113669108375
truthfulqa_360_inc_0,truthfulqa,1,5,0.07533723249105415,0.42634681533616714,0.4983159521727788,0.0,0.4,0.6,0.6755047914225565
truthfulqa_445_inc_1,truthfulqa,1,5,0.1988938774197138,0.6216546631244386,0.17945145945584756,0.2,0.8,0.0,0.7113803928523624
truthfulqa_482_corr_1,truthfulqa,0,5,0.030849968586724612,0.016573637286253683,0.9525763941270217,0.0,0.0,1.0,0.4928618343497645
truthfulqa_179_inc_2,truthfulqa,1,5,0.3883265069011633,0.2571379309080134,0.35453556219082333,0.5,0.1,0.4,0.43440571200342504
truthfulqa_377_best,truthfulqa,0,5,0.06776143202391935,0.3135464158970058,0.6186921520790747,0.0,0.4,0.6,0.6228924919365432
truthfulqa_733_best,truthfulqa,0,5,0.14646373342036195,0.010518577792236803,0.8430176887874012,0.0,0.0,1.0,0.4320274221859374
truthfulqa_567_inc_3,truthfulqa,1,5,0.833445413008492,0.0679341516516426,0.09862043533986549,1.0,0.0,0.0,0.11724436932157534
truthfulqa_523_inc_4,truthfulqa,1,5,0.20998610208924529,0.08219692901915833,0.7078169688915964,0.1,0.0,0.9,0.4361054134649565
truthfulqa_476_inc_0,truthfulqa,1,5,0.11097842811785849,0.5413820296365971,0.34763954224554433,0.1,0.6,0.3,0.7152018007593692
truthfulqa_358_inc_2,truthfulqa,1,5,0.09145905008459261,0.014389404256080134,0.8941515456593272,0.0,0.0,1.0,0.46146517708574375
truthfulqa_484_corr_3,truthfulqa,0,5,0.06473438736165008,0.029829444789881865,0.905436167848468,0.0,0.0,1.0,0.4825475287141159
truthfulqa_528_inc_3,truthfulqa,1,5,0.9898957602972953,0.0006793303445769676,0.009424909358127771,1.0,0.0,0.0,0.005391785023640853
truthfulqa_726_best,truthfulqa,0,5,0.1578003168478636,0.43155856045409,0.4106411226980463,0.1,0.4,0.5,0.6368791218031131
truthfulqa_368_corr_1,truthfulqa,0,5,0.1683957210862654,0.024298099579909357,0.8073061793338253,0.0,0.0,1.0,0.427951189246822
truthfulqa_295_corr_3,truthfulqa,0,5,0.14389533248680236,0.14644193159453162,0.709662735918666,0.0,0.1,0.9,0.5012732995538647
truthfulqa_287_best,truthfulqa,0,5,0.11718847813705938,0.011470378658334699,0.871341143204606,0.0,0.0,1.0,0.4471409502606377
truthfulqa_443_corr_4,truthfulqa,0,5,0.3243811485789136,0.2653597492309413,0.410259102190145,0.1,0.2,0.7,0.47048930032601377
truthfulqa_33_best,truthfulqa,0,5,0.0034866759012217607,0.2837713691256307,0.7127419549731476,0.0,0.2,0.8,0.6401423466122045
truthfulqa_117_corr_0,truthfulqa,0,5,0.15105824272302998,0.2351685906053485,0.6137731666716216,0.1,0.1,0.8,0.5420551739411593
truthfulqa_351_corr_2,truthfulqa,0,5,0.010823436665327955,0.15597934885693682,0.8331972144777353,0.0,0.1,0.9,0.5725779560958044
truthfulqa_140_inc_4,truthfulqa,1,5,0.023529290164580198,0.03677944164110179,0.9396912681943179,0.0,0.0,1.0,0.5066250757382608
truthfulqa_297_inc_0,truthfulqa,1,5,0.028489179686210103,0.2997713668960436,0.6717394534177463,0.0,0.3,0.7,0.6356410936049168
truthfulqa_446_corr_1,truthfulqa,0,5,0.29687367702071377,0.6984650489380143,0.004661274041271977,0.3,0.7,0.0,0.7007956859586503
truthfulqa_302_inc_2,truthfulqa,1,5,0.03277033172751832,0.3384222682962624,0.6288073999762193,0.0,0.3,0.7,0.652825968284372
truthfulqa_386_corr_2,truthfulqa,0,5,0.08359942482625057,0.28617005622747044,0.630230518946279,0.1,0.1,0.8,0.60128531570061
truthfulqa_436_corr_1,truthfulqa,0,5,0.7793017318100665,0.19002456244129273,0.030673705748640766,0.8,0.2,0.0,0.2053614153156131
truthfulqa_59_inc_2,truthfulqa,1,5,0.14670056343617616,0.03349313070712187,0.8198063058567019,0.0,0.0,1.0,0.4433962836354728
truthfulqa_363_best,truthfulqa,0,5,0.0899047463577084,0.01950739123654229,0.8905878624057492,0.0,0.0,1.0,0.46480132243941685
truthfulqa_454_inc_10,truthfulqa,1,5,0.09818948901809368,0.16911426866581655,0.7326962423160898,0.0,0.1,0.9,0.5354623898238614
truthfulqa_328_corr_3,truthfulqa,0,5,0.4348934129947074,0.39983535070714116,0.16527123629815132,0.6,0.4,0.0,0.4824709688562168
truthfulqa_653_best,truthfulqa,0,5,0.13351880690923199,0.1358811932664966,0.7305999998242714,0.1,0.0,0.9,0.5011811931786323
truthfulqa_491_inc_4,truthfulqa,1,5,0.36174406633543776,0.2179520318186452,0.42030390184591704,0.3,0.0,0.7,0.4281039827416037
truthfulqa_103_inc_0,truthfulqa,1,5,0.11554843420276746,0.0409634180742148,0.8434881477230178,0.0,0.0,1.0,0.4627074919357237
truthfulqa_20_inc_2,truthfulqa,1,5,0.04182622900375525,0.009476166619002838,0.9486976043772419,0.0,0.0,1.0,0.4838249688076238
truthfulqa_413_inc_0,truthfulqa,1,5,0.060151491133671596,0.7861570278550054,0.1536914810113231,0.0,0.9,0.1,0.8630027683606669
truthfulqa_421_corr_2,truthfulqa,0,5,0.21540504571198776,0.6729551367186447,0.11163981756936739,0.1,0.7,0.2,0.7287750455033284
truthfulqa_736_corr_1,truthfulqa,0,5,0.17019832716257838,0.11448902162814219,0.7153126512092794,0.0,0.0,1.0,0.4721453472327819
truthfulqa_644_inc_0,truthfulqa,1,5,0.27304131047756314,0.41424326131521544,0.3127154282072214,0.2,0.5,0.3,0.5706009754188262
truthfulqa_175_corr_1,truthfulqa,0,5,0.1611735116546048,0.4634730577446996,0.3753534306006956,0.1,0.4,0.5,0.6511497730450474
truthfulqa_57_inc_3,truthfulqa,1,5,0.07896505100734338,0.2806007929733042,0.6404341560193524,0.0,0.3,0.7,0.6008178709829803
truthfulqa_108_corr_2,truthfulqa,0,5,0.5200733191782294,0.002833479769065198,0.4770932010527054,0.5,0.0,0.5,0.2413800802954179
truthfulqa_319_corr_3,truthfulqa,0,5,0.21477110325994184,0.0519502990044165,0.7332785977356415,0.1,0.0,0.9,0.41858959787223726
truthfulqa_38_inc_5,truthfulqa,1,5,0.9637331322108966,0.001035429738662818,0.03523143805044049,1.0,0.0,0.0,0.018651148763883064
truthfulqa_471_corr_3,truthfulqa,0,5,0.0019023596952127957,0.6377627193855597,0.3603349209192274,0.0,0.8,0.2,0.8179301798451735
truthfulqa_733_corr_2,truthfulqa,0,5,0.26897426101508015,0.0174669039973539,0.7135588349875659,0.0,0.0,1.0,0.37424632149113685
truthfulqa_79_best,truthfulqa,0,5,0.12173923488405677,0.018320284401072022,0.8599404807148712,0.1,0.0,0.9,0.4482905247585076
truthfulqa_307_corr_1,truthfulqa,0,5,0.022953655240616013,0.3066406068722596,0.6704057378871244,0.0,0.5,0.5,0.6418434758158218
truthfulqa_608_best,truthfulqa,0,5,0.23182760033623323,0.05363332736171843,0.7145390723020484,0.1,0.0,0.9,0.41090286351274263
truthfulqa_437_best,truthfulqa,0,5,0.008503979110189125,0.841687165931058,0.14980885495875293,0.0,1.0,0.0,0.9165915934104344
truthfulqa_621_best,truthfulqa,0,5,0.0029576022650682266,0.17498486948786904,0.8220575282470627,0.0,0.1,0.9,0.5860136336114004
truthfulqa_115_corr_4,truthfulqa,0,5,0.3121713873263828,0.43142099200591033,0.2564076206677068,0.3,0.3,0.4,0.5596248023397637
truthfulqa_788_inc_1,truthfulqa,1,5,0.13952327020927785,0.003439063274290622,0.8570376665164314,0.1,0.0,0.9,0.4319578965325063
truthfulqa_273_corr_3,truthfulqa,0,5,0.036738452303223354,0.11757761610613267,0.8456839315906441,0.0,0.1,0.9,0.5404195819014548
truthfulqa_119_inc_1,truthfulqa,1,5,0.01839947407768564,0.07806618699872744,0.9035343389235869,0.0,0.0,1.0,0.5298333564605209
truthfulqa_553_inc_1,truthfulqa,1,5,0.0592158581575263,0.5455451210825013,0.3952390207599724,0.0,0.6,0.4,0.7431646314624876
truthfulqa_394_best,truthfulqa,0,5,0.025553049730968475,0.6769703491787158,0.29747660109031576,0.0,0.6,0.4,0.8257086497238737
truthfulqa_285_corr_3,truthfulqa,0,5,0.4374503495576084,0.058688376757079566,0.5038612736853121,0.4,0.0,0.6,0.3106190135997356
truthfulqa_235_corr_1,truthfulqa,0,5,0.05772066427769518,0.05635338604405432,0.8859259496782504,0.0,0.0,1.0,0.49931636088317954
truthfulqa_139_inc_4,truthfulqa,1,5,0.26691778747844014,0.1291250920438884,0.6039571204776715,0.1,0.0,0.9,0.4311036522827241
truthfulqa_416_inc_1,truthfulqa,1,5,0.016021699584254423,0.8646303177482407,0.11934798266750479,0.0,1.0,0.0,0.9243043090819931
truthfulqa_551_inc_9,truthfulqa,1,5,0.024357173704673295,0.14313769393934683,0.8325051323559798,0.0,0.0,1.0,0.5593902601173367
truthfulqa_374_best,truthfulqa,0,5,0.1563322453044574,0.19044838431534056,0.6532193703802021,0.2,0.2,0.6,0.5170580695054416
truthfulqa_521_inc_0,truthfulqa,1,5,0.9885515070732657,0.0005759127977298081,0.010872580129004623,1.0,0.0,0.0,0.006012202862232119
truthfulqa_646_inc_1,truthfulqa,1,5,0.3701243145850436,0.6031273603080007,0.026748325106955666,0.3,0.7,0.0,0.6165015228614785
truthfulqa_605_corr_1,truthfulqa,0,5,0.08394081795660238,0.24283086453655983,0.6732283175068379,0.0,0.1,0.9,0.5794450232899788
truthfulqa_345_corr_3,truthfulqa,0,5,0.27147100352318093,0.27548709113992526,0.453041905336894,0.3,0.2,0.5,0.5020080438083723
truthfulqa_324_corr_4,truthfulqa,0,5,0.031008130611912717,0.6830087785514753,0.285983090836612,0.0,0.7,0.3,0.8260003239697813
truthfulqa_649_inc_1,truthfulqa,1,5,0.21067673460329725,0.16182881430370757,0.6274944510929952,0.0,0.1,0.9,0.47557603985020513
truthfulqa_806_corr_1,truthfulqa,0,5,0.2796994987386732,0.23245092458108943,0.4878495766802374,0.2,0.2,0.6,0.4763757129212081
truthfulqa_730_corr_2,truthfulqa,0,5,0.20661687769394774,0.3029949679718753,0.49038815433417693,0.0,0.4,0.6,0.5481890451389637
truthfulqa_364_corr_1,truthfulqa,0,5,0.09637610958484075,0.17132964169491832,0.7322942487202408,0.0,0.0,1.0,0.5374767660550388
truthfulqa_399_inc_1,truthfulqa,1,5,0.04076682932426478,0.10761911354985554,0.8516140571258797,0.0,0.0,1.0,0.5334261421127954
truthfulqa_754_corr_1,truthfulqa,0,5,0.09487491547412227,0.6139379003814239,0.29118718414445377,0.0,0.6,0.4,0.7595314924536508
truthfulqa_484_corr_1,truthfulqa,0,5,0.13208651344665706,0.02514440286546642,0.8427690836878765,0.0,0.0,1.0,0.4465289447094047
truthfulqa_37_inc_0,truthfulqa,1,5,0.05395387778808693,0.5584954355439573,0.38755068666795583,0.0,0.7,0.3,0.7522707788779353
truthfulqa_442_inc_3,truthfulqa,1,5,0.2983456755477827,0.504809187973717,0.1968451364785003,0.3,0.6,0.1,0.6032317562129671
truthfulqa_403_corr_3,truthfulqa,0,5,0.04217128033593435,0.49447662935188985,0.46335209031217567,0.0,0.4,0.6,0.7261526745079777
truthfulqa_90_best,truthfulqa,0,5,0.12980593180541808,0.25433533334561426,0.6158587348489677,0.0,0.4,0.6,0.562264700770098
truthfulqa_169_inc_3,truthfulqa,1,5,0.2250099230141139,0.07054585269604204,0.7044442242898442,0.1,0.0,0.9,0.42276796484096413
truthfulqa_390_corr_2,truthfulqa,0,5,0.08283891347646495,0.1553507033747859,0.7618103831487493,0.0,0.0,1.0,0.5362558949491605
truthfulqa_506_inc_4,truthfulqa,1,5,0.006577207903842424,0.37718257981110953,0.6162402122850481,0.0,0.4,0.6,0.6853026859536335
truthfulqa_291_best,truthfulqa,0,5,0.012389301090053895,0.14235901613353186,0.8452516827764143,0.0,0.0,1.0,0.564984857521739
truthfulqa_293_best,truthfulqa,0,5,0.29799297259032775,0.45632996837632633,0.24567705903334586,0.4,0.6,0.0,0.5791684978929993
truthfulqa_491_inc_1,truthfulqa,1,5,0.07447555708370826,0.46044982276949015,0.46507462014680157,0.0,0.7,0.3,0.6929871328428909
truthfulqa_677_corr_2,truthfulqa,0,5,0.009451277343814969,0.0238904144431627,0.9666583082130223,0.0,0.0,1.0,0.5072195685496739
truthfulqa_206_inc_0,truthfulqa,1,5,0.019762632429209247,0.37880579421439203,0.6014315733563987,0.0,0.3,0.7,0.6795215808925914
truthfulqa_224_inc_2,truthfulqa,1,5,0.22009597485312682,0.38052993730132,0.3993740878455532,0.0,0.4,0.6,0.5802169812240966
truthfulqa_44_inc_0,truthfulqa,1,5,0.05627734453852865,0.3092943311575755,0.6344283243038958,0.0,0.3,0.7,0.6265084933095234
truthfulqa_30_inc_1,truthfulqa,1,5,0.003069218001094826,0.9132946039202267,0.08363617807867865,0.0,1.0,0.0,0.955112692959566
truthfulqa_56_best,truthfulqa,0,5,0.0810259996821335,0.40244079879945466,0.5165332015184119,0.1,0.3,0.6,0.6607073995586605
truthfulqa_213_corr_1,truthfulqa,0,5,0.2561961843390973,0.10157964165589414,0.6422241740050085,0.3,0.0,0.7,0.42269172865839844
truthfulqa_549_inc_2,truthfulqa,1,5,0.010630504551934808,0.18585898167437964,0.8035105137736857,0.0,0.0,1.0,0.5876142385612224
truthfulqa_447_best,truthfulqa,0,5,0.06056882842829261,0.3284727560200754,0.610958415551632,0.0,0.4,0.6,0.6339519637958915
truthfulqa_16_corr_6,truthfulqa,0,5,0.15078371525600903,0.012177707747191732,0.8370385769967992,0.0,0.0,1.0,0.4306969962455913
truthfulqa_103_inc_3,truthfulqa,1,5,0.2425415699040146,0.0471446985441568,0.7103137315518288,0.1,0.0,0.9,0.4023015643200712
truthfulqa_489_best,truthfulqa,0,5,0.024456003823373075,0.08028294112947328,0.8952610550471537,0.0,0.0,1.0,0.5279134686530501
truthfulqa_520_inc_3,truthfulqa,1,5,0.7409139971012917,0.01722201626432723,0.2418639866343812,1.0,0.0,0.0,0.13815400958151783
truthfulqa_743_inc_1,truthfulqa,1,5,0.05530172610210288,0.18713938344689568,0.7575588904510014,0.0,0.1,0.9,0.5659188286723964
truthfulqa_636_corr_1,truthfulqa,0,5,0.3258456645532832,0.10346337871374822,0.5706909567329685,0.1,0.1,0.8,0.3888088570802325
truthfulqa_568_inc_2,truthfulqa,1,5,0.7872680235486168,0.00690580428938029,0.20582617216200294,1.0,0.0,0.0,0.10981889037038176
truthfulqa_530_corr_3,truthfulqa,0,5,0.007297422859767222,0.2658653358971734,0.7268372412430593,0.0,0.2,0.8,0.6292839565187031
truthfulqa_279_inc_2,truthfulqa,1,5,0.0590404442367586,0.4387265280486776,0.5022330277145638,0.0,0.4,0.6,0.6898430419059596
truthfulqa_113_inc_2,truthfulqa,1,5,0.14239931814538923,0.6399804546385163,0.2176202272160946,0.1,0.6,0.3,0.7487905682465635
truthfulqa_62_inc_2,truthfulqa,1,5,0.3659207553392741,0.24638314072882256,0.38769610393190324,0.5,0.2,0.3,0.4402311926947742
truthfulqa_131_corr_2,truthfulqa,0,5,0.06717816517923203,0.5888495359883015,0.34397229883246644,0.0,0.5,0.5,0.7608356854045347
truthfulqa_131_inc_0,truthfulqa,1,5,0.042569446923888705,0.7306542674190675,0.22677628565704383,0.0,0.8,0.2,0.8440424102475894
truthfulqa_642_inc_1,truthfulqa,1,5,0.10471886375380535,0.02111658376195038,0.8741645524842442,0.0,0.0,1.0,0.45819886000407245
truthfulqa_694_inc_2,truthfulqa,1,5,0.08017605208535768,0.1040960586912526,0.8157278892233899,0.0,0.1,0.9,0.5119600033029476
truthfulqa_188_corr_2,truthfulqa,0,5,0.01084360901831691,0.009323922082651181,0.9798324688990319,0.0,0.0,1.0,0.49924015653216713
truthfulqa_559_corr_2,truthfulqa,0,5,0.5920900311128114,0.3993581565343115,0.008551812352877006,0.6,0.4,0.0,0.40363406271075003
truthfulqa_356_inc_2,truthfulqa,1,5,0.0868307055150277,0.1251394765007559,0.7880298179842163,0.0,0.0,1.0,0.5191543854928641
truthfulqa_382_best,truthfulqa,0,5,0.08191646035860227,0.23468114354737732,0.6834023960940204,0.0,0.1,0.9,0.5763823415943875
truthfulqa_643_inc_2,truthfulqa,1,5,0.06710948582358557,0.23217648712784497,0.7007140270485694,0.0,0.3,0.7,0.5825335006521297
truthfulqa_565_inc_1,truthfulqa,1,5,0.9905563091616749,0.0007140698799153356,0.008729620958409892,1.0,0.0,0.0,0.005078880359120281
truthfulqa_331_corr_4,truthfulqa,0,5,0.03981734222582285,0.36538057748726727,0.5948020802869098,0.0,0.4,0.6,0.6627816176307222
truthfulqa_582_corr_1,truthfulqa,0,5,0.20683021287691314,0.6583450507884667,0.13482473633462017,0.3,0.7,0.0,0.7257574189557768
truthfulqa_300_inc_9,truthfulqa,1,5,0.235679594741855,0.09648938309091884,0.6678310221672261,0.2,0.0,0.8,0.43040489417453187
truthfulqa_541_inc_2,truthfulqa,1,5,0.4489816443251698,0.005375216891641202,0.5456431387831889,0.1,0.0,0.9,0.2781967862832357
truthfulqa_681_corr_1,truthfulqa,0,5,0.032711076526287235,0.881763837050945,0.08552508642276789,0.0,0.9,0.1,0.9245263802623289
truthfulqa_606_corr_2,truthfulqa,0,5,0.07130778060128742,0.05289958969643901,0.8757926297022735,0.0,0.0,1.0,0.4907959045475757
truthfulqa_263_best,truthfulqa,0,5,0.050388200725739074,0.023970631856578117,0.9256411674176828,0.0,0.0,1.0,0.4867912155654195
truthfulqa_512_inc_5,truthfulqa,1,5,0.009580705878634977,0.12901827282279,0.861401021298575,0.0,0.1,0.9,0.5597187834720775
truthfulqa_225_corr_1,truthfulqa,0,5,0.015906066977149236,0.09481882995600519,0.8892751030668455,0.0,0.0,1.0,0.539456381489428
truthfulqa_405_inc_2,truthfulqa,1,5,0.11574904905548522,0.2524130688778544,0.6318378820666605,0.0,0.2,0.8,0.5683320099111846
truthfulqa_174_corr_2,truthfulqa,0,5,0.9882355067999189,0.0007994710933849092,0.01096502210669615,1.0,0.0,0.0,0.0062819821467329845
truthfulqa_728_inc_0,truthfulqa,1,5,0.2633194928617618,0.1655041973495049,0.5711763097887333,0.3,0.0,0.7,0.45109235224387156
truthfulqa_582_corr_2,truthfulqa,0,5,0.11835715298530217,0.6871335797621068,0.19450926725259093,0.1,0.8,0.1,0.7843882133884023
truthfulqa_87_inc_2,truthfulqa,1,5,0.003386915951551172,0.3717223761273014,0.6248907079211474,0.0,0.3,0.7,0.6841677300878751
truthfulqa_436_inc_1,truthfulqa,1,5,0.9818786268308756,0.0008508986002768758,0.017270474568847637,1.0,0.0,0.0,0.009486135884700694
truthfulqa_44_corr_2,truthfulqa,0,5,0.15712852812630432,0.0708749617550416,0.771996510118654,0.0,0.0,1.0,0.4568732168143686
truthfulqa_62_corr_2,truthfulqa,0,5,0.008966269278136875,0.26411011760201236,0.7269236131198508,0.0,0.3,0.7,0.6275719241619377
truthfulqa_60_inc_1,truthfulqa,1,5,0.09817088560523271,0.09408448253813292,0.8077446318566344,0.0,0.0,1.0,0.49795679846645013
truthfulqa_193_best,truthfulqa,0,5,0.08099402574856872,0.42074224823479034,0.498263726016641,0.0,0.4,0.6,0.6698741112431108
truthfulqa_277_corr_3,truthfulqa,0,5,0.17564242092811777,0.00330285644958727,0.821054722622295,0.1,0.0,0.9,0.41383021776073475
truthfulqa_288_corr_1,truthfulqa,0,5,0.03496541136402641,0.06322894202131932,0.9018056466146541,0.0,0.0,1.0,0.5141317653286464
truthfulqa_6_best,truthfulqa,0,5,0.0972492697055252,0.11675621072001152,0.7859945195744633,0.0,0.0,1.0,0.5097534705072432
truthfulqa_392_inc_1,truthfulqa,1,5,0.006050432676735143,0.040435200647875244,0.9535143666753896,0.0,0.0,1.0,0.51719238398557
truthfulqa_20_inc_3,truthfulqa,1,5,0.12259118261879379,0.03758788094492251,0.8398209364362839,0.0,0.0,1.0,0.4574983491630644
truthfulqa_280_corr_3,truthfulqa,0,5,0.11409553033405465,0.09676600770203345,0.7891384619639119,0.0,0.0,1.0,0.49133523868398943
truthfulqa_434_inc_2,truthfulqa,1,5,0.991806075508101,0.001061087192071017,0.00713283729982814,1.0,0.0,0.0,0.004627505841985087
truthfulqa_69_inc_0,truthfulqa,1,5,0.1509922980125742,0.3756257539656972,0.47338194802172867,0.0,0.4,0.6,0.6123167279765616
truthfulqa_780_best,truthfulqa,0,5,0.3366599424547726,0.3557825900064244,0.307557467538803,0.3,0.4,0.3,0.5095613237758259
truthfulqa_519_best,truthfulqa,0,5,0.36183667788200147,0.08241419392276914,0.5557491281952295,0.2,0.1,0.7,0.36028875802038385
truthfulqa_776_inc_3,truthfulqa,1,5,0.08195076187590336,0.4672718152748147,0.4507774228492819,0.0,0.4,0.6,0.6926605266994557
truthfulqa_259_corr_1,truthfulqa,0,5,0.21403355625681927,0.009116265897661725,0.776850177845519,0.1,0.0,0.9,0.39754135482042124
truthfulqa_190_corr_2,truthfulqa,0,5,0.022795007498320034,0.012295666510322186,0.9649093259913579,0.0,0.0,1.0,0.4947503295060012
truthfulqa_362_inc_2,truthfulqa,1,5,0.2819903692524195,0.10630954963429454,0.6117000811132859,0.2,0.0,0.8,0.4121595901909375
truthfulqa_804_corr_1,truthfulqa,0,5,0.1691052393749422,0.2531926034090305,0.5777021572160274,0.0,0.2,0.8,0.5420436820170442
truthfulqa_456_inc_2,truthfulqa,1,5,0.003635625627271059,0.3608619993611858,0.635502375011543,0.0,0.4,0.6,0.6786131868669574
truthfulqa_438_best,truthfulqa,0,5,0.5977381176076364,0.03888592947280059,0.3633759529195631,0.6,0.0,0.4,0.22057390593258214
truthfulqa_100_corr_3,truthfulqa,0,5,0.17150193798787197,0.5409221017255714,0.2875759602865565,0.2,0.6,0.2,0.6847100818688496
truthfulqa_250_corr_2,truthfulqa,0,5,0.0024409832235204056,0.9729421847250599,0.024616832051419613,0.0,1.0,0.0,0.9852506007507696
truthfulqa_715_inc_0,truthfulqa,1,5,0.028610862866007575,0.10741096459844864,0.8639781725355439,0.0,0.0,1.0,0.5394000508662206
truthfulqa_178_corr_1,truthfulqa,0,5,0.5061144943419037,0.0867310499236934,0.4071544557344029,0.5,0.0,0.5,0.29030827779089485
truthfulqa_95_inc_1,truthfulqa,1,5,0.014632929269053064,0.3038519874459318,0.6815150832850152,0.0,0.0,1.0,0.6446095290884394
truthfulqa_232_inc_2,truthfulqa,1,5,0.06672166324589776,0.34978384040848154,0.5834944963456207,0.0,0.1,0.9,0.6415310885812919
truthfulqa_312_inc_3,truthfulqa,1,5,0.07984344577603528,0.3968201594605209,0.5233363947634438,0.1,0.5,0.4,0.6584883568422428
truthfulqa_541_inc_0,truthfulqa,1,5,0.2250140795479926,0.08455267726249624,0.6904332431895112,0.1,0.0,0.9,0.4297692988572518
truthfulqa_593_inc_1,truthfulqa,1,5,0.10569175319581428,0.2949161087133322,0.5993921380908536,0.1,0.2,0.7,0.594612177758759
truthfulqa_240_corr_2,truthfulqa,0,5,0.02545333938151855,0.03842059110586159,0.9361260695126198,0.0,0.0,1.0,0.5064836258621714
truthfulqa_56_inc_0,truthfulqa,1,5,0.010591888880219866,0.29080715990174044,0.6986009512180397,0.0,0.2,0.8,0.6401076355107602
truthfulqa_151_best,truthfulqa,0,5,0.3736060971866349,0.002717712216652622,0.6236761905967125,0.0,0.0,1.0,0.3145558075150089
truthfulqa_244_inc_2,truthfulqa,1,5,0.14926994087464496,0.7851132129944258,0.06561684613092925,0.2,0.8,0.0,0.8179216360598904
truthfulqa_670_corr_4,truthfulqa,0,5,0.004807624090653347,0.1264198991386886,0.868772476770658,0.0,0.0,1.0,0.5608061375240176
truthfulqa_18_inc_4,truthfulqa,1,5,0.032113096548957124,0.2301537259860082,0.7377331774650348,0.0,0.1,0.9,0.5990203147185256
truthfulqa_336_best,truthfulqa,0,5,0.033382366152840466,0.4104964084151234,0.556121225432036,0.0,0.4,0.6,0.6885570211311414
truthfulqa_421_corr_3,truthfulqa,0,5,0.9845025848081536,0.0011915408000236333,0.014305874391822895,1.0,0.0,0.0,0.00834447799593508
truthfulqa_318_inc_4,truthfulqa,1,5,0.08653110276192497,0.11061140045667514,0.8028574967813998,0.0,0.1,0.9,0.512040148847375
truthfulqa_172_inc_1,truthfulqa,1,5,0.023831989775351548,0.19778318833928826,0.7783848218853602,0.0,0.0,1.0,0.5869755992819683
truthfulqa_695_inc_0,truthfulqa,1,5,0.03010977125698889,0.0577624016564637,0.9121278270865474,0.0,0.0,1.0,0.5138263151997374
truthfulqa_524_corr_2,truthfulqa,0,5,0.9898957602972953,0.0006793303445769676,0.009424909358127771,1.0,0.0,0.0,0.005391785023640853
truthfulqa_110_inc_3,truthfulqa,1,5,0.06697332062105862,0.12534139563157093,0.8076852837473705,0.0,0.0,1.0,0.5291840375052561
truthfulqa_400_best,truthfulqa,0,5,0.0052414072860492355,0.9094127032305442,0.08534588948340663,0.0,1.0,0.0,0.9520856479722476
truthfulqa_344_inc_0,truthfulqa,1,5,0.1610899013819836,0.0844445337091071,0.7544655649089093,0.1,0.0,0.9,0.4616773161635617
truthfulqa_6_inc_0,truthfulqa,1,5,0.06549456774888976,0.35530688652834297,0.5791985457227673,0.0,0.2,0.8,0.6449061593897266
truthfulqa_555_corr_2,truthfulqa,0,5,0.1008261984643081,0.1701165876745431,0.7290572138611487,0.0,0.0,1.0,0.5346451946051175
truthfulqa_102_corr_4,truthfulqa,0,5,0.3186124239955749,0.004490125205226299,0.6768974507991989,0.1,0.0,0.9,0.34293885060482576
truthfulqa_510_inc_6,truthfulqa,1,5,0.09338553046445228,0.006295171432698234,0.9003192981028496,0.0,0.0,1.0,0.45645482048412306
truthfulqa_537_inc_2,truthfulqa,1,5,0.10603602364841516,0.15500185752124412,0.7389621188303408,0.0,0.0,1.0,0.5244829169364145
truthfulqa_43_inc_0,truthfulqa,1,5,0.0789255104704721,0.03172901951592953,0.8893454700135983,0.0,0.0,1.0,0.4764017545227287
truthfulqa_617_inc_0,truthfulqa,1,5,0.6578492479590738,0.0016107687040849375,0.34053998333684127,0.7,0.0,0.3,0.17188076037250558
truthfulqa_17_corr_1,truthfulqa,0,5,0.15749637557712082,0.005945855161469489,0.8365577692614098,0.1,0.0,0.9,0.4242247397921744
truthfulqa_694_best,truthfulqa,0,5,0.22081222847994736,0.0378868960570054,0.7413008754630471,0.1,0.0,0.9,0.40853733378852897
truthfulqa_65_inc_0,truthfulqa,1,5,0.14161833076001157,0.21064983999673986,0.6477318292432486,0.1,0.4,0.5,0.5345157546183641
truthfulqa_761_corr_1,truthfulqa,0,5,0.0986932326680127,0.32344002124771526,0.577866746084272,0.1,0.3,0.6,0.6123733942898513
truthfulqa_325_inc_3,truthfulqa,1,5,0.011106321986358988,0.5700539885137779,0.41883968949986317,0.0,0.6,0.4,0.7794738332637094
truthfulqa_340_corr_3,truthfulqa,0,5,0.029347988260374124,0.4614681709465785,0.5091838407930473,0.0,0.5,0.5,0.7160600913431021
truthfulqa_41_inc_2,truthfulqa,1,5,0.09109698011435925,0.0013066156965167565,0.907596404189124,0.0,0.0,1.0,0.45510481779107875
truthfulqa_703_inc_2,truthfulqa,1,5,0.22541398014136876,0.21223318888406592,0.5623528309745653,0.1,0.1,0.8,0.4934096043713486
truthfulqa_30_best,truthfulqa,0,5,0.0029348115904762224,0.657914814828174,0.33915037358134964,0.0,0.8,0.2,0.8274900016188489
truthfulqa_433_best,truthfulqa,0,5,0.34057052151336575,0.395860584971942,0.2635688935146923,0.3,0.4,0.3,0.5276450317292881
truthfulqa_45_corr_4,truthfulqa,0,5,0.03330116297879929,0.017409925293794128,0.9492889117274066,0.0,0.0,1.0,0.49205438115749744
truthfulqa_60_inc_0,truthfulqa,1,5,0.15871847181557697,0.04344476833794577,0.7978367598464773,0.0,0.0,1.0,0.4423631482611844
truthfulqa_310_inc_0,truthfulqa,1,5,0.048324676542354464,0.10247475593315085,0.8492005675244947,0.0,0.0,1.0,0.5270750396953982
truthfulqa_363_inc_0,truthfulqa,1,5,0.052312935655908624,0.022769448320031378,0.92491761602406,0.0,0.0,1.0,0.48522825633206135
truthfulqa_246_corr_1,truthfulqa,0,5,0.06372548672001477,0.420764437349578,0.5155100759304072,0.1,0.3,0.6,0.6785194753147816
truthfulqa_353_inc_1,truthfulqa,1,5,0.14591984363085558,0.027154939013327502,0.826925217355817,0.0,0.0,1.0,0.440617547691236
truthfulqa_716_best,truthfulqa,0,5,0.0007516297455564344,0.7784811532527111,0.22076721700173252,0.0,1.0,0.0,0.8888647617535773
truthfulqa_493_inc_3,truthfulqa,1,5,0.02233803162226162,0.22060910806203632,0.7570528603157021,0.0,0.2,0.8,0.5991355382198873
truthfulqa_618_corr_2,truthfulqa,0,5,0.16073997154568215,0.18709389912736046,0.6521661293269575,0.1,0.2,0.7,0.5131769637908392
truthfulqa_129_inc_4,truthfulqa,1,5,0.07943504401636314,0.6166968944546005,0.3038680615290363,0.0,0.6,0.4,0.7686309252191187
truthfulqa_65_inc_1,truthfulqa,1,5,0.27328420334512754,0.3209467610655671,0.40576903558930544,0.3,0.4,0.3,0.5238312788602197
truthfulqa_272_corr_2,truthfulqa,0,5,0.21238116045478383,0.0788896559740186,0.7087291835711975,0.2,0.0,0.8,0.43325424775961735
truthfulqa_725_corr_2,truthfulqa,0,5,0.004339233711814394,0.268303354785759,0.7273574115024266,0.0,0.2,0.8,0.6319820605369724
truthfulqa_113_best,truthfulqa,0,5,0.020456412836854267,0.7233296852076467,0.2562139019554991,0.0,0.6,0.4,0.8514366361853962
truthfulqa_205_inc_2,truthfulqa,1,5,0.0011524150989792197,0.9424936684299435,0.056353916471077195,0.0,1.0,0.0,0.9706706266654821
truthfulqa_148_best,truthfulqa,0,5,0.009327492708487647,0.43552458134561095,0.5551479259459015,0.0,0.3,0.7,0.7130985443185617
truthfulqa_633_inc_0,truthfulqa,1,5,0.008864214614500076,0.3952897025447782,0.5958460828407216,0.0,0.2,0.8,0.693212743965139
truthfulqa_124_best,truthfulqa,0,5,0.08627109831994614,0.07285949714265316,0.8408694045374008,0.0,0.0,1.0,0.49329419941135355
truthfulqa_100_best,truthfulqa,0,5,0.18830828333648822,0.2718758297586229,0.5398158869048889,0.2,0.3,0.5,0.5417837732110673
truthfulqa_168_corr_1,truthfulqa,0,5,0.3488622180689053,0.04743552160604353,0.6037022603250511,0.2,0.0,0.8,0.3492866517685691
truthfulqa_199_corr_1,truthfulqa,0,5,0.2217559796496098,0.22098771311425724,0.557256307236133,0.2,0.1,0.7,0.4996158667323237
truthfulqa_685_inc_0,truthfulqa,1,5,0.01890670359888735,0.3969860930495609,0.5841072033515516,0.0,0.3,0.7,0.6890396947253368
truthfulqa_83_inc_1,truthfulqa,1,5,0.07110367526207577,0.05720336164380559,0.8716929630941186,0.0,0.0,1.0,0.49304984319086487
truthfulqa_350_inc_1,truthfulqa,1,5,0.024742584637049498,0.026898906214313067,0.9483585091486375,0.0,0.0,1.0,0.5010781607886319
truthfulqa_70_best,truthfulqa,0,5,0.000791044071388159,0.8373187364273603,0.16189021950125143,0.0,0.9,0.1,0.9182638461779861
truthfulqa_769_inc_3,truthfulqa,1,5,0.018367993971113043,0.07936644320923529,0.9022655628196518,0.0,0.0,1.0,0.5304992246190612
truthfulqa_614_best,truthfulqa,0,5,0.3762309389587607,0.0052746121082021145,0.6184944489330372,0.2,0.0,0.8,0.3145218365747207
truthfulqa_419_best,truthfulqa,0,5,0.4438399221107524,0.41444206659367655,0.141718011295571,0.6,0.4,0.0,0.485301072241462
truthfulqa_11_inc_3,truthfulqa,1,5,0.4307459256828644,0.3074842251497844,0.2617698491673511,0.7,0.3,0.0,0.43836914973346
truthfulqa_50_inc_1,truthfulqa,1,5,0.07629012722851636,0.107302473927349,0.8164073988441347,0.0,0.0,1.0,0.5155061733494164
truthfulqa_629_inc_0,truthfulqa,1,5,0.016018331748662608,0.07475042025592857,0.9092312479954089,0.0,0.0,1.0,0.529366044253633
truthfulqa_274_best,truthfulqa,0,5,0.08587853238770166,0.18357712896994038,0.730544338642358,0.0,0.0,1.0,0.5488492982911194
truthfulqa_333_best,truthfulqa,0,5,0.02219289712451263,0.15090317727214186,0.8269039256033455,0.0,0.0,1.0,0.5643551400738146
truthfulqa_201_corr_2,truthfulqa,0,5,0.21267540098095655,0.08604665046396971,0.7012779485550736,0.1,0.1,0.8,0.4366856247415065
truthfulqa_615_inc_1,truthfulqa,1,5,0.17338653975096316,0.1695136132488758,0.657099847000161,0.1,0.0,0.9,0.4980635367489563
truthfulqa_588_best,truthfulqa,0,5,0.018913444376275373,0.3196989512372526,0.6613876043864721,0.0,0.4,0.6,0.6503927534304887
truthfulqa_41_inc_8,truthfulqa,1,5,0.182472160030273,0.04005916725987181,0.7774686727098552,0.2,0.0,0.8,0.4287935036147994
truthfulqa_613_corr_3,truthfulqa,0,5,0.1600403510932004,0.2575224920009312,0.5824371569058684,0.0,0.1,0.9,0.5487410704538653
truthfulqa_352_corr_2,truthfulqa,0,5,0.08957891434738552,0.023998905210326986,0.8864221804422874,0.0,0.0,1.0,0.4672099954314707
truthfulqa_89_inc_1,truthfulqa,1,5,0.3176463575126124,0.3832920685804219,0.29906157390696564,0.3,0.4,0.3,0.5328228555339047
truthfulqa_109_corr_2,truthfulqa,0,5,0.27654558934793927,0.2702407888123742,0.4532136218396866,0.1,0.3,0.6,0.4968475997322175
truthfulqa_42_inc_0,truthfulqa,1,5,0.11006932711013458,0.4602531572230483,0.4296775156668171,0.1,0.5,0.4,0.6750919150564569
truthfulqa_276_inc_2,truthfulqa,1,5,0.043435896323802674,0.008724701107082296,0.9478394025691148,0.0,0.0,1.0,0.4826444023916397
truthfulqa_285_inc_2,truthfulqa,1,5,0.1723143634131426,0.10944881737410424,0.7182368192127532,0.1,0.0,0.9,0.4685672269804808
truthfulqa_150_best,truthfulqa,0,5,0.009437661594312797,0.32544714079427045,0.6651151976114169,0.0,0.2,0.8,0.6580047395999788
truthfulqa_810_corr_4,truthfulqa,0,5,0.05151559501553242,0.2704326574948705,0.678051747489597,0.0,0.3,0.7,0.609458531239669
truthfulqa_578_best,truthfulqa,0,5,0.00891145612527295,0.8412333542203138,0.1498551896544133,0.0,1.0,0.0,0.9161609490475204
truthfulqa_747_inc_1,truthfulqa,1,5,0.005640599427895848,0.5861985800299634,0.4081608205421408,0.0,0.6,0.4,0.7902789903010338
truthfulqa_551_best,truthfulqa,0,5,0.11995225505068433,0.24697383009596935,0.6330739148533464,0.1,0.2,0.7,0.5635107875226426
truthfulqa_274_corr_1,truthfulqa,0,5,0.049418748400677455,0.12597556805074592,0.8246056835485767,0.0,0.0,1.0,0.5382784098250343
truthfulqa_733_inc_0,truthfulqa,1,5,0.007757440256933722,0.008793663824521647,0.9834488959185446,0.0,0.0,1.0,0.5005181117837939
truthfulqa_516_corr_1,truthfulqa,0,5,0.06860804004965113,0.30282174331409345,0.6285702166362556,0.0,0.2,0.8,0.6171068516322212
truthfulqa_422_inc_2,truthfulqa,1,5,0.6856878376710508,0.2875572254040334,0.0267549369249159,1.0,0.0,0.0,0.30093469386649135
truthfulqa_564_inc_6,truthfulqa,1,5,0.6254446572046228,0.3519394218445347,0.02261592095084253,0.6,0.4,0.0,0.36324738231995596
truthfulqa_425_best,truthfulqa,0,5,0.08593546376605385,0.8909488266187257,0.02311570961522059,0.1,0.9,0.0,0.9025066814263359
truthfulqa_310_inc_2,truthfulqa,1,5,0.04347426781493119,0.3433213099151239,0.613204422269945,0.0,0.3,0.7,0.6499235210500964
truthfulqa_709_inc_1,truthfulqa,1,5,0.01586305637881013,0.45858108933692077,0.5255558542842691,0.0,0.4,0.6,0.7213590164790553
truthfulqa_389_best,truthfulqa,0,5,0.23186042171615767,0.37094934506492966,0.39719023321891267,0.2,0.4,0.4,0.569544461674386
truthfulqa_509_corr_1,truthfulqa,0,5,0.04536540321709515,0.025457844753923965,0.9291767520289808,0.0,0.0,1.0,0.49004622076841436
truthfulqa_450_inc_0,truthfulqa,1,5,0.19043231227637578,0.42368509275997396,0.3858825949636503,0.1,0.4,0.5,0.6166263902417991
truthfulqa_116_best,truthfulqa,0,5,0.4895751779207478,0.0033116929565087257,0.5071131291227433,0.3,0.0,0.7,0.2568682575178804
truthfulqa_15_best,truthfulqa,0,5,0.05165648816596102,0.2588508485641189,0.6894926632699201,0.0,0.3,0.7,0.6035971801990789
truthfulqa_361_corr_1,truthfulqa,0,5,0.3183238000737747,0.3933694612692592,0.28830673865696604,0.2,0.5,0.3,0.5375228305977422
truthfulqa_202_corr_1,truthfulqa,0,5,0.16343823047950523,0.08290241996139147,0.7536593495591032,0.1,0.0,0.9,0.45973209474094306
truthfulqa_13_best,truthfulqa,0,5,0.033685513334867065,0.1811333193265427,0.7851811673385902,0.0,0.0,1.0,0.5737239029958379
truthfulqa_532_corr_1,truthfulqa,0,5,0.34980065902065427,0.26530568275044075,0.384893658228905,0.3,0.3,0.4,0.45775251186489324
truthfulqa_576_inc_4,truthfulqa,1,5,0.002370736714362452,0.6937456810489113,0.3038835822367263,0.0,0.6,0.4,0.8456874721672745
truthfulqa_295_inc_2,truthfulqa,1,5,0.06279866297281907,0.3100265831605856,0.6271747538665953,0.0,0.2,0.8,0.6236139600938833
truthfulqa_77_inc_2,truthfulqa,1,5,0.02596848263623592,0.2163231598296384,0.7577083575341257,0.0,0.0,1.0,0.5951773385967012
truthfulqa_640_inc_1,truthfulqa,1,5,0.044287188776220995,0.16171689247153057,0.7939959187522485,0.0,0.1,0.9,0.5587148518476548
truthfulqa_363_corr_1,truthfulqa,0,5,0.021219660424291912,0.011391004559124607,0.9673893350165835,0.0,0.0,1.0,0.4950856720674164
truthfulqa_233_best,truthfulqa,0,5,0.014485368133093418,0.2792252024450897,0.7062894294218169,0.0,0.1,0.9,0.6323699171559982
truthfulqa_547_best,truthfulqa,0,5,0.01213766276317586,0.9807697305976525,0.0070926066391716076,0.0,1.0,0.0,0.9843160339172383
truthfulqa_574_best,truthfulqa,0,5,0.2070204387773348,0.6088699547740546,0.18410960644861066,0.1,0.7,0.2,0.70092475799836
truthfulqa_405_corr_4,truthfulqa,0,5,0.14896940037289283,0.15340421273319765,0.6976263868939095,0.0,0.0,1.0,0.5022174061801524
truthfulqa_102_inc_2,truthfulqa,1,5,0.06701659284411118,0.05805951552700576,0.8749238916288832,0.0,0.0,1.0,0.49552146134144737
truthfulqa_131_inc_3,truthfulqa,1,5,0.10402567933498368,0.3319338310921923,0.5640404895728242,0.1,0.4,0.5,0.6139540758786044
truthfulqa_609_inc_0,truthfulqa,1,5,0.0962176260546829,0.047013279464894864,0.8567690944804223,0.0,0.0,1.0,0.475397826705106
truthfulqa_39_corr_1,truthfulqa,0,5,0.007162352705524476,0.8143196723057482,0.1785179749887273,0.0,1.0,0.0,0.9035786598001119
truthfulqa_55_inc_2,truthfulqa,1,5,0.2813483969078261,0.18636773333795836,0.5322838697542155,0.2,0.0,0.8,0.4525096682150661
truthfulqa_396_corr_2,truthfulqa,0,5,0.012018947503170108,0.4651645649118496,0.5228164875849803,0.0,0.5,0.5,0.7265728087043397
truthfulqa_106_inc_3,truthfulqa,1,5,0.10011829763147728,0.029896936674305225,0.8699847656942176,0.0,0.0,1.0,0.464889319521414
truthfulqa_399_corr_1,truthfulqa,0,5,0.031407050008965064,0.3062209488142934,0.6623720011767416,0.0,0.1,0.9,0.6374069494026642
truthfulqa_765_inc_1,truthfulqa,1,5,0.03762780302689775,0.4084401831227956,0.5539320138503067,0.0,0.2,0.8,0.6854061900479489
truthfulqa_264_corr_2,truthfulqa,0,5,0.21025074564683907,0.0549030360207565,0.7348462183324045,0.1,0.0,0.9,0.42232614518695877
truthfulqa_78_inc_2,truthfulqa,1,5,0.055540091600628685,0.15619454990257658,0.7882653584967947,0.0,0.0,1.0,0.550327229150974
truthfulqa_731_corr_2,truthfulqa,0,5,0.05513407912290268,0.30039735107840354,0.6444685697986937,0.0,0.3,0.7,0.6226316359777504
truthfulqa_407_corr_2,truthfulqa,0,5,0.02503375656937082,0.35813161884705036,0.6168346245835788,0.0,0.2,0.8,0.6665489311388397
truthfulqa_639_best,truthfulqa,0,5,0.15455197554539646,0.032944112826598794,0.8125039116280046,0.0,0.0,1.0,0.4391960686406011
truthfulqa_725_best,truthfulqa,0,5,0.011863260448589449,0.281665650978388,0.7064710885730225,0.0,0.0,1.0,0.6349011952648993
truthfulqa_253_best,truthfulqa,0,5,0.0060128455046932466,0.5803919107809177,0.41359524371438916,0.0,0.6,0.4,0.7871895326381122
truthfulqa_496_inc_2,truthfulqa,1,5,0.035582188405744765,0.12969470248425155,0.8347231091100037,0.0,0.0,1.0,0.5470562570392534
truthfulqa_677_corr_1,truthfulqa,0,5,0.09407975938187836,0.22292176507951283,0.6829984755386087,0.0,0.1,0.9,0.5644210028488172
truthfulqa_563_inc_1,truthfulqa,1,5,0.30036681609347116,0.6930671378198345,0.006566046086694163,0.3,0.7,0.0,0.6963501608631816
truthfulqa_407_inc_0,truthfulqa,1,5,0.08799483144803473,0.5551730087684785,0.3568321597834868,0.0,0.7,0.3,0.7335890886602219
truthfulqa_140_corr_0,truthfulqa,0,5,0.1200891011610095,0.22629010574853498,0.6536207930904555,0.0,0.2,0.8,0.5531005022937627
truthfulqa_307_best,truthfulqa,0,5,0.006726466393179901,0.3147711988954991,0.678502334711321,0.0,0.2,0.8,0.6540223662511596
truthfulqa_54_best,truthfulqa,0,5,0.17567056076297502,0.13325124002100702,0.691078199216018,0.0,0.0,1.0,0.478790339629016
truthfulqa_306_corr_1,truthfulqa,0,5,0.054327242974244995,0.19294564512018317,0.7527271119055717,0.0,0.0,1.0,0.569309201072969
truthfulqa_235_corr_2,truthfulqa,0,5,0.03179831403218225,0.0022579331905822394,0.9659437527772357,0.0,0.0,1.0,0.4852298095792001
truthfulqa_672_corr_1,truthfulqa,0,5,0.007711192455208356,0.01733004628056542,0.9749587612642262,0.0,0.0,1.0,0.5048094269126785
truthfulqa_108_inc_0,truthfulqa,1,5,0.34014180631989116,0.007058624475292034,0.6527995692048169,0.0,0.0,1.0,0.33345840907770047
truthfulqa_447_inc_4,truthfulqa,1,5,0.14631283632789963,0.5377159046811061,0.3159712589909942,0.0,0.7,0.3,0.6957015341766032
truthfulqa_329_inc_0,truthfulqa,1,5,0.28147388543643304,0.07680782230176088,0.6417182922618061,0.2,0.0,0.8,0.3976669684326639
truthfulqa_441_best,truthfulqa,0,5,0.436110150634324,0.017513926038313588,0.5463759233273625,0.5,0.0,0.5,0.29070188770199484
truthfulqa_637_corr_1,truthfulqa,0,5,0.1547907823129595,0.04364617731914308,0.8015630403678975,0.0,0.0,1.0,0.44442769750309186
truthfulqa_505_inc_3,truthfulqa,1,5,0.004827720986822509,0.09146323349520827,0.9037090455179693,0.0,0.0,1.0,0.5433177562541929
truthfulqa_530_inc_1,truthfulqa,1,5,0.07827825999354474,0.052202345789447754,0.8695193942170075,0.0,0.0,1.0,0.48696204289795153
truthfulqa_642_corr_2,truthfulqa,0,5,0.06654694267521181,0.2635502733474291,0.669902783977359,0.0,0.2,0.8,0.5985016653361086
truthfulqa_126_inc_1,truthfulqa,1,5,0.10213535289739266,0.5052951842697628,0.39256946283284455,0.1,0.4,0.5,0.701579915686185
truthfulqa_583_inc_4,truthfulqa,1,5,0.1071859549822011,0.28877740841531374,0.6040366366024852,0.0,0.2,0.8,0.5907957267165563
truthfulqa_327_corr_3,truthfulqa,0,5,0.12047412016700583,0.47977030769832113,0.3997555721346731,0.1,0.6,0.3,0.6796480937656577
truthfulqa_129_inc_3,truthfulqa,1,5,0.29144561448123574,0.5499199014212162,0.1586344840975482,0.5,0.5,0.0,0.6292371434699903
truthfulqa_711_inc_5,truthfulqa,1,5,0.03577097193740412,0.06145525892634272,0.9027737691362532,0.0,0.0,1.0,0.5128421434944693
truthfulqa_79_corr_2,truthfulqa,0,5,0.02069421272257157,0.014661511860743682,0.9646442754166848,0.0,0.0,1.0,0.4969836495690861
truthfulqa_137_best,truthfulqa,0,5,0.015175357900959776,0.7803854463519136,0.2044391957471265,0.0,0.8,0.2,0.8826050442254769
truthfulqa_681_inc_1,truthfulqa,1,5,0.0008470033315048301,0.8957434609115227,0.1034095357569726,0.0,1.0,0.0,0.947448228790009
truthfulqa_281_inc_4,truthfulqa,1,5,0.12378691672571981,0.2887873111871621,0.5874257720871181,0.0,0.4,0.6,0.5825001972307211
truthfulqa_701_best,truthfulqa,0,5,0.09846964988690879,0.16527023741014585,0.7362601127029453,0.0,0.0,1.0,0.5334002937616185
truthfulqa_605_best,truthfulqa,0,5,0.18653908360594912,0.5468632059621725,0.26659771043187835,0.3,0.6,0.1,0.6801620611781117
truthfulqa_119_corr_2,truthfulqa,0,5,0.08546739746618005,0.3189621182897938,0.5955704842440261,0.0,0.5,0.5,0.6167473604118069
truthfulqa_436_inc_0,truthfulqa,1,5,0.9777440513791975,0.000977532067202315,0.021278416553600254,1.0,0.0,0.0,0.011616740344002442
truthfulqa_504_corr_1,truthfulqa,0,5,0.02748078182055801,0.012021344403237176,0.960497873776205,0.0,0.0,1.0,0.49227028129133965
truthfulqa_792_best,truthfulqa,0,5,0.008743336854868448,0.08149928026502971,0.909757382880102,0.0,0.0,1.0,0.5363779717050807
truthfulqa_67_best,truthfulqa,0,5,0.10296522730049576,0.43616529085415845,0.46086948184534576,0.0,0.4,0.6,0.6666000317768314
truthfulqa_728_inc_1,truthfulqa,1,5,0.07647062590147158,0.1490138265482229,0.7745155475503055,0.0,0.0,1.0,0.5362716003233756
truthfulqa_470_corr_2,truthfulqa,0,5,0.1683148395652963,0.813405132354395,0.0182800280803088,0.2,0.8,0.0,0.8225451463945495
truthfulqa_265_corr_1,truthfulqa,0,5,0.02049340316878538,0.6560434710696581,0.3234631257615565,0.0,0.9,0.1,0.8177750339504364
truthfulqa_364_best,truthfulqa,0,5,0.024247648397260447,0.18208185399917107,0.7936704976035684,0.0,0.0,1.0,0.5789171028009553
truthfulqa_470_best,truthfulqa,0,5,0.29695824237366175,0.5730499937013813,0.12999176392495684,0.3,0.7,0.0,0.6380458756638597
truthfulqa_598_best,truthfulqa,0,5,0.07796093981647155,0.15604252578826422,0.7659965343952642,0.0,0.1,0.9,0.5390407929858962
truthfulqa_439_corr_1,truthfulqa,0,5,0.8289125582088124,0.0010926201030751245,0.1699948216881125,1.0,0.0,0.0,0.08609003094713137
truthfulqa_308_inc_3,truthfulqa,1,5,0.006533761182461714,0.4228900535286894,0.5705761852888489,0.0,0.4,0.6,0.7081781461731138
truthfulqa_558_inc_2,truthfulqa,1,5,0.2974876820991255,0.6051663563584194,0.09734596154245512,0.3,0.7,0.0,0.6538393371296469
truthfulqa_149_corr_1,truthfulqa,0,5,0.041135238111138395,0.008605852155193475,0.9502589097336681,0.0,0.0,1.0,0.48373530702202755
truthfulqa_668_inc_2,truthfulqa,1,5,0.04841054565946436,0.32233218619618137,0.6292572681443543,0.0,0.4,0.6,0.6369608202683585
truthfulqa_172_inc_3,truthfulqa,1,5,0.03185265326657684,0.07646470617322912,0.891682640560194,0.0,0.0,1.0,0.5223060264533261
truthfulqa_814_corr_1,truthfulqa,0,5,0.024170908061143054,0.3963443638669479,0.5794847280719091,0.0,0.4,0.6,0.6860867279029024
truthfulqa_539_corr_0,truthfulqa,0,5,0.05932547097828413,0.25692918755107924,0.6837453414706367,0.0,0.2,0.8,0.5988018582863976
truthfulqa_547_inc_2,truthfulqa,1,5,0.5947911450134343,0.3998052824979891,0.005403572488576516,0.6,0.4,0.0,0.4025070687422773
truthfulqa_71_corr_0,truthfulqa,0,5,0.2289941370383502,0.16180966277668504,0.6091962001849648,0.1,0.1,0.8,0.4664077628691674
truthfulqa_586_inc_3,truthfulqa,1,5,0.0799621616443939,0.18884835256950874,0.7311894857860974,0.0,0.0,1.0,0.5544430954625574
truthfulqa_75_inc_0,truthfulqa,1,5,0.023105417410437333,0.009780115855684293,0.9671144667338784,0.0,0.0,1.0,0.49333734922262346
truthfulqa_628_inc_3,truthfulqa,1,5,0.09817436332334024,0.3758984899814322,0.5259271466952274,0.0,0.4,0.6,0.6388620633290459
truthfulqa_216_inc_2,truthfulqa,1,5,0.04544815490142929,0.0832398172375559,0.8713120278610148,0.0,0.0,1.0,0.5188958311680633
truthfulqa_796_corr_2,truthfulqa,0,5,0.01632446265837863,0.6402628076947209,0.3434127296469005,0.0,0.6,0.4,0.8119691725181711
truthfulqa_161_corr_1,truthfulqa,0,5,0.18799237229900861,0.0035631932899871086,0.8084444344110043,0.0,0.0,1.0,0.4077854104954893
truthfulqa_753_corr_2,truthfulqa,0,5,0.0019834710707338074,0.8852482965160151,0.11276823241325114,0.0,1.0,0.0,0.9416324127226406
truthfulqa_493_inc_1,truthfulqa,1,5,0.003887736208751978,0.20930068684098052,0.7868115769502675,0.0,0.1,0.9,0.6027064753161142
truthfulqa_557_inc_1,truthfulqa,1,5,0.1129782974767263,0.12039346351484921,0.7666282390084246,0.0,0.1,0.9,0.5037075830190615
truthfulqa_104_inc_0,truthfulqa,1,5,0.022568576902627584,0.5891847553544798,0.38824666774289274,0.0,0.6,0.4,0.7833080892259261
truthfulqa_478_corr_2,truthfulqa,0,5,0.0009154904715988005,0.9354401640427297,0.06364434548567166,0.0,1.0,0.0,0.9672623367855655
truthfulqa_782_best,truthfulqa,0,5,0.041743323229892396,0.3490408146356042,0.6092158621345034,0.0,0.3,0.7,0.6536487457028559
truthfulqa_571_inc_7,truthfulqa,1,5,0.3187505566627796,0.666789965210764,0.014459478126456482,0.3,0.7,0.0,0.6740197042739922
truthfulqa_194_best,truthfulqa,0,5,0.014615972429857247,0.105260389600353,0.8801236379697898,0.0,0.0,1.0,0.5453222085852478
truthfulqa_32_corr_3,truthfulqa,0,5,0.07824095483077541,0.5494354144978535,0.3723236306713712,0.0,0.5,0.5,0.7355972298335391
truthfulqa_772_inc_0,truthfulqa,1,5,0.3356781318071259,0.17440790775639078,0.4899139604364833,0.4,0.0,0.6,0.41936488797463245
truthfulqa_539_inc_3,truthfulqa,1,5,0.192586444828047,0.18318090740412102,0.624232647767832,0.0,0.0,1.0,0.49529723128803704
truthfulqa_496_corr_2,truthfulqa,0,5,0.3030708182857369,0.0025279943951121166,0.694401187319151,0.1,0.0,0.9,0.34972858805468765
truthfulqa_55_corr_2,truthfulqa,0,5,0.22258547614082178,0.3267394013703794,0.4506751224887989,0.1,0.1,0.8,0.5520769626147788
truthfulqa_166_inc_0,truthfulqa,1,5,0.21344254796219744,0.19148149690901312,0.5950759551287895,0.1,0.0,0.9,0.4890194744734079
truthfulqa_185_corr_2,truthfulqa,0,5,0.18950825188211964,0.03537595175680583,0.7751157963610745,0.0,0.0,1.0,0.42293384993734306
truthfulqa_453_corr_1,truthfulqa,0,5,0.01543538865823942,0.23191647165551466,0.752648139686246,0.0,0.1,0.9,0.6082405414986376
truthfulqa_471_corr_2,truthfulqa,0,5,0.24745665159175467,0.4892694259508774,0.2632739224573679,0.1,0.6,0.3,0.6209063871795614
truthfulqa_242_inc_0,truthfulqa,1,5,0.0774840747897159,0.10436656595288547,0.8181493592573986,0.0,0.0,1.0,0.5134412455815848
truthfulqa_304_inc_4,truthfulqa,1,5,0.35274131373919165,0.6145201224013024,0.032738563859505895,0.4,0.6,0.0,0.6308894043310553
truthfulqa_326_corr_3,truthfulqa,0,5,0.00779468792290407,0.4853916209075453,0.5068136911695507,0.0,0.4,0.6,0.7387984664923206
truthfulqa_446_inc_0,truthfulqa,1,5,0.5934884935230471,0.39962159960139304,0.006889906875559867,0.6,0.4,0.0,0.403066553039173
truthfulqa_639_corr_1,truthfulqa,0,5,0.30829668879826755,0.0467956787191014,0.6449076324826309,0.3,0.0,0.7,0.36924949496041687
truthfulqa_357_inc_3,truthfulqa,1,5,0.09131578663736986,0.15632616229544924,0.752358051067181,0.0,0.2,0.8,0.5325051878290398
truthfulqa_534_inc_1,truthfulqa,1,5,0.3634865942023284,0.3602539779718151,0.27625942782585655,0.5,0.2,0.3,0.49838369188474335
truthfulqa_208_inc_2,truthfulqa,1,5,0.06920816244996016,0.024915452605572305,0.9058763849444678,0.0,0.0,1.0,0.4778536450778062
truthfulqa_478_inc_1,truthfulqa,1,5,0.34151682094662167,0.5511864307383691,0.10729674831500913,0.4,0.6,0.0,0.6048348048958737
truthfulqa_148_corr_2,truthfulqa,0,5,0.07303496267954097,0.14879514338822705,0.778169893932232,0.0,0.0,1.0,0.537880090354343
truthfulqa_713_corr_1,truthfulqa,0,5,0.010076222913135662,0.005649605886497747,0.9842741712003665,0.0,0.0,1.0,0.49778669148668103
truthfulqa_217_best,truthfulqa,0,5,0.032686209650269554,0.005627891572135016,0.9616858987775954,0.0,0.0,1.0,0.4864708409609327
truthfulqa_488_corr_1,truthfulqa,0,5,0.06677156880413838,0.23443677190368434,0.6987916592921772,0.0,0.2,0.8,0.583832601549773
truthfulqa_502_corr_2,truthfulqa,0,5,0.0054699338024517055,0.3674243868086105,0.6271056793889377,0.0,0.5,0.5,0.6809772265030793
truthfulqa_549_inc_9,truthfulqa,1,5,0.06871733659053883,0.3084504915428418,0.6228321718666193,0.0,0.3,0.7,0.6198665774761515
truthfulqa_273_inc_3,truthfulqa,1,5,0.023149298948454425,0.03180254149731233,0.9450481595542334,0.0,0.0,1.0,0.5043266212744291
truthfulqa_344_corr_1,truthfulqa,0,5,0.13378128911277506,0.12393668888651177,0.7422820220007131,0.1,0.0,0.9,0.49507769988686834
truthfulqa_222_inc_1,truthfulqa,1,5,0.396148515852716,0.008736489344551537,0.5951149948027326,0.5,0.0,0.5,0.3062939867459178
truthfulqa_254_best,truthfulqa,0,5,0.08793751981987784,0.12752821317597604,0.7845342670041461,0.0,0.0,1.0,0.519795346678049
truthfulqa_628_inc_0,truthfulqa,1,5,0.010020634164367114,0.33492069416318204,0.6550586716724509,0.0,0.3,0.7,0.6624500299994075
truthfulqa_138_inc_4,truthfulqa,1,5,0.34834384107259003,0.3557274351942838,0.2959287237331262,0.1,0.4,0.5,0.5036917970608469
truthfulqa_698_best,truthfulqa,0,5,0.1035777020953402,0.012322659834832543,0.8840996380698272,0.0,0.0,1.0,0.45437247886974613
truthfulqa_391_best,truthfulqa,0,5,0.02594093848262612,0.6390055002588864,0.3350535612584875,0.0,0.6,0.4,0.8065322808881301
truthfulqa_210_inc_1,truthfulqa,1,5,0.052602114910510735,0.8528323485502896,0.09456553653919987,0.0,0.9,0.1,0.9001151168198895
truthfulqa_567_inc_2,truthfulqa,1,5,0.833445413008492,0.0679341516516426,0.09862043533986549,1.0,0.0,0.0,0.11724436932157534
truthfulqa_441_corr_1,truthfulqa,0,5,0.7943455463035538,0.0024299577406591993,0.20322449595578704,1.0,0.0,0.0,0.10404220571855272
truthfulqa_207_inc_1,truthfulqa,1,5,0.28440772549264876,0.007456308903614245,0.7081359656037371,0.1,0.0,0.9,0.36152429170548284
truthfulqa_668_inc_0,truthfulqa,1,5,0.021657114188799263,0.0741053923690524,0.9042374934421483,0.0,0.0,1.0,0.5262241390901266
truthfulqa_191_inc_0,truthfulqa,1,5,0.024837295444446898,0.24552327678952102,0.7296394277660321,0.0,0.1,0.9,0.6103429906725371
truthfulqa_243_inc_1,truthfulqa,1,5,0.08705798423582158,0.00288270877344858,0.9100593069907299,0.0,0.0,1.0,0.45791236226881354
truthfulqa_41_inc_4,truthfulqa,1,5,0.2173642695965916,0.0024473969580305127,0.7801883334453779,0.1,0.0,0.9,0.39254156368071946
truthfulqa_770_corr_2,truthfulqa,0,5,0.07233236182474166,0.12992543906366866,0.7977421991115896,0.0,0.0,1.0,0.5287965386194635
truthfulqa_795_corr_2,truthfulqa,0,5,0.07727391083445975,0.5631681817430239,0.35955790742251637,0.0,0.6,0.4,0.742947135454282
truthfulqa_674_best,truthfulqa,0,5,0.06815609727768601,0.333211796241656,0.5986321064806581,0.0,0.2,0.8,0.632527849481985
truthfulqa_41_inc_1,truthfulqa,1,5,0.24823187330868693,0.0013523931983034684,0.7504157334930097,0.2,0.0,0.8,0.37656025994480835
truthfulqa_435_corr_2,truthfulqa,0,5,0.9717999671677504,0.0006133001477207364,0.02758673268452901,1.0,0.0,0.0,0.01440666648998524
truthfulqa_300_corr_5,truthfulqa,0,5,0.016274594814836528,0.3674967568892078,0.6162286482959557,0.0,0.4,0.6,0.6756110810371856
truthfulqa_448_best,truthfulqa,0,5,0.11309160649244747,0.28727157279389554,0.5996368207136569,0.1,0.3,0.6,0.5870899831507239
truthfulqa_257_best,truthfulqa,0,5,0.03179173102386214,0.006713179620925077,0.9614950893552127,0.0,0.0,1.0,0.48746072429853143
truthfulqa_339_inc_2,truthfulqa,1,5,0.05898793006457655,0.1530652709701966,0.7879467989652268,0.0,0.1,0.9,0.54703867045281
truthfulqa_282_inc_1,truthfulqa,1,5,0.025954581900935237,0.027880714229838656,0.9461647038692261,0.0,0.0,1.0,0.5009630661644517
truthfulqa_495_inc_0,truthfulqa,1,5,0.06596619813784707,0.724128209537277,0.20990559232487596,0.0,0.9,0.1,0.829081005699715
truthfulqa_291_inc_1,truthfulqa,1,5,0.004128941080708906,0.017593559792655596,0.9782774991266356,0.0,0.0,1.0,0.5067323093559735
truthfulqa_514_corr_3,truthfulqa,0,5,0.010227589465340702,0.01350933220250691,0.9762630783321524,0.0,0.0,1.0,0.5016408713685832
truthfulqa_668_inc_1,truthfulqa,1,5,0.12971895104177514,0.012645351768254173,0.8576356971899706,0.0,0.0,1.0,0.44146320036323944
truthfulqa_124_inc_1,truthfulqa,1,5,0.03504275791095179,0.019298367725032926,0.9456588743640154,0.0,0.0,1.0,0.4921278049070406
truthfulqa_77_corr_1,truthfulqa,0,5,0.007737800003832504,0.0839443648671292,0.9083178351290382,0.0,0.0,1.0,0.5381032824316483
truthfulqa_385_inc_0,truthfulqa,1,5,0.10812668709675025,0.38088843201802375,0.5109848808852261,0.0,0.3,0.7,0.6363808724606368
truthfulqa_489_corr_1,truthfulqa,0,5,0.036971201778412656,0.04923665523191752,0.9137921429896698,0.0,0.0,1.0,0.5061327267267525
truthfulqa_144_inc_1,truthfulqa,1,5,0.0069928767060338124,0.10961062426373444,0.8833964990302317,0.0,0.0,1.0,0.5513088737788503
truthfulqa_230_inc_5,truthfulqa,1,5,0.3094237812856108,0.3036762331866765,0.3868999855277126,0.2,0.6,0.2,0.4971262259505328
truthfulqa_645_inc_2,truthfulqa,1,5,0.039395672899946,0.04560507472136932,0.9149992523786846,0.0,0.0,1.0,0.5031047009107117
truthfulqa_536_best,truthfulqa,0,5,0.16990424149051014,0.04797225141651337,0.7821235070929765,0.0,0.0,1.0,0.4390340049630016
truthfulqa_397_corr_2,truthfulqa,0,5,0.03416046228826241,0.35909213204211876,0.6067474056696188,0.0,0.3,0.7,0.6624658348769281
truthfulqa_33_inc_2,truthfulqa,1,5,0.030822147012760377,0.17098193880706575,0.7981959141801739,0.0,0.2,0.8,0.5700798958971527
truthfulqa_675_corr_2,truthfulqa,0,5,0.12634025165170587,0.0471322411974852,0.8265275071508089,0.1,0.0,0.9,0.46039599477288967
truthfulqa_335_best,truthfulqa,0,5,0.11049685089300869,0.10569303319719228,0.7838101159097991,0.0,0.0,1.0,0.49759809115209186
truthfulqa_218_inc_0,truthfulqa,1,5,0.08911321037918471,0.1873962423213134,0.7234905472995019,0.0,0.1,0.9,0.5491415159710644
truthfulqa_296_corr_2,truthfulqa,0,5,0.06608109527476055,0.028519028360722065,0.9053998763645174,0.0,0.0,1.0,0.48121896654298074
truthfulqa_640_corr_1,truthfulqa,0,5,0.1702239414218786,0.09435594470645864,0.7354201138716627,0.0,0.0,1.0,0.46206600164229
truthfulqa_457_inc_3,truthfulqa,1,5,0.03212517708533581,0.2387514665438455,0.7291233563708187,0.0,0.2,0.8,0.6033131447292548
truthfulqa_137_inc_2,truthfulqa,1,5,0.0017634747027000096,0.8805768475479365,0.11765967774936359,0.0,1.0,0.0,0.9394066864226183
truthfulqa_71_inc_2,truthfulqa,1,5,0.017337989680372305,0.4028984126164804,0.5797635977031472,0.0,0.4,0.6,0.692780211468054
truthfulqa_313_corr_2,truthfulqa,0,5,0.2789421455049713,0.014726765404055505,0.7063310890909732,0.3,0.0,0.7,0.3678923099495421
truthfulqa_81_best,truthfulqa,0,5,0.09261795533480958,0.1058725826077066,0.8015094620574839,0.0,0.0,1.0,0.5066273136364485
truthfulqa_108_inc_2,truthfulqa,1,5,0.2881564491003948,0.006809085888314389,0.7050344650112907,0.2,0.0,0.8,0.3593263183939598
truthfulqa_452_inc_2,truthfulqa,1,5,0.013313779279363,0.3607922308904873,0.6258939898301497,0.0,0.3,0.7,0.6737392258055621
truthfulqa_749_best,truthfulqa,0,5,0.05097267506176888,0.030512750245380266,0.9185145746928509,0.0,0.0,1.0,0.4897700375918057
truthfulqa_554_corr_1,truthfulqa,0,5,0.14396349009846282,0.044796492324311044,0.8112400175772262,0.0,0.0,1.0,0.45041650111292414
truthfulqa_51_corr_1,truthfulqa,0,5,0.06271334904679902,0.07052308311320157,0.8667635678399994,0.0,0.0,1.0,0.5039048670332013
truthfulqa_326_corr_1,truthfulqa,0,5,0.010574570877140602,0.4081961245067702,0.5812293046160892,0.0,0.4,0.6,0.6988107768148148
truthfulqa_503_corr_2,truthfulqa,0,5,0.04100352445373011,0.12016622611088176,0.8388302494353882,0.0,0.0,1.0,0.5395813508285758
truthfulqa_810_corr_2,truthfulqa,0,5,0.45532994249213027,0.011817215880482925,0.5328528416273868,0.5,0.0,0.5,0.2782436366941763
truthfulqa_515_inc_2,truthfulqa,1,5,0.009601533458771653,0.025487293070345605,0.9649111734708828,0.0,0.0,1.0,0.507942879805787
truthfulqa_356_inc_4,truthfulqa,1,5,0.1018926710194941,0.20685986633455938,0.6912474626459465,0.0,0.2,0.8,0.5524835976575326
truthfulqa_563_inc_3,truthfulqa,1,5,0.13618856341636604,0.26303726558768814,0.6007741709959458,0.1,0.3,0.6,0.563424351085661
truthfulqa_14_corr_3,truthfulqa,0,5,0.08628834196433739,0.18434738401788447,0.729364274017778,0.0,0.1,0.9,0.5490295210267735
truthfulqa_739_inc_0,truthfulqa,1,5,0.07801624909099744,0.5434595511806354,0.37852419972836715,0.0,0.7,0.3,0.7327216510448189
truthfulqa_227_inc_0,truthfulqa,1,5,0.41040610746050515,0.08002883055088436,0.5095650619886105,0.1,0.0,0.9,0.33481136154518965
truthfulqa_787_inc_2,truthfulqa,1,5,0.08328019031852031,0.00594636590491399,0.9107734437765658,0.0,0.0,1.0,0.46133308779319687
truthfulqa_622_inc_3,truthfulqa,1,5,0.0050262144020281245,0.4248624106894474,0.5701113749085245,0.0,0.2,0.8,0.7099180981437097
truthfulqa_303_inc_3,truthfulqa,1,5,0.15543492272379905,0.20146732226517156,0.6430977550110294,0.0,0.1,0.9,0.5230161997706863
truthfulqa_249_corr_2,truthfulqa,0,5,0.04394270311053854,0.7147640436924093,0.2412932531970522,0.0,0.9,0.1,0.8354106702909354
truthfulqa_431_inc_1,truthfulqa,1,5,0.3150441323464539,0.6707232737241193,0.014232593929426668,0.3,0.7,0.0,0.6778395706888327
truthfulqa_401_inc_2,truthfulqa,1,5,0.06956377828342296,0.5012245325033051,0.42921168921327196,0.0,0.6,0.4,0.7158303771099411
truthfulqa_431_corr_1,truthfulqa,0,5,0.31266318040948643,0.6751894081504518,0.012147411440061772,0.3,0.7,0.0,0.6812631138704827
truthfulqa_169_inc_4,truthfulqa,1,5,0.2013241032076832,0.07317635999664061,0.7254995367956762,0.2,0.0,0.8,0.43592612839447875
truthfulqa_161_inc_0,truthfulqa,1,5,0.08913495127457187,0.008195609755489096,0.902669438969939,0.0,0.0,1.0,0.4595303292404586
truthfulqa_35_corr_2,truthfulqa,0,5,0.00491951911636945,0.12561651425931197,0.8694639666243186,0.0,0.1,0.9,0.5603484975714712
truthfulqa_781_inc_0,truthfulqa,1,5,0.13055610883381213,0.12869669874773088,0.740747192418457,0.0,0.0,1.0,0.49907029495695937
truthfulqa_0_inc_0,truthfulqa,1,5,0.01900807075018774,0.18843847274597322,0.792553456503839,0.0,0.2,0.8,0.5847152009978928
truthfulqa_469_inc_3,truthfulqa,1,5,0.054187627428388764,0.5913370433132701,0.3544753292583411,0.0,0.8,0.2,0.7685747079424406
truthfulqa_672_inc_3,truthfulqa,1,5,0.0405297622588192,0.4192750729010119,0.5401951648401688,0.0,0.4,0.6,0.6893726553210964
truthfulqa_157_best,truthfulqa,0,5,0.16897217658732872,0.016567896483459126,0.8144599269292121,0.0,0.0,1.0,0.4237978599480652
truthfulqa_363_inc_4,truthfulqa,1,5,0.12549949669687058,0.014752840950062716,0.8597476623530668,0.0,0.0,1.0,0.4446266721265961
truthfulqa_462_corr_2,truthfulqa,0,5,0.03428432245223369,0.14474739578677137,0.8209682817609949,0.0,0.0,1.0,0.5552315366672689
truthfulqa_545_corr_1,truthfulqa,0,5,0.08049578832883113,0.3963512460663354,0.5231529656048335,0.0,0.5,0.5,0.6579277288687522
truthfulqa_794_corr_1,truthfulqa,0,5,0.45069524793342364,0.007021343604575845,0.5422834084620004,0.4,0.0,0.6,0.27816304783557605
truthfulqa_415_corr_1,truthfulqa,0,5,0.04849283517761171,0.597431707205133,0.3540754576172553,0.0,0.6,0.4,0.7744694360137606
truthfulqa_292_inc_3,truthfulqa,1,5,0.033394719861135944,0.04791956625903139,0.9186857138798326,0.0,0.0,1.0,0.5072624231989477
truthfulqa_376_best,truthfulqa,0,5,0.09292286317297853,0.2250034956403478,0.6820736411866737,0.0,0.1,0.9,0.5660403162336847
truthfulqa_650_inc_0,truthfulqa,1,5,0.046948606945390936,0.005263877658703811,0.9477875153959052,0.0,0.0,1.0,0.4791576353566564
truthfulqa_796_inc_1,truthfulqa,1,5,0.03358058152453898,0.03332134373136218,0.9330980747440988,0.0,0.0,1.0,0.4998703811034116
truthfulqa_156_corr_1,truthfulqa,0,5,0.10277026789968913,0.2412130715887455,0.6560166605115654,0.0,0.0,1.0,0.5692214018445282
truthfulqa_749_inc_0,truthfulqa,1,5,0.017604145996228122,0.030856616627508916,0.951539237376263,0.0,0.0,1.0,0.5066262353156404
truthfulqa_45_corr_3,truthfulqa,0,5,0.013958406352417557,0.030902048113363823,0.9551395455342184,0.0,0.0,1.0,0.508471820880473
truthfulqa_601_best,truthfulqa,0,5,0.028427346049267326,0.005834681098575406,0.9657379728521572,0.0,0.0,1.0,0.488703667524654
truthfulqa_43_corr_0,truthfulqa,0,5,0.1754680159439399,0.0030117014044446482,0.8215202826516155,0.0,0.0,1.0,0.41377184273025236
truthfulqa_68_corr_2,truthfulqa,0,5,0.06764742753057876,0.43374847553170814,0.49860409693771324,0.0,0.4,0.6,0.6830505240005648
truthfulqa_313_corr_1,truthfulqa,0,5,0.7503957756570991,0.15790172266625307,0.09170250167664792,1.0,0.0,0.0,0.20375297350457705
truthfulqa_346_corr_3,truthfulqa,0,5,0.09895356986403331,0.262292741566547,0.6387536885694196,0.0,0.2,0.8,0.5816695858512568
truthfulqa_44_best,truthfulqa,0,5,0.21897939868215577,0.07078849171484763,0.7102321096029965,0.1,0.0,0.9,0.4259045465163459
truthfulqa_183_inc_2,truthfulqa,1,5,0.23101471986519262,0.14161377522267155,0.6273715049121359,0.2,0.1,0.7,0.4552995276787395
truthfulqa_417_inc_3,truthfulqa,1,5,0.005354258695277862,0.7146970273492843,0.27994871395543774,0.0,0.8,0.2,0.8546713843270032
truthfulqa_485_inc_4,truthfulqa,1,5,0.14140155632261078,0.07578865949011777,0.7828097841872714,0.0,0.0,1.0,0.4671935515837535
truthfulqa_411_best,truthfulqa,0,5,0.03390101299830537,0.07786624132371071,0.8882327456779839,0.0,0.0,1.0,0.5219826141627026
truthfulqa_97_inc_2,truthfulqa,1,5,0.010318108098296598,0.4339831824786313,0.5556987094230721,0.0,0.5,0.5,0.7118325371901674
truthfulqa_300_corr_2,truthfulqa,0,5,0.31460719842793655,0.24260080851907295,0.4427919930529905,0.3,0.1,0.6,0.4639968050455682
truthfulqa_46_inc_2,truthfulqa,1,5,0.2540346415804287,0.2649377042681536,0.48102765415141774,0.2,0.3,0.5,0.5054515313438624
truthfulqa_402_inc_0,truthfulqa,1,5,0.087405783380167,0.5537197615517345,0.35887445506809856,0.0,0.8,0.2,0.7331569890857839
truthfulqa_139_corr_0,truthfulqa,0,5,0.25585609467713755,0.1548313143845704,0.589312590938292,0.1,0.3,0.6,0.4494876098537164
truthfulqa_621_inc_0,truthfulqa,1,5,0.0014796460671285645,0.643340887521238,0.35517946641163345,0.0,0.8,0.2,0.8209306207270547
truthfulqa_181_inc_0,truthfulqa,1,5,0.07515763331332889,0.028381732528661486,0.8964606341580096,0.0,0.0,1.0,0.4766120496076663
truthfulqa_367_best,truthfulqa,0,5,0.05338231235568628,0.3027640925309857,0.6438535951133282,0.0,0.1,0.9,0.6246908900876498
truthfulqa_397_corr_1,truthfulqa,0,5,0.140366620670207,0.36521385625998004,0.49441952306981296,0.0,0.4,0.6,0.6124236177948865
truthfulqa_70_inc_2,truthfulqa,1,5,0.0404810894497145,0.2508077913570509,0.7087111191932346,0.0,0.3,0.7,0.6051633509536682
truthfulqa_126_inc_6,truthfulqa,1,5,0.09901819612739654,0.896410007193394,0.0045717966792094035,0.1,0.9,0.0,0.8986959055329987
truthfulqa_276_corr_3,truthfulqa,0,5,0.05080505398720747,0.027428019179589248,0.9217669268332033,0.0,0.0,1.0,0.4883114825961909
truthfulqa_103_corr_3,truthfulqa,0,5,0.22819213067259855,0.027460860941499916,0.7443470083859014,0.1,0.0,0.9,0.3996343651344506
truthfulqa_98_best,truthfulqa,0,5,0.04797670151193446,0.2845457660197362,0.6674775324683293,0.0,0.4,0.6,0.6182845322539008
truthfulqa_31_inc_0,truthfulqa,1,5,0.07870140831736007,0.5710616607664418,0.350236930916198,0.1,0.6,0.3,0.7461801262245409
truthfulqa_513_best,truthfulqa,0,5,0.0378849910593419,0.009354336142517395,0.9527606727981407,0.0,0.0,1.0,0.48573467254158775
truthfulqa_550_best,truthfulqa,0,5,0.029743450338941442,0.339056735593366,0.6311998140676925,0.0,0.2,0.8,0.6546566426272122
truthfulqa_580_inc_2,truthfulqa,1,5,0.19880270342482328,0.6990029144238674,0.10219438215130934,0.1,0.7,0.2,0.7501001054995221
truthfulqa_61_inc_3,truthfulqa,1,5,0.05658280107371616,0.6583104635418637,0.2851067353844202,0.1,0.8,0.1,0.8008638312340739
truthfulqa_750_inc_0,truthfulqa,1,5,0.008888343717947611,0.11243809006596553,0.8786735662160868,0.0,0.1,0.9,0.551774873174009
truthfulqa_273_best,truthfulqa,0,5,0.14781815330298614,0.02366285176500136,0.8285189949320125,0.0,0.0,1.0,0.43792234923100765
truthfulqa_664_inc_4,truthfulqa,1,5,0.01731421463214421,0.20867463821150628,0.7740111471563494,0.0,0.0,1.0,0.595680211789681
truthfulqa_178_inc_1,truthfulqa,1,5,0.33098055437431506,0.008672249813969923,0.6603471958117151,0.2,0.0,0.8,0.33884584771982745
truthfulqa_170_inc_0,truthfulqa,1,5,0.013399554653176767,0.027305650853665875,0.9592947944931574,0.0,0.0,1.0,0.5069530481002446
truthfulqa_746_inc_1,truthfulqa,1,5,0.3900047938053704,0.2190957767845752,0.3908994294100544,0.2,0.2,0.6,0.4145454914896024
truthfulqa_753_best,truthfulqa,0,5,0.0017474515867992753,0.8923774969274663,0.10587505148573458,0.0,1.0,0.0,0.9453150226703335
truthfulqa_254_corr_2,truthfulqa,0,5,0.051868314134392135,0.2815119086266293,0.6666197772389786,0.0,0.3,0.7,0.6148217972461185
truthfulqa_751_corr_1,truthfulqa,0,5,0.03712726213547805,0.0452742874575101,0.9175984504070118,0.0,0.0,1.0,0.504073512661016
truthfulqa_382_corr_1,truthfulqa,0,5,0.040373652914218225,0.2891557163624962,0.6704706307232855,0.0,0.2,0.8,0.624391031724139
truthfulqa_453_inc_7,truthfulqa,1,5,0.04032683502144152,0.5558604725364067,0.40381269244215173,0.0,0.7,0.3,0.7577668187574825
truthfulqa_275_inc_0,truthfulqa,1,5,0.2541506099175087,0.010868434380624284,0.734980955701867,0.1,0.0,0.9,0.37835891223155776
truthfulqa_813_inc_5,truthfulqa,1,5,0.027240359254391305,0.45617441126482233,0.5165852294807862,0.0,0.4,0.6,0.7144670260052155
truthfulqa_572_corr_1,truthfulqa,0,5,0.30005011758987465,0.6577744377599148,0.0421754446502106,0.3,0.7,0.0,0.6788621600850201
truthfulqa_271_inc_3,truthfulqa,1,5,0.15143603849432125,0.7867672730159756,0.06179668848970323,0.0,1.0,0.0,0.8176656172608272
truthfulqa_115_corr_2,truthfulqa,0,5,0.1394402438551447,0.5776536960152349,0.2829060601296204,0.1,0.6,0.3,0.719106726080045
truthfulqa_204_best,truthfulqa,0,5,0.028541090820005954,0.1304240564449184,0.8410348527350756,0.0,0.1,0.9,0.5509414828124561
truthfulqa_44_inc_4,truthfulqa,1,5,0.048601820044575694,0.15335644338228496,0.7980417365731395,0.0,0.1,0.9,0.5523773116688547
truthfulqa_81_corr_1,truthfulqa,0,5,0.0748509728867172,0.3207208864205807,0.6044281406927021,0.0,0.3,0.7,0.6229349567669318
truthfulqa_564_inc_4,truthfulqa,1,5,0.05170955979607892,0.9382281181494442,0.010062322054476987,0.1,0.9,0.0,0.9432592791766826
truthfulqa_237_corr_2,truthfulqa,0,5,0.009459676927637672,0.5334961120167468,0.45704421105561543,0.0,0.7,0.3,0.7620182175445546
truthfulqa_348_corr_3,truthfulqa,0,5,0.0167364213447287,0.11322082782017488,0.8700427508350964,0.0,0.0,1.0,0.5482422032377231
truthfulqa_357_inc_0,truthfulqa,1,5,0.05868408535749912,0.014807180446695984,0.9265087341958049,0.0,0.0,1.0,0.47806154754459845
truthfulqa_71_inc_3,truthfulqa,1,5,0.014131719167096712,0.10254775860040952,0.8833205222324937,0.0,0.0,1.0,0.5442080197166563
truthfulqa_134_inc_3,truthfulqa,1,5,0.09709868972943675,0.18564742256869873,0.7172538877018646,0.1,0.0,0.9,0.544274366419631
truthfulqa_12_inc_1,truthfulqa,1,5,0.01190308092735365,0.772668488923046,0.21542843014960047,0.0,0.7,0.3,0.8803827039978462
truthfulqa_718_inc_0,truthfulqa,1,5,0.051629581213827005,0.13100610700101478,0.8173643117851583,0.0,0.0,1.0,0.539688262893594
truthfulqa_468_corr_2,truthfulqa,0,5,0.16617020690282616,0.45152982736776714,0.38229996572940667,0.1,0.5,0.4,0.6426798102324704
truthfulqa_6_inc_4,truthfulqa,1,5,0.09639936966663556,0.5578189779524912,0.34578165238087333,0.0,0.6,0.4,0.7307098041429279
truthfulqa_524_corr_1,truthfulqa,0,5,0.9898957602972953,0.0006793303445769676,0.009424909358127771,1.0,0.0,0.0,0.005391785023640853
truthfulqa_646_corr_2,truthfulqa,0,5,0.3113923871347714,0.5534388928989136,0.13516871996631488,0.3,0.7,0.0,0.621023252882071
truthfulqa_683_corr_2,truthfulqa,0,5,0.05041268397779971,0.8948018688927147,0.054785447129485534,0.0,0.9,0.1,0.9221945924574575
truthfulqa_590_inc_3,truthfulqa,1,5,0.06587800762916582,0.29774233338414735,0.6363796589866868,0.0,0.2,0.8,0.6159321628774908
truthfulqa_718_corr_1,truthfulqa,0,5,0.10476381789080806,0.11567221420733032,0.7795639679018616,0.1,0.1,0.8,0.5054541981582611
truthfulqa_395_corr_1,truthfulqa,0,5,0.012466615007293298,0.763026675127174,0.22450670986553262,0.0,0.9,0.1,0.8752800300599404
truthfulqa_565_corr_2,truthfulqa,0,5,0.9914102677005457,0.0006805664898348331,0.00790916580961959,1.0,0.0,0.0,0.004635149394644628
truthfulqa_558_inc_3,truthfulqa,1,5,0.2392207999846554,0.6112017163534844,0.1495774836618601,0.3,0.7,0.0,0.6859904581844145
truthfulqa_90_corr_0,truthfulqa,0,5,0.05580450628940499,0.3113364892163049,0.6328590044942901,0.0,0.4,0.6,0.6277659914634499
truthfulqa_493_inc_2,truthfulqa,1,5,0.08800801986928485,0.37749476239143637,0.5344972177392788,0.0,0.3,0.7,0.6447433712610757
truthfulqa_66_inc_1,truthfulqa,1,5,0.00939354624552522,0.058277861230427275,0.9323285925240474,0.0,0.0,1.0,0.5244421574924509
truthfulqa_171_corr_1,truthfulqa,0,5,0.04237546728620441,0.03284813207982261,0.924776400633973,0.0,0.0,1.0,0.49523633239680914
truthfulqa_249_inc_3,truthfulqa,1,5,0.050611283744032155,0.7584371693292593,0.1909515469267085,0.0,0.8,0.2,0.8539129427926135
truthfulqa_456_best,truthfulqa,0,5,0.006963471963718396,0.3084893044154415,0.6845472236208401,0.0,0.2,0.8,0.6507629162258615
truthfulqa_48_inc_0,truthfulqa,1,5,0.07225950916132169,0.3375385374454436,0.5902019533932348,0.0,0.4,0.6,0.632639514142061
truthfulqa_673_inc_2,truthfulqa,1,5,0.21817490678144114,0.003820071746037982,0.7780050214725209,0.2,0.0,0.8,0.39282258248229845
truthfulqa_573_inc_9,truthfulqa,1,5,0.07217428875500047,0.8939829765568963,0.0338427346881033,0.1,0.9,0.0,0.910904343900948
truthfulqa_111_inc_0,truthfulqa,1,5,0.17312462531307232,0.7959715522987028,0.03090382238822491,0.2,0.8,0.0,0.8114234634928152
truthfulqa_208_inc_0,truthfulqa,1,5,0.22468877292961484,0.09011850798192594,0.6851927190884592,0.2,0.0,0.8,0.43271486752615557
truthfulqa_625_inc_0,truthfulqa,1,5,0.0009222231297053767,0.9948461142441077,0.004231662626186777,0.0,1.0,0.0,0.9969619455572011
truthfulqa_313_corr_4,truthfulqa,0,5,0.1508326948305128,0.19151671812630414,0.657650587043183,0.0,0.2,0.8,0.5203420116478956
truthfulqa_350_inc_3,truthfulqa,1,5,0.02248409325248472,0.1253299637113102,0.8521859430362051,0.0,0.1,0.9,0.5514229352294128
truthfulqa_320_inc_0,truthfulqa,1,5,0.06493612587949671,0.17932385332343723,0.755740020797066,0.0,0.0,1.0,0.5571938637219702
truthfulqa_610_inc_0,truthfulqa,1,5,0.21190353088891944,0.1161793281462717,0.6719171409648088,0.2,0.1,0.7,0.4521378986286761
truthfulqa_296_inc_1,truthfulqa,1,5,0.07324620731667188,0.19785079365603125,0.7289029990272968,0.0,0.0,1.0,0.5623022931696797
truthfulqa_202_inc_0,truthfulqa,1,5,0.17185654714662557,0.09616103125680162,0.7319824215965729,0.0,0.0,1.0,0.4621522420550881
truthfulqa_789_inc_0,truthfulqa,1,5,0.033322362351874565,0.1127802785794706,0.8538973590686549,0.0,0.0,1.0,0.5397289581137981
truthfulqa_89_best,truthfulqa,0,5,0.15587726283718542,0.3902508214318064,0.45387191573100816,0.0,0.4,0.6,0.6171867792973105
truthfulqa_658_inc_1,truthfulqa,1,5,0.048653180961628066,0.03508655340206857,0.9162602656363035,0.0,0.0,1.0,0.4932166862202203
truthfulqa_280_corr_1,truthfulqa,0,5,0.04100315090809558,0.2609652288725222,0.6980316202193821,0.0,0.3,0.7,0.6099810389822133
truthfulqa_204_inc_0,truthfulqa,1,5,0.0690077676076252,0.21960249072634314,0.7113897416660316,0.0,0.1,0.9,0.575297361559359
truthfulqa_611_inc_1,truthfulqa,1,5,0.1601605395382065,0.059156751001552224,0.7806827094602412,0.1,0.0,0.9,0.4494981057316728
truthfulqa_816_corr_3,truthfulqa,0,5,0.0038389860254883076,0.11125069169454185,0.8849103222799698,0.0,0.0,1.0,0.5537058528345268
truthfulqa_691_corr_1,truthfulqa,0,5,0.02898667912559711,0.008393893847235729,0.9626194270271673,0.0,0.0,1.0,0.48970360736081936
truthfulqa_335_inc_3,truthfulqa,1,5,0.07687557351980265,0.05550590519762409,0.8676185212825732,0.0,0.0,1.0,0.4893151658389107
truthfulqa_150_inc_1,truthfulqa,1,5,0.0027103074495133652,0.5192349628890983,0.4780547296613883,0.0,0.5,0.5,0.7582623277197924
truthfulqa_104_best,truthfulqa,0,5,0.09573469470656601,0.7584516229942844,0.1458136822991496,0.0,0.8,0.2,0.8313584641438592
truthfulqa_499_corr_1,truthfulqa,0,5,0.06428698355365174,0.32376458616980563,0.6119484302765426,0.0,0.3,0.7,0.6297388013080769
truthfulqa_93_best,truthfulqa,0,5,0.08620058556982069,0.2805095878377674,0.6332898265924118,0.0,0.2,0.8,0.5971545011339734
truthfulqa_4_inc_4,truthfulqa,1,5,0.06004837499008535,0.10855804135034938,0.8313935836595652,0.0,0.1,0.9,0.524254833180132
truthfulqa_607_best,truthfulqa,0,5,0.10447416610706543,0.39902335539461603,0.49650247849831863,0.1,0.2,0.7,0.6472745946437753
truthfulqa_335_inc_2,truthfulqa,1,5,0.1638115792215519,0.39044656454918325,0.4457418562292649,0.1,0.4,0.5,0.6133174926638156
truthfulqa_477_inc_0,truthfulqa,1,5,0.040486987126648076,0.7110023644513574,0.2485106484219944,0.0,0.8,0.2,0.8352576886623546
truthfulqa_348_corr_2,truthfulqa,0,5,0.013872898365174585,0.11874216459237777,0.8673849370424476,0.0,0.0,1.0,0.5524346331136015
truthfulqa_730_inc_0,truthfulqa,1,5,0.05034084225434582,0.04975114509802979,0.8999080126476244,0.0,0.0,1.0,0.499705151421842
truthfulqa_394_inc_1,truthfulqa,1,5,0.008982729842728795,0.5252851944730204,0.46573207568425073,0.0,0.5,0.5,0.7581512323151457
truthfulqa_58_inc_3,truthfulqa,1,5,0.03148409008920148,0.28403705236225724,0.6844788575485413,0.0,0.2,0.8,0.6262764811365279
truthfulqa_353_corr_1,truthfulqa,0,5,0.04975829753086832,0.0041134013488457076,0.9461283011202859,0.0,0.0,1.0,0.47717755190898864
truthfulqa_293_corr_1,truthfulqa,0,5,0.17322251489995105,0.29566403500048055,0.5311134500995683,0.1,0.4,0.5,0.5612207600502648
truthfulqa_374_inc_3,truthfulqa,1,5,0.05792192153967339,0.11338224984771617,0.8286958286126105,0.0,0.1,0.9,0.5277301641540214
truthfulqa_594_inc_0,truthfulqa,1,5,0.036270867737756826,0.1125255818114775,0.8512035504507656,0.0,0.0,1.0,0.5381273570368603
truthfulqa_265_inc_0,truthfulqa,1,5,0.14978255984346264,0.26595854255623413,0.5842588976003031,0.1,0.0,0.9,0.5580879913563856
truthfulqa_504_inc_0,truthfulqa,1,5,0.0576102894630815,0.07574485426673361,0.8666448562701848,0.0,0.0,1.0,0.5090672824018261
truthfulqa_583_corr_1,truthfulqa,0,5,0.08798790825511844,0.2012681784769748,0.7107439132679068,0.0,0.3,0.7,0.5566401351109282
truthfulqa_427_best,truthfulqa,0,5,0.08946971224212925,0.47130600806724193,0.4392242796906289,0.0,0.3,0.7,0.6909181479125563
truthfulqa_479_inc_2,truthfulqa,1,5,0.1049753602749103,0.5948259918040666,0.3001986479210231,0.1,0.7,0.2,0.7449253157645781
truthfulqa_589_best,truthfulqa,0,5,0.060900016623167005,0.07721149466824508,0.861888488708588,0.0,0.0,1.0,0.5081557390225391
truthfulqa_21_best,truthfulqa,0,5,0.007437658051916209,0.8254953139132647,0.1670670280348191,0.0,0.9,0.1,0.9090288279306742
truthfulqa_771_corr_2,truthfulqa,0,5,0.017848496571257342,0.2539621762603516,0.7281893271683911,0.0,0.1,0.9,0.6180568398445472
truthfulqa_613_corr_2,truthfulqa,0,5,0.25160883998091627,0.30854524869991107,0.4398459113191727,0.1,0.5,0.4,0.5284682043594975
truthfulqa_604_inc_1,truthfulqa,1,5,0.043966429985927355,0.4376736372546176,0.518359932759455,0.0,0.6,0.4,0.6968536036343451
truthfulqa_679_inc_0,truthfulqa,1,5,0.39663427747252944,0.40235971511332175,0.20100600741414879,0.6,0.4,0.0,0.5028627188203961
truthfulqa_216_corr_3,truthfulqa,0,5,0.06812732436241428,0.02338571101411597,0.9084869646234697,0.0,0.0,1.0,0.4776291933258508
truthfulqa_462_inc_5,truthfulqa,1,5,0.05564846610853953,0.20649254729845246,0.737858986593008,0.0,0.1,0.9,0.5754220405949564
truthfulqa_728_best,truthfulqa,0,5,0.18806335159232507,0.02875074905366736,0.7831858993540075,0.1,0.0,0.9,0.4203436987306711
truthfulqa_390_inc_2,truthfulqa,1,5,0.013976144759472117,0.25270097645289524,0.7333228787876327,0.0,0.0,1.0,0.6193624158467116
truthfulqa_596_inc_1,truthfulqa,1,5,0.0878629553189371,0.24073687107798108,0.6714001736030818,0.0,0.3,0.7,0.576436957879522
truthfulqa_465_best,truthfulqa,0,5,0.10044097026045654,0.8491055939188084,0.05045343582073516,0.2,0.8,0.0,0.8743323118291759
truthfulqa_191_corr_1,truthfulqa,0,5,0.007677555858593564,0.3090578755359104,0.6832645686054961,0.0,0.2,0.8,0.6506901598386585
truthfulqa_347_inc_2,truthfulqa,1,5,0.14155851585740337,0.6448177568392249,0.2136237273033718,0.0,0.7,0.3,0.7516296204909109
truthfulqa_550_inc_7,truthfulqa,1,5,0.35198773487555407,0.0868627245061194,0.5611495406183266,0.5,0.0,0.5,0.36743749481528265
truthfulqa_47_corr_0,truthfulqa,0,5,0.1315322345147126,0.1021171086924311,0.7663506567928563,0.0,0.0,1.0,0.4852924370888593
truthfulqa_319_best,truthfulqa,0,5,0.045120091676144045,0.2493597198267487,0.7055201884971073,0.0,0.1,0.9,0.6021198140753024
truthfulqa_491_corr_1,truthfulqa,0,5,0.12288997754597582,0.6842849564976852,0.19282506595633891,0.1,0.7,0.2,0.7806974894758546
truthfulqa_553_inc_5,truthfulqa,1,5,0.13481322065746335,0.2110054540800347,0.6541813252625018,0.0,0.1,0.9,0.5380961167112857
truthfulqa_357_inc_2,truthfulqa,1,5,0.0455812912522356,0.1154790740478372,0.8389396346999272,0.0,0.0,1.0,0.5349488913978008
truthfulqa_497_best,truthfulqa,0,5,0.11502585929296419,0.06347014689230704,0.8215039938147288,0.0,0.0,1.0,0.4742221437996714
truthfulqa_685_corr_1,truthfulqa,0,5,0.01672254215500068,0.6971289981924828,0.2861484596525167,0.0,0.6,0.4,0.840203228018741
truthfulqa_782_inc_2,truthfulqa,1,5,0.037716270162134344,0.04973451401906616,0.9125492158187996,0.0,0.0,1.0,0.5060091219284659
truthfulqa_192_inc_3,truthfulqa,1,5,0.01691160989959242,0.010561138648022229,0.9725272514523852,0.0,0.0,1.0,0.4968247643742148
truthfulqa_43_corr_2,truthfulqa,0,5,0.32193495043500303,0.013608034055447468,0.6644570155095495,0.2,0.0,0.8,0.3458365418102222
truthfulqa_18_inc_0,truthfulqa,1,5,0.02311806472851921,0.287841557390154,0.6890403778813268,0.0,0.3,0.7,0.6323617463308173
truthfulqa_327_corr_5,truthfulqa,0,5,0.04571757154106892,0.49662326585401073,0.45765916260492034,0.0,0.6,0.4,0.725452847156471
truthfulqa_230_corr_3,truthfulqa,0,5,0.0897305998851317,0.22070525705389404,0.6895641430609742,0.0,0.1,0.9,0.5654873285843811
truthfulqa_808_inc_0,truthfulqa,1,5,0.0610173223522175,0.11221625510040723,0.8267664225473753,0.0,0.0,1.0,0.5255994663740948
truthfulqa_487_best,truthfulqa,0,5,0.10392723243363196,0.15837318964514174,0.7376995779212263,0.0,0.0,1.0,0.527222978605755
truthfulqa_412_corr_1,truthfulqa,0,5,0.02278347470551017,0.9204327080347088,0.05678381725978082,0.0,1.0,0.0,0.9488246166645992
truthfulqa_221_inc_2,truthfulqa,1,5,0.04248338176793313,0.199467222455426,0.7580493957766408,0.0,0.1,0.9,0.5784919203437464
truthfulqa_588_corr_1,truthfulqa,0,5,0.1586659508966331,0.19512776642615048,0.6462062826772164,0.0,0.3,0.7,0.5182309077647587
truthfulqa_490_inc_4,truthfulqa,1,5,0.02108605390339121,0.5654824593240992,0.4134314867725094,0.0,0.6,0.4,0.772198202710354
truthfulqa_58_corr_2,truthfulqa,0,5,0.2327184321327715,0.20448795871590836,0.56279360915132,0.4,0.0,0.6,0.4858847632915684
truthfulqa_412_inc_3,truthfulqa,1,5,0.11456854029485693,0.6763456083576894,0.20908585134745356,0.0,0.7,0.3,0.7808885340314162
truthfulqa_16_inc_3,truthfulqa,1,5,0.04273164221934336,0.012718585837975601,0.944549771942681,0.0,0.0,1.0,0.48499347180931607
truthfulqa_495_inc_2,truthfulqa,1,5,0.21292311572515135,0.4626398702064902,0.32443701406835845,0.2,0.5,0.3,0.6248583772406695
truthfulqa_464_corr_1,truthfulqa,0,5,0.2000985247246287,0.296874773293135,0.5030267019822363,0.1,0.4,0.5,0.5483881242842532
truthfulqa_573_inc_11,truthfulqa,1,5,0.0008178747941343749,0.9899376203750103,0.00924450483085525,0.0,1.0,0.0,0.9945598727904379
truthfulqa_572_inc_1,truthfulqa,1,5,0.5951703579618298,0.39972699838685183,0.005102643651318367,0.6,0.4,0.0,0.40227832021251103
truthfulqa_13_corr_3,truthfulqa,0,5,0.10946379223135769,0.14902202161730854,0.7415141861513337,0.0,0.0,1.0,0.5197791146929753
truthfulqa_688_corr_1,truthfulqa,0,5,0.014965637023422362,0.20982807660568734,0.7752062863708902,0.0,0.0,1.0,0.5974312197911325
truthfulqa_785_corr_1,truthfulqa,0,5,0.039987980562042155,0.0511758072959276,0.9088362121420301,0.0,0.0,1.0,0.5055939133669427
truthfulqa_129_best,truthfulqa,0,5,0.2962458756700993,0.6987945071944941,0.0049596171354065405,0.3,0.7,0.0,0.7012743157621973
truthfulqa_403_best,truthfulqa,0,5,0.058798090338131305,0.274098867166881,0.6671030424949878,0.0,0.1,0.9,0.6076503884143749
truthfulqa_774_inc_1,truthfulqa,1,5,0.03183761681855308,0.025282419672911456,0.9428799635085354,0.0,0.0,1.0,0.49672240142717916
truthfulqa_41_inc_3,truthfulqa,1,5,0.2937460710383969,0.002313596340247199,0.7039403326213559,0.2,0.0,0.8,0.35428376265092515
truthfulqa_519_inc_1,truthfulqa,1,5,0.5522010877813076,0.03600857088481096,0.4117903413338813,0.3,0.0,0.7,0.24190374155175162
truthfulqa_434_inc_0,truthfulqa,1,5,0.5953707568972959,0.3995153983060158,0.005113844796688265,0.6,0.4,0.0,0.40207232070435994
truthfulqa_485_inc_5,truthfulqa,1,5,0.11947508588256568,0.042794536112276335,0.837730378005158,0.0,0.0,1.0,0.46165972511485537
truthfulqa_783_best,truthfulqa,0,5,0.43201436805350263,0.17241216144469973,0.39557347050179764,0.5,0.1,0.4,0.3701988966955986
truthfulqa_609_inc_1,truthfulqa,1,5,0.1634510116865124,0.0833497568067376,0.7531992315067499,0.0,0.0,1.0,0.4599493725601126
truthfulqa_567_inc_6,truthfulqa,1,5,0.5913045431425801,0.07969436946650567,0.32900108739091427,0.3,0.1,0.6,0.2441949131619628
truthfulqa_761_best,truthfulqa,0,5,0.032664286698353126,0.37373062257072204,0.5936050907309247,0.0,0.4,0.6,0.6705331679361843
truthfulqa_436_inc_2,truthfulqa,1,5,0.7910486055714628,0.15186922787884755,0.05708216654968966,1.0,0.0,0.0,0.18041031115369238
truthfulqa_39_inc_3,truthfulqa,1,5,0.006836282587022624,0.8342332044617878,0.15893051295118968,0.0,0.9,0.1,0.9136984609373827
truthfulqa_394_inc_2,truthfulqa,1,5,0.02370932899754364,0.6974826632703706,0.27880800773208575,0.0,0.7,0.3,0.8368866671364135
truthfulqa_653_corr_2,truthfulqa,0,5,0.15206928075543696,0.036886158587831286,0.8110445606567318,0.0,0.0,1.0,0.4424084389161972
truthfulqa_195_corr_2,truthfulqa,0,5,0.224182807768213,0.058384291768384,0.7174329004634032,0.0,0.0,1.0,0.4171007420000856
truthfulqa_326_corr_2,truthfulqa,0,5,0.0662627212983917,0.5473305492290178,0.3864067294725904,0.1,0.6,0.3,0.740533913965313
truthfulqa_309_inc_4,truthfulqa,1,5,0.013796996633357234,0.1356479221092949,0.8505550812573478,0.0,0.0,1.0,0.5609254627379688
truthfulqa_10_inc_2,truthfulqa,1,5,0.153400553488449,0.6595934147460318,0.18700603176551905,0.1,0.6,0.3,0.7530964306287914
truthfulqa_306_best,truthfulqa,0,5,0.05342976141602952,0.1983521379840491,0.7482181005999214,0.0,0.0,1.0,0.5724611882840098
truthfulqa_440_best,truthfulqa,0,5,0.006046672530770318,0.6224704904122724,0.3714828370569573,0.0,0.7,0.3,0.8082119089407511
truthfulqa_274_inc_1,truthfulqa,1,5,0.19788736237058463,0.028772794548586517,0.7733398430808289,0.1,0.0,0.9,0.41544271608900096
truthfulqa_202_inc_1,truthfulqa,1,5,0.32100938290229253,0.08385930806891861,0.5951313090287889,0.2,0.0,0.8,0.38142496258331304
truthfulqa_174_inc_2,truthfulqa,1,5,0.5931894346718184,0.3983815053473057,0.008429059980875966,0.6,0.4,0.0,0.4025960353377437
truthfulqa_82_inc_3,truthfulqa,1,5,0.16146224070658532,0.16234763342359368,0.6761901258698211,0.1,0.1,0.8,0.5004426963585042
truthfulqa_575_inc_7,truthfulqa,1,5,0.1994892501913535,0.6885664647855598,0.1119442850230868,0.1,0.7,0.2,0.7445386072971032
truthfulqa_419_inc_1,truthfulqa,1,5,0.38847720814220127,0.6002287177847151,0.011294074073083662,0.4,0.6,0.0,0.6058757548212569
truthfulqa_388_corr_1,truthfulqa,0,5,0.0440373102701929,0.12118532186696807,0.8347773678628391,0.0,0.0,1.0,0.5385740057983877
truthfulqa_508_inc_1,truthfulqa,1,5,0.0758694494341683,0.10389340815211734,0.8202371424137145,0.0,0.0,1.0,0.5140119793589746
truthfulqa_444_corr_2,truthfulqa,0,5,0.0071981094387967,0.0018361986483759723,0.9909656919128274,0.0,0.0,1.0,0.49731904460478965
truthfulqa_755_corr_1,truthfulqa,0,5,0.09304840786168947,0.013600636346447554,0.893350955791863,0.0,0.0,1.0,0.460276114242379
truthfulqa_59_corr_1,truthfulqa,0,5,0.20168081594255333,0.11511440251641329,0.6832047815410334,0.1,0.0,0.9,0.45671679328693
truthfulqa_583_inc_2,truthfulqa,1,5,0.27895145736141835,0.0033586350055249126,0.7176899076330566,0.1,0.0,0.9,0.3622035888220532
truthfulqa_381_inc_4,truthfulqa,1,5,0.15595952113444853,0.12038687134021872,0.7236536075253328,0.0,0.0,1.0,0.48221367510288515
truthfulqa_506_inc_2,truthfulqa,1,5,0.00176452599847839,0.3021296403330559,0.6961058336684658,0.0,0.2,0.8,0.6501825571672888
truthfulqa_470_corr_1,truthfulqa,0,5,0.11485891789782879,0.6228423695364498,0.2622987125657214,0.1,0.8,0.1,0.7539917258193105
truthfulqa_774_inc_2,truthfulqa,1,5,0.037785383583677994,0.05354551614842208,0.9086691002678998,0.0,0.0,1.0,0.507880066282372
truthfulqa_735_best,truthfulqa,0,5,0.07414765735973664,0.021050647520316653,0.9048016951199468,0.0,0.0,1.0,0.47345149508029005
truthfulqa_365_inc_1,truthfulqa,1,5,0.1803073655759037,0.17807329721865278,0.6416193372054435,0.1,0.0,0.9,0.49888296582137454
truthfulqa_164_best,truthfulqa,0,5,0.18227661887675944,0.1944279068777522,0.6232954742454885,0.1,0.0,0.9,0.5060756440004964
truthfulqa_279_inc_0,truthfulqa,1,5,0.14090927742327905,0.4735731163796748,0.3855176061970462,0.1,0.5,0.4,0.6663319194781979
truthfulqa_329_corr_2,truthfulqa,0,5,0.22101714278167844,0.1375273871609229,0.6414554700573987,0.1,0.0,0.9,0.4582551221896222
truthfulqa_300_corr_1,truthfulqa,0,5,0.23305987249988566,0.11541133250674004,0.6515287949933743,0.0,0.0,1.0,0.44117573000342725
truthfulqa_112_inc_1,truthfulqa,1,5,0.018903803569763726,0.5652589967490672,0.41583719968116917,0.0,0.6,0.4,0.7731775965896518
truthfulqa_115_best,truthfulqa,0,5,0.2006905755604968,0.4913325854421989,0.3079768389973043,0.3,0.5,0.2,0.6453210049408511
truthfulqa_156_inc_1,truthfulqa,1,5,0.09622343498088205,0.22702148921105586,0.6767550758080622,0.0,0.0,1.0,0.5653990271150869
truthfulqa_461_corr_3,truthfulqa,0,5,0.023103046416154134,0.20370411308482125,0.7731928404990246,0.0,0.1,0.9,0.5903005333343335
truthfulqa_462_inc_1,truthfulqa,1,5,0.0687672587827057,0.18703009935450635,0.7442026418627881,0.0,0.0,1.0,0.5591314202859003
truthfulqa_738_inc_2,truthfulqa,1,5,0.3662106050307793,0.0341782588777093,0.5996111360915115,0.3,0.0,0.7,0.33398382692346507
truthfulqa_49_inc_1,truthfulqa,1,5,0.1132611021223616,0.024890184246412074,0.8618487136312263,0.0,0.0,1.0,0.45581454106202524
truthfulqa_174_corr_1,truthfulqa,0,5,0.6664482092455968,0.0029987093892492986,0.33055308136515393,0.4,0.0,0.6,0.16827525007182625
truthfulqa_127_corr_1,truthfulqa,0,5,0.001529571830716258,0.9849399915321735,0.013530436637110099,0.0,1.0,0.0,0.9917052098507285
truthfulqa_361_inc_2,truthfulqa,1,5,0.5409123286748994,0.26179365537683497,0.19729401594826573,0.7,0.1,0.2,0.3604406633509678
truthfulqa_327_inc_0,truthfulqa,1,5,0.11006518594939332,0.4148420622557426,0.4750927517948641,0.1,0.4,0.5,0.6523884381531746
truthfulqa_41_corr_1,truthfulqa,0,5,0.18299972043287072,0.03907003106279973,0.7779302485043296,0.1,0.0,0.9,0.4280351553149645
truthfulqa_80_inc_0,truthfulqa,1,5,0.033439616100859645,0.41387475944209884,0.5526856244570417,0.0,0.4,0.6,0.6902175716706197
truthfulqa_311_inc_3,truthfulqa,1,5,0.43446256968061725,0.025563491862065586,0.5399739384573172,0.5,0.0,0.5,0.2955504610907242
truthfulqa_7_inc_0,truthfulqa,1,5,0.03501343773865439,0.09288299094077733,0.8721035713205684,0.0,0.0,1.0,0.5289347766010615
truthfulqa_366_inc_1,truthfulqa,1,5,0.03321789431488313,0.057670150365055683,0.909111955320061,0.0,0.0,1.0,0.5122261280250862
truthfulqa_34_corr_0,truthfulqa,0,5,0.001698116482579396,0.8569691943636712,0.14133268915374927,0.0,1.0,0.0,0.9276355389405458
truthfulqa_209_corr_1,truthfulqa,0,5,0.1469034939966877,0.29590309231104583,0.5571934136922666,0.2,0.4,0.4,0.5744997991571792
truthfulqa_565_inc_0,truthfulqa,1,5,0.9914102677005457,0.0006805664898348331,0.00790916580961959,1.0,0.0,0.0,0.004635149394644628
truthfulqa_344_best,truthfulqa,0,5,0.15221922245314487,0.19970229942137535,0.6480784781254798,0.0,0.1,0.9,0.5237415384841153
truthfulqa_629_best,truthfulqa,0,5,0.02451331462758678,0.2011976916190464,0.7742889937533667,0.0,0.2,0.8,0.5883421884957297
truthfulqa_471_best,truthfulqa,0,5,0.28472833014461224,0.3290831125837282,0.3861885572716597,0.0,0.3,0.7,0.522177391219558
truthfulqa_707_inc_1,truthfulqa,1,5,0.0421446402706878,0.06255988831477362,0.8952954714145385,0.0,0.0,1.0,0.5102076240220429
truthfulqa_297_corr_1,truthfulqa,0,5,0.005113821379320248,0.25167828987392193,0.7432078887467578,0.0,0.1,0.9,0.6232822342473008
truthfulqa_272_corr_0,truthfulqa,0,5,0.25469895035431234,0.03409817372626507,0.7112028759194227,0.1,0.0,0.9,0.3896996116859764
truthfulqa_574_inc_0,truthfulqa,1,5,0.15185636428002583,0.6430954901592376,0.20504814556073664,0.1,0.7,0.2,0.745619562939606
truthfulqa_803_inc_1,truthfulqa,1,5,0.040386374538470354,0.039935768511872485,0.9196778569496571,0.0,0.0,1.0,0.499774696986701
truthfulqa_36_inc_0,truthfulqa,1,5,0.23972414930627028,0.5841895568309174,0.17608629386281222,0.1,0.6,0.3,0.6722327037623236
truthfulqa_12_inc_2,truthfulqa,1,5,0.000640542475512347,0.9536116009422966,0.04574785658219102,0.0,1.0,0.0,0.976485529233392
truthfulqa_317_corr_2,truthfulqa,0,5,0.06511432459909007,0.15823269722509134,0.7766529781758187,0.0,0.0,1.0,0.5465591863130007
truthfulqa_625_best,truthfulqa,0,5,0.0008716750136566707,0.9801948004755101,0.018933524510833254,0.0,1.0,0.0,0.9896615627309268
truthfulqa_11_inc_0,truthfulqa,1,5,0.33991890231906696,0.44228272659716117,0.21779837108377187,0.3,0.3,0.4,0.5511819121390471
truthfulqa_467_best,truthfulqa,0,5,0.15015455682007928,0.4131972246206628,0.4366482185592579,0.1,0.4,0.5,0.6315213339002917
truthfulqa_375_inc_1,truthfulqa,1,5,0.19382461581047278,0.024446218917792747,0.7817291652717344,0.2,0.0,0.8,0.41531080155365996
truthfulqa_706_best,truthfulqa,0,5,0.06788551848952736,0.05314585437699474,0.878968627133478,0.0,0.0,1.0,0.49263016794373377
truthfulqa_483_corr_2,truthfulqa,0,5,0.02079115635713725,0.03300963511493628,0.9461992085279263,0.0,0.0,1.0,0.5061092393788994
truthfulqa_443_corr_1,truthfulqa,0,5,0.14957086540248854,0.22273741127422525,0.6276917233232862,0.0,0.2,0.8,0.5365832729358684
truthfulqa_175_corr_2,truthfulqa,0,5,0.03453796973376027,0.43778129617678585,0.5276807340894539,0.0,0.5,0.5,0.7016216632215129
truthfulqa_179_corr_3,truthfulqa,0,5,0.34207253453506825,0.3330832533779718,0.32484421208696,0.5,0.3,0.2,0.4955053594214518
truthfulqa_786_corr_2,truthfulqa,0,5,0.04548346455970281,0.05235413340109478,0.9021624020392025,0.0,0.0,1.0,0.503435334420696
truthfulqa_135_inc_4,truthfulqa,1,5,0.13576350683431215,0.8522945125377885,0.011941980627899234,0.1,0.9,0.0,0.8582655028517382
truthfulqa_48_inc_3,truthfulqa,1,5,0.1489218272752836,0.19497593218726214,0.6561022405374543,0.0,0.2,0.8,0.5230270524559892
truthfulqa_83_corr_3,truthfulqa,0,5,0.039494837099559144,0.024241586419645245,0.9362635764807956,0.0,0.0,1.0,0.49237337466004305
truthfulqa_579_inc_1,truthfulqa,1,5,0.045476235586651786,0.8609224377512839,0.09360132666206453,0.0,1.0,0.0,0.9077231010823161
truthfulqa_272_inc_0,truthfulqa,1,5,0.21488141756312645,0.08898130198291124,0.6961372804539623,0.1,0.0,0.9,0.43704994220989235
truthfulqa_4_corr_5,truthfulqa,0,5,0.043359518095696714,0.33902572000796505,0.6176147618963383,0.0,0.2,0.8,0.6478331009561342
truthfulqa_278_corr_1,truthfulqa,0,5,0.04559549578599245,0.2271495977966121,0.7272549064173954,0.0,0.2,0.8,0.5907770510053099
truthfulqa_498_corr_2,truthfulqa,0,5,0.023157179774302743,0.14092471034270465,0.8359181098829925,0.0,0.0,1.0,0.5588837652842009
truthfulqa_472_inc_1,truthfulqa,1,5,0.014551725434559215,0.045878888462047,0.9395693861033937,0.0,0.0,1.0,0.5156635815137438
truthfulqa_479_inc_3,truthfulqa,1,5,0.08188046636415577,0.48531576819882793,0.43280376543701626,0.0,0.5,0.5,0.7017176509173361
truthfulqa_141_best,truthfulqa,0,5,0.19925254290375566,0.7900965751700303,0.010650881926214106,0.2,0.8,0.0,0.7954220161331373
truthfulqa_455_best,truthfulqa,0,5,0.06337197433766609,0.4289785028293549,0.5076495228329789,0.0,0.5,0.5,0.6828032642458444
truthfulqa_243_corr_1,truthfulqa,0,5,0.01749167084249704,0.20308160772145384,0.779426721436049,0.0,0.2,0.8,0.5927949684394783
truthfulqa_221_inc_0,truthfulqa,1,5,0.00969909522981545,0.3371404363062846,0.6531604684639,0.0,0.3,0.7,0.6637206705382346
truthfulqa_481_corr_1,truthfulqa,0,5,0.07912517964968453,0.7714715147984583,0.14940330555185719,0.1,0.9,0.0,0.8461731675743869
truthfulqa_768_inc_1,truthfulqa,1,5,0.0047340311727354315,0.5146535293089364,0.4806124395183283,0.0,0.5,0.5,0.7549597490681006
truthfulqa_401_inc_1,truthfulqa,1,5,0.10980497490657881,0.47463052353542723,0.4155645015579939,0.0,0.7,0.3,0.6824127743144242
truthfulqa_310_inc_4,truthfulqa,1,5,0.03502411399075283,0.12075093944267723,0.8442249465665699,0.0,0.0,1.0,0.5428634127259622
truthfulqa_719_corr_2,truthfulqa,0,5,0.1094738381204287,0.08462877346491916,0.8058973884146521,0.0,0.0,1.0,0.4875774676722452
truthfulqa_386_corr_1,truthfulqa,0,5,0.07333613133345629,0.24576741083846848,0.6808964578280753,0.0,0.2,0.8,0.5862156397525061
truthfulqa_121_corr_1,truthfulqa,0,5,0.2943950478120592,0.457884095355678,0.24772085683226278,0.2,0.5,0.3,0.5817445237718094
truthfulqa_313_inc_2,truthfulqa,1,5,0.08451636574921423,0.1087539410614902,0.8067296931892957,0.0,0.1,0.9,0.512118787656138
truthfulqa_574_inc_7,truthfulqa,1,5,0.30931173398203665,0.39402277783931416,0.29666548817864913,0.3,0.4,0.3,0.5423555219286387
truthfulqa_188_corr_1,truthfulqa,0,5,0.03704944706320883,0.07872854997056647,0.8842220029662246,0.0,0.0,1.0,0.5208395514536788
truthfulqa_569_inc_0,truthfulqa,1,5,0.2884223550614228,0.5342658699771177,0.17731177496145956,0.1,0.6,0.3,0.6229217574578474
truthfulqa_16_inc_4,truthfulqa,1,5,0.025766817299689937,0.002338473561415841,0.9718947091388944,0.0,0.0,1.0,0.4882858281308631
truthfulqa_659_best,truthfulqa,0,5,0.13105812648126447,0.5044371512690101,0.3645047222497254,0.0,0.5,0.5,0.6866895123938728
truthfulqa_15_inc_2,truthfulqa,1,5,0.005270844762273406,0.22101813711140322,0.7737110181263234,0.0,0.2,0.8,0.6078736461745649
truthfulqa_313_best,truthfulqa,0,5,0.13856693737551068,0.1555030551399927,0.7059300074844965,0.1,0.1,0.8,0.508468058882241
truthfulqa_49_corr_1,truthfulqa,0,5,0.1559996715874183,0.047154499402059,0.7968458290105227,0.0,0.0,1.0,0.44557741390732036
truthfulqa_389_corr_1,truthfulqa,0,5,0.04896525802568057,0.3378479720187638,0.6131867699555557,0.0,0.4,0.6,0.6444413569965417
truthfulqa_450_best,truthfulqa,0,5,0.056732891860211854,0.3633951902528442,0.579871917886944,0.0,0.3,0.7,0.6533311491963163
truthfulqa_661_best,truthfulqa,0,5,0.05062805128078154,0.0025622460231847937,0.9468097026960336,0.0,0.0,1.0,0.4759670973712016
truthfulqa_787_inc_4,truthfulqa,1,5,0.03352299326551042,0.013663162362204514,0.9528138443722851,0.0,0.0,1.0,0.49007008454834705
truthfulqa_409_corr_2,truthfulqa,0,5,0.06978451844193267,0.09955295050930205,0.8306625310487654,0.0,0.0,1.0,0.5148842160336847
truthfulqa_621_inc_1,truthfulqa,1,5,0.008238113842898106,0.47573602164745177,0.5160258645096502,0.0,0.5,0.5,0.7337489539022768
truthfulqa_463_inc_2,truthfulqa,1,5,0.03800991458050315,0.13913455096848054,0.8228555344510162,0.0,0.0,1.0,0.5505623181939887
truthfulqa_416_inc_3,truthfulqa,1,5,0.0559362867048608,0.7209219171956336,0.2231417960995056,0.0,0.9,0.1,0.8324928152453864
truthfulqa_776_inc_0,truthfulqa,1,5,0.11997201721675324,0.5914229203247421,0.2886050624585047,0.1,0.6,0.3,0.7357254515539944
truthfulqa_245_inc_1,truthfulqa,1,5,0.04761751916764441,0.010238148383356797,0.9421443324489986,0.0,0.0,1.0,0.4813103146078561
truthfulqa_693_corr_2,truthfulqa,0,5,0.08434976950942216,0.15401727548804756,0.7616329550025303,0.1,0.0,0.9,0.5348337529893127
truthfulqa_18_corr_2,truthfulqa,0,5,0.02059900948234921,0.21607454049116703,0.7633264500264838,0.0,0.3,0.7,0.5977377655044089
truthfulqa_34_inc_3,truthfulqa,1,5,0.012818331999626398,0.6484326756811942,0.33874899231917927,0.0,0.8,0.2,0.8178071718407839
truthfulqa_786_best,truthfulqa,0,5,0.04072707794923519,0.031214736541762222,0.9280581855090025,0.0,0.0,1.0,0.4952438292962635
truthfulqa_254_inc_1,truthfulqa,1,5,0.018320403948515238,0.07290881971151816,0.9087707763399665,0.0,0.0,1.0,0.5272942078815014
truthfulqa_456_inc_4,truthfulqa,1,5,0.016732917705000402,0.4500975728426601,0.5331695094523393,0.0,0.4,0.6,0.7166823275688298
truthfulqa_699_corr_1,truthfulqa,0,5,0.18369467553243998,0.14139364793834588,0.674911676529214,0.1,0.0,0.9,0.47884948620295287
truthfulqa_192_inc_2,truthfulqa,1,5,0.04307695292587114,0.012411932721929362,0.9445111143521997,0.0,0.0,1.0,0.4846674898980292
truthfulqa_804_inc_3,truthfulqa,1,5,0.08634395183244885,0.18307413613355533,0.7305819120339958,0.0,0.1,0.9,0.5483650921505532
truthfulqa_232_corr_1,truthfulqa,0,5,0.03177561065268306,0.11708347481851075,0.8511409145288061,0.0,0.0,1.0,0.5426539320829138
truthfulqa_579_inc_3,truthfulqa,1,5,0.0995025844985225,0.8979794841828485,0.002517931318629125,0.1,0.9,0.0,0.8992384498421631
truthfulqa_713_inc_2,truthfulqa,1,5,0.004301719939548779,0.006597861757947326,0.989100418302504,0.0,0.0,1.0,0.5011480709091993
truthfulqa_153_corr_2,truthfulqa,0,5,0.05273319749228341,0.2937998746883111,0.6534669278194055,0.0,0.1,0.9,0.6205333385980139
truthfulqa_816_corr_4,truthfulqa,0,5,0.1616187566787009,0.031240479002105654,0.8071407643191935,0.2,0.0,0.8,0.43481086116170237
truthfulqa_220_best,truthfulqa,0,5,0.0007196721537705448,0.8720086006014451,0.12727172724478433,0.0,1.0,0.0,0.9356444642238373
truthfulqa_305_corr_4,truthfulqa,0,5,0.04776732581734943,0.5825546378326708,0.36967803634997976,0.0,0.8,0.2,0.7673936560076606
truthfulqa_457_best,truthfulqa,0,5,0.03810822227446066,0.1601883276009966,0.8017034501245426,0.0,0.1,0.9,0.561040052663268
truthfulqa_305_inc_0,truthfulqa,1,5,0.030341890575431924,0.4154115984643769,0.5542465109601912,0.0,0.3,0.7,0.6925348539444725
truthfulqa_586_corr_1,truthfulqa,0,5,0.13744520811676392,0.26576462274007423,0.5967901691431619,0.1,0.1,0.8,0.5641597073116551
truthfulqa_217_inc_1,truthfulqa,1,5,0.04914238811721522,0.11166037133506819,0.8391972405477166,0.0,0.1,0.9,0.5312589916089265
truthfulqa_69_corr_0,truthfulqa,0,5,0.07978533006597247,0.28429608537108675,0.6359185845629408,0.0,0.3,0.7,0.6022553776525572
truthfulqa_533_corr_2,truthfulqa,0,5,0.32974253052419455,0.5624087961823712,0.10784867329343437,0.4,0.6,0.0,0.6163331328290883
truthfulqa_732_inc_2,truthfulqa,1,5,0.0462250509226861,0.3259176021113201,0.6278573469659939,0.0,0.3,0.7,0.6398462755943171
truthfulqa_208_inc_1,truthfulqa,1,5,0.018962263276700808,0.1683680457811783,0.8126696909421209,0.0,0.1,0.9,0.5747028912522387
truthfulqa_511_inc_4,truthfulqa,1,5,0.11351962072895357,0.06544428066364087,0.8210360986074056,0.0,0.0,1.0,0.47596232996734367
truthfulqa_803_best,truthfulqa,0,5,0.19502334407455366,0.014966890622636828,0.7900097653028094,0.0,0.0,1.0,0.40997177327404155
truthfulqa_299_inc_2,truthfulqa,1,5,0.05091191144534137,0.03586065223016762,0.913227436324491,0.0,0.0,1.0,0.4924743703924131
truthfulqa_419_corr_2,truthfulqa,0,5,0.28975811544474567,0.21131156363114498,0.49893032092410927,0.2,0.2,0.6,0.4607767240931996
truthfulqa_190_inc_2,truthfulqa,1,5,0.0426130391734993,0.021280093893463477,0.9361068669330372,0.0,0.0,1.0,0.4893335273599821
truthfulqa_65_best,truthfulqa,0,5,0.16470998227514938,0.09741929556491888,0.7378707221599317,0.2,0.0,0.8,0.46635465664488474
truthfulqa_483_inc_0,truthfulqa,1,5,0.17451773088366127,0.11814585043070853,0.7073364186856302,0.1,0.0,0.9,0.47181405977352364
truthfulqa_666_corr_3,truthfulqa,0,5,0.23622952441592737,0.31062442755861347,0.45314604802545927,0.2,0.3,0.5,0.5371974515713431
truthfulqa_813_best,truthfulqa,0,5,0.1202184977156658,0.43701449833648354,0.44276700394785057,0.1,0.4,0.5,0.6583980003104088
truthfulqa_798_inc_5,truthfulqa,1,5,0.3662782242072216,0.20880614456905272,0.4249156312237258,0.4,0.2,0.4,0.4212639601809156
truthfulqa_628_corr_1,truthfulqa,0,5,0.0761167294413885,0.17708487762058434,0.7467983929380273,0.0,0.0,1.0,0.550484074089598
truthfulqa_618_inc_0,truthfulqa,1,5,0.09671689639173443,0.18292563981135251,0.720357463796913,0.0,0.1,0.9,0.543104371709809
truthfulqa_732_best,truthfulqa,0,5,0.04739825628877621,0.16022812353724505,0.7923736201739787,0.0,0.0,1.0,0.5564149336242344
truthfulqa_791_corr_3,truthfulqa,0,5,0.003049753126938305,0.2664241378651722,0.7305261090078895,0.0,0.0,1.0,0.631687192369117
truthfulqa_346_best,truthfulqa,0,5,0.0879144216880573,0.3336507163896051,0.5784348619223375,0.0,0.3,0.7,0.6228681473507738
truthfulqa_261_inc_1,truthfulqa,1,5,0.23812337607679793,0.35783449688330904,0.4040421270398931,0.3,0.4,0.3,0.5598555604032556
truthfulqa_670_corr_3,truthfulqa,0,5,0.05480496415566285,0.21002962298374256,0.7351654128605947,0.0,0.2,0.8,0.5776123294140398
truthfulqa_470_inc_3,truthfulqa,1,5,0.19911831884251324,0.4374485688531468,0.36343311230433994,0.3,0.3,0.4,0.6191651250053167
truthfulqa_409_corr_1,truthfulqa,0,5,0.12057372206063169,0.015946630256013915,0.8634796476833543,0.0,0.0,1.0,0.44768645409769103
truthfulqa_607_inc_3,truthfulqa,1,5,0.007309356148567693,0.5439486546640485,0.4487419891873837,0.0,0.5,0.5,0.7683196492577404
truthfulqa_792_inc_3,truthfulqa,1,5,0.021798204815875175,0.0037815478245531763,0.9744202473595717,0.0,0.0,1.0,0.49099167150433903
truthfulqa_323_corr_3,truthfulqa,0,5,0.11296528956098748,0.2145904222261882,0.6724442882128242,0.0,0.2,0.8,0.5508125663326003
truthfulqa_773_inc_2,truthfulqa,1,5,0.0583628741798495,0.1383639336944157,0.8032731921257348,0.0,0.1,0.9,0.5400005297572831
truthfulqa_574_inc_4,truthfulqa,1,5,0.28024263301126995,0.3996228832378662,0.3201344837508639,0.1,0.4,0.5,0.5596901251132982
truthfulqa_534_best,truthfulqa,0,5,0.27927268608718825,0.37174713056542485,0.3489801833473868,0.1,0.4,0.5,0.5462372222391183
truthfulqa_568_inc_6,truthfulqa,1,5,0.5934404464308873,0.39342396438650085,0.013135589182611766,0.6,0.4,0.0,0.39999175897780676
truthfulqa_345_inc_2,truthfulqa,1,5,0.034421229789477724,0.3060979118815375,0.6594808583289848,0.0,0.4,0.6,0.63583834104603
truthfulqa_184_best,truthfulqa,0,5,0.12147978469297653,0.03640836440454699,0.8421118509024763,0.0,0.0,1.0,0.45746428985578513
truthfulqa_40_inc_2,truthfulqa,1,5,0.08859599616429911,0.032214295333031176,0.8791897085026695,0.0,0.0,1.0,0.47180914958436593
truthfulqa_344_inc_6,truthfulqa,1,5,0.1741361542092874,0.09360948828903734,0.7322543575016752,0.1,0.0,0.9,0.4597366670398749
truthfulqa_169_inc_5,truthfulqa,1,5,0.09807520626850333,0.1757014397165378,0.726223354014959,0.0,0.0,1.0,0.5388131167240173
truthfulqa_315_corr_3,truthfulqa,0,5,0.07739646747987715,0.303294532451917,0.6193090000682059,0.0,0.4,0.6,0.61294903248602
truthfulqa_237_inc_1,truthfulqa,1,5,0.002885360525869701,0.8106759227849724,0.18643871668915796,0.0,1.0,0.0,0.9038952811295513
truthfulqa_539_corr_4,truthfulqa,0,5,0.15208836421633767,0.11431018937452611,0.7336014464091362,0.1,0.0,0.9,0.4811109125790942
truthfulqa_461_inc_0,truthfulqa,1,5,0.04167944732559923,0.05971584835151753,0.8986047043228833,0.0,0.0,1.0,0.5090182005129592
truthfulqa_33_corr_4,truthfulqa,0,5,0.006876937643716503,0.10495188222051947,0.8881711801357641,0.0,0.0,1.0,0.5490374722884015
truthfulqa_267_best,truthfulqa,0,5,0.1381554587203913,0.004247769052874801,0.8575967722267339,0.1,0.0,0.9,0.4330461551662418
truthfulqa_233_inc_4,truthfulqa,1,5,0.050720916889963955,0.3044939916045657,0.6447850915054703,0.0,0.3,0.7,0.6268865373573008
truthfulqa_514_inc_1,truthfulqa,1,5,0.010820610413960402,0.060533442376117796,0.9286459472099218,0.0,0.0,1.0,0.5248564159810787
truthfulqa_78_inc_1,truthfulqa,1,5,0.0485756421949092,0.15862751561259075,0.7927968421925,0.0,0.0,1.0,0.5550259367088408
truthfulqa_426_inc_0,truthfulqa,1,5,0.29940096521551174,0.6949778708085996,0.005621163975888585,0.3,0.7,0.0,0.6977884527965439
truthfulqa_380_inc_3,truthfulqa,1,5,0.08771164095170256,0.16874466970547147,0.743543689342826,0.0,0.0,1.0,0.5405165143768844
truthfulqa_173_inc_1,truthfulqa,1,5,0.29847862170795336,0.3951230147143546,0.306398363577692,0.1,0.4,0.5,0.5483221965032006
truthfulqa_351_inc_0,truthfulqa,1,5,0.011272441063607376,0.40101147460729186,0.5877160843291007,0.0,0.4,0.6,0.6948695167718422
fever_42215,fever,1,5,0.28230740163193085,0.27544838082257667,0.4422442175454925,0.0,0.4,0.6,0.4965704895953229
fever_154608,fever,1,5,0.12602063657775048,0.42793478048898737,0.4460445829332621,0.0,0.3,0.7,0.6509570719556184
fever_121431,fever,1,5,0.2602240575482934,0.15329237864180406,0.5864835638099024,0.1,0.1,0.8,0.44653416054675527
fever_38940,fever,1,5,0.1808239682290441,0.24122586409037403,0.5779501676805818,0.0,0.4,0.6,0.530200947930665
fever_29577,fever,0,5,0.12490238689292239,0.03082109088834544,0.8442765222187321,0.1,0.0,0.9,0.4529593519977115
fever_94829,fever,1,5,0.1748921474802222,0.34644792428345594,0.47865992823632186,0.0,0.4,0.6,0.5857778884016169
fever_109036,fever,1,5,0.25846076523486283,0.048691920396193314,0.6928473143689439,0.2,0.0,0.8,0.39511557758066523
fever_35914,fever,1,5,0.276223612782011,0.01651426540130455,0.7072621218166845,0.1,0.0,0.9,0.3701453263096468
fever_208149,fever,1,5,0.3203979305081264,0.13975667166449682,0.5398453978273768,0.2,0.1,0.7,0.40967937057818526
fever_17376,fever,0,5,0.008350537657193619,0.49167963183994995,0.4999698305028565,0.0,0.5,0.5,0.7416645470913782
fever_178225,fever,1,5,0.13216471376121264,0.12679942574642772,0.7410358604923597,0.0,0.0,1.0,0.49731735599260757
fever_155476,fever,0,5,0.062130561644333185,0.6921710644656007,0.24569837389006607,0.1,0.7,0.2,0.8150202514106337
fever_102161,fever,1,5,0.11946826728467849,0.5629898987130729,0.31754183400224867,0.0,0.6,0.4,0.7217608157141973
fever_149042,fever,1,5,0.046562635063098365,0.2959537480745507,0.6574836168623509,0.0,0.2,0.8,0.6246955565057262
fever_27279,fever,1,5,0.0680501218814614,0.37924403982314436,0.5527058382953942,0.1,0.4,0.5,0.6555969589708415
fever_103118,fever,1,5,0.051596350677562006,0.134277296118589,0.814126353203849,0.0,0.0,1.0,0.5413404727205134
fever_96576,fever,0,5,0.09810116344347074,0.33136733744278385,0.5705314991137453,0.0,0.4,0.6,0.6166330869996566
fever_39716,fever,1,5,0.22091016022945084,0.12220134776574505,0.6568884920048041,0.0,0.0,1.0,0.4506455937681471
fever_140337,fever,1,5,0.020764511154376216,0.330453346975723,0.6487821418699008,0.0,0.3,0.7,0.6548444179106734
fever_5950,fever,0,5,0.12893459253185618,0.0933212407137477,0.7777441667543961,0.1,0.0,0.9,0.48219332409094573
fever_68000,fever,1,5,0.08965955604281531,0.8129795833805208,0.09736086057666388,0.1,0.9,0.0,0.8616600136688527
fever_96271,fever,0,5,0.2315790757989165,0.0769742411693183,0.6914466830317652,0.0,0.0,1.0,0.42269758268520086
fever_57008,fever,0,5,0.020491527866377382,0.5843620538484833,0.3951464182851394,0.0,0.5,0.5,0.781935262991053
fever_91371,fever,1,5,0.15369741428370995,0.266054225295661,0.5802483604206292,0.0,0.2,0.8,0.5561784055059755
fever_171597,fever,0,5,0.26695324812676147,0.0688482994403562,0.6641984524328823,0.2,0.0,0.8,0.40094752565679737
fever_48242,fever,0,5,0.07467846471895004,0.3223499824614259,0.6029715528196241,0.0,0.4,0.6,0.623835758871238
fever_125533,fever,0,5,0.3094679635489201,0.13170908053533315,0.5588229559157467,0.4,0.0,0.6,0.4111205584932065
fever_224569,fever,1,5,0.25042297041762634,0.03292812534844688,0.7166489042339267,0.2,0.0,0.8,0.3912525774654102
fever_36829,fever,1,5,0.01627732273664837,0.6155191900778743,0.3682034871854772,0.0,0.7,0.3,0.7996209336706128
fever_25521,fever,1,5,0.01378994831215985,0.3196504581361342,0.666559593551706,0.0,0.3,0.7,0.6529302549119872
fever_7639,fever,0,5,0.21649901307864788,0.5976857423026101,0.185815244618742,0.2,0.7,0.1,0.6905933646119811
fever_27301,fever,0,5,0.04935841144382891,0.811570922256106,0.13907066630006504,0.0,0.9,0.1,0.8811062554061386
fever_215506,fever,1,5,0.17697371846731866,0.2836542090154111,0.5393720725172702,0.1,0.2,0.7,0.5533402452740461
fever_183460,fever,0,5,0.07677051196710313,0.49280520869288374,0.4304242793400131,0.0,0.6,0.4,0.7080173483628903
fever_134344,fever,0,5,0.17574085767836334,0.7293430557045337,0.09491608661710292,0.2,0.8,0.0,0.7768010990130851
fever_43535,fever,0,5,0.24481479523220662,0.14678348579834377,0.6084017189694497,0.2,0.1,0.7,0.45098434528306863
fever_194466,fever,1,5,0.5505695425856174,0.16089380357391267,0.28853665384047,0.6,0.2,0.2,0.30516213049414764
fever_216365,fever,1,5,0.38829609284956185,0.15813636702127526,0.4535675401291629,0.5,0.0,0.5,0.3849201370858567
fever_181630,fever,1,5,0.24238341568868157,0.0812868781546049,0.6763297061567136,0.0,0.0,1.0,0.4194517312329617
fever_65047,fever,0,5,0.06825017343916492,0.5229068623385935,0.40884296422224153,0.0,0.5,0.5,0.7273283444497143
fever_28702,fever,0,5,0.27160601914417015,0.16854847533863143,0.5598455055171985,0.2,0.1,0.7,0.44847122809723067
fever_149033,fever,0,5,0.060168720872410666,0.04971712790037246,0.8901141512272168,0.0,0.0,1.0,0.4947742035139809
fever_16378,fever,0,5,0.13146984055466604,0.019124749082482972,0.8494054103628509,0.0,0.0,1.0,0.4438274542639084
fever_202759,fever,1,5,0.10201457637908422,0.7205278767099542,0.17745754691096158,0.0,1.0,0.0,0.809256650165435
fever_40417,fever,0,5,0.20648110731657585,0.31927036648930507,0.47424852619411906,0.2,0.1,0.7,0.5563946295863647
fever_131529,fever,0,5,0.23377905738212773,0.21944165532673007,0.5467792872911421,0.1,0.2,0.7,0.49283129897230116
fever_36849,fever,1,5,0.019046515655231643,0.46921231973226807,0.5117411646125003,0.0,0.4,0.6,0.7250829020385182
fever_146157,fever,1,5,0.19085831194740865,0.4155771403767895,0.39356454767580185,0.2,0.4,0.4,0.6123594142146904
fever_44864,fever,0,5,0.08801411718644173,0.19350218495943022,0.718483697854128,0.0,0.2,0.8,0.5527440338864942
fever_104617,fever,1,5,0.01277279106613485,0.7160376295060806,0.2711895794277845,0.0,0.9,0.1,0.8516324192199729
fever_42343,fever,1,5,0.3945376494100259,0.0035399855524226474,0.6019223650375516,0.3,0.0,0.7,0.3045011680711984
fever_128551,fever,1,5,0.8032835926497484,0.005436931418863327,0.19127947593138817,1.0,0.0,0.0,0.10107666938455741
fever_140044,fever,0,5,0.1170461960246266,0.017975848984897458,0.864977954990476,0.0,0.0,1.0,0.45046482648013547
fever_148152,fever,1,5,0.011734190037153123,0.9076039252009455,0.08066188476190124,0.0,1.0,0.0,0.947934867581896
fever_41786,fever,0,5,0.07255028099422658,0.7430932839571665,0.18435643504860705,0.1,0.9,0.0,0.83527150148147
fever_174987,fever,0,5,0.2806160744170643,0.4021792494770919,0.3172046761058439,0.3,0.4,0.3,0.5607815875300138
fever_124295,fever,1,5,0.1654715358608398,0.38000999547058817,0.454518468668572,0.1,0.3,0.6,0.6072692298048742
fever_45581,fever,0,5,0.00908173945696109,0.4375343599475661,0.5533839005954728,0.0,0.5,0.5,0.7142263102453026
fever_57259,fever,0,5,0.0006201791386275825,0.9234390337287804,0.07594078713259202,0.0,1.0,0.0,0.9614094272950765
fever_42397,fever,1,5,0.24828800072660923,0.1292642504808093,0.6224477487925816,0.0,0.1,0.9,0.4404881248771001
fever_208413,fever,0,5,0.08472316450344627,0.4438802052454294,0.47139663025112427,0.1,0.3,0.6,0.6795785203709915
fever_164092,fever,0,5,0.030510662792661736,0.524075653096886,0.4454136841104523,0.0,0.5,0.5,0.7467824951521121
fever_136914,fever,1,5,0.5301522481841585,0.19159603629655952,0.27825171551928196,0.7,0.3,0.0,0.3307218940562005
fever_27416,fever,0,5,0.07491561093088626,0.02021029226541738,0.9048740968036963,0.0,0.0,1.0,0.47264734066726555
fever_178158,fever,1,5,0.12737033987233237,0.26136723171488085,0.6112624284127868,0.0,0.2,0.8,0.5669984459212742
fever_129878,fever,1,5,0.17269372776200093,0.41081009667219215,0.41649617556580687,0.2,0.4,0.4,0.6190581844550955
fever_14286,fever,1,5,0.2721622546257756,0.021508092572315896,0.7063296528019085,0.0,0.0,1.0,0.37467291897327015
fever_164403,fever,1,5,0.04135158299954867,0.6420658040842562,0.3165826129161951,0.0,0.8,0.2,0.8003571105423537
fever_14901,fever,0,5,0.0833323209883451,0.34029866172540923,0.5763690172862457,0.0,0.3,0.7,0.6284831703685321
fever_56559,fever,1,5,0.2105535812088255,0.02983407106350755,0.759612347727667,0.0,0.0,1.0,0.409640244927341
fever_194761,fever,0,5,0.04251617500525068,0.3225398824578457,0.6349439425369037,0.0,0.4,0.6,0.6400118537262975
fever_174615,fever,0,5,0.16168475773968105,0.1316046921762417,0.7067105500840772,0.0,0.1,0.9,0.48495996721828033
fever_180574,fever,1,5,0.04902999352339314,0.30398342811756224,0.6469865783590446,0.0,0.2,0.8,0.6274767172970845
fever_217102,fever,1,5,0.28351983791864976,0.15262486752485777,0.5638552945564924,0.1,0.2,0.7,0.434552514803104
fever_138377,fever,0,5,0.13601647942748218,0.0014365523576510956,0.8625469682148668,0.0,0.0,1.0,0.4327100364650845
fever_140820,fever,0,5,0.005715620818538119,0.5730331394074557,0.4212512397740061,0.0,0.4,0.6,0.7836587592944587
fever_106209,fever,1,5,0.33700521373884595,0.10826038047732342,0.5547344057838306,0.4,0.1,0.5,0.38562758336923875
fever_143533,fever,0,5,0.18609784411487842,0.25655398350332925,0.5573481723817924,0.1,0.2,0.7,0.5352280696942254
fever_92447,fever,1,5,0.3257225922615129,0.14131396765208717,0.5329634400864,0.2,0.2,0.6,0.4077956876952872
fever_219285,fever,0,5,0.08110101925379458,0.48568831203079216,0.4332106687154134,0.1,0.5,0.4,0.7022936463884989
fever_12403,fever,1,5,0.21983686749487089,0.23149860522938015,0.548664527275749,0.2,0.3,0.5,0.5058308688672546
fever_74035,fever,0,5,0.135410014077958,0.28445376098863034,0.5801362249334115,0.0,0.2,0.8,0.5745218734553361
fever_52751,fever,0,5,0.1049057583722002,0.7555871201961886,0.1395071214316112,0.1,0.9,0.0,0.8253406809119942
fever_174030,fever,0,5,0.1388117975747477,0.6064501592135731,0.25473804321167914,0.2,0.6,0.2,0.7338191808194128
fever_110652,fever,0,5,0.21759880448512803,0.10567663720002825,0.6767245583148438,0.2,0.0,0.8,0.44403891635745013
fever_101008,fever,1,5,0.214687786694104,0.23375496296410964,0.5515572503417865,0.1,0.2,0.7,0.5095335881350029
fever_39664,fever,1,5,0.069743509970138,0.6838466437438089,0.2464098462860531,0.0,0.8,0.2,0.8070515668868354
fever_181185,fever,1,5,0.38613485213455767,0.20596986718018373,0.4078952806852586,0.4,0.0,0.6,0.40991750752281303
fever_129460,fever,1,5,0.08439960682475668,0.2925202366578206,0.6230801565174227,0.0,0.3,0.7,0.604060314916532
fever_194456,fever,0,5,0.028873174891046387,0.12946264128393115,0.8416641838250223,0.0,0.0,1.0,0.5502947331964423
fever_14113,fever,0,5,0.05768592883928094,0.45947402620805045,0.4828400449526685,0.0,0.4,0.6,0.7008940486843847
fever_48275,fever,0,5,0.10895821774430425,0.5133768455986994,0.3776649366569963,0.0,0.5,0.5,0.7022093139271977
fever_132524,fever,1,5,0.4010516096918672,0.017488688204129917,0.5814597021040029,0.2,0.0,0.8,0.30821853925613135
fever_78514,fever,0,5,0.08595278387601787,0.0447872381699937,0.8692599779539885,0.0,0.0,1.0,0.4794172271469879
fever_135552,fever,1,5,0.24424563340772978,0.47609177104501954,0.27966259554725054,0.2,0.6,0.2,0.6159230688186448
fever_18614,fever,0,5,0.0660372023870195,0.44941255635576527,0.4845502412572154,0.1,0.4,0.5,0.691687676984373
fever_157641,fever,1,5,0.5026599289021281,0.005132224925828443,0.4922078461720435,0.5,0.0,0.5,0.2512361480118502
fever_131576,fever,0,5,0.03388033695768036,0.5390819771848894,0.4270376858574303,0.0,0.5,0.5,0.7526008201136045
fever_173118,fever,0,5,0.06681599979081515,0.28041212661702064,0.6527718735921642,0.0,0.1,0.9,0.6067980634131027
fever_194793,fever,1,5,0.12201770756678758,0.17620667501925993,0.7017756174139526,0.0,0.1,0.9,0.5270944837262362
fever_199276,fever,1,5,0.11298586902170396,0.2625864386106801,0.6244276923676159,0.0,0.1,0.9,0.574800284794488
fever_61771,fever,0,5,0.30911375384476925,0.021460782806699295,0.6694254633485315,0.1,0.0,0.9,0.356173514480965
fever_116446,fever,1,5,0.11031111359514449,0.022591541679199058,0.8670973447256565,0.0,0.0,1.0,0.4561402140420273
fever_134997,fever,0,5,0.14352723174795406,0.020540147078788925,0.8359326211732571,0.0,0.0,1.0,0.43850645766541746
fever_170398,fever,1,5,0.10800745911119795,0.12965706042472352,0.7623354804640785,0.0,0.0,1.0,0.5108248006567628
fever_99654,fever,1,5,0.09917640099559903,0.39782357774342614,0.5030000212609749,0.0,0.4,0.6,0.6493235883739136
fever_91798,fever,1,5,0.06199598544975615,0.01687081335827853,0.9211332011919653,0.0,0.0,1.0,0.4774374139542612
fever_193911,fever,1,5,0.2067516187675214,0.34497965873320985,0.4482687224992688,0.2,0.2,0.6,0.5691140199828443
fever_150412,fever,0,5,0.051972337093230146,0.6590727035996683,0.2889549593071016,0.0,0.8,0.2,0.803550183253219
fever_220958,fever,1,5,0.05499896263376627,0.08004201276134428,0.8649590246048895,0.0,0.0,1.0,0.512521525063789
fever_34507,fever,1,5,0.15675475825625837,0.013006255846435602,0.8302389858973062,0.0,0.0,1.0,0.4281257487950887
fever_129171,fever,1,5,0.10068113442859361,0.31625398364798796,0.5830648819234184,0.0,0.2,0.8,0.6077864246096971
fever_55432,fever,1,5,0.1848457923306301,0.29687885503709244,0.5182753526322775,0.1,0.3,0.6,0.5560165313532313
fever_216777,fever,1,5,0.32394444778983067,0.02428007420044123,0.6517754780097281,0.3,0.0,0.7,0.35016781320530527
fever_203011,fever,0,5,0.213266800125069,0.38357254162565496,0.40316065824927616,0.2,0.5,0.3,0.5851528707502931
fever_10118,fever,0,5,0.14187774006901804,0.17064949223249812,0.6874727676984838,0.0,0.1,0.9,0.51438587608174
fever_72585,fever,0,5,0.1356097253351838,0.15984768156758658,0.7045425930972297,0.0,0.1,0.9,0.5121189781162014
fever_62924,fever,1,5,0.1040194094999081,0.17244110471298885,0.723539485787103,0.0,0.2,0.8,0.5342108476065404
fever_41452,fever,1,5,0.252377658276071,0.3794985249916055,0.36812381673232347,0.2,0.4,0.4,0.5635604333577673
fever_92509,fever,0,5,0.40956123663263383,0.3772757792857168,0.2131629840816493,0.6,0.3,0.1,0.48385727132654144
fever_81305,fever,1,5,0.002401007686386027,0.5220680738964241,0.47553091841719,0.0,0.6,0.4,0.759833533105019
fever_44383,fever,0,5,0.17148781856260822,0.1189092694665173,0.7096029119708744,0.1,0.0,0.9,0.47371072545195453
fever_128332,fever,1,5,0.07347938281375269,0.6036586783677205,0.3228619388185269,0.1,0.6,0.3,0.765089647776984
fever_101618,fever,0,5,0.05077311238111961,0.7238575890129921,0.22536929860588825,0.0,1.0,0.0,0.8365422383159362
fever_63521,fever,0,5,0.09456451525982217,0.7009183599291491,0.20451712481102874,0.0,0.6,0.4,0.8031769223346634
fever_82355,fever,1,5,0.43413997115552005,0.08026148201353565,0.4855985468309442,0.6,0.0,0.4,0.32306075542900775
fever_78175,fever,1,5,0.3037059567644414,0.10207999540353677,0.5942140478320219,0.1,0.0,0.9,0.3991870193195477
fever_93878,fever,0,5,0.09346071001826707,0.32052467750900415,0.5860146124727288,0.0,0.3,0.7,0.6135319837453685
fever_32505,fever,1,5,0.2451942758772542,0.05632561945950314,0.6984801046632427,0.1,0.0,0.9,0.4055656717911245
fever_192858,fever,1,5,0.15303345407017332,0.13903139103219964,0.7079351548976269,0.1,0.0,0.9,0.4929989684810131
fever_117374,fever,1,5,0.3042768400918557,0.07597336419757512,0.6197497957105693,0.3,0.0,0.7,0.38584826205285977
fever_63885,fever,1,5,0.004657145300290295,0.5004678196690392,0.4948750350306705,0.0,0.5,0.5,0.7479053371843745
fever_211851,fever,0,5,0.09746794874737504,0.4482793158901554,0.4542527353624696,0.0,0.4,0.6,0.6754056835713902
fever_76076,fever,1,5,0.22315758003636335,0.13868865273683403,0.6381537672268026,0.1,0.0,0.9,0.4577655363502353
fever_7877,fever,1,5,0.2335014092184334,0.1036760242246327,0.6628225665569338,0.2,0.1,0.7,0.43508730750309965
fever_96128,fever,0,5,0.2825804217249903,0.0015868410745515783,0.715832737200458,0.1,0.0,0.9,0.3595032096747806
fever_192595,fever,0,5,0.19219766097131452,0.028052284486020214,0.7797500545426652,0.1,0.0,0.9,0.4179273117573528
fever_14820,fever,0,5,0.13525282050731352,0.0598113860927449,0.8049357933999415,0.0,0.0,1.0,0.46227928279271563
fever_132312,fever,0,5,0.056103351699317225,0.07821533598663839,0.8656813123140443,0.0,0.0,1.0,0.5110559921436606
fever_11146,fever,0,5,0.010585476636225962,0.00322392359951548,0.9861905997642586,0.0,0.0,1.0,0.49631922348164476
fever_94500,fever,0,5,0.05723943500364402,0.21546648907257918,0.7272940759237768,0.0,0.2,0.8,0.5791135270344676
fever_128807,fever,0,5,0.23902581926455677,0.05932047950374504,0.7016537012316981,0.1,0.0,0.9,0.4101473301195941
fever_177172,fever,1,5,0.04320094849598361,0.10903401096042961,0.8477650405435868,0.0,0.1,0.9,0.532916531232223
fever_25520,fever,0,5,0.05066503358863439,0.2130747589664927,0.736260207444873,0.0,0.3,0.7,0.5812048626889292
fever_172104,fever,1,5,0.016461632532390698,0.5583230736835165,0.42521529378409273,0.0,0.5,0.5,0.7709307205755629
fever_162836,fever,1,5,0.3609912585008018,0.04621567578788112,0.5927930657113171,0.2,0.0,0.8,0.34261220864353964
fever_89450,fever,1,5,0.22899104893963065,0.1443904488487127,0.6266185022116566,0.1,0.2,0.7,0.45769969995454096
fever_115143,fever,0,5,0.04159242131481453,0.6712587714934025,0.2871488071917828,0.0,0.7,0.3,0.8148331750892939
fever_118126,fever,1,5,0.46442973396860954,0.13343449535432125,0.4021357706770692,0.4,0.0,0.6,0.33450238069285587
fever_225295,fever,0,5,0.15708933168763378,0.3532163466489114,0.4896943216634549,0.0,0.3,0.7,0.5980635074806389
fever_17628,fever,1,5,0.27091339913084045,0.0035429670279223725,0.7255436338412371,0.1,0.0,0.9,0.36631478394854095
fever_182283,fever,0,5,0.12198297009132826,0.2019902814933115,0.6760267484153604,0.1,0.1,0.8,0.5400036557009917
fever_187577,fever,1,5,0.3345133514288298,0.03116308136968033,0.6343235672014897,0.2,0.0,0.8,0.3483248649704252
fever_6833,fever,0,5,0.003692588886736315,0.8486425125582772,0.14766489855498657,0.0,1.0,0.0,0.9224749618357705
fever_105361,fever,1,5,0.13292942415654124,0.26274144221547063,0.6043291336279882,0.1,0.4,0.5,0.5649060090294648
fever_160052,fever,0,5,0.10733764880603296,0.24116057241830563,0.6515017787756614,0.0,0.3,0.7,0.5669114618061364
fever_11539,fever,0,5,0.08746102554078877,0.10209636515967457,0.8104426092995368,0.1,0.0,0.9,0.507317669809443
fever_126916,fever,1,5,0.2571137836892634,0.3628116237545821,0.38007459255615456,0.1,0.4,0.5,0.5528489200326594
fever_101604,fever,0,5,0.21318139088654675,0.2740634656409645,0.5127551434724887,0.0,0.1,0.9,0.5304410373772088
fever_227350,fever,1,5,0.23982643007462942,0.30373115101131104,0.45644241891405946,0.2,0.4,0.4,0.5319523604683407
fever_167171,fever,1,5,0.05010609552347767,0.46423440449022324,0.4856594999862991,0.0,0.5,0.5,0.7070641544833728
fever_44397,fever,1,5,0.13499545360644208,0.011009322851722835,0.8539952235418349,0.1,0.0,0.9,0.4380069346226403
fever_124723,fever,1,5,0.2344230555848031,0.008200952319268508,0.7573759920959284,0.1,0.0,0.9,0.3868889483672327
fever_9075,fever,1,5,0.05323265281914893,0.8256412746826042,0.1211260724982468,0.0,1.0,0.0,0.8862043109317276
fever_69035,fever,1,5,0.2985983339844047,0.12311379579568855,0.5782878702199068,0.4,0.1,0.5,0.41225773090564194
fever_192709,fever,1,5,0.08888288089619276,0.20949562796652815,0.701621491137279,0.1,0.1,0.8,0.5603063735351677
fever_162206,fever,0,5,0.15357246185943696,0.33237537649735627,0.5140521616432068,0.1,0.3,0.6,0.5894014573189597
fever_217669,fever,1,5,0.41802581879418865,0.028522124255192675,0.5534520569506186,0.3,0.0,0.7,0.305248152730502
fever_42998,fever,0,5,0.08923381992032199,0.42976633863980085,0.4809998414398772,0.0,0.4,0.6,0.6702662593597395
fever_29675,fever,0,5,0.3407349671240846,0.08182846763746582,0.5774365652384496,0.1,0.0,0.9,0.3705467502566906
fever_112592,fever,0,5,0.06973257507157431,0.5043385341624388,0.42592889076598694,0.0,0.6,0.4,0.7173029795454322
fever_159093,fever,0,5,0.14405428139402832,0.17422856074640605,0.6817171578595657,0.0,0.1,0.9,0.5150871396761889
fever_220449,fever,0,5,0.13083022778772685,0.23840627208365187,0.6307635001286211,0.0,0.3,0.7,0.5537880221479624
fever_37749,fever,1,5,0.09738623757162022,0.22000063583172533,0.6826131265966545,0.0,0.1,0.9,0.5613071991300526
fever_177958,fever,0,5,0.10812686671179313,0.08366414602839338,0.8082089872598136,0.0,0.0,1.0,0.4877686396583002
fever_187222,fever,0,5,0.08770474470102477,0.31702071223287437,0.5952745430661008,0.0,0.3,0.7,0.6146579837659247
fever_33982,fever,0,5,0.2819201555745381,0.12423879397586898,0.593841050449593,0.2,0.0,0.8,0.4211593192006655
fever_14328,fever,0,5,0.24178518454800813,0.16563321552172672,0.5925815999302652,0.3,0.0,0.7,0.4619240154868593
fever_143003,fever,1,5,0.0326601513602877,0.32117194080442035,0.6461679078352919,0.0,0.1,0.9,0.6442558947220662
fever_93823,fever,1,5,0.16116004840820172,0.053536406499051684,0.7853035450927466,0.2,0.0,0.8,0.44618817904542496
fever_73756,fever,0,5,0.06998449489382191,0.4247366456357435,0.5052788594704347,0.0,0.4,0.6,0.6773760753709608
fever_147952,fever,1,5,0.11703739846091676,0.06955148517826522,0.813411116360818,0.0,0.1,0.9,0.4762570433586742
fever_69663,fever,0,5,0.22303694393333967,0.2859639854271786,0.49099907063948167,0.2,0.2,0.6,0.5314635207469194
fever_20060,fever,1,5,0.20675674758018406,0.10257768653406865,0.6906655658857475,0.0,0.1,0.9,0.44791046947694235
fever_111138,fever,1,5,0.0805990860971903,0.4120757822337768,0.5073251316690328,0.0,0.6,0.4,0.6657383480682932
fever_204631,fever,0,5,0.10239720775634001,0.10405646159708475,0.7935463306465753,0.0,0.0,1.0,0.5008296269203724
fever_70385,fever,0,5,0.2033577222698618,0.18915875261750228,0.6074835251126359,0.1,0.1,0.8,0.4929005151738203
fever_57507,fever,0,5,0.044508105298915614,0.27577374816886663,0.6797181465322178,0.0,0.4,0.6,0.6156328214349756
fever_223707,fever,1,5,0.11027559554581075,0.12307565060512124,0.7666487538490679,0.0,0.0,1.0,0.5064000275296552
fever_89163,fever,1,5,0.023931255491428133,0.2555486822954972,0.7205200622130746,0.0,0.2,0.8,0.6158087134020345
fever_145470,fever,1,5,0.12943998022078074,0.20797686813755956,0.6625831516416596,0.0,0.1,0.9,0.5392684439583894
fever_81778,fever,1,5,0.4302125815639197,0.15892380293093167,0.4108636155051485,0.5,0.2,0.3,0.3643556106835059
fever_126963,fever,1,5,0.1483079619046314,0.10444120681343927,0.7472508312819294,0.0,0.0,1.0,0.47806662245440396
fever_116424,fever,0,5,0.7519934730746455,0.016246297375290947,0.2317602295500636,0.9,0.0,0.1,0.13212641215032275
fever_64029,fever,0,5,0.0032788238216826444,0.797926792089253,0.1987943840890643,0.0,0.9,0.1,0.8973239841337851
fever_94136,fever,0,5,0.2054614438164136,0.294629909827278,0.49990864635630833,0.2,0.3,0.5,0.5445842330054321
fever_104930,fever,0,5,0.17944755201168552,0.36798327608648235,0.4525691719018322,0.1,0.4,0.5,0.5942678620373985
fever_211013,fever,0,5,0.2690888805993105,0.033576818325292565,0.697334301075397,0.2,0.0,0.8,0.38224396886299106
fever_140580,fever,1,5,0.1671700982908971,0.006395674214438275,0.8264342274946646,0.0,0.0,1.0,0.41961278796177054
fever_92587,fever,0,5,0.2907700568373219,0.17898586017313298,0.5302440829895452,0.1,0.2,0.7,0.4441079016679056
fever_197340,fever,0,5,0.05243389194614406,0.7962919912506722,0.1512741168031837,0.0,0.8,0.2,0.871929049652264
fever_143788,fever,1,5,0.22658772753887457,0.4568387437072615,0.316573528753864,0.1,0.5,0.4,0.6151255080841935
fever_175464,fever,1,5,0.18874245840990286,0.16123616532211124,0.650021376267986,0.1,0.2,0.7,0.4862468534561042
fever_139967,fever,1,5,0.20322892802703846,0.2822088655651408,0.5145622064078207,0.1,0.3,0.6,0.5394899687690511
fever_36207,fever,1,5,0.21047863128826977,0.40206731646709104,0.3874540522446392,0.2,0.4,0.4,0.5957943425894107
fever_204653,fever,1,5,0.12004277657757738,0.2544333254559629,0.6255238979664596,0.1,0.2,0.7,0.5671952744391927
fever_65634,fever,0,5,0.08499178400292481,0.3839211857629546,0.5310870302341206,0.0,0.3,0.7,0.649464700880015
fever_120836,fever,1,5,0.00409120433755165,0.5886376263903985,0.40727116927204987,0.0,0.6,0.4,0.7922732110264235
fever_226848,fever,0,5,0.09168174661524145,0.74308820030545,0.16523005307930863,0.1,0.7,0.2,0.8257032268451043
fever_225301,fever,1,5,0.07278658798491623,0.4682914279516021,0.4589219840634816,0.0,0.4,0.6,0.6977524199833429
fever_220288,fever,0,5,0.08253421209600462,0.4167408899625432,0.5007248979414524,0.0,0.5,0.5,0.6671033389332695
fever_98711,fever,0,5,0.05629596099401922,0.5681112753454294,0.3755927636605515,0.0,0.5,0.5,0.7559076571757051
fever_15005,fever,1,5,0.22700204285423947,0.08166821791987611,0.6913297392258845,0.0,0.0,1.0,0.42733308753281835
fever_46883,fever,1,5,0.2824648924341094,0.010300971148801345,0.7072341364170892,0.2,0.0,0.8,0.36391803935734596
fever_27897,fever,1,5,0.015379821898034853,0.7909393203642068,0.19368085773775834,0.0,0.8,0.2,0.8877797492330859
fever_101528,fever,0,5,0.27487781285178725,0.20799796346412175,0.517124223684091,0.2,0.2,0.6,0.4665600753061672
fever_203002,fever,1,5,0.15124195914030758,0.4298479391471199,0.4189101017125726,0.0,0.4,0.6,0.6393029900034062
fever_143157,fever,0,5,0.30234516283298485,0.06735855252007769,0.6302962846469375,0.3,0.0,0.7,0.3825066948435465
fever_29544,fever,1,5,0.21291705189585267,0.01846961080092078,0.7686133373032267,0.0,0.0,1.0,0.40277627945253414
fever_170004,fever,1,5,0.12673017277167867,0.5593473899431559,0.3139224372851655,0.1,0.8,0.1,0.7163086085857386
fever_185389,fever,0,5,0.39985176732988953,0.18418148539874063,0.41596674727136973,0.4,0.2,0.4,0.3921648590344255
fever_31852,fever,1,5,0.32925044337122866,0.005043375492700461,0.6657061811360709,0.2,0.0,0.8,0.3378964660607359
fever_188579,fever,1,5,0.28223488683833164,0.157277154496709,0.5604879586649594,0.1,0.1,0.8,0.43752113382918867
fever_201574,fever,0,5,0.4821673491490607,0.08504564990488112,0.43278700094605815,0.5,0.0,0.5,0.3014391503779102
fever_3210,fever,1,5,0.15540230981590183,0.20249749353290625,0.6421001966511919,0.1,0.1,0.8,0.5235475918585022
fever_131163,fever,0,5,0.20295735541257823,0.6246241837551054,0.1724184608323163,0.3,0.6,0.1,0.7108334141712636
fever_120759,fever,1,5,0.04265891065880297,0.12752576230043122,0.8298153270407658,0.0,0.0,1.0,0.5424334258208141
fever_172302,fever,0,5,0.19810411235221775,0.079979673515503,0.7219162141322792,0.0,0.0,1.0,0.4409377805816426
fever_75702,fever,1,5,0.15303129336844407,0.4005621439721724,0.4464065626593836,0.1,0.4,0.5,0.6237654253018642
fever_33839,fever,1,5,0.07630647209871481,0.14729895991064063,0.7763945679906444,0.1,0.2,0.7,0.5354962439059628
fever_147427,fever,0,5,0.13848710283866966,0.35536079028959533,0.506152106871735,0.0,0.1,0.9,0.6084368437254628
fever_188652,fever,1,5,0.5363637570238642,0.02214568232787402,0.4414905606482618,0.7,0.0,0.3,0.24289096265200494
fever_144293,fever,0,5,0.21434370342993003,0.15091103271612655,0.6347452638539435,0.1,0.2,0.7,0.4682836646430983
fever_15819,fever,1,5,0.03517054650746843,0.20066011030957318,0.7641693431829584,0.0,0.1,0.9,0.5827447819010524
fever_53197,fever,0,5,0.02910304385426855,0.4729097808445844,0.4979871753011471,0.0,0.4,0.6,0.7219033684951579
fever_168042,fever,0,5,0.0054676698451773765,0.6683334439694986,0.3261988861853241,0.0,0.6,0.4,0.8314328870621606
fever_35833,fever,0,5,0.26818498490526865,0.08526808952587195,0.6465469255688594,0.0,0.0,1.0,0.40854155231030165
fever_170403,fever,1,5,0.16707098441204504,0.37242163229351416,0.46050738329444085,0.0,0.5,0.5,0.6026753239407345
fever_121362,fever,0,5,0.5317970975226064,0.04287366615228446,0.42532923632510916,0.5,0.0,0.5,0.25553828431483905
fever_45109,fever,0,5,0.31044412082507405,0.09955761635127061,0.5899982628236554,0.1,0.1,0.8,0.39455674776309835
fever_204342,fever,0,5,0.17140680994976537,0.06842404116790617,0.7601691488823284,0.0,0.0,1.0,0.4485086156090704
fever_183502,fever,0,5,0.024642253762542272,0.5184188016175486,0.4569389446199093,0.0,0.4,0.6,0.7468882739275032
fever_201602,fever,1,5,0.2544287038692602,0.06889388845514316,0.6766774076755966,0.1,0.0,0.9,0.40723259229294145
fever_32338,fever,1,5,0.05779079164209853,0.2169589211963324,0.725250287161569,0.0,0.2,0.8,0.5795840647771169
fever_113341,fever,0,5,0.05346704951453842,0.7961218990545305,0.1504110514309311,0.0,0.8,0.2,0.871327424769996
fever_228063,fever,0,5,0.16159564534732923,0.6115248826818762,0.2268794719707945,0.1,0.7,0.2,0.7249646186672735
fever_159694,fever,0,5,0.1285427693187986,0.5809616815292783,0.2904955491519231,0.1,0.6,0.3,0.7262094561052399
fever_137825,fever,0,5,0.009116547417277805,0.36533607833651816,0.625547374246204,0.0,0.4,0.6,0.6781097654596202
fever_72560,fever,0,5,0.07904275543317449,0.22808180495760597,0.6928754396092195,0.0,0.2,0.8,0.5745195247622157
fever_99696,fever,0,5,0.3052602700577493,0.18676277696279092,0.5079769529794598,0.3,0.1,0.6,0.4407512534525208
fever_34357,fever,0,5,0.42537751393538337,0.17362773858248723,0.4009947474821294,0.4,0.2,0.4,0.37412511232355194
fever_178896,fever,1,5,0.018878858384659743,0.9145828674510401,0.06653827416430011,0.0,1.0,0.0,0.9478520045331902
fever_123100,fever,1,5,0.034927441619635305,0.09984618769451716,0.8652263706858475,0.0,0.0,1.0,0.532459373037441
fever_113032,fever,1,5,0.00458196285627129,0.8775669003377479,0.11785113680598089,0.0,0.9,0.1,0.9364924687407383
fever_156816,fever,0,5,0.010188035935849472,0.7130151323070157,0.2767968317571348,0.0,0.7,0.3,0.8514135481855831
fever_138435,fever,0,5,0.14881057999299926,0.40609876829371033,0.44509065171329043,0.0,0.4,0.6,0.6286440941503555
fever_75957,fever,1,5,0.19914917314660954,0.01006129148493025,0.7907895353684602,0.0,0.0,1.0,0.40545605916916033
fever_123833,fever,1,5,0.11294953957852305,0.028016210148999122,0.8590342502724779,0.0,0.0,1.0,0.4575333352852381
fever_156686,fever,1,5,0.32868362449175004,0.0025012257437785025,0.6688151497644714,0.1,0.0,0.9,0.3369088006260142
fever_79956,fever,0,5,0.5092718032082603,0.024283429054407703,0.466444767737332,0.6,0.0,0.4,0.25750581292307373
fever_68394,fever,1,5,0.26115657693963057,0.3009285501710886,0.4379148728892808,0.3,0.3,0.4,0.519885986615729
fever_11451,fever,0,5,0.006463036801093845,0.5227211723186328,0.47081579088027325,0.0,0.6,0.4,0.7581290677587694
fever_5241,fever,0,5,0.07093210874379922,0.5516402857223585,0.37742760553384225,0.0,0.5,0.5,0.7403540884892796
fever_64024,fever,0,5,0.2704963742555599,0.4015159447202622,0.32798768102417786,0.1,0.4,0.5,0.5655097852323512
fever_215283,fever,0,5,0.26318829406260025,0.00894239919528909,0.7278693067421106,0.2,0.0,0.8,0.3728770525663444
fever_91849,fever,1,5,0.11168107731465689,0.4574922973292965,0.43082662535604666,0.0,0.6,0.4,0.6729056100073199
fever_195244,fever,1,5,0.16443398922351182,0.06805957518426632,0.767506435592222,0.0,0.0,1.0,0.4518127929803773
fever_184099,fever,0,5,0.11451429683357192,0.040389584946405065,0.8450961182200232,0.0,0.0,1.0,0.46293764405641663
fever_174038,fever,1,5,0.09339622669899242,0.2890187520357934,0.6175850212652142,0.0,0.2,0.8,0.5978112626684005
fever_187556,fever,0,5,0.18201541880828975,0.6027719257760877,0.21521265541562246,0.2,0.7,0.1,0.7103782534838989
fever_46187,fever,0,5,0.28651748251097653,0.17512222983266898,0.5383602876563545,0.3,0.2,0.5,0.44430237366084624
fever_126423,fever,0,5,0.10256491104415999,0.1928250978575894,0.7046099910982506,0.1,0.1,0.8,0.5451300934067147
fever_174609,fever,1,5,0.18556729954770698,0.20017754312387429,0.6142551573284186,0.2,0.0,0.8,0.5073051217880836
fever_223279,fever,0,5,0.03639792490682933,0.4279694905692925,0.5356325845238781,0.0,0.3,0.7,0.6957857828312315
fever_136865,fever,1,5,0.4308367735493513,0.21585217720317784,0.3533110492474709,0.5,0.1,0.4,0.3925077018269133
fever_18736,fever,0,5,0.11215891422121986,0.29467814240297774,0.5931629433758023,0.0,0.2,0.8,0.5912596140908789
fever_21027,fever,0,5,0.1059321433969366,0.23930127319041464,0.6547665834126487,0.0,0.1,0.9,0.566684564896739
fever_184067,fever,1,5,0.09156578004680284,0.6720555279411651,0.23637869201203204,0.0,0.8,0.2,0.7902448739471811
fever_90291,fever,0,5,0.05463711982796639,0.33411261671658843,0.6112502634554452,0.0,0.3,0.7,0.639737748444311
fever_113488,fever,1,5,0.05218984828256246,0.37212536993596557,0.575684781781472,0.0,0.4,0.6,0.6599677608267016
fever_74557,fever,1,5,0.18371777866931618,0.15030387257085054,0.6659783487598332,0.2,0.0,0.8,0.48329304695076714
fever_54383,fever,1,5,0.17914394933476618,0.062469221688196706,0.7583868289770371,0.0,0.0,1.0,0.44166263617671525
fever_221146,fever,0,5,0.025495240432066656,0.530196593459148,0.44430816610878515,0.0,0.5,0.5,0.7523506765135406
fever_224956,fever,0,5,0.03815671257822985,0.07437344262006126,0.8874698448017091,0.0,0.0,1.0,0.5181083650209158
fever_39437,fever,0,5,0.14570928835496158,0.6375169022446171,0.2167738094004213,0.2,0.6,0.2,0.7459038069448277
fever_47356,fever,1,5,0.1906937403463098,0.062332048233571545,0.7469742114201187,0.1,0.0,0.9,0.43581915394363085
fever_181629,fever,0,5,0.08841118857742616,0.6436593038047401,0.2679295076178337,0.0,0.7,0.3,0.7776240576136569
fever_118411,fever,0,5,0.2422010545374397,0.26989137744580394,0.48790756801675644,0.2,0.4,0.4,0.5138451614541821
fever_16588,fever,0,5,0.2770649838658095,0.25974130599872314,0.4631937101354674,0.3,0.1,0.6,0.49133816106645684
fever_226840,fever,1,5,0.35110408825107264,0.16852788219484213,0.4803680295540852,0.4,0.0,0.6,0.4087118969718847
fever_221241,fever,1,5,0.16608893706153588,0.02645159650531186,0.8074594664331523,0.0,0.0,1.0,0.430181329721888
fever_115131,fever,1,5,0.20942722374689632,0.22421769035556122,0.5663550858975425,0.0,0.2,0.8,0.5073952333043324
fever_105954,fever,1,5,0.023839348170187964,0.491201240997633,0.484959410832179,0.0,0.5,0.5,0.7336809464137225
fever_11928,fever,0,5,0.09154553605433743,0.6270870299890654,0.28136743395659713,0.1,0.7,0.2,0.767770746967364
fever_181269,fever,0,5,0.08524153141499265,0.5254356018866935,0.38932286669831384,0.0,0.5,0.5,0.7200970352358504
fever_1395,fever,0,5,0.20689658529880686,0.5143304803497349,0.2787729343514582,0.3,0.4,0.3,0.653716947525464
fever_193904,fever,1,5,0.3006425002302826,0.011897335261696987,0.6874601645080204,0.4,0.0,0.6,0.3556274175157072
fever_104244,fever,0,5,0.022667436461242703,0.6296832658037482,0.3476492977350091,0.0,0.6,0.4,0.8035079146712527
fever_82973,fever,0,5,0.16573815015462484,0.5698851334754231,0.26437671636995197,0.0,0.8,0.2,0.7020734916603991
fever_92524,fever,0,5,0.05652817026764658,0.3967017756903679,0.5467700540419855,0.0,0.3,0.7,0.6700868027113607
fever_155035,fever,1,5,0.02409718281397854,0.6312207048895403,0.3446821122964811,0.0,0.7,0.3,0.8035617610377809
fever_198208,fever,0,5,0.25877513394859897,0.14210973023920687,0.5991151358121942,0.1,0.0,0.9,0.441667298145304
fever_140663,fever,0,5,0.03919305758242335,0.7654176085005868,0.19538933391698984,0.0,1.0,0.0,0.8631122754590818
fever_175642,fever,0,5,0.011064441717987903,0.6181577290551987,0.37077782922681346,0.0,0.6,0.4,0.8035466436686054
fever_204636,fever,1,5,0.13503428881906665,0.026246363878575617,0.8387193473023575,0.0,0.0,1.0,0.44560603752975436
fever_52472,fever,1,5,0.42650610543920403,0.034061988645280435,0.5394319059155155,0.3,0.0,0.7,0.30377794160303817
fever_22619,fever,0,5,0.038244122902566034,0.3554791884297652,0.6062766886676687,0.0,0.2,0.8,0.6586175327635996
fever_25933,fever,1,5,0.06950803343315284,0.15190797411178553,0.7785839924550617,0.0,0.1,0.9,0.5411999703393164
fever_26155,fever,1,5,0.2283660218578824,0.2278315591336335,0.543802419008484,0.1,0.2,0.7,0.4997327686378755
fever_24063,fever,1,5,0.19113926251862548,0.15948835268458633,0.6493723847967882,0.1,0.0,0.9,0.4841745450829804
fever_68337,fever,1,5,0.005711829822615913,0.2237823590627181,0.7705058111146659,0.0,0.2,0.8,0.609035264620051
fever_113127,fever,1,5,0.4087432977761957,0.1139460809956572,0.4773106212281471,0.3,0.1,0.6,0.35260139160973075
fever_206030,fever,1,5,0.13811463731458512,0.2089524111681539,0.6529329515172609,0.0,0.2,0.8,0.5354188869267844
fever_100145,fever,1,5,0.12509496574368328,0.01699609111073075,0.857908943145586,0.0,0.0,1.0,0.44595056268352373
fever_76869,fever,0,5,0.3348760274625998,0.058288744781657034,0.6068352277557432,0.1,0.0,0.9,0.3617063586595286
fever_47228,fever,0,5,0.0072913349685973464,0.5327118785756102,0.4599967864557925,0.0,0.5,0.5,0.7627102718035065
fever_156943,fever,0,5,0.03215945965973675,0.12651327537507664,0.8413272649651866,0.0,0.0,1.0,0.5471769078576699
fever_79601,fever,0,5,0.25911771998868477,0.13971263572661385,0.6011696442847013,0.3,0.1,0.6,0.4402974578689645
fever_11441,fever,1,5,0.5100574054575685,0.031959421566431015,0.4579831729760005,0.9,0.0,0.1,0.2609510080544313
fever_175874,fever,0,5,0.19850554634299977,0.1580232798011603,0.6434711738558401,0.2,0.0,0.8,0.4797588667290803
fever_162201,fever,0,5,0.0044111231413222875,0.6632920505095967,0.33229682634908103,0.0,0.7,0.3,0.8294404636841373
fever_91028,fever,0,5,0.17658548425530954,0.02512884844848879,0.7982856672962015,0.2,0.0,0.8,0.42427168209658955
fever_164894,fever,0,5,0.21911163419584517,0.04220831636450231,0.7386800494396525,0.1,0.0,0.9,0.4115483410843286
fever_19655,fever,1,5,0.195138500722215,0.45937180301153546,0.34548969626624954,0.1,0.5,0.4,0.6321166511446602
fever_21026,fever,1,5,0.029108075570129528,0.5655928249753773,0.40529909945449305,0.0,0.6,0.4,0.7682423747026239
fever_62633,fever,1,5,0.16742270152593142,0.33084543748747464,0.5017318609865941,0.1,0.2,0.7,0.5817113679807717
fever_4132,fever,0,5,0.27845476000796604,0.15516097638565907,0.5663842636063748,0.2,0.0,0.8,0.4383531081888465
fever_64631,fever,0,5,0.10434827612642172,0.27177530739728273,0.6238764164762955,0.0,0.1,0.9,0.5837135156354305
fever_21775,fever,1,5,0.09654973936466146,0.31887084959393536,0.5845794110414031,0.0,0.2,0.8,0.6111605551146368
fever_212779,fever,0,5,0.19967496018194492,0.45939153232154667,0.3409335074965084,0.0,0.7,0.3,0.6298582860698009
fever_79706,fever,1,5,0.4046522041053717,0.004399017422970674,0.5909487784716576,0.3,0.0,0.7,0.29987340665879947
fever_11915,fever,0,5,0.23717711896502197,0.18800454919764956,0.5748183318373286,0.2,0.1,0.7,0.4754137151163138
fever_159567,fever,1,5,0.08054954545306883,0.660179772497209,0.2592706820497222,0.0,0.9,0.1,0.7898151135220701
fever_48276,fever,1,5,0.138784010012444,0.15794691646156192,0.7032690735259941,0.0,0.0,1.0,0.509581453224559
fever_42412,fever,0,5,0.18426841682542347,0.43221969975664554,0.383511883417931,0.2,0.3,0.5,0.623975641465611
fever_121251,fever,0,5,0.021098849012513708,0.214883797958927,0.7640173530285593,0.0,0.2,0.8,0.5968924744732067
fever_216781,fever,1,5,0.07600169492795346,0.5162746482557258,0.4077236568163207,0.0,0.7,0.3,0.7201364766638861
fever_140139,fever,1,5,0.12367673040494949,0.18964538723788119,0.6866778823571693,0.0,0.0,1.0,0.5329843284164658
fever_82367,fever,1,5,0.28614790428305154,0.3072489997678929,0.4066030959490556,0.2,0.5,0.3,0.5105505477424207
fever_168082,fever,1,5,0.24854766791254992,0.2568178095130822,0.4946345225743678,0.1,0.3,0.6,0.5041350708002661
fever_15899,fever,0,5,0.20107436935900208,0.08682322420530272,0.7121024064356952,0.0,0.0,1.0,0.4428744274231503
fever_35031,fever,0,5,0.22031013041587819,0.0888987311213568,0.690791138462765,0.2,0.1,0.7,0.4342943003527393
fever_81450,fever,0,5,0.028047473730809302,0.48997987686073985,0.48197264940845075,0.0,0.7,0.3,0.7309662015649652
fever_62117,fever,0,5,0.08725014282731383,0.0771269766259727,0.8356228805467134,0.0,0.0,1.0,0.4949384168993294
fever_52799,fever,0,5,0.37397381217345893,0.16464854419157768,0.46137764363496336,0.3,0.1,0.6,0.39533736600905933
fever_139717,fever,0,5,0.22429642709729297,0.0019541230318350184,0.773749449870872,0.0,0.0,1.0,0.388828847967271
fever_194574,fever,1,5,0.39473207969440255,0.02151526564451115,0.5837526546610864,0.4,0.0,0.6,0.31339159297505437
fever_48404,fever,1,5,0.030712295977833575,0.18448565077059864,0.7848020532515678,0.0,0.1,0.9,0.5768866773963826
fever_183587,fever,0,5,0.0929044688874305,0.4514372368158554,0.4556582942967141,0.0,0.6,0.4,0.6792663839642125
fever_34195,fever,1,5,0.012775940044993623,0.1691948849193893,0.8180291750356169,0.0,0.1,0.9,0.5782094724371978
fever_138664,fever,0,5,0.1529148632596676,0.33656537812073645,0.5105197586195958,0.0,0.2,0.8,0.5918252574305343
fever_34619,fever,0,5,0.07897705330450142,0.5964544543861766,0.32456849230932194,0.0,0.6,0.4,0.7587387005408376
fever_204651,fever,1,5,0.006891313255106869,0.19138745658416279,0.8017212301607304,0.0,0.3,0.7,0.592248071664528
fever_98066,fever,0,5,0.26412169748712366,0.025731793476351423,0.7101465090365249,0.1,0.0,0.9,0.38080504799461384
fever_215867,fever,0,5,0.06526165174519043,0.45031187899345165,0.4844264692613579,0.0,0.5,0.5,0.6925251136241306
fever_57452,fever,0,5,0.3782807810370181,0.048482327568988244,0.5732368913939937,0.3,0.0,0.7,0.3351007732659851
fever_68483,fever,0,5,0.1367967392520542,0.33177921448710046,0.5314240462608454,0.0,0.3,0.7,0.5974912376175232
fever_47070,fever,0,5,0.15906696201929765,0.3039492673004895,0.5369837706802129,0.1,0.2,0.7,0.5724411526405959
fever_194014,fever,0,5,0.31729966776691637,0.08367348084303808,0.5990268513900456,0.2,0.0,0.8,0.38318690653806087
fever_183624,fever,0,5,0.057232430296669426,0.43664370863179985,0.5061238610715307,0.0,0.4,0.6,0.6897056391675652
fever_174012,fever,0,5,0.018672396325268795,0.5531917467034392,0.42813585697129203,0.0,0.6,0.4,0.7672596751890852
fever_222045,fever,1,5,0.024305076698678367,0.3987020228225417,0.5769929004787799,0.0,0.4,0.6,0.6871984730619316
fever_179007,fever,0,5,0.2909087791159496,0.39886721191225905,0.31022400897179137,0.4,0.4,0.2,0.5539792163981547
fever_113476,fever,0,5,0.33563384607352575,0.1385554922218157,0.5258106617046586,0.3,0.1,0.6,0.401460823074145
fever_165892,fever,0,5,0.0192028890541509,0.37064996587053556,0.6101471450753135,0.0,0.4,0.6,0.6757235384081923
fever_99428,fever,0,5,0.03713703707607615,0.5048728552427026,0.4579901076812213,0.0,0.5,0.5,0.7338679090833133
fever_145491,fever,1,5,0.09766014429388618,0.523836202706877,0.37850365299923683,0.0,0.6,0.4,0.7130880292064954
fever_71111,fever,0,5,0.11209487668740518,0.35015814607581686,0.537746977236778,0.1,0.5,0.4,0.6190316346942059
fever_7335,fever,0,5,0.16848657876521494,0.07100438492179792,0.7605090363129872,0.0,0.0,1.0,0.45125890307829153
fever_138593,fever,1,5,0.1979250547130072,0.45822664861016127,0.3438482966768315,0.0,0.5,0.5,0.630150796948577
fever_21274,fever,0,5,0.11242944141104676,0.18648012996416533,0.7010904286247879,0.0,0.0,1.0,0.5370253442765592
fever_204341,fever,1,5,0.6148175149062185,0.14174535798690863,0.2434371271068728,0.6,0.1,0.3,0.26346392154034504
fever_117305,fever,0,5,0.09211272374637353,0.4520383051785726,0.4558489710750539,0.1,0.4,0.5,0.6799627907160996
fever_20026,fever,0,5,0.06530411398751343,0.05881567918964847,0.8758802068228381,0.0,0.0,1.0,0.4967557826010675
fever_172508,fever,0,5,0.05353445428244027,0.5938379608147764,0.3526275849027833,0.0,0.5,0.5,0.770151753266168
fever_26793,fever,1,5,0.5472994958980768,0.01009456645758534,0.442605937644338,0.6,0.0,0.4,0.23139753527975432
fever_164402,fever,0,5,0.0837776034021886,0.47339890493304837,0.44282349166476304,0.0,0.5,0.5,0.6948106507654299
fever_11418,fever,0,5,0.3596802899736089,0.040038568994252,0.6002811410321389,0.2,0.0,0.8,0.34017913951032147
fever_170005,fever,1,5,0.11005136765592423,0.3814671213342165,0.5084815110098594,0.0,0.6,0.4,0.6357078768391462
fever_188636,fever,1,5,0.43877279416363074,0.005706979718447995,0.5555202261179214,0.2,0.0,0.8,0.28346709277740867
fever_63185,fever,0,5,0.2885683768921433,0.16871447566293715,0.5427171474449194,0.1,0.2,0.7,0.4400730493853968
fever_227080,fever,0,5,0.20312710731382827,0.0654458535868551,0.7314270390993166,0.0,0.0,1.0,0.4311593731365134
fever_75025,fever,1,5,0.12005802603834011,0.4907684276706338,0.3891735462910263,0.0,0.7,0.3,0.685355200816147
fever_85138,fever,0,5,0.1340939564191757,0.05829583222833649,0.8076102113524879,0.0,0.0,1.0,0.46210093790458046
fever_45364,fever,0,5,0.22938556745152897,0.005376324395217339,0.7652381081532538,0.1,0.0,0.9,0.38799537847184423
fever_49515,fever,1,5,0.12484911605037781,0.2444247289711768,0.6307261549784454,0.1,0.3,0.6,0.5597878064603995
fever_73080,fever,1,5,0.4105381240711078,0.10431533889808753,0.4851465370308047,0.5,0.0,0.5,0.34688860741348987
fever_14900,fever,0,5,0.05059518117207816,0.28330303627957276,0.6661017825483491,0.0,0.2,0.8,0.6163539275537473
fever_187776,fever,1,5,0.13743479039652656,0.2561396860192858,0.6064255235841877,0.0,0.3,0.7,0.5593524478113796
fever_106496,fever,1,5,0.08333790609187185,0.09257821490612299,0.8240838790020051,0.0,0.0,1.0,0.5046201544071255
fever_130027,fever,0,5,0.31714109699347964,0.04592074502060322,0.6369381579859171,0.3,0.0,0.7,0.3643898240135618
fever_199263,fever,0,5,0.1732449008383616,0.21381469198464909,0.6129404071769893,0.2,0.2,0.6,0.5202848955731437
fever_73961,fever,1,5,0.08219132030043756,0.0842411093716324,0.8335675703279299,0.0,0.0,1.0,0.5010248945355974
fever_215504,fever,0,5,0.12286458830909419,0.13453590022223405,0.7425995114686719,0.1,0.0,0.9,0.50583565595657
fever_149134,fever,1,5,0.03449970962058113,0.7038950439176497,0.2616052464617692,0.0,0.9,0.1,0.8346976671485342
fever_17213,fever,0,5,0.10243723924169343,0.37386753589304467,0.5236952248652618,0.0,0.5,0.5,0.6357151483256755
fever_120630,fever,0,5,0.041801458939658684,0.22628848643847638,0.731910054621865,0.0,0.2,0.8,0.5922435137494089
fever_89483,fever,0,5,0.10205653315155423,0.016222719352026047,0.8817207474964197,0.0,0.0,1.0,0.4570830931002359
fever_97418,fever,1,5,0.07803128826019837,0.2136424960759052,0.7083262156638963,0.0,0.1,0.9,0.5678056039078534
fever_188976,fever,1,5,0.038487071319134106,0.5513612182275954,0.4101517104532705,0.0,0.5,0.5,0.7564370734542307
fever_60720,fever,0,5,0.010636058788446407,0.37501312670223985,0.6143508145093138,0.0,0.4,0.6,0.6821885339568967
fever_80800,fever,0,5,0.2682018670471401,0.09437304917100214,0.6374250837818576,0.3,0.0,0.7,0.41308559106193093
fever_189894,fever,1,5,0.05784311690951405,0.0847293434342445,0.8574275396562415,0.0,0.0,1.0,0.5134431132623652
fever_179763,fever,1,5,0.22054034264203085,0.4215064640988233,0.35795319325914576,0.2,0.4,0.4,0.6004830607283962
fever_140067,fever,1,5,0.27802490083227405,0.11267450637971352,0.6093005927880124,0.1,0.0,0.9,0.41732480277371975
fever_63313,fever,1,5,0.14558220135375805,0.09191821900400479,0.7624995796422371,0.0,0.0,1.0,0.47316800882512333
fever_34583,fever,1,5,0.23617061478781348,0.011422904277395857,0.7524064809347907,0.3,0.0,0.7,0.3876261447447912
fever_159716,fever,0,5,0.5540285761520283,0.1632688089103702,0.2827026149376014,0.6,0.1,0.3,0.3046201163791709
fever_72250,fever,0,5,0.02537248893143172,0.6810929949925828,0.29353451607598546,0.0,0.7,0.3,0.8278602530305755
fever_49839,fever,1,5,0.14667657899683262,0.10320209658723993,0.7501213244159274,0.0,0.0,1.0,0.47826275879520364
fever_143301,fever,1,5,0.1271526467032192,0.4256079173927608,0.4472394359040199,0.0,0.6,0.4,0.6492276353447708
fever_36251,fever,1,5,0.020921918569408532,0.4466999464351226,0.5323781349954688,0.0,0.4,0.6,0.712889013932857
fever_2798,fever,1,5,0.0316133345190588,0.19385141035308856,0.7745352551278526,0.0,0.1,0.9,0.5811190379170148
fever_112773,fever,0,5,0.21117702784666462,0.3377955297720577,0.4510274423812777,0.2,0.3,0.5,0.5633092509626965
fever_177491,fever,1,5,0.19616348688201035,0.009247328565473124,0.7945891845525166,0.1,0.0,0.9,0.4065419208417314
fever_44955,fever,1,5,0.06890500846146427,0.3973409733167057,0.53375401822183,0.0,0.4,0.6,0.6642179824276206
fever_75587,fever,1,5,0.06114643862772747,0.35037588870658254,0.5884776726656901,0.0,0.3,0.7,0.6446147250394276
fever_11572,fever,1,5,0.39370052165537167,0.04762028890993854,0.5586791894346896,0.4,0.0,0.6,0.32695988362728334
fever_137665,fever,1,5,0.18890357015625564,0.1763422251076197,0.6347542047361246,0.0,0.1,0.9,0.49371932747568203
fever_11491,fever,0,5,0.18746425357060983,0.024851387232730143,0.78768435919666,0.0,0.0,1.0,0.4186935668310602
fever_16809,fever,0,5,0.10569572364709327,0.16577882604102442,0.7285254503118823,0.1,0.1,0.8,0.5300415511969656
fever_205088,fever,1,5,0.1217715713010464,0.003916378792006002,0.8743120499069474,0.0,0.0,1.0,0.44107240374547974
fever_41049,fever,0,5,0.353326273853077,0.02595120693070365,0.6207225192162193,0.3,0.0,0.7,0.3363124665388133
fever_172512,fever,1,5,0.08334572519108684,0.2824172510940479,0.6342370237148653,0.0,0.3,0.7,0.5995357629514806
fever_211798,fever,0,5,0.02465161243810416,0.16483045777695898,0.8105179297849368,0.0,0.1,0.9,0.5700894226694273
fever_28911,fever,0,5,0.17376371923017958,0.2605421595647365,0.5656941212050838,0.2,0.1,0.7,0.5433892201672783
fever_111414,fever,0,5,0.08297748556461818,0.5701647883864828,0.346857726048899,0.0,0.6,0.4,0.7435936514109323
fever_165890,fever,0,5,0.04517360822901028,0.8349320599541924,0.11989433181679732,0.0,1.0,0.0,0.894879225862591
fever_180581,fever,1,5,0.24485461973173014,0.1944447092755111,0.5607006709927589,0.3,0.0,0.7,0.47479504477189055
fever_185772,fever,0,5,0.06212096810926181,0.04905733371135499,0.8888216981793832,0.0,0.0,1.0,0.4934681828010466
fever_97036,fever,0,5,0.0008703830732389577,0.8848005698079042,0.11432904711885675,0.0,1.0,0.0,0.9419650933673326
fever_88107,fever,0,5,0.40202607390537004,0.07590418601103358,0.5220697400835964,0.4,0.0,0.6,0.3369390560528318
fever_218372,fever,0,5,0.11718247809675168,0.3885554188146497,0.49426210308859864,0.1,0.4,0.5,0.6356864703589491
fever_154719,fever,0,5,0.1601596186769617,0.13416113771519717,0.7056792436078411,0.1,0.2,0.7,0.4870007595191177
fever_172485,fever,0,5,0.16854115217711216,0.6121887769321962,0.21927007089069167,0.1,0.9,0.0,0.721823812377542
fever_175865,fever,0,5,0.022896912919017735,0.7069014262177203,0.2702016608632619,0.0,0.8,0.2,0.8420022566493512
fever_121994,fever,0,5,0.02095474721483933,0.35923432619516615,0.6198109265899945,0.0,0.3,0.7,0.6691397894901634
fever_16646,fever,0,5,0.24935040673936898,0.05730002433185331,0.6933495689287776,0.2,0.0,0.8,0.40397480879624215
fever_75210,fever,1,5,0.4590032850048276,0.10990853600012049,0.4310881789950519,0.4,0.0,0.6,0.3254526254976464
fever_112877,fever,1,5,0.007202771769306904,0.657011279685486,0.33578594854520716,0.0,0.6,0.4,0.8249042539580895
fever_30640,fever,0,5,0.04341084070566918,0.3541742535330669,0.602414905761264,0.0,0.3,0.7,0.6553817064136989
fever_111717,fever,1,5,0.07270302117968132,0.025632933009651655,0.901664045810667,0.0,0.0,1.0,0.4764649559149851
fever_42026,fever,1,5,0.09216057756696712,0.44793686192349663,0.45990256050953615,0.0,0.6,0.4,0.6778881421782648
fever_35291,fever,1,5,0.20748641474632956,0.01532096357147437,0.777192621682196,0.2,0.0,0.8,0.4039172744125724
fever_137370,fever,1,5,0.25304385536700796,0.005811992726236499,0.7411441519067555,0.0,0.0,1.0,0.37638406867961427
fever_85175,fever,1,5,0.013032921494306229,0.5287448475451336,0.45822223096056014,0.0,0.4,0.6,0.7578559630254137
fever_154659,fever,1,5,0.17444063239313579,0.37856637998640547,0.44699298762045875,0.1,0.3,0.6,0.6020628737966348
fever_111060,fever,0,5,0.23454238161367896,0.03566443471669176,0.7297931836696294,0.2,0.0,0.8,0.4005610265515065
fever_97307,fever,1,5,0.15361095951322423,0.20076182915488533,0.6456272113318904,0.0,0.1,0.9,0.5235754348208306
fever_185188,fever,1,5,0.021641311176586256,0.4367533090904866,0.5416053797329272,0.0,0.4,0.6,0.7075559989569502
fever_49836,fever,1,5,0.23829491282018966,0.004783482834511058,0.7569216043452993,0.2,0.0,0.8,0.38324428500716073
fever_109293,fever,1,5,0.0745128202626769,0.2679443895877293,0.6575427901495938,0.0,0.1,0.9,0.5967157846625262
fever_160345,fever,0,5,0.22006041856862968,0.19153156311153777,0.5884080183198326,0.2,0.1,0.7,0.48573557227145403
fever_66940,fever,0,5,0.14020983511026905,0.2967850330520263,0.5630051318377046,0.0,0.3,0.7,0.5782875989708787
fever_168636,fever,0,5,0.020796141114915723,0.6778253208081982,0.3013785380768861,0.0,0.7,0.3,0.8285145898466413
fever_104386,fever,1,5,0.17856479595576577,0.2296089955142809,0.5918262085299533,0.1,0.2,0.7,0.5255220997792576
fever_149130,fever,1,5,0.11351486627003615,0.5983655235008921,0.2881196102290716,0.0,0.7,0.3,0.7424253286154279
fever_192788,fever,1,5,0.5210168553854138,0.027155423994618805,0.45182772061996745,0.6,0.0,0.4,0.2530692843046025
fever_169319,fever,0,5,0.012364604316165198,0.6704851080853655,0.31715028759846925,0.0,0.7,0.3,0.8290602518846002
fever_223220,fever,0,5,0.24432423441305673,0.32326526998978206,0.4324104955971612,0.4,0.2,0.4,0.5394705177883626
fever_165244,fever,0,5,0.27366302789105906,0.14601248806872053,0.5803244840402203,0.4,0.1,0.5,0.4361747300888307
fever_192044,fever,0,5,0.19438949651424065,0.012081772550278922,0.7935287309354805,0.1,0.0,0.9,0.40884613801801917
fever_85066,fever,1,5,0.353840594165119,0.13369947205758975,0.5124599337772913,0.4,0.1,0.5,0.3899294389462354
fever_43776,fever,1,5,0.20223953106145362,0.08538881722289351,0.7123716517156529,0.0,0.1,0.9,0.4415746430807199
fever_140391,fever,0,5,0.043147019249804644,0.5099769868782589,0.4468759938719364,0.0,0.5,0.5,0.7334149838142271
fever_197345,fever,0,5,0.33479370461920216,0.014997102352110356,0.6502091930286873,0.3,0.0,0.7,0.340101698866454
fever_5488,fever,0,5,0.14993184564305123,0.2930735997995453,0.5569945545574033,0.1,0.3,0.6,0.5715708770782469
fever_41980,fever,0,5,0.22468361751164095,0.20346209324826375,0.5718542892400953,0.1,0.2,0.7,0.4893892378683114
fever_137813,fever,1,5,0.012975241114836836,0.1928820445877812,0.794142714297382,0.0,0.1,0.9,0.5899534017364723
fever_186599,fever,0,5,0.36524183401971044,0.41679379175873443,0.2179643742215552,0.4,0.6,0.0,0.525775978869512
fever_24659,fever,0,5,0.18441792287055142,0.15464297928652387,0.6609390978429246,0.0,0.1,0.9,0.48511252820798617
fever_198432,fever,0,5,0.33896273904452046,0.08365364972898756,0.5773836112264921,0.4,0.0,0.6,0.3723454553422336
fever_166640,fever,1,5,0.1375945258877868,0.5861337940329518,0.27627168007926145,0.0,0.7,0.3,0.7242696340725826
fever_164897,fever,0,5,0.3166149521374092,0.013915431400422071,0.6694696164621687,0.3,0.0,0.7,0.34865023963150643
fever_208438,fever,0,5,0.22884807307006194,0.41402152748148574,0.35713039944845215,0.0,0.5,0.5,0.5925867272057118
fever_79644,fever,1,5,0.5715677845247363,0.05284875277002713,0.3755834627052365,0.8,0.0,0.2,0.24064048412264538
fever_168041,fever,1,5,0.03350900996242532,0.41300267049973105,0.5534883195378436,0.0,0.3,0.7,0.6897468302686529
fever_63631,fever,1,5,0.17734257941889578,0.3680280954827493,0.4546293250983551,0.1,0.4,0.5,0.5953427580319268
fever_7336,fever,1,5,0.13153440789775764,0.0023710326378747764,0.8660945594643676,0.1,0.0,0.9,0.4354183123700586
fever_66812,fever,1,5,0.017686443224643723,0.1991461413691224,0.7831674154062338,0.0,0.1,0.9,0.5907298490722392
fever_218249,fever,1,5,0.16486961888308352,0.34802182287532174,0.4871085582415947,0.1,0.4,0.5,0.5915761019961191
fever_116103,fever,0,5,0.021919633483384278,0.11582504681279779,0.862255319703818,0.0,0.0,1.0,0.5469527066647067
fever_171500,fever,0,5,0.07722707950425098,0.2674464032257166,0.6553265172700324,0.0,0.3,0.7,0.5951096618607328
fever_55468,fever,0,5,0.14560370062184247,0.3261084650456032,0.5282878343325542,0.2,0.4,0.4,0.5902523822118804
fever_129026,fever,1,5,0.26783812369319837,0.10194478229953541,0.6302170940072662,0.2,0.0,0.8,0.4170533293031685
fever_113297,fever,0,5,0.029403362788748794,0.746215732988089,0.22438090422316237,0.0,0.8,0.2,0.8584061850996701
fever_179832,fever,0,5,0.024359309198491462,0.5421251545753532,0.43351553622615546,0.0,0.5,0.5,0.7588829226884308
fever_6684,fever,0,5,0.0684148098733085,0.41234601468011894,0.5192391754465725,0.0,0.3,0.7,0.6719656024034052
fever_155955,fever,0,5,0.4697893996593939,0.09132615297326885,0.43888444736733734,0.4,0.1,0.5,0.3107683766569375
fever_160795,fever,0,5,0.07906729052480807,0.3400175591827347,0.5809151502924571,0.0,0.3,0.7,0.6304751343289632
fever_38750,fever,1,5,0.09540580305025327,0.3436759671755809,0.5609182297741657,0.1,0.2,0.7,0.6241350820626638
fever_192759,fever,1,5,0.015154217781306606,0.3535435792011262,0.6313022030175672,0.0,0.4,0.6,0.6691946807099098
fever_38267,fever,1,5,0.11300076237314963,0.23292902626451656,0.654070211362334,0.0,0.0,1.0,0.5599641319456836
fever_3337,fever,0,5,0.06175403220028042,0.39625568597192184,0.5419902818277978,0.0,0.4,0.6,0.6672508268858208
fever_224557,fever,0,5,0.1992290548869255,0.04789858006195047,0.7528723650511241,0.0,0.0,1.0,0.4243347625875125
fever_195040,fever,0,5,0.10545464272292523,0.37724308183233435,0.5173022754447404,0.0,0.4,0.6,0.6358942195547046
fever_183415,fever,0,5,0.46140731694005427,0.024685243522927093,0.5139074395370186,0.6,0.0,0.4,0.2816389632914364
fever_187213,fever,0,5,0.10868296064666993,0.7496477615985463,0.1416692777547837,0.0,0.9,0.1,0.8204824004759381
fever_124862,fever,1,5,0.22091970417340034,0.07798305369336703,0.7010972421332327,0.1,0.0,0.9,0.4285316747599833
fever_87793,fever,1,5,0.4296919301689151,0.01895735041144067,0.5513507194196443,0.6,0.0,0.4,0.2946327101212628
fever_37202,fever,1,5,0.24623109335283772,0.09320126924193932,0.660567637405223,0.3,0.0,0.7,0.4234850879445508
fever_137360,fever,0,5,0.18920032042437004,0.2240923635333388,0.586707316042291,0.3,0.1,0.6,0.5174460215544843
fever_125010,fever,0,5,0.19074390695252152,0.0905699007554006,0.718686192292078,0.1,0.0,0.9,0.4499129969014396
fever_175633,fever,1,5,0.021044004292909358,0.6841040517831133,0.29485194392397723,0.0,0.7,0.3,0.8315300237451019
fever_124986,fever,1,5,0.19754025669894326,0.05067493842500102,0.7517848048760557,0.1,0.0,0.9,0.4265673408630289
fever_90615,fever,1,5,0.20299725971586632,0.10206101466044641,0.6949417256236872,0.1,0.0,0.9,0.44953187747229
fever_112757,fever,1,5,0.012276364299663162,0.5334196765085769,0.45430395919176,0.0,0.5,0.5,0.7605716561044569
fever_183416,fever,0,5,0.6356773135058089,0.15520969341673285,0.2091129930774583,0.9,0.0,0.1,0.25976618995546197
fever_101322,fever,1,5,0.40422170961585485,0.024377726162634603,0.5714005642215106,0.3,0.0,0.7,0.31007800827338994
fever_215497,fever,1,5,0.06942298899325243,0.4796145959864136,0.450962415020334,0.0,0.4,0.6,0.7050958034965806
fever_159689,fever,0,5,0.23126537448605894,0.3144633958960755,0.4542712296178655,0.1,0.4,0.5,0.5415990107050083
fever_147260,fever,1,5,0.20968820663241927,0.1462630752821012,0.6440487180854795,0.0,0.1,0.9,0.46828743432484093
fever_165121,fever,0,5,0.3667211940877536,0.13713547103975102,0.4961433348724954,0.2,0.1,0.7,0.38520713847599874
fever_183459,fever,0,5,0.051193383498419676,0.22432530115229682,0.7244813153492835,0.0,0.1,0.9,0.5865659588269385
fever_129932,fever,0,5,0.33825511507711326,0.23121013827774659,0.43053474664514013,0.2,0.2,0.6,0.4464775116003167
fever_205095,fever,1,5,0.10605340887699014,0.6822845338582056,0.21166205726480425,0.0,0.8,0.2,0.7881155624906078
fever_99800,fever,0,5,0.029386446668983497,0.31383548893497143,0.6567780643960451,0.0,0.4,0.6,0.642224521132994
fever_33009,fever,0,5,0.22180375608062675,0.258469926733138,0.5197263171862352,0.2,0.1,0.7,0.5183330853262555
fever_177533,fever,1,5,0.21069941951983712,0.35712666476980826,0.4321739157103547,0.2,0.3,0.5,0.5732136226249855
fever_132620,fever,0,5,0.15014628805913174,0.10511882036498044,0.7447348915758878,0.0,0.0,1.0,0.47748626615292433
fever_218362,fever,0,5,0.13309732838155003,0.07244227574750979,0.7944603958709402,0.0,0.0,1.0,0.4696724736829799
fever_141188,fever,1,5,0.10605422618035068,0.29044281846673264,0.6035029553529168,0.0,0.4,0.6,0.592194296143191
fever_29113,fever,1,5,0.29297310909831326,0.09961993527851289,0.6074069556231739,0.1,0.1,0.8,0.40332341309009984
fever_89908,fever,0,5,0.048493004308349484,0.09490057951838307,0.8566064161732674,0.0,0.1,0.9,0.5232037876050167
fever_67529,fever,0,5,0.5651431659950665,0.02858982476119084,0.40626700924374265,0.6,0.0,0.4,0.23172332938306217
fever_216791,fever,1,5,0.4051913236350533,0.12019119380579824,0.4746174825591485,0.5,0.1,0.4,0.3574999350853725
fever_125695,fever,1,5,0.3308909168464929,0.14619196376675364,0.5229171193867534,0.2,0.0,0.8,0.40765052346013037
fever_11346,fever,0,5,0.05839732454315324,0.21373507452777601,0.7278676009290709,0.0,0.1,0.9,0.5776688749923115
fever_100366,fever,1,5,0.18840624131530387,0.008418654924348762,0.8031751037603472,0.1,0.0,0.9,0.4100062068045224
fever_53097,fever,0,5,0.19846685903887415,0.05360766438927047,0.7479254765718555,0.1,0.0,0.9,0.4275704026751982
fever_44347,fever,1,5,0.042755292006431564,0.7461368795776417,0.21110782841592673,0.0,1.0,0.0,0.8516907937856051
fever_216352,fever,0,5,0.07562520271230452,0.047489159554296466,0.8768856377333989,0.0,0.0,1.0,0.4859319784209959
fever_185426,fever,1,5,0.01597988572144079,0.43831793116252343,0.5457021831160358,0.0,0.4,0.6,0.7111690227205414
fever_194362,fever,0,5,0.12112099848101279,0.10907635029975145,0.7698026512192357,0.0,0.0,1.0,0.4939776759093693
fever_219155,fever,1,5,0.30893511006562024,0.10011026634469011,0.5909546235896898,0.2,0.0,0.8,0.395587578139535
fever_203997,fever,0,5,0.06133592450476053,0.5875829264587928,0.35108114903644677,0.0,0.7,0.3,0.7631235009770162
fever_26886,fever,0,5,0.14100781478428184,0.13817504886950183,0.7208171363462164,0.1,0.0,0.9,0.49858361704261
fever_138023,fever,0,5,0.24741155439095822,0.07912682915999894,0.6734616164490428,0.1,0.1,0.8,0.4158576373845203
fever_164411,fever,1,5,0.06471997235094398,0.5219365594285196,0.41334346822053647,0.0,0.4,0.6,0.7286082935387879
fever_198427,fever,0,5,0.05375332263865438,0.2942214187780616,0.6520252585832841,0.0,0.3,0.7,0.6202340480697037
fever_23588,fever,0,5,0.18812145273194422,0.2595638015172697,0.5523147457507861,0.1,0.3,0.6,0.5357211743926628
fever_59266,fever,0,5,0.4496419812072359,0.023342805021466018,0.5270152137712981,0.4,0.0,0.6,0.2868504119071151
fever_4822,fever,0,5,0.08687086663052547,0.10420872926290721,0.8089204041065674,0.0,0.0,1.0,0.508668931316191
fever_41316,fever,0,5,0.07641951715183268,0.4095451933313031,0.5140352895168643,0.0,0.5,0.5,0.6665628380897353
fever_66845,fever,0,5,0.20929979377928412,0.10356425836825205,0.6871359478524639,0.1,0.0,0.9,0.447132232294484
fever_88082,fever,1,5,0.35896475678334205,0.019566216739285283,0.6214690264773727,0.3,0.0,0.7,0.3303007299779716
fever_207010,fever,1,5,0.015090013215563918,0.6791773271882787,0.3057326595961573,0.0,0.7,0.3,0.8320436569863574
fever_86568,fever,1,5,0.1419484023339895,0.09366899197956254,0.7643826056864479,0.0,0.0,1.0,0.47586029482278647
fever_160927,fever,1,5,0.10273587025377226,0.5082950190665755,0.3889691106796523,0.0,0.5,0.5,0.7027795744064016
fever_127981,fever,0,5,0.06450336336199457,0.7542980599771795,0.18119857666082598,0.1,0.9,0.0,0.8448973483075924
fever_53676,fever,0,5,0.08260358900430101,0.516346267945257,0.401050143050442,0.0,0.4,0.6,0.716871339470478
fever_88619,fever,0,5,0.0578282613349899,0.19809507492659748,0.7440766637384126,0.0,0.2,0.8,0.5701334067958038
fever_110672,fever,1,5,0.3802188441444969,0.09790094883665476,0.5218802070188483,0.4,0.0,0.6,0.3588410523460789
fever_68973,fever,0,5,0.18199068861225065,0.39561349915783206,0.4223958122299173,0.1,0.4,0.5,0.6068114052727906
fever_120046,fever,1,5,0.3560059071714707,0.06976028103379495,0.5742338117947343,0.3,0.0,0.7,0.3568771869311621
fever_139174,fever,1,5,0.7145981912363257,0.06567332319349706,0.21972848557017718,1.0,0.0,0.0,0.17553756597858566
fever_150614,fever,0,5,0.08536592130953632,0.597199040046692,0.3174350386437717,0.0,0.8,0.2,0.7559165593685778
fever_68610,fever,0,5,0.0038915503957941745,0.7231743534253547,0.2729340961788511,0.0,0.7,0.3,0.8596414015147803
fever_155865,fever,0,5,0.029380155121061548,0.4727737616288863,0.4978460832500522,0.0,0.3,0.7,0.7216968032539124
fever_148735,fever,0,5,0.1636913806660268,0.27195680990098997,0.5643518094329831,0.1,0.2,0.7,0.5541327146174815
fever_38944,fever,0,5,0.00681653733773888,0.4050740189101729,0.5881094437520881,0.0,0.4,0.6,0.699128740786217
fever_48514,fever,1,5,0.054581141083298604,0.2240047743305556,0.7214140845861458,0.0,0.2,0.8,0.5847118166236285
fever_142899,fever,1,5,0.3485998624517255,0.004034492425026412,0.6473656451232481,0.2,0.0,0.8,0.32771731498665047
fever_212768,fever,1,5,0.010590234164198447,0.36449622839472,0.6249135374410815,0.0,0.1,0.9,0.6769529971152608
fever_205065,fever,0,5,0.009109044336059373,0.5607674709085998,0.4301234847553408,0.0,0.6,0.4,0.7758292132862702
fever_178213,fever,0,5,0.004505061733614887,0.7117361323465157,0.28375880591986946,0.0,0.7,0.3,0.8536155353064504
fever_145956,fever,1,5,0.09540924952817731,0.717991717153718,0.18659903331810473,0.0,1.0,0.0,0.8112912338127704
fever_166474,fever,0,5,0.020884976657696435,0.4725873377543378,0.5065276855879658,0.0,0.6,0.4,0.7258511805483208
fever_29543,fever,0,5,0.25638692154389925,0.2262541322276191,0.5173589462284818,0.3,0.2,0.5,0.48493360534186
fever_130614,fever,1,5,0.027725154700690778,0.4317963953501918,0.5404784499491175,0.0,0.4,0.6,0.7020356203247506
fever_34180,fever,0,5,0.15004820865352878,0.4549476263792296,0.3950041649672417,0.2,0.5,0.3,0.6524497088628505
fever_192837,fever,0,5,0.01430489471766901,0.8681848587137576,0.11751024656857327,0.0,1.0,0.0,0.9269399819980443
fever_22724,fever,1,5,0.19525466455034948,0.28752593140429694,0.5172194040453537,0.1,0.3,0.6,0.5461356334269738
fever_23296,fever,0,5,0.18196772512457213,0.21560986653309402,0.6024224083423338,0.1,0.3,0.6,0.516821070704261
fever_78395,fever,0,5,0.023171427996620583,0.6866879639422911,0.2901406080610883,0.0,0.8,0.2,0.8317582679728353
fever_7183,fever,1,5,0.11093724015521766,0.2707419257561931,0.6183208340885892,0.0,0.3,0.7,0.5799023428004877
fever_182700,fever,0,5,0.0037518420835523703,0.5411819099277444,0.45506624798870315,0.0,0.6,0.4,0.768715033922096
fever_75838,fever,0,5,0.04467799270899967,0.4323971173289937,0.5229248899620066,0.0,0.4,0.6,0.693859562309997
fever_162881,fever,0,5,0.08143687761284554,0.050973260490903685,0.8675898618962508,0.0,0.0,1.0,0.48476819143902905
fever_192053,fever,1,5,0.00739453159378346,0.07441187795746382,0.9181935904487528,0.0,0.0,1.0,0.5335086731818403
fever_18542,fever,0,5,0.1382918955169711,0.24616828523842868,0.6155398192446002,0.1,0.0,0.9,0.5539381948607288
fever_40205,fever,0,5,0.13490031710233003,0.4555376407288286,0.4095620421688415,0.0,0.7,0.3,0.6603186618132493
fever_45018,fever,1,5,0.08907322511969358,0.4262218148518155,0.4847049600284909,0.1,0.5,0.4,0.6685742948660609
fever_99546,fever,1,5,0.10393934055005512,0.17886932147919002,0.7171913379707548,0.0,0.1,0.9,0.5374649904645674
fever_108162,fever,1,5,0.07422616366414134,0.017311838691210318,0.9084619976446484,0.0,0.0,1.0,0.47154283751353454
fever_225281,fever,0,5,0.15826839616336913,0.35866767650167275,0.48306392733495807,0.1,0.3,0.6,0.6001996401691518
fever_129780,fever,1,5,0.24503522004714623,0.29987460561362883,0.4550901743392249,0.4,0.3,0.3,0.5274196927832413
fever_8304,fever,1,5,0.175897798768807,0.436854204236664,0.387247996994529,0.1,0.4,0.5,0.6304782027339285
fever_159709,fever,0,5,0.25650331659908954,0.4810962057034498,0.2624004776974606,0.2,0.5,0.3,0.6122964445521801
fever_209088,fever,0,5,0.12471043935890688,0.4027333208486995,0.4725562397923936,0.1,0.4,0.5,0.6390114407448964
fever_198896,fever,0,5,0.3433017095619576,0.2057306321044597,0.45096765833358265,0.5,0.1,0.4,0.431214461271251
fever_157098,fever,1,5,0.4553434384522304,0.011279119597263333,0.5333774419505062,0.5,0.0,0.5,0.27796784057251644
fever_70208,fever,1,5,0.0903637827243382,0.44839891406964816,0.46123730320601364,0.0,0.5,0.5,0.6790175656726549
fever_142839,fever,1,5,0.402882132732101,0.1304532523331057,0.46666461493479333,0.4,0.1,0.5,0.36378555980050237
fever_84836,fever,1,5,0.03561966309485495,0.00453803439817,0.9598423025069749,0.0,0.0,1.0,0.48445918565165746
fever_2144,fever,0,5,0.11676136028642232,0.42023936592032385,0.4629992737932539,0.0,0.4,0.6,0.6517390028169507
fever_215130,fever,0,5,0.02486508143268131,0.23140156278574914,0.7437333557815695,0.0,0.0,1.0,0.603268240676534
fever_92128,fever,1,5,0.3243181563236115,0.15902506319634352,0.516656780480045,0.3,0.1,0.6,0.41735345343636604
fever_170953,fever,1,5,0.013046906935105448,0.8092016281957302,0.1777514648691644,0.0,1.0,0.0,0.8980773606303124
fever_207006,fever,1,5,0.22717012450704463,0.24315931321991385,0.5296705622730415,0.1,0.2,0.7,0.5079945943564346
fever_116715,fever,0,5,0.09232973729103104,0.5784524065855758,0.32921785612339305,0.0,0.6,0.4,0.7430613346472723
fever_8492,fever,0,5,0.026130072364062378,0.25933210487243785,0.7145378227634998,0.0,0.2,0.8,0.6166010162541877
fever_180730,fever,0,5,0.03413034933785364,0.430038500139995,0.5358311505221514,0.0,0.6,0.4,0.6979540754010707
fever_159324,fever,0,5,0.28579834771806634,0.06270193627614615,0.6514997160057876,0.2,0.0,0.8,0.38845179427904
fever_182268,fever,1,5,0.17922443565185348,0.0070585252254131954,0.8137170391227333,0.0,0.0,1.0,0.4139170447867798
fever_133797,fever,1,5,0.08384111448572965,0.2686536536224103,0.6475052318918599,0.0,0.2,0.8,0.5924062695683403
fever_161530,fever,0,5,0.2033581151196852,0.06688212358990142,0.7297597612904133,0.1,0.0,0.9,0.4317620042351081
fever_1934,fever,0,5,0.2055863984436801,0.07471718602758408,0.7196964155287359,0.1,0.0,0.9,0.434565393791952
fever_208420,fever,1,5,0.2683479522018611,0.3024305911800806,0.4292214566180583,0.2,0.3,0.5,0.5170413194891097
fever_77157,fever,1,5,0.05549856382524261,0.5782833244479375,0.3662181117268199,0.0,0.8,0.2,0.7613923803113475
fever_141370,fever,0,5,0.13192076736994113,0.4402465446110462,0.4278326880190126,0.1,0.4,0.5,0.6541628886205525
fever_173725,fever,0,5,0.0038566252588148825,0.9329386085490313,0.06320476619215383,0.0,1.0,0.0,0.9645409916451082
fever_49125,fever,1,5,0.025225032353137757,0.46249113486801213,0.5122838327788501,0.0,0.4,0.6,0.7186330512574373
fever_50948,fever,1,5,0.03340719557898544,0.4980760771639613,0.4685167272570533,0.0,0.5,0.5,0.7323344407924879
fever_166383,fever,1,5,0.16743833340084247,0.056817404407217706,0.7757442621919399,0.0,0.0,1.0,0.4446895355031877
fever_85881,fever,1,5,0.13982087696886686,0.2735172361368257,0.5866618868943074,0.0,0.3,0.7,0.5668481795839795
fever_91114,fever,1,5,0.008937795317653274,0.630212344272589,0.36084986040975775,0.0,0.7,0.3,0.8106372744774679
fever_117192,fever,1,5,0.07882579868227393,0.07013495785751962,0.8510392434602064,0.0,0.0,1.0,0.4956545795876228
fever_86738,fever,1,5,0.07817500987855132,0.23823835613334374,0.6835866339881049,0.0,0.3,0.7,0.5800316731273962
fever_226445,fever,0,5,0.07277700952506153,0.2017913496304326,0.7254316408445058,0.0,0.0,1.0,0.5645071700526856
fever_147207,fever,1,5,0.15471693533487957,0.16666185935415495,0.6786212053109655,0.1,0.0,0.9,0.5059724620096377
fever_226136,fever,0,5,0.24996855823500672,0.33066215462950455,0.4193692871354887,0.1,0.4,0.5,0.540346798197249
fever_205107,fever,1,5,0.2742619686687587,0.10730678269741956,0.6184312486338218,0.1,0.0,0.9,0.41652240701433046
fever_107589,fever,0,5,0.00800018823107298,0.10310176642188325,0.8888980453470439,0.0,0.1,0.9,0.5475507890954052
fever_105896,fever,0,5,0.15127169088722886,0.09399400285860718,0.7547343062541639,0.1,0.0,0.9,0.4713611559856892
fever_181271,fever,1,5,0.19643896597276783,0.2524863294308065,0.5510747045964257,0.1,0.2,0.7,0.5280236817290194
fever_34156,fever,0,5,0.11948792584504246,0.2453318747299539,0.6351801994250036,0.0,0.3,0.7,0.5629219744424557
fever_122887,fever,1,5,0.12192324666251483,0.19337648847242894,0.6847002648650562,0.0,0.1,0.9,0.535726620904957
fever_161556,fever,1,5,0.04093098428101012,0.14211773203582317,0.8169512836831666,0.0,0.0,1.0,0.5505933738774065
fever_139090,fever,1,5,0.26249092569934845,0.22309020999336937,0.5144188643072822,0.2,0.2,0.6,0.4802996421470105
fever_129729,fever,1,5,0.17688442297530044,0.302093076044942,0.5210225009797577,0.0,0.2,0.8,0.5626043265348208
fever_11414,fever,0,5,0.22392010309290938,0.07395921060591602,0.7021206863011746,0.1,0.0,0.9,0.42501955375650335
fever_18574,fever,0,5,0.14319784833655244,0.5438736197576752,0.3129285319057723,0.1,0.6,0.3,0.7003378857105613
fever_145624,fever,1,5,0.2651290690520104,0.028489102914537972,0.7063818280334517,0.1,0.0,0.9,0.38168001693126385
fever_191439,fever,1,5,0.07056762556743942,0.2823611932348201,0.6470711811977404,0.1,0.2,0.7,0.6058967838336904
fever_222896,fever,0,5,0.21737056255210607,0.391523538486821,0.39110589896107295,0.3,0.4,0.3,0.5870764879673575
fever_119212,fever,0,5,0.10479921648859529,0.49365935118762305,0.4015414323237817,0.1,0.5,0.4,0.6944300673495138
fever_34353,fever,1,5,0.21778690271410645,0.17130997975883827,0.6109031175270553,0.2,0.0,0.8,0.4767615385223659
fever_160764,fever,0,5,0.20432535841172514,0.1687989145371312,0.6268757270511437,0.0,0.1,0.9,0.48223677806270304
fever_202930,fever,1,5,0.35976686357862453,0.019671539095825804,0.6205615973255497,0.0,0.0,1.0,0.32995233775860067
fever_168923,fever,0,5,0.013620567555925538,0.09302022839863602,0.8933592040454383,0.0,0.0,1.0,0.5396998304213552
fever_205126,fever,0,5,0.18628903094528676,0.18493144300847714,0.6287795260462361,0.1,0.0,0.9,0.4993212060315952
fever_76307,fever,0,5,0.26743460226352267,0.1186150527935469,0.6139503449429304,0.3,0.1,0.6,0.4255902252650121
fever_215477,fever,1,5,0.4377057469855791,0.12097429700960963,0.44131995600481133,0.4,0.0,0.6,0.34163427501201526
fever_15913,fever,0,5,0.06802589218642505,0.3572262645474355,0.5747478432661395,0.0,0.4,0.6,0.6446001861805053
fever_65511,fever,0,5,0.0037626004315418162,0.8200535547117976,0.1761838448566605,0.0,1.0,0.0,0.9081454771401278
fever_89014,fever,1,5,0.004574184988108665,0.2203630771911497,0.7750627378207418,0.0,0.2,0.8,0.6078944461015205
fever_205092,fever,1,5,0.3746476008307815,0.10131014582980377,0.5240422533394147,0.4,0.0,0.6,0.36333127249951114
fever_69655,fever,1,5,0.2052989174802024,0.08321958375123045,0.7114814987685671,0.2,0.0,0.8,0.438960333135514
fever_74163,fever,1,5,0.12105748247196671,0.1154333897048712,0.763509127823162,0.1,0.0,0.9,0.49718795361645224
fever_201457,fever,0,5,0.03882478181411422,0.05246002991466818,0.9087151882712176,0.0,0.0,1.0,0.506817624050277
fever_216399,fever,1,5,0.03993516781826369,0.3888168433331899,0.5712479888485463,0.0,0.4,0.6,0.6744408377574631
fever_76126,fever,1,5,0.16824835445106748,0.18483564231102206,0.6469160032379104,0.0,0.1,0.9,0.5082936439299772
fever_135951,fever,1,5,0.21337129839971541,0.2478092184538554,0.5388194831464292,0.1,0.3,0.6,0.51721896002707
fever_180717,fever,1,5,0.20499417198982686,0.18310043856122799,0.611905389448945,0.1,0.1,0.8,0.4890531332857005
fever_111850,fever,1,5,0.05288480374146565,0.30002309829236806,0.6470920979661663,0.0,0.3,0.7,0.6235691472754512
fever_171901,fever,1,5,0.2988138399662753,0.12174015906256641,0.5794460009711583,0.1,0.1,0.8,0.41146315954814555
fever_48048,fever,1,5,0.13840268600803124,0.1660512267326501,0.6955460872593187,0.0,0.0,1.0,0.5138242703623095
fever_42922,fever,0,5,0.06286955949521039,0.9075637831787147,0.02956665732607488,0.1,0.9,0.0,0.9223471118417521
fever_124817,fever,1,5,0.022493470954200255,0.3150210933958063,0.6624854356499934,0.0,0.1,0.9,0.646263811220803
fever_117699,fever,0,5,0.012105844965462373,0.38715478836148337,0.6007393666730543,0.0,0.3,0.7,0.6875244716980105
fever_106478,fever,1,5,0.48350664760669204,0.02774309822986453,0.4887502541634435,0.4,0.0,0.6,0.27211822531158625
fever_69354,fever,1,5,0.134527220366902,0.1594305751586274,0.7060422044744706,0.0,0.0,1.0,0.5124516773958627
fever_62835,fever,1,5,0.05825764094329731,0.3344142358704735,0.6073281231862291,0.0,0.2,0.8,0.638078297463588
fever_142717,fever,0,5,0.10912692775925606,0.18514024349317504,0.7057328287475689,0.0,0.1,0.9,0.5380066578669596
fever_218479,fever,0,5,0.04406907156314074,0.6539717175904772,0.30195921084638205,0.0,0.9,0.1,0.8049513230136682
fever_205121,fever,1,5,0.316447038295822,0.20941440849413984,0.47413855321003817,0.2,0.1,0.7,0.4464836850991589
fever_157640,fever,0,5,0.2936997741576775,0.13578696255625008,0.5705132632860724,0.2,0.1,0.7,0.4210435941992863
fever_50923,fever,0,5,0.19898946416297297,0.5207702524989668,0.2802402833380602,0.1,0.6,0.3,0.6608903941679969
fever_166919,fever,0,5,0.12340728836902363,0.03033353342517866,0.8462591782057978,0.0,0.0,1.0,0.4534631225280775
fever_123189,fever,1,5,0.15837075202048345,0.27100277750157764,0.570626470477939,0.1,0.1,0.8,0.5563160127405471
fever_43974,fever,1,5,0.23583813173468965,0.22696137119647702,0.5372004970688333,0.3,0.2,0.5,0.4955616197308937
fever_50198,fever,1,5,0.24632791241924284,0.034617504666434804,0.7190545829143223,0.1,0.0,0.9,0.394144796123596
fever_22861,fever,1,5,0.23686038349536925,0.008404445881348806,0.7547351706232821,0.1,0.0,0.9,0.38577203119298986
fever_185194,fever,0,5,0.06465096871491773,0.6958425449146809,0.23950648637040145,0.0,0.7,0.3,0.8155957880998816
fever_166940,fever,0,5,0.005523539963236495,0.5237530698978855,0.4707233901388781,0.0,0.6,0.4,0.7591147649673246
fever_53147,fever,0,5,0.29700567108720266,0.1370312621582939,0.5659630667545035,0.2,0.0,0.8,0.4200127955355456
fever_169317,fever,0,5,0.13873128479431557,0.4566924119871768,0.4045763032185078,0.1,0.5,0.4,0.6589805635964308
fever_77435,fever,1,5,0.23870963938793605,0.054346728520465085,0.7069436320915988,0.1,0.0,0.9,0.4078185445662645
fever_69892,fever,0,5,0.025229409651199387,0.6939733354960118,0.28079725485278867,0.0,0.9,0.1,0.8343719629224061
fever_130220,fever,1,5,0.11887665963401635,0.4086739026962441,0.47244943766973957,0.0,0.4,0.6,0.6448986215311139
fever_132225,fever,1,5,0.28964193615028166,0.16865204991929583,0.5417060139304226,0.2,0.0,0.8,0.43950505688450714
fever_67950,fever,1,5,0.18379127127011893,0.198577801234945,0.6176309274949361,0.0,0.2,0.8,0.5073932649824131
fever_226092,fever,0,5,0.0643554601250831,0.6481382873394574,0.2875062525354595,0.0,0.9,0.1,0.7918914136071872
fever_132447,fever,1,5,0.45376006539376845,0.17710532363356032,0.3691346109726713,0.5,0.1,0.4,0.36167262911989595
fever_36425,fever,0,5,0.05490282152713927,0.546045405995516,0.3990517724773447,0.0,0.5,0.5,0.7455712922341884
fever_98786,fever,0,5,0.027099461568048135,0.3983692938326128,0.574531244599339,0.0,0.3,0.7,0.6856349161322823
fever_74507,fever,1,5,0.21680109871377687,0.28693171695163705,0.4962671843345861,0.1,0.3,0.6,0.5350653091189301
fever_165864,fever,0,5,0.04086796895592428,0.44993162153319977,0.5092004095108759,0.0,0.4,0.6,0.7045318262886378
fever_151680,fever,0,5,0.11274669111844023,0.15086238104697475,0.736390927834585,0.0,0.1,0.9,0.5190578449642673
fever_112986,fever,1,5,0.08972971313585426,0.5378119730329377,0.372458313831208,0.1,0.5,0.4,0.7240411299485416
fever_23381,fever,1,5,0.16466412485894116,0.12070139249656191,0.714634482644497,0.0,0.0,1.0,0.47801863381881043
fever_71986,fever,1,5,0.26448420997019056,0.5727960144698445,0.1627197755599649,0.2,0.7,0.1,0.654155902249827
fever_92807,fever,1,5,0.013531016968756176,0.8050125909764562,0.18145639205478759,0.0,1.0,0.0,0.89574078700385
fever_71368,fever,1,5,0.04754811987806503,0.05878100151428345,0.8936708786076515,0.0,0.0,1.0,0.5056164408181092
fever_217658,fever,0,5,0.17404630679872793,0.36591297508262716,0.46004071811864494,0.1,0.2,0.7,0.5959333341419496
fever_50223,fever,1,5,0.11148264677196033,0.14338921236671817,0.7451281408613216,0.0,0.1,0.9,0.515953282797379
fever_4134,fever,0,5,0.18605393651279106,0.20619615531305677,0.6077499081741522,0.2,0.2,0.6,0.5100711094001329
fever_26340,fever,0,5,0.2913520338210315,0.15235395864647744,0.556294007532491,0.2,0.1,0.7,0.43050096241272295
fever_195057,fever,0,5,0.048834312106194815,0.6654083132077792,0.28575737468602613,0.0,0.8,0.2,0.8082870005507923
fever_172776,fever,1,5,0.06248593870156784,0.5742940302507795,0.36322003104765266,0.0,0.8,0.2,0.7559040457746058
fever_84694,fever,1,5,0.015725201080252712,0.5607466556272857,0.4235281432924617,0.0,0.7,0.3,0.7725107272735166
fever_102745,fever,1,5,0.2693399279721998,0.3687878878523018,0.3618721841754984,0.2,0.4,0.4,0.5497239799400511
fever_80054,fever,1,5,0.31636294187357994,0.2615143053724519,0.4221227527539682,0.3,0.3,0.4,0.472575681749436
fever_14019,fever,1,5,0.017429510712793875,0.33406222620891135,0.6485082630782947,0.0,0.4,0.6,0.6583163577480586
fever_144309,fever,0,5,0.054730590483850705,0.3321596703879562,0.613109739128193,0.0,0.2,0.8,0.6387145399520526
fever_37097,fever,0,5,0.1701719263724585,0.039476669044713156,0.7903514045828283,0.1,0.0,0.9,0.4346523713361273
fever_212035,fever,0,5,0.15456698497010826,0.010186888307463412,0.8352461267224282,0.0,0.0,1.0,0.42780995166867747
fever_100204,fever,1,5,0.009828808827555305,0.6120095812061713,0.37816160996627335,0.0,0.8,0.2,0.801090386189308
fever_213948,fever,1,5,0.01109270759290194,0.966893046762701,0.022014245644397044,0.0,1.0,0.0,0.9779001695848996
fever_137267,fever,1,5,0.09415992710139373,0.1377681055136914,0.7680719673849149,0.0,0.0,1.0,0.5218040892061488
fever_119940,fever,1,5,0.04277317130020781,0.5420157290676,0.4152110996321922,0.0,0.5,0.5,0.7496212788836961
fever_158306,fever,0,5,0.22712372690240307,0.0031572577147634313,0.7697190153828334,0.0,0.0,1.0,0.38801676540618013
fever_165896,fever,0,5,0.07338742968185805,0.6334625640490852,0.29315000626905685,0.0,0.6,0.4,0.7800375671836136
fever_126509,fever,0,5,0.22099918591683188,0.27960017426559425,0.4994006398175738,0.2,0.3,0.5,0.5293004941743812
fever_112573,fever,0,5,0.22367088789158296,0.2979937340226572,0.4783353780857598,0.2,0.3,0.5,0.5371614230655372
fever_186590,fever,0,5,0.06410249795250053,0.5512143885697567,0.38468311347774276,0.0,0.8,0.2,0.743555945308628
fever_128297,fever,1,5,0.693284881473738,0.08216196405259496,0.22455315447366705,0.9,0.0,0.1,0.1944385412894285
fever_26332,fever,1,5,0.0331671675002511,0.5051357265701267,0.46169710592962215,0.0,0.4,0.6,0.7359842795349378
fever_48183,fever,0,5,0.16326618739805177,0.003285753594799319,0.8334480590071489,0.1,0.0,0.9,0.4200097830983738
fever_45829,fever,1,5,0.11487128105768103,0.1474892720889688,0.7376394468533501,0.0,0.1,0.9,0.5163089955156439
fever_134854,fever,0,5,0.0656277675794761,0.3339839108744376,0.6003883215460863,0.0,0.2,0.8,0.6341780716474807
fever_211027,fever,1,5,0.15683288587568994,0.11542466528384177,0.7277424488404682,0.1,0.0,0.9,0.4792958897040759
fever_37159,fever,0,5,0.36128067672362735,0.12863958176846949,0.5100797415079031,0.2,0.0,0.8,0.3836794525224211
fever_156057,fever,0,5,0.08984647247168105,0.4168953848738994,0.49325814265441953,0.0,0.4,0.6,0.6635244562011091
fever_155837,fever,0,5,0.33896054082702015,0.10407300522782496,0.5569664539451549,0.4,0.1,0.5,0.3825562322004024
fever_10452,fever,0,5,0.2127408864534827,0.4388390588147571,0.34842005473176013,0.2,0.5,0.3,0.6130490861806371
fever_202439,fever,0,5,0.02014306566456187,0.06794199514114654,0.9119149391942916,0.0,0.0,1.0,0.5238994647382923
fever_144018,fever,0,5,0.05376155269460563,0.36457879614806576,0.5816596511573288,0.0,0.4,0.6,0.6554086217267301
fever_118806,fever,0,5,0.04782403295446754,0.46691298177193624,0.48526298527359624,0.0,0.4,0.6,0.7095444744087344
fever_70276,fever,0,5,0.25705683627544035,0.5614509590078568,0.18149220471670285,0.3,0.6,0.1,0.6521970613662083
fever_82859,fever,0,5,0.032958698009337,0.2590218703344823,0.7080194316561806,0.0,0.1,0.9,0.6130315861625726
fever_83454,fever,1,5,0.20301602392157508,0.376927547710161,0.4200564283682639,0.2,0.4,0.4,0.586955761894293
fever_213451,fever,1,5,0.0017308392679048234,0.5665016657962577,0.43176749493583755,0.0,0.6,0.4,0.7823854132641765
fever_153819,fever,1,5,0.21483482865696057,0.15623936056305482,0.6289258107799846,0.0,0.2,0.8,0.4707022659530471
fever_23846,fever,1,5,0.047191983343439915,0.6618089225024847,0.2909990941540754,0.0,0.9,0.1,0.8073084695795224
fever_8167,fever,1,5,0.13264446902181778,0.13126986784279535,0.7360856631353869,0.0,0.0,1.0,0.49931269941048884
fever_36828,fever,0,5,0.0801737169385968,0.0796546201714943,0.840171662889909,0.0,0.0,1.0,0.49974045161644876
fever_138500,fever,1,5,0.1962036334905578,0.22938210600689474,0.5744142605025473,0.1,0.1,0.8,0.5165892362581683
fever_78388,fever,0,5,0.06487381113480262,0.15310825393276478,0.7820179349324327,0.0,0.1,0.9,0.5441172213989811
fever_144809,fever,1,5,0.20490269724644242,0.07811326831534889,0.7169840344382086,0.1,0.1,0.8,0.43660528553445316
fever_52356,fever,1,5,0.17827586637282164,0.14177387191455998,0.6799502617126184,0.1,0.1,0.8,0.4817490027708692
fever_144509,fever,1,5,0.06470510501784828,0.21721467116512988,0.7180802238170219,0.0,0.1,0.9,0.5762547830736409
fever_211288,fever,1,5,0.07058437797748832,0.4684901792064786,0.4609254428160332,0.0,0.4,0.6,0.6989529006144952
fever_29746,fever,0,5,0.12889506138618273,0.34720728867388806,0.5238976499399293,0.0,0.3,0.7,0.6091561136438527
fever_32652,fever,1,5,0.16947766793801064,0.08522163925764452,0.7453006928043449,0.0,0.0,1.0,0.45787198565981696
fever_35365,fever,1,5,0.018670292052049484,0.7573526260099424,0.22397708193800825,0.0,0.9,0.1,0.8693411669789465
fever_182936,fever,1,5,0.2759117374814977,0.1659507659653613,0.5581374965531409,0.1,0.1,0.8,0.44501951424193176
fever_167172,fever,1,5,0.11823851385287756,0.44598193935010855,0.4357795467970139,0.0,0.5,0.5,0.6638717127486156
fever_143288,fever,1,5,0.026577508139800643,0.29101700400126623,0.6824054878589332,0.0,0.3,0.7,0.6322197479307328
fever_149173,fever,1,5,0.040687519743670054,0.19742184479618707,0.7618906354601428,0.0,0.0,1.0,0.5783671625262585
fever_50357,fever,1,5,0.15294832906853162,0.14626384077297744,0.700787830158491,0.0,0.0,1.0,0.49665775585222294
fever_135962,fever,1,5,0.1206168682770609,0.020266151285721373,0.8591169804372178,0.0,0.0,1.0,0.4498246415043303
fever_59319,fever,0,5,0.0621903474383646,0.5638819053317501,0.37392774722988553,0.0,0.6,0.4,0.7508457789466929
fever_200051,fever,1,5,0.18298487589134096,0.016529567530654637,0.8004855565780045,0.0,0.0,1.0,0.4167723458196569
fever_204444,fever,1,5,0.12216557040429762,0.039599965852676174,0.8382344637430261,0.0,0.0,1.0,0.45871719772418923
fever_184285,fever,0,5,0.05466084358462815,0.5868614211477058,0.35847773526766596,0.0,0.7,0.3,0.7661002887815388
fever_55041,fever,1,5,0.2634827941369056,0.5815214396184624,0.15499576624463202,0.1,0.7,0.2,0.6590193227407783
fever_212335,fever,0,5,0.30992773566200427,0.08980212517300554,0.6002701391649902,0.2,0.0,0.8,0.3899371947555006
fever_44552,fever,0,5,0.11700164551071217,0.4412947494727907,0.4417036050164972,0.1,0.4,0.5,0.6621465519810392
fever_2615,fever,0,5,0.416465759054211,0.012202181223052201,0.5713320597227367,0.3,0.0,0.7,0.2978682110844206
fever_192043,fever,1,5,0.14125445826487162,0.35607637837932843,0.5026691633557998,0.0,0.3,0.7,0.6074109600572284
fever_100320,fever,0,5,0.08179089630786594,0.3837768874921225,0.5344322162000115,0.0,0.5,0.5,0.6509929955921283
fever_126561,fever,1,5,0.06740163028944982,0.5754680681753646,0.35713030153518566,0.0,0.6,0.4,0.7540332189429574
fever_217684,fever,1,5,0.029718275819704064,0.5628378479456949,0.407443876234601,0.0,0.6,0.4,0.7665597860629954
fever_89608,fever,1,5,0.11524422107129229,0.30807400245086247,0.5766817764778451,0.1,0.2,0.7,0.596414890689785
fever_189776,fever,0,5,0.32682775874473224,0.11054164362073098,0.5626305976345369,0.3,0.1,0.6,0.39185694243799946
fever_171067,fever,1,5,0.15561873661212028,0.17265501465632396,0.6717262487315557,0.0,0.2,0.8,0.5085181390221019
fever_181274,fever,1,5,0.26882210428631537,0.15244556342346605,0.5787323322902187,0.2,0.1,0.7,0.4418117295685754
fever_121634,fever,0,5,0.010600764789872742,0.4670241412290945,0.5223750939810328,0.0,0.4,0.6,0.7282116882196109
fever_228062,fever,1,5,0.013056374368083632,0.7921296050884938,0.19481402054342256,0.0,1.0,0.0,0.8895366153602051
fever_61803,fever,1,5,0.17420218716775832,0.3894574902311224,0.4363403226011191,0.0,0.4,0.6,0.607627651531682
fever_13126,fever,0,5,0.1016598634159035,0.7848395419415148,0.11350059464258178,0.1,0.8,0.1,0.8415898392628057
fever_229309,fever,1,5,0.07799927943908197,0.18642334166960456,0.7355773788913135,0.1,0.2,0.7,0.5542120311152613
fever_66610,fever,0,5,0.21402703845366164,0.4876081107732495,0.2983648507730887,0.1,0.7,0.2,0.6367905361597939
fever_34755,fever,1,5,0.11481909251671547,0.34877327444344913,0.5364076330398354,0.1,0.3,0.6,0.6169770909633668
fever_34924,fever,1,5,0.3505806015493146,0.06093820042751739,0.5884811980231679,0.4,0.0,0.6,0.35517879943910136
fever_90925,fever,0,5,0.07755473499245363,0.2510042390198637,0.6714410259876826,0.0,0.2,0.8,0.586724752013705
fever_74806,fever,0,5,0.21420688934658383,0.27853274685082974,0.5072603638025864,0.1,0.3,0.6,0.532162928752123
fever_53016,fever,1,5,0.28280652680130414,0.05582897823848506,0.6613644949602107,0.3,0.0,0.7,0.38651122571859037
fever_131422,fever,1,5,0.14672647862839983,0.191217460524147,0.6620560608474533,0.0,0.2,0.8,0.5222454909478736
fever_108957,fever,1,5,0.19840106693708626,0.08663538385214684,0.7149635492107669,0.1,0.0,0.9,0.4441171584575303
fever_191255,fever,0,5,0.04163145855273123,0.1648770647370153,0.7934914767102534,0.0,0.1,0.9,0.561622803092142
fever_216771,fever,0,5,0.007790578189683997,0.41168374733598345,0.5805256744743327,0.0,0.4,0.6,0.7019465845731498
fever_32355,fever,0,5,0.1347765106109326,0.05329878588234201,0.8119247035067254,0.0,0.0,1.0,0.4592611376357047
fever_198035,fever,0,5,0.09314239375823712,0.03111606549913736,0.8757415407426254,0.0,0.0,1.0,0.4689868358704501
fever_51351,fever,1,5,0.24371992490206043,0.492432068507431,0.26384800659050855,0.1,0.7,0.2,0.6243560718026853
fever_182923,fever,1,5,0.20873196727809748,0.5573022885007168,0.2339657442211857,0.1,0.8,0.1,0.6742851606113097
fever_47736,fever,0,5,0.0900105278533585,0.07621541614083022,0.8337740560058113,0.0,0.0,1.0,0.4931024441437359
fever_32321,fever,0,5,0.10154828774913223,0.7915025860962503,0.10694912615461752,0.0,0.8,0.2,0.8449771491735591
fever_178210,fever,1,5,0.220508301662126,0.039381396518756474,0.7401103018191175,0.1,0.0,0.9,0.40943654742831526
fever_35286,fever,1,5,0.12395453722400582,0.09981690808701574,0.7762285546889784,0.0,0.0,1.0,0.48793118543150493
fever_192212,fever,1,5,0.2027392054543411,0.018713232817993634,0.7785475617276651,0.1,0.0,0.9,0.4079870136818262
fever_202450,fever,1,5,0.25864035558232723,0.1456450761816642,0.5957145682360087,0.2,0.1,0.7,0.4435023602996685
fever_165875,fever,1,5,0.17176808253979803,0.011863724373620621,0.8163681930865814,0.1,0.0,0.9,0.4200478209169113
fever_76386,fever,1,5,0.3139445243459152,0.003046244908850454,0.6830092307452345,0.1,0.0,0.9,0.3445508602814677
fever_118442,fever,1,5,0.13284367526024599,0.15657647604355998,0.7105798486961941,0.0,0.1,0.9,0.511866400391657
fever_179266,fever,1,5,0.2016781527094794,0.056638375901668245,0.7416834713888523,0.1,0.0,0.9,0.4274801115960944
fever_108950,fever,1,5,0.019403284632160133,0.7410436474346536,0.23955306793318645,0.0,0.8,0.2,0.8608201814012468
fever_154919,fever,1,5,0.01495200532380292,0.016067747926187835,0.9689802467500093,0.0,0.0,1.0,0.5005578713011924
fever_198554,fever,1,5,0.19098496602062903,0.0031703450205644774,0.8058446889588066,0.2,0.0,0.8,0.40609268949996774
fever_134135,fever,1,5,0.03775854736885778,0.76402995530431,0.19821149732683224,0.0,0.8,0.2,0.8631357039677261
fever_81806,fever,1,5,0.08515366144402418,0.00131896219686175,0.9135273763591141,0.0,0.0,1.0,0.45808265037641877
fever_53613,fever,1,5,0.03622952795267877,0.6528585299552832,0.31091194209203793,0.0,0.8,0.2,0.8083145010013021
fever_81439,fever,0,5,0.05806015557230665,0.2785280462282752,0.6634117981994181,0.0,0.3,0.7,0.6102339453279843
fever_119558,fever,0,5,0.13298269358359743,0.20833340105663417,0.6586839053597684,0.0,0.0,1.0,0.5376753537365184
fever_99635,fever,1,5,0.296678236946248,0.4010454776426139,0.30227628541113816,0.1,0.4,0.5,0.5521836203481829
fever_102346,fever,0,5,0.027154785582493672,0.3921303752249082,0.5807148391925981,0.0,0.4,0.6,0.6824877948212072
fever_93018,fever,1,5,0.04570267197423157,0.1667212642763573,0.7875760637494111,0.0,0.1,0.9,0.5605092961510629
fever_124875,fever,0,5,0.026992259260361383,0.0019540956814010834,0.9710536450582377,0.0,0.0,1.0,0.4874809182105199
fever_89171,fever,1,5,0.4132606019674908,0.06223967651312582,0.5244997215193834,0.3,0.0,0.7,0.32448953727281754
fever_104178,fever,0,5,0.4226585431279264,0.04050331449601601,0.5368381423760576,0.3,0.0,0.7,0.30892238568404484
fever_61612,fever,1,5,0.46772617164137376,0.05995132193098794,0.4723225064276383,0.4,0.1,0.5,0.2961125751448071
fever_127819,fever,1,5,0.03739357680656343,0.7241839162515828,0.2384225069418536,0.0,0.9,0.1,0.8433951697225096
fever_195502,fever,1,5,0.27819185404739516,0.11276669611386954,0.6090414498387352,0.4,0.1,0.5,0.4172874210332371
fever_212331,fever,1,5,0.5665719211449284,0.013757403348563643,0.41967067550650794,0.8,0.0,0.2,0.22359274110181762
fever_169324,fever,1,5,0.34142950291859947,0.004367550458434398,0.6542029466229662,0.3,0.0,0.7,0.3314690237699175
fever_59056,fever,1,5,0.1488200449683788,0.01832510389093628,0.8328548511406849,0.0,0.0,1.0,0.43475252946127874
fever_168091,fever,0,5,0.19105664299596653,0.4863984400091361,0.32254491699489735,0.2,0.6,0.2,0.6476708985065848
fever_112394,fever,1,5,0.09069992693731409,0.3989083059901401,0.5103917670725459,0.0,0.4,0.6,0.654104189526413
fever_133948,fever,0,5,0.034977044383307905,0.4644555570294533,0.5005673985872388,0.0,0.5,0.5,0.7147392563230727
fever_141271,fever,1,5,0.42125541163277136,0.10638404574404739,0.47236054262318117,0.3,0.1,0.6,0.34256431705563795
fever_198037,fever,1,5,0.15964006142470183,0.339878352464931,0.5004815861103673,0.1,0.3,0.6,0.5901191455201147
fever_142701,fever,1,5,0.3710753883063192,0.08934588413348052,0.5395787275602003,0.3,0.1,0.6,0.35913524791358065
fever_40859,fever,0,5,0.510076974367946,0.24707713896236835,0.24284588666968565,0.5,0.4,0.1,0.3685000822972112
fever_7138,fever,1,5,0.2752364608111369,0.00857388825153442,0.7161896509373288,0.1,0.0,0.9,0.3666687137201988
fever_24273,fever,1,5,0.10159607108426205,0.41515718586023,0.4832467430555081,0.0,0.4,0.6,0.656780557387984
fever_12178,fever,0,5,0.14722427119652318,0.32012031352096737,0.5326554152825094,0.1,0.3,0.6,0.586448021162222
fever_84328,fever,0,5,0.041959132765479155,0.34386280462868685,0.614178062605834,0.0,0.3,0.7,0.6509518359316038
fever_87760,fever,1,5,0.12329864429344635,0.2359220417340445,0.6407793139725091,0.0,0.0,1.0,0.5563116987202991
fever_53901,fever,0,5,0.011705176044219891,0.7518324107850842,0.236462413170696,0.0,0.9,0.1,0.8700636173704323
fever_108736,fever,1,5,0.41033689261285905,0.44613952505665033,0.14352358233049073,0.6,0.4,0.0,0.5179013162218957
fever_106826,fever,1,5,0.3255689559982621,0.03388178024837908,0.6405492637533589,0.2,0.0,0.8,0.3541564121250585
fever_212324,fever,0,5,0.07721432801858609,0.6195252688798887,0.3032604031015252,0.1,0.5,0.4,0.7711554704306512
fever_89796,fever,0,5,0.4735367109784406,0.03660327655093966,0.4898600124706197,0.6,0.0,0.4,0.2815332827862495
fever_213945,fever,1,5,0.0667688627653417,0.41822434447121515,0.5150067927634432,0.0,0.6,0.4,0.6757277408529367
fever_148149,fever,1,5,0.07834502399354007,0.13009432904700777,0.7915606469594522,0.0,0.0,1.0,0.5258746525267338
fever_146288,fever,1,5,0.047942638514882424,0.4207640836306467,0.5312932778544709,0.0,0.4,0.6,0.6864107225578822
fever_123226,fever,1,5,0.05368860828584231,0.14984067528724082,0.7964707164269169,0.0,0.1,0.9,0.5480760335006993
fever_93600,fever,1,5,0.001331639118401963,0.9621286572169764,0.036539703664621795,0.0,1.0,0.0,0.9803985090492873
fever_118434,fever,1,5,0.8002814520971203,0.007291506149601673,0.19242704175327807,0.9,0.0,0.1,0.1035050270262407
fever_149842,fever,1,5,0.016103396162302712,0.1477451044946477,0.8361514993430494,0.0,0.1,0.9,0.5658208541661724
fever_141561,fever,1,5,0.013194196496795424,0.468730110722228,0.5180756927809766,0.0,0.5,0.5,0.7277679571127162
fever_183411,fever,0,5,0.33123219363728745,0.13173313436139478,0.5370346720013177,0.2,0.1,0.7,0.40025047036205363
fever_184100,fever,1,5,0.06422149322348109,0.39537982895699175,0.5403986778195272,0.1,0.3,0.6,0.6655791678667553
fever_145389,fever,1,5,0.1387053056380271,0.5420070819052304,0.3192876124567425,0.1,0.5,0.4,0.7016508881336017
fever_142620,fever,1,5,0.16874195895241723,0.4050989860330262,0.42615905501455664,0.1,0.3,0.6,0.6181785135403045
fever_4705,fever,0,5,0.15623482282365392,0.5604419139470428,0.28332326322930323,0.0,0.8,0.2,0.7021035455616944
fever_83425,fever,1,5,0.11486709780107063,0.48260834586882917,0.40252455633010015,0.0,0.5,0.5,0.6838706240338792
fever_168086,fever,0,5,0.21726055026338864,0.04148407282910149,0.7412553769075099,0.1,0.0,0.9,0.4121117612828564
fever_134438,fever,0,5,0.009499351634066266,0.8218297692877161,0.1686708790782177,0.0,0.8,0.2,0.9061652088268249
fever_133512,fever,1,5,0.2809351340063925,0.12498142367898017,0.5940834423146273,0.1,0.0,0.9,0.42202314483629383
fever_57850,fever,1,5,0.4425406270141883,0.09677605296888683,0.460683320016925,0.4,0.0,0.6,0.3271177129773494
fever_53760,fever,0,5,0.04078073124700359,0.07199765010476308,0.8872216186482331,0.0,0.0,1.0,0.5156084594288797
fever_184083,fever,0,5,0.29241450508205574,0.08514668816443034,0.6224388067535139,0.4,0.0,0.6,0.3963660915411873
fever_29289,fever,0,5,0.06664300376978136,0.35068992780874825,0.5826670684214703,0.0,0.4,0.6,0.6420234620194833
fever_150964,fever,1,5,0.09078005470308256,0.25359257489610376,0.6556273704008136,0.0,0.2,0.8,0.5814062600965106
fever_123023,fever,0,5,0.14623095886125453,0.4372223555335304,0.41654668560521485,0.1,0.6,0.3,0.6454956983361378
fever_198217,fever,0,5,0.12712470123900171,0.4504901846549318,0.42238511410606644,0.1,0.4,0.5,0.661682741707965
fever_98879,fever,1,5,0.4506833191213233,0.16485263720534257,0.384464043673334,0.6,0.2,0.2,0.3570846590420096
fever_53025,fever,0,5,0.22525672597267374,0.23850927704873842,0.5362339969785878,0.2,0.3,0.5,0.5066262755380323
fever_215230,fever,0,5,0.05254382593849284,0.5647562220873626,0.38269995197414464,0.0,0.8,0.2,0.756106198074435
fever_194781,fever,0,5,0.3046339059211679,0.23091321716166938,0.4644528769171627,0.3,0.2,0.5,0.4631396556202507
fever_143417,fever,1,5,0.1611611717243272,0.3416116832130764,0.4972271450625964,0.2,0.2,0.6,0.5902252557443746
fever_45310,fever,0,5,0.18534396031123984,0.4481001449805615,0.3665558947081986,0.2,0.4,0.4,0.6313780923346608
fever_86109,fever,1,5,0.055307587129467664,0.16756196299682347,0.7771304498737089,0.0,0.0,1.0,0.556127187933678
fever_37924,fever,0,5,0.03523029415058057,0.5737237375261138,0.3910459683233055,0.0,0.6,0.4,0.7692467216877665
fever_112568,fever,0,5,0.23510257935512321,0.24972166173558635,0.5151757589092905,0.2,0.2,0.6,0.5073095411902315
fever_16329,fever,0,5,0.11586901680722858,0.2987476972829111,0.5853832859098602,0.0,0.2,0.8,0.5914393402378413
fever_1313,fever,0,5,0.24092268686985047,0.09774379146900108,0.6613335216611484,0.2,0.0,0.8,0.4284105522995753
fever_89213,fever,1,5,0.02973654879487264,0.29640416104616063,0.6738592901589667,0.0,0.3,0.7,0.6333338061256439
fever_34961,fever,0,5,0.08236901002240456,0.5781016506919848,0.3395293392856106,0.0,0.6,0.4,0.7478663203347902
fever_212228,fever,1,5,0.019687656601639642,0.8474300803255856,0.13288226307277493,0.0,1.0,0.0,0.9138712118619731
fever_192190,fever,1,5,0.3297641510018128,0.008879348817222963,0.6613565001809643,0.3,0.0,0.7,0.3395575989077051
fever_177185,fever,1,5,0.20036998691685529,0.11308389933949008,0.6865461137436546,0.0,0.0,1.0,0.4563569562113174
fever_112087,fever,1,5,0.20853329925105496,0.18838595701038865,0.6030807437385564,0.1,0.2,0.7,0.4899263288796668
fever_21072,fever,0,5,0.1261571251036517,0.3179574474419998,0.5558854274543485,0.1,0.3,0.6,0.5959001611691741
fever_21986,fever,1,5,0.061444233199522656,0.0585832408070873,0.87997252599339,0.0,0.0,1.0,0.49856950380378234
fever_19902,fever,0,5,0.19250737786347644,0.04645464661510808,0.7610379755214155,0.1,0.0,0.9,0.4269736343758158
fever_34205,fever,0,5,0.08889202698512243,0.3879559636299245,0.523152009384953,0.0,0.4,0.6,0.649531968322401
fever_170400,fever,0,5,0.03359173538650385,0.4799557140316654,0.4864525505818307,0.0,0.4,0.6,0.7231819893225808
fever_58417,fever,0,5,0.31505793049430253,0.4385445663584256,0.246397503147272,0.2,0.6,0.2,0.5617433179320616
fever_127408,fever,0,5,0.11980897377729645,0.022750519976794455,0.8574405062459091,0.0,0.0,1.0,0.451470773099749
fever_6576,fever,0,5,0.061356081418091825,0.356910579928207,0.5817333386537011,0.0,0.4,0.6,0.6477772492550575
fever_224197,fever,1,5,0.009711212723175924,0.8344199299586773,0.15586885731814681,0.0,1.0,0.0,0.9123543586177507
fever_17783,fever,0,5,0.21443595002047394,0.27678911412436324,0.5087749358551628,0.2,0.3,0.5,0.5311765820519446
fever_222172,fever,1,5,0.2918922499012421,0.03912981010105597,0.6689779399977018,0.0,0.0,1.0,0.3736187800999069
fever_183470,fever,0,5,0.27183676207242885,0.44953688741732256,0.27862635051024864,0.1,0.8,0.1,0.5888500626724469
fever_179105,fever,1,5,0.24672760885255324,0.33892836395149767,0.41434402719594904,0.2,0.3,0.5,0.5461003775494722
fever_66842,fever,0,5,0.0532781248060335,0.1949444207098472,0.7517774544841193,0.0,0.1,0.9,0.5708331479519069
fever_80676,fever,1,5,0.37732791418092193,0.10327977304021567,0.5193923127788624,0.2,0.0,0.8,0.3629759294296469
fever_181114,fever,1,5,0.22617029395166507,0.08791784461021443,0.6859118614381206,0.1,0.0,0.9,0.43087377532927473
fever_119884,fever,1,5,0.011155853640938925,0.9101971745990634,0.07864697175999778,0.0,1.0,0.0,0.9495206604790623
fever_15452,fever,0,5,0.5668085692232939,0.03897601267714379,0.39421541809956234,0.7,0.0,0.3,0.23608372172692496
fever_53317,fever,1,5,0.44070804494455196,0.02767590831641082,0.5316160467390372,0.5,0.0,0.5,0.2934839316859294
fever_203154,fever,0,5,0.206772033600842,0.07460357807895486,0.718624388320203,0.1,0.0,0.9,0.43391577223905636
fever_145848,fever,1,5,0.20996092158533916,0.05364923535210301,0.7363898430625577,0.1,0.0,0.9,0.4218441568833819
fever_166848,fever,0,5,0.04357864191028079,0.0927024491327904,0.8637189089569288,0.0,0.0,1.0,0.5245619036112548
fever_218481,fever,0,5,0.21285803708862,0.45399657592720316,0.33314538698417684,0.3,0.6,0.1,0.6205692694192916
fever_141894,fever,1,5,0.11470666137296674,0.08244105505262747,0.8028522835744057,0.0,0.0,1.0,0.48386719683983037
fever_180736,fever,1,5,0.33326634101168523,0.09824693509917524,0.5684867238891396,0.2,0.0,0.8,0.38249029704374504
fever_66211,fever,1,5,0.1264356788738608,0.19535932660938488,0.6782049945167544,0.0,0.1,0.9,0.5344618238677621
fever_159700,fever,0,5,0.23780188689763598,0.32508397670664085,0.4371141363957232,0.1,0.4,0.5,0.5436410449045025
fever_81045,fever,0,5,0.0647815534261548,0.42554484296620976,0.5096736036076355,0.0,0.4,0.6,0.6803816447700275
fever_216351,fever,0,5,0.29865364613634254,0.1482171323736713,0.5531292214899863,0.3,0.0,0.7,0.42478174311866446
fever_12682,fever,1,5,0.21301683848213857,0.2297551057327767,0.5572280557850848,0.1,0.1,0.8,0.5083691336253191
fever_162408,fever,1,5,0.22401526101147465,0.41734058232684373,0.35864415666168165,0.2,0.6,0.2,0.5966626606576846
fever_221072,fever,0,5,0.5835245116101815,0.08412379678389523,0.33235169160592337,0.7,0.1,0.2,0.2502996425868569
fever_178341,fever,1,5,0.08700161923036968,0.021971623387757405,0.8910267573818731,0.0,0.0,1.0,0.4674850020786939
fever_151450,fever,0,5,0.05442987281020049,0.544715073840803,0.40085505334899646,0.0,0.6,0.4,0.7451426005153012
fever_38861,fever,1,5,0.11851344010640683,0.003180563807663632,0.8783059960859296,0.0,0.0,1.0,0.44233356185062844
fever_161234,fever,1,5,0.11612665860235483,0.21785940758857336,0.6660139338090718,0.0,0.3,0.7,0.5508663744931093
fever_15425,fever,0,5,0.15247204222332666,0.005118808145050767,0.8424091496316226,0.0,0.0,1.0,0.4263233829608621
fever_40432,fever,1,5,0.20850458987726422,0.11314019023020863,0.6783552198925271,0.1,0.1,0.8,0.45231780017647216
fever_162035,fever,0,5,0.2070137735090966,0.14459323108853023,0.6483929954023732,0.1,0.0,0.9,0.4687897287897168
fever_64457,fever,0,5,0.009563537305221491,0.6089975914091866,0.38143887128559195,0.0,0.6,0.4,0.7997170270519827
fever_127957,fever,1,5,0.15469566607408067,0.4284036909741829,0.41690064295173646,0.1,0.4,0.5,0.6368540124500511
fever_194893,fever,1,5,0.10834589434195045,0.35404642242808165,0.537607683229968,0.0,0.3,0.7,0.6228502640430656
fever_195038,fever,1,5,0.36534776619872833,0.08865738125715342,0.5459948525441183,0.4,0.1,0.5,0.36165480752921253
fever_90000,fever,0,5,0.009268841457386382,0.3658181773458184,0.6249129811967953,0.0,0.3,0.7,0.678274667944216
fever_186588,fever,0,5,0.05112227185965444,0.459501560335606,0.48937616780473936,0.0,0.4,0.6,0.7041896442379757
fever_104847,fever,0,5,0.1085327307432051,0.39557163358189523,0.4958956356748997,0.0,0.4,0.6,0.6435194514193451
fever_69425,fever,1,5,0.2173728002709039,0.04333293746893037,0.7392942622601658,0.0,0.0,1.0,0.41298006859901326
fever_33011,fever,1,5,0.08561496563265711,0.5405784661717274,0.3738065681956154,0.1,0.5,0.4,0.7274817502695352
fever_9182,fever,0,5,0.07980838891269418,0.4051881812920725,0.5150034297952333,0.0,0.4,0.6,0.6626898961896892
fever_67766,fever,0,5,0.056107291571670784,0.3924878432463631,0.5514048651819662,0.0,0.4,0.6,0.6681902758373461
fever_113361,fever,0,5,0.004351404570478694,0.8625599007660911,0.13308869466343007,0.0,1.0,0.0,0.9291042480978061
fever_21187,fever,0,5,0.010053547987559017,0.6753649243719162,0.3145815276405247,0.0,0.9,0.1,0.8326556881921785
fever_69536,fever,0,5,0.20180260128732605,0.20974130820586656,0.5884560905068075,0.1,0.0,0.9,0.5039693534592703
fever_123477,fever,1,5,0.07904826671196068,0.49513394126475374,0.4258177920232856,0.0,0.4,0.6,0.7080428372763965
fever_84329,fever,1,5,0.3313724337178233,0.03797330394762129,0.6306542623345555,0.3,0.0,0.7,0.353300435114899
fever_114050,fever,0,5,0.1651055599007079,0.17704639065908515,0.6578480494402068,0.0,0.1,0.9,0.5059704153791885
fever_113188,fever,1,5,0.23642774460921534,0.3123158865905034,0.45125636880028114,0.2,0.2,0.6,0.537944070990644
fever_19592,fever,0,5,0.15837051314851594,0.5118801774562474,0.3297493093952366,0.1,0.5,0.4,0.6767548321538657
fever_199414,fever,0,5,0.15923556231514194,0.4891255303959493,0.35163890728890884,0.2,0.5,0.3,0.6649449840404037
fever_146260,fever,0,5,0.2060157094541252,0.31330454973023925,0.48067974081563564,0.0,0.2,0.8,0.553644420138057
fever_28679,fever,1,5,0.49189902714474903,0.018252965045790742,0.4898480078094602,0.6,0.0,0.4,0.26317696895052084
fever_124565,fever,0,5,0.47217507875922593,0.1667207099291937,0.3611042113115804,0.6,0.0,0.4,0.3472728155849839
fever_146361,fever,0,5,0.05665961795383628,0.8620529359982587,0.08128744604790489,0.0,0.9,0.1,0.9026966590222112
fever_10713,fever,0,5,0.004607344104437347,0.722182421683727,0.2732102342118356,0.0,0.7,0.3,0.8587875387896449
fever_225749,fever,1,5,0.15231726076411556,0.13529320480360885,0.7123895344322755,0.0,0.0,1.0,0.4914879720197466
fever_150098,fever,1,5,0.018001484043599747,0.16270811444354752,0.8192904015128526,0.0,0.0,1.0,0.5723533151999738
fever_181264,fever,1,5,0.07544400070930159,0.32400982186588434,0.6005461774248142,0.0,0.4,0.6,0.6242829105782914
fever_125912,fever,1,5,0.11501474138170398,0.24703452146886412,0.637950737149432,0.0,0.1,0.9,0.5660098900435802
fever_139330,fever,0,5,0.38520446245960144,0.26163811819591476,0.35315741934448386,0.5,0.2,0.3,0.4382168278681567
fever_11570,fever,1,5,0.13735848925481114,0.47197430203711666,0.3906672087080723,0.1,0.5,0.4,0.6673079063911528
fever_194183,fever,1,5,0.08313532011231202,0.348578186240801,0.5682864936468871,0.0,0.4,0.6,0.6327214330642446
fever_164103,fever,1,5,0.11626835259697317,0.23965422912950302,0.6440774182735238,0.0,0.2,0.8,0.561692938266265
fever_204997,fever,0,5,0.3189126482621346,0.4668697404558973,0.21421761128196803,0.4,0.4,0.2,0.5739785460968814
fever_155629,fever,1,5,0.003243309761799357,0.6805284732664298,0.31622821697177067,0.0,0.6,0.4,0.8386425817523152
fever_178240,fever,1,5,0.348189311357354,0.042783801988562506,0.6090268866540834,0.5,0.0,0.5,0.34729724531560424
fever_172306,fever,1,5,0.05237096491332769,0.49181987805667565,0.45580915702999664,0.0,0.5,0.5,0.7197244565716739
fever_86749,fever,1,5,0.03537587983316868,0.031237247443917232,0.9333868727229142,0.0,0.0,1.0,0.4979306838053743
fever_119606,fever,0,5,0.055535036656471734,0.644206336926523,0.30025862641700535,0.0,0.8,0.2,0.7943356501350256
fever_205643,fever,1,5,0.19714594746609426,0.10571206203677701,0.6971419904971288,0.2,0.0,0.8,0.4542830572853414
fever_2317,fever,1,5,0.05140530882549308,0.14203116668032711,0.8065635244941799,0.0,0.2,0.8,0.545312928927417
fever_222643,fever,0,5,0.4872828594298242,0.16206759817444377,0.35064954239573204,0.6,0.1,0.3,0.33739236937230976
fever_10675,fever,1,5,0.30652509204045764,0.05880839980905126,0.634666508150491,0.2,0.0,0.8,0.37614165388429677
fever_198067,fever,1,5,0.17024160948526917,0.02907776424671905,0.8006806262680118,0.1,0.0,0.9,0.42941807738072496
fever_145516,fever,0,5,0.0296872837815061,0.40802928580385556,0.5622834304146382,0.0,0.3,0.7,0.6891710010111747
fever_192959,fever,0,5,0.24453791914617556,0.04270052204099491,0.7127615588128294,0.2,0.0,0.8,0.3990813014474096
fever_117447,fever,1,5,0.34375277866063114,0.06817805629587614,0.5880691650434928,0.3,0.0,0.7,0.36221263881762256
fever_208441,fever,1,5,0.026961908053104063,0.07072091158051257,0.9023171803663834,0.0,0.0,1.0,0.5218795017637042
fever_127814,fever,1,5,0.03844579213474876,0.7647203135394177,0.1968338943258335,0.0,0.9,0.1,0.8631372607023344
fever_78311,fever,0,5,0.029263751528183012,0.5707521883667726,0.3999840601050444,0.0,0.6,0.4,0.7707442184192947
fever_32490,fever,0,5,0.28822026817796353,0.03970506362975065,0.6720746681922859,0.2,0.0,0.8,0.3757423977258936
fever_27657,fever,0,5,0.07242989773048852,0.38874662097271445,0.5388234812967971,0.0,0.4,0.6,0.6581583616211131
fever_21145,fever,0,5,0.05061673996133802,0.7921500145465095,0.15723324549215256,0.0,0.9,0.1,0.8707666372925857
fever_220234,fever,0,5,0.2663430292260086,0.12691098823597952,0.6067459825380117,0.1,0.0,0.9,0.43028397950498537
fever_220278,fever,0,5,0.021861541696724975,0.20377274138683427,0.7743657169164407,0.0,0.1,0.9,0.5909555998450546
fever_185402,fever,1,5,0.17547458527236853,0.04910403956664599,0.7754213751609855,0.1,0.0,0.9,0.43681472714713876
fever_5092,fever,0,5,0.5034688593653358,0.027989202776691757,0.46854193785797227,0.4,0.0,0.6,0.2622601717056779
fever_165111,fever,0,5,0.2734703241313794,0.36215622834876476,0.36437344751985595,0.2,0.4,0.4,0.5443429521086928
fever_42152,fever,1,5,0.01567203379448149,0.8514872056247486,0.13284076058077005,0.0,1.0,0.0,0.9179075859151336
fever_197368,fever,0,5,0.18450241693001548,0.23771007106734166,0.5777875120026429,0.0,0.1,0.9,0.526603827068663
fever_174510,fever,0,5,0.04603772008645311,0.6957961652742817,0.2581661146392653,0.0,0.7,0.3,0.8248792225939143
fever_61563,fever,0,5,0.038667363327001145,0.4527858064718715,0.5085468302011275,0.0,0.6,0.4,0.7070592215724352
fever_184054,fever,1,5,0.056608452290239065,0.015276515683981478,0.9281150320257796,0.0,0.0,1.0,0.4793340316968713
fever_187114,fever,0,5,0.026911176518338915,0.6335470883883283,0.3395417350933328,0.0,0.6,0.4,0.8033179559349947
fever_183618,fever,1,5,0.32246681072917144,0.10261187597275187,0.5749213132980766,0.2,0.0,0.8,0.3900725326217902
fever_166485,fever,0,5,0.2972919766140816,0.22251896487610273,0.4801890585098157,0.3,0.1,0.6,0.4626134941310106
fever_186592,fever,1,5,0.017887892121123503,0.2743376135923659,0.7077744942865107,0.0,0.0,1.0,0.6282248607356213
fever_99105,fever,1,5,0.27276506503575193,0.0775115599531741,0.6497233750110739,0.3,0.0,0.7,0.40237324745871106
fever_134200,fever,0,5,0.012733911087460015,0.8535261377860275,0.1337399511265125,0.0,1.0,0.0,0.9203961133492837
fever_137038,fever,0,5,0.040726284745962876,0.7952668622747703,0.16400685297926682,0.0,1.0,0.0,0.8772702887644037
fever_193860,fever,0,5,0.06423023627284466,0.5313966900304654,0.4043730736966899,0.0,0.6,0.4,0.7335832268788104
fever_30062,fever,0,5,0.15522583332665776,0.25049396261384804,0.5942802040594942,0.1,0.1,0.8,0.5476340646435951
fever_78018,fever,0,5,0.19732374143321244,0.3018743198227273,0.5008019387440603,0.1,0.3,0.6,0.5522752891947574
fever_165652,fever,0,5,0.1570364129789074,0.3171049352951821,0.5258586517259105,0.1,0.4,0.5,0.5800342611581373
fever_225254,fever,0,5,0.011314182791973623,0.8263564710903957,0.16232934611763064,0.0,0.9,0.1,0.907521144149211
fever_8246,fever,0,5,0.06663956014513915,0.5311129693708562,0.40224747048400455,0.1,0.5,0.4,0.7322367046128584
fever_10278,fever,1,5,0.24535746250333607,0.1225974066077187,0.6320451308889452,0.2,0.0,0.8,0.4386199720521913
fever_42619,fever,0,5,0.2768151145220853,0.2889463560207032,0.43423852945721153,0.2,0.4,0.4,0.5060656207493089
fever_204010,fever,1,5,0.07177058741811403,0.7693852674787968,0.15884414510308917,0.1,0.8,0.1,0.8488073400303413
fever_15006,fever,0,5,0.08653917033114937,0.5380509314529517,0.3754098982158989,0.1,0.9,0.0,0.7257558805609011
fever_201364,fever,0,5,0.012238055519216882,0.40914824878688955,0.5786136956938936,0.0,0.4,0.6,0.6984550966338363
fever_147936,fever,0,5,0.3180918332041548,0.009575807008025117,0.6723323597878201,0.2,0.0,0.8,0.3457419869019352
fever_37558,fever,1,5,0.4211180653033658,0.05610822190643024,0.5227737127902039,0.3,0.0,0.7,0.3174950783015322
fever_212187,fever,0,5,0.08012728851410916,0.17325066322242258,0.7466220482634683,0.0,0.0,1.0,0.5465616873541568
fever_94059,fever,0,5,0.18182940718964277,0.18245351913856525,0.6357170736717919,0.1,0.1,0.8,0.5003120559744612
