id,source_dataset,original_label,num_generations,mean_pairwise_entailment,mean_pairwise_contradiction,mean_pairwise_neutral,fraction_entailing_pairs,fraction_contradicting_pairs,fraction_neutral_pairs,nli_disagreement
halueval-8465,halueval,1,5,0.48666252826924633,0.26774097766039784,0.24559649407035575,0.8,0.2,0.0,0.3905392246955757
halueval-9667,halueval,1,5,0.9606217570870739,0.004431876823150893,0.0349463660897751,1.0,0.0,0.0,0.02190505986803844
halueval-8673,halueval,0,5,0.5932453407128573,0.39905775539712235,0.007696903890020387,0.6,0.4,0.0,0.40290620734213256
halueval-5554,halueval,0,5,0.9144265535742747,0.017940592648191055,0.06763285377753425,1.0,0.0,0.0,0.05175701953695818
halueval-8298,halueval,0,5,0.4822296314502065,0.11575220291687645,0.402018165632917,0.6,0.1,0.3,0.31676128573333495
halueval-157,halueval,1,5,0.9774725640958714,0.004148021047524894,0.018379414856603753,1.0,0.0,0.0,0.01333772847582677
halueval-9946,halueval,1,5,0.29201868869087777,0.27867889708708804,0.4293024142220342,0.1,0.2,0.7,0.49333010419810513
halueval-7444,halueval,0,5,0.7914818679887133,0.0018210409785264427,0.2066970910327602,0.6,0.0,0.4,0.10516958649490654
halueval-1567,halueval,1,5,0.9802350437960085,0.003322374751092745,0.01644258145289889,1.0,0.0,0.0,0.01154366547754219
halueval-5072,halueval,0,5,0.49240691519419694,0.012785932974062202,0.4948071518317409,0.3,0.0,0.7,0.26018950888993264
halueval-3409,halueval,1,5,0.35197475312822696,0.019119381158368753,0.6289058657134043,0.3,0.0,0.7,0.3335723140150709
halueval-6034,halueval,1,5,0.9188246647809745,0.01892654549593447,0.062248789723090905,1.0,0.0,0.0,0.05005094035747992
halueval-1239,halueval,0,5,0.9764542180613385,0.0030508155270581377,0.02049496641160354,1.0,0.0,0.0,0.013298298732859908
halueval-4890,halueval,1,5,0.592241247539576,0.39698679890686683,0.010771953553557203,0.6,0.4,0.0,0.40237277568364543
halueval-5462,halueval,0,5,0.9727183678152806,0.001301438250287766,0.02598019393443165,1.0,0.0,0.0,0.01429153521750359
halueval-1130,halueval,1,5,0.9685526644522942,0.0026136203777065146,0.028833715169999507,1.0,0.0,0.0,0.017030477962706268
halueval-1717,halueval,1,5,0.6069954990707251,0.3303002298421391,0.06270427108713579,0.6,0.4,0.0,0.361652365385707
halueval-5853,halueval,0,5,0.6079538943186406,0.07607947203042129,0.3159666336509382,0.4,0.0,0.6,0.23406278885589038
halueval-9293,halueval,0,5,0.9687954449458267,0.0018305257292453888,0.02937402932492768,1.0,0.0,0.0,0.016517540391709228
halueval-9363,halueval,0,5,0.4299301505796206,0.48601554195343033,0.08405430746694917,0.4,0.6,0.0,0.5280426956869049
halueval-9204,halueval,1,5,0.9702682097228319,0.005642722763616397,0.02408906751355174,1.0,0.0,0.0,0.01768725652039227
halueval-7635,halueval,1,5,0.44566049545692615,0.39918643577938034,0.15515306876369342,0.3,0.4,0.3,0.47676297016122704
halueval-1353,halueval,1,5,0.9770829349728356,0.0030731583955241047,0.01984390663164009,1.0,0.0,0.0,0.012995111711344149
halueval-6699,halueval,1,5,0.6850976191115203,0.018488429282608094,0.2964139516058717,0.7,0.0,0.3,0.16669540508554395
halueval-8917,halueval,1,5,0.49642924701167274,0.09747941743465341,0.4060913355536739,0.2,0.0,0.8,0.30052508521149035
halueval-184,halueval,0,5,0.9775411914241892,0.0016646685907829196,0.02079413998502807,1.0,0.0,0.0,0.012061738583296955
halueval-7015,halueval,1,5,0.39422182670138317,0.3119552374529775,0.29382293584563934,0.4,0.6,0.0,0.45886670537579716
halueval-8121,halueval,1,5,0.22963202940865282,0.412896472580183,0.35747149801116423,0.2,0.2,0.6,0.5916322215857651
halueval-8119,halueval,1,5,0.5868852860394154,0.3881003967975599,0.025014317163024703,0.6,0.4,0.0,0.4006075553790723
halueval-3481,halueval,1,5,0.6298324494003233,0.013377652669745338,0.3567898979299313,0.4,0.0,0.6,0.191772601634711
halueval-2021,halueval,1,5,0.9598006511067215,0.0017439114885984485,0.03845543740468018,1.0,0.0,0.0,0.020971630190938537
halueval-7892,halueval,0,5,0.7823125095022128,0.004335776360290559,0.21335171413749654,0.6,0.0,0.4,0.11101163342903883
halueval-922,halueval,1,5,0.4165523275938904,0.5640194635948059,0.01942820881130363,0.4,0.6,0.0,0.5737335680004577
halueval-3618,halueval,1,5,0.8978404546954806,0.04788216631009965,0.054277378994419576,1.0,0.0,0.0,0.07502085580730944
halueval-3508,halueval,0,5,0.20018238800595553,0.7876361991152527,0.012181412878791653,0.2,0.8,0.0,0.7937269055546485
halueval-3756,halueval,0,5,0.766258136076724,0.01118485391264783,0.22255701001062814,0.6,0.0,0.4,0.1224633589179619
halueval-2137,halueval,0,5,0.9715558209703504,0.003981743124255118,0.02446243590539455,1.0,0.0,0.0,0.016212961076952394
halueval-5978,halueval,0,5,0.8710156086239556,0.0104839437461389,0.1185004476299056,1.0,0.0,0.0,0.0697341675610917
halueval-9235,halueval,1,5,0.27735007844381687,0.3945657260566106,0.32808419549957246,0.2,0.5,0.3,0.5586078238063968
halueval-3318,halueval,0,5,0.9779281887203177,0.002966690548980119,0.01910512073070204,1.0,0.0,0.0,0.01251925091433114
halueval-9699,halueval,1,5,0.9849004008530379,0.0011941808836760388,0.013905418263285969,1.0,0.0,0.0,0.008146890015319022
halueval-2408,halueval,0,5,0.38093363116632417,0.6016218818983603,0.017444486935315584,0.4,0.6,0.0,0.6103441253660181
halueval-1304,halueval,1,5,0.5872150494482835,0.39537179621321644,0.017413154338500037,0.6,0.4,0.0,0.40407837338246644
halueval-6032,halueval,1,5,0.5926725776843642,0.39874374986872646,0.008583672446909264,0.6,0.4,0.0,0.4030355860921811
halueval-8393,halueval,1,5,0.3059336750089446,0.321345861662582,0.3727204633284734,0.2,0.4,0.4,0.5077060933268187
halueval-8469,halueval,0,5,0.9870363785494544,0.0018410078572649968,0.01112261359328068,1.0,0.0,0.0,0.007402314653905336
halueval-3137,halueval,0,5,0.6902412001060317,0.004055303455290719,0.30570349643867756,0.4,0.0,0.6,0.1569070516746295
halueval-3826,halueval,0,5,0.14685854231473944,0.7844615365600387,0.06867992112522182,0.1,0.8,0.1,0.8188014971226496
halueval-606,halueval,0,5,0.794058929741335,0.0021081556809909403,0.20383291457767413,0.6,0.0,0.4,0.10402461296982801
halueval-7279,halueval,1,5,0.9575649773566847,0.005062498493554652,0.0373725241497605,1.0,0.0,0.0,0.023748760568434904
halueval-2321,halueval,0,5,0.14345312567722696,0.7176866057763551,0.13886026854641795,0.2,0.8,0.0,0.7871167400495641
halueval-4864,halueval,0,5,0.3073400884354151,0.417541569004657,0.27511834255992784,0.1,0.4,0.5,0.5551007402846209
halueval-5649,halueval,1,5,0.9302180707224391,0.025199082902890968,0.044582846374670096,1.0,0.0,0.0,0.047490506090226016
halueval-4829,halueval,1,5,0.5941265190264774,0.3265134280323418,0.07936005294118076,0.6,0.4,0.0,0.36619345450293217
halueval-2058,halueval,0,5,0.8633094150833003,0.09762994909378617,0.0390606358229136,1.0,0.0,0.0,0.11716026700524297
halueval-378,halueval,0,5,0.29264774152789064,0.6965500900417825,0.010802168430326829,0.3,0.7,0.0,0.7019511742569459
halueval-1298,halueval,0,5,0.24944430957947686,0.5927795153220122,0.15777617509851094,0.1,0.6,0.3,0.6716676028712677
halueval-4403,halueval,0,5,0.9767781753134732,0.0015108582729540874,0.021710966413572664,1.0,0.0,0.0,0.012366341479740419
halueval-5646,halueval,0,5,0.2972243517000629,0.5921669631689299,0.11060868513100722,0.2,0.8,0.0,0.6474713057344336
halueval-813,halueval,1,5,0.7850213634842858,0.004343337560035248,0.210635298955679,0.6,0.0,0.4,0.10966098703787475
halueval-3774,halueval,0,5,0.7997126958639382,0.002456789694927012,0.1978305144411348,1.0,0.0,0.0,0.10137204691549441
halueval-2337,halueval,0,5,0.7899272714405748,0.0037303337551932297,0.20634239480423205,1.0,0.0,0.0,0.10690153115730926
halueval-5503,halueval,0,5,0.5949593991559569,0.3599048094423522,0.04513579140169092,0.6,0.4,0.0,0.38247270514319764
halueval-3482,halueval,0,5,0.29679284050562016,0.2054696377074504,0.4977375217869294,0.2,0.0,0.8,0.45433839860091507
halueval-5565,halueval,1,5,0.7925238601337096,0.0008034028383373879,0.20667273702795308,0.6,0.0,0.4,0.10413977135231393
halueval-2154,halueval,0,5,0.29525950773348,0.5499906556042873,0.15474983666223277,0.5,0.5,0.0,0.6273655739354037
halueval-8495,halueval,0,5,0.5786601873880924,0.3996378659966335,0.021701946615274182,0.6,0.4,0.0,0.41048883930427055
halueval-1611,halueval,1,5,0.6867977522693909,0.03398931685982282,0.2792129308707865,0.7,0.0,0.3,0.17359578229521608
halueval-1564,halueval,1,5,0.18173506376511217,0.7890558144362391,0.029209121798648763,0.2,0.8,0.0,0.8036603753355634
halueval-9405,halueval,0,5,0.46160989844018835,0.3329594136624382,0.20543068789737345,0.3,0.4,0.3,0.43567475761112495
halueval-5754,halueval,0,5,0.5646517806633669,0.4002245848816169,0.03512363445501631,0.6,0.4,0.0,0.41778640210912504
halueval-1996,halueval,1,5,0.3848782378292831,0.4769169759484536,0.1382047862222633,0.4,0.6,0.0,0.5460193690595853
halueval-7896,halueval,1,5,0.45989318799835976,0.10033903073283904,0.4397677812688012,0.1,0.1,0.8,0.3202229213672396
halueval-262,halueval,0,5,0.6277123549750068,0.2347941082047705,0.13749353682022275,0.6,0.4,0.0,0.3035408766148819
halueval-8107,halueval,0,5,0.9600421651002119,0.007777555640334809,0.0321802792594535,1.0,0.0,0.0,0.023867695270061558
halueval-6430,halueval,1,5,0.5779152047185687,0.2422312855283914,0.17985350975303988,0.6,0.4,0.0,0.33215804040491137
halueval-396,halueval,0,5,0.9648117020279072,0.00399372583520652,0.031194572136886152,1.0,0.0,0.0,0.019591011903649598
halueval-6835,halueval,0,5,0.7652723846861097,0.03238982365710104,0.20233779165678922,1.0,0.0,0.0,0.13355871948549564
halueval-438,halueval,0,5,0.9694876590401214,0.0019459079472752244,0.02856643301260354,1.0,0.0,0.0,0.016229124453576993
halueval-9632,halueval,1,5,0.42175387956774213,0.34094933704403996,0.23729678338821786,0.4,0.6,0.0,0.45959772873814886
halueval-909,halueval,1,5,0.754784474501221,0.198317941513347,0.04689758398543194,0.6,0.4,0.0,0.22176673350606296
halueval-4228,halueval,0,5,0.9533973616647039,0.013694157470777176,0.03290848086451903,1.0,0.0,0.0,0.03014839790303669
halueval-8756,halueval,0,5,0.9795156699315714,0.0022947739286676766,0.018189556139760928,1.0,0.0,0.0,0.011389551998548141
halueval-8958,halueval,1,5,0.4647719426794854,0.045501740975952075,0.4897263163445625,0.1,0.0,0.9,0.2903648991482333
halueval-351,halueval,1,5,0.9782247636793022,0.0030550068915411116,0.01872022942915675,1.0,0.0,0.0,0.012415121606119486
halueval-8371,halueval,0,5,0.9676690900246523,0.00811538097243204,0.024215529002915702,1.0,0.0,0.0,0.02022314547388989
halueval-858,halueval,0,5,0.4539094837401521,0.3248666257822942,0.22122389047755364,0.3,0.4,0.3,0.435478571021071
halueval-302,halueval,1,5,0.6145846677258755,0.023540457895103357,0.3618748743790212,0.3,0.0,0.7,0.20447789508461398
halueval-6446,halueval,1,5,0.46488895131834174,0.02111944564214679,0.5139916030395114,0.3,0.0,0.7,0.2781152471619025
halueval-5194,halueval,1,5,0.44528907333606965,0.39727820451664675,0.15743272214728354,0.3,0.4,0.3,0.4759945655902885
halueval-2679,halueval,1,5,0.41780685787906335,0.405460827171568,0.1767323149493686,0.6,0.4,0.0,0.4938269846462523
halueval-2882,halueval,0,5,0.11111025635307928,0.7452767399313182,0.14361300371560265,0.1,0.8,0.1,0.8170832417891195
halueval-6195,halueval,0,5,0.4378869654462214,0.10039786120677789,0.46171517334700063,0.2,0.0,0.8,0.3312554478802782
halueval-3574,halueval,1,5,0.9717838267804597,0.005032551619862006,0.023183621599678357,1.0,0.0,0.0,0.016624362419701184
halueval-9344,halueval,1,5,0.6721304319908172,0.010719217850917801,0.31715035015826487,0.4,0.0,0.6,0.16929439293005025
halueval-6572,halueval,0,5,0.9671915419254693,0.007250972505382923,0.025557485569147657,1.0,0.0,0.0,0.02002971528995675
halueval-1013,halueval,0,5,0.979617393933234,0.0008799573022623198,0.019502648764503795,1.0,0.0,0.0,0.010631281684514217
halueval-6480,halueval,0,5,0.5738835031332029,0.39483818225423883,0.031278314612558325,0.6,0.4,0.0,0.410477339560518
halueval-9327,halueval,1,5,0.5855119235057548,0.3995854630842707,0.014902613409974697,0.6,0.4,0.0,0.407036769789258
halueval-880,halueval,0,5,0.910310344235478,0.03141550038039691,0.05827415538412504,1.0,0.0,0.0,0.06055257807245942
halueval-1221,halueval,1,5,0.9725235986563028,0.0005717233454042653,0.026904677998292797,1.0,0.0,0.0,0.014024062344550664
halueval-6186,halueval,0,5,0.1978524537847693,0.6949747733823495,0.10717277283288121,0.3,0.7,0.0,0.7485611597987901
halueval-9766,halueval,1,5,0.9357472640053469,0.020810890671532085,0.04344184532312088,1.0,0.0,0.0,0.04253181333309253
halueval-4378,halueval,1,5,0.9492648753895636,0.011646699380372754,0.039088425230063444,1.0,0.0,0.0,0.031190911995404476
halueval-3683,halueval,0,5,0.6163898970793618,0.006096056485105054,0.3775140464355332,0.4,0.0,0.6,0.19485307970287166
halueval-6340,halueval,0,5,0.5011573021539153,0.19631179777004762,0.3025309000760372,0.6,0.2,0.2,0.3475772478080662
halueval-4100,halueval,0,5,0.5878110924840536,0.4005208567923632,0.011668050723583262,0.6,0.4,0.0,0.40635488215415483
halueval-6221,halueval,1,5,0.9737232234630596,0.0008272418487949879,0.025449534688145266,1.0,0.0,0.0,0.013552009192867621
halueval-6366,halueval,0,5,0.7738641709420722,0.002722888239616455,0.22341294081831134,0.6,0.0,0.4,0.11442935864877213
halueval-582,halueval,1,5,0.9513048403889158,0.007790412865120893,0.04090474674596333,1.0,0.0,0.0,0.028242786238102557
halueval-9911,halueval,0,5,0.9257043621882545,0.033492150693851364,0.04080348711789418,1.0,0.0,0.0,0.053893894252798454
halueval-9839,halueval,1,5,0.9928403046378325,0.000956296755023257,0.006203398607144324,1.0,0.0,0.0,0.004057996058595419
halueval-9616,halueval,0,5,0.979767303755384,0.0015195879511110868,0.01871310829350471,1.0,0.0,0.0,0.010876142097863441
halueval-9359,halueval,0,5,0.5668075102591486,0.03494575421081758,0.3982467355300338,0.6,0.0,0.4,0.2340691219758345
halueval-6087,halueval,0,5,0.7818601840663341,0.001692862978069096,0.21644695295559674,0.6,0.0,0.4,0.10991633945586747
halueval-3271,halueval,0,5,0.32282596399066577,0.18321111967366302,0.4939629163356713,0.3,0.1,0.6,0.43019257784149867
halueval-2785,halueval,1,5,0.42982358860238323,0.5031802291265864,0.0669961822710303,0.4,0.6,0.0,0.5366783202621016
halueval-5678,halueval,0,5,0.11210994009543726,0.15134733567164482,0.7365427242329179,0.1,0.0,0.9,0.5196186977881038
halueval-1184,halueval,0,5,0.3208330420278357,0.29787019116922997,0.3812967668029343,0.4,0.2,0.4,0.48851857457069714
halueval-7750,halueval,1,5,0.3473129942085881,0.2920501460104143,0.3606368597809976,0.4,0.2,0.4,0.4723685759009131
halueval-6348,halueval,1,5,0.2281386676667692,0.31619048651694,0.4556708458162909,0.1,0.2,0.7,0.5440259094250854
halueval-3577,halueval,1,5,0.9698265430671048,0.005618530922902877,0.024554926009992324,1.0,0.0,0.0,0.017895993927899038
halueval-4577,halueval,1,5,0.19713635022604753,0.7944063852110836,0.008457264562868761,0.2,0.8,0.0,0.798635017492518
halueval-3261,halueval,0,5,0.8025019610367556,0.05813159120343016,0.13936644775981416,1.0,0.0,0.0,0.12781481508333725
halueval-5834,halueval,0,5,0.682305212545658,0.0033605146303747856,0.31433427282396736,0.4,0.0,0.6,0.16052765104235847
halueval-3654,halueval,1,5,0.9855981654565994,0.002823573951036384,0.011578260592364316,1.0,0.0,0.0,0.008612704247218541
halueval-4397,halueval,1,5,0.9264442652173775,0.02808355577572058,0.045472179006901904,1.0,0.0,0.0,0.05081964527917153
halueval-9181,halueval,1,5,0.9832358442408247,0.0038123668834400084,0.012951788875735223,1.0,0.0,0.0,0.01028826132130762
halueval-7847,halueval,1,5,0.39900201909745575,0.015119881273721977,0.5858780996288223,0.4,0.0,0.6,0.30805893108813315
halueval-5915,halueval,0,5,0.7820597165898878,0.004958936095649906,0.21298134731446225,0.6,0.0,0.4,0.11144960975288103
halueval-9067,halueval,1,5,0.9664582376540368,0.003575680656757595,0.029966081689205466,1.0,0.0,0.0,0.01855872150136033
halueval-7859,halueval,0,5,0.1406635843504072,0.7992637810038689,0.060072634645723835,0.1,0.9,0.0,0.8293000983267308
halueval-3463,halueval,1,5,0.6395749220219649,0.005237480277394614,0.35518759770064046,0.6,0.0,0.4,0.18283127912771485
halueval-3559,halueval,1,5,0.29400081232843756,0.6969675350583227,0.009031652613239901,0.3,0.7,0.0,0.7014833613649426
halueval-9730,halueval,0,5,0.404393432859303,0.29974189310224386,0.29586467403845323,0.4,0.2,0.4,0.44767423012147045
halueval-8161,halueval,0,5,0.911416689778483,0.030289252944284046,0.05829405727723273,1.0,0.0,0.0,0.059436281582900416
halueval-1379,halueval,0,5,0.7853018221212782,0.19402958568108877,0.02066859219763308,1.0,0.0,0.0,0.2043638817799053
halueval-3059,halueval,0,5,0.9703497943816537,0.006144642762398949,0.023505562855947543,1.0,0.0,0.0,0.01789742419037272
halueval-1052,halueval,1,5,0.9754903337263645,0.0012044867178854879,0.02330517955574982,1.0,0.0,0.0,0.012857076495760398
halueval-6298,halueval,0,5,0.9717999671677504,0.0006133001477207364,0.02758673268452901,1.0,0.0,0.0,0.01440666648998524
halueval-3101,halueval,1,5,0.4504257694670363,0.01526337236289263,0.534310858170071,0.2,0.0,0.8,0.2824188014479281
halueval-7769,halueval,0,5,0.9206649609187872,0.012248296812049581,0.06708674226916314,1.0,0.0,0.0,0.04579166794663115
halueval-7445,halueval,1,5,0.3988931296738679,0.5918699479874976,0.009236922338634714,0.4,0.6,0.0,0.596488409156815
halueval-1641,halueval,0,5,0.24755738642900726,0.5422182166610426,0.21022439690995012,0.2,0.6,0.2,0.6473304151160177
halueval-9738,halueval,0,5,0.933573360667841,0.0019701969203160803,0.06445644241184298,1.0,0.0,0.0,0.03419841812623757
halueval-4789,halueval,1,5,0.3865401752248127,0.6009204784485207,0.012539346326666787,0.4,0.6,0.0,0.6071901516118541
halueval-244,halueval,0,5,0.5168083368255527,0.3892899529247164,0.09390171024973087,0.4,0.6,0.0,0.4362408080495819
halueval-6578,halueval,1,5,0.6723781659475312,0.0010264454462708013,0.3265953886061979,0.4,0.0,0.6,0.16432413974936977
halueval-4658,halueval,0,5,0.5960968435671203,0.1424857711702097,0.26141738526266994,0.6,0.0,0.4,0.27319446380154466
halueval-1382,halueval,1,5,0.27068260268588096,0.47467455437195494,0.25464284294216405,0.4,0.5,0.1,0.601995975843037
halueval-7514,halueval,1,5,0.9706731156616201,0.004087803554799275,0.02523908078358078,1.0,0.0,0.0,0.016707343946589667
halueval-2145,halueval,1,5,0.3609243435838059,0.6106778014290936,0.02839785498710053,0.4,0.6,0.0,0.6248767289226438
halueval-7145,halueval,1,5,0.9410215616181737,0.013679743438896445,0.04529869494292989,1.0,0.0,0.0,0.03632909091036139
halueval-2619,halueval,1,5,0.24469252340537273,0.676032555983054,0.07927492061157317,0.3,0.7,0.0,0.7156700162888406
halueval-3056,halueval,0,5,0.39140724991704146,0.4034991874315411,0.20509356265141737,0.4,0.4,0.2,0.5060459687572498
halueval-7259,halueval,1,5,0.590306595157384,0.4003643324459875,0.009329072396628441,0.6,0.4,0.0,0.4050288686443017
halueval-9994,halueval,1,5,0.8239294316587079,0.006000248985680625,0.17007031935561154,1.0,0.0,0.0,0.09103540866348639
halueval-1651,halueval,0,5,0.5835719802836395,0.39975201555721546,0.016676004159144893,0.6,0.4,0.0,0.4080900176367879
halueval-4271,halueval,0,5,0.9744538720091688,0.00157913876765267,0.023966989223178446,1.0,0.0,0.0,0.013562633379241892
halueval-8295,halueval,0,5,0.7659763689569268,0.003973271771610128,0.23005035927146325,0.6,0.0,0.4,0.11899845140734175
halueval-5735,halueval,0,5,0.6804095744738617,0.004082642004763478,0.31550778352137476,0.4,0.0,0.6,0.16183653376545085
halueval-7343,halueval,0,5,0.9817116731883317,0.0007516330541108819,0.017536693757557544,1.0,0.0,0.0,0.009519979932889654
halueval-7076,halueval,1,5,0.24719267700009237,0.3017875169606982,0.4510198060392094,0.2,0.3,0.5,0.5272974199803029
halueval-7190,halueval,1,5,0.720600436863952,0.024426386268547713,0.2549731768675003,1.0,0.0,0.0,0.15191297470229786
halueval-8745,halueval,0,5,0.5308730724093526,0.27805290549184064,0.1910740220988068,0.8,0.2,0.0,0.37358991654124407
halueval-7270,halueval,0,5,0.5153803699060193,0.416486112826814,0.06813351726716663,0.4,0.6,0.0,0.45055287146039735
halueval-3283,halueval,1,5,0.2813569472466458,0.4261788874001954,0.2924641653531589,0.2,0.4,0.4,0.5724109700767748
halueval-8456,halueval,1,5,0.7824484192881538,0.0027447548491226445,0.2148068258627236,0.6,0.0,0.4,0.11014816778048445
halueval-5153,halueval,1,5,0.2948119961920998,0.5440166670563229,0.1611713367515773,0.2,0.6,0.2,0.6246023354321115
halueval-6235,halueval,0,5,0.8887706794971182,0.006105443493506566,0.10512387700937513,1.0,0.0,0.0,0.05866738199819413
halueval-8815,halueval,0,5,0.942580135157727,0.013566987879614866,0.04385287696265794,1.0,0.0,0.0,0.03549342636094384
halueval-905,halueval,1,5,0.7265550896124864,0.0976781559752048,0.17576675441230888,0.9,0.1,0.0,0.18556153318135923
halueval-187,halueval,0,5,0.3909551833878317,0.6012742031628633,0.0077706134493051495,0.4,0.6,0.0,0.6051595098875159
halueval-5850,halueval,0,5,0.5404791002231335,0.010996010279051737,0.4485248894978146,0.4,0.0,0.6,0.23525845502795903
halueval-469,halueval,0,5,0.2057115292275812,0.6289054216096959,0.1653830491627228,0.3,0.7,0.0,0.7115969461910573
halueval-5196,halueval,0,5,0.34671125313951995,0.3902684680573565,0.2630202788031236,0.4,0.4,0.2,0.5217786074589184
halueval-7265,halueval,1,5,0.148916454175496,0.5384374144137073,0.31264613141079656,0.0,0.7,0.3,0.6947604801191056
halueval-7047,halueval,0,5,0.27522971365619,0.3026452417958877,0.42212504454792227,0.1,0.3,0.6,0.5137077640698489
halueval-271,halueval,0,5,0.3883693635950776,0.5626489423497399,0.04898169405518246,0.4,0.6,0.0,0.5871397893773311
halueval-2117,halueval,1,5,0.5272012137585759,0.10287146580857506,0.36992732043284904,0.3,0.1,0.6,0.2878351260249996
halueval-5929,halueval,0,5,0.7833796061581646,0.00634161765037936,0.21027877619145605,0.6,0.0,0.4,0.11148100574610738
halueval-6386,halueval,0,5,0.9700219888477214,0.005980789855699214,0.02399722129657945,1.0,0.0,0.0,0.01797940050398894
halueval-1043,halueval,0,5,0.14277480768294276,0.7942519787845499,0.06297321353250732,0.2,0.8,0.0,0.8257385855508036
halueval-2843,halueval,0,5,0.6824013967881621,0.007511619623536092,0.3100869835883019,0.4,0.0,0.6,0.16255511141768703
halueval-9507,halueval,1,5,0.9758704131056533,0.005072929941252261,0.019056656953094653,1.0,0.0,0.0,0.014601258417799589
halueval-7956,halueval,1,5,0.5008812719410878,0.016183828810585593,0.48293489924832655,0.3,0.0,0.7,0.2576512784347489
halueval-9698,halueval,1,5,0.3510990523194002,0.5962783376901672,0.05262260999043258,0.4,0.6,0.0,0.6225896426853835
halueval-1393,halueval,0,5,0.6189573203441128,0.0031760592557141623,0.37786662040017294,0.3,0.0,0.7,0.19210936945580062
halueval-4686,halueval,1,5,0.8929620051830808,0.033045527501119325,0.07399246731579986,1.0,0.0,0.0,0.07004176115901925
halueval-5445,halueval,1,5,0.44369826797018763,0.3517909224642556,0.20451080956555673,0.4,0.4,0.2,0.454046327247034
halueval-9369,halueval,0,5,0.8260783256963447,0.05271737436613712,0.1212042999375182,1.0,0.0,0.0,0.11331952433489623
halueval-8417,halueval,1,5,0.9479703154982939,0.016100671909045045,0.03592901259266114,1.0,0.0,0.0,0.034065178205375614
halueval-2797,halueval,1,5,0.78778550083649,0.0069417023317211776,0.20527279683178873,0.6,0.0,0.4,0.10957810074761554
halueval-3674,halueval,1,5,0.9146743294598549,0.0028253567087908253,0.08250031383135446,1.0,0.0,0.0,0.04407551362446806
halueval-8452,halueval,1,5,0.9171382400091357,0.027907413482218736,0.054954346508645724,1.0,0.0,0.0,0.0553845867365416
halueval-8532,halueval,0,5,0.33506377369043994,0.356182076799647,0.30875414950991303,0.2,0.4,0.4,0.5105591515546035
halueval-6985,halueval,1,5,0.8620824695524977,0.044415777726703,0.09350175272079939,1.0,0.0,0.0,0.0911666540871027
halueval-585,halueval,0,5,0.9486138678767414,0.0024966963471248047,0.0488894357761336,1.0,0.0,0.0,0.026941414235191603
halueval-2129,halueval,1,5,0.33618207622933893,0.3980782912952653,0.26573963247539567,0.1,0.4,0.5,0.5309481075329632
halueval-4508,halueval,0,5,0.9924429156584734,0.0009227692962768148,0.00663431504524972,1.0,0.0,0.0,0.0042399268189016745
halueval-8381,halueval,1,5,0.971007502874025,0.0010371205296548138,0.02795537659632017,1.0,0.0,0.0,0.0150148088278149
halueval-9386,halueval,0,5,0.805740128906821,0.03960607663294975,0.15465379446022914,1.0,0.0,0.0,0.11693297386306432
halueval-7807,halueval,0,5,0.3958124359335421,0.3448280188651638,0.2593595452012941,0.7,0.3,0.0,0.47450779146581085
halueval-4112,halueval,0,5,0.9624820083817138,0.0041377173805579644,0.033380274237728144,1.0,0.0,0.0,0.020827854499422038
halueval-2197,halueval,1,5,0.5992078622989511,0.36861099913878204,0.03218113856226697,0.6,0.4,0.0,0.38470156841991554
halueval-5940,halueval,1,5,0.24143849274802368,0.45457340975961635,0.30398809749236,0.2,0.5,0.3,0.6065674585057963
halueval-7465,halueval,0,5,0.7577788724303216,0.09676671006899545,0.14545441750068305,1.0,0.0,0.0,0.16949391881933698
halueval-3949,halueval,0,5,0.09996325221811272,0.883314671197188,0.016722076584699284,0.1,0.9,0.0,0.8916757094895377
halueval-1336,halueval,0,5,0.39144957784167256,0.5771317412613812,0.03141868089694626,0.4,0.6,0.0,0.5928410817098544
halueval-8565,halueval,1,5,0.9800416131472822,0.0026815045851605475,0.017276882267557237,1.0,0.0,0.0,0.011319945718939167
halueval-3895,halueval,0,5,0.7703537814214823,0.010525770002048731,0.21912044857646906,1.0,0.0,0.0,0.12008599429028326
halueval-7261,halueval,1,5,0.632998470542267,0.04137172739566677,0.3256298020620662,0.8,0.0,0.2,0.20418662842669988
halueval-4138,halueval,1,5,0.9648141337105549,0.0021041520640871373,0.03308171422535764,1.0,0.0,0.0,0.018645009176765957
halueval-380,halueval,1,5,0.5862204466188706,0.0024304790127700707,0.41134907436835916,0.2,0.0,0.8,0.20810501619694965
halueval-5582,halueval,0,5,0.9595754800499886,0.011050010598287795,0.029374509351723404,1.0,0.0,0.0,0.025737265274149497
halueval-2427,halueval,0,5,0.5989899427714536,0.3793479387224993,0.021662118506047053,0.6,0.4,0.0,0.3901789979755228
halueval-8666,halueval,1,5,0.9846242082270745,0.0015876045193107184,0.013788187253614931,1.0,0.0,0.0,0.008481698146118185
halueval-715,halueval,0,5,0.97608002843355,0.003360321802723959,0.020559649763725867,1.0,0.0,0.0,0.013640146684586893
halueval-6861,halueval,1,5,0.6628762191226618,0.08805866144362869,0.24906511943370954,0.6,0.0,0.4,0.21259122116048346
halueval-2437,halueval,0,5,0.9786765489176508,0.0024418141294529267,0.018881636952896096,1.0,0.0,0.0,0.011882632605900974
halueval-1441,halueval,1,5,0.9630377936621285,0.0013949224190242702,0.03556728391884727,1.0,0.0,0.0,0.019178564378447904
halueval-8627,halueval,1,5,0.195240438433683,0.5656582182933936,0.23910134327292337,0.1,0.7,0.2,0.6852088899298553
halueval-9062,halueval,0,5,0.0016253746552524334,0.6516501878582529,0.3467244374864946,0.0,0.9,0.1,0.8250124066015002
halueval-1848,halueval,0,5,0.3904637115669177,0.5949102808727055,0.014626007560376752,0.4,0.6,0.0,0.6022232846528939
halueval-4277,halueval,0,5,0.3977930677466206,0.5931309984208595,0.009075933832520066,0.4,0.6,0.0,0.5976689653371196
halueval-7074,halueval,0,5,0.9815103847023202,0.001069477424729191,0.017420137872950728,1.0,0.0,0.0,0.009779546361204554
halueval-1201,halueval,0,5,0.9615323816294501,0.0012984988775405198,0.0371691194930095,1.0,0.0,0.0,0.01988305862404527
halueval-9089,halueval,0,5,0.9599481818123807,0.002503015701056992,0.03754880248656211,1.0,0.0,0.0,0.021277416944338046
halueval-161,halueval,1,5,0.40136014201778386,0.5785214326003939,0.020118425381822132,0.4,0.6,0.0,0.5885806452913049
halueval-3150,halueval,1,5,0.5896395704263059,0.15387742860040474,0.2564830009732894,1.0,0.0,0.0,0.28211892908704944
halueval-8705,halueval,1,5,0.5322517273517712,0.11180788784236462,0.35594038480586415,0.7,0.0,0.3,0.2897780802452967
halueval-9238,halueval,0,5,0.9338481235181778,0.0073559969654831536,0.0587958795163391,1.0,0.0,0.0,0.0367539367236527
halueval-5555,halueval,0,5,0.8589276093750126,0.008152324851872114,0.13292006577311516,1.0,0.0,0.0,0.0746123577384297
halueval-505,halueval,1,5,0.6811823894124995,0.1037800378816005,0.2150375727058999,1.0,0.0,0.0,0.21129882423455046
halueval-9601,halueval,1,5,0.4310475559572208,0.4000839575939416,0.16886848644883767,0.6,0.4,0.0,0.48451820081836044
halueval-5692,halueval,1,5,0.7846731245941292,0.004026510003440788,0.21130036540243,0.6,0.0,0.4,0.10967669270465578
halueval-5182,halueval,1,5,0.2589564393228282,0.27482247123177334,0.4662210894453985,0.3,0.1,0.6,0.5079330159544726
halueval-5774,halueval,1,5,0.8446897138914566,0.005659333615876014,0.14965095249266724,1.0,0.0,0.0,0.08048480986220964
halueval-1022,halueval,1,5,0.6940125944433958,0.08712618475126935,0.2188612208053348,1.0,0.0,0.0,0.19655679515393676
halueval-5089,halueval,1,5,0.9711965177322991,0.005963128026040326,0.022840354241660418,1.0,0.0,0.0,0.017383305146870535
halueval-2259,halueval,0,5,0.4255787930359215,0.5489357935032481,0.025485413460830452,0.4,0.6,0.0,0.5616785002336633
halueval-4560,halueval,1,5,0.7104951563714527,0.05040031583153324,0.23910452779701416,0.6,0.0,0.4,0.16995257973004033
halueval-8564,halueval,1,5,0.1532001459263249,0.7761001555391628,0.07069969853451237,0.2,0.8,0.0,0.8114500048064189
halueval-6586,halueval,0,5,0.28192263091648406,0.06300690649652348,0.6550704625869924,0.1,0.0,0.9,0.39054213779001967
halueval-8022,halueval,0,5,0.09444335480047115,0.6408647363227922,0.2646919088767368,0.1,0.7,0.2,0.7732106907611606
halueval-3313,halueval,0,5,0.7847262887403306,0.04816714185659822,0.16710656940307117,1.0,0.0,0.0,0.13172042655813382
halueval-6455,halueval,1,5,0.9848476252898803,0.0007446226908131872,0.01440775201930634,1.0,0.0,0.0,0.007948498700466357
halueval-4056,halueval,1,5,0.38787150889156347,0.596091008011632,0.01603748309680451,0.4,0.6,0.0,0.6041097495600342
halueval-4885,halueval,1,5,0.977778274263972,0.0019595589378120634,0.020262166798215707,1.0,0.0,0.0,0.012090642336919918
halueval-3057,halueval,0,5,0.9557388993767685,0.01024281642847012,0.03401828419476138,1.0,0.0,0.0,0.027251958525850814
halueval-1800,halueval,1,5,0.9011481356049661,0.033820116326729856,0.06503174806830414,1.0,0.0,0.0,0.06633599036088192
halueval-1699,halueval,0,5,0.9355581513745304,0.015054210166824924,0.049387638458644786,1.0,0.0,0.0,0.039748029396147314
halueval-4268,halueval,1,5,0.3979840892302563,0.39733451694081384,0.2046813938289299,0.2,0.4,0.4,0.4996752138552788
halueval-6224,halueval,0,5,0.8743598483402801,0.008204442448407425,0.1174357092113125,1.0,0.0,0.0,0.06692229705406368
halueval-7278,halueval,1,5,0.7526039257379905,0.10052375164431374,0.14687232261769573,1.0,0.0,0.0,0.1739599129531616
halueval-6542,halueval,1,5,0.9588270408153008,0.009977059507759716,0.031195899676939486,1.0,0.0,0.0,0.025575009346229458
halueval-8120,halueval,0,5,0.8580084900912448,0.00911154634439736,0.13287996356435783,1.0,0.0,0.0,0.07555152812657627
halueval-1770,halueval,0,5,0.5867314376025018,0.399141560604675,0.014127001792823108,0.6,0.4,0.0,0.40620506150108654
halueval-5616,halueval,1,5,0.3622183655996598,0.33340904524136816,0.30437258915897214,0.6,0.2,0.2,0.48559533982085423
halueval-4798,halueval,1,5,0.6435556391087156,0.20405871994428487,0.15238564094699955,0.6,0.4,0.0,0.28025154041778466
halueval-9542,halueval,1,5,0.5825822724100872,0.40012577026738444,0.017291957322528275,0.6,0.4,0.0,0.4087717489286486
halueval-987,halueval,0,5,0.342407290117386,0.39334086784107936,0.2642518420415346,0.2,0.4,0.4,0.5254667888618467
halueval-7725,halueval,0,5,0.43648829785877,0.015768311961381818,0.5477433901798481,0.4,0.0,0.6,0.2896400070513059
halueval-6995,halueval,1,5,0.3452363596094536,0.22602721055085132,0.42873642983969507,0.1,0.3,0.6,0.4403954254706989
halueval-5982,halueval,1,5,0.667973091826837,0.049794388372688556,0.2822325198004746,1.0,0.0,0.0,0.19091064827292586
halueval-7169,halueval,1,5,0.6817414089551915,0.008693280143667562,0.3095653109011408,0.4,0.0,0.6,0.16347593559423795
halueval-1874,halueval,0,5,0.9901736723501117,0.0007065770389458718,0.009119750610942324,1.0,0.0,0.0,0.0052664523444170335
halueval-6090,halueval,0,5,0.5938329205979687,0.3685137255702291,0.03765335383180217,0.6,0.4,0.0,0.38734040248613016
halueval-4527,halueval,1,5,0.6085024105479635,0.3777879067225248,0.01370968272951171,0.6,0.4,0.0,0.38464274808728066
halueval-4794,halueval,1,5,0.6266710809690499,0.27046428243426796,0.10286463659668221,0.6,0.4,0.0,0.32189660073260906
halueval-51,halueval,0,5,0.4033600352789713,0.03626592255001721,0.5603740421710115,0.4,0.0,0.6,0.31645294363552295
halueval-3130,halueval,0,5,0.4368286745378911,0.3489248522280053,0.21424647323410362,0.4,0.3,0.3,0.4560480888450571
halueval-5564,halueval,0,5,0.985658953453948,0.0025742934944830774,0.011766753051568834,1.0,0.0,0.0,0.008457670020267495
halueval-5904,halueval,1,5,0.7923920368563211,0.007295763928957115,0.20031219921472201,1.0,0.0,0.0,0.10745186353631812
halueval-666,halueval,1,5,0.5860699948471366,0.011488629603892183,0.4024413755489711,0.3,0.0,0.7,0.21270931737837773
halueval-3180,halueval,1,5,0.9677253565950575,0.008159003235361114,0.024115640169581468,1.0,0.0,0.0,0.020216823320151848
halueval-102,halueval,1,5,0.8985662559416617,0.019618336442961785,0.08181540761537645,1.0,0.0,0.0,0.06052604025065001
halueval-1780,halueval,1,5,0.37542390035093487,0.06308902697885972,0.5614870726702053,0.1,0.0,0.9,0.34383256331396234
halueval-7326,halueval,0,5,0.6385993764747914,0.0019123447608718701,0.35948827876433664,0.6,0.0,0.4,0.1816564841430402
halueval-3963,halueval,1,5,0.8037266789151095,0.0016369896727501405,0.19463633141214037,1.0,0.0,0.0,0.09895515537882033
halueval-935,halueval,1,5,0.6874986128115782,0.007471655351650401,0.30502973183677135,0.4,0.0,0.6,0.15998652127003607
halueval-8967,halueval,1,5,0.7985101465789581,0.0009227365119128747,0.20056711690912904,1.0,0.0,0.0,0.1012062949664774
halueval-8973,halueval,1,5,0.9571131488514959,0.002797103605850442,0.04008974754265342,1.0,0.0,0.0,0.02284197737717715
halueval-5740,halueval,0,5,0.9527614470842154,0.0034333944292713045,0.04380515848651346,1.0,0.0,0.0,0.025335973672528034
halueval-7612,halueval,0,5,0.47605918132273883,0.07458027827996336,0.4493605403972977,0.4,0.0,0.6,0.2992605484786122
halueval-7263,halueval,0,5,0.7856535602489051,0.0049519307666436255,0.20939450898445133,1.0,0.0,0.0,0.1096491852588693
halueval-6592,halueval,0,5,0.33756805510174387,0.38653715351713824,0.27589479138111794,0.2,0.4,0.4,0.5244845492076973
halueval-4514,halueval,1,5,0.10093306985600008,0.6773228543250546,0.22174407581894542,0.1,0.7,0.2,0.7881948922345273
halueval-2565,halueval,0,5,0.9902078265977172,0.001057774005890407,0.008734399396392452,1.0,0.0,0.0,0.005424973704086633
halueval-3372,halueval,1,5,0.9281026438562666,0.02245349575762341,0.04944386038611008,1.0,0.0,0.0,0.047175425950678446
halueval-7171,halueval,0,5,0.19922049822509844,0.6064431496307525,0.19433635214414888,0.1,0.7,0.2,0.7036113257028269
halueval-2467,halueval,1,5,0.6074095314432921,0.33957711328171314,0.053013355274994754,0.6,0.4,0.0,0.3660837909192105
halueval-8330,halueval,0,5,0.977746240874399,0.0030316704481921568,0.019222088677408787,1.0,0.0,0.0,0.01264271478689655
halueval-9671,halueval,1,5,0.9861968882947171,0.003326014716814833,0.010477096988468045,1.0,0.0,0.0,0.008564563211048856
halueval-6465,halueval,1,5,0.6519444979528892,0.05881349888606413,0.28924200316104665,0.6,0.0,0.4,0.20343450046658745
halueval-6103,halueval,1,5,0.2974317690464015,0.4140472972798663,0.2885209336737322,0.2,0.8,0.0,0.5583077641167324
halueval-475,halueval,1,5,0.9750038461583935,0.0015618835042339539,0.023434270337372602,1.0,0.0,0.0,0.013279018672920254
halueval-9060,halueval,1,5,0.7336315228764752,0.007165604643756892,0.25920287247976803,0.6,0.0,0.4,0.13676704088364092
halueval-4121,halueval,1,5,0.5648778429550321,0.4021449780910883,0.03297717895387943,0.6,0.4,0.0,0.418633567568028
halueval-2109,halueval,1,5,0.9360882793202856,0.024356721227303587,0.03955499945241074,1.0,0.0,0.0,0.044134220953508954
halueval-3298,halueval,0,5,0.4464248790141295,0.39945236598312717,0.1541227550027434,0.3,0.4,0.3,0.4765137434844989
halueval-4495,halueval,0,5,0.9903824080221483,0.0015301184180866942,0.008087473559764894,1.0,0.0,0.0,0.005573855197969141
halueval-7533,halueval,1,5,0.6854201622402561,0.002524669726645487,0.3120551680330984,0.4,0.0,0.6,0.1585522537431947
halueval-7273,halueval,1,5,0.5584637521326012,0.01923657120459473,0.4222996766628041,0.8,0.0,0.2,0.2303864095359968
halueval-9666,halueval,0,5,0.39564329542990795,0.38030886334012604,0.22404784122996602,0.3,0.3,0.4,0.49233278395510904
halueval-6411,halueval,0,5,0.6840734206935615,0.20395259268672822,0.11197398661971011,0.6,0.4,0.0,0.2599395859965833
halueval-7291,halueval,1,5,0.39024650476121053,0.5994915687003853,0.01026192653840417,0.4,0.6,0.0,0.6046225319695874
halueval-300,halueval,1,5,0.19720627371860439,0.6929017638121464,0.10989196246924922,0.1,0.7,0.2,0.747847745046771
halueval-9888,halueval,0,5,0.9553023044687361,0.010649061912802401,0.034048633618461395,1.0,0.0,0.0,0.0276733787220331
halueval-4650,halueval,0,5,0.9783197008694484,0.0044629242727359155,0.017217374857815614,1.0,0.0,0.0,0.013071611701643723
halueval-4684,halueval,0,5,0.6800698968715747,0.024196736627502345,0.2957333665009228,1.0,0.0,0.0,0.17206341987796375
halueval-1338,halueval,1,5,0.01739043163275009,0.8725095464720092,0.11010002189524086,0.0,0.9,0.1,0.9275595574196296
halueval-7113,halueval,0,5,0.9261723855146705,0.014998407139557367,0.05882920734577217,1.0,0.0,0.0,0.04441301081244345
halueval-7299,halueval,0,5,0.7919869086770819,0.010105254127128217,0.19790783719579,1.0,0.0,0.0,0.10905917272502322
halueval-5841,halueval,1,5,0.26987114516445765,0.026150818990705572,0.7039780358448369,0.4,0.0,0.6,0.37813983691312403
halueval-3953,halueval,0,5,0.9804926729444048,0.0010687309342454058,0.018438596121349786,1.0,0.0,0.0,0.010288028994920298
halueval-3037,halueval,0,5,0.6962266250458475,0.004869733355470582,0.2989036415986819,1.0,0.0,0.0,0.15432155415481152
halueval-554,halueval,1,5,0.9704671656172769,0.003535618279369178,0.025997216103354103,1.0,0.0,0.0,0.01653422633104623
halueval-1521,halueval,0,5,0.9790481070139624,0.005006077092150918,0.015945815893886744,1.0,0.0,0.0,0.01297898503909429
halueval-9884,halueval,1,5,0.8710156086239556,0.010483943746138898,0.1185004476299056,1.0,0.0,0.0,0.0697341675610917
halueval-952,halueval,1,5,0.8725143763497781,0.00493441913627868,0.12255120451394315,1.0,0.0,0.0,0.06621002139325026
halueval-223,halueval,1,5,0.9463894422068512,0.008602378637949288,0.04500817915519939,1.0,0.0,0.0,0.031106468215548983
halueval-8843,halueval,0,5,0.3377643255632561,0.36308398898476185,0.299151685451982,0.4,0.3,0.3,0.5126598317107529
halueval-2360,halueval,1,5,0.11119020038110508,0.5784134575600117,0.31039634205888317,0.1,0.5,0.4,0.7336116285894533
halueval-6893,halueval,1,5,0.9746356954507555,0.003917404098024486,0.021446900451220077,1.0,0.0,0.0,0.014640854323634524
halueval-4923,halueval,1,5,0.9751911642908568,0.004395896468371027,0.020412939240772126,1.0,0.0,0.0,0.01460236608875709
halueval-1969,halueval,0,5,0.6402195224571676,0.0026067164742235374,0.3571737610686088,0.9,0.0,0.1,0.18119359700852794
halueval-6036,halueval,1,5,0.7540784525680856,0.01409008392482886,0.23183146350708544,0.6,0.0,0.4,0.13000581567837158
halueval-7241,halueval,0,5,0.21817479229572875,0.765066538760764,0.01675866894350724,0.2,0.8,0.0,0.7734458732325177
halueval-846,halueval,0,5,0.0631089845133477,0.8029152596102204,0.13397575587643196,0.1,0.9,0.0,0.8699031375484363
halueval-3268,halueval,1,5,0.32885881553037954,0.023704545575494333,0.6474366388941262,0.1,0.0,0.9,0.3474228650225574
halueval-8780,halueval,1,5,0.10165792370215473,0.6514534737623145,0.2468886025355308,0.1,0.7,0.2,0.77489777503008
halueval-8798,halueval,1,5,0.4003439170863944,0.5071779416608506,0.09247814125275508,0.4,0.6,0.0,0.5534170122872282
halueval-487,halueval,1,5,0.9744895242329962,0.004848401657064439,0.020662074109939463,1.0,0.0,0.0,0.015179438712034171
halueval-1648,halueval,0,5,0.6453921920020196,0.0035537512798480943,0.35105405671813233,0.6,0.0,0.4,0.17908077963891425
halueval-2434,halueval,1,5,0.7516122966418103,0.0015500152129366244,0.24683768814525325,0.6,0.0,0.4,0.12496885928556326
halueval-4238,halueval,0,5,0.24873326066822132,0.482076387816861,0.26919035151491755,0.1,0.6,0.3,0.6166715635743198
halueval-4839,halueval,0,5,0.8113388215731268,0.010859709835718373,0.1778014685911546,1.0,0.0,0.0,0.09976044413129567
halueval-9782,halueval,0,5,0.9665632386616142,0.0052246690814228445,0.02821209225696289,1.0,0.0,0.0,0.01933071520990429
halueval-7303,halueval,0,5,0.9539719246480244,0.001106544635261959,0.04492153071671356,1.0,0.0,0.0,0.023567309993618737
halueval-3702,halueval,0,5,0.5825308612174526,0.029668418377842575,0.387800720404705,0.8,0.0,0.2,0.22356877858019505
halueval-3405,halueval,0,5,0.7039010128801342,0.030926550262256353,0.2651724368576094,1.0,0.0,0.0,0.16351276869106104
halueval-6756,halueval,1,5,0.47887014269003225,0.24782006662363062,0.27330979068633704,0.6,0.0,0.4,0.38447496196679914
halueval-3616,halueval,1,5,0.594594907149731,0.39345218481231814,0.011952908037950872,0.6,0.4,0.0,0.3994286388312936
halueval-1321,halueval,1,5,0.6065440988990406,0.21644796695014396,0.17700793415081545,0.6,0.4,0.0,0.30495193402555165
halueval-963,halueval,1,5,0.02320723478742174,0.681529822300145,0.29526294291243327,0.0,0.6,0.4,0.8291612937563617
halueval-2921,halueval,0,5,0.9900108172952462,0.0007903973233925728,0.009198785381361336,1.0,0.0,0.0,0.005389790014073241
halueval-9013,halueval,1,5,0.10388300295699122,0.550328918143346,0.3457880788996627,0.1,0.6,0.3,0.7232229575931772
halueval-634,halueval,0,5,0.7872330728374032,0.053052441888962076,0.15971448527363474,1.0,0.0,0.0,0.13290968452577945
halueval-9579,halueval,1,5,0.11156450026621978,0.49622352229420325,0.3922119774395769,0.1,0.5,0.4,0.6923295110139918
halueval-9781,halueval,0,5,0.30610763179305456,0.597582217156529,0.09631015105041629,0.4,0.6,0.0,0.6457372926817372
halueval-2186,halueval,0,5,0.05373877390263497,0.6603413927664703,0.28591983333089466,0.1,0.8,0.1,0.8033013094319177
halueval-5821,halueval,0,5,0.43582533737600615,0.3752950298024645,0.1888796328215294,0.3,0.4,0.3,0.4697348462132292
halueval-5265,halueval,1,5,0.5362466826748268,0.0035252186336394813,0.46022809869153375,0.1,0.0,0.9,0.23363926797940635
halueval-2454,halueval,1,5,0.9764639073349087,0.0037673089706184897,0.019768783694472665,1.0,0.0,0.0,0.013651700817854821
halueval-2285,halueval,1,5,0.9733205760882868,0.008276945109637052,0.018402478802076072,1.0,0.0,0.0,0.017478184510675086
halueval-486,halueval,0,5,0.5901346846965826,0.0020575824577085517,0.4078077328457089,0.6,0.0,0.4,0.205961448880563
halueval-2726,halueval,1,5,0.9748806819156848,0.0013267203604644775,0.023792597723850888,1.0,0.0,0.0,0.013223019222389922
halueval-3954,halueval,0,5,0.9710727319870942,0.0010261898518828631,0.027901078161022736,1.0,0.0,0.0,0.014976728932394231
halueval-4711,halueval,0,5,0.5792227814518955,0.4030433116189899,0.017733906929114716,0.6,0.4,0.0,0.4119102650835472
halueval-4659,halueval,0,5,0.44412443841128546,0.39847575561697857,0.15739980597173592,0.3,0.4,0.3,0.4771756586028465
halueval-5105,halueval,1,5,0.8660420333783833,0.010530994548629938,0.12342697207298678,1.0,0.0,0.0,0.07224448058512332
halueval-6198,halueval,1,5,0.259084976961493,0.6885031577860135,0.05241186525249351,0.2,0.8,0.0,0.7147090904122602
halueval-7256,halueval,1,5,0.9794591458684602,0.001055545362557043,0.01948530876898285,1.0,0.0,0.0,0.010798199747048468
halueval-5895,halueval,1,5,0.5699568468432173,0.11157772035158595,0.31846543280519674,0.3,0.1,0.6,0.2708104367541843
halueval-2080,halueval,1,5,0.25593177076690765,0.5955233039980884,0.1485449252350039,0.4,0.6,0.0,0.6697957666155904
halueval-1807,halueval,0,5,0.28701934070532015,0.6997146290575256,0.013266030237154286,0.3,0.7,0.0,0.7063476441761027
halueval-6383,halueval,0,5,0.9707620076457595,0.0031749308466898136,0.026063061507550812,1.0,0.0,0.0,0.01620646160046522
halueval-465,halueval,0,5,0.9799907806022349,0.001494646646656214,0.018514572751108786,1.0,0.0,0.0,0.010751933022210607
halueval-198,halueval,1,5,0.49537261323261284,0.007826248342365682,0.49680113842502144,0.1,0.0,0.9,0.2562268175548764
halueval-6081,halueval,0,5,0.07562781783212524,0.5903512324535019,0.33402094971437274,0.1,0.5,0.4,0.7573617073106882
halueval-9423,halueval,1,5,0.9741243920522236,0.0049735081682378,0.02090209977953866,1.0,0.0,0.0,0.01542455805800713
halueval-1711,halueval,1,5,0.297094925003656,0.3580412542520631,0.34486382074428096,0.1,0.4,0.5,0.5304731646242036
halueval-7820,halueval,1,5,0.9838606782614946,0.0031168355184616582,0.013022486220043854,1.0,0.0,0.0,0.009628078628483586
halueval-943,halueval,1,5,0.46352170355026007,0.3317338156317242,0.20474448081801566,0.3,0.4,0.3,0.43410605604073205
halueval-4702,halueval,1,5,0.44049291391686635,0.5199390381643956,0.03956804791873816,0.4,0.6,0.0,0.5397230621237646
halueval-4357,halueval,1,5,0.6646638717395548,0.007283903656497903,0.3280522246039473,0.4,0.0,0.6,0.17131001595847153
halueval-4262,halueval,1,5,0.8634288859138965,0.005398578101427631,0.13117253598467551,1.0,0.0,0.0,0.07098484609376539
halueval-6365,halueval,1,5,0.9771021055324673,0.0035660665498823177,0.01933182791765032,1.0,0.0,0.0,0.013231980508707478
halueval-8479,halueval,0,5,0.5433421389713662,0.042073138518320605,0.41458472251031325,0.7,0.0,0.3,0.24936549977347722
halueval-5522,halueval,1,5,0.9584019684469632,0.006564115630841971,0.03503391592219486,1.0,0.0,0.0,0.0240810735919394
halueval-5237,halueval,1,5,0.824247355925543,0.12436009884474367,0.05139254522971333,1.0,0.0,0.0,0.15005637145960032
halueval-3649,halueval,1,5,0.19004943595667412,0.14567925850543717,0.6642713055378888,0.1,0.1,0.8,0.4778149112743816
halueval-8097,halueval,1,5,0.8830624465928192,0.03516694393096302,0.08177060947621793,1.0,0.0,0.0,0.07605224866907198
halueval-2952,halueval,1,5,0.6981190162173042,0.11103162267501301,0.19084936110768289,1.0,0.0,0.0,0.20645630322885444
halueval-4358,halueval,0,5,0.21600405262900724,0.6187936725521919,0.16520227481880093,0.2,0.6,0.2,0.7013948099615923
halueval-765,halueval,1,5,0.9620747813646384,0.00037648176681103504,0.03754873686855057,1.0,0.0,0.0,0.01915085020108632
halueval-1075,halueval,1,5,0.16737166647753982,0.3422079177647416,0.4904204157577186,0.1,0.5,0.4,0.5874181256436009
halueval-1912,halueval,0,5,0.957354241035574,0.001654105604536221,0.040991653359889704,1.0,0.0,0.0,0.022149932284481075
halueval-7808,halueval,1,5,0.9783659455507708,0.0022965160444735943,0.019337538404755692,1.0,0.0,0.0,0.011965285246851441
halueval-749,halueval,0,5,0.5650517110681605,0.38433865347109697,0.05060963546074234,0.6,0.4,0.0,0.40964347120146816
halueval-7952,halueval,1,5,0.9647365796023971,0.004565144150108351,0.03069827624749445,1.0,0.0,0.0,0.019914282273855576
halueval-97,halueval,1,5,0.9594195006273851,0.007776548394721981,0.03280395097789289,1.0,0.0,0.0,0.024178523883668427
halueval-3863,halueval,0,5,0.5720407197433853,0.4050252472075487,0.02293403304906599,0.6,0.4,0.0,0.41649226373208165
halueval-2164,halueval,1,5,0.9689018712780075,0.0018458747428839908,0.029252253979108356,1.0,0.0,0.0,0.01647200173243817
halueval-8543,halueval,0,5,0.9486138678767414,0.0024966963471248047,0.0488894357761336,1.0,0.0,0.0,0.026941414235191603
halueval-4448,halueval,0,5,0.9636604482167636,0.0018082565271537328,0.0345312952560828,1.0,0.0,0.0,0.01907390415519513
halueval-1250,halueval,1,5,0.5770736776949373,0.39931644680947753,0.023609875495585048,0.6,0.4,0.0,0.41112138455727004
halueval-1570,halueval,1,5,0.34586283078367497,0.619123510908223,0.03501365830810209,0.4,0.6,0.0,0.636630340062274
halueval-3260,halueval,1,5,0.26399894650043093,0.7136856269265307,0.02231542657303835,0.2,0.8,0.0,0.7248433402130499
halueval-3275,halueval,1,5,0.3892708220083385,0.6001008015170085,0.010628376474652913,0.4,0.6,0.0,0.6054149897543349
halueval-3498,halueval,0,5,0.3483681995840755,0.6104246623596444,0.04120713805627998,0.4,0.6,0.0,0.6310282313877844
halueval-8388,halueval,1,5,0.9741253931645508,0.0033079979068903346,0.02256660892855891,1.0,0.0,0.0,0.01459130237116979
halueval-2043,halueval,1,5,0.5794563260331732,0.0048292542936859235,0.41571441967314077,0.2,0.0,0.8,0.2126864641302563
halueval-9882,halueval,0,5,0.8999237963810897,0.053476104740637465,0.04660009887827298,1.0,0.0,0.0,0.07677615417977396
halueval-8249,halueval,1,5,0.3154414511234627,0.059794148540898595,0.6247644003356386,0.3,0.1,0.6,0.3721763487087179
halueval-4305,halueval,0,5,0.3750924387876263,0.5496567086268481,0.0752508525855256,0.4,0.6,0.0,0.5872821349196109
halueval-4433,halueval,0,5,0.9782524022789602,0.0057010925784399535,0.01604650514259979,1.0,0.0,0.0,0.013724345149739848
halueval-491,halueval,0,5,0.7935925253175732,0.00350143375472861,0.20290604092769823,0.6,0.0,0.4,0.10495445421857773
halueval-4200,halueval,1,5,0.9851651146084885,0.0011116581516395915,0.013723227239871762,1.0,0.0,0.0,0.007973271771575472
halueval-2678,halueval,1,5,0.27702344801783235,0.46316526642835676,0.25981128555381094,0.2,0.6,0.2,0.5930709092052622
halueval-7020,halueval,0,5,0.9147875786561646,0.0309021126570407,0.054310308686794775,1.0,0.0,0.0,0.05805726700043809
halueval-584,halueval,1,5,0.58984495518705,0.2484996505097754,0.1616553943031744,0.6,0.4,0.0,0.3293273476613626
halueval-602,halueval,0,5,0.1570094762560547,0.7245132381740845,0.11847728556986081,0.2,0.7,0.1,0.7837518809590149
halueval-6435,halueval,0,5,0.28055348461189433,0.6855202999022654,0.0339262154858402,0.3,0.7,0.0,0.7024834076451855
halueval-6529,halueval,0,5,0.7854958021070649,0.002516175722237263,0.21198802217069787,1.0,0.0,0.0,0.1085101868075862
halueval-4979,halueval,0,5,0.4332342273819069,0.09774642415740817,0.4690193484606849,0.1,0.0,0.9,0.3322560983877506
halueval-3429,halueval,1,5,0.4516779332687203,0.17644766077003546,0.3718744059612442,0.4,0.2,0.4,0.3623848637506576
halueval-237,halueval,0,5,0.7108898435460805,0.022462528671029065,0.2666476277828903,1.0,0.0,0.0,0.15578634256247423
halueval-5891,halueval,1,5,0.5683710049463017,0.3980682732156723,0.03356072183802605,0.6,0.4,0.0,0.4148486341346853
halueval-8597,halueval,0,5,0.18706631063316234,0.5987316390031744,0.21420205036366324,0.2,0.6,0.2,0.705832664185006
halueval-4599,halueval,0,5,0.3466200780662161,0.31821946730441325,0.3351604546293708,0.2,0.4,0.4,0.48579969461909867
halueval-8957,halueval,0,5,0.9448019346862582,0.007508477277874802,0.04768958803586715,1.0,0.0,0.0,0.03135327129580837
halueval-5937,halueval,0,5,0.9773997413572675,0.003584823488904766,0.019015435153827837,1.0,0.0,0.0,0.013092541065818685
halueval-209,halueval,1,5,0.9612485852733658,0.003298689140831637,0.03545272558580249,1.0,0.0,0.0,0.021025051933732882
halueval-9968,halueval,1,5,0.9769645867025677,0.00222929143212892,0.020806121865303433,1.0,0.0,0.0,0.012632352364780636
halueval-3177,halueval,1,5,0.1940213359578253,0.7884363479530802,0.017542316089094658,0.2,0.8,0.0,0.7972075059976275
halueval-6753,halueval,0,5,0.3002023446691743,0.40133852964834,0.29845912568248567,0.3,0.4,0.3,0.5505680924895828
halueval-8267,halueval,0,5,0.37984889885596823,0.18597403668004983,0.4341770644639819,0.3,0.1,0.6,0.4030625689120408
halueval-859,halueval,1,5,0.9530226277629505,0.01453716991789846,0.03244020231915093,1.0,0.0,0.0,0.030757271077473926
halueval-6094,halueval,0,5,0.9550322192545021,0.0027089180893618454,0.04225886265613612,1.0,0.0,0.0,0.023838349417429905
halueval-159,halueval,0,5,0.6792180241046116,0.048207168691445035,0.27257480720394334,1.0,0.0,0.0,0.1844945722934167
halueval-3255,halueval,0,5,0.6801886635566465,0.03283526788623324,0.28697606855712027,0.6,0.0,0.4,0.17632330216479336
halueval-1913,halueval,0,5,0.2542527553552187,0.3498756259147807,0.39587161873000054,0.1,0.4,0.5,0.5478114352797809
halueval-6231,halueval,0,5,0.5837228626813703,0.3852103910941572,0.031066746224472464,0.6,0.4,0.0,0.40074376420639346
halueval-1243,halueval,0,5,0.9791717621719517,0.002487216096645611,0.018341021731402667,1.0,0.0,0.0,0.011657726962346945
halueval-329,halueval,1,5,0.7657484484404117,0.023113115350731545,0.2111384362088568,1.0,0.0,0.0,0.12868233345515995
halueval-2357,halueval,0,5,0.31994759885602464,0.3041276362913675,0.37592476485260795,0.3,0.4,0.3,0.4920900187176715
halueval-2641,halueval,0,5,0.23593095513994838,0.5434634959458664,0.2206055489141852,0.1,0.6,0.3,0.653766270402959
halueval-916,halueval,1,5,0.9726701408084949,0.0006346496521393169,0.026695209539365695,1.0,0.0,0.0,0.013982254421822165
halueval-7405,halueval,1,5,0.600457135410809,0.03415781418057033,0.3653850504086205,0.6,0.0,0.4,0.21685033938488057
halueval-3491,halueval,0,5,0.7232276011897992,0.03989023905328073,0.23688215975692,0.6,0.0,0.4,0.15833131893174074
halueval-5457,halueval,0,5,0.7682094153975727,0.10750122480105304,0.1242893598013742,1.0,0.0,0.0,0.16964590470174012
halueval-735,halueval,1,5,0.5659892576911654,0.3108191659883086,0.12319157632052602,0.6,0.4,0.0,0.3724149541485716
halueval-13,halueval,0,5,0.49408901361965823,0.10255316564707598,0.4033578207332658,0.1,0.1,0.8,0.3042320760137089
halueval-8634,halueval,1,5,0.7462549422526703,0.1145492572596681,0.13919580048766145,1.0,0.0,0.0,0.1841471575034988
halueval-6019,halueval,1,5,0.6513893445792608,0.004116601804591805,0.3444940536161473,0.6,0.0,0.4,0.17636362861266547
halueval-6381,halueval,0,5,0.9028519487270795,0.020186900220024468,0.076961151052896,1.0,0.0,0.0,0.058667475746472464
halueval-4170,halueval,1,5,0.9670275027460091,0.007623787606047519,0.02534870964794328,1.0,0.0,0.0,0.020298142430019157
halueval-7773,halueval,1,5,0.4278100676669198,0.393709064988521,0.17848086734455929,0.3,0.4,0.3,0.4829494986608006
halueval-93,halueval,0,5,0.002332278856745092,0.9948873360888305,0.0027803850544244587,0.0,1.0,0.0,0.9962775286160427
halueval-9205,halueval,0,5,0.2019747403269188,0.5847750206162331,0.2132502390568481,0.2,0.4,0.4,0.6914001401446571
halueval-68,halueval,0,5,0.5816066086718481,0.40203980166032166,0.016353589667830265,0.6,0.4,0.0,0.4102165964942368
halueval-2488,halueval,1,5,0.6845545690236708,0.004175206587215473,0.3112702243891136,0.4,0.0,0.6,0.1598103187817723
halueval-4108,halueval,1,5,0.987220189212733,0.002707493640497259,0.010072317146769707,1.0,0.0,0.0,0.007743652213882112
halueval-568,halueval,1,5,0.9192197348987067,0.033074351270955385,0.04770591383033792,1.0,0.0,0.0,0.05692730818612435
halueval-4479,halueval,1,5,0.9737232234630596,0.0008272418487949879,0.025449534688145266,1.0,0.0,0.0,0.013552009192867621
halueval-5199,halueval,1,5,0.6951208114494464,0.022692716287300144,0.28218647226325333,1.0,0.0,0.0,0.1637859524189268
halueval-600,halueval,0,5,0.9609886804363568,0.007019043998713082,0.03199227556493016,1.0,0.0,0.0,0.02301518178117816
halueval-1100,halueval,0,5,0.38392251662883237,0.6007074196152846,0.015370063755883174,0.4,0.6,0.0,0.6083924514932262
halueval-4517,halueval,0,5,0.9655629872448971,0.0007756841956285917,0.03366132855947452,1.0,0.0,0.0,0.01760634847536585
halueval-6766,halueval,0,5,0.9790926099372271,0.0010136033434849615,0.019893786719287987,1.0,0.0,0.0,0.010960496703128954
halueval-1502,halueval,0,5,0.34566456075966845,0.15411931689204525,0.5002161223482864,0.2,0.0,0.8,0.40422737806618847
halueval-5625,halueval,0,5,0.759072572822724,0.19627142059756184,0.04465600657971407,0.8,0.2,0.0,0.21859942388741888
halueval-6080,halueval,0,5,0.5775573013121493,0.22612984793556082,0.19631285075228982,0.6,0.4,0.0,0.32428627331170573
halueval-1101,halueval,0,5,0.9600115297221569,0.009268439066243006,0.030720031211600156,1.0,0.0,0.0,0.024628454672043082
halueval-473,halueval,0,5,0.986327578965492,0.002185038169723027,0.011487382864784988,1.0,0.0,0.0,0.007928729602115521
halueval-4131,halueval,1,5,0.397469276015878,0.5991834537424525,0.003347270241669515,0.4,0.6,0.0,0.6008570888632873
halueval-2707,halueval,0,5,0.5755828769406084,0.4052287742696338,0.019188348789757708,0.6,0.4,0.0,0.41482294866451264
halueval-7327,halueval,1,5,0.5550542811405442,0.030528838811732423,0.41441688004772326,0.4,0.0,0.6,0.23773727883559406
halueval-6294,halueval,0,5,0.6207152702331057,0.25502861545799843,0.12425611430889597,0.6,0.4,0.0,0.3171566726124464
halueval-3120,halueval,1,5,0.14868795561717313,0.5559959921086998,0.295316052274127,0.0,0.6,0.4,0.7036540182457632
halueval-1030,halueval,0,5,0.9731239843319465,0.005309462215105812,0.021566553452947744,1.0,0.0,0.0,0.016092738941579685
halueval-1021,halueval,0,5,0.9442641503567545,0.01938258955349053,0.036353260089754924,1.0,0.0,0.0,0.03755921959836799
halueval-5417,halueval,0,5,0.9820068278359662,0.0003421311337680059,0.017651041030265924,1.0,0.0,0.0,0.009167651648900968
halueval-7373,halueval,0,5,0.9617068192374594,0.007793519781850926,0.030499660980689562,1.0,0.0,0.0,0.023043350272195708
halueval-9107,halueval,0,5,0.6789705337533627,0.011242923614411201,0.30978654263222605,0.4,0.0,0.6,0.16613619493052423
halueval-2781,halueval,0,5,0.8126191386420633,0.004506376353519781,0.1828744850044169,1.0,0.0,0.0,0.09594361885572822
halueval-4778,halueval,0,5,0.43163220451484463,0.18242132832613175,0.3859464671590236,0.1,0.2,0.7,0.3753945619056436
halueval-9075,halueval,0,5,0.9820487805982779,0.0029015629627546415,0.015049656438967532,1.0,0.0,0.0,0.010426391182238409
halueval-7095,halueval,1,5,0.800694694061896,0.12355617702832493,0.07574912890977907,0.9,0.1,0.0,0.16143074148321446
halueval-9315,halueval,0,5,0.5739258975952441,0.1011751732050564,0.3248989291996993,0.6,0.0,0.4,0.2636246378049061
halueval-3432,halueval,1,5,0.4805000045840804,0.31466470992096995,0.20483528549494973,0.5,0.3,0.2,0.41708235266844484
halueval-5538,halueval,1,5,0.3986484450534287,0.3346039876924526,0.26674756725411874,0.2,0.4,0.4,0.46797777131951196
halueval-3530,halueval,1,5,0.031067324303472515,0.37177727649087855,0.5971553992056489,0.0,0.4,0.6,0.670354976093703
halueval-1569,halueval,0,5,0.975334201324497,0.00310769396697918,0.021558104708523707,1.0,0.0,0.0,0.013886746321241032
halueval-752,halueval,0,5,0.30766253058109577,0.023810317141424082,0.6685271522774802,0.3,0.0,0.7,0.35807389328016415
halueval-4429,halueval,1,5,0.9795156699315714,0.0022947739286676766,0.018189556139760928,1.0,0.0,0.0,0.011389551998548141
halueval-2531,halueval,1,5,0.7626878446880165,0.041294894151973245,0.19601726116001006,1.0,0.0,0.0,0.13930352473197827
halueval-8920,halueval,0,5,0.10766131718328802,0.4760523330027663,0.4162863498139456,0.0,0.7,0.3,0.684195507909739
halueval-7433,halueval,0,5,0.5924146032331657,0.39373713510757347,0.013848261659260754,0.6,0.4,0.0,0.40066126593720386
halueval-3349,halueval,1,5,0.9514013146548684,0.010311038893794257,0.038287646451337365,1.0,0.0,0.0,0.029454862119462938
halueval-3086,halueval,1,5,0.28096780364253127,0.20046738480527698,0.5185648115521917,0.1,0.2,0.7,0.45974979058137283
halueval-4253,halueval,1,5,0.9784222684994741,0.003205017379744815,0.018372714120780738,1.0,0.0,0.0,0.012391374440135184
halueval-573,halueval,1,5,0.8953421000376769,0.0397386160237521,0.06491928393857102,1.0,0.0,0.0,0.07219825799303761
halueval-3238,halueval,0,5,0.7919197697642059,0.057036614456676404,0.1510436157791177,1.0,0.0,0.0,0.13255842234623527
halueval-1322,halueval,0,5,0.6304961555797242,0.188987082304313,0.18051676211596285,0.6,0.3,0.1,0.2792454633622944
halueval-9673,halueval,0,5,0.9706281637661084,0.004090917640049977,0.025280918593841628,1.0,0.0,0.0,0.016731376936970792
halueval-8236,halueval,1,5,0.5940506479010068,0.3997686822737523,0.006180669825240985,0.6,0.4,0.0,0.4028590171863728
halueval-3833,halueval,1,5,0.9496467997378023,0.0014657309763110708,0.0488874692858865,1.0,0.0,0.0,0.02590946561925432
halueval-2234,halueval,0,5,0.7645833037945629,0.013728129018165027,0.22168856718727223,0.6,0.0,0.4,0.12457241261180114
halueval-1035,halueval,1,5,0.6710219232549596,0.006247081958606059,0.3227309947864343,0.4,0.0,0.6,0.16761257935182322
halueval-3815,halueval,0,5,0.38896469334654193,0.5879968544735797,0.02303845217987826,0.4,0.6,0.0,0.5995160805635189
halueval-1880,halueval,0,5,0.9327710374410556,0.026917206275959532,0.040311756282984945,1.0,0.0,0.0,0.047073084417452005
halueval-3328,halueval,0,5,0.4937805694962649,0.16647942022749637,0.33974001027623857,0.3,0.3,0.4,0.33634942536561563
halueval-6569,halueval,1,5,0.5879325823383519,0.4006712588991924,0.011396158762455724,0.6,0.4,0.0,0.40636933828042027
halueval-5428,halueval,0,5,0.7351596580249168,0.014734696316029966,0.25010564565905324,1.0,0.0,0.0,0.1397875191455566
halueval-4546,halueval,0,5,0.3469292966456446,0.38202679497235303,0.2710439083820023,0.1,0.4,0.5,0.5175487491633541
halueval-2881,halueval,0,5,0.3937048957005162,0.5957874092054544,0.010507695094029457,0.4,0.6,0.0,0.6010412567524691
halueval-1044,halueval,1,5,0.7953320293235049,0.0011228175193898555,0.2035451531571053,0.6,0.0,0.4,0.1028953940979425
halueval-739,halueval,0,5,0.9770672200663224,0.0037812816447639398,0.01915149828891365,1.0,0.0,0.0,0.013357030789220764
halueval-1371,halueval,0,5,0.9815801778259925,0.0011279491936296584,0.01729187298037809,1.0,0.0,0.0,0.009773885683818704
halueval-3384,halueval,1,5,0.7658170150563617,0.0021982609558415965,0.2319847239877968,0.6,0.0,0.4,0.11819062294973999
halueval-2645,halueval,1,5,0.39295388173995277,0.28473093821184864,0.3223151800481986,0.2,0.3,0.5,0.44588852823594793
halueval-4156,halueval,1,5,0.7856399693327882,0.003485077534583937,0.210874953132628,0.6,0.0,0.4,0.10892255410089793
halueval-1450,halueval,0,5,0.9608110793472404,0.012381513897025517,0.02680740675573386,1.0,0.0,0.0,0.025785217274892448
halueval-9559,halueval,0,5,0.9701731515812158,0.003956610342237583,0.025870238076546682,1.0,0.0,0.0,0.016891729380510923
halueval-1661,halueval,0,5,0.9740281000879436,0.003951506352120845,0.022020393559935486,1.0,0.0,0.0,0.014961703132088588
halueval-5491,halueval,1,5,0.9650078456232242,0.008088015569285154,0.026904138807490645,1.0,0.0,0.0,0.021540084973030477
halueval-3934,halueval,1,5,0.5979698878821005,0.01948319891710047,0.38254691320079914,0.6,0.0,0.4,0.21075665551750003
halueval-3208,halueval,1,5,0.6799858155245604,0.2792538090622361,0.04076037541320351,0.6,0.4,0.0,0.2996339967688379
halueval-2486,halueval,1,5,0.7697913142937394,0.006112777732760947,0.22409590797349957,0.6,0.0,0.4,0.11816073171951073
halueval-6575,halueval,1,5,0.19762649509189487,0.4819072202943454,0.3204662846137597,0.1,0.5,0.4,0.6421403626012252
halueval-2802,halueval,0,5,0.3891421750183198,0.40147105692595597,0.20938676805572426,0.3,0.4,0.3,0.5061644409538181
halueval-9408,halueval,1,5,0.23188387141858274,0.5059766900333482,0.262139438548069,0.1,0.8,0.1,0.6370464093073827
halueval-4417,halueval,1,5,0.7866273125435216,0.0009788591381642829,0.21239382831831394,0.6,0.0,0.4,0.10717577329732125
halueval-4415,halueval,0,5,0.329743098553408,0.05516343989487278,0.6150934615517194,0.1,0.0,0.9,0.36271017067073247
halueval-8221,halueval,1,5,0.6028779454263921,0.3247383476759848,0.07238370689762315,0.6,0.4,0.0,0.3609302011247964
halueval-8556,halueval,0,5,0.9302295472649554,0.01905081914198784,0.050719633593056715,1.0,0.0,0.0,0.0444106359385162
halueval-9099,halueval,0,5,0.7656441543536788,0.005511206579604824,0.22884463906671643,0.6,0.0,0.4,0.11993352611296304
halueval-6450,halueval,1,5,0.42459539822107184,0.5458923323962445,0.029512269382683726,0.4,0.6,0.0,0.5606484670875863
halueval-6688,halueval,0,5,0.8671837100920572,0.0276522791428149,0.10516401076512798,1.0,0.0,0.0,0.0802342845253789
halueval-6155,halueval,1,5,0.20474304745917546,0.5836666176184347,0.2115903349223899,0.2,0.6,0.2,0.6894617850796297
halueval-9087,halueval,1,5,0.15564148629161187,0.2796895900882949,0.5646689236200932,0.0,0.3,0.7,0.5620240518983415
halueval-1624,halueval,0,5,0.7916591890373844,0.0024925376624434638,0.205848273300172,0.6,0.0,0.4,0.10541667431252946
halueval-4204,halueval,1,5,0.71389699897819,0.24150263682030082,0.04460036420150933,0.6,0.4,0.0,0.2638028189210555
halueval-3651,halueval,1,5,0.3902416473903295,0.5845662079226749,0.02519214468699559,0.4,0.6,0.0,0.5971622802661727
halueval-836,halueval,1,5,0.9143247450023344,0.021947732240608392,0.06372752275705704,1.0,0.0,0.0,0.05381149361913691
halueval-2841,halueval,1,5,0.9498555595653368,0.005385525133152465,0.044758915301510625,1.0,0.0,0.0,0.02776498278390778
halueval-6301,halueval,0,5,0.4277303376068269,0.397062124054359,0.1752075383388142,0.3,0.4,0.3,0.4846658932237661
halueval-4428,halueval,1,5,0.3527584351168809,0.6174505021471504,0.02979106273596887,0.4,0.6,0.0,0.6323460335151347
halueval-6055,halueval,1,5,0.9918809513600723,0.001043028253199993,0.007076020386727874,1.0,0.0,0.0,0.00458103844656393
halueval-178,halueval,0,5,0.5756836107793908,0.385850550521177,0.03846583869943232,0.6,0.4,0.0,0.40508346987089316
halueval-9744,halueval,0,5,0.44108493912712293,0.3534279765538232,0.20548708431905385,0.3,0.4,0.3,0.4561715187133501
halueval-5045,halueval,1,5,0.9549565293401014,0.005137237448867393,0.03990623321103106,1.0,0.0,0.0,0.025090354054382924
halueval-5235,halueval,1,5,0.9719607939965277,0.0058975355240134105,0.0221416704794589,1.0,0.0,0.0,0.01696837076374286
halueval-9171,halueval,0,5,0.9063263825303393,0.028342281905777277,0.06533133556388364,1.0,0.0,0.0,0.061007949687719096
halueval-4267,halueval,0,5,0.8446368820216922,0.08758459881410514,0.06777851916420266,1.0,0.0,0.0,0.12147385839620647
halueval-8766,halueval,0,5,0.15072725595509034,0.34307353856100276,0.5061992054839068,0.1,0.4,0.5,0.5961731413029562
halueval-9023,halueval,0,5,0.5793125241936881,0.4024431636732757,0.0182443121330362,0.6,0.4,0.0,0.4115653197397938
halueval-3264,halueval,1,5,0.28052494344647266,0.547457780257379,0.1720172762961483,0.3,0.7,0.0,0.6334664184054531
halueval-9005,halueval,1,5,0.6462485134254938,0.022304873908922607,0.3314466126655837,0.4,0.0,0.6,0.18802818024171444
halueval-8930,halueval,0,5,0.5881848088358024,0.3610055791877304,0.05080961197646737,0.6,0.4,0.0,0.3864103851759641
halueval-4735,halueval,1,5,0.5957197595599432,0.2819657082132732,0.12231453222678354,0.6,0.4,0.0,0.343122974326665
halueval-6672,halueval,0,5,0.1980589475673281,0.7257209208820343,0.07622013155063755,0.3,0.7,0.0,0.763830986657353
halueval-8758,halueval,0,5,0.5900099653298496,0.40045254677701336,0.009537487893136996,0.6,0.4,0.0,0.4052212907235819
halueval-7337,halueval,0,5,0.599163058583313,0.3587880357530949,0.04204890566359217,0.6,0.4,0.0,0.37981248858489103
halueval-4113,halueval,1,5,0.9666662218491966,0.005175748164014415,0.028158029986788895,1.0,0.0,0.0,0.01925476315740886
halueval-3455,halueval,1,5,0.9663964613462556,0.005215003247324146,0.028388535406420216,1.0,0.0,0.0,0.019409270950534255
halueval-3902,halueval,0,5,0.9571648731620941,0.0005733134492034543,0.04226181338870234,1.0,0.0,0.0,0.021704220143554626
halueval-9400,halueval,0,5,0.930510142193542,0.015774865522377276,0.05371499228408052,1.0,0.0,0.0,0.042632361664417535
halueval-8390,halueval,0,5,0.2970555858268208,0.6606522728142382,0.04229214135894102,0.3,0.7,0.0,0.6817983434937087
halueval-1216,halueval,1,5,0.726173055030557,0.038197350072554904,0.23562959489688828,0.6,0.0,0.4,0.15601214752099904
halueval-5195,halueval,1,5,0.3056157930361039,0.6688603354408758,0.025523871523020315,0.3,0.7,0.0,0.6816222712023859
halueval-9292,halueval,1,5,0.24624717787497902,0.5854114566589896,0.1683413654660312,0.1,0.6,0.3,0.6695821393920053
halueval-9794,halueval,0,5,0.9902152443213902,0.0017517463697629577,0.008033009308846999,1.0,0.0,0.0,0.005768251024186457
halueval-2879,halueval,0,5,0.7919906747810203,0.0015162080617927153,0.20649311715718704,0.6,0.0,0.4,0.10476276664038624
halueval-6788,halueval,0,5,0.9763848573852588,0.001342721191571972,0.02227242142316913,1.0,0.0,0.0,0.012478931903156536
halueval-391,halueval,1,5,0.8941885728258608,0.021443482537215737,0.08436794463692351,1.0,0.0,0.0,0.0636274548556775
halueval-8460,halueval,1,5,0.3652508369554317,0.4059443111494809,0.22880485189508729,0.2,0.4,0.4,0.5203467370970245
halueval-3526,halueval,0,5,0.7587752595938101,0.06938673465764214,0.1718380057485478,1.0,0.0,0.0,0.15530573753191604
halueval-9814,halueval,0,5,0.26027339115467274,0.245089135339612,0.49463747350571524,0.3,0.3,0.4,0.4924078720924696
halueval-3071,halueval,1,5,0.3003370009630958,0.5776146009477496,0.1220483980891546,0.3,0.7,0.0,0.638638799992327
halueval-1423,halueval,1,5,0.487581799785886,0.2904932841993534,0.22192491601476066,0.4,0.6,0.0,0.40145574220673375
halueval-9206,halueval,0,5,0.794143640535532,0.0038084533784869196,0.20204790608598114,1.0,0.0,0.0,0.1048324064214775
halueval-4998,halueval,1,5,0.9760641104885608,0.004184638366276798,0.0197512511451626,1.0,0.0,0.0,0.014060263938858099
halueval-5164,halueval,0,5,0.19939892184694635,0.7815141730000642,0.019086905152989535,0.2,0.8,0.0,0.791057625576559
halueval-1316,halueval,0,5,0.346010355002796,0.6410267550369042,0.012962889960299817,0.4,0.6,0.0,0.6475082000170541
halueval-6241,halueval,0,5,0.7140022037561463,0.18131040274180782,0.10468739350204588,1.0,0.0,0.0,0.23365409949283075
halueval-1881,halueval,1,5,0.5877608633093078,0.004195773599763261,0.40804336309092887,0.4,0.0,0.6,0.2082174551452277
halueval-8156,halueval,1,5,0.11640532248423836,0.7681579750124058,0.11543670250335596,0.1,0.9,0.0,0.8258763262640838
halueval-4493,halueval,0,5,0.38248946203089285,0.5081657352135733,0.10934480275553389,0.4,0.6,0.0,0.5628381365913403
halueval-7799,halueval,1,5,0.587124226181177,0.39127999245417183,0.021595781364651238,0.6,0.4,0.0,0.40207788313649745
halueval-2340,halueval,1,5,0.6798076302180033,0.26260166021801357,0.05759070956398312,0.6,0.4,0.0,0.29139701500000514
halueval-7449,halueval,1,5,0.9477941575702499,0.007630506656705264,0.044575335773045,1.0,0.0,0.0,0.029918174543227764
halueval-1851,halueval,0,5,0.4553467501664811,0.4813031021362676,0.06335014769725136,0.6,0.4,0.0,0.5129781759848933
halueval-3591,halueval,0,5,0.962776887334394,0.008545895185201114,0.02867721748040473,1.0,0.0,0.0,0.02288450392540348
halueval-3715,halueval,1,5,0.9267014771194766,0.02129116527823527,0.052007357602288064,1.0,0.0,0.0,0.0472948440793793
halueval-2478,halueval,0,5,0.9187759012126634,0.0019003516599557131,0.07932374712738088,1.0,0.0,0.0,0.04156222522364615
halueval-977,halueval,1,5,0.300861109146849,0.5705388381322589,0.1286000527208921,0.4,0.6,0.0,0.634838864492705
halueval-7254,halueval,0,5,0.9556562672079126,0.007881414506813521,0.03646231828527362,1.0,0.0,0.0,0.02611257364945033
halueval-8795,halueval,0,5,0.7182056402221481,0.1572423269220447,0.12455203285580725,1.0,0.0,0.0,0.21951834334994832
halueval-6551,halueval,0,5,0.33599770850432614,0.39742772341911703,0.26657456807655683,0.1,0.4,0.5,0.5307150074573954
halueval-3446,halueval,1,5,0.2471583890102842,0.5782822173896836,0.1745593936000323,0.1,0.6,0.3,0.6655619141896997
halueval-9163,halueval,0,5,0.49059929075729336,0.016051250495026252,0.49334945874768044,0.3,0.0,0.7,0.2627259798688665
halueval-495,halueval,1,5,0.4898782382846788,0.40060345502219696,0.10951830669312419,0.6,0.4,0.0,0.4553626083687591
halueval-5029,halueval,0,5,0.6280266152107721,0.0030951440533515243,0.3688782407358765,0.6,0.0,0.4,0.18753426442128976
halueval-5160,halueval,0,5,0.5889071849392409,0.010127609192444256,0.4009652058683148,0.6,0.0,0.4,0.21061021212660166
halueval-6107,halueval,0,5,0.6852932124963266,0.002723767290721448,0.311983020212952,0.4,0.0,0.6,0.15871527739719743
halueval-1236,halueval,0,5,0.9857061881634259,0.001996638625300033,0.012297173211274005,1.0,0.0,0.0,0.008145225230937036
halueval-2730,halueval,0,5,0.9745872096738337,0.0013236582342831605,0.024089132091883327,1.0,0.0,0.0,0.013368224280224824
halueval-314,halueval,1,5,0.44179549996165096,0.36634565504110883,0.1918588449972402,0.3,0.4,0.3,0.46227507753972896
halueval-5698,halueval,1,5,0.5210702700048002,0.03671325659374918,0.44221647340145054,0.4,0.0,0.6,0.25782149329447446
halueval-8746,halueval,1,5,0.5764755042970663,0.39671724611067344,0.026807249592260357,0.6,0.4,0.0,0.4101208709068036
halueval-7574,halueval,1,5,0.7477937549355748,0.01740833119236117,0.23479791387206408,0.6,0.0,0.4,0.1348072881283932
halueval-6027,halueval,0,5,0.7264815343966518,0.03448194151221892,0.23903652409112935,0.6,0.0,0.4,0.1540002035577836
halueval-7328,halueval,1,5,0.9745372075054244,0.004547564684306284,0.020915227810269135,1.0,0.0,0.0,0.015005178589440851
halueval-9058,halueval,1,5,0.7223630839133548,0.0258863437876632,0.251750572298982,0.6,0.0,0.4,0.1517616299371542
halueval-4868,halueval,1,5,0.47823559305433305,0.15541885880949996,0.36634554813616704,0.4,0.0,0.6,0.3385916328775835
halueval-8864,halueval,0,5,0.9747357485227696,0.0023242522026894604,0.02293999927454108,1.0,0.0,0.0,0.013794251839960001
halueval-1471,halueval,0,5,0.9761233669897929,0.005032982553558081,0.01884365045664909,1.0,0.0,0.0,0.014454807781882626
halueval-4976,halueval,0,5,0.40835922764582466,0.4058215108856177,0.18581926146855768,0.3,0.4,0.3,0.4987311416198965
halueval-2244,halueval,0,5,0.39435904712702213,0.5904723474056437,0.015168605467334024,0.4,0.6,0.0,0.5980566501393108
halueval-7913,halueval,1,5,0.9845459341817138,0.0020474547263989945,0.013406611091887413,1.0,0.0,0.0,0.0087507602723427
halueval-447,halueval,1,5,0.2954947175033286,0.1124877834828077,0.5920174990138637,0.3,0.0,0.7,0.40849653298973954
halueval-54,halueval,1,5,0.49745828450558827,0.16028599196023044,0.34225572353418127,0.6,0.0,0.4,0.3314138537273211
halueval-160,halueval,0,5,0.9803430322739966,0.0009843900312604588,0.018672577694743037,1.0,0.0,0.0,0.010320678878631978
halueval-4510,halueval,0,5,0.9389696536540454,0.008038161982572003,0.05299218436338273,1.0,0.0,0.0,0.03453425416426337
halueval-3587,halueval,0,5,0.9539719246480244,0.001106544635261959,0.04492153071671356,1.0,0.0,0.0,0.023567309993618737
halueval-5103,halueval,1,5,0.9734370007626412,0.004890843486906422,0.021672155750452508,1.0,0.0,0.0,0.015726921362132676
halueval-245,halueval,1,5,0.38303745483159635,0.5747375048312442,0.04222504033715944,0.4,0.6,0.0,0.5958500249998239
halueval-441,halueval,1,5,0.7620628784168508,0.015846882807004182,0.2220902387761449,0.6,0.0,0.4,0.12689200219507663
halueval-1466,halueval,1,5,0.38882470277772996,0.5990526487067973,0.01212264851547287,0.4,0.6,0.0,0.6051139729645337
halueval-7056,halueval,0,5,0.14876454752800894,0.5336985066469009,0.3175369458250903,0.1,0.6,0.3,0.692466979559446
halueval-2522,halueval,0,5,0.2900586256678642,0.3388061889899906,0.3711351853421451,0.1,0.3,0.6,0.5243737816610632
halueval-4237,halueval,1,5,0.3876749846838402,0.43662927867870865,0.1756957366374512,0.4,0.4,0.2,0.5244771469974343
halueval-64,halueval,1,5,0.5795955287250948,0.39866016375626695,0.021744307518638352,0.6,0.4,0.0,0.4095323175155861
halueval-1837,halueval,1,5,0.7884951620737208,0.0035333183269282108,0.20797151959935084,0.6,0.0,0.4,0.10751907812660363
halueval-4905,halueval,0,5,0.7130901680499138,0.06850169523644975,0.21840813671363635,0.6,0.0,0.4,0.17770576359326792
halueval-787,halueval,0,5,0.9689036378693568,0.0011817763198716492,0.029914585810771315,1.0,0.0,0.0,0.01613906922525731
halueval-8686,halueval,0,5,0.5916015820083066,0.38001551013023827,0.028382907861455253,0.6,0.4,0.0,0.3942069640609659
halueval-5389,halueval,1,5,0.9653531763355716,0.009088969787580932,0.02555785387684758,1.0,0.0,0.0,0.02186789672600472
halueval-4444,halueval,0,5,0.47455297625471793,0.31269996640783093,0.2127470573374512,0.3,0.4,0.3,0.41907349507655656
halueval-1072,halueval,1,5,0.3084057978247892,0.6635602011584126,0.028034001016798305,0.3,0.7,0.0,0.6775772016668118
halueval-8407,halueval,1,5,0.6089834701264667,0.2078180808490045,0.1831984490245288,1.0,0.0,0.0,0.29941730536126887
halueval-7655,halueval,0,5,0.9804297539311527,0.002536649502988882,0.017033596565858337,1.0,0.0,0.0,0.01105344778591805
halueval-7214,halueval,1,5,0.9612332953807089,0.0034582247915544958,0.03530847982773673,1.0,0.0,0.0,0.02111246470542286
halueval-7658,halueval,0,5,0.33713978649223375,0.3141125633506745,0.34874765015709175,0.3,0.4,0.3,0.4884863884292204
halueval-2527,halueval,0,5,0.9649222619214489,0.006131569119797153,0.028946168958753894,1.0,0.0,0.0,0.0206046535991741
halueval-1631,halueval,1,5,0.12329487552059756,0.6343302702767223,0.24237485420268023,0.0,0.7,0.3,0.7555176973780624
halueval-2724,halueval,1,5,0.4014478135089936,0.5584006191041918,0.04015156738681459,0.3,0.7,0.0,0.5784764027975992
halueval-6334,halueval,1,5,0.5812183985534441,0.03316523135566744,0.38561637009088834,0.6,0.0,0.4,0.22597341640111163
halueval-6682,halueval,0,5,0.9715277291513809,0.00378879120403604,0.02468347964458289,1.0,0.0,0.0,0.016130531026327485
halueval-3172,halueval,1,5,0.9727243431179943,0.004092317799167172,0.023183339082838605,1.0,0.0,0.0,0.015683987340586476
halueval-2068,halueval,0,5,0.39456580739143476,0.5972905680388905,0.008143624569674799,0.4,0.6,0.0,0.6013623803237279
halueval-28,halueval,1,5,0.5825116590008979,0.39963859789105294,0.01784974310804928,0.6,0.4,0.0,0.4085634694450776
halueval-1162,halueval,1,5,0.9631300451997726,0.007376255978257596,0.029493698821969856,1.0,0.0,0.0,0.022123105389242524
halueval-2025,halueval,1,5,0.44909759185026765,0.17334974879825932,0.3775526593514729,0.6,0.1,0.3,0.3621260784739958
halueval-7127,halueval,0,5,0.6074514614854495,0.31208445917804595,0.0804640793365046,0.6,0.4,0.0,0.35231649884629823
halueval-1139,halueval,0,5,0.6818872558389077,0.0036055555242683972,0.3145071886368238,0.4,0.0,0.6,0.1608591498426803
halueval-3396,halueval,0,5,0.9701731515812158,0.003956610342237583,0.025870238076546682,1.0,0.0,0.0,0.016891729380510923
halueval-8098,halueval,0,5,0.9167606619058504,0.02577211640502667,0.057467221689123146,1.0,0.0,0.0,0.05450572724958824
halueval-7368,halueval,0,5,0.9179584616627382,0.012720289921190616,0.06932124841607105,1.0,0.0,0.0,0.04738091412922614
halueval-8544,halueval,0,5,0.7837782742901527,0.004396408663973147,0.2118253170458742,0.6,0.0,0.4,0.11030906718691025
halueval-7185,halueval,0,5,0.9539719246480244,0.001106544635261959,0.04492153071671356,1.0,0.0,0.0,0.023567309993618737
halueval-3345,halueval,1,5,0.9002363941793965,0.020756641396831445,0.07900696442377195,1.0,0.0,0.0,0.06026012360871742
halueval-7650,halueval,1,5,0.6531807647736793,0.21739414011370073,0.12942509511262007,0.6,0.4,0.0,0.2821066876700108
halueval-2290,halueval,1,5,0.38867447299701435,0.34590131148654923,0.26542421551643636,0.4,0.6,0.0,0.4786134192447674
halueval-6511,halueval,0,5,0.9845162582034843,0.0011793557048728628,0.01430438609164283,1.0,0.0,0.0,0.008331548750694277
halueval-1474,halueval,1,5,0.9541807138219788,0.003929258636035157,0.041890027541985966,1.0,0.0,0.0,0.02487427240702814
halueval-3093,halueval,0,5,0.37118034050811466,0.4234692770342904,0.2053503824575949,0.4,0.3,0.3,0.5261444682630878
halueval-362,halueval,1,5,0.8104000065665901,0.07767807536751294,0.11192191806589706,1.0,0.0,0.0,0.13363903440046146
halueval-2776,halueval,1,5,0.42344486237480516,0.30966286260369874,0.26689227502149593,0.5,0.3,0.2,0.4431090001144467
halueval-7958,halueval,1,5,0.9309501254857373,0.02526442201885578,0.043785452495406725,1.0,0.0,0.0,0.047157148266559146
halueval-1273,halueval,0,5,0.9630377936621285,0.0013949224190242702,0.03556728391884727,1.0,0.0,0.0,0.019178564378447904
halueval-9214,halueval,1,5,0.4731049358586289,0.32208639839637576,0.20480866574499546,0.4,0.3,0.3,0.4244907312688735
halueval-8833,halueval,1,5,0.20098073433433233,0.645465564641756,0.1535537010239117,0.2,0.8,0.0,0.7222424151537118
halueval-5127,halueval,0,5,0.5839062796091858,0.39558844818859235,0.020505272202221723,0.6,0.4,0.0,0.4058410842897032
halueval-8329,halueval,1,5,0.9930452610354956,0.0008382117800978088,0.006116527184406308,1.0,0.0,0.0,0.0038964753723009626
halueval-3528,halueval,0,5,0.9558563952123679,0.002257686780886035,0.041885918006745966,1.0,0.0,0.0,0.023200645784259018
halueval-1469,halueval,0,5,0.39860934608744214,0.32721188972977,0.2741787641827879,0.4,0.6,0.0,0.464301271821164
halueval-3356,halueval,0,5,0.9567627468675506,0.0019579348596435943,0.04127931827280585,1.0,0.0,0.0,0.02259759399604652
halueval-9086,halueval,0,5,0.9307723041548055,0.002219220535260369,0.06700847530993416,1.0,0.0,0.0,0.03572345819022745
halueval-1990,halueval,0,5,0.9626730428739773,0.0018422738365662164,0.03548468328945644,1.0,0.0,0.0,0.019584615481294438
halueval-3843,halueval,0,5,0.350260961359114,0.025287367514587995,0.624451671126298,0.4,0.0,0.6,0.33751320307773697
halueval-3143,halueval,0,5,0.9493372536823333,0.015224609598222994,0.03543813671944352,1.0,0.0,0.0,0.032943677957944756
halueval-366,halueval,0,5,0.7791658521178403,0.001817191606828116,0.2190169562753317,0.6,0.0,0.4,0.11132566974449395
halueval-9672,halueval,1,5,0.2927117671051801,0.6952643460970215,0.012023886797798334,0.3,0.7,0.0,0.7012762894959207
halueval-4664,halueval,0,5,0.6078636483002828,0.3435573161138522,0.048579035585865016,0.6,0.4,0.0,0.36784683390678474
halueval-4452,halueval,0,5,0.3920998860969175,0.5943237428436176,0.013576371059465015,0.4,0.6,0.0,0.60111192837335
halueval-1439,halueval,1,5,0.3893870110389838,0.3933521683962537,0.21726082056476242,0.6,0.4,0.0,0.5019825786786349
halueval-9658,halueval,1,5,0.9894315282653622,0.0015829410253162782,0.008985530709321605,1.0,0.0,0.0,0.006075706379977081
halueval-7596,halueval,0,5,0.6465169335353925,0.0015559133573709255,0.35192715310723643,0.4,0.0,0.6,0.17751948991098915
halueval-3166,halueval,1,5,0.9724287874490802,0.005339573224182223,0.022231639326737586,1.0,0.0,0.0,0.016455392887551018
halueval-552,halueval,0,5,0.32964989092585145,0.41275651851866596,0.2575935905554826,0.3,0.6,0.1,0.5415533137964073
halueval-3076,halueval,0,5,0.1526657136195306,0.30687709622578496,0.5404571901546844,0.1,0.4,0.5,0.5771056913031272
halueval-7598,halueval,1,5,0.5160227453496747,0.16711250993878984,0.3168647447115353,0.3,0.3,0.4,0.32554488229455747
halueval-591,halueval,0,5,0.6034979171969053,0.035932634360773166,0.3605694484423217,0.6,0.0,0.4,0.21621735858193403
halueval-4067,halueval,1,5,0.978365949711683,0.003745235590717326,0.017888814697599877,1.0,0.0,0.0,0.012689642939517264
halueval-936,halueval,1,5,0.9846781312175995,0.0015539804267998385,0.013767888355600421,1.0,0.0,0.0,0.00843792460460005
halueval-6277,halueval,1,5,0.9761559627365177,0.006538448342024583,0.017305588921457705,1.0,0.0,0.0,0.015191242802753436
halueval-220,halueval,1,5,0.3023236546889111,0.5030661832312389,0.19461016207984994,0.3,0.7,0.0,0.6003712642711638
halueval-5383,halueval,0,5,0.6902043862021511,0.019706545931171413,0.2900890678666775,1.0,0.0,0.0,0.16475107986451015
halueval-7919,halueval,1,5,0.771512364512245,0.09042618681268447,0.13806144867507048,1.0,0.0,0.0,0.1594569111502197
halueval-4234,halueval,0,5,0.9828247954000737,0.0030465253252110647,0.01412867927471526,1.0,0.0,0.0,0.010110864962568696
halueval-6811,halueval,0,5,0.9361157796713604,0.02419445304581858,0.03968976728282109,1.0,0.0,0.0,0.04403933668722912
halueval-5652,halueval,1,5,0.19528463774439642,0.7930313778010163,0.011683984454587331,0.2,0.8,0.0,0.7988733700283099
halueval-9304,halueval,1,5,0.3543282994689735,0.41838038822864265,0.22729131230238392,0.2,0.7,0.1,0.5320260443798346
halueval-4387,halueval,1,5,0.9519834917812402,0.004271068416929806,0.04374543980182995,1.0,0.0,0.0,0.02614378831784478
halueval-4984,halueval,1,5,0.32725442528358034,0.6480408287922391,0.024704745924180614,0.3,0.7,0.0,0.6603932017543295
halueval-6531,halueval,0,5,0.4005384202995841,0.3503141610681607,0.2491474186322553,0.4,0.6,0.0,0.47488787038428837
halueval-2007,halueval,1,5,0.3487977402640118,0.16385640344892424,0.487345856287064,0.3,0.1,0.6,0.40752933159245625
halueval-9045,halueval,0,5,0.7337581599622804,0.0055726072388436005,0.26066923279887605,1.0,0.0,0.0,0.13590722363828162
halueval-7072,halueval,0,5,0.9664900868562573,0.003286937938572599,0.03022297520517004,1.0,0.0,0.0,0.018398425541157618
halueval-2423,halueval,0,5,0.7576687864225671,0.025109281255794313,0.2172219323216386,1.0,0.0,0.0,0.13372024741661362
halueval-7403,halueval,0,5,0.08251175345178793,0.4912793652351294,0.4262088813130829,0.0,0.6,0.4,0.7043838058916708
halueval-9803,halueval,0,5,0.3928970486837721,0.5958818906856612,0.011221060630566633,0.4,0.6,0.0,0.6014924210009446
halueval-3527,halueval,0,5,0.9406014819577388,0.019435194180443423,0.039963323861817765,1.0,0.0,0.0,0.0394168561113523
halueval-6249,halueval,0,5,0.7700510555151847,0.018506302129488558,0.21144264235532662,0.6,0.0,0.4,0.12422762330715187
halueval-1766,halueval,0,5,0.35034583296477445,0.4181975983553096,0.23145656867991599,0.4,0.4,0.2,0.5339258826952676
halueval-1560,halueval,1,5,0.9768813185719415,0.00231737508347446,0.020801306344583957,1.0,0.0,0.0,0.012718028255766439
halueval-1727,halueval,1,5,0.3872096183496365,0.5990331810991683,0.013757200551195373,0.4,0.6,0.0,0.605911781374766
halueval-5044,halueval,0,5,0.23887468798416003,0.2880573746365263,0.47306793737931363,0.2,0.3,0.5,0.5245913433261831
halueval-1103,halueval,1,5,0.9423316314218881,0.0050788116647293175,0.052589556913382386,1.0,0.0,0.0,0.03137359012142051
halueval-7544,halueval,0,5,0.6688093327108969,0.004947011626959248,0.3262436556621437,0.8,0.0,0.2,0.16806883945803108
halueval-135,halueval,0,5,0.8053438199702831,0.016676282525734016,0.17797989750398285,1.0,0.0,0.0,0.10566623127772544
halueval-2627,halueval,1,5,0.9768727373435213,0.0006791688428452486,0.02244809381363331,1.0,0.0,0.0,0.011903215749661904
halueval-2927,halueval,0,5,0.29793161817662384,0.5180572008117097,0.18401118101166647,0.2,0.6,0.2,0.6100627913175429
halueval-40,halueval,1,5,0.9027155248998767,0.03473441106943213,0.06255006403069134,1.0,0.0,0.0,0.0660094430847778
halueval-8662,halueval,0,5,0.13460301621253978,0.4301035998293715,0.43529338395808875,0.1,0.4,0.5,0.6477502918084159
halueval-9842,halueval,0,5,0.9644690401102587,0.0014183334122700817,0.03411262647747153,1.0,0.0,0.0,0.018474646651005844
halueval-6049,halueval,1,5,0.3968471044252172,0.5830786711286893,0.02007422444609348,0.4,0.6,0.0,0.593115783351736
halueval-1634,halueval,1,5,0.4949894388716934,0.09430897731653438,0.41070158381177224,0.3,0.0,0.7,0.2996597692224205
halueval-3265,halueval,1,5,0.34311032976010497,0.5988975262791323,0.057992143960762646,0.3,0.6,0.1,0.6278935982595136
halueval-4420,halueval,1,5,0.9803313080212982,0.0014246833142936154,0.018244008664408142,1.0,0.0,0.0,0.010546687646497686
halueval-7821,halueval,0,5,0.3943679577586706,0.20873948940500556,0.3968925528363239,0.4,0.0,0.6,0.4071857658231675
halueval-6606,halueval,0,5,0.9585458507444928,0.01041402772843967,0.03104012152706751,1.0,0.0,0.0,0.025934088491973428
halueval-9414,halueval,1,5,0.6828078060597994,0.18266762950331047,0.1345245644368904,1.0,0.0,0.0,0.24992991172175566
halueval-1663,halueval,0,5,0.6746644979653029,0.01346767899254138,0.31186782304215555,0.4,0.0,0.6,0.16940159051361914
halueval-1118,halueval,1,5,0.38300271409318676,0.5562498307311458,0.060747455175667556,0.4,0.6,0.0,0.5866235583189795
halueval-5356,halueval,0,5,0.9501340813315832,0.014051926851310587,0.035813991817106476,1.0,0.0,0.0,0.031958922759863825
halueval-2705,halueval,0,5,0.33485574163708653,0.3995788413920738,0.2655654169708397,0.4,0.6,0.0,0.5323615498774936
halueval-8108,halueval,1,5,0.9723161270688927,0.00302351455580148,0.024660358375305867,1.0,0.0,0.0,0.015353693743454414
halueval-7431,halueval,0,5,0.5549735829322751,0.05680075406631975,0.38822566300140515,0.6,0.0,0.4,0.2509135855670223
halueval-1281,halueval,0,5,0.9474856557763223,0.010306074200929896,0.04220827002274778,1.0,0.0,0.0,0.03141020921230379
halueval-5020,halueval,0,5,0.6340128096732249,0.005582837935012127,0.360404352391763,0.4,0.0,0.6,0.18578501413089363
halueval-5863,halueval,0,5,0.004921620111442135,0.9898554394118401,0.00522294047671787,0.0,1.0,0.0,0.992466909650199
halueval-3705,halueval,0,5,0.1509853404466046,0.7946357531009267,0.05437890645246861,0.2,0.8,0.0,0.821825206327161
halueval-3629,halueval,0,5,0.920943530127696,0.01095584401044947,0.06810062586185443,1.0,0.0,0.0,0.04500615694137669
halueval-3297,halueval,0,5,0.6582725318290105,0.008611184389138531,0.33311628378185104,1.0,0.0,0.0,0.17516932628006404
halueval-7781,halueval,0,5,0.9813496454106568,0.002250824748363377,0.01639952984097965,1.0,0.0,0.0,0.010450589668853202
halueval-8073,halueval,1,5,0.9403882923268633,0.02609862920772064,0.03351307846541612,1.0,0.0,0.0,0.0428551684404287
halueval-3699,halueval,0,5,0.9811293915328443,0.0035432504047202807,0.015327358062435351,1.0,0.0,0.0,0.011206929435937957
halueval-8857,halueval,1,5,0.20356611897933496,0.18750686326058605,0.608927017760079,0.1,0.2,0.7,0.49197037214062556
halueval-7180,halueval,1,5,0.6075306360139596,0.029193263124453517,0.36327610086158674,0.6,0.0,0.4,0.2108313135552469
halueval-2830,halueval,0,5,0.3813242419771558,0.11906917979823621,0.4996065782246079,0.1,0.1,0.8,0.36887246891054015
halueval-9490,halueval,0,5,0.6986250171813291,0.00490326531704699,0.29647171750162393,1.0,0.0,0.0,0.15313912406785896
halueval-1149,halueval,0,5,0.6044939121115458,0.3688654716976978,0.026640616190756427,0.6,0.4,0.0,0.382185779793076
halueval-1761,halueval,1,5,0.5359312605263702,0.0837380880782935,0.38033065139533623,0.6,0.0,0.4,0.2739034137759616
halueval-6371,halueval,1,5,0.7908165727048926,0.00634457763520011,0.20283884965990734,0.6,0.0,0.4,0.10776400246515377
halueval-2561,halueval,1,5,0.9709902500921087,0.0031345829461823156,0.0258751669617089,1.0,0.0,0.0,0.016072166427036766
halueval-4866,halueval,0,5,0.3240994911942928,0.5940011723892863,0.0818993364164208,0.3,0.7,0.0,0.6349508405974967
halueval-702,halueval,1,5,0.9651098557051402,0.004080938422651459,0.030809205872208305,1.0,0.0,0.0,0.01948554135875561
halueval-5973,halueval,1,5,0.5448131216988058,0.013326019641412418,0.44186085865978175,0.3,0.0,0.7,0.2342564489713033
halueval-7532,halueval,0,5,0.7943409920459048,0.17296334016910006,0.032695667784995,1.0,0.0,0.0,0.18931117406159756
halueval-3362,halueval,0,5,0.9733021445561082,0.004628596407855032,0.022069259036036647,1.0,0.0,0.0,0.015663225925873357
halueval-6819,halueval,0,5,0.2604242670825947,0.00607466728387551,0.7335010656335298,0.1,0.0,0.9,0.3728252001006404
halueval-8474,halueval,1,5,0.9092190487572894,0.023309360785041856,0.06747159045766885,1.0,0.0,0.0,0.057045156013876275
halueval-7376,halueval,0,5,0.4162969717072805,0.4864025654023024,0.09730046289041708,0.4,0.6,0.0,0.535052796847511
halueval-3636,halueval,0,5,0.20513332334531498,0.43111896929469556,0.36374770735998946,0.1,0.6,0.3,0.6129928229746903
halueval-9012,halueval,0,5,0.1940116671236501,0.16116038215913425,0.6448279507172157,0.1,0.1,0.8,0.4835743575177421
halueval-6482,halueval,1,5,0.19257192056151967,0.796045376467788,0.011382702970692464,0.2,0.8,0.0,0.8017367279531342
halueval-4930,halueval,0,5,0.3546575075129531,0.19486435892597204,0.45047813356107486,0.2,0.1,0.7,0.4201034257065095
halueval-1840,halueval,0,5,0.2836065470750748,0.5908204637838175,0.12557298914110765,0.2,0.8,0.0,0.6536069583543713
halueval-3564,halueval,1,5,0.9696186472063332,0.0052381816063999,0.02514317118726701,1.0,0.0,0.0,0.017809767200033404
halueval-4536,halueval,1,5,0.5910452592943161,0.3759767138469988,0.03297802685868512,0.6,0.4,0.0,0.3924657272763414
halueval-2748,halueval,0,5,0.3901013188230117,0.5990328987225191,0.010865782454469319,0.4,0.6,0.0,0.6044657899497538
halueval-3754,halueval,0,5,0.9827518041925323,0.0016033655872035681,0.015644830220264076,1.0,0.0,0.0,0.009425780697335606
halueval-2814,halueval,1,5,0.19701685052117068,0.6816771024537456,0.1213060470250837,0.1,0.7,0.2,0.7423301259662874
halueval-5859,halueval,0,5,0.3612649007003249,0.48018445637157114,0.1585506429281039,0.3,0.4,0.3,0.5594597778356231
halueval-7914,halueval,1,5,0.6804400753069126,0.004508947428607241,0.31505097726448017,0.7,0.0,0.3,0.16203443606084733
halueval-2182,halueval,0,5,0.7607222866821924,0.050041027150447684,0.1892366861673598,1.0,0.0,0.0,0.1446593702341276
halueval-1535,halueval,0,5,0.7374019471273725,0.02504376457728432,0.23755428829534325,0.6,0.0,0.4,0.14382090872495595
halueval-5398,halueval,1,5,0.7888066731416625,0.0030372871166415997,0.20815603974169594,0.6,0.0,0.4,0.10711530698748957
halueval-9474,halueval,0,5,0.48336442034718924,0.4895048553731133,0.027130724279697364,0.6,0.4,0.0,0.503070217512962
halueval-2968,halueval,1,5,0.09983199295813444,0.8958596487215024,0.004308358320363246,0.1,0.9,0.0,0.8980138278816839
halueval-2187,halueval,1,5,0.6591962594197058,0.2718797298249868,0.06892401075530724,1.0,0.0,0.0,0.3063417352026404
halueval-4185,halueval,1,5,0.3018889332684796,0.10080801612785624,0.5973030506036643,0.3,0.1,0.6,0.39945954142968837
halueval-6473,halueval,1,5,0.4090897956731011,0.38377925670939794,0.2071309476175009,0.4,0.3,0.3,0.4873447305181484
halueval-8787,halueval,0,5,0.9589817826533219,0.006167975600457635,0.03485024174622031,1.0,0.0,0.0,0.02359309647356779
halueval-5611,halueval,0,5,0.6705581475437677,0.002494577061883949,0.3269472753943483,0.4,0.0,0.6,0.1659682147590581
halueval-5307,halueval,1,5,0.21706277417633046,0.7503184811329724,0.032618744690697206,0.2,0.8,0.0,0.766627853478321
halueval-3537,halueval,0,5,0.3011993291878271,0.6528949208545481,0.04590574995762479,0.4,0.6,0.0,0.6758477958333605
halueval-9980,halueval,0,5,0.6419251541269737,0.07068855867584067,0.28738628719718556,0.4,0.0,0.6,0.21438170227443346
halueval-291,halueval,1,5,0.7991433016810837,0.02400426602385325,0.17685243229506303,1.0,0.0,0.0,0.11243048217138477
halueval-4951,halueval,0,5,0.9784108922680556,0.004298052286453953,0.017291055445490373,1.0,0.0,0.0,0.01294358000919914
halueval-1732,halueval,1,5,0.9682329695990717,0.002411755309640117,0.029355275091288168,1.0,0.0,0.0,0.0170893928552842
halueval-7211,halueval,1,5,0.18268608938450265,0.0563413670143512,0.7609725436011461,0.1,0.0,0.9,0.43682763881492426
halueval-2166,halueval,0,5,0.7065344687818933,0.1427455918504575,0.15071993936764924,1.0,0.0,0.0,0.21810556153428212
halueval-3955,halueval,1,5,0.09549650405489002,0.6476906678339909,0.25681282811111894,0.1,0.9,0.0,0.7760970818895503
halueval-2139,halueval,0,5,0.541907243573553,0.013350574751646294,0.44474218167480073,0.5,0.0,0.5,0.23572166558904667
halueval-7023,halueval,1,5,0.5891108351440717,0.01242367601693832,0.39846548883899013,0.6,0.0,0.4,0.2116564204364334
halueval-4917,halueval,1,5,0.5978166295007776,0.363019274105992,0.03916409639323051,0.6,0.4,0.0,0.38260132230260724
halueval-8237,halueval,1,5,0.9708904669562053,0.00601986599319623,0.023089667050598676,1.0,0.0,0.0,0.01756469951849557
halueval-1339,halueval,0,5,0.9694349215410473,0.005479075293898525,0.025086003165054115,1.0,0.0,0.0,0.018022076876425583
halueval-1032,halueval,1,5,0.9670504118075642,0.0024284067379560363,0.030521181454479702,1.0,0.0,0.0,0.017688997465195887
halueval-7867,halueval,1,5,0.31362044696984437,0.5448354496172537,0.14154410341290197,0.4,0.6,0.0,0.6156075013237047
halueval-2905,halueval,1,5,0.19073508987183185,0.6319455864143068,0.17731932371386128,0.2,0.8,0.0,0.7206052482712374
halueval-2000,halueval,0,5,0.38785772090371223,0.5998195013306036,0.012322777765684169,0.4,0.6,0.0,0.6059808902134457
halueval-1225,halueval,0,5,0.20025880178625127,0.779555766763725,0.020185431450023838,0.2,0.8,0.0,0.7896484824887369
halueval-242,halueval,1,5,0.7485628593393706,0.008702230085819091,0.24273491057481045,0.6,0.0,0.4,0.1300696853732243
halueval-1437,halueval,0,5,0.6015597298481724,0.3104098098158826,0.08803046033594492,0.6,0.4,0.0,0.3544250399838551
halueval-1989,halueval,1,5,0.8827387195570322,0.021033223506033604,0.09622805693693418,1.0,0.0,0.0,0.0691472519745007
halueval-6762,halueval,1,5,0.24367271802618987,0.5641192299939226,0.19220805197988752,0.1,0.6,0.3,0.6602232559838663
halueval-168,halueval,0,5,0.9423028258127252,0.012399324957143867,0.04529784923013101,1.0,0.0,0.0,0.035048249572209374
halueval-1384,halueval,0,5,0.9684984201233509,0.0008017573389414102,0.030699822537707745,1.0,0.0,0.0,0.016151668607795284
halueval-2116,halueval,1,5,0.9609622580757936,0.004357681862033525,0.03468006006217284,1.0,0.0,0.0,0.021697711893119948
halueval-5648,halueval,1,5,0.9594747292516033,0.009996746844917404,0.030528523903479387,1.0,0.0,0.0,0.025261008796657096
halueval-6448,halueval,0,5,0.9726803904305982,0.0013680463516882757,0.025951563217713736,1.0,0.0,0.0,0.014343827960545143
halueval-1091,halueval,0,5,0.9710727319870942,0.0010261898518828631,0.027901078161022736,1.0,0.0,0.0,0.014976728932394231
halueval-1276,halueval,0,5,0.7110249308108434,0.05172897849418147,0.2372460906949753,1.0,0.0,0.0,0.17035202384166911
halueval-6017,halueval,1,5,0.6890516104816256,0.003773451216349688,0.3071749383020248,0.4,0.0,0.6,0.1573609203673621
halueval-9333,halueval,0,5,0.9761011186792456,0.0034674442145575584,0.020431437106196656,1.0,0.0,0.0,0.013683162767655885
halueval-1577,halueval,1,5,0.9478000721165023,0.013655079312142071,0.038544848571355705,1.0,0.0,0.0,0.03292750359781992
halueval-705,halueval,0,5,0.32698591133685967,0.6024339336983646,0.07058015496477565,0.3,0.7,0.0,0.6377240111807525
halueval-8861,halueval,1,5,0.9589447450542472,0.0027373586723247146,0.03831789627342779,1.0,0.0,0.0,0.02189630680903861
halueval-1816,halueval,0,5,0.25715438011516767,0.713367385434827,0.029478234450005365,0.2,0.8,0.0,0.7281065026598297
halueval-5578,halueval,1,5,0.4382712467209006,0.4010129718755989,0.16071578140350046,0.6,0.4,0.0,0.4813708625773492
halueval-2826,halueval,1,5,0.8910556577887606,0.045243883251805936,0.06370045895943344,1.0,0.0,0.0,0.07709411273152265
halueval-3167,halueval,0,5,0.4223346990579725,0.23218963922079724,0.34547566172123023,0.4,0.0,0.6,0.4049274700814124
halueval-8499,halueval,0,5,0.6382230187055602,0.04132791411396902,0.32044906718047084,0.6,0.0,0.4,0.20155244770420444
halueval-2946,halueval,1,5,0.394092600907174,0.592013596611942,0.013893802480884085,0.4,0.6,0.0,0.598960497852384
halueval-1543,halueval,0,5,0.6131030171300875,0.02123308912199292,0.3656638937479196,0.4,0.0,0.6,0.20406503599595271
halueval-7290,halueval,0,5,0.9596675004460025,0.0034428363335967166,0.03688966322040094,1.0,0.0,0.0,0.021887667943797186
halueval-9789,halueval,0,5,0.9615323816294501,0.0012984988775405198,0.0371691194930095,1.0,0.0,0.0,0.01988305862404527
halueval-4651,halueval,0,5,0.652507831852793,0.12924853556234817,0.21824363258485882,0.6,0.0,0.4,0.23837035185477756
halueval-8633,halueval,1,5,0.25311953586425273,0.3206680905345099,0.4262123736012374,0.2,0.4,0.4,0.5337742773351286
halueval-8785,halueval,1,5,0.38638878650639563,0.5925224839026774,0.02108872959092693,0.4,0.6,0.0,0.6030668486981409
halueval-7565,halueval,0,5,0.988040722623326,0.0010125916508463854,0.01094668572582749,1.0,0.0,0.0,0.00648593451376013
halueval-9147,halueval,1,5,0.34104532854710784,0.5902328218364954,0.06872184961639688,0.3,0.6,0.1,0.6245937466446938
halueval-4712,halueval,1,5,0.16256869578954175,0.3310909667565411,0.5063403374539172,0.0,0.4,0.6,0.5842611354834997
halueval-3026,halueval,0,5,0.9211489400996993,0.008397582678732394,0.07045347722156833,1.0,0.0,0.0,0.04362432128951656
halueval-7788,halueval,0,5,0.314839677393582,0.3868634438961135,0.2982968787103045,0.3,0.6,0.1,0.5360118832512657
halueval-814,halueval,1,5,0.702495128628849,0.01654680118123574,0.28095807018991537,1.0,0.0,0.0,0.15702583627619343
halueval-288,halueval,0,5,0.40583018660355413,0.3278426412273838,0.2663271721690621,0.4,0.6,0.0,0.4610062273119149
halueval-206,halueval,0,5,0.5988836158755911,0.04173168957421008,0.3593846945501987,0.4,0.0,0.6,0.22142403684930945
halueval-3374,halueval,1,5,0.9583329567685436,0.006814647190284724,0.034852396041171796,1.0,0.0,0.0,0.024240845210870623
halueval-3157,halueval,0,5,0.3950152053552505,0.5669371817080315,0.038047612936717955,0.4,0.6,0.0,0.5859609881763905
halueval-7208,halueval,1,5,0.9752712269557804,0.0030816004614084075,0.021647172582810903,1.0,0.0,0.0,0.01390518675281386
halueval-4718,halueval,0,5,0.3816192089633381,0.601541277049664,0.016839513986997925,0.4,0.6,0.0,0.6099610340431629
halueval-9498,halueval,0,5,0.6957506076089783,0.06020463870625746,0.24404475368476403,1.0,0.0,0.0,0.18222701554863946
halueval-8533,halueval,0,5,0.6151272441866915,0.1543168141612581,0.23055594165205046,0.6,0.0,0.4,0.2695947849872833
halueval-6065,halueval,1,5,0.9543786347896523,0.009834882508452127,0.03578648270189567,1.0,0.0,0.0,0.02772812385939996
halueval-9709,halueval,0,5,0.9633845694128679,0.0016893627608435882,0.034926067826288584,1.0,0.0,0.0,0.01915239667398788
halueval-8991,halueval,1,5,0.5853934660733758,0.399791097034684,0.014815436891940124,0.6,0.4,0.0,0.40719881548065406
halueval-7385,halueval,1,5,0.961408984604207,0.0029453927940915666,0.035645622601701475,1.0,0.0,0.0,0.020768204094942302
halueval-7548,halueval,1,5,0.5982293310416181,0.0021051770513861898,0.39966549190699563,0.6,0.0,0.4,0.201937923004884
halueval-830,halueval,1,5,0.9626730428739773,0.0018422738365662164,0.03548468328945644,1.0,0.0,0.0,0.019584615481294438
halueval-2373,halueval,1,5,0.3971349538428142,0.08993406405680553,0.51293098210038,0.4,0.0,0.6,0.34639955510699555
halueval-3595,halueval,0,5,0.6509869472309325,0.26894084372238974,0.08007220904667775,0.6,0.4,0.0,0.30897694824572863
halueval-8534,halueval,1,5,0.20337238632750068,0.6551947547082922,0.1414328589642071,0.2,0.8,0.0,0.7259111841903958
halueval-7622,halueval,0,5,0.9805444484115124,0.001311608521524996,0.01814394306696263,1.0,0.0,0.0,0.01038358005500631
halueval-3964,halueval,1,5,0.4357374618455389,0.34765412189277656,0.2166084162616846,0.3,0.4,0.3,0.45595833002361885
halueval-7874,halueval,0,5,0.9836879484978022,0.0011255836692167375,0.01518646783298121,1.0,0.0,0.0,0.008718817585707342
halueval-1164,halueval,1,5,0.5913023744780668,0.39963142709028665,0.009066198431646551,0.6,0.4,0.0,0.40416452630610994
halueval-3647,halueval,0,5,0.7517708944610724,0.0025639351616702235,0.2456651703772573,1.0,0.0,0.0,0.12539652035029888
halueval-3877,halueval,0,5,0.9466071874282683,0.009512000316104057,0.04388081225562772,1.0,0.0,0.0,0.03145240644391792
halueval-1126,halueval,1,5,0.3134776334291508,0.3020368048170503,0.3844855617537989,0.4,0.3,0.3,0.49427958569394975
halueval-8583,halueval,1,5,0.9734451760376281,0.005038493060850189,0.021516330901521857,1.0,0.0,0.0,0.01579665851161112
halueval-572,halueval,1,5,0.38967186101674567,0.5990217814598003,0.01130635752345402,0.4,0.6,0.0,0.6046749602215273
halueval-297,halueval,0,5,0.6160769280801796,0.17586019942834716,0.20806287249147318,0.9,0.1,0.0,0.27989163567408376
halueval-4221,halueval,1,5,0.9733753331283423,0.007345420029494699,0.01927924684216282,1.0,0.0,0.0,0.01698504345057611
halueval-8981,halueval,0,5,0.4356206565204956,0.39993409777539046,0.16444524570411395,0.3,0.4,0.3,0.4821567206274474
halueval-2313,halueval,1,5,0.9503753762484948,0.0126329307515898,0.03699169299991547,1.0,0.0,0.0,0.031128777251547536
halueval-3437,halueval,1,5,0.5888160351696086,0.3705274415967344,0.040656523233657135,0.6,0.4,0.0,0.39085570321356294
halueval-857,halueval,0,5,0.9570979826414551,0.0015147418627239595,0.041387275495820955,1.0,0.0,0.0,0.022208379610634436
halueval-3458,halueval,0,5,0.42444451646427905,0.14015235161894368,0.4354031319167772,0.4,0.0,0.6,0.3578539175773323
halueval-4889,halueval,1,5,0.6447575717054632,0.00843792260777953,0.3468045056867572,0.6,0.0,0.4,0.18184017545115813
halueval-3582,halueval,1,5,0.2931675610262153,0.690537970930326,0.01629446804345878,0.3,0.7,0.0,0.6986852049520553
halueval-6468,halueval,1,5,0.44646171534766915,0.14856008507711513,0.40497819957521575,0.6,0.0,0.4,0.35104918486472303
halueval-1212,halueval,1,5,0.39470272341298734,0.4644510666184879,0.1408462099685248,0.4,0.6,0.0,0.5348741716027503
halueval-7342,halueval,0,5,0.5673339454889845,0.20900430798671885,0.22366174652429677,0.6,0.4,0.0,0.32083518124886723
halueval-7708,halueval,0,5,0.9632030334284899,0.0015800975120091403,0.035216869059500944,1.0,0.0,0.0,0.01918853204175961
halueval-5485,halueval,1,5,0.780036241351705,0.004717457590242773,0.2152463010580521,1.0,0.0,0.0,0.11234060811926883
halueval-8009,halueval,0,5,0.6435864219942645,0.0031461930008516658,0.3532673850048838,0.3,0.0,0.7,0.17977988550329357
halueval-7732,halueval,1,5,0.44284437019938866,0.4004223410985107,0.15673328870210065,0.3,0.4,0.3,0.47878898544956106
halueval-8546,halueval,0,5,0.9708178737814295,0.0031369229064817294,0.026045203312088584,1.0,0.0,0.0,0.01615952456252602
halueval-3785,halueval,1,5,0.9752115271549349,0.003902212208657915,0.020886260636407285,1.0,0.0,0.0,0.014345342526861558
halueval-5803,halueval,1,5,0.9783433388051389,0.0028198825382908066,0.01883677865657029,1.0,0.0,0.0,0.012238271866575952
halueval-2112,halueval,0,5,0.9786066024287168,0.0022791488336141724,0.019114248737669037,1.0,0.0,0.0,0.011836273202448691
halueval-861,halueval,0,5,0.9746346257839,0.006728176500187341,0.01863719771591261,1.0,0.0,0.0,0.016046775358143646
halueval-2283,halueval,0,5,0.49499695035870317,0.004150053347539312,0.5008529962937576,0.2,0.0,0.8,0.2545765514944181
halueval-127,halueval,1,5,0.35709179793868484,0.437560342320351,0.2053478597409643,0.4,0.6,0.0,0.5402342721908332
halueval-2598,halueval,1,5,0.7238463522070239,0.06064874018390696,0.2155049076090691,1.0,0.0,0.0,0.1684011939884415
halueval-8710,halueval,1,5,0.918507184233329,0.02726408801944156,0.05422872774722941,1.0,0.0,0.0,0.05437845189305626
halueval-6858,halueval,0,5,0.9759964048927122,0.0045431730241093865,0.019460422083178226,1.0,0.0,0.0,0.014273384065698499
halueval-625,halueval,1,5,0.2154309618327322,0.3968731595282975,0.38769587863897026,0.3,0.4,0.3,0.5907210988477827
halueval-3782,halueval,0,5,0.20453599335867695,0.5546366332717276,0.24082737336959542,0.2,0.4,0.4,0.6750503199565253
halueval-1138,halueval,1,5,0.5982069516286541,0.12052323721372002,0.28126981115762584,0.9,0.0,0.1,0.2611581427925329
halueval-1208,halueval,0,5,0.40151964333526646,0.15790754612969674,0.44057281053503683,0.4,0.0,0.6,0.3781939513972151
halueval-4404,halueval,1,5,0.63305186008789,0.00419526679167675,0.36275287312043325,0.6,0.0,0.4,0.18557170335189338
halueval-3205,halueval,1,5,0.4561148099594,0.5205429827061414,0.023342207334458725,0.4,0.6,0.0,0.5322140863733708
halueval-5832,halueval,0,5,0.6484728816670057,0.2629182439437279,0.08860887438926653,0.6,0.4,0.0,0.3072226811383612
halueval-8651,halueval,0,5,0.0024516283499534464,0.9747107720231822,0.02283759962686443,0.0,1.0,0.0,0.9861295718366144
halueval-1572,halueval,0,5,0.9814971456395003,0.0012467986161095181,0.017256055744390274,1.0,0.0,0.0,0.009874826488304655
halueval-7407,halueval,1,5,0.67279427100276,0.11572729629852925,0.21147843269871083,0.6,0.0,0.4,0.22146651264788467
halueval-4499,halueval,0,5,0.9701731515812158,0.003956610342237583,0.025870238076546682,1.0,0.0,0.0,0.016891729380510923
halueval-6368,halueval,1,5,0.9316077165037415,0.002574532913453735,0.06581775058280481,1.0,0.0,0.0,0.03548340820485614
halueval-4010,halueval,0,5,0.9650810994542376,0.004845758314154137,0.030073142231608497,1.0,0.0,0.0,0.019882329429958386
halueval-3019,halueval,0,5,0.23208561912979503,0.5587056069625521,0.20920877390765277,0.1,0.7,0.2,0.6633099939163785
halueval-9504,halueval,0,5,0.4896328448679334,0.13330990465918732,0.3770572504728792,0.6,0.1,0.3,0.3218385298956269
halueval-7722,halueval,0,5,0.7939961527103375,0.002056773055392571,0.20394707423427,0.6,0.0,0.4,0.10403031017252758
halueval-7229,halueval,1,5,0.20370393351670635,0.400321426799387,0.3959746396839068,0.3,0.4,0.3,0.5983087466413404
halueval-8233,halueval,1,5,0.44329888828034336,0.3511746374177518,0.2055264743019048,0.3,0.4,0.3,0.45393787456870416
halueval-7460,halueval,1,5,0.9508333778459408,0.006820247911965896,0.04234637424209327,1.0,0.0,0.0,0.02799343503301253
halueval-9615,halueval,0,5,0.872664565423985,0.0023225380316618275,0.1250128965443531,1.0,0.0,0.0,0.06482898630383838
halueval-120,halueval,1,5,0.44372144519184253,0.2507163426130275,0.30556221219512997,0.4,0.2,0.4,0.40349744871059245
halueval-2801,halueval,0,5,0.3371772459136792,0.5139330909130864,0.1488896631732343,0.4,0.6,0.0,0.5883779224997036
halueval-7702,halueval,0,5,0.9920257642454123,0.0008842029895445066,0.0070900327650430224,1.0,0.0,0.0,0.004429219372066018
halueval-8276,halueval,1,5,0.8859316590859029,0.021745046830568097,0.0923232940835292,1.0,0.0,0.0,0.0679066938723327
halueval-776,halueval,1,5,0.05097429529492762,0.5539647190200823,0.39506098568499004,0.1,0.7,0.2,0.7514952118625773
halueval-7029,halueval,1,5,0.5952824361743884,0.07260412844139291,0.33211343538421884,0.6,0.0,0.4,0.23866084613350233
halueval-9848,halueval,0,5,0.961315509724001,0.0031976521115785485,0.03548683816442065,1.0,0.0,0.0,0.020941071193788872
halueval-8691,halueval,0,5,0.4499366029937514,0.4002324230294002,0.1498309739768484,0.6,0.4,0.0,0.4751479100178244
halueval-2407,halueval,0,5,0.5568428792276091,0.03876380017417758,0.40439332059821337,0.2,0.0,0.8,0.24096046047328426
halueval-7375,halueval,1,5,0.5881998808968644,0.05392981300747911,0.3578703060956565,0.4,0.0,0.6,0.23286496605530738
halueval-9248,halueval,0,5,0.5874816774169851,0.35050046863251433,0.06201785395050059,0.6,0.4,0.0,0.38150939560776465
halueval-4765,halueval,1,5,0.9662634989060255,0.001816775133714206,0.03191972596026037,1.0,0.0,0.0,0.01777663811384439
halueval-5960,halueval,0,5,0.3588182621007418,0.2396469632227923,0.4015347746764658,0.2,0.2,0.6,0.4404143505610252
halueval-1036,halueval,0,5,0.7478102546959617,0.0034994823204485617,0.2486902629835896,0.6,0.0,0.4,0.12784461381224335
halueval-1253,halueval,1,5,0.7592348427974391,0.10596516974775043,0.13479998745481042,1.0,0.0,0.0,0.17336516347515563
halueval-4543,halueval,0,5,0.9471023731643442,0.011947444818437724,0.04095018201721816,1.0,0.0,0.0,0.0324225358270468
halueval-7064,halueval,1,5,0.7940780047832923,0.001613498591907003,0.2043084966248007,0.6,0.0,0.4,0.10376774690430735
halueval-8149,halueval,1,5,0.957354241035574,0.001654105604536221,0.040991653359889704,1.0,0.0,0.0,0.022149932284481075
halueval-5599,halueval,1,5,0.3814988607723145,0.38831634417610067,0.23018479505158482,0.2,0.4,0.4,0.5034087417018931
halueval-8855,halueval,0,5,0.972765052744897,0.001137423887244969,0.026097523367858,1.0,0.0,0.0,0.014186185571173968
halueval-563,halueval,0,5,0.22124712372016025,0.7495809462683954,0.029171930011444202,0.2,0.8,0.0,0.7641669112741175
halueval-9724,halueval,0,5,0.9261724518607901,0.01711956637702111,0.056707981762188796,1.0,0.0,0.0,0.04547355725811551
halueval-9553,halueval,1,5,0.5027207456707128,0.26448416066972064,0.23279509365956655,0.7,0.0,0.3,0.3808817074995039
halueval-1113,halueval,0,5,0.3041731552308212,0.47282366559504324,0.2230031791741355,0.3,0.6,0.1,0.584325255182111
halueval-9421,halueval,0,5,0.33537125662264416,0.4742303914941072,0.19039835188324883,0.3,0.4,0.3,0.5694295674357316
halueval-7107,halueval,1,5,0.47661803235380074,0.28734676445654717,0.23603520318965213,0.3,0.3,0.4,0.4053643660513732
halueval-886,halueval,0,5,0.49274446352757534,0.13045771974364337,0.3767978167287812,0.4,0.2,0.4,0.31885662810803395
halueval-4541,halueval,1,5,0.7908729563526598,0.0040163491178119804,0.20511069452952818,0.8,0.0,0.2,0.10657169638257608
halueval-7484,halueval,1,5,0.5815389299103892,0.02167235515778181,0.39678871493182893,0.2,0.0,0.8,0.2200667126236963
halueval-3966,halueval,0,5,0.3923418616695359,0.5897208870182876,0.017937251312176543,0.4,0.6,0.0,0.5986895126743759
halueval-7601,halueval,1,5,0.9703511993251738,0.004315873606736645,0.02533292706808954,1.0,0.0,0.0,0.016982337140781414
halueval-7395,halueval,1,5,0.567524242926918,0.013212671258071,0.41926308581501087,0.2,0.0,0.8,0.22284421416557643
halueval-509,halueval,0,5,0.5784764081368875,0.38151133227930506,0.040012259583807434,0.6,0.4,0.0,0.40151746207120875
halueval-5262,halueval,0,5,0.11058322155375958,0.497670562730926,0.39174621571531437,0.0,0.6,0.4,0.6935436705885832
halueval-9464,halueval,1,5,0.003227708349026046,0.7223734984079876,0.27439879324298644,0.0,0.7,0.3,0.8595728950294808
halueval-8420,halueval,0,5,0.9608775895207163,0.0018718351745553505,0.0372505753047283,1.0,0.0,0.0,0.0204971228269195
halueval-361,halueval,0,5,0.5193828874928046,0.291896058466104,0.18872105404109135,0.3,0.4,0.3,0.38625658548664965
halueval-7226,halueval,0,5,0.39801067529238837,0.5056245512460622,0.09636477346154934,0.4,0.6,0.0,0.5538069379768369
halueval-873,halueval,0,5,0.2716374386767883,0.6985273721836638,0.029835189139547948,0.2,0.8,0.0,0.7134449667534377
halueval-7518,halueval,0,5,0.3810896451509459,0.6003024045728859,0.018607950276168312,0.4,0.6,0.0,0.60960637971097
halueval-4298,halueval,0,5,0.28786838014220906,0.6831123529915437,0.029019266866247128,0.3,0.7,0.0,0.6976219864246673
halueval-3035,halueval,1,5,0.43871112112204863,0.49117073276210454,0.07011814611584684,0.3,0.7,0.0,0.526229805820028
halueval-3708,halueval,1,5,0.777876030161243,0.007906079537877706,0.21421789030087934,1.0,0.0,0.0,0.11501502468831738
halueval-5574,halueval,1,5,0.5846346185826736,0.39898722611533516,0.01637815530199136,0.6,0.4,0.0,0.40717630376633085
halueval-7305,halueval,1,5,0.7648809377104396,0.09923380535262652,0.13588525693693382,1.0,0.0,0.0,0.16717643382109343
halueval-7916,halueval,0,5,0.8287325929395838,0.03689079537090147,0.13437661168951479,1.0,0.0,0.0,0.10407910121565886
halueval-5653,halueval,0,5,0.5904579237629491,0.39796649575340914,0.011575580483641806,0.6,0.4,0.0,0.40375428599523006
halueval-915,halueval,0,5,0.9820599998838331,0.0024988653912920286,0.015441134724874914,1.0,0.0,0.0,0.010219432753729486
halueval-7123,halueval,0,5,0.39632468064602766,0.22138074982399888,0.38229456952997337,0.5,0.2,0.3,0.41252803458898557
halueval-7292,halueval,0,5,0.5474420240939072,0.26298787001171287,0.18957010589438006,0.3,0.4,0.3,0.3577729229589029
halueval-4544,halueval,1,5,0.9189617098483531,0.028022214328350985,0.053016075823296004,1.0,0.0,0.0,0.05453025223999899
halueval-468,halueval,1,5,0.4443996636538746,0.47660314275619686,0.0789971935899284,0.6,0.4,0.0,0.5161017395511611
halueval-7296,halueval,1,5,0.9814636957169602,0.005177458635483381,0.013358845647556503,1.0,0.0,0.0,0.011856881459261632
halueval-4064,halueval,0,5,0.4461223951075402,0.38180177532723786,0.172075829565222,0.6,0.4,0.0,0.4678396901098488
halueval-9976,halueval,1,5,0.9753199613044912,0.001619636701425696,0.023060401994083258,1.0,0.0,0.0,0.013149837698467325
halueval-4880,halueval,0,5,0.44371415770837547,0.40155863723462915,0.15472720505699528,0.3,0.4,0.3,0.47892223976312676
halueval-3663,halueval,1,5,0.4194153443534282,0.5142585099132093,0.06632614573336251,0.4,0.6,0.0,0.5474215827798906
halueval-7925,halueval,0,5,0.9834931937269553,0.0008191160997325699,0.01568769017331208,1.0,0.0,0.0,0.00866296118638861
halueval-2039,halueval,1,5,0.767019127051667,0.0018344434067758286,0.2311464295415572,1.0,0.0,0.0,0.11740765817755443
halueval-2017,halueval,0,5,0.5835587649297629,0.2028703584540444,0.21357087661619287,0.6,0.4,0.0,0.30965579676214083
halueval-5473,halueval,1,5,0.3845643074554245,0.6001029853171479,0.015332707227427514,0.4,0.6,0.0,0.6077693389308616
halueval-2222,halueval,0,5,0.09837543156671676,0.7860616207011725,0.11556294773211087,0.1,0.8,0.1,0.843843094567228
halueval-4852,halueval,0,5,0.23193728716274048,0.2791581855052837,0.4889045273319758,0.1,0.3,0.6,0.5236104491712716
halueval-2613,halueval,0,5,0.4464454132035658,0.3710766025088909,0.1824779842875433,0.3,0.4,0.3,0.4623155946526626
halueval-3762,halueval,0,5,0.8026207971914712,0.002151105510572256,0.19522809729795668,1.0,0.0,0.0,0.09976515415955059
halueval-343,halueval,0,5,0.0443398697020598,0.7841317263482112,0.17152840394972904,0.0,0.9,0.1,0.8698959283230757
halueval-8057,halueval,1,5,0.9341934658380227,0.006689119149099543,0.05911741501287752,1.0,0.0,0.0,0.0362478266555383
halueval-4809,halueval,0,5,0.21107835596193078,0.4262577243004292,0.36266391973764,0.2,0.3,0.5,0.6075896841692492
halueval-7341,halueval,1,5,0.6330621919717723,0.005982676566899254,0.36095513146132857,0.6,0.0,0.4,0.18646024229756353
halueval-2768,halueval,1,5,0.9685466164878722,0.002047090010972849,0.029406293501154847,1.0,0.0,0.0,0.016750236761550272
halueval-9148,halueval,0,5,0.5797654430586343,0.4030992009350947,0.017135356006270898,0.6,0.4,0.0,0.4116668789382302
halueval-47,halueval,0,5,0.595079132872462,0.2299689698746421,0.174951897252896,0.6,0.4,0.0,0.31744491850109013
halueval-7147,halueval,0,5,0.3344658311738149,0.6240599692471225,0.041474199579062766,0.3,0.7,0.0,0.6447970690366539
halueval-304,halueval,0,5,0.2501384058819589,0.6482735160163334,0.10158807810170767,0.2,0.8,0.0,0.6990675550671872
halueval-4361,halueval,0,5,0.2961523601895206,0.6967615409297345,0.00708609888074489,0.3,0.7,0.0,0.700304590370107
halueval-6203,halueval,0,5,0.7834532962804357,0.007012460753454926,0.2095342429661092,0.6,0.0,0.4,0.11177958223650952
halueval-816,halueval,1,5,0.885891541493425,0.009497189631331279,0.1046112688752437,1.0,0.0,0.0,0.06180282406895313
halueval-137,halueval,1,5,0.6943806720786369,0.0038323906827181543,0.30178693723864486,0.4,0.0,0.6,0.15472585930204058
halueval-6923,halueval,1,5,0.15827616080106974,0.3307278861515169,0.5109959530474134,0.2,0.3,0.5,0.5862258626752236
halueval-1408,halueval,0,5,0.5003643993861181,0.35684309839453465,0.14279250221934725,0.4,0.4,0.2,0.4282393495042083
halueval-85,halueval,0,5,0.39369605062379354,0.5908573755131162,0.015446573863090066,0.4,0.6,0.0,0.5985806624446612
halueval-7852,halueval,1,5,0.09947107817024607,0.5385280501235675,0.36200087170618633,0.0,0.6,0.4,0.7195284859766606
halueval-2599,halueval,1,5,0.8957441348476728,0.036356365514788935,0.06789949963753843,1.0,0.0,0.0,0.07030611533355816
halueval-8550,halueval,0,5,0.9852614640028359,0.000724681518194933,0.014013854478969306,1.0,0.0,0.0,0.007731608757679586
halueval-6967,halueval,1,5,0.20331218213026925,0.14059720835660425,0.6560906095131265,0.1,0.1,0.8,0.4686425131131675
halueval-5856,halueval,1,5,0.9049324061204859,0.020271248448191972,0.0747963454313222,1.0,0.0,0.0,0.05766942116385307
halueval-8476,halueval,0,5,0.236581642607746,0.5898302889477924,0.17358806844446145,0.1,0.6,0.3,0.6766243231700232
halueval-914,halueval,1,5,0.9653745620387696,0.0018742653352607109,0.0327511726259697,1.0,0.0,0.0,0.018249851648245562
halueval-4857,halueval,1,5,0.4867079157557172,0.007627299137284471,0.5056647851069985,0.4,0.0,0.6,0.26045969169078376
halueval-9112,halueval,0,5,0.3805016607597455,0.5819566795618145,0.037541659678440045,0.4,0.6,0.0,0.6007275094010346
halueval-2249,halueval,0,5,0.48868205001217985,0.4715255774100095,0.03979237257781069,0.4,0.6,0.0,0.4914217636989148
halueval-6820,halueval,1,5,0.6920075367167099,0.008359025049450792,0.2996334382338393,1.0,0.0,0.0,0.15817574416637045
halueval-7573,halueval,1,5,0.2987932453306309,0.6925021299122365,0.008704624757132714,0.3,0.7,0.0,0.6968544422908028
halueval-5079,halueval,0,5,0.22240858358643384,0.5247654229669927,0.25282599344657336,0.2,0.6,0.2,0.6511784196902793
halueval-9676,halueval,0,5,0.004090767839895667,0.42056865461691795,0.5753405775431865,0.0,0.5,0.5,0.7082389433885112
halueval-637,halueval,0,5,0.9623462263464162,0.0028716104448612964,0.034782163208722336,1.0,0.0,0.0,0.020262692049222465
halueval-3716,halueval,1,5,0.2397878773007999,0.25782475442266295,0.5023873682765372,0.1,0.2,0.7,0.5090184385609315
halueval-8037,halueval,0,5,0.2586638361832159,0.5141737892849939,0.2271623745317902,0.2,0.6,0.2,0.627754976550889
halueval-6523,halueval,0,5,0.9652624941165241,0.004138185321172543,0.030599320562303505,1.0,0.0,0.0,0.019437845602324297
halueval-5149,halueval,0,5,0.3943652910242475,0.5493701094648367,0.056264599510915767,0.4,0.6,0.0,0.5775024092202945
halueval-18,halueval,1,5,0.9642357037552731,0.0007311232211661258,0.035033173023560585,1.0,0.0,0.0,0.01824770973294642
halueval-9956,halueval,0,5,0.9690980660693853,0.0039239590370896815,0.02697797489352518,1.0,0.0,0.0,0.01741294648385227
halueval-3326,halueval,0,5,0.44478302582514617,0.4132532048141126,0.14196376936074123,0.4,0.6,0.0,0.48423508949448324
halueval-6060,halueval,0,5,0.5656611718602806,0.4078487975432738,0.026490030596445502,0.6,0.4,0.0,0.42109381284149655
halueval-8493,halueval,0,5,0.24046970641543938,0.3823971162202161,0.37713317736434443,0.1,0.4,0.5,0.5709637049023883
halueval-7304,halueval,0,5,0.9864452084306349,0.0010865749930242543,0.012468216576340774,1.0,0.0,0.0,0.007320683281194642
halueval-5520,halueval,0,5,0.6890121403363055,0.0014704360624142939,0.3095174236012802,0.4,0.0,0.6,0.1562291478630544
halueval-2287,halueval,1,5,0.8267725993198525,0.014387852800134429,0.15883954788001295,1.0,0.0,0.0,0.0938076267401409
halueval-1637,halueval,1,5,0.38454674489600776,0.453984433509404,0.16146882159458814,0.4,0.4,0.2,0.534718844306698
halueval-589,halueval,0,5,0.35931844464030327,0.38860669195241365,0.252074863407283,0.3,0.4,0.3,0.5146441236560552
halueval-8394,halueval,1,5,0.93446830956305,0.003924148270173303,0.061607542166776795,1.0,0.0,0.0,0.034727919353561704
halueval-741,halueval,1,5,0.5043757697365605,0.02037680200763776,0.4752474282558019,0.6,0.0,0.4,0.2580005161355387
halueval-8378,halueval,0,5,0.970920698586602,0.0031953925436212136,0.025883908869776696,1.0,0.0,0.0,0.016137346978509562
halueval-8586,halueval,0,5,0.9739016770402571,0.006647702245573046,0.019450620714169826,1.0,0.0,0.0,0.016373012602657958
halueval-418,halueval,1,5,0.9072045167703677,0.01850817677204205,0.07428730645759009,1.0,0.0,0.0,0.055651830000837094
halueval-9472,halueval,0,5,0.4843838048684542,0.2856217737961601,0.22999442133538567,0.3,0.3,0.4,0.4006189844638529
halueval-5742,halueval,1,5,0.6041331092676966,0.30839853355357605,0.0874683571787274,0.6,0.4,0.0,0.35213271214293973
halueval-4375,halueval,1,5,0.27619342034101696,0.41120433803089557,0.31260224162808753,0.0,0.4,0.6,0.5675054588449393
halueval-500,halueval,1,5,0.9883538691312819,0.0012462409498406103,0.010399889918877688,1.0,0.0,0.0,0.006446185909279454
halueval-4189,halueval,1,5,0.4477950184593916,0.39272239536581544,0.15948258617479297,0.3,0.4,0.3,0.4724636884532119
halueval-8678,halueval,0,5,0.2954068970110692,0.5929045449964037,0.11168855799252715,0.4,0.6,0.0,0.6487488239926672
halueval-9606,halueval,0,5,0.9629100753575923,0.006128405458573615,0.030961519183834097,1.0,0.0,0.0,0.021609165050490663
halueval-9572,halueval,0,5,0.941260195807191,0.005632492201195125,0.05310731199161384,1.0,0.0,0.0,0.032186148197002044
halueval-2233,halueval,1,5,0.4725819361297699,0.38315089736925223,0.14426716650097782,0.6,0.4,0.0,0.45528448061974114
halueval-4554,halueval,1,5,0.9586837962863843,0.004922772476160136,0.0363934312374556,1.0,0.0,0.0,0.02311948809488794
halueval-6475,halueval,1,5,0.8669005632770072,0.048449666824140494,0.0846497698988524,1.0,0.0,0.0,0.09077455177356669
halueval-5117,halueval,0,5,0.58219909711023,0.013154973986432023,0.404645928903338,0.6,0.0,0.4,0.21547793843810104
halueval-6304,halueval,0,5,0.4801822864031228,0.4586799087482789,0.061137804848598265,0.4,0.6,0.0,0.489248811172578
halueval-1285,halueval,1,5,0.7897553965078745,0.0016099874012316727,0.20863461609089376,0.6,0.0,0.4,0.10592729544667855
halueval-5429,halueval,0,5,0.9697182625541977,0.0020132506671959455,0.02826848677860631,1.0,0.0,0.0,0.016147494056499102
halueval-269,halueval,0,5,0.3091432079938083,0.6459239214370244,0.044932870569167456,0.3,0.7,0.0,0.6683903567216081
halueval-4633,halueval,1,5,0.9764734424591268,0.0015794990262910581,0.021947058514582205,1.0,0.0,0.0,0.01255302828358216
halueval-7009,halueval,1,5,0.29872953536497016,0.6957292633901394,0.005541201244890414,0.3,0.7,0.0,0.6984998640125846
halueval-4579,halueval,0,5,0.19928379590900103,0.5359452135252846,0.2647709905657144,0.2,0.4,0.4,0.6683307088081418
halueval-4827,halueval,0,5,0.6138691585151148,0.011659811411867053,0.3744710300730181,0.3,0.0,0.7,0.1988953264483761
halueval-959,halueval,1,5,0.9638649890087674,0.0028066290784553648,0.033328381912777316,1.0,0.0,0.0,0.019470820034844023
halueval-1235,halueval,0,5,0.6292302967849143,0.008288555013812565,0.3624811482012733,0.3,0.0,0.7,0.18952912911444922
halueval-5645,halueval,0,5,0.9519407164609349,0.0013402262846468076,0.04671905725441845,1.0,0.0,0.0,0.024699754911856033
halueval-5696,halueval,0,5,0.2692336620695531,0.5382816766809179,0.19248466124952893,0.3,0.6,0.1,0.6345240073056824
halueval-7482,halueval,1,5,0.9582359529346631,0.004834294440636994,0.036929752624699844,1.0,0.0,0.0,0.023299170752986917
halueval-8134,halueval,1,5,0.9353659203644573,0.0114925005324405,0.05314157910310209,1.0,0.0,0.0,0.03806329008399155
halueval-4617,halueval,0,5,0.9661612550697656,0.006706701994883586,0.027132042935350886,1.0,0.0,0.0,0.02027272346255903
halueval-8698,halueval,1,5,0.29062688168640843,0.6004361344046403,0.10893698390895128,0.2,0.6,0.2,0.654904626359116
halueval-3369,halueval,0,5,0.8511469665076573,0.047181193726676424,0.10167183976566627,1.0,0.0,0.0,0.09801711360950956
halueval-1573,halueval,1,5,0.9673054533238812,0.0065673464494678145,0.026127200226650903,1.0,0.0,0.0,0.019630946562793267
halueval-9603,halueval,1,5,0.9835643378070251,0.0025082078377692677,0.01392745435520544,1.0,0.0,0.0,0.009471935015371987
halueval-6196,halueval,1,5,0.6192906946828177,0.022984181352643712,0.35772512396453854,0.7,0.0,0.3,0.20184674333491298
halueval-1497,halueval,1,5,0.6158041995390071,0.04187937132308779,0.34231642913790505,0.4,0.0,0.6,0.2130375858920403
halueval-3186,halueval,0,5,0.24858247301197728,0.568232692876053,0.1831848341119697,0.2,0.8,0.0,0.6598251099320379
halueval-402,halueval,0,5,0.6789864704767006,0.21252155313687374,0.1084919763864256,1.0,0.0,0.0,0.2667675413300865
halueval-2557,halueval,0,5,0.22497452334373844,0.5797299425061044,0.19529553415015707,0.2,0.6,0.2,0.6773777095811829
halueval-1962,halueval,0,5,0.9823028551144051,0.0010813882776822535,0.016615756607912664,1.0,0.0,0.0,0.009389266581638585
halueval-1921,halueval,0,5,0.5861838245949319,0.37150058173450073,0.042315593670567336,0.6,0.4,0.0,0.3926583785697844
halueval-5917,halueval,1,5,0.9821517920762964,0.0008998699109464849,0.016948338012757254,1.0,0.0,0.0,0.009374038917325111
halueval-3798,halueval,1,5,0.991456650171086,0.001035550478557695,0.007507799350356258,1.0,0.0,0.0,0.004789450153735824
halueval-506,halueval,0,5,0.391901491681616,0.6004074662623546,0.007691042056029371,0.4,0.6,0.0,0.6042529872903694
halueval-7086,halueval,1,5,0.39789169534743196,0.5971086076694297,0.004999696983138279,0.4,0.6,0.0,0.5996084561609989
halueval-2160,halueval,0,5,0.3529137521544114,0.13646640935673282,0.5106198384888557,0.1,0.0,0.9,0.3917763286011607
halueval-1282,halueval,1,5,0.39280911784456174,0.5820510258873344,0.0251398562681039,0.4,0.6,0.0,0.5946209540213864
halueval-5159,halueval,1,5,0.2400982739119101,0.48196114364589054,0.2779405824421994,0.4,0.6,0.0,0.6209314348669902
halueval-8272,halueval,0,5,0.5951417533694995,0.39964804860852576,0.005210198021974611,0.6,0.4,0.0,0.4022531476195131
halueval-2323,halueval,0,5,0.4009219095703882,0.5700627769871138,0.029015313442498015,0.4,0.6,0.0,0.5845704337083628
halueval-5056,halueval,1,5,0.3470920592007449,0.39627021766341486,0.25663772313584027,0.3,0.4,0.3,0.524589079231335
halueval-2827,halueval,1,5,0.3536057962539084,0.060825094804103086,0.5855691089419885,0.4,0.0,0.6,0.35360964927509736
halueval-648,halueval,0,5,0.20401169645982126,0.5869211643758752,0.20906713916430353,0.4,0.6,0.0,0.6914547339580269
halueval-2100,halueval,1,5,0.5837630607952297,0.3842003651993433,0.03203657400542701,0.6,0.4,0.0,0.4002186522020568
halueval-8868,halueval,1,5,0.4342729668707174,0.5198764116035083,0.045850621525774383,0.4,0.6,0.0,0.5428017223663955
halueval-4087,halueval,1,5,0.948384033444151,0.00808319961174198,0.04353276694410713,1.0,0.0,0.0,0.029849583083795546
halueval-6556,halueval,1,5,0.9553954398994838,0.007836619402480193,0.036767940698035906,1.0,0.0,0.0,0.026220589751498144
halueval-2871,halueval,1,5,0.6880159672323194,0.194769891636183,0.11721414113149738,0.6,0.4,0.0,0.2533769622019317
halueval-3712,halueval,0,5,0.2952511839907141,0.6989687317672998,0.005780084241986059,0.3,0.7,0.0,0.7018587738882928
halueval-4220,halueval,0,5,0.416825516566075,0.5315150684764015,0.05165941495752348,0.4,0.6,0.0,0.5573447759551633
halueval-7815,halueval,0,5,0.2302205406931102,0.423061176535808,0.34671828277108185,0.1,0.5,0.4,0.596420317921349
halueval-270,halueval,1,5,0.1793557367836594,0.7600257786599629,0.060618484556377784,0.1,0.9,0.0,0.7903350209381518
halueval-3301,halueval,0,5,0.9081909875068274,0.016200155964888795,0.07560885652828395,1.0,0.0,0.0,0.05400458422903077
halueval-4142,halueval,0,5,0.9771619821357088,0.0016848268007572619,0.021153191063533746,1.0,0.0,0.0,0.012261422332524134
halueval-9682,halueval,0,5,0.971751020181767,0.0021543621434009395,0.026094617674831965,1.0,0.0,0.0,0.015201670980816921
halueval-7843,halueval,0,5,0.6027412307021247,0.007006778228030271,0.39025199106984504,0.4,0.0,0.6,0.2021327737629528
halueval-1935,halueval,1,5,0.3655615221902845,0.5986458645091932,0.035792613300522136,0.3,0.7,0.0,0.6165421711594543
halueval-7814,halueval,1,5,0.9437961895395033,0.01026403876511078,0.045939771695386,1.0,0.0,0.0,0.03323392461280378
halueval-5961,halueval,1,5,0.4733104824015447,0.17092703017562777,0.35576248742282746,0.3,0.1,0.6,0.3488082738870415
halueval-9769,halueval,1,5,0.9675610525086487,0.006618103182017695,0.025820844309333502,1.0,0.0,0.0,0.019528525336684446
halueval-2291,halueval,0,5,0.9730758759808855,0.002991625339729638,0.023932498679384684,1.0,0.0,0.0,0.01495787467942198
halueval-1581,halueval,1,5,0.013756547395127553,0.9782470018666529,0.007996450738219491,0.0,1.0,0.0,0.9822452272357627
halueval-6218,halueval,1,5,0.7734742070323921,0.007788338962762167,0.2187374540048456,0.6,0.0,0.4,0.11715706596518496
halueval-6194,halueval,0,5,0.29899414518050255,0.3539448839994167,0.3470609708200808,0.1,0.5,0.4,0.5274753694094572
halueval-450,halueval,1,5,0.8253902120848593,0.0428691450608764,0.13174064285426426,1.0,0.0,0.0,0.10873946648800853
halueval-1738,halueval,0,5,0.6907239081140126,0.005439546624485725,0.3038365452615016,0.4,0.0,0.6,0.15735781925523654
halueval-5854,halueval,1,5,0.9519407164609349,0.0013402262846468076,0.04671905725441845,1.0,0.0,0.0,0.024699754911856033
halueval-5396,halueval,1,5,0.9741379027261005,0.0035843195647305114,0.02227777770916889,1.0,0.0,0.0,0.014723208419314956
halueval-3516,halueval,1,5,0.4362425544366414,0.4427330437097975,0.12102440185356116,0.6,0.3,0.1,0.503245244636578
halueval-3692,halueval,0,5,0.9886655789632703,0.0019752006941168992,0.009359220342612686,1.0,0.0,0.0,0.006654810865423242
halueval-1527,halueval,0,5,0.9793789831633557,0.0037930334328528715,0.01682798340379136,1.0,0.0,0.0,0.01220702513474855
halueval-87,halueval,1,5,0.292475347915422,0.5800310270407779,0.12749362504380007,0.2,0.6,0.2,0.643777839562678
halueval-5347,halueval,0,5,0.6949221767060065,0.001669666467728986,0.30340815682626443,0.4,0.0,0.6,0.1533737448808612
halueval-9003,halueval,0,5,0.6265512842604272,0.3295159047898949,0.04393281094967803,0.6,0.4,0.0,0.3514823102647339
halueval-60,halueval,1,5,0.15967930250597726,0.577129436631391,0.26319126086263156,0.0,0.7,0.3,0.7087250670627068
halueval-2735,halueval,0,5,0.10447915333172815,0.6359938896581669,0.2595269570101048,0.1,0.9,0.0,0.7657573681632194
halueval-2179,halueval,0,5,0.44938502006112946,0.2657839641823393,0.2848310157565312,0.3,0.4,0.3,0.4081994720606049
halueval-1495,halueval,1,5,0.7897349687704578,0.029969848241483597,0.1802951829880586,1.0,0.0,0.0,0.1201174397355129
halueval-7492,halueval,1,5,0.5672015576976472,0.22465700022038987,0.2081414420819629,0.6,0.4,0.0,0.3287277212613713
halueval-5558,halueval,1,5,0.9881651773332039,0.0008619679226400086,0.010972854744156279,1.0,0.0,0.0,0.006348395294718148
halueval-9265,halueval,0,5,0.35130008116027006,0.60046689114461,0.04823302769511991,0.4,0.6,0.0,0.62458340499217
halueval-3761,halueval,0,5,0.4232169473223569,0.26811113986894825,0.30867191280869505,0.3,0.3,0.4,0.4224470962732958
halueval-9164,halueval,1,5,0.38497765785279575,0.6002878701151407,0.014734472032063567,0.4,0.6,0.0,0.6076551061311725
halueval-7556,halueval,1,5,0.44534502776396356,0.39950508409393287,0.15514988814210356,0.5,0.4,0.1,0.4770800281649846
halueval-9457,halueval,0,5,0.405483068822955,0.573128434046279,0.021388497130765988,0.4,0.6,0.0,0.583822682611662
halueval-9602,halueval,0,5,0.9587895005462286,0.009443308628514033,0.031767190825257245,1.0,0.0,0.0,0.025326904041142656
halueval-7377,halueval,0,5,0.05405901341827257,0.7863131613835678,0.15962782519815968,0.1,0.8,0.1,0.8661270739826477
halueval-5060,halueval,0,5,0.7518256503941612,0.1484424996110876,0.09973184999475135,1.0,0.0,0.0,0.19830842460846326
halueval-3300,halueval,0,5,0.230518941868667,0.6367140312413563,0.13276702688997674,0.3,0.7,0.0,0.7030975446863447
halueval-3541,halueval,0,5,0.976176840059838,0.0012956278786002665,0.022527532061561738,1.0,0.0,0.0,0.012559393909381135
halueval-3020,halueval,1,5,0.9830859835338049,0.002495580873273944,0.014418435592921008,1.0,0.0,0.0,0.009704798669734447
halueval-1330,halueval,1,5,0.44860624384708875,0.3817601638521509,0.16963359230076028,0.3,0.4,0.3,0.466576960002531
halueval-6297,halueval,1,5,0.964099414522523,0.005919143179119828,0.029981442298357214,1.0,0.0,0.0,0.020909864328298437
halueval-5033,halueval,0,5,0.4409219837993737,0.3910992809566522,0.16797873524397405,0.4,0.4,0.2,0.4750886485786392
halueval-8391,halueval,1,5,0.30280393624902596,0.5682842810837769,0.12891178266719724,0.2,0.6,0.2,0.6327401724173756
halueval-3665,halueval,1,5,0.401199121665775,0.3639897515082159,0.2348111268260092,0.6,0.4,0.0,0.48139531492122045
halueval-1395,halueval,1,5,0.4773830652560921,0.2387001025096953,0.2839168322342126,0.6,0.4,0.0,0.3806585186268016
halueval-8011,halueval,1,5,0.7808878157918138,0.018944787249572905,0.20016739695861344,0.9,0.0,0.1,0.11902848572887963
halueval-4878,halueval,1,5,0.44253591143955645,0.4112824982241177,0.14618159033632586,0.6,0.4,0.0,0.48437329339228063
halueval-6117,halueval,0,5,0.2475133024901916,0.02141924887635039,0.731067448633458,0.1,0.0,0.9,0.38695297319307936
halueval-3187,halueval,1,5,0.8451402877722411,0.0625406670009653,0.09231904522679364,1.0,0.0,0.0,0.10870018961436212
halueval-1943,halueval,1,5,0.7440723395219835,0.026049004069512653,0.22987865640850386,1.0,0.0,0.0,0.1409883322737646
halueval-8306,halueval,0,5,0.8378978450204542,0.07209536095198475,0.09000679402756111,1.0,0.0,0.0,0.1170987579657653
halueval-5651,halueval,1,5,0.15086006853656167,0.7719910380913457,0.07714889337209255,0.1,0.8,0.1,0.810565484777392
halueval-1516,halueval,1,5,0.5855951702032126,0.3724580209630396,0.041946808833747774,0.6,0.4,0.0,0.3934314253799135
halueval-1159,halueval,0,5,0.9835009394937252,0.0008285014024164729,0.015670559103858176,1.0,0.0,0.0,0.00866378095434556
halueval-1930,halueval,1,5,0.3871410819270837,0.5993076375882369,0.013551280484679509,0.4,0.6,0.0,0.6060832778305767
halueval-7760,halueval,1,5,0.7817345039159835,0.007195674827832049,0.21106982125618448,1.0,0.0,0.0,0.11273058545592429
halueval-9111,halueval,1,5,0.9734771310485172,0.0041498483813359,0.022373020570146732,1.0,0.0,0.0,0.015336358666409266
halueval-3336,halueval,1,5,0.5967870955745442,0.3842574521843495,0.018955452241106334,0.6,0.4,0.0,0.3937351783049026
halueval-3183,halueval,0,5,0.9698330206484818,0.004292659191130171,0.0258743201603882,1.0,0.0,0.0,0.01722981927132427
halueval-7973,halueval,1,5,0.38025354274489137,0.0025124048910452968,0.6172340523640634,0.0,0.0,1.0,0.311129431073077
halueval-9478,halueval,0,5,0.3428745689819967,0.4005401487028327,0.2565852823151707,0.4,0.4,0.2,0.528832789860418
halueval-6875,halueval,0,5,0.9810455151506673,0.004970121011647889,0.01398436383768473,1.0,0.0,0.0,0.011962302930490255
halueval-3031,halueval,0,5,0.4760013908089638,0.017559894584147417,0.5064387146068887,0.2,0.0,0.8,0.2707792518875918
halueval-1655,halueval,0,5,0.9857060962335733,0.002034318185178817,0.012259585581247793,1.0,0.0,0.0,0.008164110975802713
halueval-3029,halueval,1,5,0.24617686563321323,0.5918364757551567,0.16198665861163003,0.3,0.6,0.1,0.6728298050609718
halueval-5902,halueval,0,5,0.4852832537083124,0.2896629265706701,0.2250538197210174,0.6,0.4,0.0,0.4021898364311788
halueval-2767,halueval,1,5,0.29925131006812605,0.38875363658939976,0.3119950533424741,0.2,0.4,0.4,0.5447511632606368
halueval-1499,halueval,1,5,0.22474771942854765,0.6531517831803788,0.12210049739107347,0.2,0.6,0.2,0.7142020318759156
halueval-422,halueval,0,5,0.7506110382607887,0.0033641207652790133,0.2460248409739322,1.0,0.0,0.0,0.12637654125224512
halueval-2456,halueval,1,5,0.3878759721639059,0.24612644499386832,0.3659975828422258,0.1,0.3,0.6,0.42912523641498124
halueval-1889,halueval,0,5,0.5962726035412411,0.3991798801301609,0.004547516328597999,0.6,0.4,0.0,0.4014536382944599
halueval-3906,halueval,0,5,0.2675151765664978,0.6010729474284766,0.13141187600502546,0.2,0.6,0.2,0.6667788854309893
halueval-7212,halueval,0,5,0.9625678047306799,0.006243481032188287,0.031188714237131765,1.0,0.0,0.0,0.02183783815075417
halueval-1698,halueval,0,5,0.9562319366747648,0.007496161186684917,0.03627190213855042,1.0,0.0,0.0,0.025632112255960127
halueval-3449,halueval,0,5,0.6269046913565095,0.0100719027159033,0.3630234059275872,0.3,0.0,0.7,0.1915836056796969
halueval-8091,halueval,0,5,0.970985278553359,0.0041241975152820284,0.024890523931358904,1.0,0.0,0.0,0.01656945948096148
halueval-3365,halueval,0,5,0.9403002959420741,0.008063543257751962,0.05163616080017399,1.0,0.0,0.0,0.033881623657838957
halueval-9647,halueval,1,5,0.450558715403049,0.45284942574318415,0.09659185885376673,0.3,0.7,0.0,0.5011453551700675
halueval-448,halueval,1,5,0.9687341825238228,0.0013176098849118664,0.029948207591265617,1.0,0.0,0.0,0.016291713680544676
halueval-7710,halueval,1,5,0.6322855178820148,0.004844760609983937,0.36286972150800123,0.4,0.0,0.6,0.18627962136398454
halueval-7873,halueval,0,5,0.9830246264103909,0.000802219289746944,0.016173154299861887,1.0,0.0,0.0,0.008888796439677887
halueval-3968,halueval,1,5,0.22984530908951956,0.37546833907305666,0.39468635183742384,0.3,0.4,0.3,0.5728115149917685
halueval-2782,halueval,0,5,0.5857560869843403,0.3826340944265754,0.03160981858908418,0.6,0.4,0.0,0.3984390037211175
halueval-6355,halueval,1,5,0.974767216165161,0.0007663321185861858,0.024466451716252557,1.0,0.0,0.0,0.012999557976712465
halueval-3427,halueval,1,5,0.40310620832303223,0.5708775223395206,0.026016269337447117,0.4,0.6,0.0,0.5838856570082441
halueval-4001,halueval,0,5,0.4191724311447963,0.34372778857116626,0.2370997802840374,0.5,0.4,0.1,0.4622776787131849
halueval-182,halueval,1,5,0.9594068362290333,0.0032212028049760214,0.03737196096599087,1.0,0.0,0.0,0.02190718328797146
halueval-5076,halueval,1,5,0.6765385405976114,0.2560345986160698,0.06742686078631882,1.0,0.0,0.0,0.28974802900922925
halueval-2248,halueval,0,5,0.12109163175064283,0.581684477607176,0.29722389064218113,0.1,0.8,0.1,0.7302964229282666
halueval-9169,halueval,0,5,0.7978664426361597,0.0029967704109678836,0.19913678695287257,1.0,0.0,0.0,0.10256516388740416
halueval-3746,halueval,1,5,0.24969232382555023,0.5970937768723157,0.15321389930213405,0.3,0.6,0.1,0.6737007265233828
halueval-6936,halueval,1,5,0.11267343309617917,0.8636996660396745,0.023626900864146275,0.1,0.9,0.0,0.8755131164717477
halueval-7425,halueval,0,5,0.49228932886004806,0.03032143832258351,0.47738923281736845,0.2,0.0,0.8,0.2690160547312677
halueval-5372,halueval,0,5,0.24788876204502977,0.5816313912831369,0.17047984667183333,0.2,0.6,0.2,0.6668713146190536
halueval-1636,halueval,0,5,0.23970889785041322,0.5941004067108743,0.16619069543871243,0.1,0.6,0.3,0.6771957544302305
halueval-1099,halueval,1,5,0.9732522988927885,0.0031555212308064635,0.023592179876404995,1.0,0.0,0.0,0.014951611169008961
halueval-3969,halueval,0,5,0.4082781424392315,0.11555695901359897,0.47616489854716965,0.5,0.0,0.5,0.35363940828718377
halueval-1205,halueval,0,5,0.9524467453130494,0.004666063927213927,0.042887190759736626,1.0,0.0,0.0,0.026109659307082242
halueval-2328,halueval,1,5,0.24984009005130697,0.4050124225397543,0.34514748740893875,0.1,0.6,0.3,0.5775861662442237
halueval-5524,halueval,1,5,0.3025431204519661,0.5866034036412928,0.11085347590674115,0.3,0.7,0.0,0.6420301415946634
halueval-2595,halueval,1,5,0.5821161782772342,0.4010979395807667,0.01678588214199919,0.6,0.4,0.0,0.4094908806517663
halueval-4254,halueval,0,5,0.7088693363210048,0.20786259743340904,0.08326806624558611,1.0,0.0,0.0,0.24949663055620208
halueval-4586,halueval,1,5,0.6998522466300904,0.034138859378486,0.2660088939914237,1.0,0.0,0.0,0.16714330637419783
halueval-5634,halueval,1,5,0.25014338920103035,0.5923140761062579,0.15754253469271184,0.3,0.6,0.1,0.6710853434526138
halueval-7233,halueval,1,5,0.3956352097451571,0.575996405490794,0.02836838476404897,0.4,0.6,0.0,0.5901805978728185
halueval-439,halueval,1,5,0.5837210618391694,0.40047477306156176,0.015804165099268887,0.6,0.4,0.0,0.4083768556111962
halueval-41,halueval,0,5,0.680195162497984,0.020448405970993948,0.2993564315310221,0.4,0.0,0.6,0.170126621736505
halueval-1708,halueval,0,5,0.5856749778346023,0.3996998205080029,0.014625201657394745,0.6,0.4,0.0,0.4070124213367003
halueval-2447,halueval,0,5,0.974166406953475,0.0046507550314317005,0.021182838015093526,1.0,0.0,0.0,0.015242174038978464
halueval-5260,halueval,0,5,0.9750934038284715,0.0011080798596783332,0.023798516311850183,1.0,0.0,0.0,0.013007338015603425
halueval-9384,halueval,1,5,0.7926710567876232,0.00838844544927623,0.19894049776310058,0.9,0.0,0.1,0.10785869433082652
halueval-8142,halueval,1,5,0.9841315497208674,0.004620791194398534,0.011247659084733944,1.0,0.0,0.0,0.010244620736765506
halueval-6774,halueval,1,5,0.39333074352266484,0.5991073143132013,0.007561942164133893,0.4,0.6,0.0,0.6028882853952683
halueval-5297,halueval,0,5,0.12235358282154399,0.7574445181228481,0.12020189905560788,0.0,1.0,0.0,0.8175454676506521
halueval-4344,halueval,1,5,0.137795296589807,0.5192107048705894,0.34299399853960355,0.0,0.6,0.4,0.6907077041403912
halueval-7712,halueval,0,5,0.40157667449050616,0.30807787087100885,0.29034545463848505,0.4,0.6,0.0,0.4532505981902514
halueval-6808,halueval,0,5,0.7137831175935232,0.20517443620612924,0.08104244620034755,0.6,0.4,0.0,0.24569565930630302
halueval-6457,halueval,1,5,0.5526756883491466,0.02049514611151116,0.42682916553934225,0.4,0.0,0.6,0.23390972888118228
halueval-6243,halueval,0,5,0.49479383869032345,0.28347736237247745,0.22172879893719907,0.3,0.3,0.4,0.394341761841077
halueval-2756,halueval,1,5,0.7934692520532994,0.0010332530157694474,0.20549749493093117,0.6,0.0,0.4,0.10378200048123504
halueval-5004,halueval,0,5,0.2000614652462071,0.7888297357693201,0.011108798984472841,0.2,0.8,0.0,0.7943841352615566
halueval-2998,halueval,0,5,0.9593420465448623,0.007884944591730062,0.03277300886340767,1.0,0.0,0.0,0.024271449023433898
halueval-7528,halueval,1,5,0.2456887247365412,0.5955252628144472,0.1587860124490116,0.1,0.6,0.3,0.674918269038953
halueval-7742,halueval,1,5,0.5586055368949375,0.005310512692546081,0.4360839504125164,0.3,0.0,0.7,0.2233524878988043
halueval-1957,halueval,1,5,0.2959553438904356,0.6550841601165613,0.04896049599300308,0.3,0.7,0.0,0.6795644081130628
halueval-2361,halueval,1,5,0.7955443498186792,0.0007268723086660798,0.20372877787265478,1.0,0.0,0.0,0.10259126124499347
halueval-7357,halueval,1,5,0.992570841182596,0.0009021481456739429,0.006527010671730113,1.0,0.0,0.0,0.004165653481539
halueval-5244,halueval,0,5,0.3708531405212506,0.5750515053645533,0.05409535411419615,0.3,0.7,0.0,0.6020991824216514
halueval-6940,halueval,1,5,0.7928909479609239,0.002456762064083206,0.20465228997499288,0.6,0.0,0.4,0.10478290705157965
halueval-7146,halueval,0,5,0.29263601616884133,0.6978008072108091,0.009563176620349641,0.3,0.7,0.0,0.7025823955209839
halueval-501,halueval,0,5,0.629726225225144,0.011800025236267674,0.35847374953858824,0.7,0.0,0.3,0.19103690000556178
halueval-9990,halueval,0,5,0.9677285997367233,0.005705995020641529,0.02656540524263497,1.0,0.0,0.0,0.018988697641959013
halueval-9570,halueval,1,5,0.9346257858245941,0.01056464812374948,0.05480956605165636,1.0,0.0,0.0,0.03796943114957766
halueval-8214,halueval,0,5,0.25148755033929526,0.2553155089250934,0.49319694073561127,0.1,0.3,0.6,0.501913979292899
halueval-1343,halueval,0,5,0.964665879678196,0.007059520639182982,0.02827459968262087,1.0,0.0,0.0,0.021196820480493418
halueval-2475,halueval,0,5,0.9909119943179794,0.0013763007594755346,0.007711704922545097,1.0,0.0,0.0,0.005232153220748083
halueval-1579,halueval,1,5,0.9754111479329082,0.004457885849801777,0.020130966217290117,1.0,0.0,0.0,0.014523368958446834
halueval-3904,halueval,0,5,0.7882454149618863,0.0030139889916220765,0.2087405960464918,0.6,0.0,0.4,0.10738428701486798
halueval-9924,halueval,1,5,0.9380951255036715,0.01477319307941507,0.047131681416913575,1.0,0.0,0.0,0.03833903378787186
halueval-8405,halueval,1,5,0.39506917953999554,0.3933532881444599,0.21157753231554458,0.3,0.4,0.3,0.4991420543022322
halueval-9764,halueval,0,5,0.7687179623543805,0.004852415773110889,0.22642962187250867,0.6,0.0,0.4,0.11806722670936523
halueval-456,halueval,1,5,0.9898067542044242,0.000756792820157921,0.009436452975417911,1.0,0.0,0.0,0.005475019307866876
halueval-4632,halueval,0,5,0.9521916088868639,0.010138034878143815,0.03767035623499222,1.0,0.0,0.0,0.028973212995639926
halueval-8455,halueval,1,5,0.9309651182775747,0.007054358004041195,0.061980523718384126,1.0,0.0,0.0,0.03804461986323326
halueval-195,halueval,1,5,0.26628736955649857,0.3854210538908279,0.3482915765526735,0.3,0.4,0.3,0.5595668421671647
halueval-5433,halueval,1,5,0.9807876569095082,0.0008771832381086772,0.018335159852383036,1.0,0.0,0.0,0.010044763164300195
halueval-8459,halueval,1,5,0.7666000650302107,0.10172512967334517,0.13167480529644396,1.0,0.0,0.0,0.16756253232156715
halueval-5318,halueval,1,5,0.5900878348044942,0.4007464366956762,0.009165728499829526,0.6,0.4,0.0,0.405329300945591
halueval-1435,halueval,1,5,0.3942583749428925,0.5978454854822501,0.00789613957485743,0.4,0.6,0.0,0.6017935552696788
halueval-9992,halueval,0,5,0.6583001343116042,0.10016960967401331,0.24153025601438244,1.0,0.0,0.0,0.22093473768120453
halueval-5969,halueval,1,5,0.16084182646516804,0.4429344230260835,0.3962237505087484,0.1,0.6,0.3,0.6410462982804577
halueval-8093,halueval,1,5,0.318687678598452,0.5386664943914352,0.1426458270101129,0.3,0.6,0.1,0.6099894078964917
halueval-4035,halueval,1,5,0.19722163449840766,0.7951997963305336,0.007578569171058811,0.2,0.8,0.0,0.798989080916063
halueval-5621,halueval,1,5,0.955297026142442,0.009456860850077341,0.03524611300748055,1.0,0.0,0.0,0.027079917353817616
halueval-1741,halueval,1,5,0.9645885612568144,0.0042268174560039905,0.031184621287181514,1.0,0.0,0.0,0.019819128099594747
halueval-3658,halueval,1,5,0.590831115418382,0.21154384010395066,0.19762504447766746,0.6,0.4,0.0,0.3103563623427844
halueval-1595,halueval,0,5,0.9918695984182062,0.0008138382416338161,0.007316563340160112,1.0,0.0,0.0,0.004472119911713872
halueval-9747,halueval,1,5,0.987571779474095,0.002130079064066399,0.010298141461838517,1.0,0.0,0.0,0.0072791497949856575
halueval-126,halueval,0,5,0.9222865202230615,0.012992739431507605,0.06472074034543085,1.0,0.0,0.0,0.04535310960422303
halueval-1420,halueval,1,5,0.6351485012749271,0.21390278476376,0.1509487139613129,0.6,0.4,0.0,0.2893771417444165
halueval-7858,halueval,1,5,0.34743024927444877,0.5541196716246031,0.09845007910094819,0.3,0.6,0.1,0.6033447111750772
halueval-8671,halueval,0,5,0.38990691037370573,0.5991580917140664,0.010934997912227936,0.4,0.6,0.0,0.6046255906701804
halueval-7065,halueval,0,5,0.299996445143617,0.004220740387086729,0.6957828144692962,0.1,0.0,0.9,0.3521121476217349
halueval-9746,halueval,1,5,0.5312509970197254,0.22041696360761415,0.24833203937266032,0.3,0.4,0.3,0.3445829832939443
halueval-7559,halueval,1,5,0.3965221727954493,0.5519294387616546,0.051548388442896095,0.4,0.6,0.0,0.5777036329831026
halueval-7251,halueval,0,5,0.6408418592813481,0.004223503967095785,0.3549346367515563,0.3,0.0,0.7,0.18169082234287393
halueval-7593,halueval,0,5,0.3861208056899274,0.5991081962013547,0.01477099810871792,0.4,0.6,0.0,0.6064936952557136
halueval-5232,halueval,0,5,0.9732062653650713,0.00334395075853216,0.023449783876396357,1.0,0.0,0.0,0.015068842696730339
halueval-9689,halueval,1,5,0.3890058997953313,0.5876188940244316,0.023375206180237265,0.4,0.6,0.0,0.5993064971145502
halueval-9701,halueval,0,5,0.6257140385675857,0.020277404816936077,0.3540085566154783,0.3,0.0,0.7,0.19728168312467523
halueval-7424,halueval,1,5,0.7801744924452259,0.01343116069523521,0.206394346859539,1.0,0.0,0.0,0.11662833412500472
halueval-697,halueval,1,5,0.595737281622269,0.36002283495360354,0.04423988342412741,0.6,0.4,0.0,0.38214277666566726
halueval-5250,halueval,0,5,0.3898606898149707,0.5866066683244882,0.023532641860541124,0.4,0.6,0.0,0.5983729892547587
halueval-7202,halueval,1,5,0.0007032076976133116,0.9610748539617952,0.0382219383405914,0.0,1.0,0.0,0.9801858231320908
halueval-1771,halueval,1,5,0.7529856012585329,0.0030427619490619863,0.2439716367924051,1.0,0.0,0.0,0.12502858034526454
halueval-266,halueval,1,5,0.925527986651786,0.014221440629166615,0.06025057271904751,1.0,0.0,0.0,0.04434672698869037
halueval-8309,halueval,0,5,0.9207171653808854,0.011983555197573267,0.06729927942154135,1.0,0.0,0.0,0.045633194908343944
halueval-4751,halueval,0,5,0.38059801238658153,0.4142880560989518,0.20511393151446677,0.3,0.6,0.1,0.5168450218561852
halueval-2529,halueval,1,5,0.34650367245507796,0.5957152504081289,0.057781077136793035,0.4,0.6,0.0,0.6246057889765254
halueval-9134,halueval,1,5,0.25023466277303036,0.4901795886615649,0.25958574856540473,0.2,0.6,0.2,0.6199724629442673
halueval-3070,halueval,1,5,0.9602350436549424,0.00783768600547523,0.03192727033958236,1.0,0.0,0.0,0.023801321175266413
halueval-2915,halueval,1,5,0.9418272139549891,0.017168826110832806,0.04100395993417796,1.0,0.0,0.0,0.03767080607792178
halueval-2670,halueval,0,5,0.5664504262547991,0.3568980776055815,0.07665149613961941,0.6,0.4,0.0,0.3952238256753912
halueval-7398,halueval,0,5,0.43969832324769803,0.40270119324329706,0.15760048350900493,0.3,0.4,0.3,0.4815014349977995
halueval-9604,halueval,1,5,0.6445763244797504,0.0015818552853511243,0.3538418202348984,0.3,0.0,0.7,0.17850276540280033
halueval-23,halueval,0,5,0.6087895476157226,0.0056975792410507145,0.38551287314322663,0.4,0.0,0.6,0.19845401581266403
halueval-7756,halueval,0,5,0.9300715158737916,0.0008896844888382412,0.06903879963737021,1.0,0.0,0.0,0.03540908430752335
halueval-9417,halueval,0,5,0.6640353099035929,0.29286845642167625,0.04309623367473069,0.6,0.4,0.0,0.3144165732590416
halueval-7271,halueval,0,5,0.8539951647021169,0.03656025163500397,0.1094445836628791,1.0,0.0,0.0,0.09128254346644352
halueval-9993,halueval,1,5,0.9675296296811468,0.004252957549927898,0.028217412768925216,1.0,0.0,0.0,0.018361663934390506
halueval-5469,halueval,1,5,0.3060311968698305,0.5544095871584729,0.13955921597169663,0.3,0.7,0.0,0.6241891951443213
halueval-6463,halueval,0,5,0.7393682180888693,0.01615968578354169,0.24447209612758894,0.6,0.0,0.4,0.13839573384733617
halueval-6414,halueval,1,5,0.8300041447275314,0.001395268405964037,0.16860058686650453,1.0,0.0,0.0,0.0856955618392163
halueval-8796,halueval,0,5,0.7735304785077152,0.1349719028828657,0.09149761860941903,1.0,0.0,0.0,0.1807207121875752
halueval-5576,halueval,1,5,0.6128035994945099,0.35613723884241943,0.031059161663070524,0.6,0.4,0.0,0.3716668196739547
halueval-6640,halueval,1,5,0.5980380614461976,0.002049023564070271,0.399912914989732,0.6,0.0,0.4,0.2020054810589363
halueval-1144,halueval,0,5,0.9779281887203177,0.002966690548980119,0.01910512073070204,1.0,0.0,0.0,0.01251925091433114
halueval-4286,halueval,0,5,0.7337949890013391,0.024541186119273632,0.24166382487938726,1.0,0.0,0.0,0.14537309855896727
halueval-2401,halueval,1,5,0.9759514793340666,0.0013744530931340555,0.022674067572799404,1.0,0.0,0.0,0.012711486879533758
halueval-9640,halueval,1,5,0.7520975077031894,0.011819664871881566,0.2360828274249292,0.6,0.0,0.4,0.12986107858434617
halueval-6040,halueval,0,5,0.28269026839994416,0.5535016805004294,0.1638080510996265,0.2,0.8,0.0,0.6354057060502426
halueval-4168,halueval,0,5,0.9411905142547887,0.007690218523872386,0.05111926722133901,1.0,0.0,0.0,0.033249852134541895
halueval-6627,halueval,0,5,0.326056592920894,0.4818431260617449,0.19210028101736112,0.3,0.7,0.0,0.5778932665704255
halueval-8438,halueval,1,5,0.627048143200127,0.0654259188005884,0.3075259379992847,1.0,0.0,0.0,0.21918888780023074
halueval-2820,halueval,1,5,0.9829945867955653,0.0023339435611822766,0.014671469643252574,1.0,0.0,0.0,0.009669678382808564
halueval-8547,halueval,0,5,0.9594859166076015,0.00286828500981635,0.037645798382582175,1.0,0.0,0.0,0.02169118420110744
halueval-5725,halueval,0,5,0.20231879378891846,0.3618077939374789,0.43587341227360266,0.2,0.4,0.4,0.5797445000742802
halueval-5927,halueval,1,5,0.9554601816921003,0.011486527733967801,0.03305329057393185,1.0,0.0,0.0,0.02801317302093373
halueval-7332,halueval,1,5,0.39712378561671063,0.5603738675479975,0.042502346835291985,0.4,0.6,0.0,0.5816250409656435
halueval-8965,halueval,0,5,0.2893474350714068,0.5803900868387937,0.13026247808979957,0.4,0.6,0.0,0.6455213258836935
halueval-9180,halueval,1,5,0.8917561700429963,0.012965989465666744,0.09527784049133699,1.0,0.0,0.0,0.06060490971133524
halueval-989,halueval,0,5,0.9814442246123939,0.003053954572338702,0.015501820815267514,1.0,0.0,0.0,0.010804864979972458
halueval-4933,halueval,0,5,0.9625187646947589,0.003739879558369683,0.03374135574687141,1.0,0.0,0.0,0.020610557431805388
halueval-5748,halueval,1,5,0.9391089563426898,0.01417637407016765,0.046714669587142474,1.0,0.0,0.0,0.037533708863738885
halueval-210,halueval,0,5,0.2593581582789505,0.49103799299564566,0.2496038487254038,0.2,0.5,0.3,0.6158399173583475
halueval-980,halueval,0,5,0.9720005429163884,0.005162546057835308,0.022836911025776417,1.0,0.0,0.0,0.016581001570723515
halueval-348,halueval,1,5,0.19351184209281883,0.5381576449256676,0.26833051298151356,0.2,0.8,0.0,0.6723229014164245
halueval-976,halueval,0,5,0.7949951497429589,0.0016288945191549487,0.2033759557378863,0.6,0.0,0.4,0.1033168723880981
halueval-170,halueval,1,5,0.20194890828258302,0.38967102440728624,0.4083800673101309,0.2,0.4,0.4,0.5938610580623517
halueval-1131,halueval,0,5,0.15035228370598624,0.5977342781814433,0.2519134381125704,0.1,0.6,0.3,0.7236909972377286
halueval-2816,halueval,1,5,0.3404284063239281,0.6270074362552317,0.032564157420840165,0.3,0.7,0.0,0.6432895149656518
halueval-6916,halueval,1,5,0.4172270328254566,0.24669177526615674,0.33608119190838665,0.4,0.3,0.3,0.41473237122035006
halueval-5011,halueval,1,5,0.30231107013623576,0.5637297351553625,0.13395919470840156,0.3,0.6,0.1,0.6307093325095633
halueval-6230,halueval,0,5,0.2561450693461725,0.2797118990380497,0.46414303161577786,0.3,0.2,0.5,0.5117834148459386
halueval-9398,halueval,1,5,0.23842823176521133,0.6986639017699636,0.06290786646482506,0.2,0.8,0.0,0.7301178350023761
halueval-2975,halueval,1,5,0.9558680793767376,0.005602198902023957,0.038529721721238454,1.0,0.0,0.0,0.024867059762643185
halueval-6646,halueval,0,5,0.990432580955348,0.0009308033989991431,0.008636615645652868,1.0,0.0,0.0,0.005249111221825577
halueval-8212,halueval,0,5,0.9447824034251463,0.008480717685075172,0.046736878889778496,1.0,0.0,0.0,0.03184915712996442
halueval-4681,halueval,0,5,0.4327054071196672,0.2464827187340522,0.3208118741462806,0.3,0.4,0.3,0.40688865580719247
halueval-804,halueval,0,5,0.9640955538865128,0.003385019580273139,0.032519426533214005,1.0,0.0,0.0,0.01964473284688014
halueval-4739,halueval,0,5,0.9762864140796523,0.0014250285636475163,0.02228855735670019,1.0,0.0,0.0,0.012569307241997611
halueval-4197,halueval,1,5,0.6634000983709306,0.009857136577830555,0.32674276505123884,0.4,0.0,0.6,0.17322851910344997
halueval-4733,halueval,1,5,0.8801207578610043,0.01303756791739762,0.10684167422159807,1.0,0.0,0.0,0.06645840502819665
halueval-9186,halueval,1,5,0.9574930209353433,0.002855815597280788,0.039651163467376,1.0,0.0,0.0,0.02268139733096879
halueval-642,halueval,1,5,0.2942455833802889,0.5074417464823436,0.19831267013736747,0.4,0.4,0.2,0.6065980815510273
halueval-2085,halueval,1,5,0.9500010086578984,0.0034824383725023168,0.0465165529695991,1.0,0.0,0.0,0.026740714857301867
halueval-4941,halueval,0,5,0.6334045860759809,0.01312424731962603,0.353471166604393,0.4,0.0,0.6,0.18985983062182252
halueval-4046,halueval,1,5,0.5104975981025786,0.024347971294036794,0.46515443060338446,0.6,0.0,0.4,0.25692518659572905
halueval-9330,halueval,1,5,0.9730281101515865,0.002123002026279437,0.024848887822133993,1.0,0.0,0.0,0.014547445937346434
halueval-5877,halueval,0,5,0.36984882780293227,0.3024563896545811,0.3276947825424866,0.2,0.2,0.6,0.46630378092582436
halueval-9834,halueval,1,5,0.5808539420407669,0.3987078898766049,0.020438168082628154,0.6,0.4,0.0,0.40892697391791893
halueval-5296,halueval,1,5,0.9102665738599887,0.02605052087220568,0.06368290526780582,1.0,0.0,0.0,0.057891973506108585
halueval-2320,halueval,1,5,0.31910995605004155,0.22739346711919758,0.45349657683076083,0.0,0.2,0.8,0.45414175553457803
halueval-7019,halueval,0,5,0.9940157203346536,0.0008921101121272037,0.00509216955321911,1.0,0.0,0.0,0.0034381948887367586
halueval-2497,halueval,0,5,0.9574623681206905,0.0061320552040769315,0.03640557667523268,1.0,0.0,0.0,0.02433484354169327
halueval-5461,halueval,0,5,0.4649471542924532,0.008298230319082792,0.526754615388464,0.6,0.0,0.4,0.2716755380133148
halueval-1231,halueval,1,5,0.6654801201720721,0.012694141531001662,0.3218257382969262,0.4,0.0,0.6,0.17360701067946474
halueval-9493,halueval,1,5,0.5716145784814869,0.1109939776852484,0.3173914438332647,0.3,0.1,0.6,0.2696896996018807
halueval-3974,halueval,0,5,0.5867554093692042,0.3203387149663138,0.09290587566448205,0.6,0.4,0.0,0.3667916527985548
halueval-4297,halueval,0,5,0.914523538238506,0.010875742947714302,0.0746007188137796,1.0,0.0,0.0,0.0481761023546041
halueval-7566,halueval,1,5,0.9647057926806287,0.0009283163799640533,0.0343658909394073,1.0,0.0,0.0,0.0181112618496677
halueval-4151,halueval,1,5,0.7783296864675995,0.006342190717282821,0.21532812281511773,0.6,0.0,0.4,0.1140062521248417
halueval-268,halueval,1,5,0.44992146837669134,0.002774803845052386,0.5473037277782563,0.1,0.0,0.9,0.27642666773418056
halueval-8663,halueval,1,5,0.7681359864067135,0.0018262777465909673,0.23003773584669548,0.6,0.0,0.4,0.11684514566993871
halueval-1278,halueval,1,5,0.9722545663432086,0.0010180841924673782,0.02672734946432389,1.0,0.0,0.0,0.014381758924629322
halueval-6226,halueval,1,5,0.9823746009892638,0.0024652345642801115,0.015160164446456074,1.0,0.0,0.0,0.010045316787508148
halueval-104,halueval,0,5,0.9846578101823622,0.0008111469946742005,0.014531042822963714,1.0,0.0,0.0,0.008076668406156057
halueval-7930,halueval,1,5,0.5857056411659021,0.0027412026949141096,0.41155315613918386,0.3,0.0,0.7,0.20851778076450603
halueval-1737,halueval,0,5,0.9761649298570715,0.0012213889802761917,0.022613681162652305,1.0,0.0,0.0,0.012528229561602345
halueval-1057,halueval,0,5,0.3280232631607805,0.6018322735657635,0.07014446327345583,0.3,0.7,0.0,0.6369045052024914
halueval-5405,halueval,0,5,0.39182391489138474,0.5795902090536054,0.02858587605500982,0.4,0.6,0.0,0.5938831470811102
halueval-2013,halueval,1,5,0.29685349739595646,0.6009533253962662,0.10219317720777735,0.4,0.6,0.0,0.6520499140001549
halueval-1092,halueval,1,5,0.5437488657176204,0.0070347177865439925,0.4492164164958356,0.4,0.0,0.6,0.2316429260344618
halueval-803,halueval,1,5,0.30991122212274724,0.5521023927330806,0.13798638514417233,0.2,0.6,0.2,0.6210955853051667
halueval-7312,halueval,0,5,0.3447334443391779,0.29590150746421995,0.3593650481966022,0.4,0.3,0.3,0.47558403156252105
halueval-6020,halueval,1,5,0.29917181123170106,0.008174930767951883,0.692653258000347,0.4,0.0,0.6,0.3545015597681254
halueval-2943,halueval,0,5,0.39589614129164474,0.3055487116053503,0.298555147103005,0.2,0.3,0.5,0.4548262851568528
halueval-7383,halueval,1,5,0.9256852319517884,0.0018618020685927665,0.07245296597961878,1.0,0.0,0.0,0.03808828505840216
halueval-9475,halueval,0,5,0.816691648805905,0.006158998536057364,0.17714935265803772,1.0,0.0,0.0,0.09473367486507622
halueval-33,halueval,1,5,0.7079191912931332,0.0011375464385231693,0.29094326226834355,1.0,0.0,0.0,0.14660917757269495
halueval-2761,halueval,0,5,0.4382370608237589,0.3991912044547454,0.1625717347214956,0.3,0.4,0.3,0.48047707181549315
halueval-3124,halueval,0,5,0.5874488388181719,0.22326297285953234,0.18928818832229571,0.6,0.4,0.0,0.31790706702068017
halueval-2213,halueval,1,5,0.9827757081442948,0.0007889127213815409,0.01643537913432366,1.0,0.0,0.0,0.00900660228854337
halueval-6131,halueval,0,5,0.6437095271512432,0.0024580168239336426,0.35383245602482327,0.6,0.0,0.4,0.1793742448363453
halueval-4580,halueval,1,5,0.9571648731620941,0.0005733134492034543,0.04226181338870234,1.0,0.0,0.0,0.021704220143554626
halueval-4931,halueval,0,5,0.44805082941010205,0.3955766877758078,0.1563724828140901,0.6,0.4,0.0,0.47376292918285284
halueval-6532,halueval,1,5,0.9529405043822153,0.007255548966375857,0.03980394665140896,1.0,0.0,0.0,0.027157522292080336
halueval-8821,halueval,1,5,0.9535493341971412,0.00788390771989333,0.038566758082965544,1.0,0.0,0.0,0.0271672867613761
halueval-7382,halueval,1,5,0.6808331486352274,0.020703072921127687,0.2984637784436449,0.8,0.0,0.2,0.16993496214295015
halueval-6417,halueval,0,5,0.6790845789322086,0.01078175822714408,0.31013366284064714,0.4,0.0,0.6,0.16584858964746765
halueval-9039,halueval,0,5,0.9714533094478449,0.0030913089348190348,0.025455381617336226,1.0,0.0,0.0,0.015818999743487147
halueval-8775,halueval,1,5,0.4039065951625947,0.5673077279728591,0.028785676864546084,0.4,0.6,0.0,0.5817005664051321
halueval-7893,halueval,1,5,0.8475841658065878,0.047041349949703895,0.10537448424370836,1.0,0.0,0.0,0.09972859207155807
halueval-7827,halueval,0,5,0.975955486252628,0.004921833196452597,0.019122680550919462,1.0,0.0,0.0,0.014483173471912327
halueval-8969,halueval,1,5,0.6919906162987879,0.0034999987825907962,0.30450938491862123,0.4,0.0,0.6,0.15575469124190142
halueval-7188,halueval,1,5,0.9774518199763383,0.003933325686487431,0.01861485433717431,1.0,0.0,0.0,0.013240752855074586
halueval-3445,halueval,1,5,0.30214999731302483,0.5719295737584353,0.1259204289285399,0.3,0.7,0.0,0.6348897882227053
halueval-4526,halueval,1,5,0.6721038482902972,0.2377814374717666,0.09011471423793617,1.0,0.0,0.0,0.2828387945907347
halueval-2896,halueval,0,5,0.4432946519070743,0.04815608591122998,0.5085492621816956,0.2,0.0,0.8,0.3024307170020778
halueval-3033,halueval,0,5,0.6863829655436322,0.0024247525494425445,0.3111922819069253,0.4,0.0,0.6,0.1580208935029052
halueval-7880,halueval,1,5,0.945688584166868,0.01610856115634703,0.03820285467678487,1.0,0.0,0.0,0.03520998849473947
halueval-9788,halueval,0,5,0.4950967870336379,0.32823689021247954,0.17666632275388253,0.5,0.4,0.1,0.4165700515894208
halueval-8099,halueval,0,5,0.41292625468070704,0.005726825245125465,0.5813469200741673,0.3,0.0,0.7,0.29640028528220913
halueval-9271,halueval,0,5,0.6023547865102961,0.023559006111873868,0.3740862073778301,1.0,0.0,0.0,0.21060210980078892
halueval-7744,halueval,1,5,0.34131060539841207,0.39320394206780174,0.26548545253378614,0.3,0.4,0.3,0.5259466683346948
halueval-5243,halueval,0,5,0.49261140619584004,0.10207598048491473,0.40531261331924523,0.1,0.1,0.8,0.3047322871445374
halueval-996,halueval,0,5,0.4921997997536801,0.00866160174990879,0.4991385984964111,0.6,0.0,0.4,0.25823090099811435
halueval-9078,halueval,1,5,0.2992271333449734,0.47814773931215465,0.22262512734287196,0.3,0.6,0.1,0.5894603029835906
halueval-9906,halueval,1,5,0.6728587833230042,0.27060871983428586,0.05653249684270998,0.6,0.4,0.0,0.29887496825564086
halueval-6285,halueval,1,5,0.4437128078267515,0.06968947299910064,0.48659771917414796,0.3,0.1,0.6,0.31298833258617464
halueval-7812,halueval,1,5,0.9624854040590203,0.004812846659821688,0.0327017492811581,1.0,0.0,0.0,0.021163721300400735
halueval-7345,halueval,0,5,0.9687020033894627,0.0023842397115306654,0.02891375689900675,1.0,0.0,0.0,0.01684111816103404
halueval-9306,halueval,0,5,0.6742449142686827,0.12217211217451591,0.20358297355680138,1.0,0.0,0.0,0.22396359895291662
halueval-9016,halueval,1,5,0.9440647479778231,0.021424274283734227,0.034510977738442805,1.0,0.0,0.0,0.038679763152955626
halueval-7174,halueval,0,5,0.9672795591385268,0.005626520897952644,0.027093919963520518,1.0,0.0,0.0,0.019173480879712903
halueval-1809,halueval,1,5,0.9464269643868211,0.009996524671535337,0.043576510941643595,1.0,0.0,0.0,0.03178478014235714
halueval-5279,halueval,0,5,0.49703130002047224,0.002985361915753068,0.4999833380637747,0.2,0.0,0.8,0.2529770309476404
halueval-4519,halueval,0,5,0.9302295472649554,0.01905081914198784,0.050719633593056715,1.0,0.0,0.0,0.0444106359385162
halueval-4611,halueval,0,5,0.2099862496766482,0.2987637620084806,0.4912499883148714,0.1,0.4,0.5,0.5443887561659163
halueval-9878,halueval,0,5,0.34277282027177186,0.04666855790891864,0.6105586218193096,0.3,0.0,0.7,0.3519478688185735
halueval-9592,halueval,0,5,0.5656878120669144,0.07457828316601615,0.35973390476706935,0.6,0.0,0.4,0.25444523554955084
halueval-1563,halueval,0,5,0.9941288759477164,0.0009257404548222963,0.004945383597461339,1.0,0.0,0.0,0.003398432253552966
halueval-133,halueval,1,5,0.5823972992625119,0.3961616587767902,0.021441041960697814,0.6,0.4,0.0,0.40688217975713914
halueval-7672,halueval,1,5,0.5845288353541355,0.40131743326852004,0.01415373137734445,0.6,0.4,0.0,0.40839429895719226
halueval-1498,halueval,0,5,0.7773135033223205,0.050749187277546834,0.17193730940013272,1.0,0.0,0.0,0.1367178419776132
halueval-7948,halueval,1,5,0.6354603115271857,0.30417917715158804,0.06036051132122622,0.6,0.4,0.0,0.33435943281220115
halueval-4424,halueval,1,5,0.6914489981308015,0.21104243391002755,0.09750856795917097,1.0,0.0,0.0,0.25979671788961306
halueval-6566,halueval,0,5,0.9292945206969143,0.020418030701945138,0.05028744860114044,1.0,0.0,0.0,0.04556175500251536
halueval-6720,halueval,0,5,0.972541911803227,0.001098337075873868,0.026359751120899083,1.0,0.0,0.0,0.014278212636323409
halueval-7269,halueval,0,5,0.7840706908164767,0.006979306692973466,0.2089500024905498,0.7,0.0,0.3,0.11145430793824836
halueval-7848,halueval,1,5,0.6199174308271872,0.010107636990925099,0.3699749321818876,0.4,0.0,0.6,0.1950951030818689
halueval-1972,halueval,1,5,0.7830934205443901,0.00514373947240597,0.21176283998320403,0.6,0.0,0.4,0.11102515946400798
halueval-2568,halueval,0,5,0.34510722621902723,0.3439277266352381,0.31096504714573475,0.3,0.4,0.3,0.4994102502081055
halueval-142,halueval,0,5,0.5625127012008081,0.27045496011680764,0.16703233868238412,0.6,0.4,0.0,0.3539711294579997
halueval-3857,halueval,0,5,0.9625294494949299,0.00249934899976808,0.034971201505302064,1.0,0.0,0.0,0.01998494975241911
halueval-3322,halueval,1,5,0.5158284447461978,0.04229282641902587,0.44187872883477636,0.8,0.0,0.2,0.263232190836414
halueval-7215,halueval,0,5,0.9845078177543545,0.00123369261625484,0.0142584896293906,1.0,0.0,0.0,0.00836293743095014
halueval-5613,halueval,1,5,0.9809473207230462,0.002522360368644541,0.016530318908309194,1.0,0.0,0.0,0.010787519822799138
halueval-6909,halueval,1,5,0.21023440434288493,0.5971675929861846,0.19259800267093044,0.3,0.6,0.1,0.6934665943216498
halueval-7889,halueval,1,5,0.9929076183114235,0.0007730406541034206,0.006319341034473102,1.0,0.0,0.0,0.003932711171339972
halueval-2560,halueval,0,5,0.33085008926250803,0.3276238515127671,0.3415260592247249,0.5,0.3,0.2,0.4983868811251295
halueval-8398,halueval,0,5,0.3271344407205109,0.06485775029647654,0.6080078089830124,0.4,0.0,0.6,0.3688616547879828
halueval-9568,halueval,0,5,0.7920315850605464,0.0018076757870443226,0.20616073915240948,0.6,0.0,0.4,0.10488804536324907
halueval-2135,halueval,1,5,0.9665301510134313,0.0018895210921519377,0.03158032789441691,1.0,0.0,0.0,0.01767968503936039
halueval-4593,halueval,1,5,0.13455723575754658,0.3937828460981896,0.4716599181442639,0.1,0.5,0.4,0.6296128051703216
halueval-6193,halueval,0,5,0.968975309037592,0.0067996694535325305,0.024225021508875632,1.0,0.0,0.0,0.018912180207970346
halueval-1418,halueval,1,5,0.19920493895399285,0.6778749432877839,0.12292011775822327,0.2,0.8,0.0,0.7393350021668955
halueval-5337,halueval,1,5,0.9761267591010533,0.0018157603368353311,0.022057480562111265,1.0,0.0,0.0,0.012844500617890964
halueval-3153,halueval,0,5,0.06023685016022197,0.2627446623141897,0.6770184875255884,0.0,0.0,1.0,0.6012539060769839
halueval-2660,halueval,1,5,0.910792262114156,0.029440435216491943,0.05976730266935214,1.0,0.0,0.0,0.05932408655116801
halueval-7417,halueval,0,5,0.384113102219736,0.4792686994750695,0.13661819830519445,0.4,0.6,0.0,0.5475777986276668
halueval-2108,halueval,0,5,0.6357645365569042,0.01592373533430589,0.3483117281087899,0.7,0.0,0.3,0.19007959938870084
halueval-1086,halueval,0,5,0.38991691464721423,0.011102991605294873,0.598980093747491,0.1,0.0,0.9,0.31059303847904035
halueval-2795,halueval,0,5,0.972830414783501,0.004775610912348632,0.02239397430415049,1.0,0.0,0.0,0.015972598064423877
halueval-8084,halueval,0,5,0.9768727373435213,0.0006791688428452486,0.02244809381363331,1.0,0.0,0.0,0.011903215749661904
halueval-9728,halueval,1,5,0.39256304162407435,0.5549810196435645,0.05245593873236115,0.4,0.6,0.0,0.581208989009745
halueval-7247,halueval,0,5,0.9675020399608465,0.005332873298047056,0.02716508674110645,1.0,0.0,0.0,0.01891541666860028
halueval-1544,halueval,1,5,0.16558359054205735,0.04053013650009134,0.7938862729578513,0.2,0.0,0.8,0.437473272979017
halueval-824,halueval,1,5,0.9943051285608373,0.001252374939102633,0.004442496500060041,1.0,0.0,0.0,0.0034736231891326535
halueval-7455,halueval,1,5,0.6951893055838688,0.0015249319081152898,0.303285762508016,0.4,0.0,0.6,0.15316781316212327
halueval-4902,halueval,1,5,0.967303035113756,0.0035965653950304098,0.02910039949121341,1.0,0.0,0.0,0.018146765140637115
halueval-6289,halueval,1,5,0.9751202814075516,0.003234745630027974,0.021644972962420416,1.0,0.0,0.0,0.014057232111238181
halueval-7039,halueval,0,5,0.9568917396585792,0.009348276030533221,0.03375998431088746,1.0,0.0,0.0,0.02622826818597695
halueval-3822,halueval,0,5,0.48355640424173324,0.008508667577959188,0.5079349281803076,0.5,0.0,0.5,0.262476131668113
halueval-4107,halueval,1,5,0.956704605578755,0.005581306335512333,0.0377140880857328,1.0,0.0,0.0,0.024438350378378736
halueval-9513,halueval,0,5,0.6288342091396463,0.0017147207095235127,0.36945107015083023,0.6,0.0,0.4,0.18644025578493864
halueval-1456,halueval,1,5,0.972918399135607,0.005231099739004464,0.021850501125388395,1.0,0.0,0.0,0.016156350301698662
halueval-1154,halueval,1,5,0.971503200424005,0.0034645280700233553,0.025032271505971877,1.0,0.0,0.0,0.015980663823009295
halueval-8545,halueval,0,5,0.34350923166849123,0.4045808275809321,0.25190994075057666,0.3,0.4,0.3,0.5305357979562204
halueval-4699,halueval,1,5,0.9571765981194365,0.011941795445015366,0.030881606435548343,1.0,0.0,0.0,0.02738259866278954
halueval-9449,halueval,1,5,0.9511239092202921,0.0074804905672771985,0.04139560021243084,1.0,0.0,0.0,0.028178290673492618
halueval-7246,halueval,0,5,0.9647057926806287,0.0009283163799640533,0.0343658909394073,1.0,0.0,0.0,0.0181112618496677
halueval-7822,halueval,1,5,0.9327520909016945,0.0242391045659465,0.04300880453235868,1.0,0.0,0.0,0.045743506832125844
halueval-7929,halueval,1,5,0.6338500662122445,0.3070777031202657,0.0590722306674897,0.6,0.4,0.0,0.33661381845401056
halueval-6057,halueval,0,5,0.9756445228429043,0.002117368247758533,0.02223810890933741,1.0,0.0,0.0,0.013236422702427239
halueval-4124,halueval,0,5,0.7700630353013587,0.004881071554120838,0.22505589314452043,0.6,0.0,0.4,0.11740901812638105
halueval-1009,halueval,0,5,0.9920537495942712,0.001169975649445616,0.006776274756282988,1.0,0.0,0.0,0.0045581130275871105
halueval-8464,halueval,0,5,0.3663329209996654,0.21634847309487393,0.41731860590546066,0.0,0.2,0.8,0.42500777604760426
halueval-2542,halueval,0,5,0.34187786978430146,0.15759647755269307,0.5005256526630055,0.2,0.2,0.6,0.40785930388419583
halueval-4940,halueval,1,5,0.06554469600061136,0.46386604116115954,0.47058926283822905,0.0,0.3,0.7,0.699160672580274
halueval-192,halueval,0,5,0.9722545663432086,0.0010180841924673782,0.02672734946432389,1.0,0.0,0.0,0.014381758924629322
halueval-5332,halueval,1,5,0.5954289248979802,0.38184491858192715,0.0227261565200927,0.6,0.4,0.0,0.3932079968419735
halueval-58,halueval,0,5,0.7695497352773517,0.005734780291480347,0.2247154844311682,0.6,0.0,0.4,0.11809252250706445
halueval-8566,halueval,0,5,0.6940680479251563,0.001969061560803745,0.30396289051404,0.4,0.0,0.6,0.15395050681782374
halueval-9261,halueval,1,5,0.41427112094386187,0.561524194703743,0.024204684352395152,0.4,0.6,0.0,0.5736265368799406
halueval-4377,halueval,1,5,0.9822426873663768,0.0017817000819872503,0.015975612551635876,1.0,0.0,0.0,0.009769506357805189
halueval-729,halueval,1,5,0.20605126118386635,0.7071476777627437,0.08680106105338992,0.2,0.8,0.0,0.7505482082894386
halueval-144,halueval,0,5,0.29591078867499343,0.5980975866960387,0.10599162462896783,0.2,0.6,0.2,0.6510933990105227
halueval-6327,halueval,1,5,0.8860935855806196,0.02066080260413482,0.09324561181524595,1.0,0.0,0.0,0.0672836085117578
halueval-8067,halueval,0,5,0.15406269772984532,0.6459855109901768,0.19995179127997784,0.1,0.7,0.2,0.7459614066301656
halueval-4958,halueval,1,5,0.39431219133694684,0.5573595653457242,0.048328243317328975,0.4,0.6,0.0,0.5815236870043886
halueval-463,halueval,0,5,0.7974227893803969,0.004668960639334349,0.1979082499802688,1.0,0.0,0.0,0.10362308562946874
halueval-9934,halueval,1,5,0.9770829349728359,0.0030731583955241047,0.01984390663164009,1.0,0.0,0.0,0.012995111711344149
halueval-1168,halueval,0,5,0.9763018364534533,0.002053181969571005,0.02164498157697583,1.0,0.0,0.0,0.012875672758058919
halueval-4119,halueval,0,5,0.34485122183023015,0.5781875885501963,0.07696118961957357,0.4,0.6,0.0,0.6166681833599831
halueval-8913,halueval,1,5,0.971623027801398,0.0021909307437461335,0.02618604145485607,1.0,0.0,0.0,0.015283951471174168
halueval-7836,halueval,0,5,0.6126617751367247,0.02552941862121409,0.36180880624206113,0.4,0.0,0.6,0.20643382174224464
halueval-3818,halueval,1,5,0.20160728167774228,0.30932747395946875,0.4890652443627889,0.3,0.3,0.4,0.5538600961408632
halueval-4975,halueval,0,5,0.5799127937158854,0.39291394685926967,0.027173259424844814,0.6,0.4,0.0,0.4065005765716921
halueval-316,halueval,0,5,0.26679288828580683,0.09646598207354169,0.6367411296406515,0.3,0.0,0.7,0.41483654689386745
halueval-4481,halueval,0,5,0.9513953117754056,0.010020813932028161,0.03858387429256632,1.0,0.0,0.0,0.02931275107831132
halueval-1610,halueval,1,5,0.6470669623785048,0.006486185444529349,0.3464468521769659,1.0,0.0,0.0,0.1797096115330123
halueval-1481,halueval,0,5,0.40913502934582846,0.0386478262886232,0.5522171443655483,0.3,0.0,0.7,0.3147563984713973
halueval-2829,halueval,1,5,0.9514914952852559,0.009195550017315316,0.03931295469742878,1.0,0.0,0.0,0.028852027366029705
halueval-2250,halueval,0,5,0.9902991395553998,0.000838821169551918,0.008862039275048157,1.0,0.0,0.0,0.005269840807075996
halueval-8791,halueval,1,5,0.9464670090337364,0.011806308511105751,0.04172668245515761,1.0,0.0,0.0,0.03266964973868455
halueval-7571,halueval,1,5,0.3952182639470919,0.59820917328975,0.006572562763158173,0.4,0.6,0.0,0.601495454671329
halueval-1493,halueval,0,5,0.1409064464275916,0.5163224761316649,0.3427710774407434,0.1,0.5,0.4,0.6877080148520367
halueval-3623,halueval,1,5,0.7641513943599262,0.058713031017312366,0.17713557462276153,1.0,0.0,0.0,0.14728081832869314
halueval-6157,halueval,1,5,0.3962736929843564,0.23336797312293167,0.37035833389271194,0.3,0.2,0.5,0.4185471400692876
halueval-507,halueval,0,5,0.6753038402680512,0.007444832438426106,0.3172513272935227,0.4,0.0,0.6,0.16607049608518745
halueval-6642,halueval,1,5,0.9743113321870858,0.004386866406938534,0.02130180140597556,1.0,0.0,0.0,0.015037767109926315
halueval-4442,halueval,1,5,0.9677819193136263,0.006232673197864015,0.025985407488509617,1.0,0.0,0.0,0.019225376942118823
halueval-9927,halueval,0,5,0.5882626237491881,0.3996715355701323,0.012065840680679531,0.6,0.4,0.0,0.40570445591047205
halueval-6816,halueval,1,5,0.6515837040744592,0.05630210902595262,0.2921141868995881,1.0,0.0,0.0,0.20235920247574668
halueval-7386,halueval,1,5,0.4002089842778428,0.5661538599306339,0.03363715579152324,0.4,0.6,0.0,0.5829724378263955
halueval-9853,halueval,1,5,0.589741869597392,0.39991899701896727,0.010339133383640831,0.6,0.4,0.0,0.40508856371078766
halueval-5204,halueval,0,5,0.3923605795471948,0.596686524310811,0.010952896141994174,0.4,0.6,0.0,0.6021629723818082
halueval-4655,halueval,1,5,0.9726870157056627,0.0014311436231360791,0.025881840671201212,1.0,0.0,0.0,0.014372063958736685
halueval-2122,halueval,0,5,0.1969087259680734,0.7851037472093305,0.017987526822595898,0.2,0.8,0.0,0.7940975106206285
halueval-6213,halueval,1,5,0.2954303664853926,0.3062839246939272,0.39828570882068015,0.1,0.2,0.7,0.5054267791042673
halueval-1391,halueval,0,5,0.5709036109446444,0.13838934813600512,0.29070704091935035,0.6,0.0,0.4,0.2837428685956803
halueval-5364,halueval,0,5,0.9050624745071374,0.020609087347360434,0.07432843814550201,1.0,0.0,0.0,0.05777330642011144
halueval-7183,halueval,1,5,0.34834596776780186,0.6123207617183828,0.039333270513815265,0.4,0.6,0.0,0.6319873969752904
halueval-7268,halueval,1,5,0.5373700892515203,0.01737793996298681,0.4452519707854929,0.8,0.0,0.2,0.24000392535573326
halueval-8198,halueval,1,5,0.0012939762245236337,0.9234279769751996,0.07527804680027683,0.0,1.0,0.0,0.9610670003753381
halueval-3251,halueval,1,5,0.3024238989570628,0.6516002648947359,0.045975836148201346,0.3,0.7,0.0,0.6745881829688366
halueval-4159,halueval,1,5,0.8994200486974714,0.08215806486630328,0.018421886436225367,1.0,0.0,0.0,0.09136900808441596
halueval-4873,halueval,1,5,0.9454782391461446,0.01363903151393384,0.04088272933992152,1.0,0.0,0.0,0.0340803961838946
halueval-1320,halueval,1,5,0.8778161596757886,0.04338498634316596,0.07879885398104555,1.0,0.0,0.0,0.08278441333368874
truthfulqa_500_inc_1,truthfulqa,1,5,0.05472963481827144,0.354311565950677,0.5909587992310514,0.0,0.3,0.7,0.6497909655662026
truthfulqa_293_inc_0,truthfulqa,1,5,0.7945889790751541,0.01301160168699073,0.19239941923785514,1.0,0.0,0.0,0.1092113113059183
truthfulqa_186_corr_2,truthfulqa,0,5,0.9779761470521041,0.0007606452269376439,0.021263207720958223,1.0,0.0,0.0,0.011392249087416755
truthfulqa_629_corr_1,truthfulqa,0,5,0.004581390694568961,0.2082234332224321,0.787195176082999,0.0,0.0,1.0,0.6018210212639317
truthfulqa_512_corr_3,truthfulqa,0,5,0.1105349428425532,0.052514587086067335,0.8369504700713793,0.1,0.0,0.9,0.470989822121757
truthfulqa_437_inc_2,truthfulqa,1,5,0.19764800337520702,0.7910987773050622,0.011253219319730917,0.2,0.8,0.0,0.7967253869649277
truthfulqa_550_inc_0,truthfulqa,1,5,0.1951315082235584,0.38028874033651333,0.4245797514399282,0.1,0.6,0.3,0.5925786160564774
truthfulqa_184_corr_2,truthfulqa,0,5,0.42161422001333976,0.0018207788541374597,0.5765650011325227,0.5,0.0,0.5,0.2901032794203988
truthfulqa_518_inc_1,truthfulqa,1,5,0.5845657357422128,0.39980098048875595,0.015633283769031305,0.6,0.4,0.0,0.4076176223732716
truthfulqa_91_best,truthfulqa,0,5,0.13853074896648576,0.376769783081333,0.48469946795218133,0.1,0.4,0.5,0.6191195170574237
truthfulqa_654_inc_1,truthfulqa,1,5,0.2435526588498523,0.28858201622516433,0.46786532492498345,0.1,0.4,0.5,0.522514678687656
truthfulqa_117_inc_0,truthfulqa,1,5,0.528671257365955,0.00975336849280192,0.46157537414124317,0.2,0.0,0.8,0.2405410555634235
truthfulqa_78_corr_1,truthfulqa,0,5,0.15231794505617008,0.05830151561409852,0.7893805393297314,0.0,0.0,1.0,0.4529917852789642
truthfulqa_292_inc_2,truthfulqa,1,5,0.45506838664158195,0.04464261571039245,0.5002889976480256,0.5,0.0,0.5,0.29478711453440526
truthfulqa_791_best,truthfulqa,0,5,0.03628868379294384,0.44703270314265414,0.516678613064402,0.0,0.5,0.5,0.7053720096748551
truthfulqa_498_inc_0,truthfulqa,1,5,0.030945531923393645,0.12957686476500585,0.8394776033116005,0.0,0.0,1.0,0.5493156664208061
truthfulqa_155_inc_0,truthfulqa,1,5,0.39711203259383004,0.21841791853895698,0.3844700488672129,0.3,0.3,0.4,0.41065294297256344
truthfulqa_304_corr_1,truthfulqa,0,5,0.06373542330439055,0.8042632457515065,0.13200133094410288,0.0,0.9,0.1,0.870263911223558
truthfulqa_472_corr_2,truthfulqa,0,5,0.27419608984287497,0.5897529988416599,0.13605091131546512,0.1,0.7,0.2,0.6577784544993924
truthfulqa_630_best,truthfulqa,0,5,0.2081109827134849,0.23846664279099278,0.5534223744955222,0.3,0.1,0.6,0.515177830038754
truthfulqa_785_inc_2,truthfulqa,1,5,0.3398941467880918,0.005216768649471207,0.654889084562437,0.1,0.0,0.9,0.3326613109306897
truthfulqa_287_inc_0,truthfulqa,1,5,0.26878353985085146,0.02123895994359943,0.7099775002055492,0.2,0.0,0.8,0.376227710046374
truthfulqa_216_inc_1,truthfulqa,1,5,0.16552155773746435,0.09720277495372184,0.7372756673088138,0.0,0.0,1.0,0.4658406086081287
truthfulqa_14_inc_0,truthfulqa,1,5,0.2811875225335999,0.18121072794267393,0.5376017495237262,0.3,0.0,0.7,0.450011602704537
truthfulqa_74_inc_3,truthfulqa,1,5,0.23002716928233058,0.2003022742783187,0.5696705564393507,0.1,0.3,0.6,0.48513755249799406
truthfulqa_714_best,truthfulqa,0,5,0.12282662339948602,0.09783311064248382,0.7793402659580302,0.0,0.0,1.0,0.4875032436214989
truthfulqa_6_inc_3,truthfulqa,1,5,0.019611746872344946,0.3169941185335652,0.6633941345940899,0.0,0.2,0.8,0.6486911858306101
truthfulqa_385_inc_2,truthfulqa,1,5,0.2960048792763102,0.19723323352423364,0.5067618871994561,0.3,0.1,0.6,0.4506141771239617
truthfulqa_548_inc_4,truthfulqa,1,5,0.09889441229444783,0.8969404939027749,0.004165093802777377,0.1,0.9,0.0,0.8990230408041635
truthfulqa_358_inc_0,truthfulqa,1,5,0.2317633814850108,0.1991017956459683,0.5691348228690208,0.1,0.2,0.7,0.4836692070804787
truthfulqa_468_inc_5,truthfulqa,1,5,0.04336101569042308,0.29157823397493854,0.6650607503346384,0.0,0.0,1.0,0.6241086091422577
truthfulqa_189_corr_1,truthfulqa,0,5,0.019642014553376518,0.019770070307404405,0.9605879151392192,0.0,0.0,1.0,0.500064027877014
truthfulqa_90_inc_3,truthfulqa,1,5,0.3720443011873019,0.002054779655854271,0.6259009191568439,0.3,0.0,0.7,0.3150052392342762
truthfulqa_548_inc_1,truthfulqa,1,5,0.2966650490620305,0.6975257018203076,0.00580924911766192,0.3,0.7,0.0,0.7004303263791386
truthfulqa_766_corr_1,truthfulqa,0,5,0.04285843189451408,0.02745618687484771,0.929685381230638,0.0,0.0,1.0,0.4922988774901667
truthfulqa_318_corr_1,truthfulqa,0,5,0.10971575440880454,0.20871495029817416,0.6815692952930215,0.1,0.2,0.7,0.5494995979446848
truthfulqa_527_corr_1,truthfulqa,0,5,0.9396770035815074,0.002754722855818064,0.05756827356267481,1.0,0.0,0.0,0.03153885963715547
truthfulqa_262_best,truthfulqa,0,5,0.9918841376659447,0.0005925835646367254,0.0075232787694186455,1.0,0.0,0.0,0.004354222949346048
truthfulqa_457_inc_6,truthfulqa,1,5,0.007728611422416402,0.6814265762434716,0.310844812334112,0.0,0.8,0.2,0.8368489824105276
truthfulqa_256_best,truthfulqa,0,5,0.37251710315990927,0.32757818065139865,0.299904716188692,0.5,0.3,0.2,0.4775305387457447
truthfulqa_288_inc_0,truthfulqa,1,5,0.42174578744904406,0.47988478520092814,0.09836942735002781,0.4,0.6,0.0,0.529069498875942
truthfulqa_423_corr_2,truthfulqa,0,5,0.9691695740698381,0.004287949573406011,0.026542476356755877,1.0,0.0,0.0,0.01755918775178395
truthfulqa_435_inc_5,truthfulqa,1,5,0.2906534988812128,0.6954782085225771,0.013868292596210082,0.3,0.7,0.0,0.7024123548206822
truthfulqa_27_inc_0,truthfulqa,1,5,0.3002016269327584,0.06751433980841848,0.632284033258823,0.3,0.0,0.7,0.38365635643782997
truthfulqa_783_inc_1,truthfulqa,1,5,0.33160337442723625,0.015338979213277901,0.6530576463594858,0.4,0.0,0.6,0.34186780239302084
truthfulqa_713_best,truthfulqa,0,5,0.06091547353069713,0.004856271838812832,0.9342282546304899,0.0,0.0,1.0,0.47197039915405775
truthfulqa_202_best,truthfulqa,0,5,0.16111866155323804,0.04918391479316699,0.789697423653595,0.0,0.0,1.0,0.44403262661996445
truthfulqa_811_corr_1,truthfulqa,0,5,0.49651107923775306,0.0042507437805162805,0.4992381769817308,0.1,0.0,0.9,0.25386983227138166
truthfulqa_105_corr_1,truthfulqa,0,5,0.1051976211874566,0.0640227070493173,0.8307796717632261,0.1,0.0,0.9,0.47941254293093033
truthfulqa_537_inc_1,truthfulqa,1,5,0.019146956048879296,0.29578779633842883,0.6850652476126918,0.0,0.0,1.0,0.6383204201447747
truthfulqa_377_corr_1,truthfulqa,0,5,0.19483504006111899,0.055168822208239446,0.7499961377306416,0.1,0.0,0.9,0.4301668910735602
truthfulqa_592_corr_1,truthfulqa,0,5,0.7324192184448522,0.016415087574985505,0.2511656939801622,0.6,0.0,0.4,0.1419979345650666
truthfulqa_38_inc_0,truthfulqa,1,5,0.9780986693751365,0.0007511396340125509,0.02115019099085096,1.0,0.0,0.0,0.01132623512943803
truthfulqa_116_inc_2,truthfulqa,1,5,0.14022035536772778,0.31144589463702477,0.5483337499952474,0.1,0.1,0.8,0.5856127696346485
truthfulqa_218_corr_1,truthfulqa,0,5,0.09666959444820059,0.005530225594491589,0.8978001799573079,0.0,0.0,1.0,0.4544303155731455
truthfulqa_381_best,truthfulqa,0,5,0.02572798782845744,0.3209876465314173,0.6532843656401253,0.0,0.0,1.0,0.64762982935148
truthfulqa_160_best,truthfulqa,0,5,0.9908743231425514,0.0008567717874623931,0.008268905069986125,1.0,0.0,0.0,0.004991224322455455
truthfulqa_678_corr_1,truthfulqa,0,5,0.1590524951309054,0.32729049622756073,0.513657008641534,0.0,0.4,0.6,0.5841190005483277
truthfulqa_456_corr_1,truthfulqa,0,5,0.013519459278460978,0.5334051816684986,0.45307535905304047,0.0,0.5,0.5,0.7599428611950189
truthfulqa_311_inc_2,truthfulqa,1,5,0.011838247116112708,0.2240481212656907,0.7641136316181965,0.0,0.2,0.8,0.606104937074789
truthfulqa_45_best,truthfulqa,0,5,0.18355687681211333,0.17663713633989137,0.6398059868479954,0.1,0.1,0.8,0.49654012976388906
truthfulqa_33_corr_3,truthfulqa,0,5,0.46478561820340775,0.005145366688679689,0.5300690151079126,0.0,0.0,1.0,0.270179874242636
truthfulqa_416_corr_2,truthfulqa,0,5,0.4314783469636865,0.22728687732351469,0.3412347757127988,0.3,0.0,0.7,0.39790426517991406
truthfulqa_462_best,truthfulqa,0,5,0.021909213286766323,0.7221062657234788,0.2559845209897548,0.0,1.0,0.0,0.8500985262183562
truthfulqa_387_inc_4,truthfulqa,1,5,0.09677309254855074,0.49780568331811625,0.405421224133333,0.1,0.6,0.3,0.7005162953847828
truthfulqa_365_corr_4,truthfulqa,0,5,0.1552411000065697,0.27636391307952113,0.5683949869139092,0.0,0.3,0.7,0.5605614065364757
truthfulqa_694_corr_2,truthfulqa,0,5,0.07684998794854789,0.34900038202390393,0.5741496300275482,0.0,0.3,0.7,0.636075197037678
truthfulqa_631_inc_2,truthfulqa,1,5,0.6737443430399838,0.1860558407718233,0.14019981618819302,0.6,0.4,0.0,0.2561557488659198
truthfulqa_770_inc_1,truthfulqa,1,5,0.2762598699881408,0.05318228938527973,0.6705578406265795,0.1,0.0,0.9,0.3884612096985695
truthfulqa_539_best,truthfulqa,0,5,0.17691930260592129,0.15548214498158588,0.6675985524124928,0.1,0.2,0.7,0.48928142118783224
truthfulqa_685_corr_2,truthfulqa,0,5,0.005014662828229452,0.7138800122724884,0.2811053248992822,0.0,0.8,0.2,0.8544326747221296
truthfulqa_786_inc_2,truthfulqa,1,5,0.11802799149838727,0.35142630974008593,0.5305456987615267,0.1,0.3,0.6,0.6166991591208493
truthfulqa_596_inc_5,truthfulqa,1,5,0.18440973386851853,0.12532589866252902,0.6902643674689524,0.0,0.1,0.9,0.4704580823970052
truthfulqa_156_best,truthfulqa,0,5,0.21290508769130084,0.1409027831945716,0.6461921291141275,0.0,0.0,1.0,0.46399884775163536
truthfulqa_777_best,truthfulqa,0,5,0.0707788449617667,0.06349751302528206,0.8657236420129513,0.0,0.0,1.0,0.4963593340317577
truthfulqa_17_inc_2,truthfulqa,1,5,0.36891011333296275,0.05345129617981006,0.5776385904872272,0.2,0.0,0.8,0.34227059142342364
truthfulqa_120_corr_1,truthfulqa,0,5,0.36857581465188016,0.028550767667064048,0.6028734176810557,0.1,0.0,0.9,0.3299874765075919
truthfulqa_506_best,truthfulqa,0,5,0.5929634897385057,0.3994063443515036,0.007630165909990832,0.6,0.4,0.0,0.403221427306499
truthfulqa_76_best,truthfulqa,0,5,0.1610294933993863,0.5961764552943201,0.24279405130629356,0.1,0.6,0.3,0.7175734809474669
truthfulqa_37_inc_3,truthfulqa,1,5,0.2972805376895542,0.6986193512360618,0.004100111074383977,0.3,0.7,0.0,0.7006694067732537
truthfulqa_361_inc_1,truthfulqa,1,5,0.2448730010234288,0.3111915373045091,0.4439354616720622,0.3,0.2,0.5,0.5331592681405402
truthfulqa_675_best,truthfulqa,0,5,0.0789949553125251,0.2210804245974786,0.6999246200899962,0.0,0.0,1.0,0.5710427346424767
truthfulqa_517_corr_2,truthfulqa,0,5,0.05119108700277344,0.45940020831178696,0.48940870468543957,0.0,0.2,0.8,0.7041045606545068
truthfulqa_768_inc_5,truthfulqa,1,5,0.29658754422013045,0.17598683468911894,0.5274256210907506,0.3,0.1,0.6,0.43969964523449423
truthfulqa_693_inc_1,truthfulqa,1,5,0.09722872897539643,0.052162662469283014,0.8506086085553207,0.0,0.0,1.0,0.4774669667469434
truthfulqa_77_best,truthfulqa,0,5,0.02803760925068499,0.1170599705431935,0.8549024202061215,0.0,0.0,1.0,0.5445111806462543
truthfulqa_325_corr_2,truthfulqa,0,5,0.22425322787254937,0.33094485785642197,0.44480191427102855,0.1,0.3,0.6,0.5533458149919362
truthfulqa_462_inc_2,truthfulqa,1,5,0.055615027457609066,0.7345168115830767,0.20986816095931435,0.0,0.9,0.1,0.8394508920627338
truthfulqa_567_inc_5,truthfulqa,1,5,0.09391892942631667,0.6705584700260248,0.23552260054765836,0.0,0.8,0.2,0.7883197702998539
truthfulqa_487_inc_7,truthfulqa,1,5,0.1890316145942963,0.19601311286071654,0.6149552725449872,0.0,0.2,0.8,0.5034907491332101
truthfulqa_7_inc_2,truthfulqa,1,5,0.026681420662854394,0.21435555985227542,0.75896301948487,0.0,0.2,0.8,0.5938370695947104
truthfulqa_222_corr_1,truthfulqa,0,5,0.25143005475739166,0.012313137736520225,0.7362568075060881,0.1,0.0,0.9,0.38044154148956427
truthfulqa_101_corr_3,truthfulqa,0,5,0.6949815049364498,0.040587688518751844,0.26443080654479834,1.0,0.0,0.0,0.172803091791151
truthfulqa_512_inc_3,truthfulqa,1,5,0.12818506091414628,0.014208135811072081,0.8576068032747817,0.0,0.0,1.0,0.4430115374484629
truthfulqa_313_inc_4,truthfulqa,1,5,0.03329596003597797,0.30917725887103514,0.6575267810929869,0.0,0.1,0.9,0.6379406494175286
truthfulqa_18_corr_5,truthfulqa,0,5,0.269174254970675,0.1953463724483666,0.5354793725809583,0.3,0.3,0.4,0.4630860587388458
truthfulqa_53_best,truthfulqa,0,5,0.21573129485731704,0.10527805634405656,0.6789906487986264,0.1,0.0,0.9,0.44477338074336975
truthfulqa_191_best,truthfulqa,0,5,0.09105767828636238,0.34050968372756857,0.5684326379860691,0.0,0.3,0.7,0.6247260027206032
truthfulqa_563_inc_5,truthfulqa,1,5,0.2969312875821671,0.6941006751126407,0.008968037305192128,0.3,0.7,0.0,0.6985846937652368
truthfulqa_323_corr_2,truthfulqa,0,5,0.3900511530746396,0.24099905481845524,0.36894979210690515,0.4,0.2,0.4,0.4254739508719078
truthfulqa_501_inc_4,truthfulqa,1,5,0.02491452330885324,0.9033201819038119,0.07176529478733502,0.0,1.0,0.0,0.9392028292974794
truthfulqa_309_corr_3,truthfulqa,0,5,0.4908405698083419,0.004361606780608327,0.5047978234110498,0.5,0.0,0.5,0.25676051848613324
truthfulqa_345_inc_3,truthfulqa,1,5,0.029953806329075256,0.4733531125421465,0.49669308112877814,0.0,0.4,0.6,0.7216996531065356
truthfulqa_329_inc_1,truthfulqa,1,5,0.9752958479503594,0.0014412547228893108,0.02326289732675122,1.0,0.0,0.0,0.01307270338626492
truthfulqa_613_corr_1,truthfulqa,0,5,0.5609726602408209,0.0028518844970922526,0.43617545526208684,0.4,0.0,0.6,0.22093961212813568
truthfulqa_576_corr_2,truthfulqa,0,5,0.39514265614060495,0.07197918313094713,0.5328781607284478,0.3,0.0,0.7,0.33841826349517107
truthfulqa_621_corr_1,truthfulqa,0,5,0.9614543399030525,0.0014081024248136789,0.03713755767213379,1.0,0.0,0.0,0.019976881260880573
truthfulqa_549_inc_4,truthfulqa,1,5,0.01825434095550234,0.12378379922128005,0.8579618598232177,0.0,0.0,1.0,0.5527647291328889
truthfulqa_366_corr_1,truthfulqa,0,5,0.12303933451632743,0.4038835656376721,0.4730770998460005,0.1,0.4,0.5,0.6404221155606723
truthfulqa_136_inc_2,truthfulqa,1,5,0.25081270699194363,0.5821250320493488,0.16706226095870746,0.3,0.7,0.0,0.6656561625287025
truthfulqa_581_corr_1,truthfulqa,0,5,0.1418436694614031,0.07502751411897421,0.7831288164196227,0.1,0.0,0.9,0.46659192232878555
truthfulqa_344_inc_2,truthfulqa,1,5,0.031507828970424936,0.36054504802255904,0.6079471230070161,0.0,0.5,0.5,0.6645186095260671
truthfulqa_228_corr_2,truthfulqa,0,5,0.16883826971894758,0.0025611304902477938,0.8286005997908047,0.0,0.0,1.0,0.41686143038565016
truthfulqa_62_corr_4,truthfulqa,0,5,0.05819339239408937,0.6356085203625123,0.30619808724339836,0.0,0.9,0.1,0.7887075639842114
truthfulqa_642_best,truthfulqa,0,5,0.19764773823546192,0.005293885717721067,0.797058376046817,0.0,0.0,1.0,0.4038230737411295
truthfulqa_62_best,truthfulqa,0,5,0.10383517408715877,0.7930166340910747,0.10314819182176657,0.1,0.8,0.1,0.844590730001958
truthfulqa_538_inc_6,truthfulqa,1,5,0.3036896182546508,0.14357063303708748,0.5527397487082618,0.4,0.1,0.5,0.41994050739121835
truthfulqa_52_corr_0,truthfulqa,0,5,0.047342989051264314,0.5060604031927505,0.44659660775598525,0.0,0.4,0.6,0.7293587070707431
truthfulqa_531_corr_2,truthfulqa,0,5,0.9649890742919365,0.002896189008035794,0.03211473670002794,1.0,0.0,0.0,0.018953557358049766
truthfulqa_63_inc_0,truthfulqa,1,5,0.2394813935244237,0.38654664139238626,0.37397196508318997,0.2,0.5,0.3,0.5735326239339813
truthfulqa_44_inc_2,truthfulqa,1,5,0.054967832161897046,0.07777849479445642,0.8672536730436466,0.0,0.0,1.0,0.5114053313162797
truthfulqa_533_inc_0,truthfulqa,1,5,0.4928196606629909,0.3773205866314775,0.12985975270553168,0.7,0.3,0.0,0.4422504629842433
truthfulqa_321_inc_2,truthfulqa,1,5,0.11582753424109468,0.15308187261402642,0.7310905931448789,0.0,0.1,0.9,0.5186271691864659
truthfulqa_163_corr_1,truthfulqa,0,5,0.3566928080390026,0.38095992655923305,0.2623472654017644,0.3,0.4,0.3,0.5121335592601153
truthfulqa_776_corr_1,truthfulqa,0,5,0.6193215955192268,0.11137922836587952,0.2692991761148937,0.6,0.0,0.4,0.24602881642332636
truthfulqa_574_inc_8,truthfulqa,1,5,0.22912403118697733,0.7426387751618997,0.028237193651122976,0.2,0.8,0.0,0.7567573719874612
truthfulqa_399_inc_0,truthfulqa,1,5,0.16645505214455658,0.5042799444896475,0.3292650033657959,0.0,0.6,0.4,0.6689124461725455
truthfulqa_491_inc_5,truthfulqa,1,5,0.07218910449960239,0.3884128079494206,0.539398087550977,0.0,0.4,0.6,0.6581118517249092
truthfulqa_280_inc_1,truthfulqa,1,5,0.27382545501194616,0.0071729103353786626,0.7190016346526751,0.1,0.0,0.9,0.3666737276617162
truthfulqa_789_corr_2,truthfulqa,0,5,0.33532458485926553,0.07229659252341805,0.5923788226173163,0.3,0.0,0.7,0.3684860038320762
truthfulqa_582_inc_6,truthfulqa,1,5,0.09146141735443278,0.2996793034892389,0.6088592791563283,0.1,0.2,0.7,0.604108943067403
truthfulqa_683_best,truthfulqa,0,5,0.21293112106438294,0.2825116304296222,0.5045572485059948,0.3,0.2,0.5,0.5347902546826195
truthfulqa_227_inc_2,truthfulqa,1,5,0.79586874157079,0.0010219244739257264,0.20310933395528422,0.7,0.0,0.3,0.10257659145156783
truthfulqa_300_inc_6,truthfulqa,1,5,0.4833677857962857,0.004853851595700569,0.5117783626080137,0.3,0.0,0.7,0.2607430328997074
truthfulqa_81_corr_2,truthfulqa,0,5,0.09120248614939128,0.34732666285816843,0.5614708509924402,0.1,0.4,0.5,0.6280620883543886
truthfulqa_11_corr_2,truthfulqa,0,5,0.9762654955006861,0.00034015348383450067,0.02339435101547937,1.0,0.0,0.0,0.012037328991574186
truthfulqa_368_best,truthfulqa,0,5,0.04903407013911529,0.1938193302692691,0.7571465995916157,0.0,0.0,1.0,0.5723926300650769
truthfulqa_72_best,truthfulqa,0,5,0.6401061615305645,0.009505728758837814,0.3503881097105978,0.4,0.0,0.6,0.18469978361413672
truthfulqa_760_inc_3,truthfulqa,1,5,0.08283782863779107,0.12256648424313359,0.7945956871190754,0.0,0.0,1.0,0.5198643278026712
truthfulqa_68_corr_1,truthfulqa,0,5,0.7027689204010317,0.0018847750295641244,0.2953463045694042,0.6,0.0,0.4,0.14955792731426623
truthfulqa_269_inc_1,truthfulqa,1,5,0.22017354873173117,0.13044120501040485,0.6493852462578641,0.1,0.0,0.9,0.4551338281393369
truthfulqa_461_corr_1,truthfulqa,0,5,0.01813857040629672,0.5990025100384304,0.3828589195552729,0.0,0.6,0.4,0.7904319698160669
truthfulqa_359_inc_0,truthfulqa,1,5,0.3318333812217963,0.2418204957208588,0.426346123057345,0.2,0.2,0.6,0.4549935572495313
truthfulqa_778_corr_1,truthfulqa,0,5,0.46009067269011694,0.0035897091020775434,0.5363196182078054,0.4,0.0,0.6,0.27174951820598026
truthfulqa_79_corr_1,truthfulqa,0,5,0.3314703464965175,0.01198867676180635,0.6565409767416762,0.1,0.0,0.9,0.3402591651326445
truthfulqa_138_inc_1,truthfulqa,1,5,0.11696647710437416,0.4914504597087605,0.39158306318686537,0.1,0.5,0.4,0.6872419913021932
truthfulqa_533_best,truthfulqa,0,5,0.4571381563148176,0.2880367302208726,0.2548251134643097,0.7,0.3,0.0,0.41544928695302746
truthfulqa_469_inc_4,truthfulqa,1,5,0.15978399338426474,0.4486518481293954,0.39156415848633985,0.1,0.6,0.3,0.6444339273725653
truthfulqa_358_corr_4,truthfulqa,0,5,0.45547190407484583,0.14651756345478092,0.39801053247037316,0.5,0.2,0.3,0.3455228296899675
truthfulqa_317_inc_1,truthfulqa,1,5,0.19876394714881696,0.7974024485457399,0.0038336043054431634,0.2,0.8,0.0,0.7993192506984615
truthfulqa_147_inc_3,truthfulqa,1,5,0.593226426216917,0.12722932701743156,0.2795442467656515,0.8,0.1,0.1,0.2670014504002573
truthfulqa_126_inc_2,truthfulqa,1,5,0.001973254629024733,0.9524586648078717,0.04556808056310367,0.0,1.0,0.0,0.9752427050894235
truthfulqa_40_inc_6,truthfulqa,1,5,0.04660069822329781,0.2589888173822958,0.6944104843944063,0.0,0.4,0.6,0.606194059579499
truthfulqa_10_inc_1,truthfulqa,1,5,0.9874491382084736,0.0010059617923357527,0.011544899999190698,1.0,0.0,0.0,0.006778411791931102
truthfulqa_729_corr_1,truthfulqa,0,5,0.7408031775121622,0.0048940099306283265,0.2543028125572095,0.9,0.0,0.1,0.13204541620923307
truthfulqa_443_inc_2,truthfulqa,1,5,0.39076137672966854,0.5976344339161486,0.011604189354182715,0.4,0.6,0.0,0.6034365285932399
truthfulqa_519_inc_3,truthfulqa,1,5,0.22242903478193082,0.5989818591689862,0.1785891060490831,0.1,0.8,0.1,0.6882764121935278
truthfulqa_264_corr_1,truthfulqa,0,5,0.22712840213308844,0.13456505911273176,0.6383065387541798,0.3,0.1,0.6,0.45371832848982163
truthfulqa_535_corr_1,truthfulqa,0,5,0.27191083580775377,0.23267293202055442,0.4954162321716919,0.2,0.0,0.8,0.48038104810640037
truthfulqa_754_best,truthfulqa,0,5,0.3631690707426536,0.47487416125144566,0.16195676800590075,0.3,0.7,0.0,0.5558525452543961
truthfulqa_451_best,truthfulqa,0,5,0.31644351283806593,0.0025386187148767406,0.6810178684470573,0.0,0.0,1.0,0.3430475529384054
truthfulqa_447_corr_1,truthfulqa,0,5,0.5950628253098449,0.3928861711345911,0.012051003555563993,0.6,0.4,0.0,0.3989116729123731
truthfulqa_32_inc_3,truthfulqa,1,5,0.10097305995305923,0.25254158336528676,0.646485356681654,0.0,0.2,0.8,0.5757842617061137
truthfulqa_185_inc_2,truthfulqa,1,5,0.06608483816535426,0.4803426919760126,0.4535724698586333,0.1,0.4,0.5,0.7071289269053292
truthfulqa_715_best,truthfulqa,0,5,0.037494466597653694,0.08416159295535738,0.878343940446989,0.0,0.0,1.0,0.5233335631788519
truthfulqa_347_corr_4,truthfulqa,0,5,0.07065378880105588,0.6674840808635495,0.2618621303353946,0.0,0.6,0.4,0.7984151460312467
truthfulqa_704_inc_2,truthfulqa,1,5,0.39751900540583307,0.28885931984814966,0.3136216747460172,0.3,0.3,0.4,0.44567015722115827
truthfulqa_613_inc_2,truthfulqa,1,5,0.6867663480682993,0.010093797481726376,0.30313985444997443,0.8,0.0,0.2,0.16166372470671359
truthfulqa_79_inc_3,truthfulqa,1,5,0.06380145488275449,0.05581655998633246,0.880381985130913,0.0,0.0,1.0,0.49600755255178897
truthfulqa_67_corr_1,truthfulqa,0,5,0.30592643629061544,0.07557940481907757,0.618494158890307,0.2,0.0,0.8,0.38482648426423105
truthfulqa_122_corr_0,truthfulqa,0,5,0.41964745389615243,0.0338039962901016,0.5465485498137459,0.3,0.0,0.7,0.30707827119697456
truthfulqa_368_inc_2,truthfulqa,1,5,0.07699316820591977,0.5066599118696364,0.4163469199244437,0.0,0.7,0.3,0.7148333718318582
truthfulqa_332_corr_2,truthfulqa,0,5,0.05568249602659485,0.3043195001169397,0.6399980038564654,0.0,0.2,0.8,0.6243185020451725
truthfulqa_637_corr_2,truthfulqa,0,5,0.049516887545370994,0.3483211218771029,0.6021619905775262,0.0,0.0,1.0,0.6494021171658659
truthfulqa_632_corr_1,truthfulqa,0,5,0.20327971487487728,0.41042901973723883,0.38629126538788383,0.2,0.4,0.4,0.6035746524311807
truthfulqa_597_best,truthfulqa,0,5,0.15967884930342424,0.0366956443268216,0.8036255063697542,0.0,0.0,1.0,0.4385083975116987
truthfulqa_119_inc_0,truthfulqa,1,5,0.19234363763327442,0.006086103654014055,0.8015702587127114,0.1,0.0,0.9,0.40687123301036976
truthfulqa_342_best,truthfulqa,0,5,0.22841661124106877,0.3479253065936476,0.42365808216528356,0.2,0.3,0.5,0.5597543476762894
truthfulqa_554_corr_2,truthfulqa,0,5,0.46606522576853243,0.08507089476147915,0.44886387946998835,0.3,0.0,0.7,0.3095028344964733
truthfulqa_487_inc_0,truthfulqa,1,5,0.07963183346411579,0.29830763091868556,0.6220605356171987,0.0,0.3,0.7,0.6093378987272848
truthfulqa_799_best,truthfulqa,0,5,0.06089539908748861,0.30404915242915104,0.6350554484833604,0.0,0.1,0.9,0.6215768766708312
truthfulqa_329_corr_3,truthfulqa,0,5,0.9752958479503594,0.0014412547228893108,0.023262897326751224,1.0,0.0,0.0,0.013072703386264923
truthfulqa_490_corr_1,truthfulqa,0,5,0.16161918644966317,0.29137191132223417,0.5470089022281026,0.2,0.3,0.5,0.5648763624362855
truthfulqa_45_corr_0,truthfulqa,0,5,0.1874000804536755,0.10486195579629805,0.7077379637500265,0.0,0.0,1.0,0.4587309376713113
truthfulqa_266_inc_1,truthfulqa,1,5,0.9911772188068826,0.0006133782630882757,0.008209402930029227,1.0,0.0,0.0,0.004718079728102889
truthfulqa_787_inc_3,truthfulqa,1,5,0.12549665331440846,0.26324958005474197,0.6112537666308495,0.1,0.2,0.7,0.5688764633701667
truthfulqa_109_inc_2,truthfulqa,1,5,0.4149420997869705,0.006012434536265455,0.579045465676764,0.1,0.0,0.9,0.2955351673746474
truthfulqa_557_corr_2,truthfulqa,0,5,0.23457394970636364,0.28488505720344304,0.4805409930901933,0.2,0.3,0.5,0.5251555537485397
truthfulqa_381_inc_1,truthfulqa,1,5,0.053587491191569504,0.30724110840313534,0.6391714004052951,0.0,0.0,1.0,0.6268268086057829
truthfulqa_813_inc_4,truthfulqa,1,5,0.20538937291661957,0.3216851609129831,0.47292546617039727,0.0,0.4,0.6,0.5581478939981818
truthfulqa_572_best,truthfulqa,0,5,0.39536617182880957,0.596837294250008,0.007796533921182444,0.4,0.6,0.0,0.6007355612105992
truthfulqa_674_inc_3,truthfulqa,1,5,0.7010780001701,0.05839593437532546,0.2405260654545745,0.9,0.0,0.1,0.1786589671026127
truthfulqa_357_inc_1,truthfulqa,1,5,0.07602195394659803,0.19292139863927749,0.7310566474141245,0.0,0.1,0.9,0.5584497223463397
truthfulqa_168_inc_0,truthfulqa,1,5,0.15175228705366797,0.2986082500614792,0.5496394628848529,0.1,0.3,0.6,0.5734279815039056
truthfulqa_314_inc_3,truthfulqa,1,5,0.3388502235055696,0.5475987397892849,0.11355103670514559,0.3,0.6,0.1,0.6043742581418576
truthfulqa_787_corr_1,truthfulqa,0,5,0.4075044617847604,0.14377269185953406,0.4487228463557055,0.3,0.1,0.6,0.3681341150373868
truthfulqa_114_inc_3,truthfulqa,1,5,0.6964513279202514,0.020848380636767576,0.2827002914429809,1.0,0.0,0.0,0.16219852635825804
truthfulqa_212_corr_2,truthfulqa,0,5,0.15466644585791747,0.0316427753995954,0.8136907787424871,0.1,0.0,0.9,0.43848816477083896
truthfulqa_341_inc_1,truthfulqa,1,5,0.5957158524094932,0.01750244430284689,0.38678170328765993,0.7,0.0,0.3,0.21089329594667686
truthfulqa_646_best,truthfulqa,0,5,0.8154979837009456,0.022349591885985325,0.162152424413069,1.0,0.0,0.0,0.10342580409251984
truthfulqa_559_inc_2,truthfulqa,1,5,0.5898713039656645,0.3995402652539943,0.010588430780341159,0.6,0.4,0.0,0.40483448064416483
truthfulqa_392_corr_1,truthfulqa,0,5,0.09409369331569341,0.4399049031725165,0.46600140351179,0.1,0.5,0.4,0.6729056049284114
truthfulqa_332_best,truthfulqa,0,5,0.1556156818069988,0.139057331440348,0.7053269867526532,0.0,0.1,0.9,0.49172082481667456
truthfulqa_349_corr_1,truthfulqa,0,5,0.2581226390590468,0.00128324811616029,0.740594112824793,0.1,0.0,0.9,0.3715803045285568
truthfulqa_575_inc_6,truthfulqa,1,5,0.9843823732159122,0.001338373225079183,0.01427925355900866,1.0,0.0,0.0,0.008478000004583514
truthfulqa_467_inc_0,truthfulqa,1,5,0.04195169482484122,0.4364828437102906,0.5215654614648682,0.0,0.6,0.4,0.6972655744427247
truthfulqa_308_corr_2,truthfulqa,0,5,0.21862536662743995,0.013505203584463948,0.7678694297880961,0.0,0.0,1.0,0.397439918478512
truthfulqa_443_best,truthfulqa,0,5,0.39310319054429443,0.597983024660503,0.008913784795202282,0.4,0.6,0.0,0.6024399170581042
truthfulqa_424_corr_1,truthfulqa,0,5,0.9691695740698381,0.004287949573406011,0.026542476356755877,1.0,0.0,0.0,0.01755918775178395
truthfulqa_369_inc_2,truthfulqa,1,5,0.13956762137501194,0.09644128922648179,0.7639910893985064,0.1,0.0,0.9,0.478436833925735
truthfulqa_115_corr_1,truthfulqa,0,5,0.1631198527895561,0.4749863027501468,0.3618938444602972,0.2,0.6,0.2,0.6559332249802954
truthfulqa_547_inc_0,truthfulqa,1,5,0.20062299858471877,0.7719761991413192,0.027400802273961983,0.2,0.8,0.0,0.7856766002783002
truthfulqa_546_inc_0,truthfulqa,1,5,0.12512915694863963,0.028052503318892474,0.8468183397324678,0.1,0.0,0.9,0.45146167318512637
truthfulqa_222_inc_3,truthfulqa,1,5,0.10016452630357198,0.01978466326929037,0.8800508104271376,0.0,0.0,1.0,0.45981006848285916
truthfulqa_331_corr_3,truthfulqa,0,5,0.17197917650424385,0.11859233427962894,0.7094284892161271,0.0,0.1,0.9,0.4733065788876925
truthfulqa_124_corr_0,truthfulqa,0,5,0.06079912951743951,0.011311409571638852,0.9278894609109217,0.0,0.0,1.0,0.4752561400270997
truthfulqa_505_inc_4,truthfulqa,1,5,0.0014149624530290432,0.8657097271065013,0.13287531044046977,0.0,1.0,0.0,0.9321473823267362
truthfulqa_179_corr_2,truthfulqa,0,5,0.46235079791908085,0.3229812174575609,0.2146679846233583,0.6,0.4,0.0,0.4303152097692401
truthfulqa_700_inc_0,truthfulqa,1,5,0.11725478268262554,0.19606547594031426,0.6866797413770602,0.0,0.0,1.0,0.5394053466288444
truthfulqa_624_best,truthfulqa,0,5,0.003528931911809914,0.9911160990009193,0.005354969087270707,0.0,1.0,0.0,0.9937935835445547
truthfulqa_281_inc_5,truthfulqa,1,5,0.1694382583328884,0.003972420851805889,0.8265893208153056,0.1,0.0,0.9,0.41726708125945866
truthfulqa_69_inc_2,truthfulqa,1,5,0.18571107046870577,0.08380026554194928,0.730488663989345,0.0,0.0,1.0,0.44904459753662174
truthfulqa_24_corr_1,truthfulqa,0,5,0.13338309219043537,0.011201106155868999,0.8554158016536956,0.1,0.0,0.9,0.4389090069827168
truthfulqa_549_best,truthfulqa,0,5,0.06426710778091382,0.026767202535540303,0.9089656896835459,0.1,0.0,0.9,0.48125004737731325
truthfulqa_237_corr_1,truthfulqa,0,5,0.02590286322349311,0.33351316028428507,0.6405839764922219,0.0,0.2,0.8,0.653805148530396
truthfulqa_474_corr_1,truthfulqa,0,5,0.990018496161178,0.0005563280546908177,0.009425175784131148,1.0,0.0,0.0,0.005268915946756392
truthfulqa_455_corr_1,truthfulqa,0,5,0.7025487178009565,0.003682443591769,0.2937688386072745,0.9,0.0,0.1,0.15056686289540624
truthfulqa_17_corr_2,truthfulqa,0,5,0.40348745652847484,0.020173726729125558,0.5763388167423995,0.2,0.0,0.8,0.3083431351003253
truthfulqa_753_inc_0,truthfulqa,1,5,0.07552937930785035,0.6040108534321784,0.3204597672599713,0.1,0.6,0.3,0.764240737062164
truthfulqa_276_inc_4,truthfulqa,1,5,0.22054235470137318,0.020379657798816658,0.7590779874998101,0.1,0.0,0.9,0.39991865154872175
truthfulqa_362_inc_1,truthfulqa,1,5,0.4758902260221502,0.19007061145242338,0.3340391625254264,0.5,0.1,0.4,0.3570901927151366
truthfulqa_769_corr_1,truthfulqa,0,5,0.1406069955306684,0.4062191057738736,0.453173898695458,0.1,0.5,0.4,0.6328060551216026
truthfulqa_532_best,truthfulqa,0,5,0.7967851978640246,0.004719313772734693,0.19849548836324077,1.0,0.0,0.0,0.10396705795435508
truthfulqa_241_inc_1,truthfulqa,1,5,0.20145480167659424,0.09290722608113003,0.7056379722422759,0.2,0.1,0.7,0.44572621220226794
truthfulqa_147_inc_2,truthfulqa,1,5,0.23970696896928975,0.2876213919968854,0.47267163903382486,0.2,0.4,0.4,0.5239572115137978
truthfulqa_661_inc_3,truthfulqa,1,5,0.2309162747377332,0.005116279902972675,0.7639674453592942,0.2,0.0,0.8,0.3871000025826198
truthfulqa_578_inc_2,truthfulqa,1,5,0.07716463061907412,0.7819282327903593,0.1409071365905667,0.1,0.8,0.1,0.8523818010856427
truthfulqa_370_inc_2,truthfulqa,1,5,0.033487350240168884,0.09861375688071107,0.86789889287912,0.0,0.0,1.0,0.5325632033202711
truthfulqa_16_inc_1,truthfulqa,1,5,0.20220649850078595,0.008493188311434929,0.789300313187779,0.1,0.0,0.9,0.40314334490532444
truthfulqa_300_inc_1,truthfulqa,1,5,0.5900281469950435,0.0029475591538065875,0.4070242938511499,0.3,0.0,0.7,0.20645970607938155
truthfulqa_550_corr_2,truthfulqa,0,5,0.018647757928504545,0.495615343318183,0.4857368987533125,0.0,0.6,0.4,0.7384837926948393
truthfulqa_374_inc_1,truthfulqa,1,5,0.2113678090666525,0.13145786335839343,0.657174327574954,0.2,0.1,0.7,0.4600450271458704
truthfulqa_455_inc_3,truthfulqa,1,5,0.2797578679794113,0.29923468863720804,0.4210074433833806,0.3,0.4,0.3,0.5097384103288983
truthfulqa_11_corr_0,truthfulqa,0,5,0.8854802853791665,0.00046223768047474946,0.1140574769403588,1.0,0.0,0.0,0.05749097615065415
truthfulqa_679_best,truthfulqa,0,5,0.3882283092737718,0.5941315758931305,0.017640114833097895,0.4,0.6,0.0,0.6029516333096794
truthfulqa_587_corr_1,truthfulqa,0,5,0.11711227804130539,0.25894896735898415,0.6239387545997104,0.1,0.2,0.7,0.5709183446588393
truthfulqa_191_inc_2,truthfulqa,1,5,0.10097894480780598,0.3485187549631156,0.5505023002290783,0.1,0.3,0.6,0.6237699050776547
truthfulqa_624_inc_2,truthfulqa,1,5,0.12093764113020915,0.6958782447876652,0.18318411408212562,0.1,0.8,0.1,0.787470301828728
truthfulqa_418_inc_0,truthfulqa,1,5,0.9883267723967201,0.0009849423716687502,0.010688285231610943,1.0,0.0,0.0,0.006329084987474222
truthfulqa_406_corr_4,truthfulqa,0,5,0.030206500058185714,0.1770289995296765,0.7927645004121378,0.0,0.0,1.0,0.5734112497357453
truthfulqa_203_inc_1,truthfulqa,1,5,0.20272001029786502,0.12103830964852472,0.6762416800536102,0.0,0.0,1.0,0.4591591496753298
truthfulqa_316_corr_1,truthfulqa,0,5,0.4281302590745482,0.09447151620798587,0.47739822471746596,0.5,0.1,0.4,0.33317062856671886
truthfulqa_153_inc_1,truthfulqa,1,5,0.05721320386458069,0.30622645716943075,0.6365603389659885,0.0,0.2,0.8,0.6245066266524251
truthfulqa_245_corr_2,truthfulqa,0,5,0.42579400733245293,0.00317071738745934,0.5710352752800877,0.1,0.0,0.9,0.2886883550275032
truthfulqa_147_inc_1,truthfulqa,1,5,0.49680157010683523,0.10750250958828475,0.3956959203048801,0.7,0.1,0.2,0.3053504697407248
truthfulqa_160_inc_1,truthfulqa,1,5,0.8046632129715349,0.0017061337853707954,0.1936306532430943,1.0,0.0,0.0,0.09852146040691795
truthfulqa_152_corr_0,truthfulqa,0,5,0.302015546908212,0.6800910598388727,0.01789339325291538,0.3,0.7,0.0,0.6890377564653304
truthfulqa_118_best,truthfulqa,0,5,0.12484417638018004,0.015629127179647404,0.8595266964401725,0.0,0.0,1.0,0.4453924753997337
truthfulqa_511_inc_2,truthfulqa,1,5,0.02305774698710088,0.11663161880916992,0.8603106342037291,0.0,0.0,1.0,0.5467869359110344
truthfulqa_735_inc_0,truthfulqa,1,5,0.16316681826846663,0.01457623105339632,0.8222569506781371,0.0,0.0,1.0,0.4257047063924649
truthfulqa_474_inc_1,truthfulqa,1,5,0.35677877218511733,0.6194687559035224,0.023752471911360325,0.4,0.6,0.0,0.6313449918592026
truthfulqa_363_corr_2,truthfulqa,0,5,0.15729824230716372,0.10988709654128195,0.7328146611515542,0.1,0.1,0.8,0.47629442711705905
truthfulqa_316_best,truthfulqa,0,5,0.20790289591674185,0.12890136314533787,0.6631957409379203,0.1,0.1,0.8,0.460499233614298
truthfulqa_493_inc_0,truthfulqa,1,5,0.25558131867746614,0.03498779736601269,0.7094308839565211,0.2,0.0,0.8,0.38970323934427326
truthfulqa_34_inc_4,truthfulqa,1,5,0.24659622725408387,0.738956259784461,0.014447512961455194,0.3,0.7,0.0,0.7461800162651886
truthfulqa_338_inc_2,truthfulqa,1,5,0.5110699527587015,0.15996035073819043,0.32896969650310826,0.5,0.1,0.4,0.32444519898974455
truthfulqa_330_corr_2,truthfulqa,0,5,0.5929172926581974,0.001570161437350474,0.40551254590445207,0.2,0.0,0.8,0.2043264343895765
truthfulqa_236_corr_3,truthfulqa,0,5,0.1488709489042282,0.01684241834554285,0.834286632750229,0.1,0.0,0.9,0.4339857347206573
truthfulqa_438_inc_2,truthfulqa,1,5,0.9476504526011624,0.0014131921177343997,0.05093635528110317,1.0,0.0,0.0,0.026881369758285985
truthfulqa_115_inc_1,truthfulqa,1,5,0.10557893934999134,0.777318019855863,0.11710304079414564,0.1,0.9,0.0,0.8358695402529358
truthfulqa_658_best,truthfulqa,0,5,0.020761465772179754,0.12211441206826476,0.8571241221595555,0.0,0.1,0.9,0.5506764731480425
truthfulqa_297_corr_2,truthfulqa,0,5,0.12433986766747622,0.18140202119247414,0.6942581111400496,0.1,0.0,0.9,0.528531076762499
truthfulqa_796_best,truthfulqa,0,5,0.056342993980576725,0.24860866532995246,0.6950483406894707,0.0,0.1,0.9,0.5961328356746878
truthfulqa_619_inc_0,truthfulqa,1,5,0.8225574692652676,0.0045997086380957656,0.1728428220966367,0.8,0.0,0.2,0.09102111968641412
truthfulqa_469_inc_1,truthfulqa,1,5,0.10304649856699322,0.16959326436362893,0.7273602370693779,0.1,0.1,0.8,0.5332733828983178
truthfulqa_627_inc_1,truthfulqa,1,5,0.019239358511165126,0.30791937619341375,0.6728412652954211,0.0,0.2,0.8,0.6443400088411243
truthfulqa_692_inc_1,truthfulqa,1,5,0.06565980308232403,0.024055355383442077,0.9102848415342338,0.0,0.0,1.0,0.479197776150559
truthfulqa_287_inc_2,truthfulqa,1,5,0.28510932577328807,0.0013815439107020492,0.7135091303160099,0.2,0.0,0.8,0.358136109068707
truthfulqa_36_corr_3,truthfulqa,0,5,0.9896584973817888,0.0009319951092965353,0.00940950750891473,1.0,0.0,0.0,0.0056367488637539005
truthfulqa_589_inc_0,truthfulqa,1,5,0.1364958401669948,0.3814429671406948,0.4820611926923105,0.1,0.4,0.5,0.6224735634868501
truthfulqa_317_inc_2,truthfulqa,1,5,0.11503128342636482,0.4763518604230372,0.408616856150598,0.1,0.5,0.4,0.6806602884983362
truthfulqa_660_inc_2,truthfulqa,1,5,0.5981158962419869,0.004117657933464307,0.3977664458245489,0.6,0.0,0.4,0.20300088084573875
truthfulqa_456_inc_1,truthfulqa,1,5,0.139011552250398,0.22712122758075695,0.6338672201688451,0.1,0.0,0.9,0.5440548376651795
truthfulqa_102_corr_3,truthfulqa,0,5,0.9900562157211402,0.0005878826866501035,0.009355901592209755,1.0,0.0,0.0,0.005265833482754981
truthfulqa_56_corr_2,truthfulqa,0,5,0.03246295523636593,0.21153440165985304,0.7560026431037811,0.0,0.0,1.0,0.5895357232117435
truthfulqa_804_best,truthfulqa,0,5,0.2624927871260858,0.46464058342269887,0.2728666294512153,0.2,0.6,0.2,0.6010738981483066
truthfulqa_362_corr_2,truthfulqa,0,5,0.40114848751432514,0.24052006774890083,0.35833144473677403,0.3,0.3,0.4,0.41968579011728785
truthfulqa_190_inc_1,truthfulqa,1,5,0.13687614508709803,0.18054590218068528,0.6825779527322167,0.1,0.0,0.9,0.5218348785467937
truthfulqa_785_best,truthfulqa,0,5,0.08311088275616978,0.007517271048768773,0.9093718461950615,0.0,0.0,1.0,0.4622031941462995
truthfulqa_205_inc_1,truthfulqa,1,5,0.9934730108562416,0.0006801712858540274,0.005846817857904362,1.0,0.0,0.0,0.0036035802148062083
truthfulqa_75_corr_3,truthfulqa,0,5,0.28406700192776385,0.04129054241802204,0.6746424556542141,0.3,0.0,0.7,0.3786117702451291
truthfulqa_588_inc_3,truthfulqa,1,5,0.4246586519078087,0.00836847914126214,0.5669728689509291,0.3,0.0,0.7,0.2918549136167267
truthfulqa_410_best,truthfulqa,0,5,0.3344334595496964,0.04486416932605898,0.6207023711242446,0.3,0.0,0.7,0.3552153548881813
truthfulqa_68_inc_2,truthfulqa,1,5,0.22987412789033748,0.12240412571632717,0.6477217463933354,0.0,0.1,0.9,0.44626499891299487
truthfulqa_319_inc_2,truthfulqa,1,5,0.14020489829540714,0.19283198761871637,0.6669631140858765,0.1,0.1,0.8,0.5263135446616546
truthfulqa_593_inc_4,truthfulqa,1,5,0.019003400124864192,0.18131736733341258,0.7996792325417232,0.0,0.0,1.0,0.5811569836042743
truthfulqa_35_inc_3,truthfulqa,1,5,0.05722505968752538,0.3612596442044223,0.5815152961080523,0.1,0.4,0.5,0.6520172922584484
truthfulqa_169_inc_1,truthfulqa,1,5,0.49106742189225316,0.15878054512435652,0.3501520329833904,0.4,0.0,0.6,0.3338565616160517
truthfulqa_600_inc_0,truthfulqa,1,5,0.023617983511798196,0.17825650365154047,0.7981255128366612,0.0,0.1,0.9,0.5773192600698711
truthfulqa_777_inc_2,truthfulqa,1,5,0.07631554110198206,0.0460530639647704,0.8776313949332476,0.0,0.0,1.0,0.4848687614313942
truthfulqa_123_best,truthfulqa,0,5,0.14271406967062653,0.08469361811061225,0.7725923122187612,0.0,0.0,1.0,0.4709897742199929
truthfulqa_476_corr_2,truthfulqa,0,5,0.038729838469748847,0.7029356611791647,0.2583345003510864,0.0,0.7,0.3,0.8321029113547079
truthfulqa_364_inc_1,truthfulqa,1,5,0.1643462842762216,0.36572818218127967,0.46992553354249866,0.0,0.2,0.8,0.600690948952529
truthfulqa_195_inc_3,truthfulqa,1,5,0.05866188393321883,0.06319893246684447,0.8781391835999367,0.0,0.0,1.0,0.5022685242668128
truthfulqa_703_corr_1,truthfulqa,0,5,0.41039537551790894,0.055933965137906924,0.5336706593441842,0.2,0.0,0.8,0.32276929480999905
truthfulqa_190_corr_1,truthfulqa,0,5,0.25260289032127614,0.08632021583362268,0.6610768938451013,0.1,0.0,0.9,0.41685866275617334
truthfulqa_802_inc_2,truthfulqa,1,5,0.23455148619698232,0.1536515216602507,0.611796992142767,0.0,0.1,0.9,0.4595500177316342
truthfulqa_278_inc_0,truthfulqa,1,5,0.44127396323721496,0.0982390872843755,0.4604869494784095,0.4,0.0,0.6,0.3284825620235803
truthfulqa_768_best,truthfulqa,0,5,0.20728794856306076,0.286479844086778,0.5062322073501612,0.2,0.1,0.7,0.5395959477618586
truthfulqa_348_corr_6,truthfulqa,0,5,0.19235520147618546,0.2609041773708534,0.5467406211529611,0.2,0.3,0.5,0.534274487947334
truthfulqa_577_corr_1,truthfulqa,0,5,0.3877767476016714,0.34394435364231296,0.2682788987560156,0.4,0.4,0.2,0.4780838030203208
truthfulqa_429_inc_0,truthfulqa,1,5,0.9846051373415184,0.0010569443047139132,0.014337918353767628,1.0,0.0,0.0,0.008225903481597727
truthfulqa_585_corr_1,truthfulqa,0,5,0.5488947086694096,0.005160138430540021,0.44594515290005027,0.4,0.0,0.6,0.22813271488056516
truthfulqa_780_corr_3,truthfulqa,0,5,0.19437473608550632,0.7271894467381815,0.07843581717631214,0.1,0.9,0.0,0.7664073553263376
truthfulqa_112_inc_0,truthfulqa,1,5,0.6213365876110634,0.037417556720121994,0.34124585566881477,0.7,0.0,0.3,0.2080404845545294
truthfulqa_76_corr_2,truthfulqa,0,5,0.5075622068541069,0.0021568459121186923,0.49028094723377436,0.3,0.0,0.7,0.24729731952900588
truthfulqa_351_best,truthfulqa,0,5,0.38773259438526425,0.5921394041638492,0.020128001450886453,0.3,0.7,0.0,0.6022034048892925
truthfulqa_55_inc_3,truthfulqa,1,5,0.11454326095649922,0.13333556221632872,0.752121176827172,0.0,0.0,1.0,0.5093961506299147
truthfulqa_399_corr_2,truthfulqa,0,5,0.10827178184023067,0.23285800274711183,0.6588702154126576,0.1,0.2,0.7,0.5622931104534405
truthfulqa_777_inc_0,truthfulqa,1,5,0.2759365516168164,0.10459430300305808,0.6194691453801255,0.2,0.1,0.7,0.4143288756931208
truthfulqa_53_inc_1,truthfulqa,1,5,0.12668898845630153,0.19298229075527512,0.6803287207884232,0.1,0.0,0.9,0.5331466511494867
truthfulqa_451_inc_4,truthfulqa,1,5,0.251489762012107,0.07248158575845429,0.6760286522294388,0.2,0.0,0.8,0.4104959118731737
truthfulqa_760_corr_1,truthfulqa,0,5,0.12381077669135507,0.1418315481556461,0.7343576751529988,0.0,0.0,1.0,0.5090103857321455
truthfulqa_328_inc_2,truthfulqa,1,5,0.9641505736206721,0.00126866525021613,0.034580761129111695,1.0,0.0,0.0,0.01855904581477198
truthfulqa_564_inc_3,truthfulqa,1,5,0.4446912420822781,0.5018210386909618,0.053487719226760044,0.4,0.6,0.0,0.5285648983043418
truthfulqa_289_inc_2,truthfulqa,1,5,0.26551884694615524,0.3919803683113974,0.3425007847424475,0.1,0.4,0.5,0.5632307606826211
truthfulqa_236_corr_1,truthfulqa,0,5,0.290479096159409,0.0010212767272706643,0.7084996271133204,0.2,0.0,0.8,0.35527109028393083
truthfulqa_54_inc_1,truthfulqa,1,5,0.36057802602414457,0.03755674546338341,0.6018652285124719,0.3,0.0,0.7,0.33848935971961935
truthfulqa_618_best,truthfulqa,0,5,0.6005727340492683,0.002553623484283882,0.3968736424664479,1.0,0.0,0.0,0.20099044471750785
truthfulqa_663_best,truthfulqa,0,5,0.457912500891712,0.1109285499942679,0.4311589491140201,0.5,0.1,0.4,0.3265080245512779
truthfulqa_594_inc_4,truthfulqa,1,5,0.09816875725622667,0.24856500512674132,0.653266237617032,0.1,0.3,0.6,0.5751981239352573
truthfulqa_504_inc_3,truthfulqa,1,5,0.19080694856606564,0.20943492266843194,0.5997581287655025,0.1,0.0,0.9,0.5093139870511831
truthfulqa_383_inc_2,truthfulqa,1,5,0.36371831382256153,0.26737002986547226,0.3689116563119662,0.2,0.4,0.4,0.45182585802145536
truthfulqa_576_inc_1,truthfulqa,1,5,0.6298480985592276,0.06152726379995934,0.3086246376408131,0.6,0.0,0.4,0.2158395826203659
truthfulqa_65_corr_1,truthfulqa,0,5,0.16295437916449904,0.19144595385546156,0.6455996669800393,0.1,0.1,0.8,0.5142457873454812
truthfulqa_181_inc_2,truthfulqa,1,5,0.6072844058315076,0.0075875915093395665,0.3851280026591529,0.4,0.0,0.6,0.20015159283891604
truthfulqa_610_best,truthfulqa,0,5,0.11468383766787471,0.20882984649698608,0.6764863158351392,0.1,0.1,0.8,0.5470730044145556
truthfulqa_751_corr_2,truthfulqa,0,5,0.11282583806389182,0.02840942869452178,0.8587647332415864,0.1,0.0,0.9,0.457791795315315
truthfulqa_519_corr_1,truthfulqa,0,5,0.3500276184006008,0.45692230745795664,0.19305007414144235,0.3,0.6,0.1,0.5534473445286778
truthfulqa_73_corr_1,truthfulqa,0,5,0.3123806460557383,0.5669920182353179,0.12062733570894388,0.4,0.6,0.0,0.6273056860897898
truthfulqa_471_corr_1,truthfulqa,0,5,0.43859762115553486,0.3477160630958996,0.21368631574856556,0.3,0.3,0.4,0.45455922097018236
truthfulqa_247_best,truthfulqa,0,5,0.6546506571978161,0.023293531575746953,0.3220558112264369,0.9,0.0,0.1,0.1843214371889654
truthfulqa_143_inc_4,truthfulqa,1,5,0.4074692391307927,0.002318585190842633,0.5902121756783647,0.4,0.0,0.6,0.297424673030025
truthfulqa_75_inc_1,truthfulqa,1,5,0.0979968255240263,0.050135493076356785,0.8518676813996169,0.0,0.0,1.0,0.4760693337761652
truthfulqa_470_inc_5,truthfulqa,1,5,0.3514773160288377,0.6209338646677034,0.027588819303458856,0.4,0.6,0.0,0.6347282743194328
truthfulqa_421_inc_3,truthfulqa,1,5,0.2974328905564078,0.6980739857653789,0.004493123678213227,0.3,0.7,0.0,0.7003205476044856
truthfulqa_284_best,truthfulqa,0,5,0.4534987975610977,0.3382884757336449,0.20821272670525742,0.6,0.3,0.1,0.44239483908627364
truthfulqa_7_inc_1,truthfulqa,1,5,0.05739749788830421,0.01384548805059028,0.9287570140611056,0.0,0.0,1.0,0.47822399508114305
truthfulqa_164_corr_1,truthfulqa,0,5,0.6394899443477525,0.0038635957588531297,0.3566464598933943,0.4,0.0,0.6,0.18218682570555025
truthfulqa_100_inc_4,truthfulqa,1,5,0.6930649279274459,0.0024732514266416305,0.30446182064591243,1.0,0.0,0.0,0.15470416174959783
truthfulqa_515_best,truthfulqa,0,5,0.2920918288015133,0.3136543324135231,0.3942538387849636,0.1,0.3,0.6,0.5107812518060049
truthfulqa_296_corr_4,truthfulqa,0,5,0.17539227818110087,0.3441068250697653,0.4805008967491339,0.0,0.4,0.6,0.5843572734443323
truthfulqa_531_best,truthfulqa,0,5,0.96278942600267,0.0035670341452746024,0.03364353985205547,1.0,0.0,0.0,0.020388804071302336
truthfulqa_509_inc_4,truthfulqa,1,5,0.02587648056968712,0.08588106033939749,0.8882424590909155,0.0,0.0,1.0,0.5300022898848552
truthfulqa_591_inc_3,truthfulqa,1,5,0.37766033745662864,0.12751646451083082,0.49482319803254066,0.3,0.2,0.5,0.3749280635271012
truthfulqa_463_inc_1,truthfulqa,1,5,0.09864164986319876,0.3417676393848642,0.5595907107519371,0.0,0.3,0.7,0.6215629947608328
truthfulqa_312_best,truthfulqa,0,5,0.05296420170578475,0.03769371953936981,0.9093420787548453,0.0,0.0,1.0,0.49236475891679243
truthfulqa_385_inc_1,truthfulqa,1,5,0.10146394527347355,0.4672312893651007,0.4313047653614258,0.0,0.5,0.5,0.6828836720458136
truthfulqa_82_corr_2,truthfulqa,0,5,0.13283567496117085,0.5551336777485671,0.312030647290262,0.1,0.6,0.3,0.7111490013936981
truthfulqa_324_corr_2,truthfulqa,0,5,0.09310954603889192,0.5296007554535475,0.37728969850756056,0.0,0.7,0.3,0.7182456047073278
truthfulqa_485_corr_2,truthfulqa,0,5,0.08077968445240656,0.0554660076991591,0.8637543078484342,0.0,0.0,1.0,0.4873431616233762
truthfulqa_123_inc_0,truthfulqa,1,5,0.1855629102338585,0.10015453401986045,0.7142825557462811,0.0,0.0,1.0,0.457295811893001
truthfulqa_522_inc_2,truthfulqa,1,5,0.5410999376251378,0.303327826926291,0.1555722354485713,0.6,0.3,0.1,0.3811139446505767
truthfulqa_295_inc_6,truthfulqa,1,5,0.07762943472463031,0.5735966635799842,0.34877390169538564,0.0,0.5,0.5,0.747983614427677
truthfulqa_539_inc_0,truthfulqa,1,5,0.2927371213496596,0.016080337594464485,0.691182541055876,0.2,0.0,0.8,0.36167160812240245
truthfulqa_490_inc_2,truthfulqa,1,5,0.38609427950010305,0.015394994532155615,0.5985107259677414,0.3,0.0,0.7,0.31465035751602627
truthfulqa_119_best,truthfulqa,0,5,0.21258796136287486,0.006350842129981183,0.7810611965071439,0.1,0.0,0.9,0.3968814403835531
truthfulqa_75_best,truthfulqa,0,5,0.14266816212933545,0.009776988003216636,0.8475548498674479,0.0,0.0,1.0,0.4335544129369406
truthfulqa_56_corr_1,truthfulqa,0,5,0.06451019408225887,0.3002239281016129,0.6352658778161282,0.0,0.2,0.8,0.617856867009677
truthfulqa_334_inc_0,truthfulqa,1,5,0.08988113790111393,0.07843137103592575,0.8316874910629604,0.0,0.0,1.0,0.4942751165674059
truthfulqa_35_corr_1,truthfulqa,0,5,0.054309768401415895,0.07201188811862277,0.8736783434799612,0.1,0.0,0.9,0.5088510598586033
truthfulqa_143_inc_2,truthfulqa,1,5,0.34847354912890716,0.0074452591991408705,0.644081191671952,0.3,0.0,0.7,0.32948585503511685
truthfulqa_132_inc_1,truthfulqa,1,5,0.10509137396442125,0.6298115740795561,0.26509705195602257,0.1,0.8,0.1,0.7623601000575674
truthfulqa_513_inc_3,truthfulqa,1,5,0.05784167609837295,0.17368387092952933,0.7684744529720976,0.0,0.2,0.8,0.5579210974155782
truthfulqa_445_inc_4,truthfulqa,1,5,0.05485196565897943,0.916309356867251,0.028838677473769524,0.0,1.0,0.0,0.9307286956041357
truthfulqa_711_inc_1,truthfulqa,1,5,0.031495696205454074,0.0700769924267664,0.8984273113677796,0.0,0.0,1.0,0.5192906481106563
truthfulqa_607_inc_1,truthfulqa,1,5,0.1741220018496441,0.4134057838944381,0.4124722142559179,0.0,0.6,0.4,0.6196418910223971
truthfulqa_623_inc_2,truthfulqa,1,5,0.7397822861911504,0.003362883138804073,0.2568548306700455,0.6,0.0,0.4,0.1317902984738268
truthfulqa_716_inc_0,truthfulqa,1,5,0.0023189443687882277,0.8974285586600314,0.10025249697118062,0.0,1.0,0.0,0.9475548071456217
truthfulqa_721_corr_2,truthfulqa,0,5,0.5669098933038439,0.004208507713612879,0.4288815989825431,0.4,0.0,0.6,0.21864930720488443
truthfulqa_564_inc_1,truthfulqa,1,5,0.6178741489393753,0.33505828540998045,0.04706756565064439,0.6,0.4,0.0,0.35859206823530265
truthfulqa_224_inc_0,truthfulqa,1,5,0.298135028034613,0.5968868038054997,0.10497816815988725,0.2,0.6,0.2,0.6493758878854434
truthfulqa_108_inc_3,truthfulqa,1,5,0.1404469536891806,0.369340848741902,0.49021219756891743,0.0,0.2,0.8,0.6144469475263608
truthfulqa_480_inc_0,truthfulqa,1,5,0.4395304145447617,0.5007568978870836,0.059712687568154864,0.4,0.6,0.0,0.530613241671161
truthfulqa_144_inc_0,truthfulqa,1,5,0.19516257663817846,0.3870312942047696,0.41780612915705184,0.1,0.4,0.5,0.5959343587832955
truthfulqa_737_corr_2,truthfulqa,0,5,0.04916810071374002,0.12240052952856735,0.8284313697576927,0.0,0.0,1.0,0.5366162144074137
truthfulqa_440_inc_0,truthfulqa,1,5,0.00914484804962082,0.9628734027760835,0.0279817491742956,0.0,1.0,0.0,0.9768642773632312
truthfulqa_333_inc_3,truthfulqa,1,5,0.08002008939100672,0.22767407814580132,0.692305832463192,0.0,0.0,1.0,0.5738269943773973
truthfulqa_24_corr_2,truthfulqa,0,5,0.09574703797462632,0.24087686245217305,0.6633760995732007,0.0,0.1,0.9,0.5725649122387734
truthfulqa_597_inc_0,truthfulqa,1,5,0.030617272463581712,0.2724583631047822,0.6969243644316361,0.0,0.1,0.9,0.6209205453206003
truthfulqa_427_corr_1,truthfulqa,0,5,0.4035211229569319,0.5844085796316327,0.012070297411435272,0.4,0.6,0.0,0.5904437283373504
truthfulqa_40_inc_5,truthfulqa,1,5,0.0695770724469049,0.30030555490640104,0.630117372646694,0.0,0.2,0.8,0.615364241229748
truthfulqa_282_inc_3,truthfulqa,1,5,0.04592542735594286,0.07244994121522486,0.8816246314288323,0.0,0.0,1.0,0.513262256929641
truthfulqa_144_corr_2,truthfulqa,0,5,0.0004207767316566239,0.9906978206143823,0.008881402653960962,0.0,1.0,0.0,0.9951385219413628
truthfulqa_225_inc_0,truthfulqa,1,5,0.992206835965044,0.0012835156266537164,0.0065096484083023015,1.0,0.0,0.0,0.004538339830804867
truthfulqa_203_best,truthfulqa,0,5,0.17530123478012266,0.13211459387483585,0.6925841713450416,0.2,0.0,0.8,0.4784066795473566
truthfulqa_201_best,truthfulqa,0,5,0.07611911216755021,0.020589673453145788,0.9032912143793039,0.0,0.0,1.0,0.47223528064279774
truthfulqa_76_inc_1,truthfulqa,1,5,0.4416561388544906,0.010215711410167666,0.5481281497353419,0.2,0.0,0.8,0.28427978627783856
truthfulqa_556_inc_0,truthfulqa,1,5,0.34375956175163874,0.08985962196246877,0.5663808162858924,0.3,0.0,0.7,0.373050030105415
truthfulqa_236_inc_0,truthfulqa,1,5,0.06623972543673258,0.002659506247229937,0.9311007683160375,0.0,0.0,1.0,0.4682098904052487
truthfulqa_110_inc_0,truthfulqa,1,5,0.9891551556138207,0.00080514751267961,0.010039696873499785,1.0,0.0,0.0,0.005824995949429502
truthfulqa_311_corr_2,truthfulqa,0,5,0.07265663701145073,0.39235295177677376,0.5349904112117756,0.1,0.4,0.5,0.6598481573826616
truthfulqa_144_inc_3,truthfulqa,1,5,0.0017652007978401503,0.7723193801006004,0.22591541910155932,0.0,0.7,0.3,0.8852770896513801
truthfulqa_606_inc_1,truthfulqa,1,5,0.06067041379974292,0.06950754031535449,0.8698220458849025,0.0,0.0,1.0,0.5044185632578058
truthfulqa_291_corr_3,truthfulqa,0,5,0.11904123375044647,0.10713268028105331,0.7738260859685002,0.0,0.0,1.0,0.49404572326530344
truthfulqa_348_inc_1,truthfulqa,1,5,0.020633739568683092,0.24565719678886078,0.7337090636424561,0.0,0.0,1.0,0.6125117286100888
truthfulqa_720_corr_2,truthfulqa,0,5,0.6502596159302833,0.01518112106834876,0.334559263001368,0.9,0.0,0.1,0.18246075256903277
truthfulqa_338_corr_2,truthfulqa,0,5,0.20369135842368688,0.20981117511640474,0.5864974664599083,0.2,0.2,0.6,0.5030599083463589
truthfulqa_523_corr_1,truthfulqa,0,5,0.9539719246480244,0.001106544635261959,0.04492153071671356,1.0,0.0,0.0,0.023567309993618737
truthfulqa_466_inc_0,truthfulqa,1,5,0.12966337137321923,0.8476672522447519,0.022669376382028844,0.1,0.9,0.0,0.8590019404357664
truthfulqa_550_inc_6,truthfulqa,1,5,0.17889525340578874,0.2739517281337095,0.5471530184605019,0.1,0.4,0.5,0.5475282373639605
truthfulqa_64_corr_0,truthfulqa,0,5,0.19842190265686951,0.32063000475554404,0.48094809258758636,0.1,0.3,0.6,0.5611040510493372
truthfulqa_689_inc_1,truthfulqa,1,5,0.5618140851444922,0.4117234464652769,0.026462468390230847,0.6,0.4,0.0,0.4249546806603923
truthfulqa_611_best,truthfulqa,0,5,0.25321274791095477,0.426450507556865,0.3203367445321803,0.3,0.4,0.3,0.5866188798229551
truthfulqa_578_corr_2,truthfulqa,0,5,0.38209276740983944,0.5796305200679313,0.03827671252222934,0.3,0.7,0.0,0.598768876329046
truthfulqa_396_best,truthfulqa,0,5,0.18184432213170468,0.7654544443925912,0.05270123347570418,0.1,0.9,0.0,0.7918050611304434
truthfulqa_144_corr_0,truthfulqa,0,5,0.0003540616669275883,0.9928687912295588,0.006777147103513477,0.0,1.0,0.0,0.9962573647813155
truthfulqa_657_inc_0,truthfulqa,1,5,0.3466996046569715,0.009781433112154963,0.6435189622308736,0.3,0.0,0.7,0.33154091422759174
truthfulqa_665_corr_2,truthfulqa,0,5,0.47264546137095464,0.30433019946404327,0.22302433916500206,0.6,0.4,0.0,0.4158423690465443
truthfulqa_264_inc_3,truthfulqa,1,5,0.010558815501250948,0.5550438132856702,0.43439737121307875,0.0,0.7,0.3,0.7722424988922096
truthfulqa_735_corr_2,truthfulqa,0,5,0.21119538135335691,0.09193240926671915,0.6968722093799239,0.1,0.0,0.9,0.4403685139566811
truthfulqa_693_corr_3,truthfulqa,0,5,0.016871848812451157,0.08674912635932047,0.8963790248282283,0.0,0.0,1.0,0.5349386387734346
truthfulqa_387_corr_1,truthfulqa,0,5,0.20786962416196847,0.339089044165257,0.4530413316727745,0.1,0.3,0.6,0.5656097100016442
truthfulqa_396_corr_1,truthfulqa,0,5,0.24537062071373789,0.614482768474716,0.14014661081154617,0.3,0.7,0.0,0.684556073880489
truthfulqa_294_inc_0,truthfulqa,1,5,0.17262446349332297,0.19508568501368231,0.6322898514929948,0.1,0.1,0.8,0.5112306107601797
truthfulqa_121_inc_1,truthfulqa,1,5,0.049854060157307326,0.8810295695553109,0.06911637028738188,0.0,0.9,0.1,0.9155877546990018
truthfulqa_584_inc_4,truthfulqa,1,5,0.23254311595581828,0.2859179902668337,0.48153889377734804,0.1,0.4,0.5,0.5266874371555077
truthfulqa_230_corr_2,truthfulqa,0,5,0.4267556867442625,0.0011362219676215256,0.572108091288116,0.4,0.0,0.6,0.28719026761167954
truthfulqa_798_corr_2,truthfulqa,0,5,0.5070042561176635,0.1914848337171815,0.301510910165155,0.5,0.2,0.3,0.342240288799759
truthfulqa_594_inc_3,truthfulqa,1,5,0.05784180628304272,0.2817645631046267,0.6603936306123306,0.0,0.3,0.7,0.611961378410792
truthfulqa_363_corr_3,truthfulqa,0,5,0.10611188612645825,0.3499142774960543,0.5439738363774873,0.0,0.2,0.8,0.621901195684798
truthfulqa_341_corr_3,truthfulqa,0,5,0.5998832037292066,0.012797830922085631,0.3873189653487078,0.3,0.0,0.7,0.20645731359643954
truthfulqa_341_best,truthfulqa,0,5,0.44698570818334604,0.3520344808620408,0.20097981095461318,0.6,0.4,0.0,0.4525243863393474
truthfulqa_673_best,truthfulqa,0,5,0.06634555781428611,0.2912826870077976,0.6423717551779162,0.0,0.3,0.7,0.6124685645967557
truthfulqa_645_corr_1,truthfulqa,0,5,0.2944191522849016,0.20435426902399878,0.5012265786910997,0.2,0.0,0.8,0.4549675583695486
truthfulqa_62_corr_0,truthfulqa,0,5,0.20557347586126892,0.16777761732029406,0.6266489068184372,0.4,0.0,0.6,0.48110207072951267
truthfulqa_420_inc_1,truthfulqa,1,5,0.07768686408301112,0.857029672143782,0.06528346377320683,0.0,0.9,0.1,0.8896714040303855
truthfulqa_46_best,truthfulqa,0,5,0.09803532815727259,0.2664572248801709,0.6355074469625566,0.0,0.2,0.8,0.5842109483614492
truthfulqa_639_corr_2,truthfulqa,0,5,0.9904583173680267,0.0004888309275736406,0.00905285170439973,1.0,0.0,0.0,0.005015256779773505
truthfulqa_318_inc_6,truthfulqa,1,5,0.04246059943899076,0.24244132916531708,0.715098071395692,0.0,0.1,0.9,0.599990364863163
truthfulqa_57_inc_2,truthfulqa,1,5,0.5107000030967501,0.0008490234502410174,0.4884509734530088,0.3,0.0,0.7,0.24507451017674542
truthfulqa_747_best,truthfulqa,0,5,0.0875953230411972,0.5008960237469982,0.41150865321180474,0.1,0.6,0.3,0.7066503503529005
truthfulqa_345_best,truthfulqa,0,5,0.01726482647421195,0.6368382020556904,0.3458969714700977,0.0,0.6,0.4,0.8097866877907393
truthfulqa_115_inc_6,truthfulqa,1,5,0.02973568497348301,0.6677184862614183,0.3025458287650988,0.0,0.8,0.2,0.8189914006439677
truthfulqa_163_corr_2,truthfulqa,0,5,0.49364762195448986,0.01686929610068611,0.48948308194482404,0.3,0.0,0.7,0.2616108370730981
truthfulqa_647_inc_3,truthfulqa,1,5,0.2986614891759898,0.6588888022222472,0.042449708601762934,0.3,0.7,0.0,0.6801136565231287
truthfulqa_578_inc_3,truthfulqa,1,5,0.5917118318614415,0.3992093743639816,0.009078793774576944,0.6,0.4,0.0,0.40374877125127007
truthfulqa_636_corr_2,truthfulqa,0,5,0.24876192070486586,0.21376570867702466,0.5374723706181095,0.3,0.2,0.5,0.4825018939860794
truthfulqa_71_inc_0,truthfulqa,1,5,0.5834668224517222,0.14789610870034786,0.2686370688479299,1.0,0.0,0.0,0.2822146431243128
truthfulqa_408_inc_3,truthfulqa,1,5,0.1156451095964118,0.41680523209893555,0.46754965830465267,0.0,0.6,0.4,0.6505800612512619
truthfulqa_185_best,truthfulqa,0,5,0.20618158254397384,0.06195307839671531,0.7318653390593108,0.3,0.0,0.7,0.42788574792637074
truthfulqa_358_best,truthfulqa,0,5,0.391073243217034,0.20912351978282423,0.39980323700014175,0.3,0.3,0.4,0.4090251382828951
truthfulqa_509_corr_4,truthfulqa,0,5,0.10406478279385575,0.018434547145735027,0.8775006700604093,0.0,0.0,1.0,0.45718488217593967
truthfulqa_73_inc_3,truthfulqa,1,5,0.29574849452643004,0.35007914582236355,0.35417235965120636,0.2,0.3,0.5,0.5271653256479667
truthfulqa_540_inc_1,truthfulqa,1,5,0.29765738831112476,0.6877314851745144,0.014611126514360992,0.3,0.7,0.0,0.6950370484316949
truthfulqa_767_inc_1,truthfulqa,1,5,0.09846304540401106,0.026721772442147206,0.8748151821538416,0.0,0.0,1.0,0.464129363519068
truthfulqa_392_inc_3,truthfulqa,1,5,0.183950578130395,0.35437761294379855,0.46167180892580645,0.2,0.4,0.4,0.5852135174067018
truthfulqa_759_inc_2,truthfulqa,1,5,0.03810179541531484,0.04096803097468702,0.9209301736099983,0.0,0.0,1.0,0.5014331177796861
truthfulqa_634_corr_1,truthfulqa,0,5,0.20728553812451006,0.3283301330470743,0.4643843288284157,0.1,0.4,0.5,0.5605222974612821
truthfulqa_283_corr_2,truthfulqa,0,5,0.6858545277796648,0.0015996852646047183,0.31254578695573054,0.8,0.0,0.2,0.15787257874247
truthfulqa_391_corr_2,truthfulqa,0,5,0.5284701647213328,0.004279886946105309,0.4672499483325618,0.6,0.0,0.4,0.2379048611123862
truthfulqa_782_corr_3,truthfulqa,0,5,0.16274901411647116,0.27784497914037565,0.5594060067431531,0.1,0.4,0.5,0.5575479825119523
truthfulqa_6_corr_0,truthfulqa,0,5,0.12057414598153098,0.37385549080701025,0.5055703632114588,0.0,0.4,0.6,0.6266406724127396
truthfulqa_744_best,truthfulqa,0,5,0.09825349215840865,0.003380204583678606,0.8983663032579127,0.0,0.0,1.0,0.45256335621263494
truthfulqa_321_corr_3,truthfulqa,0,5,0.11782872522970711,0.15764761900488228,0.7245236557654107,0.1,0.1,0.8,0.5199094468875876
truthfulqa_107_corr_2,truthfulqa,0,5,0.4158967767124112,0.020845790320790304,0.5632574329667986,0.4,0.0,0.6,0.30247450680418964
truthfulqa_684_corr_1,truthfulqa,0,5,0.7935996261514543,0.001452966607919249,0.20494740724062646,0.6,0.0,0.4,0.10392667022823247
truthfulqa_403_inc_1,truthfulqa,1,5,0.2948931733502113,0.430456652390972,0.27465017425881666,0.3,0.6,0.1,0.5677817395203804
truthfulqa_300_corr_9,truthfulqa,0,5,0.10797407403798169,0.010215954478680147,0.8818099714833381,0.1,0.0,0.9,0.45112094022034915
truthfulqa_183_inc_0,truthfulqa,1,5,0.2413783578165293,0.006018479958772076,0.7526031622246986,0.3,0.0,0.7,0.3823200610711214
truthfulqa_59_corr_2,truthfulqa,0,5,0.23925247418375006,0.021331132861212753,0.7394163929550371,0.0,0.0,1.0,0.3910393293387313
truthfulqa_284_inc_2,truthfulqa,1,5,0.31334392630895314,0.04556957504850374,0.6410864986425431,0.3,0.0,0.7,0.36611282436977527
truthfulqa_226_corr_1,truthfulqa,0,5,0.2121902425626959,0.35911940093111316,0.428690356506191,0.2,0.3,0.5,0.5734645791842087
truthfulqa_338_best,truthfulqa,0,5,0.30761839601122165,0.20625023478892004,0.4861313691998584,0.3,0.2,0.5,0.44931591938884924
truthfulqa_587_corr_2,truthfulqa,0,5,0.5767707042665293,0.058160976763161176,0.36506831897030956,0.3,0.0,0.7,0.24069513624831596
truthfulqa_125_corr_0,truthfulqa,0,5,0.36858080473322075,0.0019469076932097454,0.6294722875735695,0.0,0.0,1.0,0.31668305147999454
truthfulqa_562_best,truthfulqa,0,5,0.9695967609099524,0.005235686095943116,0.025167552994104787,1.0,0.0,0.0,0.017819462592995508
truthfulqa_303_corr_3,truthfulqa,0,5,0.30221721092194376,0.34268358036301905,0.3550992087150373,0.1,0.3,0.6,0.5202331847205377
truthfulqa_42_corr_2,truthfulqa,0,5,0.25906136241050853,0.29756379730089677,0.4433748402885948,0.1,0.2,0.7,0.5192512174451942
truthfulqa_13_corr_1,truthfulqa,0,5,0.14501848228273276,0.6496338112053361,0.20534770651193104,0.0,0.7,0.3,0.7523076644613017
truthfulqa_30_inc_0,truthfulqa,1,5,0.5956119040743197,0.3999177563124568,0.00447033961322356,0.6,0.4,0.0,0.40215292611906855
truthfulqa_87_corr_1,truthfulqa,0,5,0.10066816360034984,0.44787075307991475,0.45146108331973533,0.1,0.3,0.6,0.6736012947397825
truthfulqa_506_inc_6,truthfulqa,1,5,0.6420397361534959,0.0056796107782431295,0.3522806530682609,0.3,0.0,0.7,0.1818199373123736
truthfulqa_106_inc_0,truthfulqa,1,5,0.992547180593197,0.0009292826914996009,0.006523536715303561,1.0,0.0,0.0,0.004191051049151381
truthfulqa_473_inc_0,truthfulqa,1,5,0.08933782345991274,0.39149614904875035,0.5191660274913369,0.0,0.3,0.7,0.6510791627944188
truthfulqa_775_best,truthfulqa,0,5,0.14471368316516056,0.009008127637493583,0.8462781891973459,0.0,0.0,1.0,0.43214722223616653
truthfulqa_507_corr_2,truthfulqa,0,5,0.4557943029919203,0.004096869941804512,0.5401088270662752,0.4,0.0,0.6,0.2741512834749421
truthfulqa_353_inc_2,truthfulqa,1,5,0.3222432543124138,0.06828133981738763,0.6094754058701987,0.1,0.0,0.9,0.373019042752487
truthfulqa_35_inc_5,truthfulqa,1,5,0.3059302088391703,0.0017489066289523368,0.6923208845318773,0.3,0.0,0.7,0.347909348894891
truthfulqa_208_corr_1,truthfulqa,0,5,0.3205562276820826,0.33365580453018423,0.34578796778773324,0.3,0.4,0.3,0.5065497884240509
truthfulqa_541_corr_1,truthfulqa,0,5,0.17806682948918018,0.47206310088207826,0.34987006962874156,0.2,0.5,0.3,0.646998135696449
truthfulqa_391_inc_2,truthfulqa,1,5,0.3628044270364573,0.12944289386144012,0.5077526791021026,0.4,0.0,0.6,0.3833192334124914
truthfulqa_394_inc_4,truthfulqa,1,5,0.06815124253703157,0.2115147424622596,0.7203340150007088,0.0,0.2,0.8,0.571681749962614
truthfulqa_13_inc_1,truthfulqa,1,5,0.430821772822524,0.08008256783571918,0.4890956593417567,0.3,0.0,0.7,0.3246303975065975
truthfulqa_773_inc_4,truthfulqa,1,5,0.057910550131947444,0.1593758460861875,0.7827136037818649,0.0,0.0,1.0,0.55073264797712
truthfulqa_647_best,truthfulqa,0,5,0.7097633990869244,0.14743504241301414,0.14280155850006152,0.8,0.0,0.2,0.21883582166304488
truthfulqa_322_corr_4,truthfulqa,0,5,0.09825594358624981,0.43687304614275924,0.46487101027099104,0.0,0.5,0.5,0.6693085512782547
truthfulqa_265_best,truthfulqa,0,5,0.5207549825207659,0.09520954745605467,0.3840354700231794,0.8,0.0,0.2,0.2872272824676444
truthfulqa_463_inc_5,truthfulqa,1,5,0.24756676616527665,0.13153027568314976,0.6209029581515737,0.1,0.0,0.9,0.44198175475893664
truthfulqa_402_inc_3,truthfulqa,1,5,0.0975062193131407,0.6545831823244426,0.24791059836241672,0.0,1.0,0.0,0.778538481505651
truthfulqa_457_corr_1,truthfulqa,0,5,0.03713025691789666,0.558853904789154,0.4040158382929494,0.0,0.5,0.5,0.7608618239356286
truthfulqa_213_inc_2,truthfulqa,1,5,0.5809089009749331,0.0037496436913453516,0.4153414553337216,0.5,0.0,0.5,0.21142037135820613
truthfulqa_97_corr_1,truthfulqa,0,5,0.0049098481673126426,0.8904585979724826,0.10463155386020466,0.0,1.0,0.0,0.942774374902585
truthfulqa_276_corr_2,truthfulqa,0,5,0.3759738607921289,0.004613595720058752,0.6194125434878124,0.2,0.0,0.8,0.31431986746396495
truthfulqa_219_best,truthfulqa,0,5,0.24469748926158458,0.1538787869785862,0.6014237237598292,0.1,0.2,0.7,0.4545906488585008
truthfulqa_589_inc_1,truthfulqa,1,5,0.2964221927356886,0.4981032553975461,0.20547455186676533,0.3,0.4,0.3,0.6008405313309287
truthfulqa_752_corr_1,truthfulqa,0,5,0.448372858587457,0.025847169581151946,0.525779971831391,0.3,0.0,0.7,0.2887371554968475
truthfulqa_493_corr_1,truthfulqa,0,5,0.2798528201910125,0.1054719168219482,0.6146752629870393,0.2,0.0,0.8,0.4128095483154679
truthfulqa_101_corr_2,truthfulqa,0,5,0.6954230366374275,0.04075178806318307,0.2638251752993893,1.0,0.0,0.0,0.17266437571287774
truthfulqa_102_inc_4,truthfulqa,1,5,0.7917789503932419,0.0010270660558284466,0.2071939835509297,0.6,0.0,0.4,0.10462405783129329
truthfulqa_724_best,truthfulqa,0,5,0.353622524312603,0.4855989683063349,0.16077850738106214,0.6,0.4,0.0,0.5659882219968659
truthfulqa_177_best,truthfulqa,0,5,0.05576757498579166,0.25897628816982465,0.6852561368443837,0.1,0.3,0.6,0.6016043565920165
truthfulqa_322_inc_2,truthfulqa,1,5,0.19204828409148614,0.29125048576874923,0.5167012301397647,0.1,0.2,0.7,0.5496011008386316
truthfulqa_806_inc_0,truthfulqa,1,5,0.35411712424549063,0.5976915496195885,0.04819132613492101,0.4,0.6,0.0,0.621787212687049
truthfulqa_459_inc_0,truthfulqa,1,5,0.09975171481061196,0.36556275886097434,0.5346855263284138,0.1,0.1,0.8,0.6329055220251812
truthfulqa_243_best,truthfulqa,0,5,0.3487309208768774,0.33412097717431866,0.3171481019488039,0.2,0.4,0.4,0.49269502814872057
truthfulqa_454_best,truthfulqa,0,5,0.25271984828993405,0.11697505074897656,0.6303051009610895,0.2,0.0,0.8,0.4321276012295213
truthfulqa_297_corr_6,truthfulqa,0,5,0.19404448047914377,0.20780457656181311,0.5981509429590431,0.1,0.3,0.6,0.5068800480413347
truthfulqa_316_inc_2,truthfulqa,1,5,0.26843596330330133,0.28316245095272685,0.44840158574397176,0.2,0.2,0.6,0.5073632438247128
truthfulqa_136_inc_0,truthfulqa,1,5,0.14977112430947176,0.7667773032070297,0.08345157248349844,0.1,0.8,0.1,0.808503089448779
truthfulqa_176_inc_1,truthfulqa,1,5,0.267482606692896,0.6983669985516794,0.03415039475542465,0.3,0.7,0.0,0.7154421959293917
truthfulqa_85_inc_0,truthfulqa,1,5,0.3028785886755522,0.41069141719385654,0.28642999413059134,0.3,0.4,0.3,0.5539064142591522
truthfulqa_711_inc_2,truthfulqa,1,5,0.03644020566562893,0.06282324487663948,0.9007365494577316,0.0,0.0,1.0,0.5131915196055052
truthfulqa_342_corr_1,truthfulqa,0,5,0.19247554492942062,0.4691444039011933,0.33838005116938613,0.1,0.5,0.4,0.6383344294858864
truthfulqa_238_inc_2,truthfulqa,1,5,0.3254112897574125,0.23106938202081023,0.4435193282217772,0.1,0.3,0.6,0.45282904613169883
truthfulqa_268_inc_0,truthfulqa,1,5,0.14486882655876226,0.06082909487865597,0.7943020785625817,0.0,0.0,1.0,0.4579801341599468
truthfulqa_345_corr_1,truthfulqa,0,5,0.11975765706135547,0.31803259152191354,0.562209751416731,0.1,0.1,0.8,0.599137467230279
truthfulqa_187_inc_1,truthfulqa,1,5,0.2538222943026883,0.020589625262165463,0.7255880804351462,0.1,0.0,0.9,0.38338366547973857
truthfulqa_480_corr_1,truthfulqa,0,5,0.10648127090149229,0.8501703686516789,0.04334836044682891,0.1,0.9,0.0,0.8718445488750934
truthfulqa_564_corr_1,truthfulqa,0,5,0.6178741489393753,0.33505828540998045,0.0470675656506444,0.6,0.4,0.0,0.35859206823530265
truthfulqa_611_inc_3,truthfulqa,1,5,0.6761280998285619,0.0008381494517371564,0.3230337507197009,0.5,0.0,0.5,0.16235502481158762
truthfulqa_333_corr_1,truthfulqa,0,5,0.20944694379770618,0.2674065835569006,0.5231464726453932,0.1,0.3,0.6,0.5289798198795972
truthfulqa_391_inc_1,truthfulqa,1,5,0.15422933891771082,0.6452787434610412,0.20049191762124785,0.0,0.7,0.3,0.7455247022716651
truthfulqa_793_inc_2,truthfulqa,1,5,0.016790875126317675,0.6450875977570304,0.3381215271166519,0.0,0.7,0.3,0.8141483613153564
truthfulqa_361_best,truthfulqa,0,5,0.280973448476754,0.10858417981631256,0.6104423717069335,0.3,0.0,0.7,0.4138053656697793
truthfulqa_134_inc_0,truthfulqa,1,5,0.47702917915553067,0.05860746457374179,0.4643633562707275,0.4,0.0,0.6,0.29078914270910555
truthfulqa_701_inc_1,truthfulqa,1,5,0.09455862791797634,0.32739265791627814,0.5780487141657454,0.1,0.4,0.5,0.6164170149991508
truthfulqa_573_inc_1,truthfulqa,1,5,0.9864530384227056,0.0015069029426144486,0.012040058634679846,1.0,0.0,0.0,0.0075269322599543715
truthfulqa_201_inc_2,truthfulqa,1,5,0.1351013193434899,0.01371172924702047,0.8511869514094895,0.0,0.0,1.0,0.4393052049517652
truthfulqa_398_corr_1,truthfulqa,0,5,0.06760183577005667,0.7998619695311138,0.13253619469882955,0.0,0.9,0.1,0.8661300668805285
truthfulqa_138_inc_2,truthfulqa,1,5,0.29896169669995576,0.6730821129080605,0.027956190391983615,0.3,0.7,0.0,0.6870602081040523
truthfulqa_364_inc_4,truthfulqa,1,5,0.1656694882708309,0.4318515965778079,0.40247891515136125,0.0,0.6,0.4,0.6330910541534885
truthfulqa_710_best,truthfulqa,0,5,0.9921433436305291,0.0006801564593967607,0.007176499910074065,1.0,0.0,0.0,0.0042684064144337935
truthfulqa_153_corr_1,truthfulqa,0,5,0.004405402103248523,0.14144303207333267,0.8541515658234188,0.0,0.0,1.0,0.5685188149850421
truthfulqa_109_inc_0,truthfulqa,1,5,0.4175883175225844,0.024455037870507703,0.557956644606908,0.3,0.0,0.7,0.30343336017396166
truthfulqa_783_inc_2,truthfulqa,1,5,0.2780368478876243,0.19058234960689593,0.5313808025054797,0.3,0.1,0.6,0.4562727508596358
truthfulqa_324_corr_6,truthfulqa,0,5,0.24260376680137236,0.271862076652828,0.4855341565457997,0.3,0.1,0.6,0.5146291549257278
truthfulqa_185_corr_3,truthfulqa,0,5,0.07580040742715874,0.7056553043151315,0.21854428825770977,0.1,0.8,0.1,0.8149274484439863
truthfulqa_483_corr_1,truthfulqa,0,5,0.2546225664269191,0.30566993024775685,0.43970750332532405,0.2,0.3,0.5,0.5255236819104189
truthfulqa_301_best,truthfulqa,0,5,0.3465689992450048,0.12034319057770286,0.5330878101772925,0.1,0.2,0.7,0.3868870956663491
truthfulqa_365_inc_4,truthfulqa,1,5,0.1734491151357721,0.45415476788478115,0.3723961169794468,0.0,0.8,0.2,0.6403528263745045
truthfulqa_581_inc_4,truthfulqa,1,5,0.09228570297241347,0.4609214135782869,0.4467928834492997,0.1,0.6,0.3,0.6843178553029368
truthfulqa_486_corr_1,truthfulqa,0,5,0.23049126924106833,0.03421459739279935,0.7352941333661323,0.0,0.0,1.0,0.4018616640758655
truthfulqa_201_inc_0,truthfulqa,1,5,0.07931943058938017,0.14506402769287466,0.7756165417177452,0.0,0.0,1.0,0.5328722985517472
truthfulqa_504_best,truthfulqa,0,5,0.402321068538126,0.22014433279609608,0.37753459866577793,0.3,0.2,0.5,0.40891163212898507
truthfulqa_318_corr_2,truthfulqa,0,5,0.13275084157406045,0.22783097853614862,0.6394181798897909,0.1,0.1,0.8,0.5475400684810441
truthfulqa_664_best,truthfulqa,0,5,0.07224238133551905,0.389798745093793,0.5379588735706878,0.0,0.6,0.4,0.658778181879137
truthfulqa_44_inc_3,truthfulqa,1,5,0.06267502775314751,0.1554437522162186,0.781881220030634,0.0,0.1,0.9,0.5463843622315356
truthfulqa_454_inc_0,truthfulqa,1,5,0.17334418276483216,0.07533413530943144,0.7513216819257363,0.1,0.0,0.9,0.4509949762722996
truthfulqa_498_corr_3,truthfulqa,0,5,0.030597476914077014,0.07382018199601377,0.8955823410899093,0.0,0.0,1.0,0.5216113525409685
truthfulqa_147_corr_1,truthfulqa,0,5,0.17402236001318178,0.4458462643524143,0.3801313756344039,0.0,0.5,0.5,0.6359119521696163
truthfulqa_330_corr_1,truthfulqa,0,5,0.44369829595650295,0.39344528149334307,0.16285642255015392,0.3,0.4,0.3,0.47487349276842006
truthfulqa_705_inc_1,truthfulqa,1,5,0.3973669363655903,0.5974219562757923,0.005211107358617296,0.4,0.6,0.0,0.600027509955101
truthfulqa_568_inc_4,truthfulqa,1,5,0.29790620026037484,0.45874685955538785,0.24334694018423725,0.3,0.5,0.2,0.5804203296475064
truthfulqa_468_inc_6,truthfulqa,1,5,0.05172493121114776,0.1757981116233132,0.772476957165539,0.0,0.1,0.9,0.5620365902060827
truthfulqa_359_corr_3,truthfulqa,0,5,0.15403621453621782,0.37085085929995804,0.47511292616382417,0.1,0.4,0.5,0.6084073223818701
truthfulqa_410_corr_1,truthfulqa,0,5,0.23366956333642977,0.07045903819230705,0.695871398471263,0.0,0.0,1.0,0.41839473742793853
truthfulqa_59_best,truthfulqa,0,5,0.3472729607392446,0.018083575667042003,0.6346434635937133,0.2,0.0,0.8,0.3354053074638986
truthfulqa_146_inc_0,truthfulqa,1,5,0.15678555524618315,0.10037295354984663,0.7428414912039703,0.1,0.0,0.9,0.4717936991518318
truthfulqa_457_inc_4,truthfulqa,1,5,0.10242734234043382,0.36454697750883003,0.5330256801507361,0.0,0.4,0.6,0.6310598175841982
truthfulqa_437_corr_2,truthfulqa,0,5,0.2960453936732237,0.6935104270066037,0.01044417932017258,0.3,0.7,0.0,0.69873251666669
truthfulqa_737_corr_1,truthfulqa,0,5,0.23304845697253218,0.05326427181265096,0.7136872712148168,0.1,0.0,0.9,0.41010790742005937
truthfulqa_575_inc_2,truthfulqa,1,5,0.9823761051667036,0.0013160584315059435,0.016307836401790548,1.0,0.0,0.0,0.009469976632401218
truthfulqa_584_inc_1,truthfulqa,1,5,0.6951891429355077,0.0010706291758510599,0.3037402278886412,0.4,0.0,0.6,0.15294074312017167
truthfulqa_654_corr_2,truthfulqa,0,5,0.25521089881187187,0.2829713164375822,0.4618177847505459,0.3,0.2,0.5,0.5138802088128551
truthfulqa_2_inc_2,truthfulqa,1,5,0.10032502642400117,0.08287592244026068,0.8167990511357381,0.0,0.0,1.0,0.4912754480081297
truthfulqa_554_best,truthfulqa,0,5,0.3011398298118175,0.1012480293546667,0.5976121408335158,0.4,0.0,0.6,0.4000540997714246
truthfulqa_543_corr_1,truthfulqa,0,5,0.6248020142401997,0.003620705010377802,0.3715772807494227,0.6,0.0,0.4,0.18940934538508916
truthfulqa_540_best,truthfulqa,0,5,0.24894120246816623,0.7340276702332933,0.017031127298540637,0.2,0.8,0.0,0.7425432338825636
truthfulqa_622_inc_0,truthfulqa,1,5,0.7637553215817217,0.0032746598178248418,0.23297001860045344,0.6,0.0,0.4,0.11975966911805155
truthfulqa_804_inc_0,truthfulqa,1,5,0.058347202153319545,0.08503309817105272,0.8566196996756277,0.0,0.0,1.0,0.5133429480088666
truthfulqa_720_corr_1,truthfulqa,0,5,0.5667788117136178,0.023320682870853097,0.40990050541552925,0.4,0.0,0.6,0.22827093557861772
truthfulqa_487_inc_2,truthfulqa,1,5,0.42229138776365627,0.008535201102605191,0.5691734111337386,0.3,0.0,0.7,0.2931219066694745
truthfulqa_679_inc_5,truthfulqa,1,5,0.39356614422176844,0.5963754457449484,0.010058410033283083,0.4,0.6,0.0,0.6014046507615899
truthfulqa_145_inc_0,truthfulqa,1,5,0.3541840783692703,0.620290974968704,0.025524946662025656,0.3,0.7,0.0,0.6330534482997169
truthfulqa_251_best,truthfulqa,0,5,0.380912707706974,0.6023252472473583,0.016762045045667865,0.4,0.6,0.0,0.6107062697701922
truthfulqa_124_corr_2,truthfulqa,0,5,0.11834806594676561,0.01184895658845891,0.8698029774647755,0.1,0.0,0.9,0.4467504453208467
truthfulqa_446_inc_4,truthfulqa,1,5,0.5812141540182418,0.34416657412565943,0.07461927185609878,0.7,0.3,0.0,0.3814762100537088
truthfulqa_119_corr_1,truthfulqa,0,5,0.13043222130455176,0.029774595303957107,0.839793183391491,0.0,0.0,1.0,0.4496711869997026
truthfulqa_516_inc_0,truthfulqa,1,5,0.8993011793798462,0.0008416055654319908,0.0998572150547218,1.0,0.0,0.0,0.050770213092792886
truthfulqa_380_best,truthfulqa,0,5,0.038455466323149744,0.5455557090583889,0.4159888246184614,0.0,0.8,0.2,0.7535501213676196
truthfulqa_544_corr_2,truthfulqa,0,5,0.38614621184673326,0.599400589830473,0.014453198322793886,0.4,0.6,0.0,0.6066271889918698
truthfulqa_51_corr_3,truthfulqa,0,5,0.13347764320874816,0.04102062799044319,0.8255017288008087,0.0,0.0,1.0,0.4537714923908476
truthfulqa_762_inc_2,truthfulqa,1,5,0.16013816211669368,0.7268631988822096,0.11299863900109668,0.2,0.8,0.0,0.7833625183827579
truthfulqa_302_corr_3,truthfulqa,0,5,0.016900459511443994,0.21724252602263694,0.765857014465919,0.0,0.2,0.8,0.6001710332555965
truthfulqa_770_inc_2,truthfulqa,1,5,0.4708156609933137,0.0025802425471628983,0.5266040964595234,0.4,0.0,0.6,0.2658822907769246
truthfulqa_104_corr_0,truthfulqa,0,5,0.7942909976955157,0.001252609301064421,0.20445639300341986,1.0,0.0,0.0,0.10348080580277436
truthfulqa_530_best,truthfulqa,0,5,0.01176230078118968,0.5804594944022792,0.40777820481653115,0.0,0.6,0.4,0.7843485968105448
truthfulqa_630_corr_1,truthfulqa,0,5,0.4359531844953285,0.13536700546024197,0.42867981004442957,0.4,0.0,0.6,0.3497069104824567
truthfulqa_205_corr_2,truthfulqa,0,5,0.9934730108562416,0.0006801712858540274,0.005846817857904362,1.0,0.0,0.0,0.0036035802148062083
truthfulqa_3_corr_3,truthfulqa,0,5,0.03874639286294173,0.22945430799733746,0.7317992991397209,0.0,0.1,0.9,0.5953539575671979
truthfulqa_642_inc_4,truthfulqa,1,5,0.08698043749177754,0.0035624812107923204,0.9094570812974302,0.0,0.0,1.0,0.45829102185950743
truthfulqa_22_inc_0,truthfulqa,1,5,0.7920988627787188,0.1939614460309066,0.013939691190374675,1.0,0.0,0.0,0.20093129162609394
truthfulqa_506_inc_3,truthfulqa,1,5,0.19833137159856762,0.6723504009198533,0.12931822748157912,0.1,0.7,0.2,0.7370095146606429
truthfulqa_464_inc_3,truthfulqa,1,5,0.021994714882832198,0.3319805893467261,0.6460246957704416,0.0,0.2,0.8,0.654992937231947
truthfulqa_19_corr_7,truthfulqa,0,5,0.08486106819225424,0.05023449059871876,0.864904441209027,0.0,0.0,1.0,0.48268671120323225
truthfulqa_229_inc_0,truthfulqa,1,5,0.2471537494165938,0.2991424949538885,0.45370375562951776,0.1,0.4,0.5,0.5259943727686474
truthfulqa_314_inc_0,truthfulqa,1,5,0.2961021170585913,0.5020486465371891,0.2018492364042197,0.2,0.6,0.2,0.6029732647392989
truthfulqa_141_inc_3,truthfulqa,1,5,0.11913505456800118,0.20505611573031435,0.6758088297016844,0.1,0.2,0.7,0.5429605305811566
truthfulqa_256_corr_1,truthfulqa,0,5,0.06414070533530628,0.34653934423135185,0.589319950433342,0.0,0.3,0.7,0.6411993194480228
truthfulqa_29_best,truthfulqa,0,5,0.589561740686924,0.3993856144315754,0.011052644881500533,0.6,0.4,0.0,0.40491193687232563
truthfulqa_494_corr_1,truthfulqa,0,5,0.35741071712801115,0.46001323048652704,0.18257605238546182,0.3,0.7,0.0,0.5513012566792579
truthfulqa_275_corr_1,truthfulqa,0,5,0.1770429575802189,0.37732656724126806,0.44563047517851306,0.1,0.3,0.6,0.6001418048305246
truthfulqa_131_inc_1,truthfulqa,1,5,0.04347418727403888,0.5356065073453034,0.4209193053806578,0.0,0.6,0.4,0.7460661600356322
truthfulqa_505_inc_9,truthfulqa,1,5,0.009008692715601025,0.7313019734740684,0.2596893338103305,0.0,0.7,0.3,0.8611466403792337
truthfulqa_630_inc_1,truthfulqa,1,5,0.034715774517913536,0.29637650644636543,0.6689077190357209,0.0,0.2,0.8,0.6308303659642258
truthfulqa_513_corr_1,truthfulqa,0,5,0.07911356402366237,0.07321533664475616,0.8476710993315816,0.0,0.0,1.0,0.49705088631054695
truthfulqa_612_corr_1,truthfulqa,0,5,0.39513872002559003,0.00888899097462456,0.5959722889997854,0.2,0.0,0.8,0.3068751354745172
truthfulqa_284_corr_1,truthfulqa,0,5,0.34411399084446703,0.21563815096776554,0.4402478581877675,0.4,0.2,0.4,0.4357620800616493
truthfulqa_664_inc_2,truthfulqa,1,5,0.08298848026045316,0.30288157339641264,0.6141299463431343,0.0,0.2,0.8,0.6099465465679799
truthfulqa_323_inc_3,truthfulqa,1,5,0.14324004478078328,0.3459354856002594,0.5108244696189573,0.1,0.2,0.7,0.601347720409738
truthfulqa_5_inc_2,truthfulqa,1,5,0.20219343474653534,0.42641756283877025,0.3713890024146945,0.1,0.4,0.5,0.6121120640461175
truthfulqa_738_inc_3,truthfulqa,1,5,0.24221484864530973,0.0111255759307864,0.7466595754239038,0.1,0.0,0.9,0.3844553636427383
truthfulqa_355_best,truthfulqa,0,5,0.08167293037014771,0.4820257032208528,0.4363013664089995,0.0,0.5,0.5,0.7001763864253525
truthfulqa_253_corr_2,truthfulqa,0,5,0.24442560758165813,0.1678009583227923,0.5877734340955496,0.1,0.0,0.9,0.4616876753705671
truthfulqa_752_inc_2,truthfulqa,1,5,0.0126276385807866,0.11582648818550301,0.8715458732337105,0.0,0.1,0.9,0.5515994248023582
truthfulqa_341_inc_3,truthfulqa,1,5,0.39936454511164104,0.005812880273532279,0.5948225746148268,0.7,0.0,0.3,0.30322416758094567
truthfulqa_121_inc_2,truthfulqa,1,5,0.1447226030676623,0.7934858052638838,0.06179159166845388,0.1,0.8,0.1,0.8243816010981108
truthfulqa_387_best,truthfulqa,0,5,0.04338731430600416,0.5366179192352487,0.4199947664587473,0.0,0.6,0.4,0.7466153024646224
truthfulqa_520_corr_1,truthfulqa,0,5,0.9646409878786144,0.0020217539914147665,0.033337258129970584,1.0,0.0,0.0,0.01869038305640006
truthfulqa_602_best,truthfulqa,0,5,0.02791331888208324,0.14759038964941593,0.824496291468501,0.0,0.1,0.9,0.5598385353836665
truthfulqa_573_inc_8,truthfulqa,1,5,0.9837382190995326,0.0016194474448634067,0.014642333455603864,1.0,0.0,0.0,0.008940614172665338
truthfulqa_615_corr_2,truthfulqa,0,5,0.5695125978328706,0.013489705816202124,0.4169976963509273,0.6,0.0,0.4,0.22198855399166578
truthfulqa_41_inc_0,truthfulqa,1,5,0.34337395982440244,0.05708612446462247,0.5995399157109752,0.3,0.0,0.7,0.35685608232011007
truthfulqa_375_inc_0,truthfulqa,1,5,0.312762564582973,0.09102965740155329,0.5962077780154738,0.3,0.0,0.7,0.38913354640929015
truthfulqa_745_best,truthfulqa,0,5,0.25080880765153823,0.5739789832141421,0.17521220913431973,0.1,0.6,0.3,0.661585087781302
truthfulqa_451_inc_1,truthfulqa,1,5,0.2048604700745973,0.24409188165198104,0.5510476482734216,0.1,0.3,0.6,0.5196157057886919
truthfulqa_635_best,truthfulqa,0,5,0.009343946797205327,0.3994969580799022,0.5911590951228924,0.0,0.5,0.5,0.6950765056413484
truthfulqa_606_best,truthfulqa,0,5,0.05719369307989526,0.1557676015251509,0.7870387053949538,0.0,0.0,1.0,0.5492869542226277
truthfulqa_210_inc_2,truthfulqa,1,5,0.29700418046281296,0.6978616222794412,0.005134197257745902,0.3,0.7,0.0,0.7004287209083141
truthfulqa_90_inc_1,truthfulqa,1,5,0.7905790932014221,0.0006362451759611175,0.20878466162261683,0.6,0.0,0.4,0.10502857598726953
truthfulqa_289_inc_0,truthfulqa,1,5,0.2113005592196186,0.15697326096282926,0.6317261798175522,0.1,0.0,0.9,0.47283635087160536
truthfulqa_311_best,truthfulqa,0,5,0.18217722737851477,0.6180498447651346,0.19977292785635062,0.2,0.6,0.2,0.7179363086933099
truthfulqa_488_inc_2,truthfulqa,1,5,0.05443172255250175,0.07615255949648722,0.869415717951011,0.0,0.0,1.0,0.5108604184719927
truthfulqa_481_best,truthfulqa,0,5,0.11427910257765364,0.8689860608562692,0.016734836566077278,0.1,0.9,0.0,0.8773534791393078
truthfulqa_813_inc_0,truthfulqa,1,5,0.2540729675425914,0.2299592341836359,0.5159677982737727,0.1,0.4,0.5,0.48794313332052225
truthfulqa_586_inc_0,truthfulqa,1,5,0.15963605688434904,0.16569439164111144,0.6746695514745396,0.0,0.2,0.8,0.5030291673783812
truthfulqa_732_inc_0,truthfulqa,1,5,0.2999167124881047,0.02465511846156441,0.675428169050331,0.2,0.0,0.8,0.3623692029867299
truthfulqa_23_best,truthfulqa,0,5,0.0060103224187369655,0.5021892839362028,0.4918003936450601,0.0,0.4,0.6,0.7480894807587328
truthfulqa_16_corr_4,truthfulqa,0,5,0.011713778036139143,0.07050970982191265,0.9177765121419483,0.0,0.0,1.0,0.5293979658928868
truthfulqa_590_best,truthfulqa,0,5,0.03864700496104011,0.6943420148668072,0.2670109801721527,0.0,0.9,0.1,0.8278475049528836
truthfulqa_751_best,truthfulqa,0,5,0.3138406434480089,0.09753126081832955,0.5886280957336616,0.3,0.1,0.6,0.3918453086851603
truthfulqa_171_best,truthfulqa,0,5,0.045698354474912856,0.026501464991078673,0.9278001805340086,0.0,0.0,1.0,0.490401555258083
truthfulqa_80_corr_3,truthfulqa,0,5,0.39780399636397057,0.36874119147689804,0.23345481215913133,0.2,0.4,0.4,0.4854685975564637
truthfulqa_668_corr_1,truthfulqa,0,5,0.08143909565471379,0.09871898585700752,0.8198419184882788,0.1,0.0,0.9,0.508639945101147
truthfulqa_550_inc_4,truthfulqa,1,5,0.012717604836601115,0.5480491815886898,0.4392332135747091,0.0,0.5,0.5,0.7676657883760443
truthfulqa_77_inc_1,truthfulqa,1,5,0.0036478092486572277,0.2838316079969069,0.7125205827544359,0.0,0.2,0.8,0.6400918993741248
truthfulqa_489_inc_3,truthfulqa,1,5,0.023912737839561517,0.1520295102050024,0.8240577519554361,0.0,0.1,0.9,0.5640583861827204
truthfulqa_402_corr_1,truthfulqa,0,5,0.05085746904347225,0.5861798227584891,0.3629627081980387,0.0,0.8,0.2,0.7676611768575085
truthfulqa_139_inc_0,truthfulqa,1,5,0.23801435207040883,0.029310793987773587,0.7326748539418176,0.3,0.0,0.7,0.3956482209586824
truthfulqa_165_best,truthfulqa,0,5,0.7363737132426701,0.0015704587177293775,0.26205582803960065,1.0,0.0,0.0,0.1325983727375297
truthfulqa_114_inc_2,truthfulqa,1,5,0.6964513279202514,0.020848380636767576,0.2827002914429809,1.0,0.0,0.0,0.16219852635825804
truthfulqa_223_inc_2,truthfulqa,1,5,0.29203924377678037,0.014825339182337671,0.693135417040882,0.1,0.0,0.9,0.3613930477027787
truthfulqa_206_inc_2,truthfulqa,1,5,0.22919861475889397,0.492021951160812,0.278779434080294,0.3,0.5,0.2,0.631411668200959
truthfulqa_203_corr_0,truthfulqa,0,5,0.32753507617192207,0.08731923717551252,0.5851456866525655,0.3,0.0,0.7,0.37989208050179524
truthfulqa_687_inc_1,truthfulqa,1,5,0.08137464462756408,0.6987250674054033,0.21990028796703265,0.0,0.7,0.3,0.8086752113889196
truthfulqa_306_inc_4,truthfulqa,1,5,0.16516520085831837,0.30622278667582536,0.5286120124658563,0.0,0.3,0.7,0.5705287929087535
truthfulqa_98_corr_2,truthfulqa,0,5,0.5553376280766594,0.05555758200636084,0.38910478991697983,0.6,0.0,0.4,0.25010997696485077
truthfulqa_3_inc_2,truthfulqa,1,5,0.12203690610862725,0.4514435130087671,0.42651958088260555,0.0,0.5,0.5,0.6647033034500699
truthfulqa_547_corr_2,truthfulqa,0,5,0.04065673966273814,0.9390206734014381,0.020322586935823877,0.0,1.0,0.0,0.9491819668693501
truthfulqa_147_corr_0,truthfulqa,0,5,0.40994676085435106,0.3382538286541704,0.2517994104914784,0.3,0.3,0.4,0.46415353389990965
truthfulqa_780_corr_1,truthfulqa,0,5,0.12359791064620132,0.6582614461674113,0.21814064318638748,0.1,0.8,0.1,0.7673317677606051
truthfulqa_213_best,truthfulqa,0,5,0.5486028502598471,0.007278413546905947,0.444118736193247,0.5,0.0,0.5,0.22933778164352944
truthfulqa_505_best,truthfulqa,0,5,0.0929456119128716,0.8318208773942708,0.07523351069285758,0.1,0.9,0.0,0.8694376327406996
truthfulqa_657_best,truthfulqa,0,5,0.08504989807575089,0.003705558017548101,0.9112445439067012,0.0,0.0,1.0,0.4593278299708987
truthfulqa_238_corr_1,truthfulqa,0,5,0.3006900190818695,0.24479084750310118,0.4545191334150294,0.2,0.3,0.5,0.4720504142106159
truthfulqa_746_best,truthfulqa,0,5,0.7226419017992853,0.005102675649607432,0.27225542255110713,1.0,0.0,0.0,0.141230386925161
truthfulqa_544_inc_2,truthfulqa,1,5,0.2885559822057462,0.6952273899098363,0.01621662788441756,0.3,0.7,0.0,0.7033357038520451
truthfulqa_161_best,truthfulqa,0,5,0.7018967850912086,0.0010106617273920523,0.2970925531813992,1.0,0.0,0.0,0.14955693831809166
truthfulqa_731_best,truthfulqa,0,5,0.5210229297787092,0.0010022312987634475,0.4779748389225274,0.4,0.0,0.6,0.23998965076002715
truthfulqa_481_inc_0,truthfulqa,1,5,0.09960228661882148,0.8890229582192835,0.011374755161895251,0.1,0.9,0.0,0.8947103358002311
truthfulqa_141_inc_2,truthfulqa,1,5,0.25098278374150046,0.04461678929090987,0.7044004269675898,0.2,0.0,0.8,0.3968170027747048
truthfulqa_807_best,truthfulqa,0,5,0.4504363514229259,0.3960178378330937,0.15354581074398044,0.6,0.4,0.0,0.4727907432050839
truthfulqa_549_inc_0,truthfulqa,1,5,0.008457111197774763,0.4913564440755245,0.5001864447267008,0.0,0.5,0.5,0.7414496664388749
truthfulqa_696_corr_1,truthfulqa,0,5,0.23871011344291687,0.016539738247215694,0.7447501483098675,0.2,0.0,0.8,0.3889148124021495
truthfulqa_273_corr_2,truthfulqa,0,5,0.2250609404800671,0.04522963257242967,0.7297094269475032,0.0,0.0,1.0,0.41008434604618127
truthfulqa_724_inc_0,truthfulqa,1,5,0.24145773299374124,0.4335041379752712,0.3250381290309875,0.2,0.4,0.4,0.596023202490765
truthfulqa_752_best,truthfulqa,0,5,0.34193742386715215,0.17297328253996666,0.4850892935928811,0.0,0.2,0.8,0.4155179293364072
truthfulqa_550_inc_1,truthfulqa,1,5,0.017998149100742326,0.539258407755647,0.44274344314361047,0.0,0.5,0.5,0.7606301293274522
truthfulqa_252_inc_0,truthfulqa,1,5,0.06293332423858297,0.41571683487877165,0.5213498408826454,0.0,0.4,0.6,0.6763917553200943
truthfulqa_360_inc_0,truthfulqa,1,5,0.2723231049824188,0.20694118669522207,0.5207357083223589,0.2,0.3,0.5,0.46730904085640157
truthfulqa_445_inc_1,truthfulqa,1,5,0.0021617727560364936,0.9915482100127526,0.006290017231211055,0.0,1.0,0.0,0.9946932186283581
truthfulqa_482_corr_1,truthfulqa,0,5,0.05489060551995213,0.09405108124749428,0.8510583132325535,0.0,0.0,1.0,0.519580237863771
truthfulqa_179_inc_2,truthfulqa,1,5,0.845026661669926,0.03564196356569226,0.11933137476438171,1.0,0.0,0.0,0.09530765094788313
truthfulqa_377_best,truthfulqa,0,5,0.3413669760442066,0.013336955509161261,0.645296068446632,0.2,0.0,0.8,0.33598498973247726
truthfulqa_733_best,truthfulqa,0,5,0.021615603192190226,0.16319470315261592,0.8151896936551939,0.0,0.0,1.0,0.5707895499802129
truthfulqa_567_inc_3,truthfulqa,1,5,0.4266807804151519,0.3351838159508318,0.23813540363401628,0.6,0.4,0.0,0.45425151776783995
truthfulqa_523_inc_4,truthfulqa,1,5,0.9539719246480244,0.001106544635261959,0.04492153071671356,1.0,0.0,0.0,0.023567309993618737
truthfulqa_476_inc_0,truthfulqa,1,5,0.12409318109243658,0.48182658959641583,0.39408022931114756,0.1,0.3,0.6,0.6788667042519896
truthfulqa_358_inc_2,truthfulqa,1,5,0.5284672272129283,0.013069356832218802,0.45846341595485296,0.6,0.0,0.4,0.24230106480964528
truthfulqa_484_corr_3,truthfulqa,0,5,0.03473972087857728,0.2265254173169267,0.738734861804496,0.0,0.1,0.9,0.5958928482191748
truthfulqa_528_inc_3,truthfulqa,1,5,0.9733894219841546,0.0010630685322256513,0.0255475094836199,1.0,0.0,0.0,0.013836823274035601
truthfulqa_726_best,truthfulqa,0,5,0.4798019139890065,0.04242770795615627,0.47777037805483735,0.2,0.0,0.8,0.2813128969835749
truthfulqa_368_corr_1,truthfulqa,0,5,0.087368834009145,0.4509083841600322,0.4617227818308228,0.0,0.4,0.6,0.6817697750754437
truthfulqa_295_corr_3,truthfulqa,0,5,0.37797463088889033,0.3268203459027198,0.2952050232083899,0.3,0.3,0.4,0.47442285750691476
truthfulqa_287_best,truthfulqa,0,5,0.17025440926645016,0.005083551408531782,0.8246620393250179,0.1,0.0,0.9,0.41741457107104074
truthfulqa_443_corr_4,truthfulqa,0,5,0.39209792748740663,0.5988805449668623,0.009021527545731245,0.4,0.6,0.0,0.6033913087397279
truthfulqa_33_best,truthfulqa,0,5,0.30014373246973236,0.03788032888659267,0.6619759386436749,0.1,0.0,0.9,0.3688682982084301
truthfulqa_117_corr_0,truthfulqa,0,5,0.5498547169122959,0.011809589065249126,0.438335694022455,0.6,0.0,0.4,0.2309774360764766
truthfulqa_351_corr_2,truthfulqa,0,5,0.15006914305636132,0.37453790838442214,0.47539294855921677,0.0,0.4,0.6,0.6122343826640305
truthfulqa_140_inc_4,truthfulqa,1,5,0.10174575860261222,0.23121761027089388,0.667036631126494,0.0,0.4,0.6,0.5647359258341409
truthfulqa_297_inc_0,truthfulqa,1,5,0.01683980504807488,0.6477064503206584,0.33545374463126676,0.0,0.8,0.2,0.8154333226362918
truthfulqa_446_corr_1,truthfulqa,0,5,0.21849828727451698,0.7513550741283103,0.030146638597172638,0.2,0.8,0.0,0.7664283934268966
truthfulqa_302_inc_2,truthfulqa,1,5,0.048623000450951845,0.448284039045717,0.5030929605033311,0.0,0.5,0.5,0.6998305192973826
truthfulqa_386_corr_2,truthfulqa,0,5,0.09579135265824079,0.39123419838167384,0.5129744489600853,0.0,0.4,0.6,0.6477214228617165
truthfulqa_436_corr_1,truthfulqa,0,5,0.9753199613044912,0.001619636701425696,0.023060401994083258,1.0,0.0,0.0,0.013149837698467325
truthfulqa_59_inc_2,truthfulqa,1,5,0.3101043199395232,0.01578414346403113,0.6741115365964456,0.0,0.0,1.0,0.35283991176225393
truthfulqa_363_best,truthfulqa,0,5,0.20913274661248166,0.27715490226174305,0.5137123511257753,0.2,0.1,0.7,0.5340110778246308
truthfulqa_454_inc_10,truthfulqa,1,5,0.30374627726505377,0.12142704266924617,0.5748266800657001,0.3,0.0,0.7,0.4088403827020962
truthfulqa_328_corr_3,truthfulqa,0,5,0.9285877425623184,0.002247933533014292,0.0691643239046673,1.0,0.0,0.0,0.03683009548534794
truthfulqa_653_best,truthfulqa,0,5,0.30317824348619,0.3829486810242686,0.3138730754895414,0.3,0.6,0.1,0.5398852187690393
truthfulqa_491_inc_4,truthfulqa,1,5,0.15195573537886503,0.364468437633704,0.48357582698743096,0.1,0.3,0.6,0.6062563511274195
truthfulqa_103_inc_0,truthfulqa,1,5,0.9738248130327254,0.001269066771091644,0.02490612019618298,1.0,0.0,0.0,0.013722126869183135
truthfulqa_20_inc_2,truthfulqa,1,5,0.13865608746196165,0.001803156981833802,0.8595407555562046,0.1,0.0,0.9,0.4315735347599361
truthfulqa_413_inc_0,truthfulqa,1,5,0.8001223268966766,0.02942977150852159,0.17044790159480186,1.0,0.0,0.0,0.11465372230592252
truthfulqa_421_corr_2,truthfulqa,0,5,0.29830537925535444,0.6980279057373333,0.003666715007312272,0.3,0.7,0.0,0.6998612632409894
truthfulqa_736_corr_1,truthfulqa,0,5,0.10726485202924907,0.14996625488372328,0.7427688930870276,0.0,0.0,1.0,0.5213507014272372
truthfulqa_644_inc_0,truthfulqa,1,5,0.31833252040399723,0.4843058917400066,0.19736158785599614,0.3,0.7,0.0,0.5829866856680047
truthfulqa_175_corr_1,truthfulqa,0,5,0.11139624688917002,0.8043157417514972,0.08428801135933262,0.1,0.8,0.1,0.8464597474311635
truthfulqa_57_inc_3,truthfulqa,1,5,0.4738244732355745,0.015582183383627235,0.5105933433807983,0.3,0.0,0.7,0.27087885507402637
truthfulqa_108_corr_2,truthfulqa,0,5,0.48662472268204715,0.010579209691222249,0.5027960676267306,0.2,0.0,0.8,0.2619772435045875
truthfulqa_319_corr_3,truthfulqa,0,5,0.1866606810588783,0.18955594485527288,0.6237833740858487,0.0,0.1,0.9,0.5014476318981973
truthfulqa_38_inc_5,truthfulqa,1,5,0.9863394669366821,0.0006368729167992198,0.01302366014651855,1.0,0.0,0.0,0.007148702990058495
truthfulqa_471_corr_3,truthfulqa,0,5,0.2051160426668388,0.7796097826007953,0.015274174732365892,0.2,0.8,0.0,0.7872468699669782
truthfulqa_733_corr_2,truthfulqa,0,5,0.0888407734571379,0.05611367557357535,0.8550455509692869,0.0,0.0,1.0,0.4836364510582188
truthfulqa_79_best,truthfulqa,0,5,0.38017408395933006,0.04989747163943849,0.5699284444012316,0.3,0.0,0.7,0.33486169384005426
truthfulqa_307_corr_1,truthfulqa,0,5,0.09199305663377053,0.06985810830713922,0.8381488350590903,0.0,0.1,0.9,0.4889325258366844
truthfulqa_608_best,truthfulqa,0,5,0.05952661269190727,0.023213521042436618,0.9172598662656561,0.0,0.0,1.0,0.4818434541752647
truthfulqa_437_best,truthfulqa,0,5,0.099600545412893,0.8925870130533662,0.007812441533740828,0.1,0.9,0.0,0.8964932338202366
truthfulqa_621_best,truthfulqa,0,5,0.6955915945828824,0.0016048133123225897,0.302803592104795,0.8,0.0,0.2,0.1530066093647201
truthfulqa_115_corr_4,truthfulqa,0,5,0.21889341204108237,0.5000721665735417,0.28103442138537593,0.2,0.6,0.2,0.6405893772662297
truthfulqa_788_inc_1,truthfulqa,1,5,0.2419998618659708,0.36794894969038944,0.3900511884436398,0.2,0.4,0.4,0.5629745439122094
truthfulqa_273_corr_3,truthfulqa,0,5,0.1196995027575202,0.0045691990472183945,0.8757312981952614,0.0,0.0,1.0,0.4424348481448491
truthfulqa_119_inc_1,truthfulqa,1,5,0.06394542000520659,0.03579301747338679,0.9002615625214065,0.0,0.0,1.0,0.4859237987340901
truthfulqa_553_inc_1,truthfulqa,1,5,0.22968262802836453,0.06519937288891013,0.7051179990827253,0.1,0.0,0.9,0.4177583724302728
truthfulqa_394_best,truthfulqa,0,5,0.19537409347177986,0.2369195028339747,0.5677064036942454,0.2,0.1,0.7,0.5207727046810974
truthfulqa_285_corr_3,truthfulqa,0,5,0.12276253363900824,0.027112895368943596,0.8501245709920482,0.0,0.0,1.0,0.45217518086496766
truthfulqa_235_corr_1,truthfulqa,0,5,0.060495779977205025,0.1525836770892095,0.7869205429335855,0.0,0.0,1.0,0.5460439485560022
truthfulqa_139_inc_4,truthfulqa,1,5,0.15257651958124555,0.0945942721452452,0.7528292082735093,0.1,0.0,0.9,0.47100887628199983
truthfulqa_416_inc_1,truthfulqa,1,5,0.1929213591493749,0.3815289708343706,0.42554967001625454,0.1,0.4,0.5,0.5943038058424979
truthfulqa_551_inc_9,truthfulqa,1,5,0.143729901259951,0.21122239700742843,0.6450477017326206,0.0,0.2,0.8,0.5337462478737387
truthfulqa_374_best,truthfulqa,0,5,0.0612524236615319,0.3116346235713218,0.6271129527671462,0.1,0.3,0.6,0.6251910999548949
truthfulqa_521_inc_0,truthfulqa,1,5,0.9678934619363648,0.0010290944661615303,0.03107744359747359,1.0,0.0,0.0,0.016567816264898325
truthfulqa_646_inc_1,truthfulqa,1,5,0.7782124469449833,0.017676421873113263,0.20411113118190344,0.6,0.0,0.4,0.11973198746406498
truthfulqa_605_corr_1,truthfulqa,0,5,0.3286516279699552,0.5325952039381248,0.13875316809192012,0.4,0.6,0.0,0.6019717879840848
truthfulqa_345_corr_3,truthfulqa,0,5,0.06267758268158544,0.5013305066321083,0.43599191068630627,0.1,0.4,0.5,0.7193264619752615
truthfulqa_324_corr_4,truthfulqa,0,5,0.13646490137056128,0.3238164097127434,0.5397186889166953,0.0,0.3,0.7,0.5936757541710911
truthfulqa_649_inc_1,truthfulqa,1,5,0.3035470296543677,0.5964697550999055,0.09998321524572672,0.4,0.6,0.0,0.6464613627227689
truthfulqa_806_corr_1,truthfulqa,0,5,0.5069307530976718,0.44171844797077764,0.051350798931550604,0.6,0.4,0.0,0.46739384743655293
truthfulqa_730_corr_2,truthfulqa,0,5,0.9864461222088915,0.001434460411693365,0.012119417379414988,1.0,0.0,0.0,0.007494169101400858
truthfulqa_364_corr_1,truthfulqa,0,5,0.15194779472152198,0.24438598804000128,0.6036662172384768,0.0,0.0,1.0,0.5462190966592397
truthfulqa_399_inc_1,truthfulqa,1,5,0.09021885943460914,0.4056044198874515,0.5041767206779394,0.1,0.3,0.6,0.6576927802264212
truthfulqa_754_corr_1,truthfulqa,0,5,0.43023580718791415,0.45311781810903956,0.11664637470304626,0.3,0.7,0.0,0.5114410054605627
truthfulqa_484_corr_1,truthfulqa,0,5,0.12243056969364244,0.15845387254986296,0.7191155577564945,0.0,0.0,1.0,0.5180116514281102
truthfulqa_37_inc_0,truthfulqa,1,5,0.19825199324352943,0.7977562350896031,0.003991771666867622,0.2,0.8,0.0,0.7997521209230369
truthfulqa_442_inc_3,truthfulqa,1,5,0.0969602369254883,0.8656333779325287,0.03740638514198307,0.1,0.9,0.0,0.8843365705035202
truthfulqa_403_corr_3,truthfulqa,0,5,0.2447536193391749,0.4268155340551657,0.32843084660565935,0.3,0.6,0.1,0.5910309573579954
truthfulqa_90_best,truthfulqa,0,5,0.34309871450155127,0.0560153221295811,0.6008859633688676,0.3,0.0,0.7,0.3564583038140149
truthfulqa_169_inc_3,truthfulqa,1,5,0.645430619904292,0.012270920703539724,0.3422984593921683,0.4,0.0,0.6,0.18342015039962387
truthfulqa_390_corr_2,truthfulqa,0,5,0.11640141374217605,0.29282350628617804,0.5907750799716459,0.1,0.2,0.7,0.5882110462720009
truthfulqa_506_inc_4,truthfulqa,1,5,0.5922131407795662,0.013714631433035297,0.39407222778739853,0.3,0.0,0.7,0.21075074532673457
truthfulqa_291_best,truthfulqa,0,5,0.15801094436574917,0.2678874623338986,0.5741015933003522,0.1,0.4,0.5,0.5549382589840747
truthfulqa_293_best,truthfulqa,0,5,0.5459587922002986,0.09221058985480185,0.3618306179448995,0.7,0.0,0.3,0.2731258988272516
truthfulqa_491_inc_1,truthfulqa,1,5,0.4965494464285105,0.0035888423610843864,0.49986171121040507,0.4,0.0,0.6,0.2535196979662869
truthfulqa_677_corr_2,truthfulqa,0,5,0.603882239340107,0.010537866195716589,0.3855798944641765,0.6,0.0,0.4,0.20332781342780484
truthfulqa_206_inc_0,truthfulqa,1,5,0.04340347092808775,0.9239190396511259,0.032677489420786396,0.0,1.0,0.0,0.9402577843615191
truthfulqa_224_inc_2,truthfulqa,1,5,0.24934965161432085,0.5935648787030496,0.15708546968262949,0.2,0.6,0.2,0.6721076135443644
truthfulqa_44_inc_0,truthfulqa,1,5,0.04246195706057748,0.31618684367876104,0.6413511992606615,0.0,0.4,0.6,0.6368624433090918
truthfulqa_30_inc_1,truthfulqa,1,5,0.05056364461131644,0.8979592134480257,0.05147714194065793,0.1,0.9,0.0,0.9236977844183546
truthfulqa_56_best,truthfulqa,0,5,0.05321947394376514,0.08761132396649914,0.8591692020897357,0.0,0.0,1.0,0.517195925011367
truthfulqa_213_corr_1,truthfulqa,0,5,0.4510783158118647,0.021845403739083172,0.5270762804490522,0.3,0.0,0.7,0.28538354396360927
truthfulqa_549_inc_2,truthfulqa,1,5,0.15946232332680982,0.613073890062882,0.22746378661030814,0.1,0.7,0.2,0.7268057833680361
truthfulqa_447_best,truthfulqa,0,5,0.1494770297205433,0.7019161612870011,0.14860680899245554,0.1,0.8,0.1,0.7762195657832288
truthfulqa_16_corr_6,truthfulqa,0,5,0.3112208807643194,0.02108154366137546,0.667697575574305,0.3,0.0,0.7,0.3549303314485279
truthfulqa_103_inc_3,truthfulqa,1,5,0.9738248130327255,0.001269066771091644,0.024906120196182983,1.0,0.0,0.0,0.013722126869183136
truthfulqa_489_best,truthfulqa,0,5,0.02427686579740489,0.11357895831168034,0.8621441758909147,0.0,0.0,1.0,0.5446510462571377
truthfulqa_520_inc_3,truthfulqa,1,5,0.9743410303857724,0.0023890962517526607,0.023269873362474797,1.0,0.0,0.0,0.014024032932990059
truthfulqa_743_inc_1,truthfulqa,1,5,0.0994785928609956,0.026368941922771987,0.8741524652162325,0.1,0.0,0.9,0.46344517453088824
truthfulqa_636_corr_1,truthfulqa,0,5,0.2222264278687839,0.2988375370934513,0.4789360350377647,0.4,0.3,0.3,0.5383055546123336
truthfulqa_568_inc_2,truthfulqa,1,5,0.7821040747613655,0.0052173610888952855,0.21267856414973943,0.6,0.0,0.4,0.111556643163765
truthfulqa_530_corr_3,truthfulqa,0,5,0.006495664600830309,0.629126198711758,0.3643781366874116,0.0,0.7,0.3,0.8113152670554638
truthfulqa_279_inc_2,truthfulqa,1,5,0.5363094285725626,0.05217848587345221,0.4115120855539852,0.4,0.1,0.5,0.2579345286504448
truthfulqa_113_inc_2,truthfulqa,1,5,0.9790636255060147,0.0008126028269731425,0.02012377166701223,1.0,0.0,0.0,0.010874488660479256
truthfulqa_62_inc_2,truthfulqa,1,5,0.24655222999662074,0.3577379242257043,0.39570984577767493,0.2,0.6,0.2,0.5555928471145417
truthfulqa_131_corr_2,truthfulqa,0,5,0.09916179371014514,0.8957919521115076,0.005046254178347163,0.1,0.9,0.0,0.8983150792006812
truthfulqa_131_inc_0,truthfulqa,1,5,0.05198874824197821,0.674141284246287,0.2738699675117347,0.0,0.8,0.2,0.8110762680021544
truthfulqa_642_inc_1,truthfulqa,1,5,0.14252055838544567,0.010975656574844074,0.8465037850397102,0.0,0.0,1.0,0.4342275490946992
truthfulqa_694_inc_2,truthfulqa,1,5,0.10671620636042563,0.20145221354099246,0.6918315800985819,0.0,0.2,0.8,0.5473680035902835
truthfulqa_188_corr_2,truthfulqa,0,5,0.13872919151491506,0.01025077005206759,0.8510200384330172,0.1,0.0,0.9,0.4357607892685762
truthfulqa_559_corr_2,truthfulqa,0,5,0.5852915804908094,0.3996581685226094,0.015050250986581032,0.6,0.4,0.0,0.4071832940158999
truthfulqa_356_inc_2,truthfulqa,1,5,0.1673717184670127,0.1519967634146808,0.6806315181183066,0.0,0.0,1.0,0.49231252247383406
truthfulqa_382_best,truthfulqa,0,5,0.11045887077519659,0.8032719231481081,0.08626920607669517,0.1,0.9,0.0,0.8464065261864557
truthfulqa_643_inc_2,truthfulqa,1,5,0.9918109328776051,0.0005203342456898713,0.007668732876704952,1.0,0.0,0.0,0.0043547006840423475
truthfulqa_565_inc_1,truthfulqa,1,5,0.6018383197681926,0.38319375682609635,0.014967923405711039,0.6,0.4,0.0,0.3906777185289519
truthfulqa_331_corr_4,truthfulqa,0,5,0.17575805220062032,0.27350377410946825,0.5507381736899112,0.0,0.2,0.8,0.5488728609544238
truthfulqa_582_corr_1,truthfulqa,0,5,0.3445373084891031,0.49931795747491803,0.1561447340359791,0.3,0.7,0.0,0.5773903244929076
truthfulqa_300_inc_9,truthfulqa,1,5,0.49190186317292905,0.0017038964756867117,0.5063942403513843,0.2,0.0,0.8,0.2549010166513788
truthfulqa_541_inc_2,truthfulqa,1,5,0.1463969998309304,0.729602599267754,0.12400040090131562,0.1,0.8,0.1,0.7916027997184117
truthfulqa_681_corr_1,truthfulqa,0,5,0.5820886120260313,0.4014268938704114,0.01648449410355711,0.6,0.4,0.0,0.40966914092219
truthfulqa_606_corr_2,truthfulqa,0,5,0.027266813268655616,0.08894782750862652,0.8837853592227178,0.0,0.0,1.0,0.5308405071199854
truthfulqa_263_best,truthfulqa,0,5,0.4406559592903174,0.0026856207325974797,0.5566584199770851,0.3,0.0,0.7,0.28101483072114003
truthfulqa_512_inc_5,truthfulqa,1,5,0.06388767650298967,0.030433473569296078,0.9056788499277143,0.0,0.0,1.0,0.48327289853315325
truthfulqa_225_corr_1,truthfulqa,0,5,0.9920345471344453,0.001283836535218853,0.0066816163303359405,1.0,0.0,0.0,0.004624644700386823
truthfulqa_405_inc_2,truthfulqa,1,5,0.2186101977744503,0.14402197726245314,0.6373678249630965,0.1,0.1,0.8,0.4627058897440014
truthfulqa_174_corr_2,truthfulqa,0,5,0.9794270585186038,0.0009816800891713734,0.01959126139222488,1.0,0.0,0.0,0.010777310785283814
truthfulqa_728_inc_0,truthfulqa,1,5,0.7924712740503731,0.001624097705846961,0.20590462824377992,0.6,0.0,0.4,0.10457641182773691
truthfulqa_582_corr_2,truthfulqa,0,5,0.60684907941214,0.19444365283390802,0.19870726775395195,0.6,0.2,0.2,0.293797286710884
truthfulqa_87_inc_2,truthfulqa,1,5,0.14443857057789927,0.1136896631371486,0.7418717662849521,0.1,0.0,0.9,0.4846255462796246
truthfulqa_436_inc_1,truthfulqa,1,5,0.1002261513924857,0.8896771187460321,0.010096729861482412,0.1,0.9,0.0,0.8947254836767733
truthfulqa_44_corr_2,truthfulqa,0,5,0.05298906820547315,0.2928890526374454,0.6541218791570814,0.0,0.1,0.9,0.6199499922159861
truthfulqa_62_corr_2,truthfulqa,0,5,0.17773608970743285,0.5196462724867672,0.3026176378057999,0.3,0.5,0.2,0.6709550913896671
truthfulqa_60_inc_1,truthfulqa,1,5,0.09029207766098535,0.04927218987770657,0.860435732461308,0.0,0.0,1.0,0.4794900561083606
truthfulqa_193_best,truthfulqa,0,5,0.43168759951547264,0.013378130944213187,0.5549342695403142,0.4,0.0,0.6,0.2908452657143703
truthfulqa_277_corr_3,truthfulqa,0,5,0.5912542060931653,0.38071051706901804,0.028035276837816574,0.6,0.4,0.0,0.39472815548792634
truthfulqa_288_corr_1,truthfulqa,0,5,0.41236980781561333,0.3672370912077863,0.22039310097660042,0.3,0.3,0.4,0.4774336416960865
truthfulqa_6_best,truthfulqa,0,5,0.01454249529045211,0.11053056969701683,0.874926935012531,0.0,0.1,0.9,0.5479940372032823
truthfulqa_392_inc_1,truthfulqa,1,5,0.08507407957013714,0.29224486485903783,0.6226810555708251,0.0,0.3,0.7,0.6035853926444503
truthfulqa_20_inc_3,truthfulqa,1,5,0.05285797707258812,0.004111536823694544,0.9430304861037172,0.0,0.0,1.0,0.47562677987555313
truthfulqa_280_corr_3,truthfulqa,0,5,0.3194810568581815,0.002152836844193262,0.6783661062976252,0.1,0.0,0.9,0.34133588999300585
truthfulqa_434_inc_2,truthfulqa,1,5,0.9904449954956738,0.001161544069593579,0.008393460434732696,1.0,0.0,0.0,0.005358274286959927
truthfulqa_69_inc_0,truthfulqa,1,5,0.05690499967693219,0.008453097658482558,0.9346419026645852,0.0,0.0,1.0,0.4757740489907752
truthfulqa_780_best,truthfulqa,0,5,0.1203868586554927,0.7843519303006132,0.09526121104389408,0.1,0.8,0.1,0.8319825358225603
truthfulqa_519_best,truthfulqa,0,5,0.33382588910479805,0.6024799147810327,0.0636941961141693,0.3,0.7,0.0,0.6343270128381173
truthfulqa_776_inc_3,truthfulqa,1,5,0.6713770973529523,0.014997426897497012,0.3136254757495508,0.6,0.0,0.4,0.1718101647722724
truthfulqa_259_corr_1,truthfulqa,0,5,0.47573225106882705,0.0024245048733383895,0.5218432440578344,0.4,0.0,0.6,0.2633461269022556
truthfulqa_190_corr_2,truthfulqa,0,5,0.015651112036798344,0.12136956211777186,0.8629793258454299,0.0,0.0,1.0,0.5528592250404868
truthfulqa_362_inc_2,truthfulqa,1,5,0.24529378076399996,0.27146331512341393,0.48324290411258614,0.1,0.2,0.7,0.513084767179707
truthfulqa_804_corr_1,truthfulqa,0,5,0.24410183906177912,0.026325486488674082,0.7295726744495468,0.1,0.0,0.9,0.39111182371344744
truthfulqa_456_inc_2,truthfulqa,1,5,0.028960239381423968,0.5893699399705089,0.3816698206480672,0.0,0.7,0.3,0.7802048502945425
truthfulqa_438_best,truthfulqa,0,5,0.8140419319363407,0.0019992612676579596,0.18395880679600146,1.0,0.0,0.0,0.09397866466565868
truthfulqa_100_corr_3,truthfulqa,0,5,0.7925799917710666,0.0010669590481053,0.20635304918082803,0.6,0.0,0.4,0.10424348363851932
truthfulqa_250_corr_2,truthfulqa,0,5,0.004510456281030504,0.8651807958412755,0.13030874787769403,0.0,1.0,0.0,0.9303351697801225
truthfulqa_715_inc_0,truthfulqa,1,5,0.0925229040327494,0.04307901868008519,0.8643980772871653,0.0,0.0,1.0,0.47527805732366785
truthfulqa_178_corr_1,truthfulqa,0,5,0.4133371733662513,0.361474055165861,0.22518877146788774,0.4,0.4,0.2,0.4740684408998049
truthfulqa_95_inc_1,truthfulqa,1,5,0.2071834321946759,0.5840080456981308,0.20880852210719328,0.1,0.7,0.2,0.6884123067517275
truthfulqa_232_inc_2,truthfulqa,1,5,0.03341930017397353,0.08698518526136353,0.8795955145646628,0.0,0.0,1.0,0.526782942543695
truthfulqa_312_inc_3,truthfulqa,1,5,0.20448344192120657,0.20171773473111906,0.5937988233476744,0.1,0.1,0.8,0.49861714640495625
truthfulqa_541_inc_0,truthfulqa,1,5,0.008946689864854335,0.8204365877689641,0.1706167223661815,0.0,0.9,0.1,0.9057449489520548
truthfulqa_593_inc_1,truthfulqa,1,5,0.04791198224554666,0.14101871788362808,0.8110692998708252,0.0,0.0,1.0,0.5465533678190406
truthfulqa_240_corr_2,truthfulqa,0,5,0.06766999706681026,0.1616711767664288,0.770658826166761,0.1,0.0,0.9,0.5470005898498093
truthfulqa_56_inc_0,truthfulqa,1,5,0.06430809203501213,0.23228952667605754,0.7034023812889305,0.0,0.0,1.0,0.5839907173205228
truthfulqa_151_best,truthfulqa,0,5,0.1484971838945504,0.18774079599731155,0.663762020108138,0.0,0.2,0.8,0.5196218060513805
truthfulqa_244_inc_2,truthfulqa,1,5,0.19052237058985927,0.680699021165868,0.12877860824427279,0.1,0.7,0.2,0.7450883252880044
truthfulqa_670_corr_4,truthfulqa,0,5,0.04900269536487469,0.16301264349117567,0.7879846611439497,0.0,0.1,0.9,0.5570049740631505
truthfulqa_18_inc_4,truthfulqa,1,5,0.15114915624603,0.17709206823366944,0.6717587755203007,0.0,0.0,1.0,0.5129714559938198
truthfulqa_336_best,truthfulqa,0,5,0.0750501774718076,0.4110151083454429,0.5139347141827495,0.0,0.6,0.4,0.6679824654368176
truthfulqa_421_corr_3,truthfulqa,0,5,0.9901226095506261,0.0009212255971317252,0.008956164852241993,1.0,0.0,0.0,0.005399308023252722
truthfulqa_318_inc_4,truthfulqa,1,5,0.2070051996485387,0.3912535250389145,0.4017412753125468,0.1,0.4,0.5,0.5921241626951879
truthfulqa_172_inc_1,truthfulqa,1,5,0.1252930306050169,0.18125281690511336,0.6934541524898696,0.0,0.0,1.0,0.5279798931500481
truthfulqa_695_inc_0,truthfulqa,1,5,0.044512314636815736,0.18865508082572355,0.7668326045374607,0.0,0.0,1.0,0.5720713830944539
truthfulqa_524_corr_2,truthfulqa,0,5,0.5886014333214485,0.38894382917876935,0.022454737499782204,0.6,0.4,0.0,0.40017119792866046
truthfulqa_110_inc_3,truthfulqa,1,5,0.9900913483565101,0.000687687668377281,0.009220963975112753,1.0,0.0,0.0,0.005298169655933657
truthfulqa_400_best,truthfulqa,0,5,0.21631966644059117,0.5415023992194701,0.24217793433993878,0.1,0.7,0.2,0.6625913663894395
truthfulqa_344_inc_0,truthfulqa,1,5,0.033051682840766906,0.38328635094379493,0.5836619662154382,0.0,0.3,0.7,0.675117334051514
truthfulqa_6_inc_0,truthfulqa,1,5,0.07699430236328073,0.15276822362143722,0.7702374740152822,0.0,0.1,0.9,0.5378869606290784
truthfulqa_555_corr_2,truthfulqa,0,5,0.13804522176566192,0.48242159870237505,0.37953317953196314,0.0,0.6,0.4,0.6721881884683566
truthfulqa_102_corr_4,truthfulqa,0,5,0.9897367716773233,0.0005856966191655877,0.009677531703510945,1.0,0.0,0.0,0.0054244624709210605
truthfulqa_510_inc_6,truthfulqa,1,5,0.08942938921143043,0.3145696057242822,0.5960010050642873,0.1,0.1,0.8,0.6125701082564259
truthfulqa_537_inc_2,truthfulqa,1,5,0.025946442691578413,0.2592055655107649,0.7148479917976567,0.0,0.1,0.9,0.6166295614095932
truthfulqa_43_inc_0,truthfulqa,1,5,0.5489323291024186,0.020154461791623758,0.4309132091059576,0.3,0.0,0.7,0.23561106634460255
truthfulqa_617_inc_0,truthfulqa,1,5,0.4209290225964478,0.059871351178333955,0.5191996262252182,0.5,0.0,0.5,0.3194711642909431
truthfulqa_17_corr_1,truthfulqa,0,5,0.12618873900290767,0.16490327023445725,0.7089079907626351,0.0,0.1,0.9,0.5193572656157748
truthfulqa_694_best,truthfulqa,0,5,0.10595337586935942,0.5575917526051369,0.3364548715255035,0.1,0.5,0.4,0.7258191883678887
truthfulqa_65_inc_0,truthfulqa,1,5,0.3132484051090306,0.24605483894118022,0.44069675594978913,0.3,0.2,0.5,0.4664032169160748
truthfulqa_761_corr_1,truthfulqa,0,5,0.21200935237029372,0.0011831156733749745,0.7868075319563312,0.1,0.0,0.9,0.3945868816515406
truthfulqa_325_inc_3,truthfulqa,1,5,0.05300664289183813,0.12408769007832951,0.8229056670298324,0.0,0.0,1.0,0.5355405235932457
truthfulqa_340_corr_3,truthfulqa,0,5,0.053337033460495856,0.4239269141551872,0.522736052384317,0.0,0.4,0.6,0.6852949403473456
truthfulqa_41_inc_2,truthfulqa,1,5,0.22737931539490464,0.03382126557194094,0.7387994190331544,0.1,0.0,0.9,0.4032209750885181
truthfulqa_703_inc_2,truthfulqa,1,5,0.36222677832380523,0.07737186756329346,0.5604013541129014,0.2,0.0,0.8,0.35757254461974414
truthfulqa_30_best,truthfulqa,0,5,0.09866228107605068,0.8964840939520352,0.004853624971914222,0.1,0.9,0.0,0.8989109064379923
truthfulqa_433_best,truthfulqa,0,5,0.0024279959996348437,0.8705115100800132,0.12706049392035204,0.0,1.0,0.0,0.9340417570401892
truthfulqa_45_corr_4,truthfulqa,0,5,0.2124344292696092,0.2816611801671408,0.50590439056325,0.1,0.2,0.7,0.5346133754487659
truthfulqa_60_inc_0,truthfulqa,1,5,0.14700402013914077,0.009683992726957627,0.8433119871339017,0.1,0.0,0.9,0.43133998629390846
truthfulqa_310_inc_0,truthfulqa,1,5,0.09871314623428233,0.8368484679863256,0.06443838577939208,0.1,0.9,0.0,0.8690676608760216
truthfulqa_363_inc_0,truthfulqa,1,5,0.20169524308054934,0.11460606029441758,0.6836986966250331,0.1,0.1,0.8,0.4564554086069341
truthfulqa_246_corr_1,truthfulqa,0,5,0.5967949629142971,0.39531835095111656,0.007886686134586183,0.6,0.4,0.0,0.39926169401840966
truthfulqa_353_inc_1,truthfulqa,1,5,0.21373785245960483,0.019344790497840207,0.7669173570425549,0.0,0.0,1.0,0.4028034690191177
truthfulqa_716_best,truthfulqa,0,5,0.05197323717152915,0.702261684714801,0.24576507811366985,0.0,0.7,0.3,0.8251442237716359
truthfulqa_493_inc_3,truthfulqa,1,5,0.2673583306910038,0.06177622604421994,0.6708654432647763,0.1,0.0,0.9,0.3972089476766081
truthfulqa_618_corr_2,truthfulqa,0,5,0.7924448673203449,0.0015538301671601685,0.20600130251249493,0.6,0.0,0.4,0.10455448142340763
truthfulqa_129_inc_4,truthfulqa,1,5,0.2924256592494848,0.6987087120709639,0.008865628679551272,0.3,0.7,0.0,0.7031415264107395
truthfulqa_65_inc_1,truthfulqa,1,5,0.3196295150030747,0.33097863614425993,0.3493918488526654,0.3,0.3,0.4,0.5056745605705926
truthfulqa_272_corr_2,truthfulqa,0,5,0.1172340574726876,0.006218254579259597,0.8765476879480529,0.0,0.0,1.0,0.4444920985532861
truthfulqa_725_corr_2,truthfulqa,0,5,0.0033315295068410576,0.6446410921196819,0.352027378373477,0.0,0.5,0.5,0.8206547813064204
truthfulqa_113_best,truthfulqa,0,5,0.38871498085818723,0.5986968670917887,0.01258815205002407,0.4,0.6,0.0,0.6049909431168008
truthfulqa_205_inc_2,truthfulqa,1,5,0.596278217835685,0.39915049171140093,0.004571290452914048,0.6,0.4,0.0,0.40143613693785796
truthfulqa_148_best,truthfulqa,0,5,0.09933755534465565,0.8966753853083145,0.003987059347030003,0.1,0.9,0.0,0.8986689149818294
truthfulqa_633_inc_0,truthfulqa,1,5,0.8550076698718124,0.01435925217816822,0.13063307795001924,1.0,0.0,0.0,0.07967579115317784
truthfulqa_124_best,truthfulqa,0,5,0.21886103900405524,0.004078609692327881,0.7770603513036168,0.1,0.0,0.9,0.3926087853441363
truthfulqa_100_best,truthfulqa,0,5,0.6997451787681024,0.0025148662398613497,0.29773995499203637,1.0,0.0,0.0,0.15138484373587954
truthfulqa_168_corr_1,truthfulqa,0,5,0.29059264395682116,0.22078653422982306,0.48862082181335575,0.3,0.1,0.6,0.4650969451365009
truthfulqa_199_corr_1,truthfulqa,0,5,0.20914249385096834,0.5406603922524761,0.2501971138965555,0.2,0.7,0.1,0.6657589492007538
truthfulqa_685_inc_0,truthfulqa,1,5,0.0024627885903566525,0.9408238582217818,0.05671335318786145,0.0,1.0,0.0,0.9691805348157125
truthfulqa_83_inc_1,truthfulqa,1,5,0.05265641899931026,0.08409050432963094,0.8632530766710589,0.0,0.0,1.0,0.5157170426651604
truthfulqa_350_inc_1,truthfulqa,1,5,0.034445922581127233,0.11252703564202435,0.8530270417768484,0.0,0.0,1.0,0.5390405565304486
truthfulqa_70_best,truthfulqa,0,5,0.041606550312055096,0.6914983621059847,0.26689508758196023,0.0,0.7,0.3,0.8249459058969648
truthfulqa_769_inc_3,truthfulqa,1,5,0.14127079848301266,0.3726744250365908,0.4860547764803965,0.0,0.4,0.6,0.6157018132767891
truthfulqa_614_best,truthfulqa,0,5,0.15422294344979665,0.11483001385708998,0.7309470426931134,0.0,0.2,0.8,0.48030353520364666
truthfulqa_419_best,truthfulqa,0,5,0.9883267723967201,0.0009849423716687502,0.010688285231610943,1.0,0.0,0.0,0.006329084987474222
truthfulqa_11_inc_3,truthfulqa,1,5,0.919461102463446,0.00040741741718968203,0.0801314801193643,1.0,0.0,0.0,0.04047315747687183
truthfulqa_50_inc_1,truthfulqa,1,5,0.46545071960078677,0.014008150592499321,0.5205411298067139,0.4,0.0,0.6,0.27427871549585625
truthfulqa_629_inc_0,truthfulqa,1,5,0.08962280303708611,0.21944416279322954,0.6909330341696843,0.0,0.1,0.9,0.5649106798780716
truthfulqa_274_best,truthfulqa,0,5,0.18900292510968691,0.5125501977594412,0.29844687713087187,0.2,0.6,0.2,0.6617736363248772
truthfulqa_333_best,truthfulqa,0,5,0.11930576435730642,0.29787858687002033,0.5828156487726732,0.0,0.3,0.7,0.589286411256357
truthfulqa_201_corr_2,truthfulqa,0,5,0.16443976638592148,0.004697963113644373,0.8308622705004343,0.1,0.0,0.9,0.42012909836386153
truthfulqa_615_inc_1,truthfulqa,1,5,0.4919647424319522,0.026427510084249605,0.48160774748379814,0.6,0.0,0.4,0.2672313838261487
truthfulqa_588_best,truthfulqa,0,5,0.6519888889349508,0.0021983719021486637,0.3458127391629004,0.9,0.0,0.1,0.17510474148359886
truthfulqa_41_inc_8,truthfulqa,1,5,0.326546830881716,0.11752953340291394,0.5559236357153702,0.3,0.0,0.7,0.39549135126059903
truthfulqa_613_corr_3,truthfulqa,0,5,0.4620276737127999,0.012083387844653393,0.5258889384425467,0.2,0.0,0.8,0.27502785706592675
truthfulqa_352_corr_2,truthfulqa,0,5,0.0662527405860457,0.1590789431782233,0.774668316235731,0.0,0.0,1.0,0.5464131012960888
truthfulqa_89_inc_1,truthfulqa,1,5,0.9926156992750614,0.0008338452562155332,0.006550455468722992,1.0,0.0,0.0,0.004109072990577029
truthfulqa_109_corr_2,truthfulqa,0,5,0.4409142056987669,0.005716571870777534,0.5533692224304556,0.1,0.0,0.9,0.2824011830860053
truthfulqa_42_inc_0,truthfulqa,1,5,0.4144333251826546,0.011363229425358466,0.574203445391987,0.2,0.0,0.8,0.29846495212135193
truthfulqa_276_inc_2,truthfulqa,1,5,0.17441672739673947,0.0021977754498090883,0.8233854971534514,0.0,0.0,1.0,0.4138905240265348
truthfulqa_285_inc_2,truthfulqa,1,5,0.13523044676095203,0.059188514281390894,0.8055810389576571,0.0,0.0,1.0,0.4619790337602194
truthfulqa_150_best,truthfulqa,0,5,0.26764384720992257,0.33188026265990567,0.4004758901301718,0.4,0.2,0.4,0.5321182077249915
truthfulqa_810_corr_4,truthfulqa,0,5,0.00309856980548529,0.7449227781590725,0.2519786520354422,0.0,0.9,0.1,0.8709121041767935
truthfulqa_578_best,truthfulqa,0,5,0.610389227704945,0.3800493152894142,0.00956145700564092,0.6,0.4,0.0,0.3848300437922347
truthfulqa_747_inc_1,truthfulqa,1,5,0.03241923245998042,0.550676413098467,0.41690435444155244,0.0,0.6,0.4,0.7591285903192433
truthfulqa_551_best,truthfulqa,0,5,0.1602079788674532,0.3629355256540464,0.47685649547850034,0.2,0.2,0.6,0.6013637733932966
truthfulqa_274_corr_1,truthfulqa,0,5,0.23858077230028357,0.5317701143127358,0.22964911338698046,0.1,0.6,0.3,0.646594671006226
truthfulqa_733_inc_0,truthfulqa,1,5,0.1458680107475967,0.11287206253040598,0.7412599267219974,0.0,0.0,1.0,0.4835020258914047
truthfulqa_516_corr_1,truthfulqa,0,5,0.9298697140218601,0.0007626713207850662,0.06936761465735466,1.0,0.0,0.0,0.0354464786494624
truthfulqa_422_inc_2,truthfulqa,1,5,0.9803939127107556,0.0028151770003655534,0.01679091028887883,1.0,0.0,0.0,0.011210632144804968
truthfulqa_564_inc_6,truthfulqa,1,5,0.49544794929962743,0.4077053458834925,0.09684670481688007,0.6,0.4,0.0,0.45612869829193253
truthfulqa_425_best,truthfulqa,0,5,0.30211224361369327,0.6831658165433682,0.014721939842938625,0.3,0.7,0.0,0.6905267864648374
truthfulqa_310_inc_2,truthfulqa,1,5,0.07075733992200102,0.7427266479523513,0.1865160121256477,0.0,0.8,0.2,0.8359846540151752
truthfulqa_709_inc_1,truthfulqa,1,5,0.2733189693549499,0.196269717203412,0.5304113134416382,0.2,0.1,0.7,0.4614753739242311
truthfulqa_389_best,truthfulqa,0,5,0.5696174629739291,0.19121373958666985,0.23916879743940106,0.6,0.1,0.3,0.3107981383063704
truthfulqa_509_corr_1,truthfulqa,0,5,0.05691321851659087,0.016734602174885965,0.9263521793085232,0.0,0.0,1.0,0.4799106918291476
truthfulqa_450_inc_0,truthfulqa,1,5,0.18724920817949992,0.6294669102516118,0.18328388156888825,0.2,0.6,0.2,0.7211088510360559
truthfulqa_116_best,truthfulqa,0,5,0.19433997094642538,0.1755984053739999,0.6300616236795747,0.0,0.1,0.9,0.49062921721378727
truthfulqa_15_best,truthfulqa,0,5,0.07193850243258784,0.2912374646522419,0.6368240329151703,0.0,0.2,0.8,0.609649481109827
truthfulqa_361_corr_1,truthfulqa,0,5,0.26333289029439444,0.21220208263746243,0.5244650270681431,0.1,0.2,0.7,0.474434596171534
truthfulqa_202_corr_1,truthfulqa,0,5,0.22374062718547155,0.13656640526100156,0.639692967553527,0.1,0.0,0.9,0.45641288903776506
truthfulqa_13_best,truthfulqa,0,5,0.09433925028059188,0.5448058942040426,0.36085485551536556,0.0,0.5,0.5,0.7252333219617253
truthfulqa_532_corr_1,truthfulqa,0,5,0.6312930108614472,0.006148604610648098,0.36255838452790473,0.6,0.0,0.4,0.18742779687460046
truthfulqa_576_inc_4,truthfulqa,1,5,0.47773335636884634,0.0057348681438757826,0.5165317754872778,0.5,0.0,0.5,0.2640007558875147
truthfulqa_295_inc_2,truthfulqa,1,5,0.19806709430073619,0.4013367097636925,0.40059619593557133,0.1,0.4,0.5,0.6016348077314781
truthfulqa_77_inc_2,truthfulqa,1,5,0.1049563219591328,0.20378862391759128,0.6912550541232759,0.0,0.2,0.8,0.5494161509792292
truthfulqa_640_inc_1,truthfulqa,1,5,0.6352434975572507,0.002457199035655018,0.3622993034070943,0.7,0.0,0.3,0.1836068507392022
truthfulqa_363_corr_1,truthfulqa,0,5,0.3935810066795947,0.2849233102974865,0.3214956830229187,0.5,0.4,0.1,0.4456711518089459
truthfulqa_233_best,truthfulqa,0,5,0.08293737657044224,0.6219211961967857,0.2951414272327721,0.0,0.6,0.4,0.7694919098131717
truthfulqa_547_best,truthfulqa,0,5,0.16021972470074625,0.8078617835882984,0.03191849171095541,0.1,0.9,0.0,0.8238210294437761
truthfulqa_574_best,truthfulqa,0,5,0.22670596155274336,0.7454255896820872,0.027868448765169345,0.2,0.8,0.0,0.7593598140646718
truthfulqa_405_corr_4,truthfulqa,0,5,0.1999761647508301,0.07150978459718085,0.7285140506519892,0.0,0.0,1.0,0.4357668099231754
truthfulqa_102_inc_2,truthfulqa,1,5,0.9899174339603911,0.0005861828418223464,0.009496383197786454,1.0,0.0,0.0,0.005334374440715574
truthfulqa_131_inc_3,truthfulqa,1,5,0.05140327631465476,0.7702173243665394,0.1783793993188058,0.1,0.8,0.1,0.8594070240259424
truthfulqa_609_inc_0,truthfulqa,1,5,0.2125451821318151,0.030965354763887114,0.7564894631042978,0.1,0.0,0.9,0.409210086316036
truthfulqa_39_corr_1,truthfulqa,0,5,0.22429474030807453,0.28825629257606133,0.4874489671158642,0.1,0.3,0.6,0.5319807761339934
truthfulqa_55_inc_2,truthfulqa,1,5,0.23673589898217662,0.22713169632845043,0.536132404689373,0.0,0.1,0.9,0.4951978986731369
truthfulqa_396_corr_2,truthfulqa,0,5,0.42320381001507074,0.37208081824334827,0.20471537174158097,0.7,0.3,0.0,0.47443850411413874
truthfulqa_106_inc_3,truthfulqa,1,5,0.992547180593197,0.0009292826914996009,0.006523536715303561,1.0,0.0,0.0,0.004191051049151381
truthfulqa_399_corr_1,truthfulqa,0,5,0.21763903253933256,0.18748738814375274,0.5948735793169148,0.1,0.2,0.7,0.4849241778022101
truthfulqa_765_inc_1,truthfulqa,1,5,0.2504953401508924,0.18900594627447248,0.5604987135746351,0.3,0.2,0.5,0.46925530306179003
truthfulqa_264_corr_2,truthfulqa,0,5,0.20728856099663964,0.44625425644669214,0.34645718255666824,0.4,0.4,0.2,0.6194828477250263
truthfulqa_78_inc_2,truthfulqa,1,5,0.024872254182072402,0.25863716503711165,0.716490580780816,0.0,0.2,0.8,0.6168824554275196
truthfulqa_731_corr_2,truthfulqa,0,5,0.21013553113059139,0.20774640690278848,0.58211806196662,0.1,0.1,0.8,0.49880543788609844
truthfulqa_407_corr_2,truthfulqa,0,5,0.05954853145747635,0.489853676192356,0.45059779235016767,0.0,0.6,0.4,0.7151525723674398
truthfulqa_639_best,truthfulqa,0,5,0.9904583173680267,0.0004888309275736406,0.00905285170439973,1.0,0.0,0.0,0.005015256779773505
truthfulqa_725_best,truthfulqa,0,5,0.05408384270242528,0.6848991456793051,0.26101701161826957,0.0,0.9,0.1,0.8154076514884399
truthfulqa_253_best,truthfulqa,0,5,0.29247846860864224,0.08323986003995376,0.624281671351404,0.2,0.0,0.8,0.39538069571565576
truthfulqa_496_inc_2,truthfulqa,1,5,0.2943110725517376,0.6037921214886436,0.10189680595961884,0.2,0.8,0.0,0.654740524468453
truthfulqa_677_corr_1,truthfulqa,0,5,0.4623265477932855,0.005957175512462698,0.5317162766942518,0.6,0.0,0.4,0.2718153138595886
truthfulqa_563_inc_1,truthfulqa,1,5,0.1955362690300688,0.7929334129676656,0.011530318002265717,0.2,0.8,0.0,0.7986985719687985
truthfulqa_407_inc_0,truthfulqa,1,5,0.005098931166636968,0.5646262263040593,0.43027484252930376,0.0,0.6,0.4,0.7797636475687112
truthfulqa_140_corr_0,truthfulqa,0,5,0.19597922111558902,0.36352089902644796,0.440499879857963,0.1,0.5,0.4,0.5837708389554295
truthfulqa_307_best,truthfulqa,0,5,0.12177107281640694,0.13061621823541478,0.7476127089481783,0.0,0.0,1.0,0.504422572709504
truthfulqa_54_best,truthfulqa,0,5,0.31033656424555833,0.1388874965726746,0.5507759391817671,0.3,0.0,0.7,0.41427546616355815
truthfulqa_306_corr_1,truthfulqa,0,5,0.048795296546077414,0.3312586279705252,0.6199460754833974,0.0,0.2,0.8,0.6412316657122239
truthfulqa_235_corr_2,truthfulqa,0,5,0.07727298833537724,0.11407331248597212,0.8086536991786506,0.0,0.0,1.0,0.5184001620752974
truthfulqa_672_corr_1,truthfulqa,0,5,0.05105447917846503,0.23040368480656487,0.71854183601497,0.0,0.1,0.9,0.5896746028140498
truthfulqa_108_inc_0,truthfulqa,1,5,0.06296161031118876,0.2654490316426137,0.6715893580461976,0.0,0.2,0.8,0.6012437106657125
truthfulqa_447_inc_4,truthfulqa,1,5,0.7936830561560718,0.0009372550412662442,0.20537968880266186,0.6,0.0,0.4,0.10362709944259717
truthfulqa_329_inc_0,truthfulqa,1,5,0.969952940816097,0.0015905173435753334,0.028456541840327438,1.0,0.0,0.0,0.01581878826373905
truthfulqa_441_best,truthfulqa,0,5,0.9785864386027647,0.001520736572605174,0.01989282482463009,1.0,0.0,0.0,0.011467148984920218
truthfulqa_637_corr_1,truthfulqa,0,5,0.17423197200469015,0.14071562891876738,0.6850523990765425,0.0,0.0,1.0,0.4832418284570386
truthfulqa_505_inc_3,truthfulqa,1,5,0.05058540923807756,0.8293713787612674,0.12004321200065515,0.0,0.9,0.1,0.889392984761595
truthfulqa_530_inc_1,truthfulqa,1,5,0.011570839467805795,0.39079369480643644,0.5976354657257578,0.0,0.3,0.7,0.6896114276693153
truthfulqa_642_corr_2,truthfulqa,0,5,0.21640083827702225,0.0022569919728868655,0.7813421697500907,0.0,0.0,1.0,0.39292807684793224
truthfulqa_126_inc_1,truthfulqa,1,5,0.29722748168870905,0.5720190624035357,0.13075345590775528,0.3,0.7,0.0,0.6373957903574133
truthfulqa_583_inc_4,truthfulqa,1,5,0.6473509893716275,0.0023743131027102065,0.35027469752566226,0.9,0.0,0.1,0.17751166186554135
truthfulqa_327_corr_3,truthfulqa,0,5,0.6839557910960836,0.000813762307310556,0.3152304465966057,0.6,0.0,0.4,0.15842898560561341
truthfulqa_129_inc_3,truthfulqa,1,5,0.10780602247265089,0.8752008460297616,0.016993131497587667,0.1,0.9,0.0,0.8836974117785554
truthfulqa_711_inc_5,truthfulqa,1,5,0.07686298674414291,0.0815594793251695,0.8415775339306876,0.0,0.0,1.0,0.5023482462905133
truthfulqa_79_corr_2,truthfulqa,0,5,0.07116507768800606,0.2772734508411457,0.6515614714708482,0.0,0.2,0.8,0.6030541865765697
truthfulqa_137_best,truthfulqa,0,5,0.9906256930369473,0.0015569583008834607,0.00781734866216922,1.0,0.0,0.0,0.005465632631968071
truthfulqa_681_inc_1,truthfulqa,1,5,0.9697508439436213,0.00599773023304217,0.02425142582333683,1.0,0.0,0.0,0.018123443144710587
truthfulqa_281_inc_4,truthfulqa,1,5,0.4690797519519478,0.004213087235093998,0.5267071608129583,0.2,0.0,0.8,0.26756666764157316
truthfulqa_701_best,truthfulqa,0,5,0.12745852826402243,0.1458472755089127,0.7266941962270649,0.1,0.1,0.8,0.5091943736224451
truthfulqa_605_best,truthfulqa,0,5,0.40272666725727807,0.42417047375894895,0.17310285898377303,0.6,0.4,0.0,0.5107219032508354
truthfulqa_119_corr_2,truthfulqa,0,5,0.023079417531851214,0.025437955571634335,0.9514826268965144,0.0,0.0,1.0,0.5011792690198915
truthfulqa_436_inc_0,truthfulqa,1,5,0.2938576542577351,0.6954749836600588,0.010667362082206353,0.3,0.7,0.0,0.700808664701162
truthfulqa_504_corr_1,truthfulqa,0,5,0.2747957364959645,0.1485409394485924,0.5766633240554431,0.2,0.1,0.7,0.4368726014763139
truthfulqa_792_best,truthfulqa,0,5,0.24247070249697417,0.005229614824647796,0.7522996826783781,0.1,0.0,0.9,0.38137945616383684
truthfulqa_67_best,truthfulqa,0,5,0.24952859881280576,0.04712252049444915,0.7033488806927449,0.2,0.0,0.8,0.3987969608408216
truthfulqa_728_inc_1,truthfulqa,1,5,0.7924712740503731,0.001624097705846961,0.20590462824377992,0.6,0.0,0.4,0.10457641182773691
truthfulqa_470_corr_2,truthfulqa,0,5,0.38969195834490244,0.5992325504714449,0.011075491183652655,0.4,0.6,0.0,0.6047702960632712
truthfulqa_265_corr_1,truthfulqa,0,5,0.3297449003826336,0.019496191435364973,0.6507589081820014,0.2,0.0,0.8,0.3448756455263657
truthfulqa_364_best,truthfulqa,0,5,0.13946446401526194,0.2949548299777736,0.5655807060069644,0.1,0.1,0.8,0.5777451829812559
truthfulqa_470_best,truthfulqa,0,5,0.3910635985934842,0.5992728503320971,0.009663551074418662,0.4,0.6,0.0,0.6041046258693065
truthfulqa_598_best,truthfulqa,0,5,0.019551364119078322,0.48759062962964733,0.4928580062512743,0.0,0.5,0.5,0.7340196327552845
truthfulqa_439_corr_1,truthfulqa,0,5,0.8430410887491456,0.0035136616363115104,0.15344524961454276,1.0,0.0,0.0,0.08023628644358288
truthfulqa_308_inc_3,truthfulqa,1,5,0.3927110520993065,0.007093272535278629,0.6001956753654148,0.2,0.0,0.8,0.30719111021798606
truthfulqa_558_inc_2,truthfulqa,1,5,0.5815695514750826,0.4006999852636935,0.017730463261223888,0.6,0.4,0.0,0.4095652168943054
truthfulqa_149_corr_1,truthfulqa,0,5,0.02430504665368855,0.03568467495821027,0.9400102783881013,0.0,0.0,1.0,0.5056898141522609
truthfulqa_668_inc_2,truthfulqa,1,5,0.059191078480568204,0.25854245448434665,0.6822664670350851,0.0,0.2,0.8,0.5996756880018892
truthfulqa_172_inc_3,truthfulqa,1,5,0.030367484066102752,0.156683523786458,0.8129489921474393,0.0,0.0,1.0,0.5631580198601777
truthfulqa_814_corr_1,truthfulqa,0,5,0.051311274309361755,0.745319424657399,0.20336930103323927,0.0,0.9,0.1,0.8470040751740187
truthfulqa_539_corr_0,truthfulqa,0,5,0.3467353875585998,0.11756221200821138,0.5357024004331888,0.3,0.0,0.7,0.3854134122248058
truthfulqa_547_inc_2,truthfulqa,1,5,0.046246618972602925,0.8774322052296764,0.07632117579772077,0.0,0.9,0.1,0.9155927931285367
truthfulqa_71_corr_0,truthfulqa,0,5,0.42169989605533387,0.3439315485580305,0.23436855538663556,0.8,0.2,0.0,0.4611158262513483
truthfulqa_586_inc_3,truthfulqa,1,5,0.4119177967099962,0.16807101127439691,0.42001119201560694,0.3,0.1,0.6,0.3780766072822004
truthfulqa_75_inc_0,truthfulqa,1,5,0.007570387980780154,0.1309237748192503,0.8615058371999694,0.0,0.0,1.0,0.561676693419235
truthfulqa_628_inc_3,truthfulqa,1,5,0.3256153704192066,0.05360970133215104,0.6207749282486423,0.3,0.0,0.7,0.3639971654564722
truthfulqa_216_inc_2,truthfulqa,1,5,0.09156746196926424,0.10293535004499477,0.805497187985741,0.0,0.0,1.0,0.5056839440378653
truthfulqa_796_corr_2,truthfulqa,0,5,0.016681256591464327,0.5524742208362842,0.4308445225722516,0.0,0.6,0.4,0.7678964821224099
truthfulqa_161_corr_1,truthfulqa,0,5,0.6501998320976015,0.0024960344454183453,0.34730413345698025,0.7,0.0,0.3,0.17614810117390847
truthfulqa_753_corr_2,truthfulqa,0,5,0.12666979922536187,0.35103912233601087,0.5222910784386274,0.2,0.3,0.5,0.6121846615553246
truthfulqa_493_inc_1,truthfulqa,1,5,0.45254615025200595,0.0046856516170268835,0.5427681981309672,0.6,0.0,0.4,0.2760697506825105
truthfulqa_557_inc_1,truthfulqa,1,5,0.08199147687053884,0.2821370633038027,0.6358714598256585,0.0,0.1,0.9,0.600072793216632
truthfulqa_104_inc_0,truthfulqa,1,5,0.6926825974673416,0.001543254146669394,0.30577414838598893,1.0,0.0,0.0,0.15443032833966386
truthfulqa_478_corr_2,truthfulqa,0,5,0.0509359670877822,0.8465223688445637,0.10254166406765423,0.0,0.9,0.1,0.8977932008783908
truthfulqa_782_best,truthfulqa,0,5,0.07317672349957005,0.39319435220662585,0.5336289242938042,0.1,0.4,0.5,0.6600088143535279
truthfulqa_571_inc_7,truthfulqa,1,5,0.6959318535618453,0.0057530783470038606,0.29831506809115077,0.6,0.0,0.4,0.15491061239257925
truthfulqa_194_best,truthfulqa,0,5,0.1469153302973008,0.1514710115458656,0.7016136581568335,0.1,0.0,0.9,0.5022778406242824
truthfulqa_32_corr_3,truthfulqa,0,5,0.023626610179856084,0.12085633335806382,0.8555170564620802,0.0,0.0,1.0,0.5486148615891039
truthfulqa_772_inc_0,truthfulqa,1,5,0.5623739575378356,0.20383699201426958,0.23378905044789483,0.7,0.3,0.0,0.320731517238217
truthfulqa_539_inc_3,truthfulqa,1,5,0.18210048296586318,0.27734068147144636,0.5405588355626904,0.1,0.3,0.6,0.5476200992527915
truthfulqa_496_corr_2,truthfulqa,0,5,0.49920770188134733,0.3699745018747411,0.13081779624391146,0.5,0.3,0.2,0.43538339999669684
truthfulqa_55_corr_2,truthfulqa,0,5,0.21949402026075598,0.12045107051217267,0.6600549092270713,0.0,0.0,1.0,0.45047852512570835
truthfulqa_166_inc_0,truthfulqa,1,5,0.3967492268917284,0.5985824578846911,0.0046683152235805665,0.4,0.6,0.0,0.6009166154964813
truthfulqa_185_corr_2,truthfulqa,0,5,0.10320109814545017,0.5551834421066963,0.3416154597478536,0.1,0.6,0.3,0.7259911719806231
truthfulqa_453_corr_1,truthfulqa,0,5,0.32986527914101405,0.13341188365131296,0.536722837207673,0.3,0.0,0.7,0.40177330225514946
truthfulqa_471_corr_2,truthfulqa,0,5,0.5838251092919139,0.39907592299321265,0.01709896771487344,0.6,0.4,0.0,0.40762540685064935
truthfulqa_242_inc_0,truthfulqa,1,5,0.3363384483370683,0.02982626268251871,0.6338352889804131,0.2,0.0,0.8,0.34674390717272524
truthfulqa_304_inc_4,truthfulqa,1,5,0.10157083541206013,0.7829650161718942,0.11546414841604569,0.1,0.9,0.0,0.840697090379917
truthfulqa_326_corr_3,truthfulqa,0,5,0.10053532091044667,0.18210407449513316,0.7173606045944202,0.0,0.0,1.0,0.5407843767923433
truthfulqa_446_inc_0,truthfulqa,1,5,0.3087208978357783,0.6630558646282237,0.028223237535998025,0.3,0.7,0.0,0.6771674833962228
truthfulqa_639_corr_1,truthfulqa,0,5,0.9904583173680267,0.0004888309275736406,0.00905285170439973,1.0,0.0,0.0,0.005015256779773505
truthfulqa_357_inc_3,truthfulqa,1,5,0.04888712904547715,0.3112689041569437,0.6398439667975792,0.0,0.3,0.7,0.6311908875557333
truthfulqa_534_inc_1,truthfulqa,1,5,0.25516651216524583,0.504990517276234,0.23984297055851997,0.4,0.6,0.0,0.624912002555494
truthfulqa_208_inc_2,truthfulqa,1,5,0.11458494069176806,0.1574473675448529,0.7279676917633792,0.1,0.2,0.7,0.5214312134265424
truthfulqa_478_inc_1,truthfulqa,1,5,0.0009755728656629291,0.994776440252021,0.004247986882315842,0.0,1.0,0.0,0.9969004336931789
truthfulqa_148_corr_2,truthfulqa,0,5,0.8586501020758034,0.004873886505300755,0.13647601141889587,1.0,0.0,0.0,0.07311189221474869
truthfulqa_713_corr_1,truthfulqa,0,5,0.2112865858908473,0.005154559698596318,0.7835588544105562,0.1,0.0,0.9,0.3969339869038744
truthfulqa_217_best,truthfulqa,0,5,0.08656382150997306,0.004696564951836123,0.9087396135381909,0.0,0.0,1.0,0.45906637172093157
truthfulqa_488_corr_1,truthfulqa,0,5,0.04854444770285073,0.157670151569951,0.7937854007271983,0.0,0.0,1.0,0.5545628519335501
truthfulqa_502_corr_2,truthfulqa,0,5,0.005480015313306686,0.6493261918146367,0.34519379287205665,0.0,0.7,0.3,0.821923088250665
truthfulqa_549_inc_9,truthfulqa,1,5,0.06096840710814463,0.32140859489608226,0.6176229979957732,0.0,0.2,0.8,0.6302200938939688
truthfulqa_273_inc_3,truthfulqa,1,5,0.12447998679619636,0.23040418238994026,0.6451158308138634,0.0,0.1,0.9,0.5529620977968719
truthfulqa_344_corr_1,truthfulqa,0,5,0.024907623054896667,0.27012464225564903,0.7049677346894544,0.0,0.1,0.9,0.6226085096003762
truthfulqa_222_inc_1,truthfulqa,1,5,0.17615928412214857,0.019092990630556483,0.8047477252472948,0.1,0.0,0.9,0.42146685325420385
truthfulqa_254_best,truthfulqa,0,5,0.01863206301266697,0.06339647445356034,0.9179714625337727,0.0,0.0,1.0,0.5223822057204467
truthfulqa_628_inc_0,truthfulqa,1,5,0.41179371059940684,0.058900840908374066,0.529305448492219,0.4,0.0,0.6,0.3235535651544836
truthfulqa_138_inc_4,truthfulqa,1,5,0.3054671896626333,0.02667978089250293,0.6678530294448637,0.3,0.0,0.7,0.3606062956149348
truthfulqa_698_best,truthfulqa,0,5,0.4738349795779733,0.14179358033787387,0.3843714400841528,0.6,0.0,0.4,0.3339793003799503
truthfulqa_391_best,truthfulqa,0,5,0.5297817894294831,0.005489412041518053,0.46472879852899895,0.6,0.0,0.4,0.23785381130601754
truthfulqa_210_inc_1,truthfulqa,1,5,0.29374636707900537,0.6984577365019868,0.007795896419007834,0.3,0.7,0.0,0.7023556847114908
truthfulqa_567_inc_2,truthfulqa,1,5,0.16448534952624472,0.7085876614136704,0.12692698906008487,0.1,0.9,0.0,0.7720511559437128
truthfulqa_441_corr_1,truthfulqa,0,5,0.9877917056116571,0.001135939999563428,0.011072354388779262,1.0,0.0,0.0,0.0066721171939530585
truthfulqa_207_inc_1,truthfulqa,1,5,0.07096247845493533,0.35991389530007806,0.5691236262449866,0.0,0.3,0.7,0.6444757084225714
truthfulqa_668_inc_0,truthfulqa,1,5,0.14670959595048744,0.5111070977864548,0.34218330626305776,0.1,0.5,0.4,0.6821987509179837
truthfulqa_191_inc_0,truthfulqa,1,5,0.046291876000202,0.07271367644399826,0.8809944475557998,0.0,0.0,1.0,0.5132109002218982
truthfulqa_243_inc_1,truthfulqa,1,5,0.25455193117527114,0.5922397085532122,0.15320836027151663,0.3,0.6,0.1,0.6688438886889705
truthfulqa_41_inc_4,truthfulqa,1,5,0.26022913527916575,0.07439608514245802,0.6653747795783762,0.2,0.0,0.8,0.4070834749316461
truthfulqa_770_corr_2,truthfulqa,0,5,0.264264953792978,0.006450930563291499,0.7292841156437306,0.2,0.0,0.8,0.3710929883851568
truthfulqa_795_corr_2,truthfulqa,0,5,0.14583378901247301,0.20042916580305192,0.6537370451844751,0.1,0.0,0.9,0.5272976883952895
truthfulqa_674_best,truthfulqa,0,5,0.8521809302651704,0.07856265579749373,0.06925641393733571,1.0,0.0,0.0,0.11319086276616158
truthfulqa_41_inc_1,truthfulqa,1,5,0.3855950201012185,0.00596987431840028,0.6084351055803812,0.2,0.0,0.8,0.3101874271085909
truthfulqa_435_corr_2,truthfulqa,0,5,0.2896192369936759,0.6985299127011413,0.011850850305182797,0.3,0.7,0.0,0.7044553378537327
truthfulqa_300_corr_5,truthfulqa,0,5,0.3713462216445116,0.00539268029265161,0.6232610980628368,0.3,0.0,0.7,0.31702322932407
truthfulqa_448_best,truthfulqa,0,5,0.10632215995449176,0.7213574175497868,0.17232042249572138,0.1,0.9,0.0,0.8075176287976474
truthfulqa_257_best,truthfulqa,0,5,0.4476042527921436,0.08914269721993608,0.4632530499879203,0.3,0.0,0.7,0.3207692222138962
truthfulqa_339_inc_2,truthfulqa,1,5,0.5084067609613515,0.09683470755157826,0.3947585314870702,0.7,0.0,0.3,0.29421397329511334
truthfulqa_282_inc_1,truthfulqa,1,5,0.1537019564422946,0.0046199869904433736,0.8416780565672621,0.0,0.0,1.0,0.4254590152740744
truthfulqa_495_inc_0,truthfulqa,1,5,0.25534454213603847,0.49734427247145574,0.24731118539250577,0.0,0.8,0.2,0.6209998651677087
truthfulqa_291_inc_1,truthfulqa,1,5,0.13990256497903397,0.2297167889738267,0.6303806460471393,0.1,0.1,0.8,0.5449071119973963
truthfulqa_514_corr_3,truthfulqa,0,5,0.3227912593071806,0.6293752326517346,0.04783350804108484,0.3,0.6,0.1,0.653291986672277
truthfulqa_668_inc_1,truthfulqa,1,5,0.07186053329078793,0.2562860290923637,0.6718534376168485,0.0,0.1,0.9,0.5922127479007879
truthfulqa_124_inc_1,truthfulqa,1,5,0.2721853694740401,0.0014882405183376224,0.7263263900076222,0.1,0.0,0.9,0.36465143552214874
truthfulqa_77_corr_1,truthfulqa,0,5,0.04543360884554685,0.2887568750714464,0.6658095160830068,0.0,0.3,0.7,0.6216616331129498
truthfulqa_385_inc_0,truthfulqa,1,5,0.284866261966974,0.27709775759263755,0.43803598044038844,0.1,0.3,0.6,0.49611574781283174
truthfulqa_489_corr_1,truthfulqa,0,5,0.03513565088013136,0.10409078587048368,0.8607735632493849,0.0,0.0,1.0,0.5344775674951762
truthfulqa_144_inc_1,truthfulqa,1,5,0.009600662042038818,0.3341843771664901,0.6562149607914711,0.0,0.2,0.8,0.6622918575622256
truthfulqa_230_inc_5,truthfulqa,1,5,0.3403606480411673,0.0025389250197656115,0.6571004269390672,0.5,0.0,0.5,0.3310891384892992
truthfulqa_645_inc_2,truthfulqa,1,5,0.4492192983850079,0.08174305109590224,0.46903765051908985,0.3,0.0,0.7,0.31626187635544717
truthfulqa_536_best,truthfulqa,0,5,0.09424291385469497,0.4817747922258688,0.4239822939194364,0.1,0.5,0.4,0.693765939185587
truthfulqa_397_corr_2,truthfulqa,0,5,0.009725173070742337,0.6654673233192894,0.3248075036099682,0.0,0.8,0.2,0.8278710751242735
truthfulqa_33_inc_2,truthfulqa,1,5,0.10936829404809856,0.059609634016354815,0.8310220719355466,0.0,0.0,1.0,0.4751206699841281
truthfulqa_675_corr_2,truthfulqa,0,5,0.12073340662419434,0.03425130122813518,0.8450152921476703,0.0,0.0,1.0,0.45675894730197036
truthfulqa_335_best,truthfulqa,0,5,0.10095993289663749,0.3742423195186353,0.5247977475847272,0.1,0.6,0.3,0.6366411933109989
truthfulqa_218_inc_0,truthfulqa,1,5,0.09967632711329692,0.06612751475024539,0.8341961581364578,0.0,0.0,1.0,0.4832255938184743
truthfulqa_296_corr_2,truthfulqa,0,5,0.34478840552811063,0.02746383041469087,0.6277477640571985,0.4,0.0,0.6,0.3413377124432901
truthfulqa_640_corr_1,truthfulqa,0,5,0.3906307197934269,0.0023988932117213133,0.606970386994852,0.4,0.0,0.6,0.3058840867091473
truthfulqa_457_inc_3,truthfulqa,1,5,0.00536537651277755,0.4620791474361347,0.5325554760510877,0.0,0.4,0.6,0.7283568854616785
truthfulqa_137_inc_2,truthfulqa,1,5,0.9892645287227996,0.0016826099130041097,0.009052861364196496,1.0,0.0,0.0,0.006209040595102358
truthfulqa_71_inc_2,truthfulqa,1,5,0.6321906840523039,0.1113289934763407,0.25648032247135555,1.0,0.0,0.0,0.23956915471201848
truthfulqa_313_corr_2,truthfulqa,0,5,0.08331101591006244,0.48019945200766256,0.4364895320822749,0.0,0.6,0.4,0.6984442180488
truthfulqa_81_best,truthfulqa,0,5,0.08351415799688994,0.5216779896009609,0.39480785240214916,0.0,0.6,0.4,0.7190819158020355
truthfulqa_108_inc_2,truthfulqa,1,5,0.1586314033357245,0.18197078762375332,0.6593978090405223,0.1,0.2,0.7,0.5116696921440145
truthfulqa_452_inc_2,truthfulqa,1,5,0.33927221590713275,0.14625159316862943,0.5144761909242377,0.5,0.1,0.4,0.4034896886307483
truthfulqa_749_best,truthfulqa,0,5,0.034004870052810596,0.06436683894609732,0.901628291001092,0.0,0.0,1.0,0.5151809844466433
truthfulqa_554_corr_1,truthfulqa,0,5,0.35030186219702114,0.07968544385477845,0.5700126939482003,0.3,0.0,0.7,0.3646917908288786
truthfulqa_51_corr_1,truthfulqa,0,5,0.13890966553675538,0.023181271567874022,0.8379090628953707,0.0,0.0,1.0,0.4421358030155594
truthfulqa_326_corr_1,truthfulqa,0,5,0.0977364835581527,0.6008789186353224,0.301384597806525,0.0,0.6,0.4,0.7515712175385849
truthfulqa_503_corr_2,truthfulqa,0,5,0.027330181539394188,0.03363628428914358,0.9390335341714622,0.0,0.0,1.0,0.5031530513748746
truthfulqa_810_corr_2,truthfulqa,0,5,0.11166875203992313,0.6966389584930343,0.1916922894670426,0.0,0.8,0.2,0.7924851032265555
truthfulqa_515_inc_2,truthfulqa,1,5,0.23786057847459358,0.6134075931767211,0.1487318283486853,0.2,0.7,0.1,0.6877735073510638
truthfulqa_356_inc_4,truthfulqa,1,5,0.0789083653160616,0.06030948120708161,0.8607821534768568,0.0,0.0,1.0,0.49070055794551004
truthfulqa_563_inc_3,truthfulqa,1,5,0.10176915849169273,0.8931070510635368,0.005123790444770358,0.1,0.9,0.0,0.895668946285922
truthfulqa_14_corr_3,truthfulqa,0,5,0.43938714082198815,0.12691695074907489,0.433695908428937,0.2,0.1,0.7,0.3437649049635434
truthfulqa_739_inc_0,truthfulqa,1,5,0.261265903148154,0.2992004413018032,0.4395336555500428,0.3,0.3,0.4,0.5189672690768246
truthfulqa_227_inc_0,truthfulqa,1,5,0.9891516769050883,0.000995935466304543,0.009852387628607259,1.0,0.0,0.0,0.005922129280608172
truthfulqa_787_inc_2,truthfulqa,1,5,0.42038564728817746,0.12770839547913526,0.45190595723268717,0.4,0.0,0.6,0.3536613740954788
truthfulqa_622_inc_3,truthfulqa,1,5,0.846594681054744,0.0022211160222328297,0.15118420292302334,0.8,0.0,0.2,0.0778132174837445
truthfulqa_303_inc_3,truthfulqa,1,5,0.2831660836546637,0.3901599559933552,0.32667396035198115,0.1,0.4,0.5,0.5534969361693458
truthfulqa_249_corr_2,truthfulqa,0,5,0.10037115310257597,0.8950626640001775,0.004566182897246621,0.1,0.9,0.0,0.8973457554488008
truthfulqa_431_inc_1,truthfulqa,1,5,0.5944774274506681,0.3919523884938674,0.013570184055464654,0.6,0.4,0.0,0.3987374805215997
truthfulqa_401_inc_2,truthfulqa,1,5,0.15908097445732733,0.27677727474675046,0.5641417507959222,0.1,0.3,0.6,0.5588481501447116
truthfulqa_431_corr_1,truthfulqa,0,5,0.5965878500747246,0.39264212119206093,0.010770028733214556,0.6,0.4,0.0,0.3980271355586682
truthfulqa_169_inc_4,truthfulqa,1,5,0.0805170382001382,0.2942120172323901,0.6252709445674716,0.0,0.4,0.6,0.6068474895161259
truthfulqa_161_inc_0,truthfulqa,1,5,0.5031172795693595,0.0022135416402218554,0.49466917879041883,0.8,0.0,0.2,0.24954813103543128
truthfulqa_35_corr_2,truthfulqa,0,5,0.21123617072551598,0.010267004791585118,0.7784968244828989,0.1,0.0,0.9,0.39951541703303456
truthfulqa_781_inc_0,truthfulqa,1,5,0.13250249076365522,0.28602617047090895,0.5814713387654359,0.1,0.4,0.5,0.576761839853627
truthfulqa_0_inc_0,truthfulqa,1,5,0.010589398559245105,0.20276042720789214,0.7866501742328627,0.0,0.3,0.7,0.5960855143243234
truthfulqa_469_inc_3,truthfulqa,1,5,0.13752814037713104,0.30087035211124336,0.5616015075116256,0.1,0.4,0.5,0.5816711058670562
truthfulqa_672_inc_3,truthfulqa,1,5,0.04765590344885384,0.17672055149555102,0.7756235450555952,0.0,0.1,0.9,0.5645323240233486
truthfulqa_157_best,truthfulqa,0,5,0.42368946430369264,0.003743078593394673,0.5725674571029127,0.3,0.0,0.7,0.290026807144851
truthfulqa_363_inc_4,truthfulqa,1,5,0.029937864514804447,0.32613649745565365,0.6439256380295418,0.0,0.2,0.8,0.6480993164704245
truthfulqa_462_corr_2,truthfulqa,0,5,0.009057878955833825,0.7338108315198031,0.2571312895243631,0.0,0.8,0.2,0.8623764762819847
truthfulqa_545_corr_1,truthfulqa,0,5,0.2689928700645374,0.41479206362440124,0.31621506631106133,0.1,0.5,0.4,0.572899596779932
truthfulqa_794_corr_1,truthfulqa,0,5,0.8027297541412706,0.013989279271260516,0.18328096658746879,1.0,0.0,0.0,0.10562976256499491
truthfulqa_415_corr_1,truthfulqa,0,5,0.45861923969451607,0.035230439171046506,0.5061503211344374,0.5,0.0,0.5,0.2883055997382652
truthfulqa_292_inc_3,truthfulqa,1,5,0.19977826387044023,0.3892847043604467,0.41093703176911306,0.2,0.4,0.4,0.5947532202450032
truthfulqa_376_best,truthfulqa,0,5,0.24655071754004015,0.06876958590631228,0.6846796965536476,0.0,0.0,1.0,0.41110943418313606
truthfulqa_650_inc_0,truthfulqa,1,5,0.00494614002452605,0.22829267314220947,0.7667611868332644,0.0,0.2,0.8,0.6116732665588417
truthfulqa_796_inc_1,truthfulqa,1,5,0.23184637527960286,0.27866385692891854,0.48948976779147857,0.3,0.3,0.4,0.5234087408246578
truthfulqa_156_corr_1,truthfulqa,0,5,0.11964282430591422,0.09535815240877603,0.7849990232853098,0.0,0.0,1.0,0.48785766405143094
truthfulqa_749_inc_0,truthfulqa,1,5,0.06376755038376308,0.07647787669612696,0.8597545729201099,0.0,0.0,1.0,0.5063551631561819
truthfulqa_45_corr_3,truthfulqa,0,5,0.2774416345507481,0.041695425018491314,0.6808629404307606,0.1,0.0,0.9,0.3821268952338716
truthfulqa_601_best,truthfulqa,0,5,0.12289045237802568,0.007184472956263181,0.869925074665711,0.0,0.0,1.0,0.4421470102891187
truthfulqa_43_corr_0,truthfulqa,0,5,0.5857596563679066,0.0024572531720239736,0.41178309046006956,0.6,0.0,0.4,0.20834879840205875
truthfulqa_68_corr_2,truthfulqa,0,5,0.3818532466505662,0.06128517437540534,0.5568615789740283,0.2,0.0,0.8,0.3397159638624195
truthfulqa_313_corr_1,truthfulqa,0,5,0.3548625213685767,0.00951522071929574,0.6356222579121276,0.1,0.0,0.9,0.3273263496753595
truthfulqa_346_corr_3,truthfulqa,0,5,0.03634366566336132,0.1531788925095283,0.8104774418271103,0.0,0.1,0.9,0.5584176134230835
truthfulqa_44_best,truthfulqa,0,5,0.11910677837089163,0.1152656272413626,0.7656275943877457,0.0,0.1,0.9,0.49807942443523545
truthfulqa_183_inc_2,truthfulqa,1,5,0.04480055586581618,0.0064667383361505975,0.9487327057980333,0.0,0.0,1.0,0.4808330912351672
truthfulqa_417_inc_3,truthfulqa,1,5,0.20490194696137856,0.6479989626497209,0.1470990903889005,0.1,0.6,0.3,0.7215485078441711
truthfulqa_485_inc_4,truthfulqa,1,5,0.043758685121877625,0.061571524890249064,0.8946697899878734,0.0,0.0,1.0,0.5089064198841857
truthfulqa_411_best,truthfulqa,0,5,0.039707638861137116,0.13922964527463053,0.8210627158642323,0.0,0.0,1.0,0.5497610032067467
truthfulqa_97_inc_2,truthfulqa,1,5,0.02177265615791373,0.8191113529435443,0.159115990898542,0.0,0.9,0.1,0.8986693483928153
truthfulqa_300_corr_2,truthfulqa,0,5,0.5972263213635727,0.0023031638543916507,0.40047051478203566,0.6,0.0,0.4,0.20253842124540947
truthfulqa_46_inc_2,truthfulqa,1,5,0.22865449362623655,0.44344644772901864,0.3278990586447449,0.1,0.5,0.4,0.607395977051391
truthfulqa_402_inc_0,truthfulqa,1,5,0.14474482445173562,0.36096720307052205,0.49428797247774225,0.1,0.4,0.5,0.6081111893093931
truthfulqa_139_corr_0,truthfulqa,0,5,0.15295748413130772,0.07426474085853337,0.772777775010159,0.1,0.0,0.9,0.46065362836361284
truthfulqa_621_inc_0,truthfulqa,1,5,0.565703351495813,0.20755639441869905,0.22674025408548792,0.6,0.4,0.0,0.320926521461443
truthfulqa_181_inc_0,truthfulqa,1,5,0.6121988316447455,0.001717594959958524,0.386083573395296,0.3,0.0,0.7,0.1947593816576065
truthfulqa_367_best,truthfulqa,0,5,0.01540427133336765,0.3164616124074423,0.66813411625919,0.0,0.3,0.7,0.6505286705370372
truthfulqa_397_corr_1,truthfulqa,0,5,0.00268818332697159,0.9372971962179608,0.06001462045506763,0.0,1.0,0.0,0.9673045064454946
truthfulqa_70_inc_2,truthfulqa,1,5,0.003431823752134506,0.9934529479446266,0.0031152283032390045,0.0,1.0,0.0,0.995010562096246
truthfulqa_126_inc_6,truthfulqa,1,5,0.004095611730403114,0.9910213167441644,0.004883071525432531,0.0,1.0,0.0,0.9934628525068806
truthfulqa_276_corr_3,truthfulqa,0,5,0.22742140173426684,0.024523722434486583,0.7480548758312465,0.0,0.0,1.0,0.39855116035010985
truthfulqa_103_corr_3,truthfulqa,0,5,0.5996019699380024,0.020670077179940044,0.3797279528820577,0.6,0.0,0.4,0.2105340536209689
truthfulqa_98_best,truthfulqa,0,5,0.2407063185354415,0.27905984353241436,0.48023383793214414,0.0,0.3,0.7,0.5191767624984864
truthfulqa_31_inc_0,truthfulqa,1,5,0.9930479701722075,0.0006582019920399227,0.00629382783575267,1.0,0.0,0.0,0.0038051159099162578
truthfulqa_513_best,truthfulqa,0,5,0.0362831922675924,0.061333423460359825,0.9023833842720477,0.0,0.0,1.0,0.5125251155963837
truthfulqa_550_best,truthfulqa,0,5,0.08760057082103166,0.4689524116334599,0.4434470175455084,0.0,0.4,0.6,0.6906759204062141
truthfulqa_580_inc_2,truthfulqa,1,5,0.14066119547471856,0.7860911805567902,0.07324762396849126,0.1,0.9,0.0,0.8227149925410358
truthfulqa_61_inc_3,truthfulqa,1,5,0.09881522094807663,0.3322258268711894,0.5689589521807339,0.0,0.4,0.6,0.6167053029615563
truthfulqa_750_inc_0,truthfulqa,1,5,0.062429651024612086,0.08837865747081852,0.8491916915045694,0.0,0.0,1.0,0.5129745032231032
truthfulqa_273_best,truthfulqa,0,5,0.2078266055724395,0.013530959383497177,0.7786424350440634,0.2,0.0,0.8,0.4028521769055289
truthfulqa_664_inc_4,truthfulqa,1,5,0.14567852057113595,0.08655718311064309,0.767764296318221,0.1,0.0,0.9,0.47043933126975357
truthfulqa_178_inc_1,truthfulqa,1,5,0.6388986126673417,0.16092909789623513,0.20017228943642315,1.0,0.0,0.0,0.2610152426144467
truthfulqa_170_inc_0,truthfulqa,1,5,0.10013479737807743,0.5773950041646152,0.32247019845730746,0.0,0.6,0.4,0.738630103393269
truthfulqa_746_inc_1,truthfulqa,1,5,0.7006520115743349,0.01953936644455195,0.27980862198111334,0.6,0.0,0.4,0.15944367743510862
truthfulqa_753_best,truthfulqa,0,5,0.052407265611049816,0.5994631442209994,0.34812959016795064,0.0,0.5,0.5,0.7735279393049748
truthfulqa_254_corr_2,truthfulqa,0,5,0.05077680739666014,0.049188781182393185,0.9000344114209466,0.0,0.0,1.0,0.4992059868928665
truthfulqa_751_corr_1,truthfulqa,0,5,0.08805769396830607,0.10559681682869426,0.8063454892029996,0.0,0.0,1.0,0.5087695614301941
truthfulqa_382_corr_1,truthfulqa,0,5,0.0044791481736355335,0.8827017736881982,0.11281907813816623,0.0,0.9,0.1,0.9391113127572813
truthfulqa_453_inc_7,truthfulqa,1,5,0.226154783500488,0.11551405814569324,0.6583311583538187,0.3,0.1,0.6,0.44467963732260263
truthfulqa_275_inc_0,truthfulqa,1,5,0.1755591888446097,0.15603022426886187,0.6684105868865284,0.0,0.0,1.0,0.4902355177121261
truthfulqa_813_inc_5,truthfulqa,1,5,0.2525426693273008,0.5000076021475767,0.24744972852512256,0.2,0.6,0.2,0.6237324664101379
truthfulqa_572_corr_1,truthfulqa,0,5,0.5930566476724933,0.3979040819477249,0.009039270379781823,0.6,0.4,0.0,0.4024237171376158
truthfulqa_271_inc_3,truthfulqa,1,5,0.42951242271475365,0.3718266719062719,0.19866090537897443,0.3,0.4,0.3,0.4711571245957591
truthfulqa_115_corr_2,truthfulqa,0,5,0.15119682659894534,0.47457782680732485,0.37422534659372986,0.1,0.7,0.2,0.6616905001041897
truthfulqa_204_best,truthfulqa,0,5,0.07688459779082399,0.14195910828849317,0.7811562939206829,0.0,0.1,0.9,0.5325372552488346
truthfulqa_44_inc_4,truthfulqa,1,5,0.03723173542033555,0.235799278037864,0.7269689865418004,0.0,0.1,0.9,0.5992837713087642
truthfulqa_81_corr_1,truthfulqa,0,5,0.18828429885303144,0.23756282054969335,0.5741528805972752,0.1,0.2,0.7,0.524639260848331
truthfulqa_564_inc_4,truthfulqa,1,5,0.5791476320450999,0.4001006644407708,0.02075170351412935,0.6,0.4,0.0,0.4104765161978355
truthfulqa_237_corr_2,truthfulqa,0,5,0.07284484750697087,0.7270941551474832,0.2000609973455459,0.0,0.8,0.2,0.8271246538202561
truthfulqa_348_corr_3,truthfulqa,0,5,0.06507903809467323,0.05026999352858754,0.8846509683767392,0.0,0.0,1.0,0.4925954777169571
truthfulqa_357_inc_0,truthfulqa,1,5,0.06997490857350737,0.1494373956231218,0.7805876958033708,0.0,0.0,1.0,0.5397312435248072
truthfulqa_71_inc_3,truthfulqa,1,5,0.2984765752132065,0.40099723974954316,0.30052618503725037,0.6,0.3,0.1,0.5512603322681684
truthfulqa_134_inc_3,truthfulqa,1,5,0.1319961940730485,0.5084715910489365,0.359532214878015,0.1,0.5,0.4,0.6882376984879439
truthfulqa_12_inc_1,truthfulqa,1,5,0.297827131613525,0.6979384124998462,0.004234455886628689,0.3,0.7,0.0,0.7000556404431606
truthfulqa_718_inc_0,truthfulqa,1,5,0.23195565101691806,0.15849428440294894,0.6095500645801329,0.1,0.0,0.9,0.4632693166930154
truthfulqa_468_corr_2,truthfulqa,0,5,0.01754780268260875,0.1947551079818563,0.787697089335535,0.0,0.1,0.9,0.5886036526496238
truthfulqa_6_inc_4,truthfulqa,1,5,0.05693888328505101,0.3197023795137493,0.6233587372011997,0.0,0.1,0.9,0.6313817481143491
truthfulqa_524_corr_1,truthfulqa,0,5,0.9733894219841546,0.0010630685322256513,0.0255475094836199,1.0,0.0,0.0,0.013836823274035601
truthfulqa_646_corr_2,truthfulqa,0,5,0.6828665466819535,0.01484208934772047,0.3022913639703259,0.4,0.0,0.6,0.16598777133288342
truthfulqa_683_corr_2,truthfulqa,0,5,0.046928416707263956,0.3676262381512104,0.5854453451415257,0.0,0.3,0.7,0.6603489107219733
truthfulqa_590_inc_3,truthfulqa,1,5,0.011514539805924404,0.8993979408940577,0.08908751930001797,0.0,0.9,0.1,0.9439417005440667
truthfulqa_718_corr_1,truthfulqa,0,5,0.2486407889029027,0.16576624162272136,0.5855929694743759,0.3,0.1,0.6,0.4585627263599093
truthfulqa_395_corr_1,truthfulqa,0,5,0.3440181442503428,0.3380167510983082,0.3179651046513491,0.3,0.3,0.4,0.49699930342398274
truthfulqa_565_corr_2,truthfulqa,0,5,0.306277328366364,0.6797744705799295,0.013948201053706638,0.3,0.7,0.0,0.6867485711067828
truthfulqa_558_inc_3,truthfulqa,1,5,0.10598798006772954,0.8795543955060126,0.014457624426257868,0.1,0.9,0.0,0.8867832077191415
truthfulqa_90_corr_0,truthfulqa,0,5,0.08877974484092066,0.02186506631186939,0.88935518884721,0.0,0.0,1.0,0.4665426607354744
truthfulqa_493_inc_2,truthfulqa,1,5,0.35199040616470767,0.0024922135899257554,0.6455173802453665,0.3,0.0,0.7,0.325250903712609
truthfulqa_66_inc_1,truthfulqa,1,5,0.022755302085952687,0.0811095772832281,0.8961351206308192,0.0,0.0,1.0,0.5291771375986377
truthfulqa_171_corr_1,truthfulqa,0,5,0.030898218311742276,0.06685764278853878,0.9022441388997189,0.0,0.0,1.0,0.5179797122383982
truthfulqa_249_inc_3,truthfulqa,1,5,0.10086616396125278,0.88463093219074,0.014502903848007143,0.1,0.9,0.0,0.8918823841147435
truthfulqa_456_best,truthfulqa,0,5,0.11101734231034428,0.12013490672492089,0.7688477509647348,0.0,0.1,0.9,0.5045587822072883
truthfulqa_48_inc_0,truthfulqa,1,5,0.5942045230166643,0.0010252730826346083,0.4047702039007011,0.6,0.0,0.4,0.20341037503298517
truthfulqa_673_inc_2,truthfulqa,1,5,0.043041955938616275,0.23269820193950283,0.7242598421218809,0.0,0.1,0.9,0.5948281230004433
truthfulqa_573_inc_9,truthfulqa,1,5,0.9864530384227056,0.0015069029426144486,0.012040058634679846,1.0,0.0,0.0,0.0075269322599543715
truthfulqa_111_inc_0,truthfulqa,1,5,0.973503986540528,0.0031319932349589802,0.02336402022451308,1.0,0.0,0.0,0.014814003347215521
truthfulqa_208_inc_0,truthfulqa,1,5,0.09548380061169252,0.1757613917992495,0.728754807589058,0.0,0.1,0.9,0.5401387955937784
truthfulqa_625_inc_0,truthfulqa,1,5,0.9924273484400491,0.0008786263553052981,0.006694025204645583,1.0,0.0,0.0,0.004225638957628089
truthfulqa_313_corr_4,truthfulqa,0,5,0.06365761615846596,0.32687618554488185,0.6094661982966523,0.0,0.3,0.7,0.631609284693208
truthfulqa_350_inc_3,truthfulqa,1,5,0.01174295113777968,0.10894991917748251,0.8793071296847377,0.0,0.0,1.0,0.5486034840198514
truthfulqa_320_inc_0,truthfulqa,1,5,0.19970145551578167,0.2780546748645504,0.5222438696196681,0.1,0.2,0.7,0.5391766096743844
truthfulqa_610_inc_0,truthfulqa,1,5,0.16131037861674166,0.05467593823832519,0.7840136831449331,0.1,0.0,0.9,0.44668277981079174
truthfulqa_296_inc_1,truthfulqa,1,5,0.04887128189056892,0.23114153827950384,0.7199871798299273,0.0,0.2,0.8,0.5911351281944675
truthfulqa_202_inc_0,truthfulqa,1,5,0.20460157297565132,0.060852131235612214,0.7345462957887365,0.0,0.0,1.0,0.4281252791299805
truthfulqa_789_inc_0,truthfulqa,1,5,0.1858153734211896,0.032486785484468754,0.7816978410943417,0.1,0.0,0.9,0.4233357060316396
truthfulqa_89_best,truthfulqa,0,5,0.9926156992750614,0.0008338452562155332,0.006550455468722992,1.0,0.0,0.0,0.004109072990577029
truthfulqa_658_inc_1,truthfulqa,1,5,0.17118259993247087,0.20265392222761203,0.6261634778399171,0.0,0.2,0.8,0.5157356611475705
truthfulqa_280_corr_1,truthfulqa,0,5,0.23799785523454728,0.015306099762810424,0.7466960450026423,0.1,0.0,0.9,0.3886541222641316
truthfulqa_204_inc_0,truthfulqa,1,5,0.029792356953753367,0.0022566899866554003,0.9679509530595913,0.0,0.0,1.0,0.48623216651645107
truthfulqa_611_inc_1,truthfulqa,1,5,0.6381008986470793,0.0019805827429445074,0.3599185186099763,0.9,0.0,0.1,0.18193984204793268
truthfulqa_816_corr_3,truthfulqa,0,5,0.015809958044498088,0.4980758248647918,0.4861142170907101,0.0,0.6,0.4,0.7411329334101469
truthfulqa_691_corr_1,truthfulqa,0,5,0.18807685891287054,0.07594911057582727,0.7359740305113022,0.1,0.1,0.8,0.44393612583147835
truthfulqa_335_inc_3,truthfulqa,1,5,0.24933882478419261,0.42925445000924095,0.32140672520656643,0.1,0.5,0.4,0.5899578126125242
truthfulqa_150_inc_1,truthfulqa,1,5,0.16765060244152405,0.27526588415662484,0.5570835134018511,0.0,0.2,0.8,0.5538076408575504
truthfulqa_104_best,truthfulqa,0,5,0.693559819025881,0.0015524185066651869,0.30488776246745364,1.0,0.0,0.0,0.153996299740392
truthfulqa_499_corr_1,truthfulqa,0,5,0.09528149626085317,0.10817882248924773,0.796539681249899,0.0,0.0,1.0,0.5064486631141972
truthfulqa_93_best,truthfulqa,0,5,0.4666824963055463,0.013944485895346262,0.5193730177991074,0.5,0.0,0.5,0.27363099479489994
truthfulqa_4_inc_4,truthfulqa,1,5,0.4749837845554373,0.017461365029837465,0.5075548504147251,0.3,0.0,0.7,0.27123879023720004
truthfulqa_607_best,truthfulqa,0,5,0.20042996766909255,0.60055828789215,0.1990117444387574,0.2,0.6,0.2,0.7000641601115287
truthfulqa_335_inc_2,truthfulqa,1,5,0.1163836621046026,0.40689886851593526,0.4767174693794621,0.0,0.5,0.5,0.6452576032056663
truthfulqa_477_inc_0,truthfulqa,1,5,0.021590249613911962,0.7578652609025295,0.22054448948355856,0.0,1.0,0.0,0.8681375056443088
truthfulqa_348_corr_2,truthfulqa,0,5,0.01313968834082988,0.32605261118978485,0.6608077004693852,0.0,0.1,0.9,0.6564564614244774
truthfulqa_730_inc_0,truthfulqa,1,5,0.9864461222088915,0.001434460411693365,0.012119417379414988,1.0,0.0,0.0,0.007494169101400858
truthfulqa_394_inc_1,truthfulqa,1,5,0.1372710145080424,0.10866063214201171,0.7540683533499458,0.0,0.0,1.0,0.4856948088169846
truthfulqa_58_inc_3,truthfulqa,1,5,0.20974089060499557,0.008007674895470896,0.7822514344995335,0.1,0.0,0.9,0.39913339214523763
truthfulqa_353_corr_1,truthfulqa,0,5,0.0559006533310399,0.05017764810043068,0.8939216985685295,0.0,0.0,1.0,0.49713849738469545
truthfulqa_293_corr_1,truthfulqa,0,5,0.7934918056185831,0.00175003545658459,0.2047581589248324,0.6,0.0,0.4,0.10412911491900079
truthfulqa_374_inc_3,truthfulqa,1,5,0.14194244871599065,0.12718196381706715,0.7308755874669421,0.0,0.0,1.0,0.4926197575505382
truthfulqa_594_inc_0,truthfulqa,1,5,0.3077500159779897,0.08595002943866342,0.6062999545833468,0.3,0.0,0.7,0.38910000673033684
truthfulqa_265_inc_0,truthfulqa,1,5,0.39298519457155445,0.12760365367972742,0.4794111517487181,0.3,0.1,0.6,0.3673092295540865
truthfulqa_504_inc_0,truthfulqa,1,5,0.18967077563780885,0.08675319695331939,0.7235760274088718,0.3,0.0,0.7,0.4485412106577553
truthfulqa_583_corr_1,truthfulqa,0,5,0.562947817735974,0.06581242121642496,0.37123976104760115,0.7,0.0,0.3,0.2514323017402255
truthfulqa_427_best,truthfulqa,0,5,0.40352112295693193,0.5844085796316327,0.012070297411435272,0.4,0.6,0.0,0.5904437283373504
truthfulqa_479_inc_2,truthfulqa,1,5,0.08546085163984626,0.5444824680320731,0.37005668032808076,0.0,0.5,0.5,0.7295108081961135
truthfulqa_589_best,truthfulqa,0,5,0.3229766589883876,0.36348970982285617,0.3135336311887563,0.3,0.6,0.1,0.5202565254172343
truthfulqa_21_best,truthfulqa,0,5,0.28946410026765584,0.2454062088535182,0.46512969087882583,0.4,0.3,0.3,0.4779710542929311
truthfulqa_771_corr_2,truthfulqa,0,5,0.7978115968644338,0.0007753933544474685,0.20141300978111873,1.0,0.0,0.0,0.10148189824500684
truthfulqa_613_corr_2,truthfulqa,0,5,0.5035514169851302,0.010926738469714143,0.4855218445451556,0.4,0.0,0.6,0.25368766074229193
truthfulqa_604_inc_1,truthfulqa,1,5,0.8165560119891625,0.08113369893821157,0.1023102890726258,1.0,0.0,0.0,0.13228884347452446
truthfulqa_679_inc_0,truthfulqa,1,5,0.586094144242495,0.3994705929534106,0.014435262804094493,0.6,0.4,0.0,0.4066882243554578
truthfulqa_216_corr_3,truthfulqa,0,5,0.04836026953712908,0.21174966583132324,0.7398900646315477,0.0,0.0,1.0,0.5816946981470971
truthfulqa_462_inc_5,truthfulqa,1,5,0.021392132363603555,0.661119000980219,0.31748886665617737,0.0,0.8,0.2,0.8198634343083078
truthfulqa_728_best,truthfulqa,0,5,0.991215451633936,0.0011331343353825818,0.0076514140306814344,1.0,0.0,0.0,0.004958841350723299
truthfulqa_390_inc_2,truthfulqa,1,5,0.17351580664772778,0.26100772332258176,0.5654764700296905,0.0,0.2,0.8,0.543745958337427
truthfulqa_596_inc_1,truthfulqa,1,5,0.14232793730243629,0.10844989535178803,0.7492221673457756,0.0,0.1,0.9,0.4830609790246758
truthfulqa_465_best,truthfulqa,0,5,0.9752707205332843,0.0033487001547000276,0.021380579312015546,1.0,0.0,0.0,0.014038989810707801
truthfulqa_191_corr_1,truthfulqa,0,5,0.22102390547797182,0.027140083838295186,0.7518360106837328,0.1,0.0,0.9,0.4030580891801616
truthfulqa_347_inc_2,truthfulqa,1,5,0.0982953836506324,0.5975384433269698,0.3041661730223978,0.0,0.8,0.2,0.7496215298381688
truthfulqa_550_inc_7,truthfulqa,1,5,0.09232268153082136,0.5262297088270641,0.38144760964211455,0.1,0.7,0.2,0.7169535136481213
truthfulqa_47_corr_0,truthfulqa,0,5,0.44014445501614075,0.02365194551480211,0.536203599469057,0.3,0.0,0.7,0.2917537452493306
truthfulqa_319_best,truthfulqa,0,5,0.08020879601382278,0.22442498816831896,0.6953662158178583,0.0,0.1,0.9,0.5721080960772481
truthfulqa_491_corr_1,truthfulqa,0,5,0.20004638274257788,0.5248534623747229,0.2751001548826993,0.1,0.5,0.4,0.6624035398160725
truthfulqa_553_inc_5,truthfulqa,1,5,0.3138574216957042,0.200207403744984,0.4859351745593118,0.1,0.2,0.7,0.44317499102463986
truthfulqa_357_inc_2,truthfulqa,1,5,0.20799178073862556,0.20752461212648474,0.5844836071348897,0.0,0.1,0.9,0.49976641569392954
truthfulqa_497_best,truthfulqa,0,5,0.1838083716527426,0.7856187181313498,0.03057291021590756,0.2,0.8,0.0,0.8009051732393035
truthfulqa_685_corr_1,truthfulqa,0,5,0.0031528703195575275,0.6366817690140791,0.3601653606663632,0.0,0.6,0.4,0.8167644493472608
truthfulqa_782_inc_2,truthfulqa,1,5,0.19596637309517856,0.5150542195119024,0.288979407392919,0.2,0.6,0.2,0.659543923208362
truthfulqa_192_inc_3,truthfulqa,1,5,0.21394566156187217,0.002260656208327055,0.7837936822298008,0.0,0.0,1.0,0.39415749732322747
truthfulqa_43_corr_2,truthfulqa,0,5,0.36698366603139176,0.02004429651132031,0.6129720374572879,0.2,0.0,0.8,0.32653031523996423
truthfulqa_18_inc_0,truthfulqa,1,5,0.1069328632992292,0.19281763624299647,0.7002495004577745,0.0,0.2,0.8,0.5429423864718836
truthfulqa_327_corr_5,truthfulqa,0,5,0.5268617166794853,0.000879618080635686,0.4722586652398789,0.5,0.0,0.5,0.23700895070057515
truthfulqa_230_corr_3,truthfulqa,0,5,0.5335917855755834,0.0009353505539022186,0.46547286387051445,0.7,0.0,0.3,0.23367178248915946
truthfulqa_808_inc_0,truthfulqa,1,5,0.9914313389468455,0.0009139400158674914,0.007654721037286945,1.0,0.0,0.0,0.004741300534510964
truthfulqa_487_best,truthfulqa,0,5,0.4724417150937762,0.2170958421998935,0.3104624427063303,0.6,0.4,0.0,0.37232706355305867
truthfulqa_412_corr_1,truthfulqa,0,5,0.9711547531700966,0.003707973548391975,0.025137273281511496,1.0,0.0,0.0,0.016276610189147722
truthfulqa_221_inc_2,truthfulqa,1,5,0.6607083006852157,0.0034598559986844337,0.33583184331609994,0.6,0.0,0.4,0.1713757776567344
truthfulqa_588_corr_1,truthfulqa,0,5,0.5313557274901862,0.003683154925947404,0.46496111758386627,0.5,0.0,0.5,0.23616371371788053
truthfulqa_490_inc_4,truthfulqa,1,5,0.22191497016309308,0.41225361744602684,0.36583141239088,0.1,0.5,0.4,0.5951693236414668
truthfulqa_58_corr_2,truthfulqa,0,5,0.01806160253373088,0.21776276150160875,0.7641756359646603,0.0,0.1,0.9,0.5998505794839389
truthfulqa_412_inc_3,truthfulqa,1,5,0.9711547531700966,0.003707973548391975,0.025137273281511496,1.0,0.0,0.0,0.016276610189147722
truthfulqa_16_inc_3,truthfulqa,1,5,0.1535216621862622,0.020450860505211978,0.8260274773085259,0.0,0.0,1.0,0.43346459915947494
truthfulqa_495_inc_2,truthfulqa,1,5,0.6100697857168695,0.1763670755764375,0.21356313870669297,0.8,0.0,0.2,0.283148644929784
truthfulqa_464_corr_1,truthfulqa,0,5,0.15507302715542495,0.13514972622517898,0.709777246619396,0.1,0.2,0.7,0.490038349534877
truthfulqa_573_inc_11,truthfulqa,1,5,0.9864530384227056,0.0015069029426144486,0.012040058634679846,1.0,0.0,0.0,0.0075269322599543715
truthfulqa_572_inc_1,truthfulqa,1,5,0.7618650725497023,0.20551223274475655,0.032622694705541314,0.8,0.2,0.0,0.2218235800975272
truthfulqa_13_corr_3,truthfulqa,0,5,0.11816819491424638,0.27658800043680476,0.6052438046489488,0.1,0.2,0.7,0.5792099027612791
truthfulqa_688_corr_1,truthfulqa,0,5,0.46360698680203294,0.013834015466636606,0.5225589977313305,0.4,0.0,0.6,0.27511351433230186
truthfulqa_785_corr_1,truthfulqa,0,5,0.12759089650495983,0.5619519250962645,0.3104571783987758,0.1,0.5,0.4,0.7171805142956523
truthfulqa_129_best,truthfulqa,0,5,0.0941314616080305,0.8957976364154909,0.010070901976478672,0.1,0.9,0.0,0.9008330874037302
truthfulqa_403_best,truthfulqa,0,5,0.6605394142068135,0.2103823348998975,0.12907825089328911,0.9,0.1,0.0,0.2749214603465421
truthfulqa_774_inc_1,truthfulqa,1,5,0.3443834465268661,0.2859348672710102,0.36968168620212377,0.1,0.4,0.5,0.4707757103720721
truthfulqa_41_inc_3,truthfulqa,1,5,0.29612750766933976,0.020442297814828182,0.6834301945158321,0.2,0.0,0.8,0.36215739507274425
truthfulqa_519_inc_1,truthfulqa,1,5,0.3155234238977923,0.48916844231981643,0.19530813378239129,0.3,0.5,0.2,0.5868225092110121
truthfulqa_434_inc_0,truthfulqa,1,5,0.9800491248068756,0.001964411102397215,0.01798646409072722,1.0,0.0,0.0,0.010957643147760826
truthfulqa_485_inc_5,truthfulqa,1,5,0.08924710362332178,0.052110449688282524,0.8586424466883958,0.0,0.0,1.0,0.48143167303248047
truthfulqa_783_best,truthfulqa,0,5,0.38801241018902055,0.09292499989742872,0.5190625899135506,0.3,0.0,0.7,0.35245629485420404
truthfulqa_609_inc_1,truthfulqa,1,5,0.24289636621035937,0.25913818542656736,0.49796544836307327,0.2,0.3,0.5,0.508120909608104
truthfulqa_567_inc_6,truthfulqa,1,5,0.31635135641289874,0.5911991289568815,0.09244951463021968,0.3,0.7,0.0,0.6374238862719914
truthfulqa_761_best,truthfulqa,0,5,0.227708496806086,0.0016783812375256578,0.7706131219563883,0.1,0.0,0.9,0.38698494221571983
truthfulqa_436_inc_2,truthfulqa,1,5,0.22473341976371647,0.7504189423408045,0.02484763789547892,0.2,0.8,0.0,0.762842761288544
truthfulqa_39_inc_3,truthfulqa,1,5,0.34648146410039504,0.3308443584970458,0.3226741774025592,0.3,0.3,0.4,0.4921814471983254
truthfulqa_394_inc_2,truthfulqa,1,5,0.38015489934282687,0.04179499418854811,0.5780501064686251,0.3,0.0,0.7,0.33082004742286064
truthfulqa_653_corr_2,truthfulqa,0,5,0.3638643302464241,0.2321972467391878,0.4039384230143881,0.3,0.3,0.4,0.43416645824638184
truthfulqa_195_corr_2,truthfulqa,0,5,0.08146437141204,0.22875115949848618,0.6897844690894738,0.1,0.2,0.7,0.5736433940432231
truthfulqa_326_corr_2,truthfulqa,0,5,0.044951287435350526,0.6019409602507924,0.35310775231385716,0.0,0.6,0.4,0.7784948364077209
truthfulqa_309_inc_4,truthfulqa,1,5,0.4777697858570634,0.0015989881389163693,0.5206312260040202,0.3,0.0,0.7,0.26191460114092646
truthfulqa_10_inc_2,truthfulqa,1,5,0.9874491382084736,0.0010059617923357527,0.011544899999190698,1.0,0.0,0.0,0.006778411791931102
truthfulqa_306_best,truthfulqa,0,5,0.09689294448031874,0.35532260485866474,0.5477844506610166,0.0,0.3,0.7,0.629214830189173
truthfulqa_440_best,truthfulqa,0,5,0.20260030296177972,0.7544360378272709,0.042963659210949426,0.2,0.8,0.0,0.7759178674327456
truthfulqa_274_inc_1,truthfulqa,1,5,0.16508736522226522,0.28015451939359376,0.5547581153841409,0.0,0.4,0.6,0.5575335770856642
truthfulqa_202_inc_1,truthfulqa,1,5,0.11363934604317731,0.256834568973157,0.6295260849836658,0.0,0.1,0.9,0.5715976114649899
truthfulqa_174_inc_2,truthfulqa,1,5,0.5925538404712618,0.3998995503256538,0.0075466092030842995,0.6,0.4,0.0,0.4036728549271959
truthfulqa_82_inc_3,truthfulqa,1,5,0.11343306534996404,0.426548152844088,0.46001878180594796,0.1,0.5,0.4,0.656557543747062
truthfulqa_575_inc_7,truthfulqa,1,5,0.9860876456396348,0.0013767428914761282,0.01253561146888904,1.0,0.0,0.0,0.007644548625920649
truthfulqa_419_inc_1,truthfulqa,1,5,0.9914177244688263,0.0008894218123472372,0.007692853718826324,1.0,0.0,0.0,0.004735848671760399
truthfulqa_388_corr_1,truthfulqa,0,5,0.07891725264182999,0.19250894811954639,0.7285737992386236,0.0,0.2,0.8,0.5567958477388582
truthfulqa_508_inc_1,truthfulqa,1,5,0.07665854515879184,0.12195247669495728,0.8013889781462508,0.0,0.0,1.0,0.5226469657680827
truthfulqa_444_corr_2,truthfulqa,0,5,0.5956198704860778,0.0015387588714307417,0.4028413706424915,0.3,0.0,0.7,0.20295944419267647
truthfulqa_755_corr_1,truthfulqa,0,5,0.08938008188388535,0.25923311207215105,0.6513868060439636,0.0,0.3,0.7,0.5849265150941328
truthfulqa_59_corr_1,truthfulqa,0,5,0.17103740136439932,0.246660211640983,0.5823023869946177,0.0,0.3,0.7,0.5378114051382918
truthfulqa_583_inc_2,truthfulqa,1,5,0.45896781764056904,0.008392899579409255,0.5326392827800218,0.6,0.0,0.4,0.27471254096942016
truthfulqa_381_inc_4,truthfulqa,1,5,0.02900346217719591,0.187072498178186,0.7839240396446181,0.0,0.0,1.0,0.579034518000495
truthfulqa_506_inc_2,truthfulqa,1,5,0.7899818984578195,0.004089043568487069,0.20592905797369337,0.6,0.0,0.4,0.10705357255533375
truthfulqa_470_corr_1,truthfulqa,0,5,0.2472821278745267,0.7286327760306802,0.024085096094792972,0.2,0.8,0.0,0.7406753240780767
truthfulqa_774_inc_2,truthfulqa,1,5,0.13015811074545924,0.7645579308318883,0.10528395842265241,0.1,0.9,0.0,0.8171999100432145
truthfulqa_735_best,truthfulqa,0,5,0.2987538030632963,0.10532782132608524,0.5959183756106184,0.2,0.0,0.8,0.4032870091313945
truthfulqa_365_inc_1,truthfulqa,1,5,0.13659335722252794,0.18148810293152634,0.6819185398459459,0.0,0.0,1.0,0.5224473728544993
truthfulqa_164_best,truthfulqa,0,5,0.6876872040846973,0.0014530720484781537,0.31085972386682464,0.4,0.0,0.6,0.1568829339818905
truthfulqa_279_inc_0,truthfulqa,1,5,0.19982288509805166,0.09192666729268095,0.7082504476092674,0.1,0.0,0.9,0.44605189109731463
truthfulqa_329_corr_2,truthfulqa,0,5,0.969952940816097,0.0015905173435753334,0.028456541840327438,1.0,0.0,0.0,0.01581878826373905
truthfulqa_300_corr_1,truthfulqa,0,5,0.30211703320117156,0.003744475440182584,0.6941384913586459,0.0,0.0,1.0,0.35081372111950554
truthfulqa_112_inc_1,truthfulqa,1,5,0.9512519746961676,0.004925236712234797,0.04382278859159757,1.0,0.0,0.0,0.02683663100803358
truthfulqa_115_best,truthfulqa,0,5,0.11053358215381451,0.4768071991884133,0.4126592186577723,0.1,0.5,0.4,0.6831368085172994
truthfulqa_156_inc_1,truthfulqa,1,5,0.06067317874708603,0.18722885650148227,0.7520979647514318,0.0,0.0,1.0,0.5632778388771982
truthfulqa_461_corr_3,truthfulqa,0,5,0.033427643568963626,0.7440444881991068,0.22252786823192966,0.0,0.8,0.2,0.8553084223150716
truthfulqa_462_inc_1,truthfulqa,1,5,0.052881198913886505,0.4137317183051657,0.5333870827809478,0.0,0.3,0.7,0.6804252596956396
truthfulqa_738_inc_2,truthfulqa,1,5,0.310590758285825,0.005261522373311179,0.6841477193408639,0.1,0.0,0.9,0.34733538204374315
truthfulqa_49_inc_1,truthfulqa,1,5,0.11727552181274277,0.4365600994869917,0.44616437870026554,0.0,0.6,0.4,0.6596422888371245
truthfulqa_174_corr_1,truthfulqa,0,5,0.9841319939150888,0.0008976809331978583,0.014970325151713499,1.0,0.0,0.0,0.008382843509054608
truthfulqa_127_corr_1,truthfulqa,0,5,0.0007633864909561492,0.9811824193332676,0.018054194175776268,0.0,1.0,0.0,0.9902095164211557
truthfulqa_361_inc_2,truthfulqa,1,5,0.16419906026171927,0.3872070943503692,0.44859384538791164,0.1,0.5,0.4,0.611504017044325
truthfulqa_327_inc_0,truthfulqa,1,5,0.6472456507336339,0.0009835604918953772,0.35177078877447066,0.6,0.0,0.4,0.1768689548791307
truthfulqa_41_corr_1,truthfulqa,0,5,0.37838811171249565,0.03562488638178759,0.5859870019057168,0.3,0.0,0.7,0.328618387334646
truthfulqa_80_inc_0,truthfulqa,1,5,0.262427454355749,0.2815218791053091,0.45605066653894183,0.1,0.3,0.6,0.5095472123747801
truthfulqa_311_inc_3,truthfulqa,1,5,0.02503392518614131,0.03941482440657038,0.9355512504072883,0.0,0.0,1.0,0.5071904496102145
truthfulqa_7_inc_0,truthfulqa,1,5,0.01818958228600934,0.014066810274814937,0.9677436074391756,0.0,0.0,1.0,0.49793861399440276
truthfulqa_366_inc_1,truthfulqa,1,5,0.12599994601346717,0.4747710152691851,0.3992290387173477,0.1,0.6,0.3,0.6743855346278589
truthfulqa_34_corr_0,truthfulqa,0,5,0.09281470667804699,0.8997909220403624,0.007394371281590607,0.1,0.9,0.0,0.9034881076811577
truthfulqa_209_corr_1,truthfulqa,0,5,0.5197135531928296,0.0034516690768870593,0.4768347777302832,0.7,0.0,0.3,0.24186905794202868
truthfulqa_565_inc_0,truthfulqa,1,5,0.40716659223365914,0.5762826958322621,0.016550711934078886,0.4,0.6,0.0,0.5845580517993015
truthfulqa_344_best,truthfulqa,0,5,0.019228957864180374,0.37142339173115874,0.609347650404661,0.0,0.2,0.8,0.6760972169334892
truthfulqa_629_best,truthfulqa,0,5,0.10727608455559974,0.3153120909518975,0.5774118244925028,0.1,0.2,0.7,0.6040180031981489
truthfulqa_471_best,truthfulqa,0,5,0.9721970669866724,0.0011019180026799118,0.02670101501064747,1.0,0.0,0.0,0.014452425508003647
truthfulqa_707_inc_1,truthfulqa,1,5,0.9925051466067734,0.0005498343883260088,0.006945019004900521,1.0,0.0,0.0,0.00402234389077627
truthfulqa_297_corr_1,truthfulqa,0,5,0.10666696135029052,0.5951577993899158,0.2981752392597937,0.1,0.8,0.1,0.7442454190198127
truthfulqa_272_corr_0,truthfulqa,0,5,0.27783258924084586,0.015096076522354621,0.7070713342367995,0.2,0.0,0.8,0.36863174364075435
truthfulqa_574_inc_0,truthfulqa,1,5,0.6461356419864306,0.3240952623834763,0.02976909563009305,0.6,0.4,0.0,0.3389798101985228
truthfulqa_803_inc_1,truthfulqa,1,5,0.24197186289769962,0.07907103754940084,0.6789570995528995,0.0,0.0,1.0,0.41854958732585057
truthfulqa_36_inc_0,truthfulqa,1,5,0.9897515753386914,0.0007469021229347406,0.009501522538373944,1.0,0.0,0.0,0.0054976633921217126
truthfulqa_12_inc_2,truthfulqa,1,5,0.0021104992289852037,0.9623202227702803,0.035569278000734436,0.0,1.0,0.0,0.9801048617706475
truthfulqa_317_corr_2,truthfulqa,0,5,0.5772357468198123,0.399833218334544,0.02293103484564387,0.6,0.4,0.0,0.4112987357573659
truthfulqa_625_best,truthfulqa,0,5,0.9918007119791792,0.0009230300886994994,0.007276257932121301,1.0,0.0,0.0,0.00456115905476015
truthfulqa_11_inc_0,truthfulqa,1,5,0.9762654955006861,0.00034015348383450067,0.02339435101547937,1.0,0.0,0.0,0.012037328991574186
truthfulqa_467_best,truthfulqa,0,5,0.10174207268547628,0.21152802342850122,0.6867299038860224,0.1,0.1,0.8,0.5548929753715124
truthfulqa_375_inc_1,truthfulqa,1,5,0.24866246939535933,0.004490215529507942,0.7468473150751327,0.1,0.0,0.9,0.3779138730670743
truthfulqa_706_best,truthfulqa,0,5,0.34706817046197247,0.13841012285015403,0.5145217066878736,0.1,0.0,0.9,0.3956709761940908
truthfulqa_483_corr_2,truthfulqa,0,5,0.21380938227407728,0.11079716685762878,0.675393450868294,0.0,0.1,0.9,0.44849389229177583
truthfulqa_443_corr_1,truthfulqa,0,5,0.39310319054429443,0.597983024660503,0.008913784795202282,0.4,0.6,0.0,0.6024399170581042
truthfulqa_175_corr_2,truthfulqa,0,5,0.2504744829554661,0.5436745823373832,0.20585093470715066,0.2,0.8,0.0,0.6466000496909585
truthfulqa_179_corr_3,truthfulqa,0,5,0.2322139387822207,0.5864208976106158,0.18136516360716343,0.2,0.7,0.1,0.6771034794141975
truthfulqa_786_corr_2,truthfulqa,0,5,0.180825811818181,0.4296726485539075,0.38950153962791145,0.1,0.5,0.4,0.6244234183678632
truthfulqa_135_inc_4,truthfulqa,1,5,0.05247204647355049,0.6836472978753021,0.26388065565114743,0.1,0.6,0.3,0.8155876257008758
truthfulqa_48_inc_3,truthfulqa,1,5,0.47929295535207217,0.007317930251365593,0.5133891143965623,0.5,0.0,0.5,0.2640124874496467
truthfulqa_83_corr_3,truthfulqa,0,5,0.0793013384586402,0.02392923369211552,0.8967694278492443,0.0,0.0,1.0,0.4723139476167377
truthfulqa_579_inc_1,truthfulqa,1,5,0.014863202165106509,0.9460263831740578,0.039110414660835556,0.0,1.0,0.0,0.9655815905044757
truthfulqa_272_inc_0,truthfulqa,1,5,0.08028490679258744,0.0688393586745393,0.8508757345328732,0.0,0.0,1.0,0.4942772259409759
truthfulqa_4_corr_5,truthfulqa,0,5,0.20657690260827347,0.14005688709273767,0.6533662102989888,0.2,0.0,0.8,0.46673999224223206
truthfulqa_278_corr_1,truthfulqa,0,5,0.10799751461895646,0.5219894185732594,0.37001306680778423,0.0,0.4,0.6,0.7069959519771516
truthfulqa_498_corr_2,truthfulqa,0,5,0.07008181529054706,0.0939571379381143,0.8359610467713386,0.0,0.0,1.0,0.5119376613237836
truthfulqa_472_inc_1,truthfulqa,1,5,0.008625507076011021,0.7671151957126645,0.22425929721132437,0.0,0.7,0.3,0.8792448443183267
truthfulqa_479_inc_3,truthfulqa,1,5,0.02753096391515361,0.6313773135354845,0.3410917225493619,0.0,0.7,0.3,0.8019231748101655
truthfulqa_141_best,truthfulqa,0,5,0.0011121545038831305,0.988379152035763,0.01050869346035384,0.0,1.0,0.0,0.9936334987659399
truthfulqa_455_best,truthfulqa,0,5,0.10372727903395429,0.3172711662815493,0.5790015546844963,0.0,0.3,0.7,0.6067719436237975
truthfulqa_243_corr_1,truthfulqa,0,5,0.21167394062557418,0.542124250827295,0.24620180854713086,0.2,0.6,0.2,0.6652251551008604
truthfulqa_221_inc_0,truthfulqa,1,5,0.316631947320593,0.008988447593797647,0.6743796050856093,0.3,0.0,0.7,0.3461782501366023
truthfulqa_481_corr_1,truthfulqa,0,5,0.0023768755873762736,0.9544506403994528,0.04317248401317086,0.0,1.0,0.0,0.9760368824060383
truthfulqa_768_inc_1,truthfulqa,1,5,0.6346197702843973,0.0020352978178309828,0.3633449318977716,0.6,0.0,0.4,0.1837077637667168
truthfulqa_401_inc_1,truthfulqa,1,5,0.14780078006934314,0.47229653950596556,0.37990268042469133,0.1,0.6,0.3,0.6622478797183112
truthfulqa_310_inc_4,truthfulqa,1,5,0.09979733889444692,0.6708064124528977,0.22939624865265537,0.1,0.7,0.2,0.7855045367792254
truthfulqa_719_corr_2,truthfulqa,0,5,0.03675663565064954,0.1599651131944742,0.8032782511548764,0.0,0.1,0.9,0.5616042387719125
truthfulqa_386_corr_1,truthfulqa,0,5,0.07668859626413113,0.39069019600403215,0.5326212077318366,0.0,0.2,0.8,0.6570007998699505
truthfulqa_121_corr_1,truthfulqa,0,5,0.13310935294325832,0.7889554523063708,0.0779351947503709,0.1,0.8,0.1,0.8279230496815562
truthfulqa_313_inc_2,truthfulqa,1,5,0.021307138130517007,0.3016145510540601,0.6770783108154228,0.0,0.2,0.8,0.6401537064617715
truthfulqa_574_inc_7,truthfulqa,1,5,0.9854505985765558,0.002642332938446938,0.011907068484997252,1.0,0.0,0.0,0.008595867180945564
truthfulqa_188_corr_1,truthfulqa,0,5,0.19642804789428886,0.002323951449507353,0.8012480006562038,0.1,0.0,0.9,0.4029479517776093
truthfulqa_569_inc_0,truthfulqa,1,5,0.5044041223000938,0.46640177178465325,0.029194105915252972,0.4,0.6,0.0,0.48099882474227973
truthfulqa_16_inc_4,truthfulqa,1,5,0.12306772659533698,0.20132477177281832,0.6756075016318446,0.0,0.2,0.8,0.5391285225887406
truthfulqa_659_best,truthfulqa,0,5,0.39877894021566285,0.13972136462763346,0.46149969515670364,0.5,0.0,0.5,0.3704712122059853
truthfulqa_15_inc_2,truthfulqa,1,5,0.07000237902652458,0.2938977634260129,0.6360998575474626,0.0,0.2,0.8,0.6119476921997442
truthfulqa_313_best,truthfulqa,0,5,0.04092477265929995,0.5276698632272991,0.431405364113401,0.0,0.6,0.4,0.7433725452839997
truthfulqa_49_corr_1,truthfulqa,0,5,0.08414354818254505,0.23297793790705926,0.6828785139103957,0.1,0.2,0.7,0.5744171948622571
truthfulqa_389_corr_1,truthfulqa,0,5,0.4840550436039077,0.1541610194897826,0.36178393690630967,0.6,0.3,0.1,0.3350529879429375
truthfulqa_450_best,truthfulqa,0,5,0.38409323483400876,0.46104725583963757,0.15485950932635364,0.3,0.4,0.3,0.5384770105028144
truthfulqa_661_best,truthfulqa,0,5,0.2812925198806587,0.06374576802755846,0.6549617120917828,0.3,0.0,0.7,0.3912266240734499
truthfulqa_787_inc_4,truthfulqa,1,5,0.3141445384076895,0.08623834157121721,0.5996171200210931,0.5,0.0,0.5,0.3860469015817638
truthfulqa_409_corr_2,truthfulqa,0,5,0.23923496527918037,0.026486922798866934,0.7342781119219527,0.0,0.0,1.0,0.3936259787598433
truthfulqa_621_inc_1,truthfulqa,1,5,0.881139108010981,0.0014278498148953677,0.11743304217412365,1.0,0.0,0.0,0.06014437090195719
truthfulqa_463_inc_2,truthfulqa,1,5,0.019222455028414753,0.2538574917732481,0.7269200531983372,0.0,0.1,0.9,0.6173175183724167
truthfulqa_416_inc_3,truthfulqa,1,5,0.521560927689915,0.09864364552301111,0.37979542678707395,0.3,0.0,0.7,0.2885413589165481
truthfulqa_776_inc_0,truthfulqa,1,5,0.3138841108484241,0.24998066219824427,0.43613522695333157,0.2,0.3,0.5,0.46804827567491003
truthfulqa_245_inc_1,truthfulqa,1,5,0.4443880213474726,0.3544881533646854,0.20112382528784187,0.3,0.4,0.3,0.45505006600860637
truthfulqa_693_corr_2,truthfulqa,0,5,0.020195724146656262,0.07637561007089154,0.9034286657824524,0.0,0.0,1.0,0.5280899429621178
truthfulqa_18_corr_2,truthfulqa,0,5,0.03474325541031723,0.12140244465570663,0.8438542999339761,0.0,0.1,0.9,0.5433295946226947
truthfulqa_34_inc_3,truthfulqa,1,5,0.05348937706457537,0.8710806056087028,0.07543001732672178,0.0,0.9,0.1,0.9087956142720637
truthfulqa_786_best,truthfulqa,0,5,0.17446512758821348,0.34139512544894385,0.48413974696284284,0.2,0.4,0.4,0.5834649989303653
truthfulqa_254_inc_1,truthfulqa,1,5,0.08423128048333765,0.05122390962687923,0.864544809889783,0.0,0.0,1.0,0.4834963145717707
truthfulqa_456_inc_4,truthfulqa,1,5,0.04753386652965668,0.6025593034903587,0.3499068299799845,0.0,0.6,0.4,0.777512718480351
truthfulqa_699_corr_1,truthfulqa,0,5,0.14724027114567442,0.12554409023438456,0.727215638619941,0.0,0.1,0.9,0.48915190954435506
truthfulqa_192_inc_2,truthfulqa,1,5,0.04892568703290452,0.037471178050100265,0.9136031349169953,0.0,0.0,1.0,0.4942727455085979
truthfulqa_804_inc_3,truthfulqa,1,5,0.24969566143703012,0.251732065602171,0.498572272960799,0.1,0.3,0.6,0.5010182020825704
truthfulqa_232_corr_1,truthfulqa,0,5,0.016062028984775947,0.13420341084355364,0.8497345601716704,0.0,0.0,1.0,0.5590706909293888
truthfulqa_579_inc_3,truthfulqa,1,5,0.005285200080097645,0.971320517999507,0.023394281920395377,0.0,1.0,0.0,0.9830176589597047
truthfulqa_713_inc_2,truthfulqa,1,5,0.28022490512246806,0.001283445823298147,0.7184916490542338,0.2,0.0,0.8,0.36052927035041504
truthfulqa_153_corr_2,truthfulqa,0,5,0.17997454401483573,0.27516487030270176,0.5448605856824625,0.0,0.1,0.9,0.5475951631439331
truthfulqa_816_corr_4,truthfulqa,0,5,0.003837064951299234,0.1624232413369324,0.8337396937117685,0.0,0.0,1.0,0.5792930881928167
truthfulqa_220_best,truthfulqa,0,5,0.0015583901534563542,0.5828286860447612,0.4156129238017824,0.0,0.8,0.2,0.7906351479456524
truthfulqa_305_corr_4,truthfulqa,0,5,0.06707465217050768,0.1739256586904159,0.7589996891390763,0.0,0.1,0.9,0.5534255032599541
truthfulqa_457_best,truthfulqa,0,5,0.0069059538545830305,0.58023175650074,0.41286228964467686,0.0,0.8,0.2,0.7866629013230784
truthfulqa_305_inc_0,truthfulqa,1,5,0.011844927781688044,0.11113288357040112,0.8770221886479108,0.0,0.1,0.9,0.5496439778943565
truthfulqa_586_corr_1,truthfulqa,0,5,0.18844648311854778,0.41855457126106144,0.39299894562039084,0.1,0.6,0.3,0.6150540440712569
truthfulqa_217_inc_1,truthfulqa,1,5,0.11640975328043397,0.006505806235022393,0.8770844404845437,0.0,0.0,1.0,0.44504802647729425
truthfulqa_69_corr_0,truthfulqa,0,5,0.24781464083887061,0.03302678849691542,0.719158570664214,0.1,0.0,0.9,0.3926060738290224
truthfulqa_533_corr_2,truthfulqa,0,5,0.2272278853457234,0.3594738156342532,0.4132982990200234,0.1,0.5,0.4,0.5661229651442649
truthfulqa_732_inc_2,truthfulqa,1,5,0.32783981031815357,0.11263430927787126,0.5595258804039751,0.2,0.0,0.8,0.3923972494798588
truthfulqa_208_inc_1,truthfulqa,1,5,0.19768306324506754,0.22078449085805224,0.5815324458968802,0.0,0.2,0.8,0.5115507138064923
truthfulqa_511_inc_4,truthfulqa,1,5,0.12641738458744306,0.020320679134461526,0.8532619362780955,0.1,0.0,0.9,0.4469516472735093
truthfulqa_803_best,truthfulqa,0,5,0.14760725845036787,0.2329557149796969,0.6194370265699353,0.0,0.1,0.9,0.5426742282646645
truthfulqa_299_inc_2,truthfulqa,1,5,0.007157445241630657,0.6830072665934965,0.3098352881648728,0.0,0.7,0.3,0.837924910675933
truthfulqa_419_corr_2,truthfulqa,0,5,0.9883267723967201,0.00098494237166875,0.010688285231610943,1.0,0.0,0.0,0.006329084987474221
truthfulqa_190_inc_2,truthfulqa,1,5,0.09995565722879292,0.11480481798931005,0.785239524781897,0.0,0.0,1.0,0.5074245803802585
truthfulqa_65_best,truthfulqa,0,5,0.22123464766635678,0.14290217319969706,0.6358631791339462,0.1,0.2,0.7,0.46083376276667015
truthfulqa_483_inc_0,truthfulqa,1,5,0.08710230049534824,0.4502235474166826,0.46267415208796914,0.1,0.6,0.3,0.6815606234606671
truthfulqa_666_corr_3,truthfulqa,0,5,0.9585884138233192,0.01761963982310417,0.023791946353576666,1.0,0.0,0.0,0.029515612999892506
truthfulqa_813_best,truthfulqa,0,5,0.13026126811938857,0.3647438837159306,0.5049948481646809,0.1,0.4,0.5,0.617241307798271
truthfulqa_798_inc_5,truthfulqa,1,5,0.32752947417789124,0.15194021485845327,0.5205303109636554,0.3,0.2,0.5,0.412205370340281
truthfulqa_628_corr_1,truthfulqa,0,5,0.4654443660825264,0.16876069824722334,0.3657949356702504,0.6,0.2,0.2,0.35165816608234857
truthfulqa_618_inc_0,truthfulqa,1,5,0.37309640914213427,0.048657843608601134,0.5782457472492645,0.3,0.0,0.7,0.3377807172332334
truthfulqa_732_best,truthfulqa,0,5,0.20256891798927484,0.2713669576008232,0.526064124409902,0.1,0.2,0.7,0.5343990198057742
truthfulqa_791_corr_3,truthfulqa,0,5,0.05947262498038077,0.30334825287041545,0.6371791221492038,0.1,0.3,0.6,0.6219378139450173
truthfulqa_346_best,truthfulqa,0,5,0.05953847418599293,0.32008359223407556,0.6203779335799314,0.0,0.3,0.7,0.6302725590240412
truthfulqa_261_inc_1,truthfulqa,1,5,0.23638370965733135,0.007441295345305371,0.7561749949973632,0.0,0.0,1.0,0.38552879284398694
truthfulqa_670_corr_3,truthfulqa,0,5,0.12674581001141583,0.24952500220175627,0.623729187786828,0.1,0.2,0.7,0.5613895960951703
truthfulqa_470_inc_3,truthfulqa,1,5,0.5845808471069112,0.3994871246404722,0.015932028252616685,0.6,0.4,0.0,0.4074531387667805
truthfulqa_409_corr_1,truthfulqa,0,5,0.12117680221164565,0.03845677152132196,0.8403664262670324,0.1,0.0,0.9,0.45863998465483813
truthfulqa_607_inc_3,truthfulqa,1,5,0.4788394487174519,0.21656457734560625,0.3045959739369419,0.6,0.1,0.3,0.36886256431407716
truthfulqa_792_inc_3,truthfulqa,1,5,0.5984665402173357,0.0016905546850749069,0.3998429050975893,0.6,0.0,0.4,0.20161200723386954
truthfulqa_323_corr_3,truthfulqa,0,5,0.15164863414198376,0.08266295382857256,0.7656884120294436,0.0,0.0,1.0,0.4655071598432944
truthfulqa_773_inc_2,truthfulqa,1,5,0.05523760334910134,0.17363107571947548,0.7711313209314232,0.0,0.1,0.9,0.5591967361851871
truthfulqa_574_inc_4,truthfulqa,1,5,0.498569794489124,0.47773646984662477,0.023693735664251276,0.4,0.6,0.0,0.4895833376787504
truthfulqa_534_best,truthfulqa,0,5,0.22788619402840515,0.590816479707807,0.18129732626378783,0.4,0.6,0.0,0.6814651428397009
truthfulqa_568_inc_6,truthfulqa,1,5,0.8608713752931821,0.016823836243107328,0.12230478846371051,1.0,0.0,0.0,0.07797623047496258
truthfulqa_345_inc_2,truthfulqa,1,5,0.05971523650178088,0.47668063558390283,0.46360412791431627,0.0,0.5,0.5,0.7084826995410609
truthfulqa_184_best,truthfulqa,0,5,0.2095832076409224,0.0013678739826851422,0.7890489183763923,0.0,0.0,1.0,0.3958923331708813
truthfulqa_40_inc_2,truthfulqa,1,5,0.08900490923002642,0.19761096733439604,0.7133841234355776,0.1,0.0,0.9,0.5543030290521849
truthfulqa_344_inc_6,truthfulqa,1,5,0.03985404561740953,0.25144401110930326,0.7087019432732873,0.0,0.0,1.0,0.6057949827459469
truthfulqa_169_inc_5,truthfulqa,1,5,0.35397965761360534,0.05685420838267889,0.5891661340037158,0.3,0.0,0.7,0.3514372753845368
truthfulqa_315_corr_3,truthfulqa,0,5,0.06903422360631757,0.30076116223560384,0.6302046141580785,0.0,0.1,0.9,0.6158634693146431
truthfulqa_237_inc_1,truthfulqa,1,5,0.08308744226651806,0.2800722736948694,0.6368402840386126,0.0,0.3,0.7,0.5984924157141758
truthfulqa_539_corr_4,truthfulqa,0,5,0.06826180544038904,0.19255330439386978,0.7391848901657413,0.0,0.1,0.9,0.5621457494767405
truthfulqa_461_inc_0,truthfulqa,1,5,0.01856193534001781,0.7369364071155581,0.24450165754442404,0.0,0.9,0.1,0.8591872358877701
truthfulqa_33_corr_4,truthfulqa,0,5,0.04394274691744315,0.12317395933698874,0.8328832937455681,0.0,0.1,0.9,0.5396156062097728
truthfulqa_267_best,truthfulqa,0,5,0.9803859546261954,0.0034468347058232303,0.016167210667981456,1.0,0.0,0.0,0.011530440039813959
truthfulqa_233_inc_4,truthfulqa,1,5,0.11554569517934174,0.6866700177237941,0.19778428709686424,0.1,0.9,0.0,0.7855621612722262
truthfulqa_514_inc_1,truthfulqa,1,5,0.5554589877522141,0.39754333833937394,0.046997673908411974,0.6,0.4,0.0,0.4210421752935799
truthfulqa_78_inc_1,truthfulqa,1,5,0.20093670899479527,0.05017385354092141,0.7488894374642834,0.1,0.0,0.9,0.4246185722730631
truthfulqa_426_inc_0,truthfulqa,1,5,0.9803939127107556,0.002815177000365553,0.01679091028887883,1.0,0.0,0.0,0.011210632144804968
truthfulqa_380_inc_3,truthfulqa,1,5,0.03238118227371879,0.47565784900422,0.49196096872206124,0.0,0.3,0.7,0.7216383333652506
truthfulqa_173_inc_1,truthfulqa,1,5,0.9816149123640125,0.0007727771189597213,0.01761231051702783,1.0,0.0,0.0,0.009578932377473636
truthfulqa_351_inc_0,truthfulqa,1,5,0.05986875374377161,0.48625341289161206,0.4538778333646164,0.0,0.4,0.6,0.7131923295739202
fever_42215,fever,1,5,0.3428959840952245,0.09392011096790615,0.5631839049368693,0.2,0.0,0.8,0.3755120634363408
fever_154608,fever,1,5,0.9886882585291465,0.0006929254284793132,0.010618816042374272,1.0,0.0,0.0,0.006002333449666449
fever_121431,fever,1,5,0.1986353508852447,0.2547584474843476,0.5466062016304076,0.1,0.3,0.6,0.5280615482995514
fever_38940,fever,1,5,0.4340934704623057,0.19913130566474388,0.3667752238729505,0.3,0.3,0.4,0.38251891760121914
fever_29577,fever,0,5,0.15329028491203572,0.33305114750703363,0.5136585675809305,0.1,0.4,0.5,0.5898804312974989
fever_94829,fever,1,5,0.02669493001790686,0.0026564772057143136,0.9706485927763788,0.0,0.0,1.0,0.48798077359390374
fever_109036,fever,1,5,0.1538462850598991,0.3695351719982187,0.4766185429418822,0.1,0.5,0.4,0.6078444434691599
fever_35914,fever,1,5,0.8954650194452476,0.0010384500973418859,0.10349653045741032,1.0,0.0,0.0,0.05278671532604705
fever_208149,fever,1,5,0.8252596851344258,0.0009785060634731647,0.17376180880210104,1.0,0.0,0.0,0.08785941046452368
fever_17376,fever,0,5,0.0640762631970503,0.23305625986030512,0.7028674769426446,0.0,0.3,0.7,0.5844899983316274
fever_178225,fever,1,5,0.05636703123287908,0.7378382485402917,0.20579472022682926,0.1,0.8,0.1,0.8407356086537063
fever_155476,fever,0,5,0.1482922038141798,0.447758076454734,0.4039497197310862,0.0,0.5,0.5,0.6497329363202771
fever_102161,fever,1,5,0.6204932682472805,0.0018112844966226963,0.37769544725609705,0.3,0.0,0.7,0.1906590081246712
fever_149042,fever,1,5,0.990088856915385,0.0008111969328073131,0.00909994615180773,1.0,0.0,0.0,0.005361170008711179
fever_27279,fever,1,5,0.2463318661056492,0.5979461975549772,0.1557219363393736,0.1,0.6,0.3,0.675807165724664
fever_103118,fever,1,5,0.32508651347661555,0.4131970015643122,0.2617164849590721,0.3,0.4,0.3,0.5440552440438483
fever_96576,fever,0,5,0.3560153039899345,0.12054673113285912,0.5234379648772063,0.3,0.1,0.6,0.3822657135714623
fever_39716,fever,1,5,0.20030144501038377,0.38497320954483805,0.41472534544477824,0.1,0.3,0.6,0.5923358822672271
fever_140337,fever,1,5,0.5965302172941878,0.0019506508732221324,0.40151913183258997,0.3,0.0,0.7,0.20271021678951712
fever_5950,fever,0,5,0.082997154013317,0.1379682009065034,0.7790346450801797,0.0,0.0,1.0,0.5274855234465933
fever_68000,fever,1,5,0.05425133117862859,0.5747600757124803,0.37098859310889115,0.1,0.7,0.2,0.7602543722669259
fever_96271,fever,0,5,0.044743530424140636,0.28367326441262425,0.6715832051632351,0.0,0.3,0.7,0.6194648669942417
fever_57008,fever,0,5,0.4139874321389089,0.14101209989469457,0.4450004679663967,0.6,0.1,0.3,0.36351233387789295
fever_91371,fever,1,5,0.7935730633754596,0.0018543351560859557,0.2045726014684542,0.6,0.0,0.4,0.10414063589031307
fever_171597,fever,0,5,0.27887344124831165,0.3283857985574873,0.3927407601942012,0.2,0.2,0.6,0.5247561786545879
fever_48242,fever,0,5,0.06904183650989162,0.5630563104223543,0.36790185306775414,0.0,0.6,0.4,0.7470072369562313
fever_125533,fever,0,5,0.04958813935990775,0.44988053022400987,0.5005313304160823,0.0,0.4,0.6,0.700146195432051
fever_224569,fever,1,5,0.6356896042359869,0.0033034100835171902,0.36100698568049594,0.3,0.0,0.7,0.18380690292376517
fever_36829,fever,1,5,0.20933571467994283,0.21130322684314778,0.5793610584769093,0.1,0.2,0.7,0.5009837560816024
fever_25521,fever,1,5,0.10227060102692405,0.5954725830754489,0.302256815897627,0.1,0.6,0.3,0.7466009910242624
fever_7639,fever,0,5,0.14724807653576227,0.514104311547605,0.3386476119166325,0.0,0.6,0.4,0.6834281175059214
fever_27301,fever,0,5,0.6622131506701152,0.0037322143652255522,0.3340546349646594,0.4,0.0,0.6,0.17075953184755527
fever_215506,fever,1,5,0.3944413058290257,0.39891558089542545,0.20664311327554885,0.2,0.4,0.4,0.5022371375331999
fever_183460,fever,0,5,0.2991079514815189,0.3806392744181549,0.32025277410032615,0.2,0.6,0.2,0.5407656614683181
fever_134344,fever,0,5,0.18948359560853295,0.5824768895788262,0.22803951481264093,0.1,0.6,0.3,0.6964966469851466
fever_43535,fever,0,5,0.34292299135719284,0.3918215802107369,0.26525542843207023,0.1,0.4,0.5,0.524449294426772
fever_194466,fever,1,5,0.26348529888143163,0.18373025365043827,0.5527844474681303,0.1,0.0,0.9,0.4601224773845034
fever_216365,fever,1,5,0.1859406471312894,0.2959781512421381,0.5180812016265725,0.2,0.4,0.4,0.5550187520554244
fever_181630,fever,1,5,0.28814448725427266,0.5939318556188778,0.11792365712684952,0.2,0.6,0.2,0.6528936841823026
fever_65047,fever,0,5,0.0199486427965031,0.7593113863534006,0.22073997085009633,0.0,0.8,0.2,0.8696813717784487
fever_28702,fever,0,5,0.42204351855018024,0.006980626023251985,0.5709758554265678,0.2,0.0,0.8,0.2924685537365359
fever_149033,fever,0,5,0.4614736861036217,0.01701832453975527,0.521507989356623,0.3,0.0,0.7,0.2777723192180668
fever_16378,fever,0,5,0.6257139403179914,0.0025173657273945944,0.37176869395461404,0.4,0.0,0.6,0.1884017127047016
fever_202759,fever,1,5,0.3960775578598814,0.39665124811215247,0.2072711940279662,0.3,0.4,0.3,0.5002868451261355
fever_40417,fever,0,5,0.4163295501407962,0.13537506710166974,0.4482953827575341,0.3,0.0,0.7,0.3595227584804368
fever_131529,fever,0,5,0.09727922902725708,0.5477018153769385,0.3550189555958045,0.1,0.6,0.3,0.7252112931748408
fever_36849,fever,1,5,0.14395008925294575,0.5445169299863255,0.3115329807607287,0.1,0.6,0.3,0.7002834203666899
fever_146157,fever,1,5,0.3008202200508056,0.22337448603705506,0.4758052939121393,0.3,0.1,0.6,0.4612771329931247
fever_44864,fever,0,5,0.0012601034401743,0.9800405078670075,0.01869938869281816,0.0,1.0,0.0,0.9893902022134166
fever_104617,fever,1,5,0.4854323875229845,0.02415586425147811,0.49041174822553735,0.2,0.0,0.8,0.26936173836424676
fever_42343,fever,1,5,0.2331111567094783,0.20151661470276233,0.5653722285877596,0.2,0.2,0.6,0.48420272899664213
fever_128551,fever,1,5,0.6067910815268909,0.003333989357287051,0.389874929115822,0.3,0.0,0.7,0.19827145391519804
fever_140044,fever,0,5,0.10661731772545704,0.4302292226144693,0.4631534596600737,0.0,0.4,0.6,0.6618059524445061
fever_148152,fever,1,5,0.0013899988891060942,0.9176771843005238,0.08093281681037008,0.0,1.0,0.0,0.9581435927057088
fever_41786,fever,0,5,0.2916373042746313,0.4688700152418871,0.23949268048348152,0.3,0.4,0.3,0.5886163554836279
fever_174987,fever,0,5,0.24196719517084503,0.5894887274404894,0.16854407738866556,0.1,0.6,0.3,0.6737607661348222
fever_124295,fever,1,5,0.0333877602844085,0.6997102042154026,0.2669020355001888,0.0,0.7,0.3,0.833161221965497
fever_45581,fever,0,5,0.5099578583294189,0.0053331728635498035,0.48470896880703124,0.3,0.0,0.7,0.24768765726706543
fever_57259,fever,0,5,0.23217899901838807,0.5824765441285132,0.1853444568530987,0.2,0.6,0.2,0.6751487725550626
fever_42397,fever,1,5,0.30104279684208707,0.005920408392440928,0.6930367947654721,0.2,0.0,0.8,0.35243880577517694
fever_208413,fever,0,5,0.30092902635279306,0.3088513602732739,0.39021961337393296,0.3,0.4,0.3,0.5039611669602404
fever_164092,fever,0,5,0.5266078697269617,0.01709613307335538,0.4562959971996829,0.2,0.0,0.8,0.24524413167319684
fever_136914,fever,1,5,0.07135409769386745,0.5612393558176734,0.36740654648845933,0.0,0.6,0.4,0.744942629061903
fever_27416,fever,0,5,0.13055777467926685,0.13357825262348466,0.7358639726972485,0.0,0.0,1.0,0.5015102389721089
fever_178158,fever,1,5,0.3214373136818932,0.25438478901836803,0.42417789729973865,0.5,0.2,0.3,0.46647373766823735
fever_129878,fever,1,5,0.3587078776594992,0.10657134996190229,0.5347207723785985,0.2,0.1,0.7,0.37393173615120157
fever_14286,fever,1,5,0.5042234586260934,0.0022398596360990227,0.4935366817378076,0.2,0.0,0.8,0.24900820050500283
fever_164403,fever,1,5,0.5717536471171528,0.004113024249596944,0.42413332863325015,0.3,0.0,0.7,0.21617968856622202
fever_14901,fever,0,5,0.05376144514549934,0.7789349917038243,0.16730356315067632,0.0,0.8,0.2,0.8625867732791624
fever_56559,fever,1,5,0.06841993574709189,0.19473658921998188,0.7368434750329262,0.0,0.2,0.8,0.5631583267364451
fever_194761,fever,0,5,0.3487146426611839,0.06869904394416246,0.5825863133946536,0.4,0.0,0.6,0.3599922006414893
fever_174615,fever,0,5,0.11281830360345076,0.40777985136090145,0.47940184503564787,0.0,0.4,0.6,0.6474807738787254
fever_180574,fever,1,5,0.4475527770462497,0.3768736787900377,0.17557354416371268,0.3,0.4,0.3,0.464660450871894
fever_217102,fever,1,5,0.07224055966801982,0.1986668801405803,0.7290925601913999,0.0,0.3,0.7,0.5632131602362802
fever_138377,fever,0,5,0.5578017011260428,0.0008526336553067948,0.4413456652186505,0.6,0.0,0.4,0.22152546626463204
fever_140820,fever,0,5,0.09891398310908245,0.4313450883930954,0.4697409284978222,0.0,0.6,0.4,0.6662155526420065
fever_106209,fever,1,5,0.45192228647672283,0.019300712268077815,0.5287770012551992,0.4,0.0,0.6,0.28368921289567745
fever_143533,fever,0,5,0.15272252099740882,0.5840306704141122,0.2632468085884789,0.1,0.6,0.3,0.7156540747083516
fever_92447,fever,1,5,0.45832507872478434,0.01237520598733827,0.5292997152878772,0.1,0.0,0.9,0.2770250636312769
fever_219285,fever,0,5,0.36266996004668134,0.18747453044533588,0.4498555095079828,0.1,0.3,0.6,0.4124022851993273
fever_12403,fever,1,5,0.5509835429099614,0.007889370089590694,0.441127087000448,0.4,0.0,0.6,0.2284529135898147
fever_74035,fever,0,5,0.5413410388399094,0.002092191509616354,0.4565667696504743,0.7,0.0,0.3,0.2303755763348535
fever_52751,fever,0,5,0.16232698582681676,0.5668103153883594,0.2708626987848239,0.1,0.7,0.2,0.7022416647807713
fever_174030,fever,0,5,0.10187449675180502,0.48401400704801156,0.4141114962001834,0.1,0.6,0.3,0.6910697551481033
fever_110652,fever,0,5,0.707835083696054,0.039476085903967305,0.2526888303999787,0.6,0.0,0.4,0.16582050110395666
fever_101008,fever,1,5,0.06300100057573664,0.3255149896181272,0.6114840098061362,0.0,0.2,0.8,0.6312569945211952
fever_39664,fever,1,5,0.206882951929577,0.2679996602820131,0.5251173877884099,0.0,0.2,0.8,0.530558354176218
fever_181185,fever,1,5,0.5079646000522025,0.008691990188690624,0.4833434097591069,0.3,0.0,0.7,0.2503636950682441
fever_129460,fever,1,5,0.2305996948080197,0.38526559521350245,0.3841347099784779,0.3,0.4,0.3,0.5773329502027413
fever_194456,fever,0,5,0.4963241793248324,0.012438098811488165,0.4912377218636793,0.6,0.0,0.4,0.2580569597433278
fever_14113,fever,0,5,0.3474417020817539,0.3031897078570259,0.3493685900612201,0.3,0.3,0.4,0.477874002887636
fever_48275,fever,0,5,0.14437069407239828,0.6819442540876304,0.17368505183997127,0.0,0.7,0.3,0.768786780007616
fever_132524,fever,1,5,0.4289715946701059,0.0016270267068153974,0.5694013786230787,0.2,0.0,0.8,0.28632771601835477
fever_78514,fever,0,5,0.10525291017075047,0.28135176849192434,0.6133953213373252,0.1,0.2,0.7,0.5880494291605869
fever_135552,fever,1,5,0.45390062150828775,0.006810372174950672,0.5392890063167616,0.2,0.0,0.8,0.27645487533333146
fever_18614,fever,0,5,0.005855510796582126,0.6631768643765061,0.3309676248269117,0.0,0.6,0.4,0.828660676789962
fever_157641,fever,1,5,0.5981057578320614,0.0018405310108739214,0.40005371115706456,0.6,0.0,0.4,0.2018673865894062
fever_131576,fever,0,5,0.29934707565798674,0.5750056336222148,0.12564729071979847,0.3,0.6,0.1,0.6378292789821141
fever_173118,fever,0,5,0.14645833192783847,0.677956549153121,0.17558511891904055,0.1,0.7,0.2,0.7657491086126412
fever_194793,fever,1,5,0.5678533928286571,0.0034559652526980752,0.4286906419186448,0.2,0.0,0.8,0.21780128621202047
fever_199276,fever,1,5,0.40419715700659625,0.21688612795941098,0.3789167150339928,0.6,0.3,0.1,0.4063444854764074
fever_61771,fever,0,5,0.26552517403435233,0.34319638573548816,0.3912784402301595,0.3,0.2,0.5,0.5388356058505679
fever_116446,fever,1,5,0.36709122805816297,0.12737108796936053,0.5055376839724766,0.3,0.0,0.7,0.3801399299555988
fever_134997,fever,0,5,0.6527915207492783,0.003791098434287072,0.34341738081643475,0.6,0.0,0.4,0.17549978884250444
fever_170398,fever,1,5,0.2514716901063645,0.27801104772882707,0.4705172621648085,0.2,0.3,0.5,0.5132696788112313
fever_99654,fever,1,5,0.36537365919681003,0.27765872288790094,0.356967617915289,0.1,0.4,0.5,0.45614253184554543
fever_91798,fever,1,5,0.32677215901419304,0.10089757619427273,0.5723302647915341,0.4,0.0,0.6,0.3870627085900398
fever_193911,fever,1,5,0.049128090794080884,0.30658889950125645,0.6442830097046627,0.0,0.2,0.8,0.6287304043535877
fever_150412,fever,0,5,0.30194847835956296,0.17781177707126689,0.5202397445691702,0.1,0.0,0.9,0.437931649355852
fever_220958,fever,1,5,0.009272416836707095,0.6154914753409368,0.375236107822356,0.0,0.7,0.3,0.8031095292521149
fever_34507,fever,1,5,0.7836690779536933,0.0018387823201287032,0.21449213972617814,0.6,0.0,0.4,0.10908485218321777
fever_129171,fever,1,5,0.09336293064007435,0.5643919504828433,0.3422451188770823,0.0,0.6,0.4,0.7355145099213845
fever_55432,fever,1,5,0.6423330131539414,0.003281974866379674,0.3543850119796789,0.6,0.0,0.4,0.18047448085621914
fever_216777,fever,1,5,0.4128799663753336,0.026248577718038513,0.5608714559066279,0.3,0.0,0.7,0.30668430567135246
fever_203011,fever,0,5,0.4590937160321073,0.04007674173121372,0.5008295422366789,0.3,0.0,0.7,0.29049151284955316
fever_10118,fever,0,5,0.5958972760326592,0.36658079235631796,0.03752193161102282,0.6,0.4,0.0,0.38534175816182936
fever_72585,fever,0,5,0.2980881584640585,0.006443396550358467,0.6954684449855831,0.1,0.0,0.9,0.35417761904315004
fever_62924,fever,1,5,0.2464930989873256,0.32513300484967705,0.42837389616299726,0.0,0.4,0.6,0.5393199529311756
fever_41452,fever,1,5,0.0014164685755723063,0.7386637998893718,0.2599197315350559,0.0,0.7,0.3,0.8686236656568997
fever_92509,fever,0,5,0.2913236594735648,0.35538296946856895,0.35329337105786623,0.1,0.4,0.5,0.5320296549975021
fever_81305,fever,1,5,0.05541587264482972,0.30587522967305375,0.6387088976821166,0.1,0.2,0.7,0.625229678514112
fever_44383,fever,0,5,0.39711615680830437,0.598510816322677,0.004373026869018602,0.4,0.6,0.0,0.6006973297571863
fever_128332,fever,1,5,0.17327662733835653,0.373044014184576,0.4536793584770675,0.2,0.3,0.5,0.5998836934231098
fever_101618,fever,0,5,0.5472545347124814,0.007001158858320126,0.4457443064291984,0.3,0.0,0.7,0.2298733120729193
fever_63521,fever,0,5,0.1592230630917056,0.4200220816746847,0.42075485523360967,0.1,0.4,0.5,0.6303995092914896
fever_82355,fever,1,5,0.2693870410993109,0.0035521597611943906,0.7270607991394947,0.2,0.0,0.8,0.36708255933094175
fever_78175,fever,1,5,0.10958721430682586,0.2680023472889944,0.6224104384041798,0.1,0.2,0.7,0.5792075664910843
fever_93878,fever,0,5,0.5957874815882276,0.39929160222359666,0.004920916188175653,0.6,0.4,0.0,0.4017520603176845
fever_32505,fever,1,5,0.44643898058604503,0.39662625097399745,0.1569347684399575,0.6,0.4,0.0,0.4750936351939762
fever_192858,fever,1,5,0.6230104042925169,0.0032325446489143692,0.3737570510585687,0.6,0.0,0.4,0.19011107017819873
fever_117374,fever,1,5,0.11086345557160579,0.6840129036852152,0.20512364074317913,0.0,0.8,0.2,0.7865747240568047
fever_63885,fever,1,5,0.13817513309641455,0.46372846106362625,0.39809640583995926,0.1,0.6,0.3,0.6627766639836059
fever_211851,fever,0,5,0.45379660582756526,0.002898463756854281,0.5433049304155804,0.5,0.0,0.5,0.27455092896464445
fever_76076,fever,1,5,0.1759420688131256,0.015748955663595986,0.8083089755232784,0.1,0.0,0.9,0.41990344342523517
fever_7877,fever,1,5,0.07130860411319688,0.34573288706049243,0.5829585088263106,0.0,0.2,0.8,0.6372121414736478
fever_96128,fever,0,5,0.2837328530297439,0.3965890896169756,0.3196780573532806,0.1,0.4,0.5,0.5564281182936159
fever_192595,fever,0,5,0.31296007191774855,0.002221327869326299,0.6848186002129252,0.1,0.0,0.9,0.34463062797578886
fever_14820,fever,0,5,0.989996998869163,0.0006299454626879492,0.009373055668148904,1.0,0.0,0.0,0.0053164732967624015
fever_132312,fever,0,5,0.031794886488232005,0.3366816486130928,0.6315234648986753,0.0,0.3,0.7,0.6524433810624304
fever_11146,fever,0,5,0.6415057118865015,0.002144794687506095,0.3563494934259924,0.3,0.0,0.7,0.1803195414005023
fever_94500,fever,0,5,0.17146682813044473,0.19607623182523876,0.6324569400443165,0.1,0.1,0.8,0.512304701847397
fever_128807,fever,0,5,0.3531248903318654,0.024082466582570166,0.6227926430855646,0.2,0.0,0.8,0.3354787881253525
fever_177172,fever,1,5,0.015486416946176659,0.25262656854179893,0.7318870145120243,0.0,0.3,0.7,0.6185700757978111
fever_25520,fever,0,5,0.3125008064008936,0.3847462540492743,0.3027529395498321,0.3,0.4,0.3,0.5361227238241904
fever_172104,fever,1,5,0.004919910667327313,0.8879122517486808,0.10716783758399193,0.0,1.0,0.0,0.9414961705406768
fever_162836,fever,1,5,0.4588581464727805,0.16724141933786096,0.3739004341893585,0.4,0.0,0.6,0.3541916364325402
fever_89450,fever,1,5,0.7965455809921561,0.0022025618585185163,0.2012518571493253,1.0,0.0,0.0,0.10282849043318117
fever_115143,fever,0,5,0.1586970514017932,0.151213705291069,0.6900892433071378,0.1,0.1,0.8,0.4962583269446379
fever_118126,fever,1,5,0.597815183966077,0.015515526174619793,0.38666928985930327,0.6,0.0,0.4,0.20885017110427143
fever_225295,fever,0,5,0.26572822916105865,0.07128759563981171,0.6629841751991297,0.3,0.0,0.7,0.4027796832393765
fever_17628,fever,1,5,0.332136527421654,0.014187503354735537,0.6536759692236103,0.1,0.0,0.9,0.34102548796654064
fever_182283,fever,0,5,0.4772881304043001,0.10817487390559515,0.4145369956901047,0.5,0.1,0.4,0.3154433717506475
fever_187577,fever,1,5,0.4553207588392496,0.32538230997112466,0.2192969311896257,0.3,0.3,0.4,0.4350307755659375
fever_6833,fever,0,5,0.5562325649803211,0.007366080204205464,0.4364013548154733,0.4,0.0,0.6,0.22556675761194211
fever_105361,fever,1,5,0.6854747872743321,0.06318003821631171,0.2513451745093561,0.6,0.0,0.4,0.18885262547098977
fever_160052,fever,0,5,0.1590400041123133,0.005016061022316611,0.8359439348653701,0.0,0.0,1.0,0.42298802845500166
fever_11539,fever,0,5,0.09937085111244878,0.8956921837650949,0.00493696512245626,0.1,0.9,0.0,0.898160666326323
fever_126916,fever,1,5,0.2824460213711392,0.17855609704202502,0.5389978815868358,0.3,0.1,0.6,0.4480550378354429
fever_101604,fever,0,5,0.05216244224773893,0.47689980112031227,0.4709377566319489,0.0,0.5,0.5,0.7123686794362867
fever_227350,fever,1,5,0.20205831069389507,0.5732627260595764,0.22467896324652847,0.2,0.6,0.2,0.6856022076828406
fever_167171,fever,1,5,0.014095036154203414,0.7553626875568422,0.23054227628895435,0.0,0.7,0.3,0.8706338257013194
fever_44397,fever,1,5,0.26797386350118557,0.3405718545504857,0.3914542819483287,0.2,0.3,0.5,0.5362989955246501
fever_124723,fever,1,5,0.37101971820107715,0.05109547638673212,0.5778848054121906,0.0,0.1,0.9,0.3400378790928274
fever_9075,fever,1,5,0.43530934557446566,0.0696442954480682,0.4950463589774662,0.3,0.1,0.6,0.3171674749368013
fever_69035,fever,1,5,0.7285676591660394,0.005928977837264381,0.2655033629966962,0.8,0.0,0.2,0.13868065933561247
fever_192709,fever,1,5,0.23515283567653,0.03245651998997917,0.7323906443334908,0.0,0.0,1.0,0.39865184215672456
fever_162206,fever,0,5,0.5013337450653758,0.003438843120663978,0.49522741181396013,0.3,0.0,0.7,0.25105254902764407
fever_217669,fever,1,5,0.43124523304339746,0.15823592983532245,0.4105188371212801,0.3,0.2,0.5,0.36349534839596254
fever_42998,fever,0,5,0.5958099082955434,0.028369768779114013,0.3758203229253428,0.6,0.0,0.4,0.2162799302417854
fever_29675,fever,0,5,0.2607970339774367,0.37310619375895604,0.36609677226360726,0.3,0.1,0.6,0.5561545798907597
fever_112592,fever,0,5,0.44015733841883503,0.3205705417867267,0.23927211979443821,0.3,0.4,0.3,0.4402066016839458
fever_159093,fever,0,5,0.3855782778635041,0.0017435906605135585,0.6126781314759822,0.2,0.0,0.8,0.30808265639850463
fever_220449,fever,0,5,0.547734141363484,0.0011197532098897686,0.45114610542662614,0.6,0.0,0.4,0.22669280592320284
fever_37749,fever,1,5,0.14919459317332806,0.5424036732011916,0.3084017336254802,0.0,0.6,0.4,0.6966045400139318
fever_177958,fever,0,5,0.16970253327966134,0.5016879997056611,0.3286094670146776,0.0,0.5,0.5,0.6659927332129999
fever_187222,fever,0,5,0.13396931825545855,0.2680365072204216,0.5979941745241198,0.1,0.3,0.6,0.5670335944824816
fever_33982,fever,0,5,0.29724642747689545,0.5930839233811052,0.1096696491419995,0.2,0.6,0.2,0.6479187479521049
fever_14328,fever,0,5,0.13641183241705132,0.3883003469026548,0.47528782068029385,0.0,0.4,0.6,0.6259442572428018
fever_143003,fever,1,5,0.008437610942433746,0.4817941993923903,0.5097681896651759,0.0,0.5,0.5,0.7366782942249783
fever_93823,fever,1,5,0.7983752535320301,0.033138487821098024,0.16848625864687192,1.0,0.0,0.0,0.11738161714453399
fever_73756,fever,0,5,0.5444923549170787,0.0024761065499944454,0.4530315385329267,0.2,0.0,0.8,0.2289918758164578
fever_147952,fever,1,5,0.5693921766892378,0.0042306778643368455,0.4263771454464254,0.3,0.0,0.7,0.21741925058754955
fever_69663,fever,0,5,0.48723788106278165,0.2059919822478992,0.3067701366893191,0.7,0.3,0.0,0.35937705059255876
fever_20060,fever,1,5,0.15529201819441454,0.4770387661896951,0.3676692156158904,0.2,0.3,0.5,0.6608733739976402
fever_111138,fever,1,5,0.32866307701085506,0.07454776759153177,0.5967891553976132,0.1,0.1,0.8,0.3729423452903384
fever_204631,fever,0,5,0.1629929150559097,0.47677110445760534,0.360235980486485,0.1,0.6,0.3,0.6568890947008479
fever_70385,fever,0,5,0.25071715654183524,0.5498387506620027,0.19944409279616204,0.2,0.6,0.2,0.6495607970600837
fever_57507,fever,0,5,0.6391187869087058,0.004202001701794252,0.3566792113895,0.6,0.0,0.4,0.18254160739654424
fever_223707,fever,1,5,0.20307964872964362,0.38446952476392343,0.412450826506433,0.1,0.4,0.5,0.5906949380171399
fever_89163,fever,1,5,0.16956010393709606,0.2824407748036207,0.5479991212592834,0.1,0.3,0.6,0.5564403354332623
fever_145470,fever,1,5,0.19275862909371053,0.48637028139609717,0.32087108951019233,0.2,0.4,0.4,0.6468058261511933
fever_81778,fever,1,5,0.14962768255850648,0.4568059836908379,0.3935663337506557,0.0,0.5,0.5,0.6535891505661657
fever_126963,fever,1,5,0.9925540080245853,0.0008072102004007228,0.006638781775014066,1.0,0.0,0.0,0.0041266010879077554
fever_116424,fever,0,5,0.2638542764881854,0.5871572342250256,0.14898848928678907,0.3,0.6,0.1,0.6616514788684201
fever_64029,fever,0,5,0.44852280548340284,0.26686527063076887,0.28461192388582834,0.3,0.4,0.3,0.40917123257368304
fever_94136,fever,0,5,0.49323232329273614,0.01698982842429741,0.48977784828296655,0.3,0.0,0.7,0.2618787525657807
fever_104930,fever,0,5,0.18215117929180066,0.059439451216154536,0.7584093694920447,0.1,0.0,0.9,0.4386441359621769
fever_211013,fever,0,5,0.14519378185997445,0.022158636157675705,0.8326475819823498,0.0,0.0,1.0,0.4384824271488506
fever_140580,fever,1,5,0.2979677450753234,0.14702293790948612,0.5550093170151905,0.1,0.0,0.9,0.4245275964170814
fever_92587,fever,0,5,0.49092151133104645,0.05938330782181295,0.44969518084714066,0.2,0.1,0.7,0.2842308982453833
fever_197340,fever,0,5,0.20182502866167837,0.08260196229970598,0.7155730090386156,0.1,0.0,0.9,0.4403884668190138
fever_143788,fever,1,5,0.301995009031249,0.3829780293358079,0.31502696163294314,0.3,0.4,0.3,0.5404915101522795
fever_175464,fever,1,5,0.16401632834965107,0.46773865725414454,0.3682450143962044,0.1,0.4,0.5,0.6518611644522467
fever_139967,fever,1,5,0.29870392019482894,0.1519203381682111,0.5493757416369599,0.1,0.0,0.9,0.42660820898669105
fever_36207,fever,1,5,0.14893222688406002,0.6360667640162048,0.21500100909973519,0.0,0.6,0.4,0.7435672685660724
fever_204653,fever,1,5,0.09163368272269959,0.32019157319430586,0.5881747440829946,0.1,0.3,0.6,0.6142789452358032
fever_65634,fever,0,5,0.7943252678265094,0.0011867326021586543,0.20448799957133193,0.6,0.0,0.4,0.10343073238782462
fever_120836,fever,1,5,0.024258781113306115,0.41630719322199755,0.5594340256646964,0.0,0.5,0.5,0.6960242060543458
fever_226848,fever,0,5,0.37635409334189257,0.1246310019861635,0.49901490467194387,0.0,0.2,0.8,0.37413845432213544
fever_225301,fever,1,5,0.3645579425248499,0.033593258202955945,0.601848799272194,0.4,0.0,0.6,0.33451765783905296
fever_220288,fever,0,5,0.5986139880221367,0.001166516027815068,0.40021949595004813,0.6,0.0,0.4,0.20127626400283913
fever_98711,fever,0,5,0.15669832538006423,0.26769660688711594,0.5756050677328197,0.1,0.3,0.6,0.5554991407535258
fever_15005,fever,1,5,0.4125362117571223,0.00737050966344918,0.5800932785794285,0.2,0.0,0.8,0.2974171489531634
fever_46883,fever,1,5,0.2969416791757058,0.5987083673185867,0.10434995350570755,0.2,0.6,0.2,0.6508833440714404
fever_27897,fever,1,5,0.1477296930632137,0.02463057672970729,0.827639730207079,0.0,0.0,1.0,0.43845044183324683
fever_101528,fever,0,5,0.03839113734362389,0.2682660072884264,0.6933428553679497,0.0,0.3,0.7,0.6149374349724013
fever_203002,fever,1,5,0.5648568146580815,0.01388921015111939,0.4212539751907992,0.6,0.0,0.4,0.224516197746519
fever_143157,fever,0,5,0.19472128852859188,0.2961836251502061,0.5090950863212023,0.0,0.3,0.7,0.5507311683108072
fever_29544,fever,1,5,0.12251587123026716,0.07415939403320915,0.8033247347365237,0.0,0.0,1.0,0.475821761401471
fever_170004,fever,1,5,0.5421486437610745,0.06442523172368882,0.39342612451523673,0.5,0.0,0.5,0.26113829398130717
fever_185389,fever,0,5,0.0030067650506218897,0.42264502695574546,0.5743482079936326,0.0,0.5,0.5,0.7098191309525618
fever_31852,fever,1,5,0.4860308334494022,0.0021366868920932383,0.5118324796585046,0.2,0.0,0.8,0.25805292672134555
fever_188579,fever,1,5,0.788939107423349,0.0018493594776301807,0.20921153309902074,0.6,0.0,0.4,0.10645512602714055
fever_201574,fever,0,5,0.19966136797052544,0.5572990041595477,0.24303962786992686,0.2,0.6,0.2,0.6788188180945112
fever_3210,fever,1,5,0.33841944343104186,0.28268060493849057,0.3788999516304677,0.4,0.2,0.4,0.4721305807537244
fever_131163,fever,0,5,0.33216128790286625,0.08211822548802479,0.5857204866091088,0.3,0.0,0.7,0.3749784687925792
fever_120759,fever,1,5,0.1236601756093012,0.5901981508870071,0.28614167350369174,0.1,0.6,0.3,0.733268987638853
fever_172302,fever,0,5,0.2536833649210845,0.47878568171348174,0.2675309533654338,0.2,0.7,0.1,0.6125511583961987
fever_75702,fever,1,5,0.3949458289934353,0.006042110748796989,0.5990120602577678,0.2,0.0,0.8,0.3055481408776809
fever_33839,fever,1,5,0.6630915631756447,0.07448591115982371,0.2624225256645316,0.6,0.0,0.4,0.20569717399208953
fever_147427,fever,0,5,0.5127888769549585,0.44846727547683446,0.038743847568207146,0.4,0.6,0.0,0.46783919926093803
fever_188652,fever,1,5,0.4429451356590876,0.19402045290625108,0.3630344114346613,0.2,0.2,0.6,0.37553765862358174
fever_144293,fever,0,5,0.03229244869941793,0.4804366673750195,0.4872708839255625,0.0,0.4,0.6,0.7240721093378008
fever_15819,fever,1,5,0.21214082985744467,0.44698364152391246,0.3408755286186429,0.1,0.4,0.5,0.6174214058332339
fever_53197,fever,0,5,0.12157562454761255,0.3951747506107428,0.4832496248416446,0.2,0.4,0.4,0.636799563031565
fever_168042,fever,0,5,0.39915539791095606,0.04046443341144736,0.5603801686775967,0.4,0.0,0.6,0.32065451775024567
fever_35833,fever,0,5,0.12765223958675698,0.3893849688216971,0.48296279159154587,0.0,0.4,0.6,0.63086636461747
fever_170403,fever,1,5,0.7300318152687536,0.0033693859489723763,0.2665987987822741,0.7,0.0,0.3,0.13666878534010943
fever_121362,fever,0,5,0.6572458459152442,0.002734512027193332,0.3400196420575624,0.4,0.0,0.6,0.17274433305597453
fever_45109,fever,0,5,0.3571207293880633,0.42665106163373456,0.2162282089782021,0.3,0.4,0.3,0.5347651661228356
fever_204342,fever,0,5,0.1377571127349955,0.3494889324944999,0.5127539547705047,0.0,0.4,0.6,0.6058659098797523
fever_183502,fever,0,5,0.2719074096871813,0.40081338224222957,0.32727920807058913,0.1,0.4,0.5,0.5644529862775242
fever_201602,fever,1,5,0.29980370662141703,0.04557663802475436,0.6546196553538286,0.0,0.0,1.0,0.37288646570166867
fever_32338,fever,1,5,0.3303705250324632,0.09082913739112612,0.5788003375764106,0.2,0.0,0.8,0.3802293061793314
fever_113341,fever,0,5,0.31224496793792206,0.38340185499060603,0.30435317707147197,0.1,0.4,0.5,0.535578443526342
fever_228063,fever,0,5,0.368092467159306,0.2524090476027484,0.37949848523794555,0.2,0.4,0.4,0.44215829022172115
fever_159694,fever,0,5,0.5957863321036274,0.010267304130716479,0.3939463637656561,0.6,0.0,0.4,0.20724048601354453
fever_137825,fever,0,5,0.20602973506570824,0.05684570738551511,0.7371245575487766,0.0,0.0,1.0,0.4254079861599034
fever_72560,fever,0,5,0.6752358728198576,0.004292319831337402,0.320471807348805,0.4,0.0,0.6,0.1645282235057399
fever_99696,fever,0,5,0.34688513470488325,0.5802043511588761,0.07291051413624054,0.4,0.6,0.0,0.6166596082269964
fever_34357,fever,0,5,0.6442785379427323,0.0017128054714674018,0.3540086565858004,0.3,0.0,0.7,0.1787171337643676
fever_178896,fever,1,5,0.24698762064243507,0.32633313223622407,0.4266792471213409,0.3,0.3,0.4,0.5396727557968946
fever_123100,fever,1,5,0.34335444008653004,0.28648531762063023,0.37016024229283967,0.2,0.2,0.6,0.47156543876705004
fever_113032,fever,1,5,0.7899523360716272,0.0025728654131166413,0.20747479851525616,0.6,0.0,0.4,0.10631026467074473
fever_156816,fever,0,5,0.05306360848211209,0.6700612920433286,0.27687509947455924,0.0,0.7,0.3,0.8084988417806083
fever_138435,fever,0,5,0.07667351415504059,0.6182870255836683,0.3050394602612912,0.0,0.7,0.3,0.7708067557143139
fever_75957,fever,1,5,0.22442238342424678,0.4616863351213535,0.31389128145439976,0.1,0.6,0.3,0.6186319758485533
fever_123833,fever,1,5,0.6928162589346616,0.003648337768126292,0.3035354032972122,0.4,0.0,0.6,0.15541603941673238
fever_156686,fever,1,5,0.545151003376301,0.10700035898418936,0.3478486376395097,0.8,0.2,0.0,0.2809246778039442
fever_79956,fever,0,5,0.38536121397277856,0.08799589075733064,0.5266428952698907,0.2,0.0,0.8,0.35131733839227597
fever_68394,fever,1,5,0.13582215263401648,0.3245735244892907,0.5396043228766929,0.0,0.2,0.8,0.5943756859276372
fever_11451,fever,0,5,0.33447105901381236,0.0012589062824944772,0.6642700347036932,0.0,0.0,1.0,0.33339392363434106
fever_5241,fever,0,5,0.98058831332155,0.0007593258579448348,0.01865236082050504,1.0,0.0,0.0,0.010085506268197354
fever_64024,fever,0,5,0.30340865858742727,0.03361167917859641,0.6629796622339763,0.1,0.0,0.9,0.3651015102955846
fever_215283,fever,0,5,0.22728595907325086,0.28837375752111793,0.4843402834056311,0.1,0.5,0.4,0.5305438992239335
fever_91849,fever,1,5,0.19932708274953373,0.553149835373419,0.24752308187704725,0.2,0.6,0.2,0.6769113763119426
fever_195244,fever,1,5,0.050863524343075436,0.8028215550099305,0.14631492064699417,0.0,0.9,0.1,0.8759790153334276
fever_184099,fever,0,5,0.5984830190393801,0.0028895939775994634,0.39862738698302047,0.5,0.0,0.5,0.2022032874691097
fever_174038,fever,1,5,0.00530767746158432,0.8412373011173937,0.1534550214210219,0.0,0.8,0.2,0.9179648118279047
fever_187556,fever,0,5,0.5364681537332181,0.029006533454321266,0.43452531281246076,0.4,0.0,0.6,0.24626918986055166
fever_46187,fever,0,5,0.44673700532719246,0.401829955566127,0.1514330391066806,0.6,0.4,0.0,0.4775464751194673
fever_126423,fever,0,5,0.5191269786533417,0.014505511184124322,0.46636751016253386,0.4,0.0,0.6,0.24768926626539126
fever_174609,fever,1,5,0.01678116901259763,0.38595929998633094,0.5972595310010714,0.0,0.4,0.6,0.6845890654868667
fever_223279,fever,0,5,0.18808997643342013,0.1125391777899452,0.6993708457766348,0.0,0.0,1.0,0.4622246006782626
fever_136865,fever,1,5,0.8771499145384001,0.003050128990482993,0.11979995647111703,1.0,0.0,0.0,0.06295010722604151
fever_18736,fever,0,5,0.46004118929454807,0.26077767830672216,0.2791811323987298,0.6,0.4,0.0,0.4003682445060871
fever_21027,fever,0,5,0.9355085364084923,0.0026001158092984053,0.06189134778220927,1.0,0.0,0.0,0.03354578970040304
fever_184067,fever,1,5,0.4549843242004539,0.003734849666485237,0.5412808261330608,0.3,0.0,0.7,0.27437526273301566
fever_90291,fever,0,5,0.5488469914537644,0.0021576956406159447,0.44899531290561967,0.6,0.0,0.4,0.22665535209342577
fever_113488,fever,1,5,0.4550185976965914,0.03173484245484564,0.513246559848563,0.3,0.0,0.7,0.28835812237912717
fever_74557,fever,1,5,0.5850059838010991,0.00813329252949578,0.4068607236694051,0.6,0.0,0.4,0.21156365436419833
fever_54383,fever,1,5,0.17754031063594183,0.4525186620834889,0.3699410272805691,0.2,0.5,0.3,0.6374891757237735
fever_221146,fever,0,5,0.13230027213443374,0.20968246406566973,0.6580172637998966,0.0,0.3,0.7,0.538691095965618
fever_224956,fever,0,5,0.5997132450775519,0.0072079494020669335,0.3930788055203812,0.6,0.0,0.4,0.20374735216225753
fever_39437,fever,0,5,0.05218728589359241,0.7065484738780744,0.2412642402283333,0.1,0.9,0.0,0.8271805939922411
fever_47356,fever,1,5,0.6506212903566693,0.0017056174453048574,0.34767309219802583,0.8,0.0,0.2,0.1755421635443178
fever_181629,fever,0,5,0.4037729920065072,0.43837164279271723,0.15785536520077562,0.4,0.6,0.0,0.5172993253931051
fever_118411,fever,0,5,0.1993227617452738,0.5324370072255898,0.2682402310291364,0.3,0.7,0.0,0.6665571227401581
fever_16588,fever,0,5,0.7310682828151963,0.006856554133596679,0.26207516305120715,0.6,0.0,0.4,0.13789413565920025
fever_226840,fever,1,5,0.058018352675014796,0.7079933369192792,0.2339883104057059,0.0,0.8,0.2,0.8249874921221322
fever_221241,fever,1,5,0.3901760645124026,0.32669349304658707,0.2831304424410103,0.3,0.4,0.3,0.4682587142670922
fever_115131,fever,1,5,0.25678611086511083,0.37544225429898226,0.3677716348359069,0.1,0.4,0.5,0.5593280717169358
fever_105954,fever,1,5,0.9049544289665153,0.001103759385349348,0.09394181164813538,1.0,0.0,0.0,0.048074665209417035
fever_11928,fever,0,5,0.990142681942379,0.0005876226087554914,0.009269695448865379,1.0,0.0,0.0,0.005222470333188181
fever_181269,fever,0,5,0.20122399167438543,0.12175369683720205,0.6770223114884125,0.1,0.1,0.8,0.4602648525814083
fever_1395,fever,0,5,0.8706799947867697,0.008172726758791823,0.12114727845443843,1.0,0.0,0.0,0.06874636598601104
fever_193904,fever,1,5,0.1491553934190759,0.23172084885522248,0.6191237577257016,0.1,0.3,0.6,0.5412827277180733
fever_104244,fever,0,5,0.5664882550585474,0.3977884676387687,0.035723277302684,0.6,0.4,0.0,0.4156501062901107
fever_82973,fever,0,5,0.13303493539518485,0.5970131690975216,0.2699518955072936,0.1,0.6,0.3,0.7319891168511683
fever_92524,fever,0,5,0.12910535311096913,0.6764765623827176,0.19441808450631337,0.1,0.7,0.2,0.7736856046358742
fever_155035,fever,1,5,0.902033082581392,0.001958367336305806,0.09600855008230227,1.0,0.0,0.0,0.04996264237745694
fever_198208,fever,0,5,0.3614991855243728,0.28674911742448733,0.3517516970511399,0.3,0.4,0.3,0.4626249659500573
fever_140663,fever,0,5,0.012044744599541996,0.8639818567340928,0.12397339866636528,0.0,1.0,0.0,0.9259685560672755
fever_175642,fever,0,5,0.28571943766217495,0.2948418694367354,0.41943869290108965,0.1,0.3,0.6,0.5045612158872802
fever_204636,fever,1,5,0.003104927977028163,0.8679397770786371,0.1289552949443345,0.0,1.0,0.0,0.9324174245508043
fever_52472,fever,1,5,0.44852440163769025,0.01580759239939823,0.5356680059629116,0.3,0.0,0.7,0.28364159538085404
fever_22619,fever,0,5,0.3424562142087566,0.39714986433462296,0.26039392145662044,0.1,0.4,0.5,0.5273468250629332
fever_25933,fever,1,5,0.05675713623560943,0.7322497398118297,0.21099312395256087,0.1,0.8,0.1,0.8377463017881102
fever_26155,fever,1,5,0.39868214211134856,0.14135964308918908,0.4599582147994624,0.4,0.0,0.6,0.3713387504889203
fever_24063,fever,1,5,0.10498243699001249,0.212260099294936,0.6827574637150515,0.0,0.2,0.8,0.5536388311524618
fever_68337,fever,1,5,0.38832359187075083,0.026700754356436807,0.5849756537728122,0.1,0.0,0.9,0.31918858124284294
fever_113127,fever,1,5,0.5262064706122964,0.18590392556111218,0.28788960382659134,0.6,0.2,0.2,0.32984872747440785
fever_206030,fever,1,5,0.23428214895844435,0.3933584064862054,0.3723594445553502,0.1,0.4,0.5,0.5795381287638806
fever_100145,fever,1,5,0.06251839654553369,0.06704664770277033,0.8704349557516962,0.0,0.0,1.0,0.5022641255786184
fever_76869,fever,0,5,0.595487386249961,0.0011697563790174085,0.40334285737102143,0.3,0.0,0.7,0.2028411850645281
fever_47228,fever,0,5,0.8477180190075272,0.0007713751996206843,0.15151060579285214,1.0,0.0,0.0,0.07652667809604675
fever_156943,fever,0,5,0.40050073006382714,0.14636934078621586,0.453129929149957,0.1,0.2,0.7,0.3729343053611943
fever_79601,fever,0,5,0.1270426140122914,0.20580710677041822,0.6671502792172903,0.0,0.1,0.9,0.5393822463790634
fever_11441,fever,1,5,0.3305247501423395,0.008099086344845099,0.6613761635128155,0.0,0.0,1.0,0.3387871681012528
fever_175874,fever,0,5,0.44650399821734155,0.38607296822889625,0.16742303355376217,0.3,0.4,0.3,0.46978448500577735
fever_162201,fever,0,5,0.5044517511875412,0.0036901210453709776,0.49185812776708787,0.4,0.0,0.6,0.2496191849289149
fever_91028,fever,0,5,0.321578867072852,0.009600265414002157,0.6688208675131457,0.3,0.0,0.7,0.34401069917057503
fever_164894,fever,0,5,0.44259109035320876,0.3796103519213493,0.1777985577254419,0.3,0.4,0.3,0.46850963078407026
fever_19655,fever,1,5,0.5958039602459063,0.39897608716720934,0.005219952586884296,0.6,0.4,0.0,0.4015860634606515
fever_21026,fever,1,5,0.09872303098632591,0.5541371986960288,0.3471397703176452,0.0,0.6,0.4,0.7277070838548514
fever_62633,fever,1,5,0.39948115995579686,0.0500798315076678,0.5504390085365353,0.1,0.0,0.9,0.32529933577593545
fever_4132,fever,0,5,0.19999767221464304,0.48673989717011495,0.31326243061524195,0.1,0.6,0.3,0.6433711124777359
fever_64631,fever,0,5,0.22565242493775856,0.5785332584828533,0.19581431657938822,0.1,0.6,0.3,0.6764404167725474
fever_21775,fever,1,5,0.691496933864405,0.004358635472550282,0.30414443066304464,0.6,0.0,0.4,0.1564308508040726
fever_212779,fever,0,5,0.1936844862801707,0.4034367863733138,0.4028787273465155,0.1,0.4,0.5,0.6048761500465716
fever_79706,fever,1,5,0.3966146584648419,0.04065083096089762,0.5627345105742604,0.3,0.0,0.7,0.3220180862480278
fever_11915,fever,0,5,0.14651017684431528,0.2802300000198349,0.5732598231358499,0.1,0.2,0.7,0.5668599115877598
fever_159567,fever,1,5,0.6587569996543636,0.004691794270352908,0.33655120607528355,0.4,0.0,0.6,0.17296739730799468
fever_48276,fever,1,5,0.4447640644509455,0.39858270761976183,0.15665322792929276,0.3,0.4,0.3,0.47690932158440824
fever_42412,fever,0,5,0.050989625656851244,0.6670838747371441,0.2819264996060047,0.0,0.7,0.3,0.8080471245401465
fever_121251,fever,0,5,0.20775252571145741,0.3568161846651459,0.4354312896233966,0.0,0.4,0.6,0.5745318294768442
fever_216781,fever,1,5,0.5763481942420549,0.3983825643550012,0.02526924140294389,0.6,0.4,0.0,0.4110171850564731
fever_140139,fever,1,5,0.39762132108700077,0.39223404301583487,0.21014463589716442,0.2,0.4,0.4,0.49730636096441705
fever_82367,fever,1,5,0.19321541581707136,0.2792294716663928,0.5275551125165359,0.2,0.1,0.7,0.5430070279246607
fever_168082,fever,1,5,0.6287299538956731,0.009672301255696346,0.3615977448486305,0.5,0.0,0.5,0.1904711736800116
fever_15899,fever,0,5,0.25076202172386186,0.004677283322446814,0.7445606949536914,0.3,0.0,0.7,0.3769576307992925
fever_35031,fever,0,5,0.23652205427032072,0.3743067478999653,0.389171197829714,0.2,0.4,0.4,0.5688923468148224
fever_81450,fever,0,5,0.39786793853121366,0.283813385697517,0.3183186757712694,0.1,0.3,0.6,0.4429727235831517
fever_62117,fever,0,5,0.3358671764426304,0.20155606669245732,0.4625767568649123,0.2,0.2,0.6,0.4328444451249135
fever_52799,fever,0,5,0.2318340859012204,0.6364792777014171,0.13168663639736244,0.3,0.6,0.1,0.7023225959000983
fever_139717,fever,0,5,0.1913017191613633,0.22645339876603118,0.5822448820726055,0.1,0.3,0.6,0.5175758398023339
fever_194574,fever,1,5,0.763824278505622,0.0030282832460751252,0.2331474382483028,0.6,0.0,0.4,0.11960200237022653
fever_48404,fever,1,5,0.3826853664772674,0.16640804130809103,0.45090659221464147,0.3,0.0,0.7,0.39186133741541174
fever_183587,fever,0,5,0.5374190866430093,0.12617029356244064,0.3364106197945501,0.6,0.0,0.4,0.2943756034597157
fever_34195,fever,1,5,0.34768967404834594,0.1399337240541894,0.5123766018974647,0.2,0.0,0.8,0.39612202500292176
fever_138664,fever,0,5,0.4973353492081854,0.049921700797635936,0.45274294999417874,0.4,0.0,0.6,0.2762931757947253
fever_34619,fever,0,5,0.2523032621856439,0.04282793289808398,0.704868804916272,0.1,0.0,0.9,0.39526233535622
fever_204651,fever,1,5,0.179863721127378,0.18683375964222268,0.6333025192303994,0.1,0.1,0.8,0.5034850192574224
fever_98066,fever,0,5,0.6829492233258774,0.005022651766240853,0.31202812490788173,0.4,0.0,0.6,0.16103671422018173
fever_215867,fever,0,5,0.5277467738408281,0.005010356724331575,0.4672428694348404,0.2,0.0,0.8,0.23863179144175178
fever_57452,fever,0,5,0.29956192517451885,0.39522424130402645,0.3052138335214546,0.3,0.4,0.3,0.5478311580647537
fever_68483,fever,0,5,0.10117509891629355,0.7910064747751637,0.10781842630854284,0.1,0.8,0.1,0.8449156879294352
fever_47070,fever,0,5,0.6401480270442086,0.002455915757634649,0.35739605719815676,0.4,0.0,0.6,0.18115394435671303
fever_194014,fever,0,5,0.1323111350893483,0.2966600542501468,0.5710288106605048,0.2,0.2,0.6,0.5821744595803993
fever_183624,fever,0,5,0.16223942525943916,0.21667178303707094,0.62108879170349,0.1,0.1,0.8,0.5272161788888159
fever_174012,fever,0,5,0.1495029726160361,0.5405031815658112,0.3099938458181527,0.0,0.7,0.3,0.6955001044748876
fever_222045,fever,1,5,0.3383638130154646,0.06901857284378202,0.5926176141407534,0.2,0.0,0.8,0.36532737991415876
fever_179007,fever,0,5,0.7139238402428002,0.002520702340359555,0.2835554574168403,0.6,0.0,0.4,0.1442984310487797
fever_113476,fever,0,5,0.300921830475731,0.11196592528513367,0.5871122442391353,0.1,0.1,0.8,0.4055220474047013
fever_165892,fever,0,5,0.4776735495535694,0.019479170926617235,0.5028472795198133,0.4,0.0,0.6,0.2709028106865239
fever_99428,fever,0,5,0.4230459725781179,0.010442288046061992,0.5665117393758201,0.3,0.0,0.7,0.29369815773397207
fever_145491,fever,1,5,0.23182099310011756,0.25604497312593255,0.5121340337739498,0.1,0.3,0.6,0.5121119900129074
fever_71111,fever,0,5,0.07869418914377826,0.6091551308923866,0.31215067996383505,0.0,0.7,0.3,0.7652304708743041
fever_7335,fever,0,5,0.5867349818782978,0.0679693811841709,0.3452956369375313,0.6,0.0,0.4,0.24061719965293654
fever_138593,fever,1,5,0.3191788381399276,0.012623371522732529,0.66819779033734,0.1,0.0,0.9,0.3467222666914025
fever_21274,fever,0,5,0.3977248325669011,0.016388781201541434,0.5858863862315573,0.6,0.0,0.4,0.30933197431732007
fever_204341,fever,1,5,0.12782864607777095,0.3118253439804427,0.5603460099417863,0.1,0.1,0.8,0.5919983489513359
fever_117305,fever,0,5,0.1007912592369274,0.6355185650611368,0.2636901757019358,0.1,0.8,0.1,0.7673636529121047
fever_20026,fever,0,5,0.10197690841405724,0.5668536886380107,0.33116940294793207,0.0,0.6,0.4,0.7324383901119766
fever_172508,fever,0,5,0.4441702451943044,0.2776580142756808,0.2781717405300148,0.3,0.4,0.3,0.4167438845406882
fever_26793,fever,1,5,0.25588152482582044,0.261973787770472,0.48214468740370764,0.1,0.3,0.6,0.5030461314723258
fever_164402,fever,0,5,0.5792545444601617,0.024256736126466262,0.39648871941337205,0.4,0.0,0.6,0.22250109583315228
fever_11418,fever,0,5,0.3573074290649853,0.42643198365217333,0.21626058728284128,0.5,0.4,0.1,0.534562277293594
fever_170005,fever,1,5,0.1518533347922743,0.45493453694634917,0.3932121282613764,0.1,0.6,0.3,0.6515406010770374
fever_188636,fever,1,5,0.2969297279397852,0.4560075094052526,0.2470627626549621,0.2,0.6,0.2,0.5795388907327337
fever_63185,fever,0,5,0.43863588979023715,0.006194634811180223,0.5551694753985826,0.3,0.0,0.7,0.28377937251047153
fever_227080,fever,0,5,0.9550878465289708,0.005156692575496351,0.039755460895532814,1.0,0.0,0.0,0.02503442302326276
fever_75025,fever,1,5,0.1480204335146439,0.3839198756371407,0.4680596908482154,0.0,0.3,0.7,0.6179497210612483
fever_85138,fever,0,5,0.0012964084097525938,0.5958960465142337,0.4028075450760137,0.0,0.6,0.4,0.7972998190522405
fever_45364,fever,0,5,0.002224522722359237,0.697285647957683,0.30048982931995766,0.0,0.8,0.2,0.8475305626176618
fever_49515,fever,1,5,0.3938033772249969,0.04723652010025837,0.5589601026747447,0.3,0.0,0.7,0.3267165714376307
fever_73080,fever,1,5,0.09157688681724399,0.5127178558901683,0.39570525729258776,0.0,0.6,0.4,0.7105704845364622
fever_14900,fever,0,5,0.1988168694914653,0.6826735292595507,0.11850960124898398,0.1,0.7,0.2,0.7419283298840427
fever_187776,fever,1,5,0.777988432545235,0.00253516797875964,0.21947639947600533,0.6,0.0,0.4,0.1122733677167623
fever_106496,fever,1,5,0.1785250678869684,0.6068189887026904,0.21465594341034128,0.1,0.6,0.3,0.714146960407861
fever_130027,fever,0,5,0.1989686945603772,0.05193583151474401,0.7490954739248789,0.1,0.1,0.8,0.42648356847718344
fever_199263,fever,0,5,0.1055846401944475,0.5956768050358077,0.29873855476974487,0.1,0.6,0.3,0.7450460824206802
fever_73961,fever,1,5,0.31899410102210213,0.39265530337465177,0.28835059560324616,0.3,0.4,0.3,0.5368306011762749
fever_215504,fever,0,5,0.018873370190218067,0.26434836806189255,0.7167782617478894,0.0,0.2,0.8,0.6227374989358372
fever_149134,fever,1,5,0.2127370056589629,0.16561385341579654,0.6216491409252406,0.1,0.0,0.9,0.47643842387841684
fever_17213,fever,0,5,0.07461584864162524,0.5088185109513099,0.41656564040706484,0.0,0.6,0.4,0.7171013311548423
fever_120630,fever,0,5,0.19857305024640753,0.03777908622561599,0.7636478635279765,0.1,0.0,0.9,0.41960301798960425
fever_89483,fever,0,5,0.19492930302135933,0.08867946808648333,0.7163912288921572,0.0,0.1,0.9,0.4468750825325619
fever_97418,fever,1,5,0.3562991647212309,0.16356395653795008,0.4801368787408191,0.2,0.0,0.8,0.40363239590835964
fever_188976,fever,1,5,0.4435280406381428,0.382582423627855,0.17388953573400226,0.6,0.4,0.0,0.4695271914948561
fever_60720,fever,0,5,0.19485347927407257,0.10470677066001284,0.7004397500659145,0.2,0.0,0.8,0.4549266456929701
fever_80800,fever,0,5,0.10205915446522648,0.5918795213579285,0.3060613241768451,0.1,0.7,0.2,0.7449101834463511
fever_189894,fever,1,5,0.48555772660928653,0.018857112867199856,0.4955851605235136,0.1,0.0,0.9,0.26664969312895664
fever_179763,fever,1,5,0.003415024193797468,0.8656141843232114,0.13097079148299115,0.0,0.9,0.1,0.9310995800647069
fever_140067,fever,1,5,0.2274578873123882,0.06685454661836888,0.7056875660692429,0.0,0.0,1.0,0.4196983296529903
fever_63313,fever,1,5,0.5078366238609926,0.04876849980528687,0.4433948763337205,0.3,0.0,0.7,0.27046593797214713
fever_34583,fever,1,5,0.7923009798280323,0.0028090259685482214,0.20488999420341955,0.6,0.0,0.4,0.105254023070258
fever_159716,fever,0,5,0.494548074714298,0.39282218144812864,0.11262974383757332,0.6,0.4,0.0,0.4491370533669153
fever_72250,fever,0,5,0.7904654922306145,0.0010102467423198026,0.2085242610270658,0.6,0.0,0.4,0.10527237725585271
fever_49839,fever,1,5,0.4473714853068899,0.3725496496623045,0.18007886503080553,0.3,0.4,0.3,0.4625890821777073
fever_143301,fever,1,5,0.6926554898968795,0.0027344813150693647,0.304610028788051,0.4,0.0,0.6,0.15503949570909487
fever_36251,fever,1,5,0.5975011862058293,0.0802350812797873,0.32226373251438345,0.3,0.1,0.6,0.24136694753697902
fever_2798,fever,1,5,0.9216729439157645,0.002131339392583382,0.07619571669165212,1.0,0.0,0.0,0.04022919773840944
fever_112773,fever,0,5,0.15029597661774363,0.670683761646137,0.17902026173611935,0.1,0.8,0.1,0.7601938925141967
fever_177491,fever,1,5,0.15899183151783142,0.3918432824924507,0.4491648859897179,0.1,0.2,0.7,0.6164257254873097
fever_44955,fever,1,5,0.16619712430484246,0.410450824988457,0.42335205070670057,0.2,0.4,0.4,0.6221268503418073
fever_75587,fever,1,5,0.6344524712831856,0.0053294452569212945,0.3602180834598931,0.3,0.0,0.7,0.18543848698686785
fever_11572,fever,1,5,0.580330084454945,0.004658772735380621,0.4150111428096744,0.2,0.0,0.8,0.21216434414021781
fever_137665,fever,1,5,0.8541519458032057,0.001958517172332439,0.14388953702446175,1.0,0.0,0.0,0.07390328568456331
fever_11491,fever,0,5,0.3406108865869314,0.0493375182558957,0.6100515951571729,0.4,0.0,0.6,0.35436331583448216
fever_16809,fever,0,5,0.2606376406237122,0.03178300796663537,0.7075793514096523,0.2,0.0,0.8,0.3855726836714615
fever_205088,fever,1,5,0.05220016161651003,0.32191128622453186,0.6258885521589581,0.0,0.3,0.7,0.6348555623040109
fever_41049,fever,0,5,0.09367784328062767,0.34070008662127477,0.5656220700980976,0.0,0.3,0.7,0.6235111216703235
fever_172512,fever,1,5,0.006457052316415963,0.48852065100905157,0.5050222966745326,0.0,0.5,0.5,0.7410317993463178
fever_211798,fever,0,5,0.4367880769723402,0.008384414206111687,0.5548275088215482,0.3,0.0,0.7,0.2857981686168858
fever_28911,fever,0,5,0.4290670696327342,0.15558486214831818,0.41534806821894765,0.2,0.0,0.8,0.363258896257792
fever_111414,fever,0,5,0.3737633906336677,0.20057181351165704,0.4256647958546752,0.1,0.2,0.7,0.41340421143899464
fever_165890,fever,0,5,0.19962225872318123,0.5681805971769647,0.23219714409985404,0.2,0.6,0.2,0.6842791692268917
fever_180581,fever,1,5,0.48386182880649925,0.006034404083145474,0.5101037671103552,0.3,0.0,0.7,0.2610862876383231
fever_185772,fever,0,5,0.6430695486888831,0.002126411740974751,0.354804039570142,0.3,0.0,0.7,0.17952843152604575
fever_97036,fever,0,5,0.19763112734757676,0.25341716417739707,0.5489517084750262,0.3,0.3,0.4,0.5278930184149102
fever_88107,fever,0,5,0.24974581259051032,0.5838614245509112,0.16639276285857854,0.2,0.6,0.2,0.6670578059802005
fever_218372,fever,0,5,0.14698596011582754,0.2116956781807981,0.6413183617033745,0.1,0.0,0.9,0.5323548590324854
fever_154719,fever,0,5,0.04417961558600496,0.4031896438444938,0.5526307405695012,0.0,0.4,0.6,0.6795050141292445
fever_172485,fever,0,5,0.4605261458245476,0.16246023910668064,0.3770136150687718,0.3,0.0,0.7,0.35096704664106654
fever_175865,fever,0,5,0.38349163881710513,0.4863009914566576,0.13020736972623714,0.4,0.4,0.2,0.5514046763197762
fever_121994,fever,0,5,0.48388664384981717,0.0033290054255742567,0.5127843507246086,0.1,0.0,0.9,0.25972118078787854
fever_16646,fever,0,5,0.1979224027721472,0.5936619883799107,0.20841560884794202,0.0,0.6,0.4,0.6978697928038817
fever_75210,fever,1,5,0.26766603178520876,0.08060176219798185,0.6517322060168094,0.2,0.1,0.7,0.40646786520638656
fever_112877,fever,1,5,0.18713478554277888,0.2514189618930366,0.5614462525641846,0.1,0.3,0.6,0.5321420881751289
fever_30640,fever,0,5,0.3339475097400913,0.3898371877545383,0.27621530250537046,0.3,0.4,0.3,0.5279448390072236
fever_111717,fever,1,5,0.09135056511056543,0.623819530514884,0.28482990437455047,0.1,0.7,0.2,0.7662344827021592
fever_42026,fever,1,5,0.17865993628158838,0.4016219959315965,0.41971806778681503,0.1,0.4,0.5,0.611481029825004
fever_35291,fever,1,5,0.3492498788134849,0.10473977765844023,0.5460103435280749,0.1,0.1,0.8,0.37774494942247766
fever_137370,fever,1,5,0.44565368322057786,0.014044749678791785,0.5403015671006304,0.3,0.0,0.7,0.28419553322910696
fever_85175,fever,1,5,0.43610399556355545,0.11970207094853091,0.4441939334879136,0.1,0.1,0.8,0.3417990376924877
fever_154659,fever,1,5,0.14350221186296883,0.5987366619273269,0.25776112620970426,0.0,0.6,0.4,0.7276172250321791
fever_111060,fever,0,5,0.036444350426226825,0.5084343867429574,0.4551212628308158,0.0,0.3,0.7,0.7359950181583652
fever_97307,fever,1,5,0.36784237544677356,0.36747471022153855,0.2646829143316879,0.3,0.3,0.4,0.4998161673873825
fever_185188,fever,1,5,0.051099985735813216,0.8144857026841953,0.13441431157999154,0.1,0.9,0.0,0.8816928584741911
fever_49836,fever,1,5,0.0792931813108187,0.36840523536901904,0.5523015833201624,0.0,0.2,0.8,0.6445560270291002
fever_109293,fever,1,5,0.0851627425828056,0.27091503924837285,0.6439222181688218,0.0,0.3,0.7,0.5928761483327838
fever_160345,fever,0,5,0.8346555197350533,0.0010090028073547904,0.16433547745759197,1.0,0.0,0.0,0.08317674153615078
fever_66940,fever,0,5,0.7925394086974047,0.0011796289428037464,0.20628096235979165,0.6,0.0,0.4,0.10432011012269957
fever_168636,fever,0,5,0.13346542901645136,0.6262513669462725,0.24028320403727615,0.0,0.7,0.3,0.7463929689649106
fever_104386,fever,1,5,0.053757848589371895,0.8129215332203354,0.1333206181902926,0.0,0.9,0.1,0.8795818423154818
fever_149130,fever,1,5,0.2990944189388832,0.6600981586669785,0.0408074223941382,0.3,0.7,0.0,0.6805018698640476
fever_192788,fever,1,5,0.20100508203454132,0.17265036840936002,0.6263445495560988,0.2,0.1,0.7,0.4858226431874094
fever_169319,fever,0,5,0.6322634411815202,0.0016616997258264339,0.36607485909265336,0.3,0.0,0.7,0.18469912927215312
fever_223220,fever,0,5,0.5449960435592918,0.0023345258589399028,0.4526694305817684,0.9,0.0,0.1,0.2286692411498241
fever_165244,fever,0,5,0.5898643497717837,0.0014318225775362535,0.40870382765068014,0.6,0.0,0.4,0.2057837364028763
fever_192044,fever,0,5,0.4142231856546821,0.002098469580096962,0.5836783447652211,0.1,0.0,0.9,0.2939376419627075
fever_85066,fever,1,5,0.34739097680804965,0.0063504599075326264,0.6462585632844178,0.2,0.0,0.8,0.3294797415497415
fever_43776,fever,1,5,0.431874593544859,0.05523185261433439,0.5128935538408066,0.2,0.0,0.8,0.3116786295347377
fever_140391,fever,0,5,0.07721083180287255,0.2529222094000502,0.6698669587970771,0.1,0.2,0.7,0.5878556887985888
fever_197345,fever,0,5,0.12405991713291191,0.34272055617448116,0.533219526692607,0.0,0.4,0.6,0.6093303195207846
fever_5488,fever,0,5,0.5019982555570214,0.002026461818003473,0.4959752826249753,0.6,0.0,0.4,0.2500141031304911
fever_41980,fever,0,5,0.6926577883569319,0.0021723650366629555,0.3051698466064053,0.4,0.0,0.6,0.1547572883398656
fever_137813,fever,1,5,0.6821307659789275,0.003089876853292568,0.31477935716777994,0.6,0.0,0.4,0.16047955543718254
fever_186599,fever,0,5,0.2996390972058608,0.472978546040103,0.22738235675403634,0.1,0.5,0.4,0.5866697244171212
fever_24659,fever,0,5,0.4437410290812262,0.1354218390086815,0.4208371319100922,0.5,0.1,0.4,0.3458404049637276
fever_198432,fever,0,5,0.7651065226196315,0.0025995272005729835,0.23229395017979537,0.6,0.0,0.4,0.11874650229047067
fever_166640,fever,1,5,0.6260383720552026,0.0031022291411075217,0.3708593988036899,0.4,0.0,0.6,0.18853192854295248
fever_164897,fever,0,5,0.5693419698574218,0.001934737777662779,0.4287232923649153,0.3,0.0,0.7,0.21629638396012044
fever_208438,fever,0,5,0.10016611643807245,0.1620853784619629,0.7377485050999646,0.0,0.2,0.8,0.5309596310119452
fever_79644,fever,1,5,0.13284762528099328,0.353561789162979,0.5135905855560277,0.1,0.3,0.6,0.6103570819409928
fever_168041,fever,1,5,0.24926870253572259,0.43273129219248185,0.3180000052717956,0.1,0.4,0.5,0.5917312948283797
fever_63631,fever,1,5,0.05838405108922493,0.6946382553605577,0.2469776935502174,0.1,0.7,0.2,0.8181271021356664
fever_7336,fever,1,5,0.3334498920523956,0.08163328055969477,0.5849168273879097,0.3,0.0,0.7,0.37409169425364963
fever_66812,fever,1,5,0.12342343809797751,0.5931240216648461,0.2834525402371765,0.0,0.6,0.4,0.7348502917834343
fever_218249,fever,1,5,0.10177957997499532,0.5613854315335455,0.33683498849145915,0.1,0.6,0.3,0.7298029257792751
fever_116103,fever,0,5,0.4198616263189865,0.004331211271146529,0.5758071624098671,0.1,0.0,0.9,0.2922347924760801
fever_171500,fever,0,5,0.2777877335230221,0.36532502377666365,0.35688724270031413,0.3,0.4,0.3,0.5437686451268207
fever_55468,fever,0,5,0.3488875640186854,0.39868438327762284,0.2524280527036917,0.3,0.4,0.3,0.5248984096294687
fever_129026,fever,1,5,0.794236302396205,0.0013784872999789005,0.20438521030381632,0.6,0.0,0.4,0.10357109245188706
fever_113297,fever,0,5,0.13675152098131135,0.4610791625323083,0.40216931648638043,0.1,0.5,0.4,0.6621638207754985
fever_179832,fever,0,5,0.3561020585759465,0.17707664635525583,0.46682129506879777,0.3,0.2,0.5,0.4104872938896547
fever_6684,fever,0,5,0.4703535542648435,0.004298734312411396,0.5253477114227452,0.3,0.0,0.7,0.266972590023784
fever_155955,fever,0,5,0.1328551779178617,0.7407587831881107,0.12638603889402744,0.1,0.8,0.1,0.8039518026351244
fever_160795,fever,0,5,0.002967613200319216,0.8622692484088439,0.1347631383908368,0.0,0.9,0.1,0.9296508176042623
fever_38750,fever,1,5,0.3660173807441067,0.5880609371341967,0.045921682121696575,0.4,0.6,0.0,0.611021778195045
fever_192759,fever,1,5,0.051191242822519446,0.33446170857738117,0.6143470486000994,0.0,0.4,0.6,0.6416352328774308
fever_38267,fever,1,5,0.18699480018529463,0.31505222716660014,0.49795297264810545,0.0,0.4,0.6,0.5640287134906529
fever_3337,fever,0,5,0.21583688560593028,0.43016728272839594,0.3539958316656738,0.0,0.5,0.5,0.6071651985612329
fever_224557,fever,0,5,0.2839066162907854,0.329773470550662,0.3863199131585525,0.2,0.4,0.4,0.5229334271299382
fever_195040,fever,0,5,0.14606492885807626,0.6956897609002891,0.15824531024163463,0.0,0.7,0.3,0.7748124160211064
fever_183415,fever,0,5,0.15233419063014114,0.4278498438504258,0.4198159655194331,0.1,0.6,0.3,0.6377578266101424
fever_187213,fever,0,5,0.18230099071145808,0.4900040547786645,0.3276949545098774,0.0,0.5,0.5,0.6538515320336031
fever_124862,fever,1,5,0.004428953470604633,0.6748923440706805,0.32067870245871477,0.0,0.8,0.2,0.8352316953000379
fever_87793,fever,1,5,0.2693207915544503,0.5688482656659648,0.16183094277958487,0.1,0.6,0.3,0.6497637370557572
fever_37202,fever,1,5,0.4731521027287431,0.08405510418884278,0.44279279308241415,0.3,0.1,0.6,0.30545150073004984
fever_137360,fever,0,5,0.2979809381014482,0.5973016479246664,0.1047174139738853,0.2,0.6,0.2,0.6496603549116091
fever_125010,fever,0,5,0.05779264798087626,0.804667722518858,0.1375396295002658,0.0,0.9,0.1,0.8734375372689909
fever_175633,fever,1,5,0.7067142584441289,0.002706845984202882,0.2905788955716682,0.6,0.0,0.4,0.14799629377003698
fever_124986,fever,1,5,0.13225222995129293,0.28204423324006955,0.5857035368086376,0.0,0.2,0.8,0.5748960016443884
fever_90615,fever,1,5,0.16593836607880724,0.3686913312080442,0.46537030271314866,0.1,0.5,0.4,0.6013764825646185
fever_112757,fever,1,5,0.03880768905949682,0.287088400206016,0.6741039107344873,0.0,0.1,0.9,0.6241403555732596
fever_183416,fever,0,5,0.3433647305923988,0.5826330496294414,0.07400221977815984,0.3,0.6,0.1,0.6196341595185213
fever_101322,fever,1,5,0.1917747150582711,0.019792425625573047,0.7884328593161559,0.1,0.0,0.9,0.414008855283651
fever_215497,fever,1,5,0.44382181872797793,0.13130765369450736,0.4248705275775146,0.3,0.0,0.7,0.3437429174832647
fever_159689,fever,0,5,0.8451823789366262,0.0012163576174163376,0.15360126344595726,1.0,0.0,0.0,0.07801698934039497
fever_147260,fever,1,5,0.05109237193573527,0.2157931218526386,0.7331145062116262,0.0,0.1,0.9,0.5823503749584518
fever_165121,fever,0,5,0.0019214496341041533,0.8276668295011319,0.17041172086476394,0.0,0.9,0.1,0.9128726899335139
fever_183459,fever,0,5,0.4951638872543339,0.007760292992119268,0.4970758197535468,0.3,0.0,0.7,0.25629820286889266
fever_129932,fever,0,5,0.023309587292579346,0.0463781877180941,0.9303122249893268,0.0,0.0,1.0,0.5115343002127575
fever_205095,fever,1,5,0.14898162895957676,0.5938892518166117,0.25712911922381154,0.0,0.6,0.4,0.7224538114285175
fever_99800,fever,0,5,0.11875187043258668,0.6296885715044638,0.25155955806294955,0.0,0.6,0.4,0.7554683505359385
fever_33009,fever,0,5,0.7924591324124075,0.0010949174896975303,0.20644595009789507,0.6,0.0,0.4,0.10431789253864507
fever_177533,fever,1,5,0.9896733816466566,0.000577391481928715,0.009749226871414787,1.0,0.0,0.0,0.0054520049176361085
fever_132620,fever,0,5,0.28281568351201386,0.4001991423035941,0.316985174184392,0.1,0.4,0.5,0.55869172939579
fever_218362,fever,0,5,0.7854409374165602,0.0019255185285445876,0.21263354405489515,0.6,0.0,0.4,0.10824229055599216
fever_141188,fever,1,5,0.588704391834819,0.03809269936447342,0.3732029088007075,0.3,0.0,0.7,0.22469415376482715
fever_29113,fever,1,5,0.110892381500867,0.30407409731006607,0.5850335211890669,0.1,0.3,0.6,0.5965908579045995
fever_89908,fever,0,5,0.16353418703322628,0.00563915020219222,0.8308266627645814,0.1,0.0,0.9,0.42105248158448294
fever_67529,fever,0,5,0.25666661613816844,0.03629449183648368,0.7070388920253479,0.1,0.0,0.9,0.38981393784915763
fever_216791,fever,1,5,0.5606910670894083,0.08863835643963788,0.3506705764709538,0.6,0.0,0.4,0.26397364467511475
fever_125695,fever,1,5,0.7544928087490617,0.008313518268950394,0.23719367298198807,0.9,0.0,0.1,0.12691035475994442
fever_11346,fever,0,5,0.152367040469978,0.3557739834226722,0.49185897610734985,0.0,0.4,0.6,0.6017034714763472
fever_100366,fever,1,5,0.8161356263858319,0.006489816402176196,0.17737455721199188,1.0,0.0,0.0,0.09517709500817213
fever_53097,fever,0,5,0.15646612541965985,0.16326965087493833,0.6802642237054018,0.0,0.2,0.8,0.5034017627276393
fever_44347,fever,1,5,0.009044194190472619,0.6176743505396849,0.3732814552698425,0.0,0.6,0.4,0.8043150781746061
fever_216352,fever,0,5,0.40787138555181246,0.009389304506626478,0.5827393099415611,0.4,0.0,0.6,0.30075895947740705
fever_185426,fever,1,5,0.004930808355316247,0.2204399101525134,0.7746292814921704,0.0,0.1,0.9,0.6077545508985986
fever_194362,fever,0,5,0.4622876065674368,0.05692626091455215,0.4807861325180111,0.5,0.1,0.4,0.2973193271735577
fever_219155,fever,1,5,0.5961350224432531,0.3167281693837473,0.08713680817299965,0.6,0.4,0.0,0.36029657347024713
fever_203997,fever,0,5,0.19829557489231703,0.6669302023523669,0.13477422275531617,0.1,0.7,0.2,0.734317313730025
fever_26886,fever,0,5,0.17774827551032482,0.1067440749916446,0.7155076494980306,0.1,0.0,0.9,0.4644978997406599
fever_138023,fever,0,5,0.04801412487114701,0.13481599367128977,0.8171698814575631,0.0,0.1,0.9,0.5434009344000713
fever_164411,fever,1,5,0.16083546329016607,0.3623065470801762,0.47685798962965764,0.1,0.4,0.5,0.600735541895005
fever_198427,fever,0,5,0.9925745892818417,0.0008400898789388428,0.006585320839219357,1.0,0.0,0.0,0.004132750298548521
fever_23588,fever,0,5,0.41469358429765324,0.3376186043450831,0.24768781135726373,0.3,0.4,0.3,0.46146251002371497
fever_59266,fever,0,5,0.2911066160774348,0.37941395743098816,0.32947942649157697,0.3,0.4,0.3,0.5441536706767767
fever_4822,fever,0,5,0.4846507259678174,0.18657043396065912,0.3287788400715234,0.6,0.0,0.4,0.3509598539964208
fever_41316,fever,0,5,0.14879357272101304,0.3978098800954947,0.45339654718349226,0.0,0.4,0.6,0.6245081536872408
fever_66845,fever,0,5,0.17014778810703696,0.19314579319199973,0.6367064187009632,0.1,0.0,0.9,0.5114990025424814
fever_88082,fever,1,5,0.45694862998648633,0.02316819789395181,0.5198831721195619,0.3,0.0,0.7,0.28310978395373276
fever_207010,fever,1,5,0.00935359594332119,0.7819597542697669,0.20868664978691184,0.0,0.8,0.2,0.8863030791632228
fever_86568,fever,1,5,0.2720531707444363,0.13451587659078118,0.5934309526647826,0.0,0.2,0.8,0.4312313529231725
fever_160927,fever,1,5,0.9925540080245853,0.0008072102004007228,0.006638781775014066,1.0,0.0,0.0,0.0041266010879077554
fever_127981,fever,0,5,0.14793283161968332,0.6104401110649318,0.24162705731538486,0.1,0.6,0.3,0.7312536397226242
fever_53676,fever,0,5,0.01073147573870378,0.6860714841381625,0.30319704012313364,0.0,0.7,0.3,0.8376700041997294
fever_88619,fever,0,5,0.20961441767015496,0.4968008002491862,0.29358478208065886,0.1,0.6,0.3,0.6435931912895156
fever_110672,fever,1,5,0.09480048109283412,0.7973423450097606,0.10785717389740526,0.1,0.8,0.1,0.8512709319584633
fever_68973,fever,0,5,0.11688191365675897,0.5709291205269353,0.3121889658163057,0.1,0.6,0.3,0.7270236034350882
fever_120046,fever,1,5,0.2944173819016913,0.41475709946436146,0.29082551863394723,0.2,0.6,0.2,0.5601698587813351
fever_139174,fever,1,5,0.04191071700880783,0.32974828845254295,0.6283409945386493,0.0,0.3,0.7,0.6439187857218676
fever_150614,fever,0,5,0.6668361762942348,0.0026161118036802378,0.330547711902085,0.4,0.0,0.6,0.16788996775472273
fever_68610,fever,0,5,0.389648931773794,0.37999578702917475,0.23035528119703122,0.3,0.4,0.3,0.49517342762769034
fever_155865,fever,0,5,0.16248021078206187,0.24264244427492945,0.5948773449430088,0.0,0.2,0.8,0.5400811167464339
fever_148735,fever,0,5,0.2980083614343177,0.10930954422095954,0.5926820943447229,0.2,0.0,0.8,0.40565059139332094
fever_38944,fever,0,5,0.0847872600241081,0.5475751227457456,0.3676376172301462,0.0,0.5,0.5,0.7313939313608186
fever_48514,fever,1,5,0.4458025858728908,0.3329133632698368,0.22128405085727257,0.3,0.4,0.3,0.44355538869847305
fever_142899,fever,1,5,0.5367485340798674,0.0029804536402714826,0.46027101227986095,0.5,0.0,0.5,0.23311595978020194
fever_212768,fever,1,5,0.25949137809913025,0.3936490331236181,0.3468595887772516,0.2,0.4,0.4,0.5670788275122439
fever_205065,fever,0,5,0.14351301625288612,0.2757043596555684,0.5807826240915455,0.0,0.3,0.7,0.5660956717013411
fever_178213,fever,0,5,0.02054360389464993,0.49601427056435277,0.4834421255409973,0.0,0.6,0.4,0.7377353333348514
fever_145956,fever,1,5,0.9915026298641398,0.0007833120509795545,0.007714058084880804,1.0,0.0,0.0,0.004640341093419957
fever_166474,fever,0,5,0.7889994217407481,0.0025899052378929675,0.20841067302135893,0.6,0.0,0.4,0.10679524174857244
fever_29543,fever,0,5,0.3021266438703024,0.00267620085150255,0.6951971552781949,0.0,0.0,1.0,0.3502747784906
fever_130614,fever,1,5,0.4796276811785515,0.15742813666874608,0.3629441821527024,0.6,0.0,0.4,0.3389002277450973
fever_34180,fever,0,5,0.7135931178253069,0.0023019274006409914,0.284104954774052,1.0,0.0,0.0,0.144354404787667
fever_192837,fever,0,5,0.4125618768399497,0.03522032565456486,0.5522177975054854,0.2,0.0,0.8,0.31132922440730754
fever_22724,fever,1,5,0.10346941772551621,0.4860729721659215,0.41045761010856224,0.1,0.5,0.4,0.6913017772202026
fever_23296,fever,0,5,0.9398812016745607,0.0022859148441842525,0.05783288348125509,1.0,0.0,0.0,0.0312023565848118
fever_78395,fever,0,5,0.7802090549495466,0.024431392821402362,0.19535955222905105,0.9,0.0,0.1,0.12211116893592788
fever_7183,fever,1,5,0.034094975799689814,0.8120424842988001,0.15386253990151005,0.0,0.9,0.1,0.8889737542495552
fever_182700,fever,0,5,0.46261664667590396,0.07030327128728467,0.4670800820368113,0.2,0.1,0.7,0.3038433123056903
fever_75838,fever,0,5,0.1373794962428087,0.5645889980459737,0.2980315057112176,0.0,0.6,0.4,0.7136047509015826
fever_162881,fever,0,5,0.04645926945361205,0.44994254063335515,0.5035981899130328,0.0,0.3,0.7,0.7017416355898716
fever_192053,fever,1,5,0.16612683057917804,0.3210186349130491,0.5128545345077729,0.2,0.2,0.6,0.5774459021669356
fever_18542,fever,0,5,0.342187990604201,0.39342833554453904,0.26438367385126005,0.2,0.4,0.4,0.525620172470169
fever_40205,fever,0,5,0.16716016097361966,0.5929500858474794,0.2398897531789009,0.1,0.7,0.2,0.7128949624369298
fever_45018,fever,1,5,0.1979137400585396,0.6222922210193746,0.1797940389220858,0.1,0.7,0.2,0.7121892404804175
fever_99546,fever,1,5,0.3618137830249287,0.004920603664366313,0.6332656133107049,0.3,0.0,0.7,0.32155341031971874
fever_108162,fever,1,5,0.4252625954055632,0.0012687088958781997,0.5734686956985586,0.3,0.0,0.7,0.2880030567451575
fever_225281,fever,0,5,0.3057323885156522,0.3247854363982346,0.36948217508611325,0.1,0.4,0.5,0.5095265239412912
fever_129780,fever,1,5,0.17836709672374496,0.36138113281932993,0.46025177045692506,0.1,0.4,0.5,0.5915070180477925
fever_8304,fever,1,5,0.10324681739048289,0.6442085858281239,0.2525445967813932,0.1,0.8,0.1,0.7704808842188204
fever_159709,fever,0,5,0.7796212978495294,0.0017487627905564407,0.2186299393599141,0.6,0.0,0.4,0.11106373247051349
fever_209088,fever,0,5,0.10602898284447326,0.377776872701329,0.5161941444541979,0.1,0.2,0.7,0.6358739449284279
fever_198896,fever,0,5,0.24188646819830129,0.09710260691842015,0.6610109248832786,0.1,0.0,0.9,0.42760806936005946
fever_157098,fever,1,5,0.24227155743044845,0.5454866676834419,0.21224177488610962,0.2,0.6,0.2,0.6516075551264967
fever_70208,fever,1,5,0.5969821129423696,0.2602013517318057,0.14281653532582475,0.6,0.4,0.0,0.33160961939471806
fever_142839,fever,1,5,0.12163760829461931,0.4284469219726228,0.44991546973275787,0.1,0.3,0.6,0.6534046568390017
fever_84836,fever,1,5,0.6911117184635855,0.003071085513207341,0.305817196023207,0.4,0.0,0.6,0.15597968352481084
fever_2144,fever,0,5,0.7840772948738708,0.0038271770627805305,0.21209552806334883,0.6,0.0,0.4,0.10987494109445495
fever_215130,fever,0,5,0.1711763154785919,0.09786664169465248,0.7309570428267556,0.2,0.0,0.8,0.46334516310803026
fever_92128,fever,1,5,0.3332678196714388,0.032815684832526296,0.6339164954960349,0.3,0.0,0.7,0.34977393258054373
fever_170953,fever,1,5,0.06295292971527289,0.49260855495242745,0.44443851533229967,0.1,0.4,0.5,0.7148278126185773
fever_207006,fever,1,5,0.195216061831029,0.4959784041582786,0.30880553401069244,0.1,0.6,0.3,0.6503811711636248
fever_116715,fever,0,5,0.11521192157204999,0.6097095923831767,0.27507848604477336,0.1,0.6,0.3,0.7472488354055633
fever_8492,fever,0,5,0.35098602675969615,0.4280968582620358,0.220917114978268,0.4,0.4,0.2,0.5385554157511698
fever_180730,fever,0,5,0.19125693439242103,0.5064398877780731,0.30230317782950583,0.2,0.6,0.2,0.657591476692826
fever_159324,fever,0,5,0.18550213706167645,0.5134577739600432,0.3010400889782804,0.1,0.6,0.3,0.6639778184491834
fever_182268,fever,1,5,0.05022524758326863,0.22583459684729687,0.7239401555694344,0.0,0.1,0.9,0.587804674632014
fever_133797,fever,1,5,0.29323902457161954,0.009316700340274178,0.6974442750881062,0.1,0.0,0.9,0.3580388378843273
fever_161530,fever,0,5,0.3892072396898905,0.3962407968334203,0.21455196347668917,0.3,0.4,0.3,0.5035167785717649
fever_1934,fever,0,5,0.09509825227392865,0.34818416594250934,0.556717581783562,0.0,0.4,0.6,0.6265429568342904
fever_208420,fever,1,5,0.6493724702230604,0.0024120433663498914,0.3482154864105895,0.4,0.0,0.6,0.17651978657164466
fever_77157,fever,1,5,0.17647065397996797,0.33142808844446836,0.4921012575755636,0.1,0.4,0.5,0.5774787172322502
fever_141370,fever,0,5,0.09087403992536931,0.39729839612787726,0.5118275639467533,0.0,0.4,0.6,0.6532121781012539
fever_173725,fever,0,5,0.09993806865460107,0.5412030126280045,0.3588589187173944,0.0,0.6,0.4,0.7206324719867017
fever_49125,fever,1,5,0.7839953176626722,0.004350494251644242,0.21165418808568354,0.6,0.0,0.4,0.11017758829448601
fever_50948,fever,1,5,0.2995396569325043,0.1574443050250962,0.5430160380423995,0.1,0.1,0.8,0.42895232404629596
fever_166383,fever,1,5,0.7923490282987796,0.0010883714008702245,0.20656260030035015,0.6,0.0,0.4,0.1043696715510453
fever_85881,fever,1,5,0.36283768064212446,0.016141541023931068,0.6210207783339444,0.1,0.0,0.9,0.3266519301909033
fever_91114,fever,1,5,0.35876805282461066,0.052128914965878105,0.5891030322095112,0.1,0.0,0.9,0.34668043107063373
fever_117192,fever,1,5,0.012175408219329753,0.7041474257535442,0.2836771660271261,0.0,0.7,0.3,0.8459860087671072
fever_86738,fever,1,5,0.4624018589806216,0.004798524834702526,0.532799616184676,0.2,0.0,0.8,0.2711983329270405
fever_226445,fever,0,5,0.24648180118740606,0.4729262639748105,0.28059193483778355,0.0,0.5,0.5,0.6132222313937024
fever_147207,fever,1,5,0.13925650257351335,0.6543054337152854,0.20643806371120124,0.0,0.7,0.3,0.757524465570886
fever_226136,fever,0,5,0.18319120085717674,0.002629366466689828,0.8141794326761336,0.0,0.0,1.0,0.4097190828047566
fever_205107,fever,1,5,0.692744238381367,0.002431135525898406,0.30482462609273464,0.4,0.0,0.6,0.15484344857226573
fever_107589,fever,0,5,0.4926337848066339,0.001548847802575169,0.5058173673907909,0.3,0.0,0.7,0.2544575314979706
fever_105896,fever,0,5,0.025157019128193812,0.5668068736268983,0.40803610724490796,0.0,0.7,0.3,0.7708249272493523
fever_181271,fever,1,5,0.5482012677243268,0.004908929952039044,0.4468898023236343,0.3,0.0,0.7,0.22835383111385618
fever_34156,fever,0,5,0.29835117493369084,0.0021902892474283497,0.6994585358188808,0.3,0.0,0.7,0.3519195571568688
fever_122887,fever,1,5,0.42114621318761297,0.08839405468151791,0.4904597321308691,0.3,0.0,0.7,0.33362392074695246
fever_161556,fever,1,5,0.14796761621540536,0.4082309462796336,0.4438014375049611,0.1,0.4,0.5,0.6301316650321142
fever_139090,fever,1,5,0.2602206761565619,0.4003008714537263,0.33947845238971186,0.0,0.4,0.6,0.5700400976485822
fever_129729,fever,1,5,0.7197614480848744,0.0019961834590172646,0.2782423684561083,0.7,0.0,0.3,0.1411173676870714
fever_11414,fever,0,5,0.4104315770711778,0.3918659726656434,0.19770245026317884,0.3,0.4,0.3,0.4907171977972328
fever_18574,fever,0,5,0.3471963116696358,0.5969405584018976,0.05586312992846648,0.3,0.6,0.1,0.6248721233661308
fever_145624,fever,1,5,0.14690588195084894,0.30924966111899416,0.5438444569301569,0.1,0.2,0.7,0.5811718895840726
fever_191439,fever,1,5,0.7132976612457095,0.002644373517717702,0.2840579652365728,0.6,0.0,0.4,0.1446733561360041
fever_222896,fever,0,5,0.6425406046142572,0.002016463054965503,0.3554429323307772,0.4,0.0,0.6,0.1797379292203541
fever_119212,fever,0,5,0.3975126711031294,0.0036236967183210663,0.5988636321785494,0.1,0.0,0.9,0.3030555128075958
fever_34353,fever,1,5,0.20571872154716225,0.3345887938016796,0.45969248465115803,0.1,0.3,0.6,0.5644350361272586
fever_160764,fever,0,5,0.9731997863173879,0.0020159173754990324,0.024784296307112954,1.0,0.0,0.0,0.014408065529055509
fever_202930,fever,1,5,0.30183895548280104,0.03600150011545809,0.6621595444017407,0.3,0.0,0.7,0.3670812723163285
fever_168923,fever,0,5,0.6312136081447928,0.0010226927084540866,0.36776369914675316,0.9,0.0,0.1,0.18490454228183067
fever_205126,fever,0,5,0.14671311740388213,0.5920465174668778,0.2612403651292402,0.0,0.6,0.4,0.7226667000314979
fever_76307,fever,0,5,0.7898030477647463,0.0010451722978779142,0.20915177993737566,0.6,0.0,0.4,0.10562106226656574
fever_215477,fever,1,5,0.6434448984394647,0.0027714962025416597,0.3537836053579935,0.3,0.0,0.7,0.17966329888153842
fever_15913,fever,0,5,0.44946536095068207,0.08595449626501891,0.4645801427842991,0.3,0.0,0.7,0.31824456765716846
fever_65511,fever,0,5,0.4457833010685567,0.39859989717322125,0.1556168017582221,0.3,0.4,0.3,0.4764082980523323
fever_89014,fever,1,5,0.010446340787640779,0.7830674600286669,0.20648619918369243,0.0,0.8,0.2,0.8863105596205131
fever_205092,fever,1,5,0.053622458523465234,0.34263872200928114,0.6037388194672536,0.0,0.3,0.7,0.644508131742908
fever_69655,fever,1,5,0.1833615879621447,0.6135470657858219,0.20309134625203354,0.1,0.6,0.3,0.7150927389118387
fever_74163,fever,1,5,0.0335215134973028,0.30467041152618946,0.6618080749765077,0.0,0.4,0.6,0.6355744490144433
fever_201457,fever,0,5,0.5354961307343173,0.01597749464065175,0.44852637462503087,0.5,0.0,0.5,0.24024068195316717
fever_216399,fever,1,5,0.30380904153678745,0.10246632701009226,0.5937246314531204,0.1,0.1,0.8,0.3993286427366525
fever_76126,fever,1,5,0.09594884120599514,0.14827423065078002,0.7557769281432248,0.0,0.2,0.8,0.5261626947223924
fever_135951,fever,1,5,0.20689398349222773,0.3515236575481969,0.4415823589595753,0.2,0.3,0.5,0.5723148370279846
fever_180717,fever,1,5,0.15124664813166333,0.6377608626687207,0.21099248919961608,0.2,0.6,0.2,0.7432571072685287
fever_111850,fever,1,5,0.6421982667533126,0.003232045334114025,0.35456968791257343,0.3,0.0,0.7,0.18051688929040074
fever_171901,fever,1,5,0.22263803443689706,0.18911290324435023,0.5882490623187526,0.1,0.1,0.8,0.4832374344037266
fever_48048,fever,1,5,0.157919990130649,0.43443877762549243,0.40764123224385856,0.1,0.4,0.5,0.6382593937474217
fever_42922,fever,0,5,0.30303848874040223,0.34778316403597576,0.349178347223622,0.5,0.4,0.1,0.5223723376477868
fever_124817,fever,1,5,0.7924479124685414,0.001609023992217451,0.20594306353924097,0.6,0.0,0.4,0.10458055576183793
fever_117699,fever,0,5,0.7553897426451897,0.003057933489089874,0.24155232386572037,0.6,0.0,0.4,0.12383409542195006
fever_106478,fever,1,5,0.07710266814925068,0.38987023899898815,0.5330270928517612,0.0,0.3,0.7,0.6563837854248687
fever_69354,fever,1,5,0.24290689528367265,0.20455869285635112,0.5525344118599762,0.0,0.2,0.8,0.4808258987863392
fever_62835,fever,1,5,0.1539468681342977,0.3085537334346078,0.5374993984310945,0.0,0.3,0.7,0.577303432650155
fever_142717,fever,0,5,0.5765468775574182,0.007708440939287531,0.41574468150329436,0.3,0.0,0.7,0.2155807816909347
fever_218479,fever,0,5,0.10290239080567416,0.5450363735869874,0.35206123560733843,0.2,0.6,0.2,0.7210669913906567
fever_205121,fever,1,5,0.3041832056233792,0.06637896089228487,0.6294378334843358,0.1,0.0,0.9,0.3810978776344528
fever_157640,fever,0,5,0.149925785130896,0.5601033944149352,0.2899708204541689,0.1,0.6,0.3,0.7050888046420196
fever_50923,fever,0,5,0.27185011546116356,0.23525324569246836,0.4928966388463681,0.2,0.4,0.4,0.48170156511565243
fever_166919,fever,0,5,0.40610747734455394,0.043540284196544196,0.5503522384589019,0.3,0.0,0.7,0.31871640342599517
fever_123189,fever,1,5,0.32300753967525325,0.12292550356545215,0.5540669567592946,0.2,0.0,0.8,0.3999589819450995
fever_43974,fever,1,5,0.24661747467698691,0.5943747630680809,0.15900776225493218,0.1,0.6,0.3,0.673878644195547
fever_50198,fever,1,5,0.791928709390155,0.001530743437739021,0.20654054717210601,0.6,0.0,0.4,0.10480101702379203
fever_22861,fever,1,5,0.20931742086252755,0.3630738517870843,0.427608727350388,0.1,0.4,0.5,0.5768782154622782
fever_185194,fever,0,5,0.3915679335303742,0.5975785827573811,0.010853483712244646,0.4,0.6,0.0,0.6030053246135034
fever_166940,fever,0,5,0.2972745249340868,0.016569372236371664,0.6861561028295414,0.2,0.0,0.8,0.3596474236511424
fever_53147,fever,0,5,0.27828796980792037,0.437054590466075,0.28465743972600455,0.3,0.4,0.3,0.5793833103290773
fever_169317,fever,0,5,0.2860275781395485,0.36742466441167193,0.3465477574487797,0.3,0.4,0.3,0.5406985431360618
fever_77435,fever,1,5,0.12373815975300109,0.6472374000213568,0.2290244402256421,0.1,0.8,0.1,0.7617496201341778
fever_69892,fever,0,5,0.1473004349800669,0.5529192333291952,0.29978033169073787,0.1,0.6,0.3,0.7028093991745642
fever_130220,fever,1,5,0.9925540080245853,0.0008072102004007228,0.006638781775014066,1.0,0.0,0.0,0.0041266010879077554
fever_132225,fever,1,5,0.5126224118246331,0.01651295419051158,0.47086463398485545,0.2,0.0,0.8,0.2519452711829393
fever_67950,fever,1,5,0.5155929827530754,0.10684727589674896,0.3775597413501756,0.2,0.2,0.6,0.29562714657183675
fever_226092,fever,0,5,0.1251379187190633,0.36841203775606784,0.5064500435248689,0.1,0.4,0.5,0.6216370595185023
fever_132447,fever,1,5,0.4771658230296845,0.006278384322018308,0.5165557926482971,0.2,0.0,0.8,0.2645562806461669
fever_36425,fever,0,5,0.07668704129240547,0.5877120330648086,0.33560092564278604,0.0,0.6,0.4,0.7555124958862016
fever_98786,fever,0,5,0.4443520930620498,0.17809220316284505,0.3775557037751051,0.3,0.2,0.5,0.3668700550503976
fever_74507,fever,1,5,0.9925540080245853,0.0008072102004007228,0.006638781775014066,1.0,0.0,0.0,0.0041266010879077554
fever_165864,fever,0,5,0.19840340258061534,0.4002689644876911,0.4013276329316936,0.2,0.3,0.5,0.6009327809535379
fever_151680,fever,0,5,0.13074103000386605,0.4259687982872308,0.4432901717089031,0.1,0.5,0.4,0.6476138841416823
fever_112986,fever,1,5,0.7481279717947367,0.002741696356906261,0.249130331848357,0.6,0.0,0.4,0.12730686228108476
fever_23381,fever,1,5,0.07565285521410298,0.5770133247405952,0.3473338200453017,0.1,0.6,0.3,0.7506802347632461
fever_71986,fever,1,5,0.21689812641147155,0.40969442094065067,0.3734074526478778,0.1,0.5,0.4,0.5963981472645896
fever_92807,fever,1,5,0.06391967285873622,0.661444871570041,0.2746354555712229,0.1,0.7,0.2,0.7987625993556524
fever_71368,fever,1,5,0.10453292918776962,0.3171247447262468,0.5783423260859836,0.0,0.3,0.7,0.6062959077692386
fever_217658,fever,0,5,0.0038741743912738156,0.8563385884748278,0.13978723713389843,0.0,1.0,0.0,0.926232207041777
fever_50223,fever,1,5,0.20531994827611974,0.2062270121282807,0.5884530395955995,0.1,0.2,0.7,0.5004535319260804
fever_4134,fever,0,5,0.3399869177623464,0.3940280240792725,0.265985058158381,0.4,0.4,0.2,0.5270205531584631
fever_26340,fever,0,5,0.3063473785073637,0.40888028281076244,0.2847723386818739,0.4,0.4,0.2,0.5512664521516994
fever_195057,fever,0,5,0.5692948062010419,0.004062811572003956,0.4266423822269541,0.4,0.0,0.6,0.217384002685481
fever_172776,fever,1,5,0.15116531606409958,0.5657217695425613,0.2831129143933392,0.0,0.7,0.3,0.7072782267392308
fever_84694,fever,1,5,0.48331999222223415,0.11816778486508464,0.39851222291268124,0.3,0.0,0.7,0.31742389632142526
fever_102745,fever,1,5,0.10958254588542374,0.4154932571091792,0.474924197005397,0.0,0.6,0.4,0.6529553556118777
fever_80054,fever,1,5,0.9927431902266177,0.0009936358114009808,0.006263173961981448,1.0,0.0,0.0,0.004125222792391705
fever_14019,fever,1,5,0.17404060875464797,0.38674964799980216,0.4392097432455498,0.1,0.5,0.4,0.606354519622577
fever_144309,fever,0,5,0.18430373260266225,0.07566751190192465,0.740028755495413,0.0,0.0,1.0,0.4456818896496312
fever_37097,fever,0,5,0.6293299952206916,0.0038560402603000027,0.3668139645190084,0.4,0.0,0.6,0.1872630225198042
fever_212035,fever,0,5,0.3186476380935922,0.24533252167304354,0.43601984023336426,0.1,0.3,0.6,0.46334244178972567
fever_100204,fever,1,5,0.07458527231188374,0.6064557395181457,0.3189589881699705,0.0,0.7,0.3,0.7659352336031309
fever_213948,fever,1,5,0.20202199820432928,0.3005941329012316,0.4973838688944391,0.1,0.3,0.6,0.5492860673484512
fever_137267,fever,1,5,0.15150804206841248,0.46369493058194083,0.3847970273496466,0.0,0.6,0.4,0.6560934442567641
fever_119940,fever,1,5,0.6557262746116855,0.0030370125138085083,0.341236712874506,0.4,0.0,0.6,0.1736553689510615
fever_158306,fever,0,5,0.4997538078630589,0.000891143394025144,0.4993550487429159,0.5,0.0,0.5,0.2505686677654831
fever_165896,fever,0,5,0.8863616476400125,0.0008694716626050042,0.1127688806973826,1.0,0.0,0.0,0.0572539120112963
fever_126509,fever,0,5,0.15348193770504143,0.2228531695872647,0.623664892707694,0.0,0.1,0.9,0.5346856159411117
fever_112573,fever,0,5,0.4476575435374845,0.19584227242920704,0.35650018403330835,0.1,0.2,0.7,0.37409236444586125
fever_186590,fever,0,5,0.21170572129732995,0.4387643727825476,0.34952990592012234,0.2,0.6,0.2,0.6135293257426088
fever_128297,fever,1,5,0.10139985043633817,0.5607297812015659,0.3378703683620959,0.0,0.6,0.4,0.7296649653826138
fever_26332,fever,1,5,0.25251617450247044,0.5809299068658429,0.16655391863168656,0.3,0.6,0.1,0.6642068661816862
fever_48183,fever,0,5,0.6742225167125027,0.0006445555084840113,0.32513292777901326,1.0,0.0,0.0,0.16321101939799065
fever_45829,fever,1,5,0.37651625569455455,0.12399050329351298,0.49949324101193254,0.2,0.2,0.6,0.37373712379947926
fever_134854,fever,0,5,0.1387453246159293,0.3274843729626436,0.5337703024214271,0.1,0.2,0.7,0.5943695241733571
fever_211027,fever,1,5,0.8266637959341487,0.01399462334386679,0.15934158072198448,1.0,0.0,0.0,0.09366541370485904
fever_37159,fever,0,5,0.34901601295487655,0.3992695358065945,0.2517144512385288,0.2,0.4,0.4,0.5251267614258589
fever_156057,fever,0,5,0.2018904836754391,0.585748724154522,0.21236079217003895,0.1,0.6,0.3,0.6919291202395415
fever_155837,fever,0,5,0.006915170524396941,0.8326173179160934,0.1604675115595096,0.0,1.0,0.0,0.9128510736958482
fever_10452,fever,0,5,0.053770561647376855,0.35323139096721123,0.592998047385412,0.0,0.3,0.7,0.6497304146599172
fever_202439,fever,0,5,0.07420233251535883,0.2615933306557385,0.6642043368289026,0.0,0.3,0.7,0.5936954990701897
fever_144018,fever,0,5,0.05536893891059924,0.6980241890015331,0.24660687208786766,0.0,0.9,0.1,0.8213276250454669
fever_118806,fever,0,5,0.5954859889361724,0.003974923869947162,0.4005390871938804,0.3,0.0,0.7,0.20424446746688737
fever_70276,fever,0,5,0.793705583950227,0.0013889776419565292,0.20490543840781653,0.6,0.0,0.4,0.10384169684586479
fever_82859,fever,0,5,0.056965901274576035,0.6463957421443525,0.2966383565810715,0.0,0.8,0.2,0.7947149204348882
fever_83454,fever,1,5,0.44264363472949037,0.05944412813315404,0.4979122371373556,0.1,0.0,0.9,0.30840024670183186
fever_213451,fever,1,5,0.21258416728280963,0.356814305932397,0.43060152678479335,0.1,0.2,0.7,0.5721150693247936
fever_153819,fever,1,5,0.2292588186418319,0.04277838888206424,0.727962792476104,0.1,0.0,0.9,0.40675978512011624
fever_23846,fever,1,5,0.1698496138720519,0.5246885616214291,0.305461824506519,0.1,0.7,0.2,0.6774194738746886
fever_8167,fever,1,5,0.3890057815444118,0.057460601737213624,0.5535336167183746,0.0,0.0,1.0,0.33422741009640095
fever_36828,fever,0,5,0.1073688092617245,0.5208186748834278,0.37181251585484765,0.0,0.5,0.5,0.7067249328108516
fever_138500,fever,1,5,0.1483132766727377,0.45096915785259295,0.40071756547466936,0.1,0.4,0.5,0.6513279405899276
fever_78388,fever,0,5,0.5952122910030011,0.32198575662343865,0.08280195237356024,0.6,0.4,0.0,0.36338673281021877
fever_144809,fever,1,5,0.2976302965219638,0.4493100440972044,0.2530596593808318,0.3,0.6,0.1,0.5758398737876202
fever_52356,fever,1,5,0.7769793223608927,0.004380606306540047,0.21864007133256727,1.0,0.0,0.0,0.11370064197282369
fever_144509,fever,1,5,0.489307414582209,0.0022845538203818275,0.5084080315974092,0.3,0.0,0.7,0.25648856961908645
fever_211288,fever,1,5,0.5742526789594831,0.0496338797000723,0.37611344134044455,0.3,0.0,0.7,0.23769060037029457
fever_29746,fever,0,5,0.08205957869224559,0.49445350389322285,0.42348691741453165,0.0,0.5,0.5,0.7061969626004887
fever_32652,fever,1,5,0.029178758010961387,0.5392092370742494,0.43161200491478935,0.0,0.6,0.4,0.7550152395316441
fever_35365,fever,1,5,0.24683095150659756,0.3580775601227922,0.3950914883706103,0.3,0.4,0.3,0.5556233043080974
fever_182936,fever,1,5,0.007432756005071169,0.7969089545703716,0.19565828942455718,0.0,1.0,0.0,0.8947380992826501
fever_167172,fever,1,5,0.2702367016772248,0.06279940129091147,0.6669638970318638,0.1,0.1,0.8,0.3962813498068434
fever_143288,fever,1,5,0.19986016668284043,0.5571083019376001,0.24303153137955952,0.1,0.7,0.2,0.6786240676273798
fever_149173,fever,1,5,0.7917555387181207,0.001763168482838165,0.2064812927990411,0.6,0.0,0.4,0.10500381488235871
fever_50357,fever,1,5,0.3175647288518291,0.1620996988541738,0.5203355722939971,0.2,0.0,0.8,0.42226748500117234
fever_135962,fever,1,5,0.3791043002769926,0.2095128807584651,0.4113828189645424,0.3,0.3,0.4,0.4152042902407363
fever_59319,fever,0,5,0.9874894222707319,0.0006530457485590827,0.011857531980708996,1.0,0.0,0.0,0.00658181173891358
fever_200051,fever,1,5,0.40411748663316216,0.005301438954725683,0.5905810744121122,0.2,0.0,0.8,0.30059197616078176
fever_204444,fever,1,5,0.30079551185357706,0.287701230148064,0.41150325799835896,0.2,0.3,0.5,0.49345285914724346
fever_184285,fever,0,5,0.5743507509145596,0.09068046063358383,0.3349687884518565,0.6,0.1,0.3,0.25816485485951207
fever_55041,fever,1,5,0.05096038054759951,0.6454991760191404,0.30354044343326014,0.0,0.7,0.3,0.7972693977357705
fever_212335,fever,0,5,0.6417595105248536,0.00437875163050258,0.35386173784464375,0.4,0.0,0.6,0.18130962055282446
fever_44552,fever,0,5,0.2794472776992404,0.22402915821577846,0.4965235640849812,0.1,0.4,0.5,0.47229094025826907
fever_2615,fever,0,5,0.3557335010308814,0.34053213531908694,0.30373436365003176,0.3,0.4,0.3,0.4923993171441028
fever_192043,fever,1,5,0.15672294944506174,0.33001408738370647,0.5132629631712318,0.0,0.3,0.7,0.5866455689693224
fever_100320,fever,0,5,0.08404711713943958,0.2251264014118639,0.6908264814486966,0.0,0.3,0.7,0.5705396421362122
fever_126561,fever,1,5,0.4186303712082286,0.186260436314134,0.3951091924776373,0.2,0.2,0.6,0.3838150325529527
fever_217684,fever,1,5,0.055328509921707084,0.7429978010250812,0.20167368905321176,0.0,0.8,0.2,0.8438346455516871
fever_89608,fever,1,5,0.20014725597324534,0.34632065204280005,0.4535320919839547,0.1,0.4,0.5,0.5730866980347774
fever_189776,fever,0,5,0.369150119060245,0.21757943962759585,0.4132704413121592,0.5,0.0,0.5,0.42421466028367544
fever_171067,fever,1,5,0.32364315076432093,0.2576457170683766,0.4187111321673025,0.4,0.3,0.3,0.4670012831520278
fever_181274,fever,1,5,0.10844920384005789,0.3210602435417008,0.5704905526182413,0.1,0.2,0.7,0.6063055198508215
fever_121634,fever,0,5,0.4457092128487664,0.40019291644319777,0.1540978707080358,0.3,0.4,0.3,0.4772418517972157
fever_228062,fever,1,5,0.2723794944087653,0.04558701414290918,0.6820334914483255,0.1,0.0,0.9,0.3866037598670719
fever_61803,fever,1,5,0.6918837660079232,0.0034986455617790277,0.3046175884302978,0.4,0.0,0.6,0.15580743977692793
fever_13126,fever,0,5,0.19722206724951552,0.5810602640233006,0.22171766872718388,0.1,0.6,0.3,0.6919190983868925
fever_229309,fever,1,5,0.5565558705461212,0.008575737681434461,0.43486839177244424,0.5,0.0,0.5,0.22600993356765658
fever_66610,fever,0,5,0.4989696560169046,0.010919523262928476,0.4901108207201669,0.3,0.0,0.7,0.25597493362301194
fever_34755,fever,1,5,0.3546991546088591,0.05080385900416432,0.5944969863869765,0.3,0.0,0.7,0.34805235219765257
fever_34924,fever,1,5,0.14123442086223312,0.6658069429323905,0.19295863620537626,0.0,0.8,0.2,0.7622862610350787
fever_90925,fever,0,5,0.2977757676313266,0.5505463814572986,0.15167785091137478,0.4,0.6,0.0,0.626385306912986
fever_74806,fever,0,5,0.394769653265004,0.1243870262494939,0.4808433204855021,0.2,0.0,0.8,0.36480868649224496
fever_53016,fever,1,5,0.5434836982109104,0.1935979932342094,0.26291830855488035,0.6,0.1,0.3,0.3250571475116496
fever_131422,fever,1,5,0.6171674524626921,0.1726816399217491,0.21015090761555894,0.6,0.0,0.4,0.27775709372952856
fever_108957,fever,1,5,0.13200867442459313,0.06164257466698917,0.8063487509084177,0.0,0.0,1.0,0.46481695012119806
fever_191255,fever,0,5,0.19970360655333935,0.4514834941185656,0.34881289932809506,0.1,0.4,0.5,0.6258899437826131
fever_216771,fever,0,5,0.27801528223626537,0.029123829640761118,0.6928608881229736,0.0,0.0,1.0,0.3755542737022479
fever_32355,fever,0,5,0.24813001001827475,0.0067330337806527935,0.7451369562010725,0.0,0.0,1.0,0.37930151188118905
fever_198035,fever,0,5,0.2999783158628038,0.5488271168847978,0.15119456725239847,0.3,0.6,0.1,0.624424400510997
fever_51351,fever,1,5,0.38212763702669894,0.12298859891546213,0.49488376405783885,0.4,0.0,0.6,0.3704304809443816
fever_182923,fever,1,5,0.10422913689332972,0.43168153473489834,0.4640893283717721,0.0,0.5,0.5,0.6637261989207843
fever_47736,fever,0,5,0.2170277511190684,0.41877375076654105,0.36419849811439065,0.1,0.5,0.4,0.6008729998237363
fever_32321,fever,0,5,0.14286272852220244,0.6463151995053186,0.21082207197247907,0.0,0.7,0.3,0.7517262354915581
fever_178210,fever,1,5,0.26972253215568553,0.03861981660635476,0.6916576512379597,0.1,0.0,0.9,0.38444864222533465
fever_35286,fever,1,5,0.10270720737392731,0.08866965730147816,0.8086231353245946,0.0,0.0,1.0,0.4929812249637755
fever_192212,fever,1,5,0.21826011032354314,0.25021935804936557,0.5315205316270912,0.3,0.1,0.6,0.5159796238629112
fever_202450,fever,1,5,0.5809994221387813,0.0028435117112554937,0.41615706614996323,0.3,0.0,0.7,0.2109220447862371
fever_165875,fever,1,5,0.3975101822162667,0.0019537379421983338,0.6005360798415348,0.0,0.0,1.0,0.3022217778629657
fever_76386,fever,1,5,0.606113254450037,0.001843942197383912,0.39204280335257896,0.6,0.0,0.4,0.19786534387367338
fever_118442,fever,1,5,0.7308936237559986,0.010539998853643508,0.2585663773903578,0.6,0.0,0.4,0.13982318754882242
fever_179266,fever,1,5,0.39930818776728855,0.022316888735517633,0.5783749234971938,0.2,0.0,0.8,0.3115043504841145
fever_108950,fever,1,5,0.39720404222533234,0.5515962947467232,0.05119966302794439,0.4,0.6,0.0,0.5771961262606954
fever_154919,fever,1,5,0.586065374872284,0.02741127703583739,0.38652334809187855,0.6,0.0,0.4,0.22067295108177667
fever_198554,fever,1,5,0.4869726716669181,0.09994432860199493,0.41308299973108686,0.7,0.1,0.2,0.30648582846753836
fever_134135,fever,1,5,0.00167518355694359,0.9547389805493814,0.04358583589367486,0.0,1.0,0.0,0.9765318984962189
fever_81806,fever,1,5,0.20488933024838835,0.4249043312207127,0.3702063385308989,0.2,0.4,0.4,0.6100075004861621
fever_53613,fever,1,5,0.775597753715887,0.0021102965029133817,0.22229194978119965,0.6,0.0,0.4,0.1132562713935132
fever_81439,fever,0,5,0.14921540482221665,0.2555265723387706,0.5952580228390127,0.1,0.2,0.7,0.5531555837582769
fever_119558,fever,0,5,0.2603144649386263,0.14391898659807303,0.5957665484633007,0.1,0.1,0.8,0.4418022608297234
fever_99635,fever,1,5,0.1214426098490802,0.5138195301725872,0.3647378599783327,0.0,0.6,0.4,0.6961884601617535
fever_102346,fever,0,5,0.24443016482571336,0.24369158614333913,0.5118782490309476,0.1,0.3,0.6,0.4996307106588129
fever_93018,fever,1,5,0.3419346551385831,0.35761230673629385,0.30045303812512303,0.2,0.4,0.4,0.5078388257988553
fever_124875,fever,0,5,0.5953567174164325,0.0012608568152715958,0.40338242576829597,0.3,0.0,0.7,0.2029520696994196
fever_89171,fever,1,5,0.038555582534722424,0.6661876562690898,0.2952567611961877,0.0,0.8,0.2,0.8138160368671836
fever_104178,fever,0,5,0.2509632786206592,0.46306973986749184,0.28596698151184896,0.1,0.5,0.4,0.6060532306234163
fever_61612,fever,1,5,0.35164771068762946,0.016916502251587494,0.6314357870607831,0.4,0.0,0.6,0.332634395781979
fever_127819,fever,1,5,0.43904775008659025,0.05888274741576831,0.5020695024976415,0.3,0.1,0.6,0.30991749866458906
fever_195502,fever,1,5,0.4562576569209873,0.09159985885633248,0.45214248422268016,0.2,0.0,0.8,0.3176711009676726
fever_212331,fever,1,5,0.25113997486213757,0.24284908679665201,0.5060109383412105,0.1,0.3,0.6,0.49585455596725725
fever_169324,fever,1,5,0.32457820732359993,0.2106942165328191,0.4647275761435809,0.2,0.2,0.6,0.44305800460460953
fever_59056,fever,1,5,0.3464234536386746,0.1348294069767278,0.5187471393845976,0.1,0.0,0.9,0.3942029766690266
fever_168091,fever,0,5,0.24667373536794682,0.5908517766786859,0.16247448795336714,0.1,0.6,0.3,0.6720890206553695
fever_112394,fever,1,5,0.511295422308031,0.07705487268836889,0.4116497050036001,0.4,0.0,0.6,0.2828797251901689
fever_133948,fever,0,5,0.5092893078741862,0.009480647780216322,0.4812300443455973,0.3,0.0,0.7,0.25009566995301497
fever_141271,fever,1,5,0.24139722943284428,0.07682208560961934,0.6817806849575364,0.1,0.0,0.9,0.41771242808838754
fever_198037,fever,1,5,0.21810979015002788,0.18348735832357596,0.5984028515263962,0.1,0.2,0.7,0.48268878408677407
fever_142701,fever,1,5,0.6171767051748404,0.055347299086713306,0.32747599573844616,1.0,0.0,0.0,0.21908529695593637
fever_40859,fever,0,5,0.3407083700847309,0.039006850232308946,0.62028477968296,0.2,0.0,0.8,0.34914924007378895
fever_7138,fever,1,5,0.3396528490882681,0.16245711183996805,0.4978900390717639,0.1,0.2,0.7,0.41140213137585
fever_24273,fever,1,5,0.441719713074998,0.3351697276199216,0.22311055930508045,0.3,0.4,0.3,0.4467250072724618
fever_12178,fever,0,5,0.2989696817400699,0.4029012636849216,0.29812905457500855,0.3,0.4,0.3,0.5519657909724258
fever_84328,fever,0,5,0.4870220114315845,0.004217368792969603,0.508760619775446,0.2,0.0,0.8,0.25859767868069256
fever_87760,fever,1,5,0.12232331886685163,0.36687049055642273,0.5108061905767257,0.1,0.4,0.5,0.6222735858447856
fever_53901,fever,0,5,0.20000872210272344,0.27036242747980427,0.5296288504174723,0.1,0.2,0.7,0.5351768526885404
fever_108736,fever,1,5,0.7856954602247783,0.006934711299384548,0.20736982847583701,0.8,0.0,0.2,0.11061962553730306
fever_106826,fever,1,5,0.35299035056890893,0.37097513568298385,0.2760345137481073,0.4,0.4,0.2,0.5089923925570374
fever_212324,fever,0,5,0.5980240798542183,0.003732997184636064,0.3982429229611456,0.4,0.0,0.6,0.20285445866520888
fever_89796,fever,0,5,0.38590809540079035,0.5965426136675978,0.017549290931611984,0.4,0.6,0.0,0.6053172591334037
fever_213945,fever,1,5,0.6065636849255089,0.002618907110395158,0.3908174079640959,0.3,0.0,0.7,0.19802761109244313
fever_148149,fever,1,5,0.2986275389551505,0.21437534092822222,0.48699712011662727,0.3,0.0,0.7,0.45787390098653585
fever_146288,fever,1,5,0.05716911176877833,0.47010147393713997,0.4727294142940817,0.0,0.5,0.5,0.7064661810841808
fever_123226,fever,1,5,0.3185849049594049,0.025438712315789275,0.6559763827248059,0.1,0.0,0.9,0.3534269036781922
fever_93600,fever,1,5,0.2649497216507307,0.49417990140144397,0.2408703769478254,0.1,0.5,0.4,0.6146150898753566
fever_118434,fever,1,5,0.17560001466409522,0.38994877759594054,0.4344512077399642,0.1,0.4,0.5,0.6071743814659226
fever_149842,fever,1,5,0.37619267049011335,0.03425451953927162,0.5895528099706151,0.2,0.0,0.8,0.32903092452457916
fever_141561,fever,1,5,0.8865491688773328,0.002542130934529211,0.110908700188138,1.0,0.0,0.0,0.05799648102859821
fever_183411,fever,0,5,0.14492261189876926,0.37656321112459856,0.47851417697663223,0.0,0.3,0.7,0.6158202996129147
fever_184100,fever,1,5,0.5183551127233221,0.09753554291075639,0.3841093443659215,0.6,0.0,0.4,0.28959021509371713
fever_145389,fever,1,5,0.5052839614870506,0.0015569912990515012,0.493159047213898,0.6,0.0,0.4,0.24813651490600053
fever_142620,fever,1,5,0.1810972886204181,0.07651099862445579,0.742391712755126,0.0,0.0,1.0,0.4477068550020188
fever_4705,fever,0,5,0.06473568762496731,0.408867370478445,0.5263969418965877,0.0,0.2,0.8,0.6720658414267389
fever_83425,fever,1,5,0.32316929842412584,0.28201774957517467,0.39481295200069944,0.3,0.3,0.4,0.4794242255755244
fever_168086,fever,0,5,0.15166812052372655,0.18150344755060302,0.6668284319256704,0.1,0.2,0.7,0.5149176635134383
fever_134438,fever,0,5,0.2505502978651228,0.39393140601151283,0.3555182961233644,0.3,0.4,0.3,0.571690554073195
fever_133512,fever,1,5,0.4208198914908282,0.018382740898230686,0.5607973676109411,0.1,0.0,0.9,0.2987814247037012
fever_57850,fever,1,5,0.27705940692541164,0.12609168080482722,0.5968489122697612,0.1,0.1,0.8,0.4245161369397078
fever_53760,fever,0,5,0.23925299478033007,0.35271629704457047,0.4080307081750994,0.1,0.3,0.6,0.5567316511321202
fever_184083,fever,0,5,0.41820091740117993,0.3983065789014495,0.18349250369737047,0.3,0.4,0.3,0.4900528307501347
fever_29289,fever,0,5,0.44645217101880486,0.3868368416996758,0.16671098728151934,0.3,0.4,0.3,0.4701923353404355
fever_150964,fever,1,5,0.7886243523345579,0.0028418826590054674,0.20853376500643664,0.6,0.0,0.4,0.10710876516222378
fever_123023,fever,0,5,0.021774919392888052,0.13918601274196374,0.8390390678651481,0.0,0.1,0.9,0.5587055466745379
fever_198217,fever,0,5,0.30219259172502105,0.23015898305717725,0.46764842521780176,0.3,0.1,0.6,0.46398319566607815
fever_98879,fever,1,5,0.3869888845376893,0.020599027238688866,0.5924120882236219,0.4,0.0,0.6,0.31680507135049985
fever_53025,fever,0,5,0.4101611408645959,0.0017779338982519314,0.5880609252371523,0.2,0.0,0.8,0.29580839651682805
fever_215230,fever,0,5,0.3120102470925789,0.388750316099028,0.29923943680839316,0.2,0.4,0.4,0.5383700345032245
fever_194781,fever,0,5,0.39654003368481544,0.5984648524976416,0.004995113817542915,0.4,0.6,0.0,0.600962409406413
fever_143417,fever,1,5,0.4604808873010464,0.29035384088588867,0.24916527181306475,0.3,0.3,0.4,0.41493647679242107
fever_45310,fever,0,5,0.052254253921101945,0.4978081226146342,0.4499376234642639,0.0,0.6,0.4,0.7227769343467662
fever_86109,fever,1,5,0.14748725258674608,0.6397834245047459,0.2127293229085081,0.0,0.7,0.3,0.746148085959
fever_37924,fever,0,5,0.6566476803269274,0.06311214545764603,0.2802401742154265,0.6,0.1,0.3,0.20323223256535927
fever_112568,fever,0,5,0.04412327036126374,0.7406996115137423,0.21517711812499388,0.0,0.9,0.1,0.8482881705762393
fever_16329,fever,0,5,0.2016584504925744,0.42119873393883855,0.3771428155685871,0.1,0.4,0.5,0.609770141723132
fever_1313,fever,0,5,0.2985283118201425,0.02937043070115849,0.672101257478699,0.3,0.0,0.7,0.36542105944050796
fever_89213,fever,1,5,0.12999905258144118,0.5220988394643803,0.34790210795417853,0.1,0.5,0.4,0.6960498934414696
fever_34961,fever,0,5,0.23346550618546136,0.0030107071762472135,0.7635237866382915,0.0,0.0,1.0,0.38477260049539297
fever_212228,fever,1,5,0.5946127862315861,0.00410813724987359,0.4012790765185403,0.4,0.0,0.6,0.20474767550914372
fever_192190,fever,1,5,0.01909293095558364,0.24574784175364117,0.7351592272907752,0.0,0.3,0.7,0.6133274553990288
fever_177185,fever,1,5,0.5781876620546688,0.020661794563101722,0.4011505433822295,0.4,0.0,0.6,0.22123706625421646
fever_112087,fever,1,5,0.25845798914935936,0.3937031633457907,0.3478388475048499,0.0,0.4,0.6,0.5676225870982157
fever_21072,fever,0,5,0.49270903759748147,0.005840961804038241,0.5014500005984803,0.2,0.0,0.8,0.2565659621032784
fever_21986,fever,1,5,0.22637453236385782,0.37937955394258716,0.39424591369355494,0.1,0.5,0.4,0.5765025107893647
fever_19902,fever,0,5,0.08044106333553908,0.3013733294851409,0.61818560717932,0.0,0.3,0.7,0.6104661330748009
fever_34205,fever,0,5,0.13790468950801762,0.6767083543036956,0.18538695618828688,0.0,0.7,0.3,0.769401832397839
fever_170400,fever,0,5,0.6455195179250258,0.0008783322042929508,0.3536021498706813,0.9,0.0,0.1,0.1776794071396336
fever_58417,fever,0,5,0.20527103250769607,0.00152963569318406,0.7931993317991199,0.2,0.0,0.8,0.398129301592744
fever_127408,fever,0,5,0.05153517296706609,0.390682642268221,0.5577821847647129,0.0,0.4,0.6,0.6695737346505775
fever_6576,fever,0,5,0.2036439751935751,0.3914700312576722,0.40488599354875265,0.3,0.3,0.4,0.5939130280320486
fever_224197,fever,1,5,0.14219226630219586,0.4818008267172279,0.37600690698057637,0.2,0.4,0.4,0.6698042802075161
fever_17783,fever,0,5,0.30178724670745716,0.33363214198500557,0.3645806113075373,0.3,0.4,0.3,0.5159224476387743
fever_222172,fever,1,5,0.11561940576601211,0.2822114603226028,0.6021691339113852,0.1,0.3,0.6,0.5832960272782954
fever_183470,fever,0,5,0.11809295920724742,0.4120663239069925,0.4698407168857601,0.0,0.3,0.7,0.6469866823498726
fever_179105,fever,1,5,0.020357011746783983,0.7133298975187149,0.2663130907345011,0.0,0.8,0.2,0.8464864428859654
fever_66842,fever,0,5,0.005409057953355922,0.8149656976332494,0.17962524441339464,0.0,0.9,0.1,0.9047783198399467
fever_80676,fever,1,5,0.277835051163022,0.010717246632814276,0.7114477022041639,0.2,0.0,0.8,0.3664410977348962
fever_181114,fever,1,5,0.23116323797231714,0.3171128519723321,0.4517239100553507,0.0,0.4,0.6,0.5429748070000074
fever_119884,fever,1,5,0.051794855097981096,0.7039455626304949,0.24425958227152403,0.1,0.9,0.0,0.826075353766257
fever_15452,fever,0,5,0.21367191971185306,0.4114904028203811,0.3748376774677658,0.3,0.4,0.3,0.598909241554264
fever_53317,fever,1,5,0.30317989282246793,0.13243230683048574,0.5643878003470463,0.2,0.0,0.8,0.4146262070040089
fever_203154,fever,0,5,0.7942258825987943,0.0016357213096619288,0.20413839609154372,0.6,0.0,0.4,0.10370491935543379
fever_145848,fever,1,5,0.5628866297395891,0.01984978338317132,0.4172635868772395,0.6,0.0,0.4,0.22848157682179107
fever_166848,fever,0,5,0.004258451993471476,0.8205758344869476,0.17516571351958082,0.0,0.9,0.1,0.908158691246738
fever_218481,fever,0,5,0.523925307193902,0.07372249338330591,0.4023521994227922,0.3,0.1,0.6,0.274898593094702
fever_141894,fever,1,5,0.6405331624768571,0.002704072314866082,0.3567627652082769,0.3,0.0,0.7,0.18108545491900452
fever_180736,fever,1,5,0.2002313439995383,0.4676135640768459,0.33215509192361575,0.1,0.5,0.4,0.6336911100386537
fever_66211,fever,1,5,0.15463102717402671,0.5586434973094133,0.28672547551656,0.1,0.6,0.3,0.7020062350676933
fever_159700,fever,0,5,0.24249117823418595,0.3954266546269853,0.36208216713882874,0.1,0.4,0.5,0.5764677381963996
fever_81045,fever,0,5,0.10910975664420015,0.001241584388052702,0.889648658967747,0.0,0.0,1.0,0.44606591387192623
fever_216351,fever,0,5,0.0023011705177442025,0.7509382169828175,0.24676061249943831,0.0,0.8,0.2,0.8743185232325367
fever_12682,fever,1,5,0.2172015788043095,0.007436613970444844,0.7753618072252457,0.2,0.0,0.8,0.3951175175830677
fever_162408,fever,1,5,0.25862865248796396,0.0774865547785129,0.6638847927335231,0.0,0.0,1.0,0.40942895114527444
fever_221072,fever,0,5,0.3032964254556337,0.3925487546985387,0.3041548198458276,0.3,0.4,0.3,0.5446261646214525
fever_178341,fever,1,5,0.5582869224827897,0.0020224770522075616,0.43969060046500286,0.3,0.0,0.7,0.221867777284709
fever_151450,fever,0,5,0.1367651752797306,0.38553663971950963,0.4776981850007598,0.0,0.4,0.6,0.6243857322198896
fever_38861,fever,1,5,0.352206907365463,0.1923370433982209,0.4554560492363161,0.3,0.3,0.4,0.420065068016379
fever_161234,fever,1,5,0.6887642870809418,0.002117098530726363,0.30911861438833194,0.4,0.0,0.6,0.15667640572489233
fever_15425,fever,0,5,0.3286661620706729,0.3630512353958665,0.3082826025334607,0.1,0.4,0.5,0.5171925366625968
fever_40432,fever,1,5,0.4461223852853,0.3741326217515392,0.17974499296316082,0.3,0.4,0.3,0.46400511823311963
fever_162035,fever,0,5,0.1464138756229405,0.4305661952272148,0.42301992914984476,0.1,0.4,0.5,0.6420761598021372
fever_64457,fever,0,5,0.2481286136168154,0.31391963935917017,0.4379517470240145,0.0,0.4,0.6,0.5328955128711774
fever_127957,fever,1,5,0.6178945154947688,0.002070633423042127,0.3800348510821891,0.6,0.0,0.4,0.19208805896413667
fever_194893,fever,1,5,0.09950342695003725,0.4791840920934547,0.42131248095650814,0.0,0.5,0.5,0.6898403325717087
fever_195038,fever,1,5,0.7913795163013967,0.0018836353423922268,0.2067368483562111,0.6,0.0,0.4,0.10525205952049776
fever_90000,fever,0,5,0.11353899027041185,0.5867118133257301,0.2997491964038581,0.0,0.6,0.4,0.7365864115276591
fever_186588,fever,0,5,0.5290140645752529,0.006639109101419976,0.4643468263233273,0.6,0.0,0.4,0.23881252226308364
fever_104847,fever,0,5,0.8454398624287961,0.0013073282918268105,0.15325280927937707,1.0,0.0,0.0,0.07793373293151534
fever_69425,fever,1,5,0.434467882546809,0.24538110448749614,0.32015101296569487,0.3,0.3,0.4,0.4054566109703436
fever_33011,fever,1,5,0.33457010461921294,0.4322671617664174,0.2331627336143697,0.2,0.4,0.4,0.5488485285736022
fever_9182,fever,0,5,0.6509593887518671,0.0019691661209352163,0.3470714451271977,0.4,0.0,0.6,0.17550488868453407
fever_67766,fever,0,5,0.7923793291111763,0.0013342035466291664,0.2062864673421947,0.6,0.0,0.4,0.10447743721772651
fever_113361,fever,0,5,0.5612567887398636,0.021982810010394684,0.4167604012497416,0.4,0.0,0.6,0.23036301063526549
fever_21187,fever,0,5,0.7483644194995552,0.0031816532351846504,0.24845392726526003,1.0,0.0,0.0,0.12740861686781466
fever_69536,fever,0,5,0.4435174207264483,0.39803496862822085,0.15844761064533083,0.3,0.4,0.3,0.4772587739508863
fever_123477,fever,1,5,0.11246031829497163,0.27662627550593955,0.6109134061990888,0.1,0.2,0.7,0.582082978605484
fever_84329,fever,1,5,0.1225791020851316,0.4493725215377117,0.4280483763771568,0.0,0.4,0.6,0.6633967097262901
fever_114050,fever,0,5,0.25233641831719555,0.1149684862051474,0.6326950954776571,0.1,0.0,0.9,0.43131603394397594
fever_113188,fever,1,5,0.18917554557073576,0.587383050731124,0.22344140369814017,0.0,0.6,0.4,0.6991037525801941
fever_19592,fever,0,5,0.591237946229427,0.0016493397254792107,0.4071127140450937,0.4,0.0,0.6,0.20520569674802605
fever_199414,fever,0,5,0.3076742654870034,0.16514827845622157,0.5271774560567751,0.3,0.2,0.5,0.4287370064846091
fever_146260,fever,0,5,0.17044518942103376,0.12306891051268827,0.706485900066278,0.0,0.0,1.0,0.47631186054582725
fever_28679,fever,1,5,0.012191401238600024,0.5244277663967394,0.46338083236466054,0.0,0.5,0.5,0.7561181825790697
fever_124565,fever,0,5,0.3837869933038224,0.20593424015226844,0.41027876654390927,0.3,0.3,0.4,0.41107362342422304
fever_146361,fever,0,5,0.603228515745959,0.005433917850739401,0.3913375664033016,0.3,0.0,0.7,0.2011027010523902
fever_10713,fever,0,5,0.3440095167408139,0.3156274300559999,0.3403630532031861,0.1,0.4,0.5,0.48580895665759294
fever_225749,fever,1,5,0.2939414154098038,0.05177039938366138,0.6542881852065349,0.1,0.0,0.9,0.37891449198692884
fever_150098,fever,1,5,0.19622762312589903,0.4290398009596708,0.3747325759144301,0.3,0.3,0.4,0.6164060889168859
fever_181264,fever,1,5,0.2993410429736388,0.5868336836445229,0.11382527338183823,0.2,0.6,0.2,0.6437463203354421
fever_125912,fever,1,5,0.20723914218928643,0.029524122909697546,0.763236734901016,0.1,0.0,0.9,0.4111424903602055
fever_139330,fever,0,5,0.2445765907115221,0.3834377527825281,0.3719856565059499,0.1,0.4,0.5,0.569430581035503
fever_11570,fever,1,5,0.18697439037977573,0.6338139375372605,0.17921167208296382,0.1,0.7,0.2,0.7234197735787423
fever_194183,fever,1,5,0.19582838895668064,0.5421504023569775,0.2620212086863419,0.2,0.6,0.2,0.6731610067001484
fever_164103,fever,1,5,0.5865513599986921,0.033295271093694186,0.3801533689076137,0.3,0.0,0.7,0.22337195554750103
fever_204997,fever,0,5,0.12563656946535612,0.5694046232420421,0.3049588072926017,0.0,0.6,0.4,0.721884026888343
fever_155629,fever,1,5,0.7472008433315166,0.0015320215591965696,0.2512671351092869,1.0,0.0,0.0,0.12716558911384002
fever_178240,fever,1,5,0.2221450541618994,0.058970203660852184,0.7188847421772484,0.1,0.0,0.9,0.4184125747494764
fever_172306,fever,1,5,0.1822048818212953,0.15684125305803565,0.6609538651206691,0.1,0.0,0.9,0.4873181856183702
fever_86749,fever,1,5,0.6415152387258543,0.0033591904250236957,0.355125570849122,0.6,0.0,0.4,0.1809219758495847
fever_119606,fever,0,5,0.7732365545038746,0.000870413910206335,0.22589303158591897,1.0,0.0,0.0,0.11381692970316583
fever_205643,fever,1,5,0.9199046297780619,0.001328387291309159,0.0787669829306291,1.0,0.0,0.0,0.04071187875662371
fever_2317,fever,1,5,0.4399403217175128,0.39933246076988843,0.1607272175125988,0.6,0.4,0.0,0.4796960695261878
fever_222643,fever,0,5,0.4474389847741973,0.0032957580075959345,0.5492652572182067,0.3,0.0,0.7,0.27792838661669933
fever_10675,fever,1,5,0.0801131133017735,0.5012766018647473,0.4186102848334792,0.1,0.6,0.3,0.7105817442814869
fever_198067,fever,1,5,0.6826741731022156,0.0027265911294182222,0.3145992357683662,0.4,0.0,0.6,0.16002620901360132
fever_145516,fever,0,5,0.29910426647361776,0.3621607269457396,0.33873500658064265,0.3,0.4,0.3,0.5315282302360609
fever_192959,fever,0,5,0.26229606199520566,0.1967617118732156,0.5409422261315788,0.0,0.1,0.9,0.467232824939005
fever_117447,fever,1,5,0.13193504307388268,0.4681015849505933,0.39996337197552406,0.1,0.5,0.4,0.6680832709383553
fever_208441,fever,1,5,0.5623000946529179,0.00546708115773768,0.4322328241893444,0.4,0.0,0.6,0.22158349325240986
fever_127814,fever,1,5,0.004127357378247903,0.5597591829859911,0.43611345963576087,0.0,0.5,0.5,0.7778159128038715
fever_78311,fever,0,5,0.5807021408746522,0.39547138637300727,0.023826472752340563,0.6,0.4,0.0,0.4073846227491775
fever_32490,fever,0,5,0.24852147005446895,0.011845663171398683,0.7396328667741323,0.0,0.0,1.0,0.38166209655846484
fever_27657,fever,0,5,0.9925540080245853,0.0008072102004007228,0.006638781775014066,1.0,0.0,0.0,0.0041266010879077554
fever_21145,fever,0,5,0.49617999146235386,0.003732752891393124,0.500087255646253,0.3,0.0,0.7,0.25377638071451963
fever_220234,fever,0,5,0.1973877371648867,0.4494460320757366,0.3531662307593767,0.2,0.4,0.4,0.6260291474554249
fever_220278,fever,0,5,0.39414014120877716,0.40104566448780155,0.20481419430342124,0.3,0.4,0.3,0.5034527616395121
fever_185402,fever,1,5,0.18861377311482438,0.17489843119708937,0.6364877956880862,0.1,0.2,0.7,0.4931423290411325
fever_5092,fever,0,5,0.16731524273661055,0.018625960424525644,0.8140587968388637,0.0,0.0,1.0,0.4256553588439575
fever_165111,fever,0,5,0.10057997974929526,0.8928798504884133,0.006540169762291345,0.1,0.9,0.0,0.896149935369559
fever_42152,fever,1,5,0.3198939074247615,0.09242642100330119,0.5876796715719375,0.1,0.0,0.9,0.3862662567892699
fever_197368,fever,0,5,0.4052684183705688,0.13507037281109463,0.4596612088183365,0.6,0.0,0.4,0.3649009772202629
fever_174510,fever,0,5,0.437110162584717,0.38724690569980463,0.17564293171547846,0.3,0.4,0.3,0.4750683715575439
fever_61563,fever,0,5,0.38181941755317933,0.10007381617818942,0.5181067662686314,0.1,0.1,0.8,0.35912719931250514
fever_184054,fever,1,5,0.67040660537912,0.0072409611174799006,0.32235243350340004,0.6,0.0,0.4,0.16841717786917992
fever_187114,fever,0,5,0.4000302864324426,0.031169093460092778,0.5688006201074647,0.4,0.0,0.6,0.3155694035138251
fever_183618,fever,1,5,0.09779540256691792,0.2926635229298964,0.6095410745031857,0.0,0.3,0.7,0.5974340601814893
fever_166485,fever,0,5,0.5312322675949148,0.006415494753164519,0.46235223765192063,0.6,0.0,0.4,0.23759161357912484
fever_186592,fever,1,5,0.7200465682809554,0.002165764315732884,0.2777876674033118,0.6,0.0,0.4,0.14105959801738877
fever_99105,fever,1,5,0.7933281711869962,0.0014900942869213176,0.2051817345260824,0.6,0.0,0.4,0.10408096154996252
fever_134200,fever,0,5,0.14551578666794185,0.6432178693881985,0.21126634394385962,0.1,0.7,0.2,0.7488510413601283
fever_137038,fever,0,5,0.6001666567993511,0.057517337897278656,0.3423160053033702,0.4,0.0,0.6,0.22867534054896377
fever_193860,fever,0,5,0.5962316774417171,0.1398389717259933,0.26392935083228947,0.6,0.0,0.4,0.271803647142138
fever_30062,fever,0,5,0.682130817193235,0.029514192312328512,0.2883549904944365,1.0,0.0,0.0,0.17369168755954678
fever_78018,fever,0,5,0.2431418917075602,0.523877117782714,0.23298099050972582,0.1,0.6,0.3,0.6403676130375768
fever_165652,fever,0,5,0.23723787939523672,0.20574787773908895,0.5570142428656744,0.3,0.3,0.4,0.48425499917192616
fever_225254,fever,0,5,0.1696306849436288,0.5002753646475688,0.33009395040880246,0.1,0.6,0.3,0.6653223398519701
fever_8246,fever,0,5,0.6439777997337319,0.0026048326995972613,0.3534173675666709,0.3,0.0,0.7,0.17931351648293273
fever_10278,fever,1,5,0.6019883832530039,0.16772417019877955,0.23028744654821645,0.6,0.0,0.4,0.28286789347288777
fever_42619,fever,0,5,0.0629930544736341,0.437749517631777,0.4992574278945889,0.1,0.4,0.5,0.6873782315790714
fever_204010,fever,1,5,0.05419497704742214,0.6074244609405732,0.3383805620120046,0.1,0.7,0.2,0.7766147419465755
fever_15006,fever,0,5,0.09551759201250054,0.6686678356194455,0.23581457236805395,0.1,0.7,0.2,0.7865751218034726
fever_201364,fever,0,5,0.23470814834536516,0.5066955190783575,0.25859633257627734,0.3,0.6,0.1,0.6359936853664963
fever_147936,fever,0,5,0.1847559314990069,0.14164164377679195,0.6736024247242012,0.0,0.1,0.9,0.47844285613889254
fever_37558,fever,1,5,0.5951802115768063,0.0025025997174439713,0.40231718870574956,0.6,0.0,0.4,0.20366119407031874
fever_212187,fever,0,5,0.15256864490413183,0.39264704125646316,0.45478431383940493,0.0,0.4,0.6,0.6200391981761656
fever_94059,fever,0,5,0.7324050786367209,0.0021797106223891386,0.26541521074089,0.6,0.0,0.4,0.13488731599283413
