id,source_dataset,label,min_log_prob,mean_log_prob,mean_token_prob,token_prob_std,mean_entropy,max_entropy,entropy_std,log_perplexity,log_mean_token_rank,log_max_token_rank,log_rank_std,exact_match_agreement,mean_pairwise_similarity,min_pairwise_similarity,max_pairwise_similarity,pairwise_similarity_std,mean_pairwise_entailment,mean_pairwise_contradiction,nli_disagreement,top1_evidence_similarity,top3_evidence_similarity,response_top1_similarity,response_top3_similarity,evidence_response_margin,retrieval_agreement,lr_cond_b_prob,lr_cond_b_pred,lr_cond_e_prob,lr_cond_e_pred,lr_cond_e_category,xgb_cond_b_prob,xgb_cond_b_pred,xgb_cond_e_prob,xgb_cond_e_pred,xgb_cond_e_category
fever_101008,fever,1,-16.367595672607422,-4.267395383879458,0.23472312263550388,0.30793511453463,2.876250500790775,6.188478946685791,1.8731357305558196,4.267395383879458,6.584603027082048,8.946374826141717,7.574084019151142,0.0,0.7676898837089539,0.49920904636383057,0.9304274320602417,0.13641853630542755,0.214687786694104,0.23375496296410964,0.5095335881350029,0.7152019739151001,0.4395008583863576,0.7152019739151001,0.4395008385181427,0.40381038188934326,0.5115138634920555,0.6920963726918302,1,0.6674273752341564,1,TP,0.5388327836990356,1,0.5640778541564941,1,TP
fever_10118,fever,0,-12.814213752746582,-3.445886611078794,0.3220773255182114,0.36483228478278235,2.6007145488491425,5.737209320068359,1.7466802608250391,3.445886611078794,5.368847517353875,7.502186486602924,6.259625276339763,0.0,0.5509718060493469,0.35383856296539307,0.9170030951499939,0.19061459600925446,0.14187774006901804,0.17064949223249812,0.51438587608174,0.8520957827568054,0.552724152803421,0.8520958423614502,0.5527241826057434,0.44529712200164795,0.7260672737807994,0.6962315885172735,1,0.5904147497963154,1,FP,0.5817131996154785,1,0.35301464796066284,0,TN
fever_105361,fever,1,-13.998470306396484,-5.457378004278455,0.21488691525714135,0.3028386156475665,2.2105152883699963,4.885365009307861,1.4372259475831357,5.457378004278455,5.6136493469523865,7.303843225277705,6.300282094009435,0.0,0.8970915079116821,0.8453428745269775,0.9500799775123596,0.03222400322556496,0.13292942415654124,0.26274144221547063,0.5649060090294648,0.6144100427627563,0.480504314104716,0.6144101619720459,0.4805043637752533,0.12665122747421265,0.3774997738911168,0.4590641511787057,0,0.5752026677974652,1,TP,0.6009304523468018,1,0.5947538614273071,1,TP
fever_105954,fever,1,-8.032430648803711,-5.2180717413624125,0.10721833194353773,0.2633275889020831,3.3977566957473755,5.528790473937988,1.7297006539002433,5.2180717413624125,4.315263418514199,5.749392985908253,4.586717674720867,0.0,0.7749302983283997,0.5740511417388916,0.9591530561447144,0.13147220015525818,0.023839348170187964,0.491201240997633,0.7336809464137225,0.6165387630462646,0.4130917290846507,0.6165387630462646,0.4130917489528656,0.3049948811531067,0.38012004633861807,0.20232956176023587,0,0.34980020762785313,0,FN,0.3388061821460724,0,0.5586428046226501,1,TP
fever_106496,fever,1,-12.61886978149414,-4.525687407702208,0.23206750581547908,0.3112907070437167,1.988176316022873,2.702855348587036,0.6602641672632874,4.525687407702208,5.372960909543803,7.385851078125209,6.338858244250232,0.0,0.8616353273391724,0.8007102608680725,0.951029896736145,0.040523711591959,0.08333790609187185,0.09257821490612299,0.5046201544071255,0.716148853302002,0.43583449721336365,0.7161487340927124,0.43583449721336365,0.41513004899024963,0.5128690947141763,0.454753727801435,0,0.5376307875740076,1,TP,0.5787217020988464,1,0.6435922384262085,1,TP
fever_107589,fever,0,-10.80636978149414,-4.595653281443649,0.23622005727904455,0.3822697445508177,2.8162614901860556,5.754960536956787,1.819834949992722,4.595653281443649,4.58383304859996,6.261491684321042,5.162796972465315,0.0,0.8511532545089722,0.7420198917388916,0.9730736017227173,0.07334327697753906,0.00800018823107298,0.10310176642188325,0.5475507890954052,0.8742260932922363,0.5562882423400879,0.8742260336875916,0.5562881827354431,0.45330727100372314,0.7642712100850702,0.46878463231004674,0,0.306272748361123,0,TN,0.531031608581543,1,0.25831902027130127,0,TN
fever_108162,fever,1,-11.40187931060791,-7.658923470973969,0.08586816620882018,0.1915200884994025,3.83453631401062,5.914700031280518,1.6345127814955385,7.658923470973969,6.057252287645985,7.103322062526113,6.150928869756337,0.0,0.8217889666557312,0.6256285905838013,0.9627208709716797,0.1370547115802765,0.07422616366414134,0.017311838691210318,0.47154283751353454,0.6552873849868774,0.5125419894854227,0.6552870869636536,0.5125418305397034,0.21135622262954712,0.4294013616320811,0.24343202187197102,0,0.3812776094055344,0,FN,0.4580997824668884,0,0.49204808473587036,0,FN
fever_112592,fever,0,-12.695926666259766,-3.794959864889582,0.27843838186381237,0.33613396395988376,2.319649152457714,4.458596229553223,1.2818744963442383,3.794959864889582,5.503636332949695,7.4413203897176174,6.3371880431229375,0.0,0.8258931040763855,0.709611177444458,0.9878712892532349,0.07791991531848907,0.06973257507157431,0.5043385341624388,0.7173029795454322,0.6904424428939819,0.521246870358785,0.6904422640800476,0.5212468504905701,0.24015843868255615,0.47671064348867986,0.38470278741648106,0,0.5005651391320528,1,FP,0.39875632524490356,0,0.44769299030303955,0,TN
fever_112773,fever,0,-13.272890090942383,-4.496343488043005,0.15663027301216267,0.27097689645464196,3.0816330259496514,5.651970386505127,1.3516664657134605,4.496343488043005,6.047157240840185,8.157657015196472,6.972368680055901,0.0,0.8566001057624817,0.741962730884552,0.9291723966598511,0.05125603824853897,0.21117702784666462,0.3377955297720577,0.5633092509626965,0.7024895548820496,0.5041422049204508,0.7024897336959839,0.5041422843933105,0.29624027013778687,0.49349170033330125,0.548764617067052,1,0.5811781635315942,1,FP,0.5394179224967957,1,0.5233757495880127,1,FP
fever_112986,fever,1,-14.18136978149414,-6.149072527885437,0.12987690157553647,0.21485890388367496,3.6160168136869157,5.337169170379639,1.71397836184408,6.149072527885437,6.981536667200886,8.322880021769905,7.5116778046282136,0.0,0.902428925037384,0.8426175713539124,0.9904083609580994,0.0478934720158577,0.08972971313585426,0.5378119730329377,0.7240411299485416,0.8115074634552002,0.5629686911900839,0.8115074634552002,0.5629686713218689,0.37243181467056274,0.6585443632434931,0.11134844092837436,0,0.11607422702972167,0,FN,0.39563238620758057,0,0.3371189534664154,0,FN
fever_113127,fever,1,-18.88190269470215,-7.115509355068207,0.17415177086906236,0.2586090218795175,3.477252995967865,6.7474164962768555,1.8760246569789962,7.115509355068207,8.700347734514084,10.39317125254869,9.346904778190735,0.0,0.7461429834365845,0.5527981519699097,0.8714754581451416,0.10588390380144119,0.4087432977761957,0.1139460809956572,0.35260139160973075,0.7253948450088501,0.5482111871242523,0.7253949642181396,0.5482112765312195,0.25957271456718445,0.5261977676392178,0.5632690111662267,1,0.5750727772593847,1,TP,0.6227285265922546,1,0.5058876872062683,1,TP
fever_113188,fever,1,-14.461345672607422,-3.946236464456888,0.28860284048802143,0.35828597670110796,2.6111996294930577,5.868625164031982,1.716927614209752,3.946236464456888,5.98204532519149,8.24564690087386,6.97776799091256,0.0,0.8222702741622925,0.7090467214584351,0.9287029504776001,0.06800628453493118,0.23642774460921534,0.3123158865905034,0.537944070990644,0.5422316789627075,0.3331705927848816,0.5422316789627075,0.3331705927848816,0.3126204013824463,0.2940151936707167,0.6289317068100558,1,0.6932221425402905,1,TP,0.530427873134613,1,0.6492681503295898,1,TP
fever_113488,fever,1,-13.366511344909668,-4.0446803818049375,0.21056372686854274,0.3533058796693515,2.9067554003559053,5.657355308532715,1.655881228739792,4.0446803818049375,5.567151043779362,8.224699561967235,6.832924483336026,0.0,0.8279436230659485,0.7094036340713501,0.9387003183364868,0.06163555011153221,0.05218984828256246,0.37212536993596557,0.6599677608267016,0.6088402271270752,0.4312589963277181,0.6088403463363647,0.43125906586647034,0.26238229870796204,0.37068649474755944,0.6325946622888924,1,0.6853771722554663,1,TP,0.45391637086868286,0,0.5650673508644104,1,TP
fever_116103,fever,0,-12.86886978149414,-5.576160681278755,0.19380566750555772,0.39279772870828633,2.3166997830073037,3.167904853820801,1.1311491146081667,5.576160681278755,5.771960199186312,7.510430556378006,6.605189147421838,0.0,0.7969843149185181,0.7273399829864502,0.878832221031189,0.047937117516994476,0.021919633483384278,0.11582504681279779,0.5469527066647067,0.8348667621612549,0.5595620274543762,0.8348667621612549,0.5595620274543762,0.3731665015220642,0.6970025105616173,0.3346741818410073,0,0.2910771779153485,0,TN,0.5762481093406677,1,0.39995065331459045,0,TN
fever_117192,fever,1,-10.939213752746582,-3.399450146064807,0.28712142380530936,0.3691406516127581,3.335066264638534,6.04802131652832,1.8111426092907852,3.399450146064807,4.343805421853684,6.361302477572996,5.138984659804205,0.0,0.7760607600212097,0.6350422501564026,0.8896965384483337,0.07705240696668625,0.07882579868227393,0.07013495785751962,0.4956545795876228,0.6588244438171387,0.49399468302726746,0.6588244438171387,0.49399471282958984,0.23071613907814026,0.4340496477709621,0.6670142311813844,1,0.6659123689318126,1,TP,0.4879757761955261,0,0.5125594735145569,1,TP
fever_117374,fever,1,-14.901375770568848,-4.2624818786150875,0.2345430819321608,0.32779954327087335,2.643516167998314,4.841888427734375,1.591026331520676,4.2624818786150875,6.004161377902389,7.923710333969238,6.833380118689163,0.0,0.8283776044845581,0.7441282272338867,0.9011482000350952,0.0498768575489521,0.3042768400918557,0.07597336419757512,0.38584826205285977,0.5131641626358032,0.34400664269924164,0.5131641626358032,0.34400665760040283,0.22086572647094727,0.2633374578137051,0.5275570918244211,1,0.6476583979819424,1,TP,0.6321004033088684,1,0.7480998039245605,1,TP
fever_11928,fever,0,-13.80636978149414,-4.757960951620979,0.23309028272915708,0.3526850151529382,2.6049508633358136,5.485379219055176,1.590763125440782,4.757960951620979,6.113049868714104,7.952615111651,6.966723407664296,0.0,0.8074701428413391,0.6881058216094971,0.8908374309539795,0.06402874737977982,0.09154553605433743,0.6270870299890654,0.767770746967364,0.8536834716796875,0.585289716720581,0.8536836504936218,0.5852897763252258,0.39097917079925537,0.728775622469584,0.40358598188648337,0,0.29545222917944935,0,TN,0.427364319562912,0,0.2039100080728531,0,TN
fever_121362,fever,0,-13.564923286437988,-6.141786375641823,0.20623670305805036,0.3535171611143768,3.636141526699066,6.39719295501709,1.8753851767518743,6.141786375641823,6.45110213410454,7.861341795599989,6.920736552445102,0.0,0.8283423185348511,0.7920628786087036,0.8881862163543701,0.031065981835126877,0.5317970975226064,0.04287366615228446,0.25553828431483905,0.7632989883422852,0.49091485142707825,0.7632990479469299,0.49091485142707825,0.40798044204711914,0.582625391100521,0.5268064528389385,1,0.48348123804146864,0,TN,0.7467741370201111,1,0.6318812966346741,1,FP
fever_121634,fever,0,-18.27252769470215,-5.461023121327162,0.15588283512105844,0.2949044135409436,3.4370471596717835,5.97093391418457,1.814545387944264,5.461023121327162,7.524884973118167,9.693753688131835,8.535575380781959,0.0,0.8937943577766418,0.8642833232879639,0.93809974193573,0.022949649021029472,0.010600764789872742,0.4670241412290945,0.7282116882196109,0.7744261026382446,0.5129489203294119,0.7744260430335999,0.5129489302635193,0.3910730183124542,0.5997357422880683,0.4570103420605301,0,0.37498377705580954,0,TN,0.3883461654186249,0,0.4122520089149475,0,TN
fever_12178,fever,0,-12.18136978149414,-6.133898462568011,0.016697369808883065,0.02279195099487534,3.555579594203404,4.7627458572387695,1.0138124506045474,6.133898462568011,5.443035948563124,7.1308988302963465,6.1350453506083635,0.0,0.8821239471435547,0.8307846784591675,0.9423006772994995,0.02800103649497032,0.14722427119652318,0.32012031352096737,0.586448021162222,0.7412378787994385,0.6419151226679484,0.7412378787994385,0.6419151425361633,0.12608444690704346,0.549433592967091,0.32367695185732037,0,0.4517279845350447,0,TN,0.3716786801815033,0,0.3055885434150696,0,TN
fever_123023,fever,0,-12.930095672607422,-5.416389374062419,0.07590631392460523,0.1769631767178732,3.282251238822937,5.903510093688965,1.1556996628351743,5.416389374062419,5.225074404780319,7.549082710812286,6.165731886406249,0.0,0.6931045055389404,0.4621952772140503,0.84703129529953,0.12441224604845047,0.14623095886125453,0.4372223555335304,0.6454956983361378,0.6177815794944763,0.4846934974193573,0.6177818775177002,0.48469361662864685,0.1932065784931183,0.38165426407594794,0.8236687178194138,1,0.8782346465217855,1,FP,0.4046536087989807,0,0.4510442614555359,0,TN
fever_124295,fever,1,-13.36886978149414,-6.085954952985048,0.13065392582785762,0.26599424478409667,2.8823984935879707,5.111082553863525,1.279881637734308,6.085954952985048,6.32278963126672,7.756623334538858,6.818272213641923,0.0,0.8707952499389648,0.8050087690353394,0.9345637559890747,0.034587595611810684,0.1654715358608398,0.38000999547058817,0.6072692298048742,0.5948809385299683,0.4621116518974304,0.5948809385299683,0.4621116816997528,0.13160055875778198,0.3538833310262959,0.33152696337226967,0,0.4608135955163141,0,FN,0.513116717338562,1,0.5588528513908386,1,TP
fever_124565,fever,0,-13.30636978149414,-5.148932235581534,0.10001640334801973,0.11700861789626311,3.169739161218916,6.301583766937256,1.68625425972403,5.148932235581534,5.879734583164676,7.727535110475448,6.742143055124004,0.0,0.9169600605964661,0.8556431531906128,0.9670426249504089,0.036106180399656296,0.47217507875922593,0.1667207099291937,0.3472728155849839,0.7507295608520508,0.6238189339637756,0.7507295608520508,0.6238189339637756,0.08844482898712158,0.563594873537113,0.43838371108256247,0,0.45425199965149454,0,TN,0.6354496479034424,1,0.5918046832084656,1,FP
fever_124862,fever,1,-12.163933753967285,-4.6657547528545065,0.198926469676015,0.30189212163491796,2.7957443296909332,5.926279067993164,1.423222647627558,4.6657547528545065,5.206750173022546,7.105786129481271,5.929906257373422,0.0,0.8838499188423157,0.8532732725143433,0.9203180074691772,0.02237704209983349,0.22091970417340034,0.07798305369336703,0.4285316747599833,0.7679176330566406,0.4981234073638916,0.7679176330566406,0.4981234073638916,0.35489678382873535,0.5896974911593134,0.6514785417639607,1,0.5501067967058935,1,TP,0.5812618136405945,1,0.5350965261459351,1,TP
fever_124875,fever,0,-11.05636978149414,-3.278747910633683,0.2665183301730849,0.3220544944734451,2.681152880191803,5.081844329833984,1.3506108429904273,3.278747910633683,4.48863636973214,6.405228458030842,5.354180474723356,0.0,0.7629979848861694,0.6622616052627563,0.856307864189148,0.058953527361154556,0.026992259260361383,0.0019540956814010834,0.4874809182105199,0.8108506202697754,0.5833184023698171,0.8108506798744202,0.5833184719085693,0.33842793107032776,0.6574787767223427,0.6149061250543268,1,0.5122014889447598,1,FP,0.6407312154769897,1,0.5220973491668701,1,FP
fever_126509,fever,0,-15.090011596679688,-3.189628330721079,0.37228379553748203,0.36590226675871385,1.6539882143077098,4.8635334968566895,1.2515939396135174,3.189628330721079,6.214608098422191,9.104868739033948,7.630545448432973,0.0,0.8722073435783386,0.7519701719284058,0.9496806263923645,0.05611391365528107,0.22099918591683188,0.27960017426559425,0.5293004941743812,0.562635600566864,0.45371371507644653,0.5626356601715088,0.4537137448787689,0.13232001662254333,0.31655885256093086,0.7078165337241658,1,0.772066296204042,1,FP,0.4988972544670105,0,0.5398637056350708,1,FP
fever_127957,fever,1,-14.759516716003418,-6.036360989014308,0.17012072326904595,0.21955732335135447,3.29078655772739,5.879471778869629,1.4052872793381848,6.036360989014308,7.965314064852537,10.011579334886969,8.89772402517825,0.0,0.7746880650520325,0.6425342559814453,0.8605183362960815,0.07425050437450409,0.15469566607408067,0.4284036909741829,0.6368540124500511,0.6432286500930786,0.4668404857317607,0.6432286500930786,0.4668404757976532,0.24716487526893616,0.41374309630056416,0.28060988937615877,0,0.31512036942721877,0,FN,0.4778478741645813,0,0.4518437385559082,0,FN
fever_129878,fever,1,-12.939923286437988,-4.981515043973923,0.19546344292896264,0.2541890927844162,2.468136751651764,4.2401018142700195,0.9086167072850242,4.981515043973923,6.379105070303594,8.266678443305896,7.174266161740728,0.0,0.9019469022750854,0.8539741039276123,0.9669015407562256,0.032755203545093536,0.17269372776200093,0.41081009667219215,0.6190581844550955,0.7430465221405029,0.4789133469263713,0.7430464625358582,0.4789133071899414,0.3414607644081116,0.5521180897760729,0.3071665124270594,0,0.31436994602383056,0,FN,0.5141524076461792,1,0.5357464551925659,1,TP
fever_132524,fever,1,-14.022527694702148,-3.6847450401295316,0.20761545279650176,0.2731454686280564,2.8945322145115244,4.609471321105957,1.2748848921374267,3.6847450401295316,5.127744702243165,7.390798521735676,6.186077629136654,0.0,0.8676444888114929,0.7900782823562622,0.949469804763794,0.05212054401636124,0.4010516096918672,0.017488688204129917,0.30821853925613135,0.7251608967781067,0.46502302090326947,0.7251608371734619,0.465023010969162,0.3901607394218445,0.5258582829930702,0.7516270831558118,1,0.7731043250621227,1,TP,0.7315733432769775,1,0.659092128276825,1,TP
fever_133948,fever,0,-14.18136978149414,-7.714604362845421,0.05343351678263275,0.10508687999496903,2.9529914408922195,5.292414665222168,1.5989196231448142,7.714604362845421,6.4333419412477015,8.116417072794205,7.044879657939172,0.0,0.8910463452339172,0.8350374698638916,0.9768270254135132,0.036893703043460846,0.034977044383307905,0.4644555570294533,0.7147392563230727,0.6834933161735535,0.46545613805452984,0.6834934949874878,0.4654562175273895,0.32317742705345154,0.4671632354720501,0.1832918763490589,0,0.2953152088324345,0,TN,0.3328932523727417,0,0.3962444067001343,0,TN
fever_134135,fever,1,-10.904199600219727,-4.084698910592124,0.24453522604305059,0.3717168733109986,2.3109618294984102,5.481154441833496,1.6759369277169438,4.084698910592124,4.5334951492812,6.124683390894205,5.045665032769887,0.0,0.9310836791992188,0.8823484778404236,0.9769431352615356,0.0364992581307888,0.03775854736885778,0.76402995530431,0.8631357039677261,0.7432412505149841,0.572708010673523,0.7432411909103394,0.572708010673523,0.19935959577560425,0.5524075121664467,0.29863399945029484,0,0.3305625203246196,0,FN,0.43054983019828796,0,0.4771795868873596,0,FN
fever_135951,fever,1,-14.689213752746582,-4.858813526487211,0.24589718461704382,0.3517625944445246,2.4197757861443927,4.900925636291504,1.280318574203545,4.858813526487211,5.916394573918069,8.33758794211651,7.009846744715233,0.0,0.9186949729919434,0.8935690522193909,0.9484626054763794,0.01999037340283394,0.21337129839971541,0.2478092184538554,0.51721896002707,0.5763664245605469,0.4314097265402476,0.5763664245605469,0.43140971660614014,0.1932564675807953,0.33219825536070857,0.6863841930438087,1,0.7631411088024541,1,TP,0.5524893999099731,1,0.6059147119522095,1,TP
fever_135962,fever,1,-15.895243644714355,-6.523815480145541,0.04581914688486935,0.0808974858622092,4.410387754440308,6.1291704177856445,1.0908909703861305,6.523815480145541,8.042319541026401,10.246545200515675,9.046102596400425,0.0,0.8342666625976562,0.7152340412139893,0.9271955490112305,0.06540597975254059,0.1206168682770609,0.020266151285721373,0.4498246415043303,0.5404114127159119,0.4274097482363383,0.5404113531112671,0.42740973830223083,0.1615871787071228,0.29204446278257734,0.5299437288161442,1,0.6039698645089636,1,TP,0.43658769130706787,0,0.5855890512466431,1,TP
fever_137267,fever,1,-18.733970642089844,-5.775626442262104,0.15581104582667712,0.2513620468920588,2.4290733507701328,5.8287763595581055,1.5057951533879377,5.775626442262104,6.962784443451702,9.175438319966918,7.928345913018223,0.0,0.8324064016342163,0.7395625114440918,0.9224841594696045,0.05584217235445976,0.09415992710139373,0.1377681055136914,0.5218040892061488,0.5896279811859131,0.3879917363325755,0.5896279811859131,0.38799169659614563,0.27263933420181274,0.3476611561973755,0.7783654495006894,1,0.8125844272965456,1,TP,0.48928195238113403,0,0.6226744651794434,1,TP
fever_137665,fever,1,-12.467325210571289,-3.5384029471315444,0.3442692360497079,0.4104671369863058,1.846758413527693,3.6897788047790527,1.2158311936607231,3.5384029471315444,5.420851004963018,7.428927194802272,6.337754111156163,0.0,0.8386087417602539,0.7854975461959839,0.9201557040214539,0.03896273672580719,0.18890357015625564,0.1763422251076197,0.49371932747568203,0.678025484085083,0.4803093870480855,0.678025484085083,0.480309396982193,0.27560800313949585,0.45971855706881115,0.407862711395258,0,0.4917071704229546,0,FN,0.47948724031448364,0,0.5284987092018127,1,TP
fever_138023,fever,0,-12.18136978149414,-6.536648535728455,0.06269307910388307,0.09389204033262101,3.931189250946045,5.340151309967041,1.1144363189255675,6.536648535728455,5.882765130184641,7.1308988302963465,6.254246785463112,0.0,0.9495878219604492,0.9219523668289185,0.9679611921310425,0.012953171506524086,0.24741155439095822,0.07912682915999894,0.4158576373845203,0.7199866771697998,0.5120233992735544,0.7199864387512207,0.5120232701301575,0.3093905448913574,0.518380643643809,0.32891954398779416,0,0.39794443775932176,0,TN,0.5415509939193726,1,0.5488994717597961,1,FP
fever_139090,fever,1,-13.43136978149414,-6.183587112597057,0.14680414432720162,0.284774203736539,2.9137909412384033,5.731152057647705,1.3574601209741641,6.183587112597057,6.321795515707112,7.782807262839695,6.84409568683309,0.0,0.7885262370109558,0.6669480800628662,0.8684414625167847,0.06001028046011925,0.26249092569934845,0.22309020999336937,0.4802996421470105,0.7680726647377014,0.6239915192127228,0.7680726051330566,0.6239915490150452,0.10678428411483765,0.5899355725365751,0.5302196502584745,1,0.49025629794158454,0,FN,0.5526284575462341,1,0.41258034110069275,0,FN
fever_140044,fever,0,-10.814923286437988,-4.248038335279985,0.13084207107782608,0.17451318728861842,3.220620133660056,6.0677008628845215,1.4188191534508463,4.248038335279985,4.23410650459726,6.261491684321042,5.063138959292957,0.0,0.8798366785049438,0.7703510522842407,0.9420009851455688,0.04905330017209053,0.1170461960246266,0.017975848984897458,0.45046482648013547,0.7276350855827332,0.5851361254851023,0.7276350259780884,0.5851361155509949,0.12863296270370483,0.5294527744005606,0.6776847646689252,1,0.6474618050631454,1,FP,0.5389958620071411,1,0.5499668717384338,1,FP
fever_140391,fever,0,-17.625911712646484,-4.438874827554593,0.26788393071291156,0.303164232666147,2.2686748361358275,4.427445888519287,1.2717551151794804,4.438874827554593,7.265644869554267,9.355825038718164,8.180700664548278,0.0,0.7580598592758179,0.6424121856689453,0.9027431011199951,0.07640209794044495,0.043147019249804644,0.5099769868782589,0.7334149838142271,0.7922879457473755,0.5015730063120524,0.7922879457473755,0.5015730261802673,0.4286312460899353,0.6277201889765962,0.4550837064233954,0,0.4091195737412699,0,TN,0.36734268069267273,0,0.3379802703857422,0,TN
fever_14113,fever,0,-10.048420906066895,-3.7360023262186184,0.26390905368902573,0.3331933103776325,2.4274180225200124,5.742550849914551,1.59654762553541,3.7360023262186184,4.8924355049435295,7.037027614686276,5.679265468290983,0.0,0.8545507192611694,0.6863375902175903,0.9635066986083984,0.07267861813306808,0.05768592883928094,0.45947402620805045,0.7008940486843847,0.6749488115310669,0.4328022599220276,0.6749488115310669,0.43280228972435,0.3624626398086548,0.45555589818719966,0.380967106086138,0,0.42065986431597036,0,TN,0.37444522976875305,0,0.525611400604248,1,FP
fever_141271,fever,1,-13.689923286437988,-4.675565147399903,0.13520259732777049,0.19950695877065097,2.9200040221214296,6.193778991699219,1.3119257428514526,4.675565147399903,5.702448251643064,7.914617709040679,6.755642601935151,0.0,0.9141895174980164,0.8916833400726318,0.941483736038208,0.013663608580827713,0.42125541163277136,0.10638404574404739,0.34256431705563795,0.6986324787139893,0.5386392076810201,0.6986323595046997,0.5386391282081604,0.22543787956237793,0.4880872570305712,0.7534259407749047,1,0.7750976224873608,1,TP,0.7001622915267944,1,0.6565159559249878,1,TP
fever_141561,fever,1,-13.11886978149414,-6.440424680709839,0.07455329848089605,0.09747590246816094,3.272508382797241,6.292849063873291,1.7127884412508476,6.440424680709839,6.246494287284514,7.627057417018934,6.788128468628647,0.0,0.8948572278022766,0.848832368850708,0.9633929133415222,0.03799216449260712,0.013194196496795424,0.468730110722228,0.7277679571127162,0.7353750467300415,0.5139267047246298,0.735375165939331,0.5139268040657043,0.3282840847969055,0.5407765470167476,0.1658349584028374,0,0.19924181949604547,0,FN,0.3820360004901886,0,0.4925474524497986,0,FN
fever_144309,fever,0,-16.661176681518555,-5.111522761921931,0.21241193689730892,0.3265327518709605,2.9483845872538432,5.68458890914917,1.8645416445985619,5.111522761921931,6.93202968566971,9.467382808295852,8.141408812074214,0.0,0.7746186852455139,0.6685673594474792,0.8643012046813965,0.062374040484428406,0.054730590483850705,0.3321596703879562,0.6387145399520526,0.723694920539856,0.5037786662578583,0.7236948609352112,0.5037786364555359,0.32385218143463135,0.5237342948796098,0.5408862530132621,1,0.5071095645482188,1,FP,0.4867340326309204,0,0.4509745240211487,0,TN
fever_146361,fever,0,-9.80636978149414,-4.9332579374313354,0.10470159636179233,0.1497630595069938,3.096875861287117,4.912921905517578,1.2446251064167877,4.9332579374313354,4.30575285731789,5.6131281063880705,4.65354727320509,0.0,0.7946516275405884,0.6937242746353149,0.8905333876609802,0.051336828619241714,0.05665961795383628,0.8620529359982587,0.9026966590222112,0.8440638780593872,0.6037928660710653,0.8440638184547424,0.6037928462028503,0.347042977809906,0.7124437799345245,0.23136420181255846,0,0.23485719673708624,0,TN,0.34158435463905334,0,0.19712574779987335,0,TN
fever_14820,fever,0,-9.643136024475098,-3.743403176553189,0.26312617327773924,0.31996657668136974,3.1264381808443713,6.171896934509277,1.6859238297834582,3.743403176553189,5.111060574567351,7.160069207596127,5.919675689617906,0.0,0.8750219345092773,0.7998955845832825,0.9383596777915955,0.03874189779162407,0.13525282050731352,0.0598113860927449,0.46227928279271563,0.4793943762779236,0.41051068902015686,0.4793943762779236,0.41051068902015686,0.08589443564414978,0.22981896800689938,0.3861453501101908,0,0.4811780927863938,0,TN,0.5311141014099121,1,0.6858522295951843,1,FP
fever_148735,fever,0,-13.305095672607422,-1.6816653710765033,0.566639514787826,0.4123593348408726,1.5721109951347378,6.46750020980835,1.6750742212714465,1.6816653710765033,4.729072029636771,7.741099090035366,6.219221123995987,0.0,0.888574481010437,0.8073298931121826,0.9736412763595581,0.05397427827119827,0.1636913806660268,0.27195680990098997,0.5541327146174815,0.8174535036087036,0.5331161320209503,0.8174534440040588,0.5331161022186279,0.41556528210639954,0.6682301818381191,0.8572912061894193,1,0.6915687695073297,1,FP,0.6412357091903687,1,0.5009956955909729,1,FP
fever_15005,fever,1,-15.126713752746582,-4.241352831443342,0.2344840930571151,0.3238590421162889,2.3548548301825156,5.55025577545166,1.559902006209615,4.241352831443342,6.2592872598851015,8.495356496807062,7.248888812867708,0.0,0.8415838479995728,0.7666592597961426,0.921862781047821,0.06060212478041649,0.22700204285423947,0.08166821791987611,0.42733308753281835,0.6147370338439941,0.5680987437566122,0.6147370338439941,0.5680987238883972,0.06538534164428711,0.377901620779312,0.6335883374427702,1,0.7477786304113162,1,TP,0.5654218792915344,1,0.5811704993247986,1,TP
fever_154608,fever,1,-12.252423286437988,-4.22009956240654,0.14981874629584127,0.26459629614336877,4.319085419178009,6.996822834014893,1.9654795569278627,4.22009956240654,5.025852259901116,7.1853870155804165,6.024828107302808,0.0,0.8048831224441528,0.7440487146377563,0.877375066280365,0.041574448347091675,0.12602063657775048,0.42793478048898737,0.6509570719556184,0.7817829847335815,0.5021540820598602,0.7817830443382263,0.5021541118621826,0.4124511480331421,0.6111846818168445,0.6272663677525016,1,0.48125309139207917,0,FN,0.5094322562217712,1,0.4230068027973175,0,FN
fever_154659,fever,1,-12.930095672607422,-3.215181129678111,0.3100280161967716,0.3710137135052262,2.099698411218603,5.818564414978027,1.5753191523999341,3.215181129678111,4.876094989329653,7.549082710812286,6.127843444911562,0.0,0.8864555358886719,0.7672165632247925,0.9913852214813232,0.06494992226362228,0.17444063239313579,0.37856637998640547,0.6020628737966348,0.5657270550727844,0.3966650664806366,0.5657271146774292,0.396665096282959,0.2445833683013916,0.3200471345612854,0.7613531269692362,1,0.8145261868500056,1,TP,0.4505535662174225,0,0.6132227778434753,1,TP
fever_155955,fever,0,-10.814213752746582,-3.4195824262793533,0.34634484343279415,0.3755180113369652,2.6482889411541133,5.76198673248291,1.7899225538225225,3.4195824262793533,4.151645416059441,6.2766434893416445,4.988294839720664,0.0,0.9094330668449402,0.8443158864974976,0.9636595845222473,0.04826805368065834,0.4697893996593939,0.09132615297326885,0.3107683766569375,0.8010186553001404,0.540709525346756,0.8010185956954956,0.5407094955444336,0.37736043334007263,0.6416308383944127,0.6841058768502423,1,0.6141239643059854,1,FP,0.6540695428848267,1,0.5593606233596802,1,FP
fever_159324,fever,0,-13.114090919494629,-5.433787889778614,0.11696699677236211,0.15803758327295925,2.9227497577667236,4.597726821899414,1.0282684188807218,5.433787889778614,4.757891273005756,6.413458957167357,5.342633205421125,0.0,0.9517802000045776,0.9250987768173218,0.9695377349853516,0.013599717989563942,0.28579834771806634,0.06270193627614615,0.38845179427904,0.8744124174118042,0.5691245595614115,0.8744122982025146,0.5691245198249817,0.39735668897628784,0.7645969714858722,0.6408843526723992,1,0.5176481520325028,1,FP,0.6360082626342773,1,0.4567200243473053,0,TN
fever_159567,fever,1,-13.180095672607422,-2.4747415389099747,0.3753634594436933,0.39032381011156103,1.704475740706058,5.06738805770874,1.3427196979006357,2.4747415389099747,4.781332462421511,7.674152921281675,6.201355647260038,0.0,0.9497947692871094,0.8866211771965027,0.9978607296943665,0.039375413209199905,0.08054954545306883,0.660179772497209,0.7898151135220701,0.6717145442962646,0.46269333362579346,0.6717146039009094,0.46269336342811584,0.2811778783798218,0.4512004690564453,0.7024229856937141,1,0.7012776694882407,1,TP,0.5198909044265747,1,0.548865795135498,1,TP
fever_159709,fever,0,-13.11886978149414,-5.447776814301808,0.08867946055872583,0.14792365186062664,3.251174714830187,4.470620632171631,0.8758616923628069,5.447776814301808,5.7518669224942975,7.627057417018934,6.522706910386173,0.0,0.7997838258743286,0.6870012879371643,0.942119836807251,0.06917329132556915,0.25650331659908954,0.4810962057034498,0.6122964445521801,0.7793004512786865,0.5197765926520029,0.7793004512786865,0.5197765827178955,0.37420153617858887,0.6073091933631645,0.5207586285036766,1,0.5653442357701484,1,FP,0.3312627077102661,0,0.3653424084186554,0,TN
fever_161556,fever,1,-15.385950088500977,-4.180748550907562,0.260270085311542,0.3413815588977318,3.105998092576077,5.678215026855469,1.6432669415092065,4.180748550907562,6.0957060158136285,8.678801706612651,7.219401341663467,0.0,0.858230710029602,0.8204821348190308,0.9053874015808105,0.0265268012881279,0.04093098428101012,0.14211773203582317,0.5505933738774065,0.604394793510437,0.46131570140520733,0.6043948531150818,0.46131572127342224,0.20177403092384338,0.36529310244726076,0.683017035647358,1,0.6938926212148964,1,TP,0.5434020161628723,1,0.5872822403907776,1,TP
fever_162408,fever,1,-19.15359878540039,-4.8719969640175504,0.15047237403717573,0.2214485110352739,3.3708133002122245,6.494558334350586,1.8109443063598862,4.8719969640175504,7.608539886671293,10.072174918054278,8.82805837330258,0.0,0.875330924987793,0.8075358867645264,0.9311656951904297,0.04335491731762886,0.22401526101147465,0.41734058232684373,0.5966626606576846,0.830549955368042,0.5054777959982554,0.8305500745773315,0.5054778456687927,0.4801359474658966,0.6898133273711267,0.6470553111232681,1,0.4716415972902242,0,FN,0.34988316893577576,0,0.22949078679084778,0,FN
fever_164411,fever,1,-12.376713752746582,-4.287048709077331,0.22565199246173506,0.34180294414685625,1.974854547243852,6.106357574462891,1.6930936975031663,4.287048709077331,5.190817812641461,7.259819610363186,6.048426836093075,0.0,0.8359373211860657,0.6799377202987671,0.909630298614502,0.08182343095541,0.06471997235094398,0.5219365594285196,0.7286082935387879,0.6674449443817139,0.41218680143356323,0.6674448847770691,0.41218677163124084,0.38281530141830444,0.4454827139978903,0.5349058679376834,1,0.5655268818590139,1,TP,0.4041498303413391,0,0.5186449289321899,1,TP
fever_164894,fever,0,-11.689923286437988,-5.272354865074158,0.0713402843739459,0.1520254681391198,3.804143500328064,5.871598243713379,1.1769651915467012,5.272354865074158,5.1647859739235145,6.838405200847344,5.813562190259537,0.0,0.9295626878738403,0.8885871171951294,0.965052604675293,0.026513058692216873,0.21911163419584517,0.04220831636450231,0.4115483410843286,0.6874576807022095,0.4512127141157786,0.687457799911499,0.45121273398399353,0.31667643785476685,0.4725981447078027,0.5973920606146328,1,0.6003424854782334,1,FP,0.5118675827980042,1,0.62420654296875,1,FP
fever_165111,fever,0,-9.939213752746582,-2.953311131535364,0.2674067537749839,0.32695757784549456,2.237880965428693,4.838795185089111,1.5017477983044405,2.953311131535364,3.359879232331424,5.700443573390687,4.37992480690512,0.0,0.8390790820121765,0.7594338655471802,0.9656112194061279,0.06545086950063705,0.2734703241313794,0.36215622834876476,0.5443429521086928,0.7392690777778625,0.5322622756163279,0.7392690181732178,0.5322622656822205,0.2619794011116028,0.5465187252946606,0.665899705013125,1,0.7001908370483166,1,FP,0.5846067070960999,1,0.5980122685432434,1,FP
fever_16646,fever,0,-14.180095672607422,-4.563081685205301,0.1674976352057532,0.24782162046415354,2.6361155450344085,4.873775005340576,1.1722783034714999,4.563081685205301,5.681991204653544,8.127995055771946,6.772790633816869,0.0,0.8357001543045044,0.7544493675231934,0.9238446354866028,0.04664434492588043,0.24935040673936898,0.05730002433185331,0.40397480879624215,0.5259048938751221,0.3633950153986613,0.5259049534797668,0.3633950650691986,0.2189931869506836,0.2765759887481778,0.7294865840801782,1,0.8119127514495791,1,FP,0.6238278150558472,1,0.7406314015388489,1,FP
fever_166474,fever,0,-15.05636978149414,-6.486934834056431,0.061908660803766224,0.11141803361635544,3.329299529393514,6.391287326812744,1.2385314008036397,6.486934834056431,6.753048889221156,8.453401058328458,7.359560120181812,0.0,0.6960141658782959,0.5877255201339722,0.7755742073059082,0.051673002541065216,0.020884976657696435,0.4725873377543378,0.7258511805483208,0.7014769315719604,0.4429348409175873,0.7014769315719604,0.4429348409175873,0.3848540782928467,0.4920698855276129,0.5642517625669765,1,0.5347619056549736,1,FP,0.40026339888572693,0,0.5558353066444397,1,FP
fever_168042,fever,0,-14.46261978149414,-5.154876726014273,0.0632770860238533,0.07928933871943578,2.8975103242056712,5.595220565795898,1.3115968346543794,5.154876726014273,6.342372896152377,8.234564993267135,7.254225678146535,0.0,0.7025550603866577,0.5849557518959045,0.8834006190299988,0.08647594600915909,0.0054676698451773765,0.6683334439694986,0.8314328870621606,0.8356978297233582,0.6102725267410278,0.8356978893280029,0.6102725863456726,0.33544790744781494,0.6983909124158032,0.3552261544140305,0,0.33413556618309176,0,TN,0.4012056291103363,0,0.2712804079055786,0,TN
fever_168091,fever,0,-11.555095672607422,-2.066325308624073,0.42612858058583925,0.41284174847760546,1.6435177038656548,3.4750149250030518,1.2346101626594652,2.066325308624073,4.029806041084529,6.752270376141742,5.3672409915826975,0.0,0.8545581102371216,0.7963430881500244,0.9198747277259827,0.03438834473490715,0.19105664299596653,0.4863984400091361,0.6476708985065848,0.7826840877532959,0.536260724067688,0.7826840877532959,0.536260724067688,0.3588082790374756,0.612594381222209,0.593272208718896,1,0.5712132386074877,1,FP,0.6782392859458923,1,0.6364073157310486,1,FP
fever_170004,fever,1,-15.741277694702148,-4.842441993951797,0.14831549529163368,0.20569754608510576,2.8773650169372558,5.905892372131348,1.3524012712075573,4.842441993951797,6.19766537769188,8.427487278331744,7.2702263064101595,0.0,0.8638308644294739,0.7765101790428162,0.9224816560745239,0.05049600079655647,0.12673017277167867,0.5593473899431559,0.7163086085857386,0.6132021546363831,0.44471054275830585,0.6132021546363831,0.44471052289009094,0.2351526916027069,0.37601688245070264,0.6632252634877865,1,0.7233362651193576,1,TP,0.39412811398506165,0,0.5937785506248474,1,TP
fever_170005,fever,1,-15.746870040893555,-3.4142582432587485,0.3448633525032833,0.39354912474091924,2.2767431969313243,5.90378475189209,1.7063752206784624,3.4142582432587485,5.73436272744621,8.435332164935916,6.9648434269453245,0.0,0.7223852872848511,0.6080669164657593,0.8260701894760132,0.058250170201063156,0.11005136765592423,0.3814671213342165,0.6357078768391462,0.594064474105835,0.3992026746273041,0.5940645337104797,0.3992026746273041,0.28699812293052673,0.3529126348036442,0.8220058077926605,1,0.8179422571462293,1,TP,0.4313962161540985,0,0.5482298731803894,1,TP
fever_170398,fever,1,-17.358779907226562,-7.658749143282573,0.03013593293938281,0.047372259345380384,3.0545670986175537,4.126981735229492,0.7000028923542049,7.658749143282573,8.278428259199071,10.05440443785299,9.155476069209639,0.0,0.812870979309082,0.6851423978805542,0.9160693883895874,0.0753793939948082,0.10800745911119795,0.12965706042472352,0.5108248006567628,0.6143368482589722,0.47459354003270465,0.6143367290496826,0.47459352016448975,0.19447356462478638,0.37740968989410817,0.33710349609869245,0,0.517309286502805,1,TP,0.4556579291820526,0,0.5017049908638,1,TP
fever_170400,fever,0,-9.49386978149414,-4.0463694632053375,0.10165891669748817,0.12539813192815663,2.6640360355377197,4.126981735229492,0.9519735606610178,4.0463694632053375,3.644143560272545,5.3612921657094255,4.3156507421315915,0.0,0.8850327730178833,0.806675136089325,0.9609730243682861,0.04782142862677574,0.03359173538650385,0.4799557140316654,0.7231819893225808,0.859614908695221,0.6194853087266287,0.8596150279045105,0.6194853782653809,0.32765620946884155,0.7389378937251756,0.35775318581896604,0,0.33893737047304234,0,TN,0.49811527132987976,0,0.20342104136943817,0,TN
fever_171901,fever,1,-12.627988815307617,-5.138907956518233,0.2704907133675761,0.39690638647661886,2.4482072880491614,3.9165096282958984,1.4329784628411042,5.138907956518233,6.015181073725298,7.955425088912672,6.796658328891366,0.0,0.7724181413650513,0.6423336267471313,0.8991295099258423,0.08229895681142807,0.2988138399662753,0.12174015906256641,0.41146315954814555,0.36045026779174805,0.2367122769355774,0.36045029759407043,0.2367122620344162,0.17789539694786072,0.12992440629339796,0.3594716749128285,0,0.5531962028010524,1,TP,0.5870106816291809,1,0.7554158568382263,1,TP
fever_172776,fever,1,-17.86627769470215,-3.9047273669010876,0.3055891152317029,0.3008167022203528,2.1558802347968924,5.291513442993164,1.5047128641152392,3.9047273669010876,7.151485463904735,9.509407389294527,8.306966163882276,0.0,0.799368679523468,0.7065216302871704,0.9584254622459412,0.07525678724050522,0.06248593870156784,0.5742940302507795,0.7559040457746058,0.6855210065841675,0.48145176966985065,0.6855210661888123,0.48145177960395813,0.29151222109794617,0.4699390913284063,0.5347000197205505,1,0.5712094642049519,1,TP,0.3034510016441345,0,0.3645857870578766,0,FN
fever_174615,fever,0,-12.454035758972168,-3.632232602951782,0.2210091678003729,0.2990714921199196,3.285690971783229,6.159907341003418,1.8703179122094695,3.632232602951782,4.296313116399852,6.2766434893416445,5.131161593357051,0.0,0.804826557636261,0.7008373737335205,0.888931155204773,0.061711590737104416,0.16168475773968105,0.1316046921762417,0.48495996721828033,0.6109902858734131,0.5080851117769877,0.6109902858734131,0.5080850720405579,0.07885324954986572,0.37330912943167505,0.7194472434823802,1,0.74620335503666,1,FP,0.5630196928977966,1,0.5788326263427734,1,FP
fever_174987,fever,0,-15.523845672607422,-3.806692541204393,0.25392650904119807,0.3344654308901664,3.005780755728483,6.553927421569824,1.9776597251808028,3.806692541204393,5.846438775057725,8.627660644442209,7.1280571571971185,0.0,0.8468872308731079,0.7454804182052612,0.9072757959365845,0.04861476644873619,0.2806160744170643,0.4021792494770919,0.5607815875300138,0.8231084942817688,0.5632184048493704,0.8231086730957031,0.5632185339927673,0.374201238155365,0.6775077405420689,0.7687905707589001,1,0.6288252669072533,1,FP,0.4780217111110687,0,0.3182793855667114,0,TN
fever_175464,fever,1,-13.626713752746582,-3.7165802254208495,0.22473777711596604,0.3369316218022322,2.2924118281475137,6.287728309631348,1.7570625930655237,3.7165802254208495,5.3114451051935925,7.890956716138919,6.568338154062131,0.0,0.8241510391235352,0.728489875793457,0.9228335618972778,0.05983765050768852,0.18874245840990286,0.16123616532211124,0.4862468534561042,0.6599382162094116,0.40151067574818927,0.6599380970001221,0.401510626077652,0.37371787428855896,0.4355183705428942,0.7609401586674694,1,0.7454980201665355,1,TP,0.5497611165046692,1,0.6198139786720276,1,TP
fever_175642,fever,0,-13.064923286437988,-3.913333520293236,0.20940619496195723,0.2565145316517721,3.026267075538635,6.047460079193115,1.4302360842258843,3.913333520293236,5.466793516519938,7.617267813628347,6.4558964887212005,0.0,0.7968971133232117,0.7370193004608154,0.8722585439682007,0.04529700428247452,0.011064441717987903,0.6181577290551987,0.8035466436686054,0.7330183982849121,0.5123089551925659,0.7330183982849121,0.5123089551925659,0.31623053550720215,0.537315972224178,0.5695297752571841,1,0.5118207541316482,1,FP,0.46101900935173035,0,0.4757533073425293,0,TN
fever_175865,fever,0,-13.689213752746582,-3.522072817557133,0.2953773422928215,0.37870016206612134,3.2008331830684957,6.763484954833984,2.1599365360291873,3.522072817557133,5.406481640307813,7.917536353943631,6.6321748166203545,0.0,0.7998068332672119,0.671238899230957,0.9078489542007446,0.08061674982309341,0.022896912919017735,0.7069014262177203,0.8420022566493512,0.7370330095291138,0.5415993332862854,0.737032949924469,0.5415993332862854,0.2842109799385071,0.543217613204952,0.5853319567615848,1,0.5163185390933303,1,FP,0.4309913218021393,0,0.47852158546447754,0,TN
fever_175874,fever,0,-13.689923286437988,-4.485617907717824,0.19507556291518996,0.32652634577616,3.595370829105377,6.7573981285095215,1.9877731904623652,4.485617907717824,5.6910349018336985,7.914617709040679,6.756070615945136,0.0,0.9146267771720886,0.8926827907562256,0.9557746648788452,0.017484107986092567,0.19850554634299977,0.1580232798011603,0.4797588667290803,0.7448549270629883,0.5516297419865926,0.7448548674583435,0.5516297221183777,0.2539883255958557,0.5548088179731963,0.6217983467555245,1,0.5379032702453796,1,FP,0.6211497187614441,1,0.5827123522758484,1,FP
fever_17628,fever,1,-13.752423286437988,-4.53150484804064,0.19657186005423455,0.3151375181357705,3.3104866847395895,5.465936660766602,1.917595666790496,4.53150484804064,5.831882477283517,7.940939762327791,6.777177618274522,0.0,0.8086273074150085,0.7016061544418335,0.8933650851249695,0.05770508572459221,0.27091339913084045,0.0035429670279223725,0.36631478394854095,0.6569458246231079,0.5138897895812988,0.6569458246231079,0.5138897895812988,0.17812341451644897,0.43157781648973526,0.4827647997174297,0,0.5465957994275373,1,TP,0.7205972075462341,1,0.6967068314552307,1,TP
fever_177533,fever,1,-12.93136978149414,-4.811634398168987,0.21740681986347632,0.2859966744780785,3.0731753508249917,4.961129188537598,1.1631499736299353,4.811634398168987,6.432404043409806,8.158802490694002,7.123089945042123,0.0,0.8192194104194641,0.7568631172180176,0.9063379764556885,0.05264696478843689,0.21069941951983712,0.35712666476980826,0.5732136226249855,0.8170174360275269,0.647949755191803,0.8170174360275269,0.647949755191803,0.2178354263305664,0.6675174907729939,0.36718956877458664,0,0.3249290889427429,0,FN,0.5552372932434082,1,0.23486801981925964,0,FN
fever_181630,fever,1,-10.002423286437988,-3.227819999383593,0.3187809783964688,0.38423488207866874,2.023356314917857,4.813086032867432,1.4163908412160617,3.227819999383593,3.9264636895829406,5.749392985908253,4.656564248016207,0.0,0.9104310274124146,0.8777905106544495,0.9490801095962524,0.02445913851261139,0.24238341568868157,0.0812868781546049,0.4194517312329617,0.7968698740005493,0.6394802927970886,0.7968698740005493,0.6394802927970886,0.13791126012802124,0.6350015960896513,0.5525272264869285,1,0.49092303041823004,0,FN,0.47926610708236694,0,0.29866811633110046,0,FN
fever_182700,fever,0,-14.130111694335938,-4.369887086376548,0.26791625851954565,0.3644840161709256,2.161515400931239,4.852787017822266,1.409422740141591,4.369887086376548,6.933520486868163,9.649240256170584,8.166842678399602,0.0,0.6098347306251526,0.46153056621551514,0.7806897163391113,0.09691861271858215,0.0037518420835523703,0.5411819099277444,0.768715033922096,0.6107029914855957,0.40686336159706116,0.6107029914855957,0.40686336159706116,0.30501407384872437,0.3729581438094556,0.43388094641243874,0,0.48848797840730607,0,TN,0.42927223443984985,0,0.5641284584999084,1,FP
fever_182923,fever,1,-17.809370040893555,-3.3987325008796607,0.23816613297404193,0.2949664129629386,2.455403860496438,5.436728000640869,1.3717223410943398,3.3987325008796607,6.396494778062086,9.486835098787386,7.91776690351538,0.0,0.8558424115180969,0.809368371963501,0.9199802875518799,0.03875778615474701,0.20873196727809748,0.5573022885007168,0.6742851606113097,0.6812500953674316,0.4563167691230774,0.6812500357627869,0.456316739320755,0.3365413546562195,0.46410165183246477,0.8334366812286541,1,0.8274424648132039,1,TP,0.38469815254211426,0,0.5292977094650269,1,TP
fever_183459,fever,0,-12.939213752746582,-3.982792724786962,0.17396928385154262,0.29889526728271937,2.6001983334381995,5.659126281738281,1.5458057911943721,3.982792724786962,5.080448341967097,7.562681246721884,6.275474196811888,0.0,0.8480349779129028,0.7526624202728271,0.9385508894920349,0.050494082272052765,0.051193383498419676,0.22432530115229682,0.5865659588269385,0.7512763142585754,0.5919521649678549,0.751276433467865,0.5919522643089294,0.13775616884231567,0.5644161899250655,0.6729148224926061,1,0.6083511576449026,1,FP,0.5833425521850586,1,0.535465657711029,1,FP
fever_184099,fever,0,-14.692851066589355,-5.446031766442152,0.164221033400784,0.3161433450467367,3.1325877813192515,5.736746788024902,1.4154592838703535,5.446031766442152,6.814458455630184,9.040974526342444,7.756948144375974,0.0,0.7431513071060181,0.5760508179664612,0.882909893989563,0.1149127185344696,0.11451429683357192,0.040389584946405065,0.46293764405641663,0.607589602470398,0.44600071509679157,0.6075896620750427,0.44600072503089905,0.23212897777557373,0.36916516124529863,0.6685549441755362,1,0.7170088636652636,1,FP,0.5714533925056458,1,0.6595205664634705,1,FP
fever_185194,fever,0,-14.945194244384766,-5.1576628896097345,0.14959436297219733,0.26143415543170834,4.2705114632844925,6.581670761108398,1.759074706695355,5.1576628896097345,7.046429673669897,9.37999875481674,8.13312706153712,0.0,0.7267159223556519,0.5892374515533447,0.7981842756271362,0.06278633326292038,0.06465096871491773,0.6958425449146809,0.8155957880998816,0.6600726842880249,0.5047024587790171,0.6600726842880249,0.5047025084495544,0.19774341583251953,0.4356959485431986,0.47873312513360106,0,0.43869053287057264,0,TN,0.38541555404663086,0,0.4491644501686096,0,TN
fever_185402,fever,1,-15.99386978149414,-6.811643017662896,0.025505893169951815,0.0451289047451993,3.9592117733425565,6.1693115234375,1.4069948663850318,6.811643017662896,6.694011852179843,8.788745881938135,7.678064012816512,0.0,0.7092278003692627,0.5750255584716797,0.8881038427352905,0.10322202742099762,0.17547458527236853,0.04910403956664599,0.43681472714713876,0.6918145418167114,0.4657209813594818,0.6918145418167114,0.4657210111618042,0.3231080174446106,0.47860736026906636,0.700725391279791,1,0.7240088168698923,1,TP,0.5496903657913208,1,0.43263477087020874,0,FN
fever_18574,fever,0,-14.141241073608398,-3.905345388170746,0.34925500492272477,0.3962524872220953,2.0655405707657337,5.923423767089844,1.4708708625336913,3.905345388170746,5.962579129203417,8.163086375583216,6.961885966324259,0.0,0.9135087132453918,0.8763091564178467,0.9371839761734009,0.020989621058106422,0.14319784833655244,0.5438736197576752,0.7003378857105613,0.6265261173248291,0.45718597372372943,0.6265261173248291,0.4571859836578369,0.20575940608978271,0.3925349756901255,0.6111030295017219,1,0.6084766379518145,1,FP,0.34021973609924316,0,0.49896419048309326,0,TN
fever_187577,fever,1,-13.18136978149414,-3.4431329891085625,0.18220598395382126,0.22250836276129937,3.141285389661789,4.975255966186523,1.0576238436901393,3.4431329891085625,5.594246587587894,7.661997558901893,6.6219299945189825,0.0,0.8099288940429688,0.7339837551116943,0.8944151401519775,0.05731292814016342,0.3345133514288298,0.03116308136968033,0.3483248649704252,0.4360208213329315,0.3086142937342326,0.4360208511352539,0.3086142838001251,0.18925635516643524,0.19011416963027727,0.6813334867242689,1,0.7804593824758003,1,TP,0.6453531980514526,1,0.7447963953018188,1,TP
fever_192858,fever,1,-14.49386978149414,-7.190401349748884,0.04645875450478343,0.07678621275818215,3.732328006199428,5.431490421295166,1.3989991697183375,7.190401349748884,6.623495913807858,8.249575150000199,7.230327486293291,0.0,0.7195510268211365,0.5673772096633911,0.83216392993927,0.08256004005670547,0.15303345407017332,0.13903139103219964,0.4929989684810131,0.5588108897209167,0.4226190745830536,0.558810830116272,0.4226190745830536,0.2035544514656067,0.312269577162958,0.39503655633278656,0,0.5656665386486615,1,TP,0.4884924292564392,0,0.5879964828491211,1,TP
fever_193860,fever,0,-12.805095672607422,-3.8199204575891295,0.18783198941670587,0.27932191662836514,3.1594706157843273,5.635469436645508,1.6546496330184766,3.8199204575891295,5.523325844471759,7.510977752014095,6.452560548347948,0.0,0.8981806039810181,0.8037146329879761,0.9646880030632019,0.04528452083468437,0.06423023627284466,0.5313966900304654,0.7335832268788104,0.7588036060333252,0.5181349515914917,0.7588037252426147,0.5181350111961365,0.3447781801223755,0.5757830029856166,0.35327001180881923,0,0.329448106576399,0,TN,0.42126360535621643,0,0.4279348850250244,0,TN
fever_194574,fever,1,-13.945926666259766,-4.883616659247006,0.19881696238981306,0.3462781969564113,2.7344384752213955,6.069784164428711,1.6258857978257844,4.883616659247006,5.8888779583328805,8.03398273468322,6.787975334173292,0.0,0.801332950592041,0.7509602904319763,0.9163450002670288,0.04431596398353577,0.39473207969440255,0.02151526564451115,0.31339159297505437,0.6711130142211914,0.4578400452931722,0.6711129546165466,0.45784005522727966,0.313053697347641,0.45039263785560024,0.7553019210706834,1,0.7809360109819851,1,TP,0.6926305890083313,1,0.7356420159339905,1,TP
fever_194893,fever,1,-10.854608535766602,-4.4311509538131455,0.20346458365202125,0.27976705468490326,3.3337002361814183,7.42219877243042,2.1095473621603054,4.4311509538131455,5.273683085589676,7.242082359256962,5.993460582477651,0.0,0.8357732892036438,0.7721315622329712,0.9209007024765015,0.05318480730056763,0.10834589434195045,0.35404642242808165,0.6228502640430656,0.7021368741989136,0.47235867381095886,0.7021368145942688,0.47235867381095886,0.3445236086845398,0.492996148259202,0.39938717146368113,0,0.3640127709253192,0,FN,0.5244319438934326,1,0.5042842626571655,1,TP
fever_195040,fever,0,-18.444263458251953,-6.709688766859472,0.1339428594934423,0.3342857269647965,2.102317837998271,4.7959418296813965,1.6725187916031898,6.709688766859472,7.176827762184747,9.205428327615163,8.159450941389649,0.0,0.7375167608261108,0.5257917642593384,0.9089680910110474,0.11600229144096375,0.10545464272292523,0.37724308183233435,0.6358942195547046,0.7189720869064331,0.532966693242391,0.7189720869064331,0.532966673374176,0.2764476537704468,0.5169208617505916,0.5873049604192017,1,0.7048906426843504,1,FP,0.3616046607494354,0,0.3542172312736511,0,TN
fever_19592,fever,0,-13.668460845947266,-5.02949312800432,0.23135971041630696,0.40850232621674265,2.608625045594047,5.305187225341797,1.7956010706998582,5.02949312800432,5.958120649245135,8.501267040865978,7.096556743607579,0.0,0.8077555894851685,0.6548025012016296,0.9277389049530029,0.08510076999664307,0.15837051314851594,0.5118801774562474,0.6767548321538657,0.6186113357543945,0.37605226039886475,0.6186115741729736,0.3760523498058319,0.36149805784225464,0.38268013221227193,0.5208128232361515,1,0.6023016342229927,1,FP,0.4017442464828491,0,0.5935652256011963,1,FP
fever_19655,fever,1,-15.30811595916748,-4.141616187756881,0.2749387908902524,0.400350084118214,2.3229299852890626,5.411720275878906,1.6114024505140572,4.141616187756881,6.452161611453061,9.034438166984412,7.711389819203387,0.1,0.8927966952323914,0.7538985013961792,1.0,0.08962830901145935,0.195138500722215,0.45937180301153546,0.6321166511446602,0.7221139669418335,0.3667518049478531,0.7221139073371887,0.3667517900466919,0.5230431407690048,0.5214485382111249,0.6222930753506656,1,0.5812339164145314,1,TP,0.47368761897087097,0,0.5646407008171082,1,TP
fever_198432,fever,0,-8.001935958862305,-3.021992964537016,0.276155554822513,0.3928924914058282,2.1656987869313786,4.574966907501221,1.5924379151293708,3.021992964537016,3.016934481204594,4.955827057601261,3.6997169395355205,0.0,0.799735426902771,0.7085522413253784,0.9087972640991211,0.05940360948443413,0.33896273904452046,0.08365364972898756,0.3723454553422336,0.7940202951431274,0.4521546463171641,0.7940202951431274,0.45215463638305664,0.5086123049259186,0.6304682290991792,0.5656663539509866,1,0.5393290824978755,1,FP,0.6780867576599121,1,0.6974530220031738,1,FP
fever_198896,fever,0,-13.252423286437988,-4.237883581356569,0.10210362339926798,0.19101480641514088,3.2299916960976343,5.6708598136901855,1.2610847115125607,4.237883581356569,5.382825613319548,7.717351272185329,6.513816904859479,0.0,0.7851408123970032,0.7019137740135193,0.9282082319259644,0.07174655795097351,0.3433017095619576,0.2057306321044597,0.431214461271251,0.7980238199234009,0.5565701325734457,0.7980238795280457,0.5565701723098755,0.3389699459075928,0.6368420647310629,0.7648208893557958,1,0.7257441405672579,1,FP,0.4450616240501404,0,0.41310298442840576,0,TN
fever_199276,fever,1,-15.971173286437988,-4.666131164539944,0.20911480090957146,0.2974022328454187,2.529555331576954,4.457746505737305,1.0929798623789184,4.666131164539944,6.539848664144072,8.791029857045965,7.5876693002265,0.0,0.8886666297912598,0.7776588201522827,0.9730970859527588,0.07021792232990265,0.11298586902170396,0.2625864386106801,0.574800284794488,0.6204395294189453,0.5102658768494924,0.6204395294189453,0.5102658867835999,0.12915673851966858,0.3849452096656023,0.6088556096381708,1,0.716411775454865,1,TP,0.5844041705131531,1,0.6325225830078125,1,TP
fever_200051,fever,1,-15.602176666259766,-6.383270755410194,0.15433938689114987,0.2710146680098921,3.1721837172905603,6.029483795166016,1.3480180731550913,6.383270755410194,7.478640659175791,9.427868184504756,8.233679358629685,0.0,0.7274067997932434,0.684662938117981,0.806017279624939,0.04012387618422508,0.18298487589134096,0.016529567530654637,0.4167723458196569,0.624851644039154,0.3797455132007599,0.6248515844345093,0.3797454833984375,0.36480629444122314,0.3904395398143734,0.620619754069529,1,0.6089336137239324,1,TP,0.6844260692596436,1,0.7145445942878723,1,TP
fever_201364,fever,0,-17.314922332763672,-5.717229669744318,0.15608771057130125,0.2649098527507712,3.0938465378501196,5.390267372131348,1.2701923158493154,5.717229669744318,7.248180730304224,9.356084386028888,8.160156465223057,0.0,0.8340166211128235,0.7401441335678101,0.8994756937026978,0.059648364782333374,0.012238055519216882,0.40914824878688955,0.6984550966338363,0.7734886407852173,0.5057800610860189,0.7734887003898621,0.505780041217804,0.3929521441459656,0.5982847235272786,0.6030439214766103,1,0.5252350510743821,1,FP,0.40459153056144714,0,0.39208388328552246,0,TN
fever_201574,fever,0,-14.330009460449219,-4.509562901945578,0.31005648795215596,0.3845674176686109,2.334356955356068,3.880054235458374,1.1477363247039731,4.509562901945578,6.734987934992994,8.779557455883728,7.672831141100991,0.0,0.9381663203239441,0.91415935754776,0.9647244215011597,0.013583016581833363,0.4821673491490607,0.08504564990488112,0.3014391503779102,0.7929618954658508,0.44436802466710407,0.7929619550704956,0.44436803460121155,0.521192193031311,0.628788614925007,0.4178393451246748,0,0.3722219087296521,0,TN,0.6868147253990173,1,0.702216625213623,1,FP
fever_203002,fever,1,-16.98504638671875,-4.661137977348907,0.21554925057228783,0.3345164654920794,2.216101267508098,4.537125110626221,1.2457479091780919,4.661137977348907,5.834183974271796,8.350666240520924,7.0264464028910725,0.0,0.8115432858467102,0.6778008937835693,0.9030637741088867,0.07923909276723862,0.15124195914030758,0.4298479391471199,0.6393029900034062,0.5162456035614014,0.33805638551712036,0.5162456035614014,0.33805641531944275,0.2441462278366089,0.2665095231964756,0.8246119819291451,1,0.884679561038838,1,TP,0.4133065938949585,0,0.6185210347175598,1,TP
fever_203997,fever,0,-8.672967910766602,-3.6835948985203038,0.17318218363548762,0.27151832125096725,3.134686780827386,6.770875453948975,2.273325833928224,3.6835948985203038,3.80029304148484,6.040254711277414,4.716775322040469,0.0,0.895235538482666,0.764463484287262,0.9918606281280518,0.09776623547077179,0.06133592450476053,0.5875829264587928,0.7631235009770162,0.7960624098777771,0.48113397757212323,0.7960624098777771,0.4811340272426605,0.4558503031730652,0.633715360420414,0.30302257782390996,0,0.24180389882873332,0,TN,0.5065497159957886,1,0.41310033202171326,0,TN
fever_204342,fever,0,-14.059847831726074,-3.59089416774926,0.4109464748795233,0.43780556479280097,2.015101799974218,5.109988212585449,1.6429434494351884,3.59089416774926,5.096812990337308,7.4109518755836366,6.160754602578511,0.0,0.8869620561599731,0.8162637948989868,0.9503464698791504,0.04579135775566101,0.17140680994976537,0.06842404116790617,0.4485086156090704,0.650661826133728,0.441919873158137,0.650661826133728,0.44191989302635193,0.2513236105442047,0.4233608119876777,0.7237297272959401,1,0.7059104734155859,1,FP,0.3574971556663513,0,0.4903125762939453,0,TN
fever_204636,fever,1,-15.814213752746582,-4.315836570154016,0.23716101559916597,0.3236285381398837,2.898113696047893,6.87270975112915,1.8992517239668083,4.315836570154016,7.350911331137732,9.54072267395999,8.317081481005145,0.0,0.8061119914054871,0.7316630482673645,0.9111419916152954,0.05903947725892067,0.13503428881906665,0.026246363878575617,0.44560603752975436,0.7210953235626221,0.6130866706371307,0.7210953235626221,0.6130867004394531,0.02959299087524414,0.5199784656638826,0.5285843179149816,1,0.4098992374311592,0,FN,0.6358340978622437,1,0.5731293559074402,1,TP
fever_205095,fever,1,-15.653120040893555,-3.586336630862206,0.2465854874826343,0.336295065776792,2.36813847720623,5.283814430236816,1.7295649652638743,3.586336630862206,5.6325549653678335,8.379079889286603,6.9919957610716,0.0,0.8335322141647339,0.7542058825492859,0.8685221672058105,0.0377853661775589,0.10605340887699014,0.6822845338582056,0.7881155624906078,0.8443859815597534,0.5322021543979645,0.8443859219551086,0.5322021842002869,0.4583621025085449,0.7129876355253018,0.6290653475407731,1,0.4694719731811477,0,FN,0.45256099104881287,0,0.24051475524902344,0,FN
fever_206030,fever,1,-15.474273681640625,-6.6668868859608965,0.14421262445126912,0.2250252110998241,3.021928462717268,4.756500244140625,1.5010380259069,6.6668868859608965,7.911446201137125,9.960009652860453,8.851049340150736,0.0,0.5247966051101685,0.2847341299057007,0.9717383980751038,0.18924371898174286,0.13811463731458512,0.2089524111681539,0.5354188869267844,0.7252958416938782,0.4924127459526062,0.7252959609031677,0.492412805557251,0.3265088200569153,0.5260541444404332,0.3188149351549263,0,0.44704318456541176,0,FN,0.66959148645401,1,0.611343502998352,1,TP
fever_207010,fever,1,-9.689213752746582,-4.163858452013561,0.11576261806580337,0.25890939290352094,3.685602145535605,6.004487037658691,1.5442484308466142,4.163858452013561,3.7906621484238787,5.648974238161206,4.552673166936215,0.0,0.8951107263565063,0.8523216247558594,0.9604979157447815,0.03513914719223976,0.015090013215563918,0.6791773271882787,0.8320436569863574,0.7083889245986938,0.5267278850078583,0.7083889245986938,0.5267278552055359,0.2616302967071533,0.501814868494094,0.514906537318744,1,0.5586300722894549,1,TP,0.42512011528015137,0,0.5545423030853271,1,TP
fever_208149,fever,1,-14.633426666259766,-4.621631345401208,0.16785346498105488,0.26949760792699634,3.653197387854258,6.725519180297852,2.1010500959143794,4.621631345401208,6.05639361697147,8.31581113188354,7.067970240494508,0.0,0.8428864479064941,0.7240951061248779,0.9303147792816162,0.07700739055871964,0.3203979305081264,0.13975667166449682,0.40967937057818526,0.5578596591949463,0.4067161977291107,0.5578597784042358,0.4067162275314331,0.14775332808494568,0.31120746585915526,0.6116202489234863,1,0.6409824940348978,1,TP,0.6058608889579773,1,0.6765391230583191,1,TP
fever_208413,fever,0,-11.242595672607422,-4.743294072151184,0.11549323347517201,0.1537902247828096,2.7149704376856487,5.1918535232543945,1.3822320421333933,4.743294072151184,4.577456347420576,6.541029999189903,5.311886425574195,0.0,0.7766334414482117,0.673197865486145,0.886420726776123,0.06588230282068253,0.08472316450344627,0.4438802052454294,0.6795785203709915,0.8662174940109253,0.5639363328615824,0.8662173748016357,0.5639362931251526,0.451718807220459,0.7503326436693953,0.4371589288629223,0,0.354865738917026,0,TN,0.35049545764923096,0,0.15612782537937164,0,TN
fever_208438,fever,0,-11.24386978149414,-6.257640473544598,0.06565186753789476,0.1517289119138814,2.7372549697756767,5.168622016906738,1.5296712070459788,6.257640473544598,5.033700567027251,6.529418838262226,5.566983687609473,0.0,0.7837876081466675,0.6456209421157837,0.875196635723114,0.07057756930589676,0.22884807307006194,0.41402152748148574,0.5925867272057118,0.9356269240379333,0.6168958942095438,0.9356269836425781,0.6168959140777588,0.46167075634002686,0.8753977967523952,0.2933199020442032,0,0.19864064508125812,0,TN,0.40243425965309143,0,0.18640340864658356,0,TN
fever_21072,fever,0,-11.40213680267334,-5.22415298037231,0.16475495920557087,0.36176800852926255,2.8403025290795734,4.192746162414551,1.3231505746407157,5.22415298037231,5.161515325055391,6.922643891475888,5.924611528343647,0.0,0.9073536992073059,0.8654997944831848,0.9545743465423584,0.02137681469321251,0.1261571251036517,0.3179574474419998,0.5959001611691741,0.6803625226020813,0.5328663984934489,0.6803625822067261,0.5328664779663086,0.1765769124031067,0.46289320271423406,0.3385865654246357,0,0.4522056735398392,0,TN,0.5252358317375183,1,0.5660616159439087,1,FP
fever_211288,fever,1,-15.840620040893555,-3.7694334097982694,0.2785002096091887,0.37474298852348026,2.724015343763555,6.413130760192871,2.0926806051351345,3.7694334097982694,6.78897174299217,9.030854790001436,7.79046665889669,0.0,0.867037296295166,0.8122847080230713,0.9336497783660889,0.03866783529520035,0.07058437797748832,0.4684901792064786,0.6989529006144952,0.49985772371292114,0.3843016227086385,0.49985772371292114,0.38430166244506836,0.1649429202079773,0.249857743955463,0.38948754878269043,0,0.46849207170067114,0,FN,0.3968401551246643,0,0.647243857383728,1,TP
fever_211798,fever,0,-18.679407119750977,-4.773191875911185,0.1599151392612716,0.30410851945064293,2.343851613146918,5.765038013458252,1.7436506014892053,4.773191875911185,6.5145010282619396,9.121509158269568,7.800011951512347,0.0,0.7981719970703125,0.7367199659347534,0.9120924472808838,0.054343946278095245,0.02465161243810416,0.16483045777695898,0.5700894226694273,0.8508501648902893,0.6237369179725647,0.8508501052856445,0.6237368583679199,0.3401791453361511,0.7239459523792107,0.8058853257608563,1,0.7119216656863219,1,FP,0.542303740978241,1,0.21795304119586945,0,TN
fever_212228,fever,1,-14.688810348510742,-3.4890403895371813,0.33912908648287377,0.40527647672750305,2.231476745513432,7.3373003005981445,1.948220416732172,3.4890403895371813,7.588174745917865,10.398915234122022,8.981110228661967,0.0,0.8944171667098999,0.8535714149475098,0.9572672247886658,0.03443455323576927,0.019687656601639642,0.8474300803255856,0.9138712118619731,0.7096914052963257,0.5237494508425394,0.7096914052963257,0.5237494707107544,0.16857129335403442,0.5036618907514736,0.3397351289452344,0,0.21133286861097286,0,FN,0.34826773405075073,0,0.46940168738365173,0,FN
fever_216771,fever,0,-10.61886978149414,-6.9439436594645185,0.007063769939425886,0.012491622888732599,4.239949663480123,5.394160270690918,0.9742533042478959,6.9439436594645185,5.508713345039744,6.747586526829315,5.840692364450987,0.0,0.7834837436676025,0.6652134656906128,0.8458253145217896,0.050204239785671234,0.007790578189683997,0.41168374733598345,0.7019465845731498,0.7110271453857422,0.5613107681274414,0.7110270857810974,0.5613107681274414,0.1423996090888977,0.5055595590948769,0.26890740601771007,0,0.2990513506073635,0,TN,0.26994848251342773,0,0.32078033685684204,0,TN
fever_217684,fever,1,-18.371870040893555,-2.9467028321438087,0.308466363074711,0.30955432428125956,2.806918763939072,6.201371669769287,1.7905863548086576,2.9467028321438087,6.926923333584029,9.740968623038354,8.323517053431917,0.0,0.8166433572769165,0.7945336103439331,0.8502827882766724,0.020165804773569107,0.029718275819704064,0.5628378479456949,0.7665597860629954,0.6733280420303345,0.4834410349527995,0.6733281016349792,0.483441025018692,0.20439201593399048,0.45337069231788263,0.6757506099012618,1,0.5524244287404263,1,TP,0.4181288778781891,0,0.4560714066028595,0,FN
fever_218362,fever,0,-10.966097831726074,-5.23582157989343,0.1097756610045811,0.17208656140609072,3.117814560731252,5.03308629989624,1.1001044138527916,5.23582157989343,4.72591180368422,6.45833828334479,5.2307578244818975,0.0,0.8735004663467407,0.7777872681617737,0.9491678476333618,0.05192422494292259,0.13309732838155003,0.07244227574750979,0.4696724736829799,0.551318347454071,0.42117711901664734,0.5513182878494263,0.42117705941200256,0.18822985887527466,0.30395188737835355,0.5308181492041253,1,0.6970692195174519,1,FP,0.4877071678638458,0,0.6577114462852478,1,FP
fever_220449,fever,0,-15.121870040893555,-3.325987498473842,0.47136163357801025,0.42960487533106395,1.932155319303274,4.942902565002441,1.6243410006608952,3.325987498473842,5.71422773251774,8.065579427282092,6.685613438098967,0.0,0.9052432775497437,0.8029361963272095,0.9852373600006104,0.05795460194349289,0.13083022778772685,0.23840627208365187,0.5537880221479624,0.5379375219345093,0.41967588663101196,0.5379375219345093,0.4196758568286896,0.10681486129760742,0.28937677750504065,0.6128535366193025,1,0.6667570359133705,1,FP,0.4269029200077057,0,0.5489658713340759,1,FP
fever_222643,fever,0,-12.116640090942383,-6.008980436758562,0.0671709476867942,0.1263089968231779,3.2660128365863454,5.27665376663208,1.331551082285381,6.008980436758562,5.890136294978094,7.425357887027151,6.390601025374459,0.0,0.8130494356155396,0.6398025751113892,0.9255034327507019,0.08445464074611664,0.4872828594298242,0.16206759817444377,0.33739236937230976,0.6342363953590393,0.5610485474268595,0.6342364549636841,0.5610485672950745,0.07636493444442749,0.40225584300146267,0.38585492739258936,0,0.6098031001220052,1,FP,0.5928282141685486,1,0.6479467749595642,1,FP
fever_223220,fever,0,-14.83761978149414,-6.588211779793103,0.1744127507330641,0.2760479790172611,2.750014007091522,5.51933479309082,1.8145329010853528,6.588211779793103,6.630683385642372,8.379768515504566,7.476058637911235,0.0,0.7905814051628113,0.6389114856719971,0.968108057975769,0.08875509351491928,0.24432423441305673,0.32326526998978206,0.5394705177883626,0.7665451765060425,0.5341837505499522,0.7665451765060425,0.5341837406158447,0.3364659249782562,0.5875915076246798,0.3727041955090128,0,0.43262110840895596,0,TN,0.5430208444595337,1,0.4977072477340698,0,TN
fever_223279,fever,0,-20.389583587646484,-5.15157858814512,0.22589772198835822,0.26082984237118906,2.9968226637159074,6.046536445617676,1.4643918782057315,5.15157858814512,8.182159918989278,10.576559568665022,9.266726618094468,0.0,0.8867367506027222,0.8364448547363281,0.9512555599212646,0.03611546382308006,0.03639792490682933,0.4279694905692925,0.6957857828312315,0.612947940826416,0.45899251103401184,0.6129480600357056,0.4589925706386566,0.22877547144889832,0.37570525123243215,0.671210240000203,1,0.6952099495500688,1,FP,0.37878814339637756,0,0.5731585621833801,1,FP
fever_225281,fever,0,-13.43136978149414,-4.899534855570112,0.09801429744691502,0.13564595264376758,3.491727828979492,6.314087867736816,1.6899616543043308,4.899534855570112,5.878535781822306,7.782807262839695,6.804090214219578,0.0,0.6315801739692688,0.5110536813735962,0.7828161716461182,0.09058438241481781,0.15826839616336913,0.35866767650167275,0.6001996401691518,0.8036291599273682,0.5832785566647848,0.8036292791366577,0.5832786560058594,0.32105302810668945,0.6458199224856287,0.4999106367314437,0,0.4310786414456732,0,TN,0.40782755613327026,0,0.33221060037612915,0,TN
fever_225301,fever,1,-14.768390655517578,-4.683336087248542,0.2959819032677238,0.33138744364402806,3.2249442122199317,5.900275230407715,1.5486731860657679,4.683336087248542,6.689486191777364,8.976009475021396,7.767536924259206,0.0,0.7420312166213989,0.6379004120826721,0.8780235052108765,0.06675568968057632,0.07278658798491623,0.4682914279516021,0.6977524199833429,0.8217372894287109,0.5682416260242462,0.8217371702194214,0.5682415962219238,0.3548394739627838,0.6752520748789266,0.5687302584860002,1,0.4003272045420826,0,FN,0.38486310839653015,0,0.27743834257125854,0,FN
fever_226092,fever,0,-16.272796630859375,-7.303168475627899,0.15555103804141268,0.21688010581460349,2.809085115790367,4.446977138519287,1.2999401787782126,7.303168475627899,8.104401307921613,9.906034306802704,8.843414086840978,0.0,0.9361764788627625,0.8894171118736267,0.9818400144577026,0.03547430783510208,0.0643554601250831,0.6481382873394574,0.7918914136071872,0.6249245405197144,0.46746036410331726,0.6249244809150696,0.4674603044986725,0.21190574765205383,0.39053064409537086,0.11837864481279216,0,0.21278562218487704,0,TN,0.4039771854877472,0,0.4635942280292511,0,TN
fever_226848,fever,0,-12.78710651397705,-5.537409026175737,0.15274317131527937,0.28860882566266804,2.7287301048636436,5.2851057052612305,1.6433932760894663,5.537409026175737,5.569774778140797,7.43543801981455,6.380495845017242,0.0,0.8423479199409485,0.7396427392959595,0.9194141030311584,0.06271129846572876,0.09168174661524145,0.74308820030545,0.8257032268451043,0.8227525353431702,0.5717321932315826,0.8227525949478149,0.571732223033905,0.36867114901542664,0.6769217834534871,0.3145727067812312,0,0.3002051158294046,0,TN,0.4255865812301636,0,0.28300169110298157,0,TN
fever_23381,fever,1,-12.18136978149414,-6.208983710087422,0.12468914832389702,0.3267832294428934,3.6127043693429894,6.57230281829834,1.9277560759671266,6.208983710087422,6.297109319933935,8.064636475774222,6.974742047577979,0.0,0.7622085809707642,0.6692343950271606,0.8946079611778259,0.07712440192699432,0.16466412485894116,0.12070139249656191,0.47801863381881043,0.6543610095977783,0.452945480744044,0.6543611288070679,0.4529454708099365,0.2555306553840637,0.4281884088877348,0.412634001660422,0,0.4290770210947419,0,FN,0.5346969962120056,1,0.6042007803916931,1,TP
fever_24063,fever,1,-12.27204418182373,-4.355173499012987,0.20608929334463635,0.32739186810003484,2.978362195690473,4.934917449951172,1.3143891622026858,4.355173499012987,5.303968038056851,7.636752112435779,6.277010208745565,0.0,0.7979493141174316,0.7127808928489685,0.8530032634735107,0.04708506911993027,0.19113926251862548,0.15948835268458633,0.4841745450829804,0.5310626029968262,0.38244515657424927,0.531062662601471,0.38244518637657166,0.18556934595108032,0.2820275199555624,0.6411741762859939,1,0.7082360967989433,1,TP,0.6094280481338501,1,0.7403571009635925,1,TP
fever_26332,fever,1,-11.627423286437988,-4.234111110256477,0.25736909995603957,0.3716333045137791,2.868700099262324,6.050444602966309,1.550854010203112,4.234111110256477,5.350996064457161,7.195937226475569,6.127658226451996,0.0,0.7949849367141724,0.7422778606414795,0.8726139664649963,0.04377182945609093,0.0331671675002511,0.5051357265701267,0.7359842795349378,0.5724103450775146,0.4514678915341695,0.5724103450775146,0.451467901468277,0.10666024684906006,0.3276536031517594,0.5003225888404138,1,0.5254672756164849,1,TP,0.4188152551651001,0,0.5615829229354858,1,TP
fever_26886,fever,0,-13.055095672607422,-3.761192516734203,0.344570837171932,0.45008278720256834,2.532108888278405,6.549883842468262,1.9342803537133568,3.761192516734203,5.217468778684716,7.610357618312838,6.25444956596835,0.0,0.8550437092781067,0.7920724153518677,0.9372527599334717,0.04098406806588173,0.14100781478428184,0.13817504886950183,0.49858361704261,0.7382847666740417,0.5228080550829569,0.738284707069397,0.5228080749511719,0.31307685375213623,0.545064352697743,0.7461326805597832,1,0.6685787311774412,1,FP,0.34221911430358887,0,0.40111440420150757,0,TN
fever_27416,fever,0,-13.117595672607422,-4.060794037216428,0.2603084723832374,0.3726648175841007,2.982534076341174,5.858336448669434,1.7485251202778191,4.060794037216428,4.962844630259907,7.643482907077201,6.108359578237327,0.0,0.8286463618278503,0.7479794025421143,0.9288797974586487,0.06639493256807327,0.07491561093088626,0.02021029226541738,0.47264734066726555,0.7522834539413452,0.5612088739871979,0.7522834539413452,0.5612087845802307,0.2593134939670563,0.5659303950739201,0.7839467341292138,1,0.7225316931990491,1,FP,0.5428171753883362,1,0.5330316424369812,1,FP
fever_29113,fever,1,-15.602176666259766,-4.315358287965258,0.2482694980744545,0.28980113756416964,2.6283611183365188,5.950675010681152,1.3978740829837117,4.315358287965258,6.249814354156811,8.65956043270316,7.411748222159577,0.0,0.6982681155204773,0.5882742404937744,0.7711508274078369,0.06604569405317307,0.29297310909831326,0.09961993527851289,0.40332341309009984,0.5919384956359863,0.4561397631963094,0.5919385552406311,0.45613980293273926,0.18235141038894653,0.35039121789807837,0.841948344054479,1,0.8489648376795642,1,TP,0.6568934321403503,1,0.6913059949874878,1,TP
fever_29544,fever,1,-16.74127769470215,-5.338787944428622,0.27791354202851826,0.3868049790837009,2.63917561173439,5.557995796203613,1.73248840871917,5.338787944428622,6.778898656857133,8.97790377375038,7.816505975645924,0.0,0.8087271451950073,0.6144876480102539,0.9210407733917236,0.11784875392913818,0.21291705189585267,0.01846961080092078,0.40277627945253414,0.6009348034858704,0.5104722579320272,0.6009347438812256,0.5104722380638123,0.0009122490882873535,0.36112260222209613,0.7197889618908818,1,0.7347899879215232,1,TP,0.5781395435333252,1,0.5982000231742859,1,TP
fever_30062,fever,0,-17.564922332763672,-4.461897468566894,0.2085801982161895,0.24011575688796769,2.534149944782257,5.552314758300781,1.2615865243227773,4.461897468566894,7.184553334831839,9.476313501265748,8.324076250449231,0.0,0.8585106730461121,0.6997329592704773,0.9525055885314941,0.07177597284317017,0.15522583332665776,0.25049396261384804,0.5476340646435951,0.7745269536972046,0.5547952353954315,0.7745269536972046,0.5547952055931091,0.28556638956069946,0.5998920020034717,0.6872022411826894,1,0.616904734926796,1,FP,0.46033206582069397,0,0.42216596007347107,0,TN
fever_32338,fever,1,-8.918500900268555,-3.1792148065499286,0.34806317784188484,0.39311377868653674,1.9937427043914795,4.69351863861084,1.4204982461010278,3.1792148065499286,3.4011973816621555,4.90527477843843,3.9670885421075583,0.0,0.9342638850212097,0.8805169463157654,0.961544394493103,0.027730243280529976,0.05779079164209853,0.2169589211963324,0.5795840647771169,0.84041428565979,0.4853014647960663,0.8404143452644348,0.48530149459838867,0.5188533961772919,0.7062962216336501,0.42367460624282,0,0.3016716045397504,0,FN,0.5692880153656006,1,0.41050708293914795,0,FN
fever_32490,fever,0,-17.860286712646484,-3.12037879984396,0.32281270728375766,0.338087086132214,1.9372894511773036,4.092548370361328,1.048000511481645,3.12037879984396,6.902820043795406,9.463430999658344,8.180875084811637,0.0,0.9427052736282349,0.9013745188713074,0.9891230463981628,0.023451881483197212,0.28822026817796353,0.03970506362975065,0.3757423977258936,0.7518541216850281,0.5537837445735931,0.7518541812896729,0.5537837147712708,0.17202550172805786,0.5652846651087629,0.70911252882552,1,0.6294687854905271,1,FP,0.5819960236549377,1,0.5824395418167114,1,FP
fever_32652,fever,1,-16.153120040893555,-5.3849621878729925,0.0962214581796918,0.12677491309857886,3.534103963110182,6.770007133483887,1.5499432001360811,5.3849621878729925,7.23024127362861,9.54852542660107,8.174576981814496,0.0,0.7210204601287842,0.47356975078582764,0.9802778959274292,0.13808205723762512,0.16947766793801064,0.08522163925764452,0.45787198565981696,0.6624177694320679,0.43248412013053894,0.6624176502227783,0.43248412013053894,0.334905207157135,0.43879722229300455,0.6947730073585414,1,0.724432731610539,1,TP,0.5527571439743042,1,0.6692333817481995,1,TP
fever_33009,fever,0,-12.048759460449219,-3.5809138028158083,0.21253810629797146,0.30826698249856677,3.2708460224999323,6.088923931121826,1.7202707246505213,3.5809138028158083,5.211911866583908,7.377133712833954,6.276424900427148,0.0,0.927831768989563,0.8747228384017944,0.9610941410064697,0.0319192111492157,0.22180375608062675,0.258469926733138,0.5183330853262555,0.6917275190353394,0.5603228708108267,0.6917276382446289,0.5603229403495789,0.17316770553588867,0.4784870430511319,0.5227048648158253,1,0.5435427162292167,1,FP,0.551455020904541,1,0.5763255953788757,1,FP
fever_3337,fever,0,-12.99386978149414,-4.537054511851498,0.29116411859240543,0.4535421251904086,2.4555709532329013,6.053043365478516,2.0605702140215083,4.537054511851498,5.704258551789687,7.5652752818989315,6.581136984856657,0.0,0.9216667413711548,0.8837456703186035,0.9610385298728943,0.024489235132932663,0.06175403220028042,0.39625568597192184,0.6672508268858208,0.7259187698364258,0.5017813841501871,0.7259187698364258,0.5017814040184021,0.3039678633213043,0.5269580604008297,0.35139434403133657,0,0.32081575575402727,0,TN,0.32739078998565674,0,0.41325104236602783,0,TN
fever_34180,fever,0,-15.710261344909668,-4.207708106438319,0.24241956310761262,0.28829698823323396,2.4209717392921446,4.151266098022461,0.8821023924673147,4.207708106438319,6.839690548068008,9.496721598694915,8.139873291017988,0.0,0.903373122215271,0.885909914970398,0.9261308908462524,0.013753383420407772,0.15004820865352878,0.4549476263792296,0.6524497088628505,0.7158509492874146,0.36154991388320923,0.7158509492874146,0.3615499436855316,0.5184282064437866,0.5124425815956926,0.5489142707183857,1,0.4876900698520954,0,TN,0.4635200500488281,0,0.5360919833183289,1,FP
fever_34357,fever,0,-12.86886978149414,-4.301766662392765,0.3472392752159408,0.4616761511242365,2.2011022344231606,4.25370979309082,1.3977383032865143,4.301766662392765,5.523458920524919,7.510430556378006,6.461018925972983,0.0,0.9124609231948853,0.8617663383483887,0.9548812508583069,0.02244892716407776,0.42537751393538337,0.17362773858248723,0.37412511232355194,0.697740912437439,0.47328129410743713,0.697740912437439,0.47328129410743713,0.3112671375274658,0.48684238088902987,0.5443506687174213,1,0.5983961828111712,1,FP,0.552483320236206,1,0.5453819632530212,1,FP
fever_36207,fever,1,-14.180095672607422,-3.598632800110863,0.2648107118044223,0.33465312308868495,2.4539320687763393,4.959109306335449,1.4461317407183163,3.598632800110863,5.414432345103723,8.127995055771946,6.739093233074984,0.0,0.8996952176094055,0.8409805297851562,0.9326145648956299,0.031938932836055756,0.21047863128826977,0.40206731646709104,0.5957943425894107,0.6657374501228333,0.5675564209620158,0.665737509727478,0.5675564408302307,0.0597076416015625,0.4432063921770961,0.6675463700742587,1,0.6928574355297811,1,TP,0.46998247504234314,0,0.48794078826904297,0,FN
fever_36829,fever,1,-13.064923286437988,-5.155002811551094,0.12149067059417576,0.2118817896374808,3.8409386038780213,5.992276191711426,1.497975714286836,5.155002811551094,5.754158681981268,7.617267813628347,6.519692553246675,0.0,0.6563717722892761,0.36843493580818176,0.9666914939880371,0.2014610767364502,0.01627732273664837,0.6155191900778743,0.7996209336706128,0.7192083597183228,0.47552963097890216,0.7192084789276123,0.47552967071533203,0.3390083312988281,0.5172607504250379,0.572899271022317,1,0.6169027989171675,1,TP,0.42634597420692444,0,0.4887569546699524,0,FN
fever_37749,fever,1,-19.051557540893555,-3.3928187322890153,0.2975883978466968,0.32306214963688423,2.3637079291511327,5.779832363128662,1.7042905543444784,3.3928187322890153,7.28383448656706,10.03718768092397,8.64990358754923,0.0,0.9379923939704895,0.9017293453216553,0.9761350154876709,0.024730945006012917,0.09738623757162022,0.22000063583172533,0.5613071991300526,0.6420421600341797,0.419840802748998,0.6420422196388245,0.41984081268310547,0.3318069577217102,0.4122181735300501,0.6651714153918907,1,0.646166084431637,1,TP,0.4763386845588684,0,0.4980277419090271,0,FN
fever_37924,fever,0,-15.147527694702148,-3.9899149954319,0.14871211889274605,0.19425834480951282,2.471826070547104,4.331537246704102,1.2865564224574124,3.9899149954319,5.79727281774354,8.07775756373692,6.925017653602852,0.0,0.8090903162956238,0.7251697778701782,0.9452122449874878,0.06255065649747849,0.03523029415058057,0.5737237375261138,0.7692467216877665,0.8598041534423828,0.58558918039004,0.8598041534423828,0.5855891704559326,0.4032639265060425,0.7392631822767726,0.4242361671816008,0,0.37144548090875396,0,TN,0.37745410203933716,0,0.20531503856182098,0,TN
fever_40417,fever,0,-17.15011978149414,-7.278928147421943,0.0265043238236464,0.04096984176676436,3.8633020453982883,6.738975524902344,1.6620685237522803,7.278928147421943,7.369810738378698,9.269646477873591,8.14300904953545,0.0,0.7859281301498413,0.7130760550498962,0.8478690385818481,0.045109886676073074,0.20648110731657585,0.31927036648930507,0.5563946295863647,0.6997414827346802,0.4104085365931193,0.6997414827346802,0.41040852665901184,0.431990385055542,0.4896381426597287,0.5116319832465012,1,0.495922312702632,0,TN,0.5245674252510071,1,0.554356575012207,1,FP
fever_40432,fever,1,-16.43136978149414,-6.178786678239703,0.16213684941746376,0.3082897180897951,2.8992918580770493,5.999509811401367,1.6079771913956113,6.178786678239703,6.930250356809508,8.966866554188723,7.921439257801417,0.0,0.6061025857925415,0.4867938160896301,0.7525957822799683,0.09585227072238922,0.20850458987726422,0.11314019023020863,0.45231780017647216,0.36515671014785767,0.3089858591556549,0.36515671014785767,0.3089858591556549,0.08388635516166687,0.13333942296600654,0.7659783682835897,1,0.8357743456199868,1,TP,0.5979148745536804,1,0.740408718585968,1,TP
fever_41316,fever,0,-11.491640090942383,-4.4965814622965725,0.1385623241749272,0.21921751174476345,2.7807364463806152,5.127539157867432,1.2797381627965165,4.4965814622965725,4.884178385295094,6.9975959829819265,5.786556366557755,0.0,0.6835088133811951,0.6240106821060181,0.781414270401001,0.05097367987036705,0.07641951715183268,0.4095451933313031,0.6665628380897353,0.8877899050712585,0.5946241517861685,0.8877898454666138,0.5946241021156311,0.4330916106700897,0.7881708626300323,0.5459112756624752,1,0.37622373472148807,0,TN,0.3930779695510864,0,0.16251322627067566,0,TN
fever_41452,fever,1,-14.90011978149414,-4.924358427524567,0.1886565913883008,0.24424843663312606,2.667756131717137,4.58767032623291,0.9298038981658732,4.924358427524567,6.526703998962956,8.403128235128264,7.420927243981178,0.0,0.8723146319389343,0.7637512683868408,0.9856179356575012,0.07456494867801666,0.252377658276071,0.3794985249916055,0.5635604333577673,0.8022502660751343,0.556319663921992,0.802250325679779,0.5563196539878845,0.3607231080532074,0.6436055372354659,0.5455793697273503,1,0.5446008100416871,1,TP,0.5306202173233032,1,0.41397273540496826,0,FN
fever_42619,fever,0,-13.680095672607422,-3.8976971892665864,0.2967976306269217,0.38700352156296863,2.504684600772129,4.978818893432617,1.5138928030865408,3.8976971892665864,5.747622133665777,7.905441649060286,6.556637458274408,0.0,0.8471659421920776,0.7799437046051025,0.9436150789260864,0.0488651879131794,0.2768151145220853,0.2889463560207032,0.5060656207493089,0.6820586323738098,0.48889342943827313,0.6820586919784546,0.4888934791088104,0.25843703746795654,0.46520401864949434,0.5538315998074067,1,0.601781095144659,1,FP,0.5324428677558899,1,0.5405917167663574,1,FP
fever_43974,fever,1,-15.555095672607422,-4.283034332639545,0.28946412581948966,0.3735025023810971,3.0730007949023275,7.0319976806640625,2.468839034281933,4.283034332639545,6.161866387164132,8.639410824140487,7.274442735748395,0.0,0.7458162903785706,0.5015636682510376,0.966768741607666,0.19415634870529175,0.23583813173468965,0.22696137119647702,0.4955616197308937,0.5704382061958313,0.4500342607498169,0.5704382658004761,0.4500342607498169,0.1794450283050537,0.3253997810886844,0.6857531417250252,1,0.7703079582929206,1,TP,0.6264645457267761,1,0.7079809904098511,1,TP
fever_45018,fever,1,-13.689923286437988,-4.344511796720326,0.2953992568449394,0.3761961541848676,2.6879309549927712,6.193778991699219,1.704473643733694,4.344511796720326,5.8547853481927286,7.914617709040679,6.756949076542058,0.0,0.8707212209701538,0.7605664730072021,0.9421810507774353,0.059379033744335175,0.08907322511969358,0.4262218148518155,0.6685742948660609,0.7125769853591919,0.5926998058954874,0.7125769257545471,0.5926998257637024,0.14236140251159668,0.5077659175906959,0.5685092935213674,1,0.5608297303022381,1,TP,0.4308394491672516,0,0.43700963258743286,0,FN
fever_47070,fever,0,-11.05636978149414,-4.949449446466234,0.084118956213893,0.17237803577424343,4.061362663904826,7.034429550170898,1.6423768227303421,4.949449446466234,4.778189350119733,6.405228458030842,5.378140670373232,0.0,0.8690155744552612,0.8419762849807739,0.9182329177856445,0.02410774491727352,0.15906696201929765,0.3039492673004895,0.5724411526405959,0.5988926887512207,0.48119479417800903,0.5988926887512207,0.4811948239803314,0.1473996639251709,0.3586724526396665,0.5711579424155507,1,0.6322803967624332,1,FP,0.4788922369480133,0,0.5645248889923096,1,FP
fever_47736,fever,0,-14.538498878479004,-8.125008549009051,0.025537594599638527,0.04692108360923793,3.6665837509291515,5.368466854095459,1.7222881065385918,8.125008549009051,7.4004460268383125,8.712759974960212,7.811720123071572,0.0,0.8723672032356262,0.817979097366333,0.9414647221565247,0.03957521915435791,0.0900105278533585,0.07621541614083022,0.4931024441437359,0.7613126635551453,0.48016754786173504,0.7613126039505005,0.4801675081253052,0.4118232727050781,0.5795969263116589,0.08497348936738632,0,0.10194607516881496,0,TN,0.5048086047172546,1,0.3912813067436218,0,TN
fever_48048,fever,1,-12.653120040893555,-3.825003872741945,0.24201147270606782,0.27547245033210693,2.6078941519372165,6.115531921386719,1.5290210579246282,3.825003872741945,4.596381679955012,6.489204931325317,5.363536900723468,0.0,0.8828092813491821,0.7740723490715027,0.971772313117981,0.0539398193359375,0.13840268600803124,0.1660512267326501,0.5138242703623095,0.5712610483169556,0.44504785537719727,0.5712610483169556,0.44504785537719727,0.15956103801727295,0.32633918532418704,0.7251735696044395,1,0.7911746437831306,1,TP,0.5532993078231812,1,0.6589751839637756,1,TP
fever_4822,fever,0,-23.323251724243164,-7.806446257564756,0.17009463544775782,0.3144298202127701,3.400929715898302,5.958141326904297,2.071254188257649,7.806446257564756,9.684667972701973,11.818511304199594,10.71251166633955,0.0,0.8442126512527466,0.7485377192497253,0.9401888847351074,0.06907248497009277,0.08687086663052547,0.10420872926290721,0.508668931316191,0.7799078822135925,0.5691085060437521,0.7799078226089478,0.5691084861755371,0.31491154432296753,0.6082562582527586,0.5105485864760182,1,0.4584881160361817,0,TN,0.4121999144554138,0,0.3122747540473938,0,TN
fever_48404,fever,1,-17.05984878540039,-3.2360158537630923,0.39075160113701024,0.3887678872955504,2.368273208849132,3.960557460784912,1.4371875417679214,3.2360158537630923,6.674350931958866,9.13075589263334,7.886352339898617,0.0,0.7356858253479004,0.48787206411361694,0.9447932243347168,0.17369034886360168,0.030712295977833575,0.18448565077059864,0.5768866773963826,0.8011566400527954,0.5703632434209188,0.8011565804481506,0.5703632235527039,0.3296705484390259,0.6418519141480274,0.5912710834660853,1,0.5387594385721459,1,TP,0.52608722448349,1,0.40360233187675476,0,FN
fever_49839,fever,1,-8.86886978149414,-4.209686350491312,0.191110504181577,0.33010865312642684,3.118827008538776,5.363727569580078,1.7382618429138537,4.209686350491312,3.9660902266984217,5.10594547390058,4.283412375964721,0.0,0.8539344072341919,0.727833092212677,0.9390932321548462,0.05699505656957626,0.14667657899683262,0.10320209658723993,0.47826275879520364,0.7699354887008667,0.5035007198651632,0.7699353694915771,0.5035006999969482,0.3941492736339569,0.5928005649775798,0.3133161779202738,0,0.32269072741876,0,FN,0.5593407154083252,1,0.5061641931533813,1,TP
fever_50357,fever,1,-18.727848052978516,-7.888753246515989,0.13175495798925155,0.30808758468469194,3.456637206673622,4.9509806632995605,1.3857061426088335,7.888753246515989,8.106514516255185,10.272496123633678,9.107609384866656,0.0,0.8166155815124512,0.6561366319656372,0.9343862533569336,0.09068364650011063,0.15294832906853162,0.14626384077297744,0.49665775585222294,0.6434007883071899,0.38790422181288403,0.6434007883071899,0.38790425658226013,0.3664209842681885,0.41396457439431344,0.6504693307712772,1,0.6981045827683463,1,TP,0.36661097407341003,0,0.604985773563385,1,TP
fever_51351,fever,1,-9.689213752746582,-3.4050355190053008,0.3144244416079556,0.38392440831973573,2.6124567557126284,5.5518693923950195,1.76048087179146,3.4050355190053008,4.42161710194489,6.09807428216624,5.057249047516754,0.0,0.8607944250106812,0.7710509896278381,0.9554916620254517,0.05183728039264679,0.24371992490206043,0.492432068507431,0.6243560718026853,0.6844363212585449,0.5059898893038431,0.6844364404678345,0.5059899687767029,0.21997135877609253,0.4684531594490977,0.3419726626164525,0,0.3977859513525462,0,FN,0.4082750976085663,0,0.45869186520576477,0,FN
fever_52356,fever,1,-17.514022827148438,-7.568971890423979,0.14227860021547908,0.34148182357021917,3.6034290875707353,6.245128631591797,1.9517939008214287,7.568971890423979,8.529827329233804,10.36819593668493,9.380822947432135,0.0,0.853742778301239,0.8197298645973206,0.9401015043258667,0.033133555203676224,0.17827586637282164,0.14177387191455998,0.4817490027708692,0.6665775775909424,0.5320093731085459,0.6665775775909424,0.5320093631744385,0.17330726981163025,0.4443256669470088,0.34000588809963445,0,0.3886835990651794,0,FN,0.4919712543487549,0,0.4290463924407959,0,FN
fever_53676,fever,0,-15.689213752746582,-5.315543896385601,0.13586152303392396,0.23716943454171321,3.237894197659833,5.709752082824707,1.7317227668879847,5.315543896385601,6.430180201382924,8.694669696546992,7.390409317864879,0.0,0.8803268671035767,0.8504714965820312,0.9289736747741699,0.023229148238897324,0.08260358900430101,0.516346267945257,0.716871339470478,0.8717057704925537,0.5689993401368459,0.8717057108879089,0.5689993500709534,0.44587644934654236,0.7598708983523039,0.428547555917251,0,0.2840613458062183,0,TN,0.3573647737503052,0,0.2110089808702469,0,TN
fever_5950,fever,0,-11.335298538208008,-3.962459372356534,0.1348876075805947,0.1717768200505837,3.4327880665659904,5.746289253234863,1.2725411590876474,3.962459372356534,5.191566996601156,7.129297548929373,6.007334578186261,0.0,0.9076460003852844,0.8486099243164062,0.9481426477432251,0.032339416444301605,0.12893459253185618,0.0933212407137477,0.48219332409094573,0.7925993204116821,0.4702387948830922,0.7925993204116821,0.4702387750148773,0.4569656550884247,0.6282136827170604,0.47890259326492096,0,0.35241323027740196,0,TN,0.48274895548820496,0,0.4502432942390442,0,TN
fever_61612,fever,1,-12.883426666259766,-4.2688491096099215,0.10657634596644054,0.1411124607772303,3.2635094225406647,6.036568641662598,1.1113738738769305,4.2688491096099215,5.339939041238856,7.531552381407289,6.304953374797052,0.0,0.8959411382675171,0.8175361752510071,0.9568983316421509,0.04236642271280289,0.46772617164137376,0.05995132193098794,0.2961125751448071,0.6722283363342285,0.4438166916370392,0.6722283959388733,0.4438166916370392,0.34143057465553284,0.45189097623861585,0.7954010497567002,1,0.8203816388233067,1,TP,0.5958548784255981,1,0.7344364523887634,1,TP
fever_62633,fever,1,-15.13933277130127,-4.280562482057856,0.21343602003322049,0.3053854878502069,2.555240117586576,4.863543510437012,1.3409142186521308,4.280562482057856,6.606234299313452,9.122492281402987,7.836677201487835,0.0,0.8774209022521973,0.7389495372772217,0.9443062543869019,0.06119056046009064,0.16742270152593142,0.33084543748747464,0.5817113679807717,0.4654729962348938,0.3948523998260498,0.4654730260372162,0.3948523998260498,0.0937848687171936,0.21666512409606575,0.5221078407092479,1,0.6770328610408731,1,TP,0.5313385128974915,1,0.7090706825256348,1,TP
fever_63313,fever,1,-10.002423286437988,-2.8582901660352946,0.32334589362835686,0.3517897544411471,2.163686491549015,4.813086032867432,1.3374668211263891,2.8582901660352946,3.6216707044204863,5.749392985908253,4.59090127575987,0.0,0.5768386125564575,0.24101319909095764,0.8942068815231323,0.2298375517129898,0.14558220135375805,0.09191821900400479,0.47316800882512333,0.67694491147995,0.514763762553533,0.6769448518753052,0.5147637724876404,0.2297649383544922,0.4582543728295363,0.8195202924033489,1,0.8755765247796108,1,TP,0.7404254674911499,1,0.626008152961731,1,TP
fever_63521,fever,0,-14.055095672607422,-2.818801023066044,0.31856866535540507,0.32011138850882087,2.163508495425477,4.044635772705078,1.2140351220573633,2.818801023066044,5.283800743681095,8.078067881815437,6.660442667566951,0.0,0.8299250602722168,0.7841530442237854,0.9011428356170654,0.03775272145867348,0.09456451525982217,0.7009183599291491,0.8031769223346634,0.7401833534240723,0.5014438529809316,0.7401833534240723,0.5014438629150391,0.339994877576828,0.5478713966861051,0.5515170958840276,1,0.5425295846868327,1,FP,0.5175852179527283,1,0.47138291597366333,0,TN
fever_63631,fever,1,-12.803815841674805,-4.586053679386775,0.18196726316246745,0.24275458327493735,2.343392200767994,3.70489501953125,1.1426629612315498,4.586053679386775,5.775844704912513,8.013012110368916,6.759934494898626,0.0,0.7383325099945068,0.6376670598983765,0.8804627656936646,0.08278056979179382,0.17734257941889578,0.3680280954827493,0.5953427580319268,0.3552814722061157,0.32458895444869995,0.3552815318107605,0.3245890438556671,0.04291754961013794,0.12622494566937092,0.34572266716207617,0,0.5996451630052865,1,TP,0.4932730793952942,0,0.7194337248802185,1,TP
fever_6576,fever,0,-10.814923286437988,-3.0131420609170827,0.3767588014316888,0.37755506070208106,2.2471822983669965,5.249432563781738,1.6691491276329196,3.0131420609170827,4.1285995867724194,6.261491684321042,5.057438459155634,0.0,0.8777220845222473,0.8298923969268799,0.9571924209594727,0.03443671762943268,0.061356081418091825,0.356910579928207,0.6477772492550575,0.8759729862213135,0.6205205917358398,0.8759730458259583,0.6205205917358398,0.37985774874687195,0.7673287248015441,0.4957813637343166,0,0.34488072502427547,0,TN,0.45401352643966675,0,0.1451820582151413,0,TN
fever_66812,fever,1,-13.272890090942383,-4.627290059219707,0.1514594357981154,0.2732377039552303,3.0859213092110376,5.651970386505127,1.3510273225832663,4.627290059219707,6.048660839018426,8.157657015196472,6.972111499052372,0.0,0.8332935571670532,0.7193623185157776,0.9255564212799072,0.06490885466337204,0.017686443224643723,0.1991461413691224,0.5907298490722392,0.6811238527297974,0.46644558509190875,0.6811237931251526,0.46644556522369385,0.31005555391311646,0.4639296621593374,0.5396329068859526,1,0.5450408315434687,1,TP,0.5647841691970825,1,0.6026408672332764,1,TP
fever_67950,fever,1,-11.163810729980469,-4.921137709847906,0.19146097474218882,0.31695035252132775,3.3071537722240794,5.93215274810791,1.8442441740852877,4.921137709847906,5.9987109556287495,7.684324067681155,6.650369940880098,0.0,0.7532079219818115,0.6510580778121948,0.8637710809707642,0.07642382383346558,0.18379127127011893,0.198577801234945,0.5073932649824131,0.6346869468688965,0.47892271478970844,0.6346869468688965,0.47892269492149353,0.19540777802467346,0.40282752052576143,0.2583947228805939,0,0.3116651263465926,0,FN,0.5331752300262451,1,0.5405644178390503,1,TP
fever_6833,fever,0,-13.80636978149414,-4.932207604249318,0.20986309761318958,0.22424615545571655,3.2344855202568903,6.172262191772461,1.255311646946365,4.932207604249318,6.484465585961421,7.952615111651,7.123881214065378,0.0,0.7655340433120728,0.6237277984619141,0.8728942275047302,0.09487874060869217,0.003692588886736315,0.8486425125582772,0.9224749618357705,0.7046758532524109,0.5586012800534567,0.7046758532524109,0.5586013197898865,0.21885478496551514,0.4965680581570133,0.40166022414208075,0,0.4375068899145098,0,TN,0.39734482765197754,0,0.4492521286010742,0,TN
fever_68337,fever,1,-9.68136978149414,-5.298008114099503,0.05879945241213136,0.10136908768445843,3.4211039543151855,5.784375190734863,1.312083591816471,5.298008114099503,4.841229962568847,6.104793232414985,5.1806370430766275,0.0,0.8639000058174133,0.7345559000968933,0.9271340370178223,0.06392496079206467,0.005711829822615913,0.2237823590627181,0.609035264620051,0.541934072971344,0.3838738004366557,0.5419341325759888,0.3838737905025482,0.19977301359176636,0.2936925717490979,0.2574087568784079,0,0.37472178286383634,0,FN,0.3441808819770813,0,0.6275687217712402,1,TP
fever_69892,fever,0,-9.308490753173828,-3.333666356710287,0.18656247342005372,0.20482772010444153,2.830861916908851,4.663599967956543,0.9700307851588313,3.333666356710287,3.7041469262447246,5.802118375377063,4.530545413232582,0.0,0.8151319622993469,0.619845986366272,0.9806820154190063,0.13033021986484528,0.025229409651199387,0.6939733354960118,0.8343719629224061,0.5433644652366638,0.3811387022336324,0.5433645248413086,0.38113871216773987,0.23609530925750732,0.2952449744689716,0.5502881659964903,1,0.7245683550237657,1,FP,0.5136599540710449,1,0.7268173694610596,1,FP
fever_70385,fever,0,-19.621326446533203,-6.944488285109401,0.1436075579647845,0.2973603610119253,3.0909588634967804,4.846388816833496,1.3298201923714124,6.944488285109401,8.561831893034618,10.513606322644657,9.463259334996149,0.0,0.8567758798599243,0.8000530004501343,0.9121211171150208,0.03442620486021042,0.2033577222698618,0.18915875261750228,0.4929005151738203,0.6655600666999817,0.6101735631624857,0.6655600666999817,0.6101735234260559,0.05341583490371704,0.4429702023856841,0.5131804870942034,1,0.6305572794895912,1,FP,0.5441908240318298,1,0.4858849346637726,0,TN
fever_71368,fever,1,-11.67420482635498,-5.254726495593786,0.16196328404487303,0.27585275744527565,2.8780792951583862,3.7722785472869873,0.6365829007632082,5.254726495593786,5.032070574816321,6.825460036255307,5.766243023328842,0.0,0.8603771924972534,0.7650616765022278,0.904300332069397,0.04530486464500427,0.04754811987806503,0.05878100151428345,0.5056164408181092,0.6542091369628906,0.4246424237887065,0.6542091965675354,0.424642413854599,0.33052897453308105,0.4279896338796334,0.6227514404291729,1,0.6858281197743668,1,TP,0.6119349598884583,1,0.6626033186912537,1,TP
fever_72250,fever,0,-12.814923286437988,-3.4810359181455253,0.21334621850597946,0.2915025566603856,2.8780844550241125,6.6746392250061035,1.6097204285586513,3.4810359181455253,5.144848272570179,7.4977617006225685,6.296267433231599,0.0,0.7805807590484619,0.6793341636657715,0.9083625674247742,0.0692724734544754,0.02537248893143172,0.6810929949925828,0.8278602530305755,0.8232357501983643,0.5800938904285431,0.8232357501983643,0.5800939202308655,0.3533855676651001,0.6777171004046636,0.6945925913503136,1,0.5577545516071234,1,FP,0.4326056241989136,0,0.31905803084373474,0,TN
fever_75025,fever,1,-10.05636978149414,-5.896884493529797,0.06977320909481932,0.17566974696190363,4.1245439648628235,6.243526458740234,1.7063608450725165,5.896884493529797,4.617592705986649,5.780743515792329,4.716648243716189,0.0,0.8736333847045898,0.8066584467887878,0.9340282678604126,0.04071347787976265,0.12005802603834011,0.4907684276706338,0.685355200816147,0.5733325481414795,0.49570496877034503,0.5733325481414795,0.4957049787044525,0.05612349510192871,0.3287102107584019,0.27984165447838094,0,0.42567093962759184,0,FN,0.3875387907028198,0,0.4677751362323761,0,FN
fever_76076,fever,1,-16.213876724243164,-5.524915065084185,0.22979459751636,0.25520887201618775,2.3199788331985474,4.206390857696533,1.0805877062014975,5.524915065084185,7.207965685939743,8.679141958402255,7.7824253734255775,0.0,0.8568077087402344,0.780643880367279,0.925224781036377,0.03914039582014084,0.22315758003636335,0.13868865273683403,0.4577655363502353,0.7573890686035156,0.6096118291219076,0.7573891282081604,0.6096118092536926,0.013516008853912354,0.5736382463840073,0.35007649529270907,0,0.2982292600059871,0,FN,0.5448381900787354,1,0.5148110389709473,1,TP
fever_77157,fever,1,-12.526375770568848,-5.087305671638912,0.1124303891407534,0.16177065767414625,2.5846996439827814,4.693288803100586,1.0850269113635638,5.087305671638912,4.512079762922079,6.3818160174060985,5.271200270034108,0.0,0.9086931347846985,0.8593488931655884,0.98275226354599,0.03897036612033844,0.05549856382524261,0.5782833244479375,0.7613923803113475,0.6043116450309753,0.42046184341112774,0.6043116450309753,0.42046186327934265,0.23798078298568726,0.36519256432004354,0.5255455813130188,1,0.6792538391513653,1,TP,0.37312623858451843,0,0.5911057591438293,1,TP
fever_78018,fever,0,-14.680095672607422,-2.396791734160312,0.4220088099027244,0.3724030122629686,2.02733729298537,5.3382720947265625,1.4371139618698272,2.396791734160312,5.314846668499247,8.328934041955529,6.743253148750001,0.0,0.8790812492370605,0.8353135585784912,0.9526682496070862,0.032433927059173584,0.19732374143321244,0.3018743198227273,0.5522752891947574,0.6108230352401733,0.5163684288660685,0.6108231544494629,0.5163684487342834,0.13486623764038086,0.3731048531957981,0.8081185926103602,1,0.8363399330224461,1,FP,0.6008203625679016,1,0.5873623490333557,1,FP
fever_78311,fever,0,-12.74386978149414,-4.704744772804487,0.30836328241358996,0.4251550375139954,2.0881977739433446,3.1095595359802246,1.160693595061564,4.704744772804487,5.656380235761617,7.447751280047908,6.386234617962094,0.0,0.8197457194328308,0.7021470069885254,0.9198052883148193,0.059659745544195175,0.029263751528183012,0.5707521883667726,0.7707442184192947,0.7816171646118164,0.5483253598213196,0.7816170454025269,0.5483253002166748,0.23241305351257324,0.6109252988397884,0.2572115720624448,0,0.24224498654002577,0,TN,0.3507523238658905,0,0.38507959246635437,0,TN
fever_78388,fever,0,-12.528597831726074,-4.210792387525241,0.2041931723356356,0.33371444904326253,2.4814405043919883,4.7248029708862305,1.419980081341579,4.210792387525241,4.171819874390391,6.366470447731438,5.110269983578868,0.0,0.8682640194892883,0.8107191324234009,0.9521586894989014,0.042200252413749695,0.06487381113480262,0.15310825393276478,0.5441172213989811,0.6720539331436157,0.46520963311195374,0.6720539331436157,0.46520963311195374,0.29146531224250793,0.4516564890538035,0.7185325584378964,1,0.7700720193753517,1,FP,0.5601125359535217,1,0.5576069951057434,1,FP
fever_78395,fever,0,-10.799882888793945,-5.164189252443611,0.1458598426233948,0.31591191995059564,2.9431537121534346,4.938713073730469,1.595180649622087,5.164189252443611,5.642970335259443,7.709756864454165,6.542271977230475,0.0,0.8704004287719727,0.7950038909912109,0.9201244711875916,0.03907550126314163,0.023171427996620583,0.6866879639422911,0.8317582679728353,0.610822319984436,0.44256194432576496,0.610822319984436,0.44256195425987244,0.23130273818969727,0.37310390659116877,0.1678421031742008,0,0.2581783894684115,0,TN,0.4140032231807709,0,0.6032232642173767,1,FP
fever_7877,fever,1,-18.465620040893555,-3.3138135930487245,0.3387689922623195,0.37485991589291767,2.4767965098754283,5.07821798324585,1.5876780555223458,3.3138135930487245,6.796078561757515,9.783351751296147,8.25964610372859,0.0,0.826811671257019,0.7519267797470093,0.9125783443450928,0.044496841728687286,0.2335014092184334,0.1036760242246327,0.43508730750309965,0.4801429510116577,0.3789968391259511,0.48014289140701294,0.3789968490600586,0.12646648287773132,0.2305372247874331,0.8142450767262596,1,0.8494771178745085,1,TP,0.4121362566947937,0,0.6302529573440552,1,TP
fever_81305,fever,1,-10.008426666259766,-3.9601077381521463,0.296560753500368,0.3863508096886731,2.4587807481487594,4.827976703643799,1.5720942721259723,3.9601077381521463,4.051784947803305,5.762051382780177,4.56415876146042,0.0,0.7397004961967468,0.6648492813110352,0.8612882494926453,0.059886619448661804,0.002401007686386027,0.5220680738964241,0.759833533105019,0.5489269495010376,0.37768898407618207,0.5489269495010376,0.377689003944397,0.2506057918071747,0.3013207958885147,0.40856798903129504,0,0.548987721423457,1,TP,0.40811723470687866,0,0.6261693239212036,1,TP
fever_81450,fever,0,-11.002423286437988,-5.546988197322935,0.25511746711490557,0.4176074814391538,2.699441180378199,5.783817291259766,1.8502969229512416,5.546988197322935,5.163070217140011,6.561030665896573,5.596813897397496,0.0,0.890404224395752,0.8601711988449097,0.9229685068130493,0.023501282557845116,0.028047473730809302,0.48997987686073985,0.7309662015649652,0.6013959646224976,0.4102414747079213,0.6013959050178528,0.4102414548397064,0.2741272747516632,0.3616770704182315,0.27109918284325746,0,0.3506510300984059,0,TN,0.34870314598083496,0,0.4791514575481415,0,TN
fever_84694,fever,1,-9.24386978149414,-4.357114987240897,0.21451624577700082,0.28801922156121734,2.8207830455568104,5.396582126617432,1.4241379733114081,4.357114987240897,4.398555936625092,6.156978985585555,5.062292595078918,0.0,0.8096981048583984,0.7424017190933228,0.8787419199943542,0.04547640308737755,0.015725201080252712,0.5607466556272857,0.7725107272735166,0.7585521936416626,0.5302990476290385,0.758552074432373,0.5302990078926086,0.3088982403278351,0.5754013400521103,0.34175310150740623,0,0.316800957588809,0,FN,0.5000919103622437,1,0.4882770776748657,0,FN
fever_87760,fever,1,-14.32958984375,-5.29326067790389,0.22084488577199862,0.3051016327776102,3.4280505895614626,5.951250076293945,1.72242949287731,5.29326067790389,7.583603694963753,9.77531321381262,8.61348838135568,0.0,0.7605212926864624,0.7070088982582092,0.898989200592041,0.05523300543427467,0.12329864429344635,0.2359220417340445,0.5563116987202991,0.6972097754478455,0.4382685919602712,0.6972098350524902,0.4382685720920563,0.3679533004760742,0.4861015125369761,0.29148715952665255,0,0.2556132927322989,0,FN,0.6059272289276123,1,0.600680410861969,1,TP
fever_88107,fever,0,-9.87177562713623,-3.0322442650794983,0.33085269763523684,0.3416656246712718,2.4887539371848106,4.772280216217041,1.3265973873417767,3.0322442650794983,3.995904489408848,5.973809611869261,4.753911801344114,0.0,0.9400938749313354,0.9103519916534424,0.9679161906242371,0.016927208751440048,0.40202607390537004,0.07590418601103358,0.3369390560528318,0.6674169301986694,0.5085013111432394,0.6674169301986694,0.5085013508796692,0.234075665473938,0.4454453587158156,0.5821226666969761,1,0.6715766813754119,1,FP,0.6482266783714294,1,0.6753062009811401,1,FP
fever_89014,fever,1,-10.117595672607422,-2.7297169778133084,0.3699504414749647,0.4067020767491672,2.1964260821559414,5.789511203765869,1.8365895989516963,2.7297169778133084,4.329184153299502,6.739336627357174,5.370917620418377,0.0,0.7497602701187134,0.6067805290222168,0.8234225511550903,0.06283678859472275,0.004574184988108665,0.2203630771911497,0.6078944461015205,0.5762244462966919,0.3964316745599111,0.5762244462966919,0.39643168449401855,0.2513231933116913,0.33203461250992916,0.5443943504717299,1,0.5467010645466045,1,TP,0.49078619480133057,0,0.5944156646728516,1,TP
fever_89163,fever,1,-12.814923286437988,-4.47900415211916,0.24448303306822214,0.3583627206322274,1.9990446350791238,4.373837471008301,1.1923701271412122,4.47900415211916,5.302852521713428,7.4977617006225685,6.293175313807165,0.0,0.8804148435592651,0.8119065761566162,0.9532599449157715,0.04352404549717903,0.023931255491428133,0.2555486822954972,0.6158087134020345,0.5937933921813965,0.4279468556245168,0.5937933921813965,0.4279468357563019,0.21532565355300903,0.35259059259828973,0.5372473308364549,1,0.6434290686850315,1,TP,0.5423117876052856,1,0.6170980334281921,1,TP
fever_89171,fever,1,-14.05636978149414,-4.760364895065625,0.22029697923867136,0.3559153480909801,2.2569783661100598,4.056193828582764,1.0346234854905594,4.760364895065625,5.91470348597452,8.064636475774222,6.961078941545555,0.0,0.9150367975234985,0.8472154140472412,0.9737748503684998,0.03737852722406387,0.4132606019674908,0.06223967651312582,0.32448953727281754,0.5355802774429321,0.3344060679276784,0.5355802178382874,0.3344060480594635,0.29688122868537903,0.28684620166277597,0.6646643749534802,1,0.7931951892416873,1,TP,0.6938363313674927,1,0.74481600522995,1,TP
fever_90925,fever,0,-13.070926666259766,-3.327531042896832,0.23869463363047316,0.3150448137171074,2.1763092832018933,5.472460746765137,1.5059564820104443,3.327531042896832,5.236441962829949,7.627057417018934,6.379952336221217,0.0,0.8434937596321106,0.7788018584251404,0.9252887964248657,0.05029735341668129,0.07755473499245363,0.2510042390198637,0.586724752013705,0.6039565801620483,0.4280407428741455,0.6039567589759827,0.42804083228111267,0.24047648906707764,0.364763658716889,0.6033208963542566,1,0.6568227811722246,1,FP,0.5412584543228149,1,0.6291423439979553,1,FP
fever_91114,fever,1,-14.867595672607422,-3.3458050754488795,0.33737341843647073,0.40147672720617494,1.89909657969838,5.807415008544922,1.6625092042411254,3.3458050754488795,5.731113878993957,8.39728289474368,7.006584691422744,0.0,0.9074993133544922,0.8710333108901978,0.9499107599258423,0.02443666383624077,0.008937795317653274,0.630212344272589,0.8106372744774679,0.6957818269729614,0.532375156879425,0.6957818269729614,0.5323750972747803,0.24009138345718384,0.48411235074583203,0.6255112512850671,1,0.620083890950297,1,TP,0.3245479464530945,0,0.45138901472091675,0,FN
fever_9182,fever,0,-14.845463752746582,-2.965361833905003,0.3323949338960586,0.365411820283386,2.3897585419139693,7.332680702209473,2.1364580709815235,2.965361833905003,5.801686689637572,8.397057390176256,7.075486273923008,0.0,0.7675259113311768,0.6428687572479248,0.9394135475158691,0.1126716360449791,0.07980838891269418,0.4051881812920725,0.6626898961896892,0.6171462535858154,0.4414152105649312,0.6171462535858154,0.4414151906967163,0.2409476637840271,0.3808694983150076,0.7348086427351149,1,0.719478762930676,1,FP,0.39208143949508667,0,0.5656090974807739,1,FP
fever_93878,fever,0,-9.805095672607422,-3.1441013287287207,0.2601471730615231,0.3644266874212,2.2919379111379383,4.743838787078857,1.5645306278731064,3.1441013287287207,3.100092288878234,5.5909869805108565,4.09922825124794,0.0,0.7781137228012085,0.6305640935897827,0.8482862710952759,0.06446192413568497,0.09346071001826707,0.32052467750900415,0.6135319837453685,0.736159086227417,0.4982433319091797,0.7361591458320618,0.4982433319091797,0.3356839716434479,0.5419302441136864,0.7154559600395475,1,0.706442883954397,1,FP,0.6350671052932739,1,0.5692562460899353,1,FP
fever_94136,fever,0,-9.24386978149414,-4.532723261043429,0.14045545323915576,0.29265921871446476,3.0334836319088936,5.396582126617432,1.4843958641359716,4.532723261043429,3.6951100038645723,5.181783550292085,4.126160777572649,0.0,0.775717556476593,0.6429798603057861,0.9211991429328918,0.08169596642255783,0.2054614438164136,0.294629909827278,0.5445842330054321,0.7754319906234741,0.564175526301066,0.7754319310188293,0.5641754865646362,0.3056377172470093,0.6012947258629353,0.5739036790191681,1,0.6203041231273427,1,FP,0.5699785947799683,1,0.5358632206916809,1,FP
fever_94829,fever,1,-21.178314208984375,-4.055355908225893,0.405721365674495,0.41354042257940665,1.868575924897895,4.4410858154296875,1.4007435117645166,4.055355908225893,8.20463966685384,10.961347288717274,9.54240734755705,0.0,0.839288592338562,0.7885442972183228,0.8929974436759949,0.04125576093792915,0.1748921474802222,0.34644792428345594,0.5857778884016169,0.835610032081604,0.4539477427800496,0.835610032081604,0.4539477527141571,0.5512402355670929,0.6982441257154193,0.6922830388211006,1,0.4762353710480614,0,FN,0.3290230333805084,0,0.2386569380760193,0,FN
fever_96576,fever,0,-11.627423286437988,-4.41893484917554,0.1608877155124653,0.25782702985965084,3.201329307122664,6.173309326171875,1.693555506557329,4.41893484917554,4.736995578767513,6.795705775173514,5.605580146095422,0.0,0.791452169418335,0.6533515453338623,0.8691802024841309,0.056412454694509506,0.09810116344347074,0.33136733744278385,0.6166330869996566,0.6834495067596436,0.4430319368839264,0.6834496259689331,0.44303199648857117,0.3224581480026245,0.4671033097635302,0.6008565908803505,1,0.57669163996704,1,FP,0.4347718358039856,0,0.5575779676437378,1,FP
fever_98786,fever,0,-11.24386978149414,-3.3809799684418573,0.35005601085312166,0.3911207187039903,2.2395916846063404,4.0095062255859375,1.206837006482832,3.3809799684418573,4.493617700082344,6.529418838262226,5.417361483353422,0.0,0.868878185749054,0.7430047988891602,0.9807890057563782,0.06398143619298935,0.027099461568048135,0.3983692938326128,0.6856349161322823,0.9228657484054565,0.6223469873269399,0.9228658676147461,0.6223470568656921,0.42317742109298706,0.8516812995941336,0.48069187062054575,0,0.29813211847881715,0,TN,0.39271318912506104,0,0.14623361825942993,0,TN
fever_99546,fever,1,-9.564923286437988,-6.071902966499328,0.09792020476306788,0.26309937223947744,3.0646597653627397,5.156960487365723,1.5770725553583664,6.071902966499328,4.8346933442663405,6.206575926724928,5.1877581062878155,0.0,0.6931923031806946,0.5944106578826904,0.8636628985404968,0.08292696624994278,0.10393934055005512,0.17886932147919002,0.5374649904645674,0.6497419476509094,0.4261930584907532,0.6497419476509094,0.4261930286884308,0.3236137628555298,0.4221645985371971,0.2961035181352075,0,0.423240718440575,0,FN,0.5305312871932983,1,0.6165691018104553,1,TP
fever_99800,fever,0,-12.647527694702148,-3.708662700416012,0.3820031987181251,0.3943542509633358,2.081915783611211,4.579966068267822,1.3766719057251768,3.708662700416012,5.181783550292085,7.1204443723924875,5.996343517370309,0.0,0.894166111946106,0.8247829079627991,0.9235576391220093,0.029118919745087624,0.029386446668983497,0.31383548893497143,0.642224521132994,0.6992138624191284,0.5410217543443044,0.6992138624191284,0.5410217642784119,0.1520029902458191,0.48890002539907584,0.44209096240851936,0,0.4238430541774379,0,TN,0.43891727924346924,0,0.5080289840698242,1,FP
halueval-1009,halueval,0,-0.17430701851844788,-0.019396497242541954,0.9820549368858338,0.05022175955819042,0.10420422609240632,0.9273671507835388,0.29095522885652,0.019396497242541857,0.6931471805599453,0.6931471805599453,0.0,1.0,1.0,1.0,1.0,0.0,0.9928799653019122,0.0007362341032039442,0.0039281344006458305,0.7474924921989441,0.5508037010828654,0.05960748344659805,0.032867398113012314,0.2566673159599304,0.044556146355204884,0.04992926975483778,0,0.005836356247706883,0,TN,0.009348203428089619,0,0.007599343545734882,0,TN
halueval-1022,halueval,1,-11.493088722229004,-1.5296541045760164,0.6535748349744188,0.4050652206228238,0.9652036977215455,3.020094871520996,1.1335025676435746,1.5296541045760164,3.2929837970219227,5.771441123130016,4.492742004083607,1.0,1.0,1.0,1.0,0.0,0.9822686611267125,0.005585693406166712,0.01165851613972705,0.5546321272850037,0.41903337836265564,0.381366491317749,0.31549978256225586,0.1829380989074707,0.21151810835478102,0.8860372200301186,1,0.9098409348964349,1,TP,0.9690656065940857,1,0.963475227355957,1,TP
halueval-1036,halueval,0,-8.43997859954834,-8.43997859954834,0.00021605486108455807,0.0,0.3049994707107544,0.3049994707107544,0.0,8.43997859954834,2.0794415416798357,2.0794415416798357,0.0,0.0,0.9128388166427612,0.8617420196533203,0.9694108366966248,0.02703016623854637,0.09399841679291865,0.5526060859742459,0.7293038345906637,0.7921534776687622,0.5219175020853678,0.012435052543878555,0.03812159225344658,0.38992103934288025,0.009850470117627186,0.11152938087649432,0,0.04475917900887237,0,TN,0.03256663680076599,0,0.036401744931936264,0,TN
halueval-1072,halueval,1,-5.540239334106445,-1.4491064274090883,0.5846140721383003,0.45373446048115745,0.4284627011824901,1.2808811664581299,0.4474030148798009,1.4491064274090883,1.0986122886681098,2.0794415416798357,0.9870290531195396,1.0,1.0,1.0,1.0,0.0,0.9721943021144893,0.005761197454009633,0.01678344766976017,0.6133988499641418,0.4933062096436818,0.7165561318397522,0.4569293260574341,0.17915648221969604,0.439534707205258,0.7460265172429678,1,0.9161572845122012,1,TP,0.9333773851394653,1,0.9446411728858948,1,TP
halueval-1091,halueval,0,-0.2348427176475525,-0.2348427176475525,0.7906951904296875,0.0,1.0865246057510376,1.0865246057510376,0.0,0.23484271764755257,0.6931471805599453,0.6931471805599453,0.0,1.0,1.0,1.0,1.0,0.0,0.9915172299899673,0.0007141214568097916,0.004598445733421247,0.7605366706848145,0.498956819375356,0.24169974029064178,0.1718219369649887,0.3879980444908142,0.183821515786029,0.09490389542879193,0,0.044202959275329336,0,TN,0.015871481969952583,0,0.013604233041405678,0,TN
halueval-1092,halueval,1,-7.2920026779174805,-2.6664971709251404,0.3880345376674086,0.4421308850478947,0.725560736325052,1.5219751596450806,0.5253613283726993,2.6664971709251404,1.3862943611198906,2.3978952727983707,1.364936892276605,1.0,1.0,1.0,1.0,0.0,0.9884276878289155,0.002320144458184491,0.006946228314634458,0.5590792894363403,0.4400233527024587,0.43936556577682495,0.31522539258003235,0.17409616708755493,0.24564018831730294,0.8449353372813779,1,0.9304653750147341,1,TP,0.9497559070587158,1,0.9375401735305786,1,TP
halueval-1100,halueval,0,-0.3632829189300537,-0.09839689990039915,0.9141687989234925,0.12634945251880889,0.43200461082160474,1.4362504482269287,0.5853764774058439,0.09839689990039911,0.6931471805599453,0.6931471805599453,0.0,1.0,1.0,1.0,1.0,0.0,0.9846610522807421,0.003676716282149413,0.009507832000703674,0.7200320959091187,0.4798125922679901,0.38564735651016235,0.2813652753829956,0.3502538502216339,0.2776784743898233,0.06063307532355116,0,0.062279068898054034,0,TN,0.00943031907081604,0,0.009652258828282356,0,TN
halueval-1103,halueval,1,-9.381078720092773,-3.21264296742811,0.38782885246546356,0.4460706799276832,1.197661560495908,2.7137153148651123,1.140771943498417,3.21264296742811,1.8082887711792655,3.044522437723423,2.0569848796535104,1.0,0.9820987582206726,0.9552469253540039,1.0,0.021924439817667007,0.9893422291029303,0.000989489591690656,0.005823630244380196,0.7127748727798462,0.4776736299196879,0.08153460919857025,0.07275997847318649,0.2939079999923706,0.05811582069866539,0.8887648476456635,1,0.6321529542611766,1,TP,0.9242956638336182,1,0.7648488283157349,1,TP
halueval-1113,halueval,0,-0.820203959941864,-0.2751880934520159,0.8116650183995565,0.32158525385117415,0.842204252568384,2.4830241203308105,1.4211308722614224,0.27518809345201595,0.6931471805599453,0.6931471805599453,0.0,0.1,0.6859008073806763,0.4229127764701843,1.0,0.1898738443851471,0.3573090544739783,0.3619587190218127,0.5023248322739172,0.6647083759307861,0.42883527278900146,0.6928037405014038,0.3934212028980255,0.3532562255859375,0.4605124491874619,0.0373346031352991,0,0.08742752069318292,0,TN,0.021032726392149925,0,0.02934042178094387,0,TN
halueval-1118,halueval,1,-7.977001190185547,-2.1459319814942623,0.4653493132985507,0.388701408313239,1.402999556235348,2.8303637504577637,0.9154037130791306,2.1459319814942623,2.0037297199441397,3.367295829986474,2.366694835404297,0.6,0.650908350944519,0.1450771689414978,1.0,0.41026368737220764,0.5898695277284857,0.38632416019717136,0.3982273162343429,0.44729316234588623,0.41947031021118164,0.44480419158935547,0.4041560888290405,0.01721632480621338,0.19895787348070826,0.8640388564844854,1,0.9728603236036124,1,TP,0.9559815526008606,1,0.9507969617843628,1,TP
halueval-1130,halueval,1,-5.810670852661133,-0.7296901515077796,0.7564789804468013,0.3621077667411431,0.5997254490945995,3.243706226348877,0.883762964557922,0.7296901515077796,0.9753796482441616,2.1972245773362196,0.9710213114600986,0.1,0.7815955877304077,0.6385015249252319,1.0,0.11867209523916245,0.5106806866220353,0.004244621697250551,0.2467819675376075,0.9009082317352295,0.5615257620811462,0.9311716556549072,0.580034077167511,0.5064055621623993,0.8389002097380285,0.728535827404368,1,0.6811106315577745,1,TP,0.8911375403404236,1,0.8930372595787048,1,TP
halueval-1139,halueval,0,-9.341408729553223,-9.341408729553223,8.77157726790756e-05,0.0,1.5728437900543213,1.5728437900543213,0.0,9.341408729553223,4.867534450455582,4.867534450455582,0.0,1.0,1.0,1.0,1.0,0.0,0.990296968209879,0.0010822503496853448,0.005392641069903163,0.735895037651062,0.49333904186884564,0.18385383486747742,0.21751421689987183,0.34598714113235474,0.13529712473209443,0.1485539921966738,0,0.28580008716444755,0,TN,0.11198970675468445,0,0.22243493795394897,0,TN
halueval-1208,halueval,0,-0.3195889890193939,-0.09437053895089775,0.9173654764890671,0.12817547710036187,0.2454556841403246,0.624369740486145,0.270034221212214,0.09437053895089777,0.6931471805599453,0.6931471805599453,0.0,0.3,0.8206461071968079,0.6291720867156982,1.0,0.1438140571117401,0.6226437345530053,0.2772442369587137,0.3273002512028542,0.748412013053894,0.46632277965545654,0.2694159746170044,0.20328807830810547,0.4177345037460327,0.20163415191198908,0.038606210208215155,0,0.026404400022038848,0,TN,0.009109383448958397,0,0.007018538191914558,0,TN
halueval-1216,halueval,1,-3.3945302963256836,-0.6696650360349652,0.679818692414657,0.3634788741568523,0.908398153305904,3.398995876312256,1.00812269995609,0.6696650360349652,0.8718389693033212,1.6094379124341003,0.609104066555897,0.2,0.7612116932868958,0.628212034702301,1.0,0.15664692223072052,0.36065831050834385,0.498631636862586,0.5689866631771211,0.8136910200119019,0.526074230670929,0.7184352278709412,0.48126229643821716,0.42275941371917725,0.5845842933787893,0.3540853608830502,0,0.39187338317164955,0,FN,0.8707300424575806,1,0.8985273241996765,1,TP
halueval-1221,halueval,1,-9.936568260192871,-1.02185984161387,0.7129236555833813,0.38463520136151796,0.5192480144754276,2.2041778564453125,0.5979350929417735,1.02185984161387,2.0689702418125404,4.90527477843843,3.335038313719024,0.6,0.8921874165534973,0.7304685115814209,1.0,0.13204291462898254,0.5931826945308243,0.39959718530928445,0.40320724538923014,0.8248945474624634,0.48454049229621887,0.8277245759963989,0.45433464646339417,0.48460492491722107,0.6827854895401089,0.9236680109709443,1,0.9003758929471858,1,TP,0.9715529680252075,1,0.9596975445747375,1,TP
halueval-1250,halueval,1,-6.9358344078063965,-0.7288014431058244,0.7793792316117202,0.3464734784783127,0.40811993671880037,2.3178963661193848,0.6333330825063748,0.7288014431058244,0.9057086225436181,2.1972245773362196,0.8792845225828311,1.0,0.9899739027023315,0.9749349355697632,0.9999998807907104,0.012279265560209751,0.9709800080053516,0.0023503139203158293,0.015685152957482094,0.759100615978241,0.5057119329770406,0.8475181460380554,0.53391033411026,0.36087626218795776,0.6433515467102247,0.8560559842825477,1,0.931782791386683,1,TP,0.95607990026474,1,0.9634745717048645,1,TP
halueval-126,halueval,0,-0.703126072883606,-0.19071099962748123,0.854487544298172,0.22166350503220358,0.4651963848154992,1.4974308013916016,0.6660566481219518,0.19071099962748117,0.6931471805599453,0.6931471805599453,0.0,0.6,0.966783881187439,0.9230356216430664,1.0,0.030614353716373444,0.7896938610795375,0.17595609979633545,0.1931311193583989,0.5522811412811279,0.5113285084565481,0.19442008435726166,0.3516263961791992,0.047345638275146484,0.10737454607680164,0.056815975944770364,0,0.10012764115804633,0,TN,0.007931072264909744,0,0.014116698876023293,0,TN
halueval-1338,halueval,1,-5.592735290527344,-0.8152284364789791,0.8421001451289547,0.37128467083142574,0.46872797737263944,2.630934715270996,0.9728823807124812,0.8152284364789791,1.580450375560848,3.091042453358316,2.147017179720593,0.0,0.9015032052993774,0.7726987600326538,0.9594870805740356,0.051825687289237976,0.4742509284442226,0.0323078770255576,0.2790284742906675,0.8522839546203613,0.5788657665252686,0.1915321946144104,0.127834752202034,0.3911500573158264,0.16323981626308637,0.4103784163701419,0,0.04311857712640467,0,FN,0.4846857190132141,0,0.17281478643417358,0,FN
halueval-1343,halueval,0,-0.39521560072898865,-0.13186400918251215,0.8910528024037679,0.1883761085530201,0.7011615823333462,2.099059581756592,1.2106151982659967,0.13186400918251212,0.6931471805599453,0.6931471805599453,0.0,1.0,0.9999998807907104,0.9999999403953552,0.9999999403953552,5.960464477539063e-08,0.9872477531547286,0.002378729729132023,0.007565488287201721,0.5275664329528809,0.4711347023646037,0.21965518593788147,0.3018924295902252,0.08023256063461304,0.11588270292484992,0.039540652202392404,0,0.06742648820335952,0,TN,0.00772879971191287,0,0.008586268872022629,0,TN
halueval-1379,halueval,0,-0.9880844354629517,-0.34634239486573887,0.7741914391517639,0.3488754101136099,0.3477749979744355,0.7905785441398621,0.4011405301825225,0.3463423948657389,0.8472978603872036,1.0986122886681098,0.45574639440832615,0.1,0.8618165850639343,0.793289303779602,1.0,0.09094409644603729,0.621187033857138,0.10552453381314353,0.24216874997800275,0.7054961323738098,0.5276947418848673,0.6146149039268494,0.4930967390537262,0.25788265466690063,0.4336084376196929,0.09030560969683536,0,0.2250251889099017,0,TN,0.10422812402248383,0,0.233799546957016,0,TN
halueval-142,halueval,0,-1.0730501413345337,-0.5376514611998573,0.6698568165302277,0.4637106276443175,1.588220614939928,3.1528866291046143,2.2127718978159523,0.5376514611998573,0.6931471805599453,0.6931471805599453,0.0,0.6,0.7354224920272827,0.35240209102630615,1.0,0.3000883460044861,0.6662216298028263,0.2396204268644806,0.2866993985308271,0.7337126135826111,0.47745653986930847,0.4512441158294678,0.23811598122119904,0.3815668225288391,0.3310834995890133,0.062212086201202464,0,0.04506271442607452,0,TN,0.015484344214200974,0,0.0167256910353899,0,TN
halueval-1456,halueval,1,-11.407230377197266,-1.148806730315615,0.7532882067794862,0.3889295465995337,0.5547862838855229,6.678616046905518,1.3290940381975769,1.148806730315615,3.1683919194362087,5.755742213586912,4.355233495872486,0.4,0.9483398199081421,0.9138996601104736,1.0,0.0421803779900074,0.8907297303570688,0.029579689532433895,0.06942497958768257,0.8097909688949585,0.6023238996664683,0.7194398641586304,0.576932966709137,0.28212738037109375,0.5825959046586746,0.9781641582137037,1,0.960775118848059,1,TP,0.9399369359016418,1,0.9489290714263916,1,TP
halueval-1469,halueval,0,-0.31604263186454773,-0.10554853826276182,0.9094751675923666,0.15627150055861153,0.2904104300153752,0.8644258379936218,0.49711256875126736,0.1055485382627618,0.6931471805599453,0.6931471805599453,0.0,1.0,0.9759459495544434,0.9398649334907532,0.9999999403953552,0.029460014775395393,0.9781559805890072,0.004071849274871632,0.012957934342932121,0.8362852334976196,0.5136522551377615,0.3155378997325897,0.08514732122421265,0.481071799993515,0.2638796861552173,0.0572712018283723,0,0.010127987310963616,0,TN,0.007904205471277237,0,0.00838482566177845,0,TN
halueval-1573,halueval,1,-8.162728309631348,-0.6278591915277716,0.8059537934519433,0.33369158168471247,0.5166352889427799,3.5265889167785645,0.8441475210660466,0.6278591915277716,1.7769443834429144,4.8283137373023015,3.093715672706911,0.1,0.5025076270103455,0.14974187314510345,1.0,0.28381994366645813,0.3714132081487655,0.2297878448414464,0.4291873183463404,0.9538463950157166,0.5659925440947214,0.9572159647941589,0.5725906491279602,0.5764243602752686,0.9130369972703996,0.948981748219934,1,0.8926452201858315,1,TP,0.8313600420951843,1,0.8762432932853699,1,TP
halueval-1610,halueval,1,-9.043949127197266,-1.5425116485355375,0.7025525303113336,0.42208861149386423,0.36070397699413226,1.5317518711090088,0.4651068959282564,1.5425116485355375,1.1451323043030026,2.5649493574615367,1.2845809480653214,0.6,0.8459811210632324,0.6149530410766602,0.9999998211860657,0.18863362073898315,0.595999614896433,0.3932411942826448,0.3986207896931058,0.4922838807106018,0.44679651657740277,0.6117619276046753,0.2971304655075073,0.06312572956085205,0.3011605357922278,0.898650521256768,1,0.9264126891978491,1,TP,0.9753976464271545,1,0.9696055054664612,1,TP
halueval-1641,halueval,0,-0.45648396015167236,-0.20964966963720144,0.8281467109918594,0.19364761361222954,0.4600162548449589,0.9945759773254395,0.502868781314482,0.20964966963720136,0.6931471805599453,0.6931471805599453,0.0,0.6,0.8901007771492004,0.7566252946853638,1.0,0.10673438757658005,0.6199112686962562,0.3157993525426529,0.34794404192319833,0.38664954900741577,0.38178639610608417,0.1805919110774994,0.14928215742111206,0.00438198447227478,0.06982578097250247,0.04409595122895719,0,0.03991071323912293,0,TN,0.01253307145088911,0,0.014537635259330273,0,TN
halueval-1708,halueval,0,-4.395410537719727,-2.199937776196748,0.5039393636398017,0.6952352316098239,1.625667167827487,3.1951651573181152,2.219605342854952,2.199937776196748,1.791759469228055,2.302585092994046,1.8956470380559713,0.0,0.3433053493499756,0.04329006373882294,0.8620185256004333,0.24572013318538666,0.2331271538097901,0.3112756294769051,0.5390742378335576,0.5946642160415649,0.5262008706728617,0.17378617823123932,0.14039255678653717,0.10265648365020752,0.10334442143673961,0.2284044911169073,0,0.06280466260846597,0,TN,0.10842559486627579,0,0.06756535917520523,0,TN
halueval-1727,halueval,1,-11.597938537597656,-3.974225248210132,0.24436244146397712,0.3400791109725743,1.4776656031608582,2.635263204574585,0.9323956127791205,3.974225248210132,4.7770204429147505,6.811244378601294,5.76819817784341,0.1,0.6895322799682617,0.41804763674736023,0.9999999403953552,0.17465071380138397,0.3717506214113643,0.4670866382638028,0.5476680084262193,0.5041468143463135,0.44390453894933063,0.6054455041885376,0.37086614966392517,0.0855104923248291,0.3052334221969488,0.5156465415435977,1,0.7431421586466889,1,TP,0.6663748621940613,1,0.7352845668792725,1,TP
halueval-1732,halueval,1,-5.021864414215088,-1.5427778673212742,0.545855511398986,0.47949017276840245,0.6626537695992738,3.6898210048675537,1.1270836139850522,1.5427778673212742,1.0986122886681098,2.0794415416798357,1.0597391172787565,0.1,0.5266883373260498,0.0366547554731369,0.9986281991004944,0.3284110724925995,0.2820742005506506,0.12212568703857092,0.42002574324396025,0.5474813580513,0.4157709876696269,0.19502177834510803,0.4998018741607666,0.13522949814796448,0.10677078805795936,0.8013291769645949,1,0.9725867970318165,1,TP,0.7004137635231018,1,0.7879185080528259,1,TP
halueval-1851,halueval,0,-1.1430308818817139,-0.2862269743095567,0.8292438760399818,0.3402625822380709,0.5549644866841845,2.199793577194214,1.0965775928404968,0.2862269743095566,0.6931471805599453,0.6931471805599453,0.0,0.6,0.9509032964706421,0.8772584199905396,0.9999998807907104,0.06013078987598419,0.8187715477057236,0.1261477057502563,0.15368807902226633,0.4958422780036926,0.4384854237238566,0.013195906765758991,0.2492607980966568,0.08526629209518433,0.006543088471058278,0.08568805600146923,0,0.1070202126934596,0,TN,0.013977006077766418,0,0.010045821778476238,0,TN
halueval-187,halueval,0,-0.11818593740463257,-0.029725711116043385,0.9719535112380981,0.055615413409344665,0.14271687755535822,0.5634486079216003,0.2804925570007118,0.02972571111604333,0.6931471805599453,0.6931471805599453,0.0,1.0,1.0,1.0,1.0,0.0,0.9797912838492857,0.007259205164222298,0.013733960657468243,0.7779878377914429,0.6439717610677084,0.5289079546928406,0.4373250901699066,0.137800931930542,0.41148395606217747,0.03967692364040926,0,0.03571469067865019,0,TN,0.008374637924134731,0,0.013319156132638454,0,TN
halueval-1913,halueval,0,-9.426661491394043,-4.716555959545076,0.4968254377199628,0.7025033605324399,1.0266368445008993,2.012038469314575,1.3935683421959846,4.716555959545076,4.465908118654584,5.147494476813453,4.797509338713735,0.3,0.7521699666976929,0.5251576900482178,1.0,0.18560388684272766,0.64603481828084,0.0017340875634769977,0.17784963464131845,0.6799384355545044,0.5473843812942505,0.4506283700466156,0.446825236082077,0.16812872886657715,0.3063995489459721,0.35812568811029466,0,0.555660969588966,1,FP,0.20132246613502502,0,0.34072670340538025,0,TN
halueval-1921,halueval,0,-1.569373607635498,-0.2623138051688632,0.8672785262266794,0.3228949521624557,0.4485785756454182,2.649132013320923,1.0780862087452134,0.26231380516886327,0.7731898882334818,1.0986122886681098,0.34234658484830527,0.1,0.4061012268066406,0.08299074321985245,1.0,0.2785142660140991,0.3448267409664312,0.3014193222157794,0.47829629062467405,0.688391387462616,0.5269895990689596,0.17271599173545837,0.054154377430677414,0.2343350052833557,0.1188962011877539,0.18720271825851323,0,0.026231239422725088,0,TN,0.0276800524443388,0,0.013049812987446785,0,TN
halueval-1930,halueval,1,-12.311807632446289,-1.767026554280892,0.6061632780387299,0.35604574335210487,0.7290463265031576,1.5671160221099854,0.49283656201023796,1.767026554280892,2.7788192719904172,4.948759890378168,3.804156147295827,0.0,0.9178056716918945,0.8214181065559387,0.9963928461074829,0.056413281708955765,0.20607201239136136,0.130001707449271,0.46196484752895484,0.5411244630813599,0.4300703207651774,0.08402334153652191,0.10818354040384293,0.15615570545196533,0.04546708557525214,0.7921665273681534,1,0.4115536820077266,0,FN,0.9107734560966492,1,0.762010931968689,1,TP
halueval-1943,halueval,1,-14.296015739440918,-3.454498744901381,0.5324369411198143,0.4483387361589171,1.0680392356880475,4.467522621154785,1.2257624220387424,3.454498744901381,5.084247111439502,7.781973234434385,6.240807747329192,1.0,0.9834573864936829,0.9724289178848267,1.0,0.013507002033293247,0.9502547657502121,0.011844388143694852,0.030794811196741344,0.4753515124320984,0.4611029624938965,0.3294576108455658,0.309049516916275,0.007796168327331543,0.1566081735977054,0.9442721202109449,1,0.9343976896750364,1,TP,0.9360130429267883,1,0.9202336668968201,1,TP
halueval-195,halueval,1,-9.666135787963867,-4.030056993166606,0.24166907530404083,0.29428277026135086,1.807884693145752,2.554384469985962,0.6855747886499426,4.030056993166606,4.841558964052322,5.924255797414532,5.371564501873693,0.0,0.9476302266120911,0.9011214971542358,0.9895356297492981,0.026896798983216286,0.6189423604945692,0.02276065325161972,0.20190914637852528,0.8702807426452637,0.5246846079826355,0.17184539139270782,0.08242786675691605,0.49718302488327026,0.14955373484141177,0.2320528417218198,0,0.032556378020266126,0,FN,0.8296225666999817,1,0.6942816376686096,1,TP
halueval-1957,halueval,1,-10.175369262695312,-2.541299626712225,0.4540606872722492,0.44503256757616744,1.153555048477574,3.9843761920928955,1.2507389012063708,2.541299626712225,2.803360380906535,5.552959584921617,4.058848446561573,1.0,1.0,1.0,1.0,0.0,0.9820814916189639,0.002916934221984073,0.010417721301510103,0.557731032371521,0.44453497727711994,0.7982138395309448,0.48228439688682556,0.1437245011329651,0.44518862877482945,0.9512497457054664,1,0.9860709903845736,1,TP,0.9647096991539001,1,0.9651386737823486,1,TP
halueval-198,halueval,1,-10.35860824584961,-1.639955799215386,0.6167737063618309,0.4526221304006201,0.544346342193118,1.8475456237792969,0.590004594542662,1.639955799215386,2.9998902837026544,5.365976015021851,4.128285836435103,0.1,0.7395192384719849,0.5317217111587524,0.9999998807907104,0.1498396396636963,0.5850546353773292,0.004538383635489961,0.20974187412908046,0.7865390777587891,0.564599464337031,0.8496753573417664,0.5599250793457031,0.32155558466911316,0.6683028719579625,0.8745462736678601,1,0.904743051119288,1,TP,0.9481570720672607,1,0.9460590481758118,1,TP
halueval-1996,halueval,1,-9.001431465148926,-1.3708300417226718,0.7920256429642905,0.3748367911853723,0.277296523974081,1.8516966104507446,0.5240595093224045,1.3708300417226718,1.289667525430819,2.8903717578961645,1.6647732572186096,0.6,0.7778855562210083,0.444713830947876,1.0,0.27203354239463806,0.594306398077524,0.39919506795499754,0.4024443349387368,0.6741616725921631,0.45806368192036945,0.6240531802177429,0.4096628427505493,0.3201255798339844,0.42071273576205215,0.9076012988736891,1,0.9541220050115773,1,TP,0.9161055088043213,1,0.9542233347892761,1,TP
halueval-2007,halueval,1,-9.501143455505371,-2.873219858855009,0.2848778422509592,0.35036558706540244,1.016031205964585,2.0765774250030518,0.785559852436129,2.873219858855009,1.2992829841302609,1.9459101490553132,1.0873437567379902,0.1,0.6823750734329224,0.4797256588935852,0.9999997019767761,0.23539172112941742,0.4671390456490815,0.11206870361587455,0.32246482898339657,0.4311605393886566,0.31520672639211017,0.3106066584587097,0.14695917069911957,0.1715562641620636,0.13392133439876552,0.8267782314583961,1,0.8782878240173495,1,TP,0.9167680144309998,1,0.8766948580741882,1,TP
halueval-206,halueval,0,-9.229562759399414,-9.229562759399414,9.809609764488414e-05,0.0,0.5424391031265259,0.5424391031265259,0.0,9.229562759399414,2.1972245773362196,2.1972245773362196,0.0,0.0,0.9408963322639465,0.914795458316803,0.9942816495895386,0.025166256353259087,0.39410564122172503,0.48534311904976324,0.5456187389140191,0.7882750034332275,0.49211861689885456,0.05398447811603546,0.0677318200469017,0.4106293022632599,0.04255461467225885,0.2130065533212718,0,0.13460314665807674,0,TN,0.03457769379019737,0,0.03438851609826088,0,TN
halueval-210,halueval,0,-1.6477128267288208,-0.8287575053982437,0.5913676843047142,0.5640986993625817,1.7832376658916473,3.4838650226593018,2.405050272483525,0.8287575053982437,0.9162907318741551,1.0986122886681098,0.5347999967395705,0.4,0.5825504064559937,0.30425071716308594,1.0,0.34084615111351013,0.6621973154877095,0.1790615141789745,0.25843209934563244,0.4211949110031128,0.40607041120529175,0.05535270646214485,0.04300187900662422,0.0017322897911071777,0.023314278272104527,0.11063468650572578,0,0.03506219730905795,0,TN,0.03382415324449539,0,0.0360678993165493,0,TN
halueval-2100,halueval,1,-11.222224235534668,-3.9900030054152014,0.2923295462211172,0.40202650720869565,1.9943817794322967,5.787994861602783,2.1854152691864295,3.9900030054152014,4.609162207257629,6.0867747269123065,5.258221555526621,1.0,1.0,1.0,1.0,0.0,0.9878308910222643,0.0021717593995129597,0.0071704341886243365,0.7804367542266846,0.48207783699035645,0.2729843854904175,0.1829584389925003,0.44753170013427734,0.21304704776670746,0.6180746040111922,1,0.32653989882429274,0,FN,0.9041679501533508,1,0.8068333268165588,1,TP
halueval-2109,halueval,1,-15.689242362976074,-4.6743114903569225,0.3721739146621189,0.4725690932957399,0.5945738345384598,1.8724348545074463,0.743466934527647,4.6743114903569225,4.578826210648489,6.16541785423142,5.359626263630382,1.0,1.0,1.0,1.0,0.0,0.9766178214696506,0.00978890276874764,0.01658554064954844,0.7984107732772827,0.5600473781426748,0.06544248759746552,0.1432434469461441,0.3083958923816681,0.052249987127881425,0.9195171742956351,1,0.7385230935579304,1,TP,0.8344301581382751,1,0.6765754222869873,1,TP
halueval-2129,halueval,1,-8.03830337524414,-1.013313935911649,0.6980465631434438,0.3636509549942622,0.8217346095254705,2.803597927093506,0.7985679985209632,1.013313935911649,1.6719582694154342,4.31748811353631,2.652848272838209,0.0,0.9154661893844604,0.8773785829544067,0.9483447074890137,0.026893023401498795,0.016475515075387324,0.8251648345291119,0.9043446597268623,0.6350960731506348,0.4814089934031169,0.751285195350647,0.476088285446167,0.21205589175224304,0.4771382773834034,0.617440941038854,1,0.6708374333194391,1,TP,0.9246646761894226,1,0.8972077369689941,1,TP
halueval-2160,halueval,0,-1.3444403409957886,-0.6739708494860679,0.6285951733589172,0.5203027605732898,1.6373704969882965,3.246373176574707,2.2754734113657533,0.6739708494860679,0.6931471805599453,0.6931471805599453,0.0,1.0,0.9498194456100464,0.916365921497345,0.9999998807907104,0.040972091257572174,0.9543596998404343,0.012717018042173811,0.029178659100869732,0.5716850757598877,0.5138275523980459,0.02040918543934822,0.215281680226326,0.07170668244361877,0.011667626724091384,0.07804830783645707,0,0.056558764653694374,0,TN,0.019057143479585648,0,0.014291784726083279,0,TN
halueval-2197,halueval,1,-9.875123023986816,-1.2463067742333946,0.7320281630882863,0.4048878447717807,0.4560083469329514,2.188213348388672,0.6971737553841275,1.2463067742333946,1.0459685551826878,2.302585092994046,1.1725834015517156,0.6,0.7249940633773804,0.31248509883880615,1.0,0.3368121385574341,0.7909650688602232,0.003991677384579848,0.10651330426217825,0.6168080568313599,0.5327370762825012,0.680347204208374,0.4680582284927368,0.09137070178985596,0.41964363699841556,0.9648798755549847,1,0.9846936699592514,1,TP,0.9716584086418152,1,0.9712978601455688,1,TP
halueval-2222,halueval,0,-0.7357162833213806,-0.34448730332466465,0.7404179672400156,0.25965683167143844,1.2295564549664657,2.096997022628784,1.0827608944412532,0.3444873033246646,0.6931471805599453,0.6931471805599453,0.0,0.3,0.630639910697937,0.33116990327835083,1.0,0.27246761322021484,0.4885761567390524,0.3193159037502122,0.41536987350557986,0.5831993222236633,0.4898422757784526,0.07666604220867157,0.30553188920021057,0.042521655559539795,0.044711583853668024,0.06979367537520362,0,0.09549619547443441,0,TN,0.02319595217704773,0,0.027505328878760338,0,TN
halueval-2285,halueval,1,-8.355367660522461,-1.5217111357669166,0.599557084402226,0.44142953460675033,0.9338353419180152,4.462499141693115,1.1641675620471215,1.5217111357669166,1.461017907315827,3.295836866004329,1.9060588586326015,1.0,1.0,1.0,1.0,0.0,0.9778076719739903,0.007122925661683714,0.014657626843846715,0.6642379760742188,0.5024462838967642,0.5675888061523438,0.40595635771751404,0.22181546688079834,0.3770140398410149,0.959842582702903,1,0.9624815017088563,1,TP,0.9772379994392395,1,0.9730759859085083,1,TP
halueval-2287,halueval,1,-5.523085117340088,-0.9614658470432914,0.710602734843269,0.3962055190830665,0.45975820902967823,2.784491539001465,0.6930116866432079,0.9614658470432913,0.8754687373538999,1.6094379124341003,0.6326431499935775,0.1,0.42587751150131226,0.1569143831729889,1.0,0.30060797929763794,0.4686102689849034,0.16924921753306624,0.3503194742740815,0.800257682800293,0.6055625180403391,0.8174492120742798,0.6319660544395447,0.265173077583313,0.6541700122614884,0.823310344961048,1,0.9286854887787757,1,TP,0.9274364709854126,1,0.9310802817344666,1,TP
halueval-23,halueval,0,-1.3570480346679688,-0.3730720734602073,0.7826321050524712,0.3548413193557918,0.4626542376354337,1.1969003677368164,0.5679565461185748,0.3730720734602074,0.9162907318741551,1.3862943611198906,0.6931471805599453,0.2,0.8051561117172241,0.6754264831542969,1.0,0.13025230169296265,0.938824642706922,0.0017266170593076978,0.0314509871761929,0.5380570292472839,0.4266808032989502,0.1193913072347641,0.14203326404094696,0.15366262197494507,0.06423933208868693,0.19277052810434428,0,0.11677810907592973,0,TN,0.23432083427906036,0,0.0849466398358345,0,TN
halueval-2337,halueval,0,-2.202162981033325,-0.5953487651677278,0.7133016631007194,0.40810724101580104,0.7640335412230342,2.2955574989318848,1.0499927900295607,0.5953487651677278,0.8754687373538999,1.3862943611198906,0.6389165189617602,0.0,0.48470163345336914,0.175306499004364,0.7800548076629639,0.19425450265407562,0.3036019541408723,0.06523047304366549,0.3808142594513966,0.5457189083099365,0.42312006155649823,0.7710193395614624,0.4117526710033417,0.16407430171966553,0.4207598322713295,0.2463935480448028,0,0.4482718259992403,0,TN,0.19927248358726501,0,0.49433186650276184,0,TN
halueval-2340,halueval,1,-8.972444534301758,-0.6950133826208256,0.8305918878807764,0.3075743576062076,0.5122036291458143,2.6369075775146484,0.817255917989636,0.6950133826208257,2.257122718917288,4.919980925828125,3.4906361350716733,0.1,0.45166492462158203,0.1867404282093048,0.9214138388633728,0.2260143756866455,0.3125070456758822,0.6054440768132349,0.6464685155686762,0.7151508331298828,0.6083713968594869,0.652126669883728,0.5524516105651855,0.1500248908996582,0.46636893127356416,0.820979635091212,1,0.8671913634787867,1,TP,0.8165878057479858,1,0.8769840598106384,1,TP
halueval-237,halueval,0,-3.2290070056915283,-0.6594597774244904,0.7945366978645325,0.42248411019933996,0.3955689570400864,1.567817211151123,0.6641273352898363,0.6594597774244904,0.8754687373538999,1.3862943611198906,0.6389165189617602,0.1,0.9594739079475403,0.9217967987060547,1.0,0.025320284068584442,0.617177099638976,0.0029161620845448563,0.1928695312227844,0.5451895594596863,0.4629534184932709,0.6461083889007568,0.2812471389770508,0.09718143939971924,0.3522515479080113,0.23833516516035388,0,0.17950811773738415,0,TN,0.21471400558948517,0,0.22857221961021423,0,TN
halueval-2407,halueval,0,-1.5584356784820557,-0.26360967931570184,0.8645667384068171,0.32050734457661023,0.4673144643177996,2.613711357116699,1.0527660177254266,0.2636096793157018,0.7731898882334818,1.0986122886681098,0.34234658484830527,0.0,0.582032322883606,0.1597643494606018,0.9419289231300354,0.3129144012928009,0.14591246026354474,0.6783584038979014,0.7662229718171782,0.682350754737854,0.4423673450946808,0.4478289484977722,0.2015952616930008,0.3583875298500061,0.3055764210009144,0.0946376155362551,0,0.04278359558118748,0,TN,0.09118779003620148,0,0.042040806263685226,0,TN
halueval-2408,halueval,0,-0.06093849986791611,-0.022096990804736077,0.9785142540931702,0.03269828618370481,0.12986722310112478,0.35524725914001465,0.1959076288866871,0.022096990804736153,0.6931471805599453,0.6931471805599453,0.0,1.0,0.9820825457572937,0.9701376557350159,1.0,0.014629500918090343,0.9650242463376839,0.008271231597706288,0.021623492630011204,0.6984307765960693,0.47971736391385394,0.5174243450164795,0.29039710760116577,0.32459643483161926,0.3613850871195723,0.0373563541352104,0,0.041829750218442846,0,TN,0.007656880654394627,0,0.008151505142450333,0,TN
halueval-242,halueval,1,-4.164109706878662,-1.2551522739813663,0.46788555895909667,0.3590141319718921,1.4003019629977644,2.4952328205108643,0.8888314527271499,1.2551522739813663,1.0986122886681098,2.302585092994046,1.251172635399876,0.1,0.4792746603488922,0.08851851522922516,0.9999998807907104,0.2790466547012329,0.3543881102478919,0.2247817812818817,0.43519683551699484,0.6570277810096741,0.4424094657103221,0.3079444169998169,0.21211008727550507,0.31542909145355225,0.20232803697570745,0.6165658524974285,1,0.5492073857571496,1,TP,0.8549528121948242,1,0.5652657151222229,1,TP
halueval-2437,halueval,0,-0.3837980031967163,-0.12936183354274058,0.892330010732015,0.18279461421927692,0.4594110306352377,1.3298395872116089,0.7541379302468607,0.12936183354274053,0.6931471805599453,0.6931471805599453,0.0,1.0,1.0,1.0,1.0,0.0,0.9903888903821196,0.0014346789596511723,0.0055228942887657635,0.5966859459877014,0.44691532850265503,0.46742942929267883,0.2084665149450302,0.18499094247817993,0.27890857119999346,0.05262321889623537,0,0.03777910055361726,0,TN,0.007424688898026943,0,0.0074888733215630054,0,TN
halueval-2447,halueval,0,-0.6201385855674744,-0.311740612029098,0.7672663927078247,0.3244156726374493,0.6971739772707224,1.3631181716918945,0.9417873115340468,0.31174061202909803,0.6931471805599453,0.6931471805599453,0.0,0.6,0.9680578112602234,0.9201446771621704,0.9999998807907104,0.03912090137600899,0.9805249480063452,0.0034685712788224453,0.011471811636238581,0.5144076943397522,0.3478561043739319,0.573259711265564,0.2981451749801636,0.23916244506835938,0.2948892063299908,0.06564877750545514,0,0.20681756081344219,0,TN,0.02152068540453911,0,0.030378496274352074,0,TN
halueval-2475,halueval,0,-1.0849969387054443,-0.13613614239855565,0.9167267940938473,0.23388173798931025,0.2988626781275343,2.350865602493286,0.8291728732167096,0.13613614239855568,0.6931471805599453,0.6931471805599453,0.0,0.1,0.6948212385177612,0.16560779511928558,1.0,0.24196715652942657,0.5972467727108471,0.09731224514397127,0.250032736216562,0.6970514059066772,0.5315921207269033,0.07401736825704575,0.04750344157218933,0.21844547986984253,0.051593910605086,0.1313725149399567,0,0.015805123761756277,0,TN,0.008626004680991173,0,0.008470993489027023,0,TN
halueval-2478,halueval,0,-3.6695165634155273,-3.6695165634155273,0.02548878826200962,0.0,2.7025351524353027,2.7025351524353027,0.0,3.6695165634155273,2.1972245773362196,2.1972245773362196,0.0,0.1,0.40968695282936096,0.1362600177526474,1.0,0.27684929966926575,0.5296779367428625,0.09165564172191303,0.2809888524895253,0.901892900466919,0.5679555733998617,0.09084637463092804,0.09547708183526993,0.47640013694763184,0.08193370031279201,0.39465251220555664,0,0.16802135016748196,0,TN,0.11964453756809235,0,0.07313284277915955,0,TN
halueval-2522,halueval,0,-0.9092428088188171,-0.4612295413389802,0.6948499232530594,0.41297975157063394,1.2781151607632637,2.448093891143799,1.6545997881922074,0.4612295413389802,0.6931471805599453,0.6931471805599453,0.0,1.0,0.9856704473495483,0.9641762375831604,1.0,0.017549987882375717,0.9780085829440415,0.0026168874392597163,0.012304152247609116,0.6004114151000977,0.4840743939081828,0.24719533324241638,0.1198071837425232,0.17201995849609375,0.14841889983821943,0.07320732882614985,0,0.025402679255581633,0,TN,0.019365988671779633,0,0.017843572422862053,0,TN
halueval-2542,halueval,0,-0.751227855682373,-0.1507574261672744,0.8938458442687989,0.23593891675691944,0.3974023955946905,1.9632375240325928,0.8753455861361448,0.15075742616727444,0.6931471805599453,0.6931471805599453,0.0,1.0,0.9688704609870911,0.9221761226654053,1.0,0.03812575712800026,0.9474990652532579,0.0046137692670476845,0.02855735200689486,0.6513007879257202,0.4876387417316437,0.3809813857078552,0.20015883445739746,0.21584731340408325,0.24813347669655883,0.09199803810203923,0,0.04482019616130412,0,TN,0.006865946110337973,0,0.006958778481930494,0,TN
halueval-2645,halueval,1,-5.399454593658447,-0.9677054451139366,0.7119737236330715,0.405207250265199,0.4785237464910516,1.920033574104309,0.6046212113012028,0.9677054451139366,0.9903987040278769,1.791759469228055,0.8660387744511812,0.4,0.5372815728187561,0.22880257666110992,1.0,0.3778080344200134,0.395715935128793,0.5897545850937798,0.5970193249824933,0.7574835419654846,0.47989000876744586,0.6215062141418457,0.4004357159137726,0.39477455615997314,0.47078072844172425,0.6733508068645622,1,0.7841564884367376,1,TP,0.920879065990448,1,0.9124475717544556,1,TP
halueval-2679,halueval,1,-4.4344635009765625,-0.7485056093409137,0.68289052337212,0.3667069766962872,0.7084317741621482,2.299739360809326,0.7358275696997154,0.7485056093409137,0.8842024173226545,1.3862943611198906,0.5701505007486126,1.0,0.9837287068367004,0.9593217372894287,1.0,0.01992819830775261,0.9806500371685003,0.001869155064679966,0.010609558948089823,0.5829702019691467,0.4732080101966858,0.5134196281433105,0.4217076003551483,0.16078230738639832,0.29930834431362996,0.591494575020238,1,0.8333061040601162,1,TP,0.9464781284332275,1,0.9496920704841614,1,TP
halueval-271,halueval,0,-0.0882776528596878,-0.04430110353860073,0.9575910866260529,0.05951636557235517,0.269949231762439,0.5362109541893005,0.3765509389968881,0.04430110353860066,0.6931471805599453,0.6931471805599453,0.0,1.0,0.9234126806259155,0.8723545074462891,1.0,0.06253324449062347,0.9793652915123143,0.0012054640250707624,0.010920086256378279,0.6392123103141785,0.4859130183855693,0.40406858921051025,0.13446377217769623,0.22846347093582153,0.258285616434641,0.041068625862417156,0,0.015385270186751232,0,TN,0.008091180585324764,0,0.006010169629007578,0,TN
halueval-2735,halueval,0,-0.5364657640457153,-0.15594762038472254,0.8749048113822937,0.1948508810312333,0.3791717733547557,1.046586036682129,0.4665958696125137,0.15594762038472262,0.6931471805599453,0.6931471805599453,0.0,0.6,0.8161497116088867,0.5706501007080078,1.0,0.19671624898910522,0.5977207669399229,0.38860202694442564,0.39544063000225127,0.5568923354148865,0.42322872082392377,0.07041482627391815,0.1146799847483635,0.19898727536201477,0.03921347705151579,0.05869533281999215,0,0.033470674688104114,0,TN,0.01226884312927723,0,0.008257566951215267,0,TN
halueval-2756,halueval,1,-5.649859428405762,-2.8483574613928795,0.2685596315714065,0.34821736572657447,1.8529305048286915,3.127962589263916,1.1065875497108457,2.8483574613928795,1.7272209480904839,3.091042453358316,2.0570703836345072,0.0,0.5330911874771118,0.20422840118408203,0.8458184003829956,0.17641368508338928,0.2504295355215889,0.4046702925403706,0.5771203785093908,0.642743706703186,0.5662471850713094,0.4753139615058899,0.35864710807800293,0.11201918125152588,0.30550505746607115,0.5711505870393684,1,0.4917071967846927,0,FN,0.725648045539856,1,0.7531331777572632,1,TP
halueval-2767,halueval,1,-7.715600490570068,-0.9071617033634818,0.6900111073650456,0.2874608999022111,0.7908402641948599,1.5810320377349854,0.5175515954125343,0.9071617033634817,0.8023464725249373,1.3862943611198906,0.46946891725980755,0.0,0.9412180185317993,0.8739880919456482,0.987263023853302,0.03138124570250511,0.4124147313706481,0.03798243438984375,0.31278385150959787,0.7312948703765869,0.5646454791227976,0.7578809857368469,0.5821645259857178,0.2464977204799652,0.5542344772253074,0.5360651137706226,1,0.7460449476917449,1,TP,0.945275068283081,1,0.9331590533256531,1,TP
halueval-2801,halueval,0,-0.09800146520137787,-0.049046208878280595,0.9532783031463623,0.06594582516584355,0.28184987301938236,0.5625214576721191,0.3969295615886486,0.0490462088782806,0.6931471805599453,0.6931471805599453,0.0,1.0,1.0,1.0,1.0,0.0,0.9839616013519302,0.004690459961007465,0.01036442930453869,0.47648537158966064,0.45098299781481427,-0.009459935128688812,0.020832885056734085,0.026194453239440918,0.0,0.03395237935009152,0,0.006776159319149814,0,TN,0.008374637924134731,0,0.006352418102324009,0,TN
halueval-2814,halueval,1,-11.944129943847656,-2.5078087280096497,0.6579553260765352,0.45762927710415074,0.6372256108821602,2.3297810554504395,0.8001974083770207,2.5078087280096497,3.7932394694381792,6.028278520230698,4.877035123810123,0.0,0.9753463864326477,0.9558693170547485,0.999276876449585,0.01705832965672016,0.45812309668384177,0.00612732609361714,0.2740021147048876,0.7196664214134216,0.5701787173748016,0.6674765944480896,0.44647738337516785,0.22233569622039795,0.4803604921036744,0.7161267178765073,1,0.5870831749716835,1,TP,0.8767035603523254,1,0.9146600365638733,1,TP
halueval-2843,halueval,0,-0.4859772026538849,-0.04962517736396421,0.9604867994785309,0.12139520372463124,0.16061526245393906,1.5381035804748535,0.4843714371925616,0.04962517736396425,0.6931471805599453,0.6931471805599453,0.0,0.6,0.9920865893363953,0.9802165031433105,1.0,0.009691894985735416,0.9911031592867456,0.0006303238104277281,0.004763582261841034,0.6103792190551758,0.513883133729299,0.07695401459932327,0.042291309684515,0.14315581321716309,0.046971131334295535,0.06217061287388238,0,0.008390463997880546,0,TN,0.010728120803833008,0,0.007963215000927448,0,TN
halueval-2871,halueval,1,-8.688313484191895,-1.0001087453779558,0.695501753990196,0.374310036513266,0.4772959549582618,1.696874976158142,0.4668341733167244,1.0001087453779558,1.7719568419318754,4.1588830833596715,2.77151522838167,1.0,1.0,1.0,1.0,0.0,0.9881211142219947,0.0005232633771810992,0.006201074577593367,0.6911956667900085,0.4769198497136434,0.6871773600578308,0.4788156747817993,0.3175638020038605,0.47497401358817015,0.9216127323169169,1,0.9690356592486543,1,TP,0.9760806560516357,1,0.9749406576156616,1,TP
halueval-2882,halueval,0,-14.783281326293945,-2.09321888438717,0.7487244224112786,0.41365340659846583,0.7624333964195102,2.613105297088623,1.1130595329929809,2.09321888438717,6.811794887836226,8.889170455363413,7.849544211633215,0.0,0.9251374006271362,0.8430473804473877,0.963324785232544,0.03372384235262871,0.535968828043953,0.009876064132884516,0.23695361804446582,0.5637747049331665,0.4656381805737813,0.6447697877883911,0.3006298243999481,0.14550381898880005,0.3635048968602206,0.21407333432796832,0,0.10865550623155457,0,TN,0.6126114726066589,1,0.6425251364707947,1,FP
halueval-3019,halueval,0,-1.4092153310775757,-0.374229561741231,0.7900841347873211,0.36595263663075894,0.2520102374255657,0.5909790992736816,0.2972569001895046,0.374229561741231,0.8109302162163288,1.0986122886681098,0.4054651081081644,0.6,0.8434261083602905,0.6085653901100159,1.0,0.1917630136013031,0.6833145612253151,0.10726940772734066,0.21197742325101276,0.7092894911766052,0.5008565286795298,0.6381608247756958,0.4156910181045532,0.31001874804496765,0.452640766693996,0.19796894001132323,0,0.3442205354934918,0,TN,0.10159825533628464,0,0.15391905605793,0,TN
halueval-316,halueval,0,-14.80095100402832,-2.770873775240034,0.6323684629054233,0.4233020989733043,1.0276602354521553,2.3038253784179688,1.0971703080898056,2.770873775240034,6.476972362889683,8.266164436612492,7.370400245385483,0.0,0.5836818814277649,0.15175914764404297,0.9304836988449097,0.32054296135902405,0.1208591369776687,0.587415363434635,0.7332781132284831,0.46238768100738525,0.3571985562642415,0.5336278676986694,0.2451067417860031,0.1524723768234253,0.24674295226610354,0.26233000255515343,0,0.2957640941178464,0,TN,0.700444757938385,1,0.7692053914070129,1,FP
halueval-3166,halueval,1,-15.570711135864258,-2.7836810692786256,0.5944004688898761,0.43093552439161564,0.619949824441897,1.8048977851867676,0.6942861637912361,2.7836810692786256,5.306616169362732,7.493317248862145,6.395053571605239,0.6,0.8282928466796875,0.5707321763038635,1.0,0.21029742062091827,0.791317060182497,0.0035763210338160684,0.10612963042565952,0.7224365472793579,0.5548638502756754,0.6688743829727173,0.540826141834259,0.25073349475860596,0.4832192997984208,0.8699981992105179,1,0.946218313996937,1,TP,0.9304379224777222,1,0.9493704438209534,1,TP
halueval-3183,halueval,0,-1.6796109676361084,-0.4404904898094628,0.776834025979042,0.39530472097348124,0.35390661372002796,0.8953070044517517,0.4327131027452721,0.44049048980946287,0.8109302162163288,1.0986122886681098,0.4054651081081644,1.0,0.97845458984375,0.9561190605163574,1.0,0.01702815666794777,0.9536686934636233,0.006806268540447519,0.02656878753841216,0.5069047212600708,0.4268996516863505,0.630144476890564,0.3897738456726074,0.09876632690429688,0.31942321041178445,0.2521222038714581,0,0.6063676070612934,1,FP,0.07021881639957428,0,0.10724083334207535,0,TN
halueval-3260,halueval,1,-11.832149505615234,-2.2970412362649637,0.5943484611408232,0.4382948786973864,1.119084911786818,3.2962214946746826,1.2396771171946694,2.2970412362649637,5.037879816202821,7.644919344958857,6.32482288928999,0.1,0.43313437700271606,0.14230340719223022,1.0,0.3057527244091034,0.28982076550506203,0.5895244404408804,0.6498518374679091,0.7646957635879517,0.5513132711251577,0.5831015110015869,0.46881604194641113,0.23923325538635254,0.4458952552046469,0.6428238993540484,1,0.643344848316384,1,TP,0.8360386490821838,1,0.8284839391708374,1,TP
halueval-3283,halueval,1,-5.56066370010376,-1.6663764042572842,0.5388589400746342,0.4424251770893228,1.332980490134408,3.200852632522583,1.2438248868219584,1.6663764042572842,1.491654876777717,2.772588722239781,1.7531238018913908,0.3,0.5607590079307556,0.07921397686004639,1.0,0.35259830951690674,0.5389080462828476,0.11343496088421441,0.28726345730068337,0.4807544946670532,0.45754027366638184,0.414071261882782,0.38812243938446045,0.0013330578804016113,0.1990666202626059,0.7696225615878328,1,0.9089775485531856,1,TP,0.8786302208900452,1,0.9100520610809326,1,TP
halueval-3326,halueval,0,-0.5617704391479492,-0.1653869110828964,0.8671407103538513,0.1925515573548967,0.4243691174546257,1.1694079637527466,0.5635151146565902,0.16538691108289635,0.6931471805599453,0.6931471805599453,0.0,0.2,0.7411897778511047,0.5435881018638611,1.0,0.18083329498767853,0.4525101141213315,0.2683420131627837,0.40791594952072613,0.6550744771957397,0.5527600646018982,0.6150263547897339,0.4191417396068573,0.13654327392578125,0.4028880678254865,0.04323124061153802,0,0.06581829700444859,0,TN,0.011888021603226662,0,0.01808716170489788,0,TN
halueval-3372,halueval,1,-8.415456771850586,-1.5261187152902493,0.6702501313760877,0.44002514003946497,0.46799516075188874,1.477015495300293,0.6092117695328688,1.5261187152902493,2.128231705849268,4.127134385045092,2.9885746843240244,1.0,0.9911938905715942,0.9779847264289856,0.9999998807907104,0.010785178281366825,0.9448248146740814,0.01739011989592811,0.036282652610923345,0.4579129219055176,0.4154152472813924,0.34405940771102905,0.2585200071334839,0.041110455989837646,0.15754924869403908,0.8421282839428221,1,0.8682629437500382,1,TP,0.9708541631698608,1,0.9479515552520752,1,TP
halueval-3374,halueval,1,-17.52233123779297,-2.0371052187177736,0.6768801707477342,0.4179659939949512,0.8289718020162333,4.605245113372803,1.3567326663126689,2.0371052187177736,4.503338789193501,7.010311867307229,5.621362913224124,0.6,0.8004369735717773,0.501092255115509,1.0,0.24441386759281158,0.7907389282013458,0.0010856575318873459,0.10517336466527075,0.7067333459854126,0.4939872125784556,0.811882495880127,0.5373280048370361,0.2902040481567383,0.5737844328603501,0.9842247519216091,1,0.9911009161399003,1,TP,0.9598444104194641,1,0.9547656178474426,1,TP
halueval-3384,halueval,1,-8.875801086425781,-1.3824353445328856,0.5901228666791992,0.42651479483986604,0.7232735076686367,2.794308662414551,0.9497291704441375,1.3824353445328856,0.9162907318741551,1.3862943611198906,0.501044121826742,1.0,0.9772495031356812,0.9431241750717163,0.9999998807907104,0.027863290160894394,0.9874043292609423,0.0007368727540318853,0.006666271746544754,0.5240210890769958,0.4475129346052806,0.30730384588241577,0.29094943404197693,0.08223223686218262,0.1610336959968528,0.8997658859458848,1,0.9294557515177514,1,TP,0.9694250822067261,1,0.9617316126823425,1,TP
halueval-3396,halueval,0,-0.14370308816432953,-0.07194118143524975,0.9329828321933746,0.09452311647701864,0.5313027147203684,1.0603728294372559,0.7482181316789115,0.07194118143524983,0.6931471805599453,0.6931471805599453,0.0,1.0,0.9871951341629028,0.9679878950119019,0.9999998807907104,0.015682604163885117,0.9894139806872078,0.0015502665754558928,0.006068142944124106,0.7012940645217896,0.4457133611043294,0.1881113052368164,0.07754724472761154,0.3767849802970886,0.13192134183202597,0.03041387053872614,0,0.010266753593773706,0,TN,0.0073799872770905495,0,0.006641590967774391,0,TN
halueval-343,halueval,0,-0.5785863399505615,-0.23443681932985783,0.806164100766182,0.168007723920144,0.604381874203682,0.7077552676200867,0.10287764784708649,0.23443681932985785,0.6931471805599453,0.6931471805599453,0.0,0.6,0.81028813123703,0.5257203578948975,1.0,0.23234862089157104,0.586448734581029,0.3946106022579441,0.40408093383845756,0.48058223724365234,0.429679811000824,0.08572417497634888,0.11919867992401123,0.07021850347518921,0.04119751579600006,0.0910981855320549,0,0.05122472333481868,0,TN,0.01450026873499155,0,0.010930587537586689,0,TN
halueval-3445,halueval,1,-11.414007186889648,-1.93564581233936,0.5209074338049721,0.40809591648025273,1.0535523966564575,2.7575738430023193,0.7743686544923166,1.93564581233936,3.147840051751449,5.991464547107982,4.4712399074121505,1.0,0.9632781744003296,0.938797116279602,1.0,0.029983146116137505,0.9582485707297593,0.014817990239367446,0.028284709754804026,0.6096738576889038,0.4842353363831838,0.5743187069892883,0.4296055734157562,0.161286860704422,0.3501471016330626,0.955393908908091,1,0.9759006631679203,1,TP,0.9655869603157043,1,0.9711843729019165,1,TP
halueval-3526,halueval,0,-0.29305726289749146,-0.1003779784659855,0.9126436312993368,0.14437621473591872,0.45669587173809606,1.2994067668914795,0.7303873072457467,0.10037797846598549,0.6931471805599453,0.6931471805599453,0.0,0.6,0.8433709144592285,0.6084274053573608,0.9999998807907104,0.1918305605649948,0.7828873359834543,0.005215571521694282,0.11116411776912,0.5781514048576355,0.4582153658072154,0.45143911242485046,0.20952528715133667,0.17572927474975586,0.26100015705611135,0.04837272274867951,0,0.036428483431209406,0,TN,0.008625327609479427,0,0.007734476588666439,0,TN
halueval-3537,halueval,0,-0.36004528403282166,-0.11568601779072196,0.899841770529747,0.14094642052547,0.34563225765305106,0.8757631182670593,0.4086880578720148,0.115686017790722,0.6931471805599453,0.6931471805599453,0.0,0.6,0.8508100509643555,0.6484661102294922,0.9999997615814209,0.1581711769104004,0.8720435617301394,0.08622915353926576,0.10709279590456316,0.5425966382026672,0.49666499098141986,0.22277520596981049,0.16643355786800385,0.06081897020339966,0.12087707783412593,0.06513343988507714,0,0.033208607476434004,0,TN,0.008639786392450333,0,0.0071778506971895695,0,TN
halueval-3541,halueval,0,-0.7607502937316895,-0.38039547163680254,0.7336375117301941,0.3766359551172351,1.1499546511331573,2.2993617057800293,1.6255070453689195,0.3803954716368025,0.6931471805599453,0.6931471805599453,0.0,0.6,0.92570561170578,0.814264178276062,0.9999998807907104,0.0909915342926979,0.7916891219644997,0.004773636423409691,0.10654225722945498,0.5246018171310425,0.48673271139462787,0.42704734206199646,0.30876103043556213,0.053366392850875854,0.2240298116467052,0.0448161163882282,0,0.06483423944210377,0,TN,0.02423182688653469,0,0.02277708426117897,0,TN
halueval-3559,halueval,1,-8.514237403869629,-1.0348523266544536,0.7313075165632957,0.38061822026634373,0.85446876688227,7.087862014770508,1.6431239543154488,1.0348523266544536,1.4213856809311607,3.4339872044851463,2.0396531588561015,1.0,1.0,1.0,1.0,0.0,0.9901229251931406,0.002017861114441539,0.0059474679606505475,0.6879980564117432,0.6404799222946167,0.637224555015564,0.6677872538566589,0.04884457588195801,0.4384092553485459,0.9812826830767559,1,0.9909012385130844,1,TP,0.964286744594574,1,0.9570491909980774,1,TP
halueval-3574,halueval,1,-7.3931756019592285,-1.5282479674897047,0.6883853566287144,0.4287159776210387,0.513567136320944,3.278548240661621,0.8917967726321303,1.5282479674897047,1.8021222562636017,4.07753744390572,2.7194909585425244,0.3,0.7126516103744507,0.49123895168304443,1.0,0.2082718312740326,0.6430452994241028,0.013364787735475423,0.18515974415568634,0.5328577756881714,0.4666617711385091,0.6239067316055298,0.3566013276576996,0.09870660305023193,0.33245355324019954,0.9186386066745597,1,0.9326474483175401,1,TP,0.9701790809631348,1,0.9721977114677429,1,TP
halueval-3591,halueval,0,-1.2533435821533203,-0.16503421060451728,0.9024908542633057,0.2498313007828,0.4959722729836358,3.570187568664551,1.2445493517575512,0.16503421060451737,0.6931471805599453,0.6931471805599453,0.0,0.1,0.6812440752983093,0.44498902559280396,0.9999999403953552,0.18737493455410004,0.5371893721624689,0.04148717796593061,0.2521489029017308,0.4740661382675171,0.40209728479385376,0.4100714325904846,0.1647610068321228,0.0869259238243103,0.1944009804619995,0.12538959848534278,0,0.06731504959559523,0,TN,0.016137201339006424,0,0.011672643944621086,0,TN
halueval-3647,halueval,0,-0.20048213005065918,-0.20048213005065918,0.8183361291885376,0.0,1.2326844930648804,1.2326844930648804,0.0,0.20048213005065924,0.6931471805599453,0.6931471805599453,0.0,1.0,0.9774479866027832,0.9624134302139282,1.0,0.018413495272397995,0.9789128910472507,0.0009725084654310115,0.011029808709090145,0.9061104655265808,0.5265715817610422,-0.002732465974986553,0.08510184288024902,0.5617389976978302,0.0,0.10837859490404812,0,0.033021570684362116,0,TN,0.009698762558400631,0,0.010230093263089657,0,TN
halueval-3663,halueval,1,-8.434974670410156,-2.5021462708245963,0.4703288610362506,0.429654611874125,1.1697668142151088,2.082904815673828,0.7523249691860489,2.5021462708245963,1.6582280766035324,2.772588722239781,1.8160967456035029,0.3,0.6988603472709656,0.45559465885162354,1.0,0.21744832396507263,0.5733300004159162,0.0871219081374112,0.25689595386074754,0.7256263494491577,0.4533701539039612,0.5471989512443542,0.2664269804954529,0.4036644697189331,0.3970619774138484,0.8531426302064942,1,0.8074552367480342,1,TP,0.9388173222541809,1,0.9250104427337646,1,TP
halueval-3665,halueval,1,-12.732190132141113,-1.7407240626152998,0.6265976048506872,0.43491720192007044,0.763635236871778,2.49745774269104,0.8733585682270361,1.7407240626152998,3.505932701926063,6.194405391104672,4.8105143082393855,0.0,0.6421209573745728,0.35884803533554077,0.9922972321510315,0.21999935805797577,0.4440983336369559,0.10511594496683015,0.3305088056649371,0.4044484794139862,0.3662505050500234,0.47151079773902893,0.3863503932952881,0.05676648020744324,0.19070182517282586,0.9164711808839869,1,0.977674389910338,1,TP,0.926291286945343,1,0.9386942386627197,1,TP
halueval-3746,halueval,1,-8.517122268676758,-3.442736842795663,0.30777072120205656,0.44250261708379823,1.40341416404893,4.164800643920898,1.5991171986054868,3.442736842795663,2.2155737160044158,3.6109179126442243,2.6900191381335574,0.0,0.9744123220443726,0.9527817368507385,0.9945064783096313,0.015270616859197617,0.7192117598626512,0.008990473979384659,0.1448893570583668,0.6307724118232727,0.5027336279551188,0.5101565718650818,0.32710254192352295,0.16964662075042725,0.3217926912428304,0.6837692064082372,1,0.5932231355087887,1,TP,0.8751831650733948,1,0.89109867811203,1,TP
halueval-3785,halueval,1,-6.392758369445801,-2.079115990010905,0.5267377999989549,0.4913851059886308,0.8372245980426669,2.9590015411376953,1.2990941545211299,2.079115990010905,1.0986122886681098,1.791759469228055,0.9210226753643587,1.0,1.0,1.0,1.0,0.0,0.989358588575422,0.0019134354575837814,0.006277423441080891,0.5212656855583191,0.4421103099981944,0.44598978757858276,0.373208612203598,0.11840954422950745,0.23247917237415905,0.7370214878816138,1,0.9059641231499765,1,TP,0.40165653824806213,0,0.37850964069366455,0,FN
halueval-3818,halueval,1,-9.385040283203125,-2.2469613286196943,0.3576644838586534,0.37178961645381176,1.4787645154336297,3.3129525184631348,1.1236153818072026,2.2469613286196943,1.4733057381095203,2.5649493574615367,1.59558783448012,0.1,0.4253244996070862,0.20855270326137543,1.0,0.22224372625350952,0.148493994085994,0.6913480131724825,0.7714270095432443,0.463797926902771,0.4356221854686737,0.16311994194984436,0.21112801134586334,0.01754021644592285,0.07565469091283816,0.8359554341837075,1,0.815277257821796,1,TP,0.8603147268295288,1,0.7161843180656433,1,TP
halueval-3843,halueval,0,-1.3217594623565674,-0.39641029838458053,0.7583987340331078,0.3446476160098558,0.32542830670718104,0.6676765084266663,0.35287946529635505,0.3964102983845805,0.8109302162163288,1.0986122886681098,0.4054651081081644,0.0,0.7499614953994751,0.5626870393753052,0.9976716041564941,0.17964467406272888,0.34876512542788507,0.2424112578065282,0.44682306618932155,0.6391313076019287,0.486560195684433,0.6138811707496643,0.4540439546108246,0.2161213457584381,0.3923506753734358,0.09411378278208875,0,0.25350582266413296,0,TN,0.24382230639457703,0,0.23920829594135284,0,TN
halueval-3902,halueval,0,-1.9273269176483154,-1.9273269176483154,0.14553670585155487,0.0,1.6413986682891846,1.6413986682891846,0.0,1.9273269176483154,1.0986122886681098,1.0986122886681098,0.0,0.6,0.8996082544326782,0.749020516872406,1.0,0.1229543387889862,0.606237476214008,0.0016401081006904305,0.19770131594334117,0.7970939874649048,0.5507388313611349,-0.03385881334543228,0.03851749375462532,0.3616406321525574,0.0,0.16627172280235863,0,0.03662938549573692,0,TN,0.034682001918554306,0,0.02389432303607464,0,TN
halueval-3906,halueval,0,-0.2472081184387207,-0.11326450720662251,0.8974924286206564,0.10985261893168016,0.546772012176613,1.2685977220535278,0.6500157508894415,0.11326450720662248,0.6931471805599453,0.6931471805599453,0.0,1.0,1.0,1.0,1.0,0.0,0.9921478348316006,0.0006426092206309651,0.0042473871945151835,0.8481130003929138,0.6310682694117228,0.173493891954422,0.13416443765163422,0.29304081201553345,0.14714242525530885,0.04487179244454245,0,0.006317513035865695,0,TN,0.009866178967058659,0,0.008497338742017746,0,TN
halueval-3955,halueval,1,-3.3413100242614746,-0.5017029603427442,0.769707755100998,0.3257709122379291,0.7249496804172602,3.593386650085449,0.9686694769982713,0.5017029603427442,0.8979415932059586,1.9459101490553132,0.8163246143870251,0.3,0.519334614276886,0.22096890211105347,1.0,0.32272738218307495,0.4209268595024584,0.3791957965679633,0.4791344685327525,0.5893044471740723,0.4856172998746236,0.5682740211486816,0.41204842925071716,0.14865565299987793,0.3348864078764109,0.6060840190800562,1,0.7651874979608824,1,TP,0.6994572877883911,1,0.7620214819908142,1,TP
halueval-3963,halueval,1,-9.100364685058594,-1.6729899746746273,0.5597009980707038,0.39454716505211557,0.9627030516525598,3.0396182537078857,0.8794759791209786,1.6729899746746273,1.791759469228055,3.8501476017100584,2.5584959085139367,0.0,0.9090828895568848,0.8305830955505371,0.9468827247619629,0.033591415733098984,0.39006139033974546,0.40297094803720535,0.5064547788487299,0.6387319564819336,0.4999122420946757,0.5852378606796265,0.46404409408569336,0.206304132938385,0.3738101237591991,0.8026361313442949,1,0.8648777852766526,1,TP,0.9313164949417114,1,0.9019268751144409,1,TP
halueval-4010,halueval,0,-9.32556438446045,-6.133444786071777,0.02644242174937972,0.03726920142432232,2.065239295363426,3.837202548980713,2.505934465292323,6.133444786071777,5.472270673671475,6.159095388491933,5.809163551575676,0.1,0.7518020868301392,0.4684591591358185,1.0,0.22837422788143158,0.49450636617639826,0.005874274995310227,0.255683954409456,0.7447269558906555,0.46902158856391907,0.4145403504371643,0.3046341836452484,0.38640350103378296,0.30871937327491494,0.007374828755725428,0,0.012695177850284843,0,TN,0.6826133131980896,1,0.6024715900421143,1,FP
halueval-4131,halueval,1,-5.711615085601807,-0.5586041479466421,0.7490069929709924,0.2925004817991748,0.5703746571615782,2.2317583560943604,0.5662666382371031,0.5586041479466421,0.8675005677047231,1.9459101490553132,0.7499852008040955,0.0,0.9020554423332214,0.8653762340545654,0.9337444305419922,0.021610546857118607,0.14199492006631048,0.6800635870634085,0.769034333498549,0.6135410666465759,0.5169132749239603,0.6675143241882324,0.5144931674003601,0.1270226240158081,0.4095474504643164,0.31795136877818947,0,0.517222566689145,1,TP,0.8971589803695679,1,0.8873504996299744,1,TP
halueval-4159,halueval,1,-3.5662965774536133,-0.35627205948967455,0.8459536112844944,0.3013053511783474,0.3648636096972041,2.0286550521850586,0.6113547257242143,0.35627205948967455,0.8109302162163288,1.6094379124341003,0.5402001756818915,0.3,0.695033073425293,0.4885816276073456,1.0,0.24024698138237,0.6849354323854396,0.02470908092135233,0.16988682426795634,0.671754002571106,0.5344418883323669,0.8484621047973633,0.592840850353241,0.17427319288253784,0.569957814927534,0.49237769639508355,0,0.8181204771621509,1,TP,0.5189800262451172,1,0.8043023347854614,1,TP
halueval-4197,halueval,1,-8.512526512145996,-1.6443080531624739,0.5728676354982392,0.44206260143468146,0.9355485244970103,2.5410618782043457,0.9712360051177003,1.6443080531624739,1.742969305058623,3.295836866004329,2.2246460510099184,0.1,0.6710450053215027,0.3245575428009033,1.0,0.20439061522483826,0.3782566482514486,0.2205941505046137,0.4211687511265826,0.7213383913040161,0.5831064780553182,0.7155601978302002,0.5161449909210205,0.2021026611328125,0.5161610419840201,0.8144081261577122,1,0.8703120857326035,1,TP,0.9260087609291077,1,0.9369727969169617,1,TP
halueval-4200,halueval,1,-8.253877639770508,-1.9110571250364177,0.5988383929985243,0.4953046792328462,0.4176500574685633,1.9552139043807983,0.7095546821319787,1.9110571250364177,1.0986122886681098,1.791759469228055,0.927240654712096,0.3,0.9209543466567993,0.8094567060470581,1.0,0.07058705389499664,0.6736586671108414,0.27080767497930214,0.2985745039342304,0.7998978495597839,0.608950694402059,0.8045433759689331,0.5921023488044739,0.2863765358924866,0.6435525163151183,0.7954031691937264,1,0.8876460684434838,1,TP,0.6718534231185913,1,0.7467926144599915,1,TP
halueval-4234,halueval,0,-0.8219000101089478,-0.20616017661086516,0.8592143580317497,0.2797473702920423,0.4633657237573061,1.8244132995605469,0.9074070651473624,0.2061601766108652,0.6931471805599453,0.6931471805599453,0.0,0.4,0.9040021896362305,0.8400037288665771,1.0,0.07838177680969238,0.6958522412228441,0.10463248064101993,0.2043901197090879,0.4795679450035095,0.4588565230369568,0.42150095105171204,0.5501716732978821,0.005552470684051514,0.2021383449128944,0.057371817166833074,0,0.4465564911802262,0,TN,0.010827555321156979,0,0.03465086221694946,0,TN
halueval-4286,halueval,0,-0.6791772246360779,-0.22670311034259308,0.8353674213091532,0.2843453113149436,0.7685795545500392,2.2947371006011963,1.3216979848976311,0.22670311034259302,0.6931471805599453,0.6931471805599453,0.0,0.2,0.7030514478683472,0.530032753944397,1.0,0.16458408534526825,0.649762971629374,0.014920613885075323,0.18257882112785068,0.6457228064537048,0.5002357761065165,0.4885132908821106,0.32807692885398865,0.21059495210647583,0.3154441731783315,0.053242762962856335,0,0.06196047492395921,0,TN,0.013251971453428268,0,0.011810332536697388,0,TN
halueval-4298,halueval,0,-1.7929974794387817,-0.8124610656232107,0.5979236401617527,0.4593118317924068,0.730925673386082,2.074781656265259,0.9601590959272853,0.8124610656232106,0.9162907318741551,1.0986122886681098,0.45574639440832615,1.0,0.9508620500564575,0.9195586442947388,1.0,0.037351805716753006,0.9645760433390611,0.009071490475869958,0.022247723568404355,0.574475109577179,0.535293698310852,0.5349621176719666,0.26967954635620117,0.049030959606170654,0.3073224211692427,0.2770647551960627,0,0.21552813683044467,0,TN,0.05899908021092415,0,0.07659018784761429,0,TN
halueval-4305,halueval,0,-0.168826162815094,-0.08489522925810888,0.9218459725379944,0.10916345651000535,0.3625466781668365,0.715137243270874,0.4986383591349236,0.08489522925810886,0.6931471805599453,0.6931471805599453,0.0,1.0,1.0,1.0,1.0,0.0,0.8473135476241724,0.04898683712638112,0.10083664475110429,0.6962018013000488,0.47294439872105914,0.4649081230163574,0.2739596962928772,0.332489013671875,0.3236698726830127,0.032141005913156176,0,0.03310124216852907,0,TN,0.008301802910864353,0,0.008461618795990944,0,TN
halueval-438,halueval,0,-1.125346064567566,-0.11481419184758579,0.930195552110672,0.21289966356920673,0.24930383050250385,2.3316869735717773,0.7328905313291626,0.11481419184758575,0.6931471805599453,0.6931471805599453,0.0,0.3,0.8136841058731079,0.6132526993751526,0.9999997615814209,0.15062496066093445,0.5894963920114036,0.017368459511468225,0.21393603375003237,0.6254351139068604,0.48000412185986835,0.6439176797866821,0.3023604452610016,0.2123340666294098,0.40272872740402477,0.10615397545390026,0,0.08146677617098663,0,TN,0.00790278147906065,0,0.011850831098854542,0,TN
halueval-4397,halueval,1,-7.722782611846924,-1.2121180004989063,0.6921302863380073,0.42143506594572755,0.7094170569242644,3.2543163299560547,1.0627353953190761,1.2121180004989063,1.4039939382192914,2.772588722239781,1.7679791005599572,0.6,0.8015246391296387,0.5241395235061646,1.0,0.22461211681365967,0.5946528583156497,0.2565798805826993,0.33096351113352473,0.5989157557487488,0.5085864365100861,0.5123823285102844,0.4095882475376129,0.10545548796653748,0.30687384951204066,0.8516703916167638,1,0.8988588590638604,1,TP,0.9773162007331848,1,0.9735193848609924,1,TP
halueval-4403,halueval,0,-2.5962789058685303,-1.3009991371072829,0.534423716366291,0.6503589894093124,0.5412061214447021,1.031435251235962,0.6932886840211598,1.3009991371072829,0.9162907318741551,1.0986122886681098,0.5347999967395705,0.3,0.7469265460968018,0.3874504566192627,1.0,0.29302260279655457,0.644865796570195,0.012275556046095416,0.1837048797379502,0.9268653988838196,0.5054595470428467,0.5446817874908447,0.35006237030029297,0.6298608481884003,0.5048467022274536,0.475778051100729,0,0.4584085908734078,0,TN,0.041934747248888016,0,0.10740126669406891,0,TN
halueval-4415,halueval,0,-15.587669372558594,-6.494669666106347,0.3400265861610971,0.571434969410164,0.46760485259195167,1.294044017791748,0.7175795629494642,6.494669666106347,6.516686051157705,7.6128310304073565,7.063145484224824,0.1,0.7636713981628418,0.6838834285736084,1.0,0.10836242139339447,0.35578239185021404,0.00895548970284642,0.32658654892631617,0.7093855738639832,0.5407078564167023,0.32739320397377014,0.2769460678100586,0.23508664965629578,0.23224801588010102,0.47345011294932365,0,0.3434036296240993,0,TN,0.2681858241558075,0,0.2911093533039093,0,TN
halueval-4429,halueval,1,-10.570940971374512,-1.1820874691188425,0.6943196121376198,0.37485676247350225,0.45602442690184997,1.98176908493042,0.5560990203149718,1.1820874691188425,1.5488132906176655,3.7376696182833684,2.366644004894477,0.3,0.6072744131088257,0.3469717502593994,0.9999997615814209,0.2645104229450226,0.4939366379440987,0.31475769553272853,0.41041052879431494,0.7418227791786194,0.49003709355990094,0.7477068901062012,0.4997205436229706,0.37731611728668213,0.5546660032295847,0.9562863801677162,1,0.981293888517343,1,TP,0.9657576680183411,1,0.9646512269973755,1,TP
halueval-4481,halueval,0,-4.661843299865723,-0.778151887866746,0.8337317346595228,0.4038165889668074,0.4677467393533637,2.739208698272705,1.1128412877805078,0.7781518878667462,1.252762968495368,2.3978952727983707,1.5420654304441515,0.2,0.8215385675430298,0.6863846778869629,0.9999999403953552,0.1286674588918686,0.5901036353210687,0.005951652362821603,0.20792400852087642,0.7198478579521179,0.4978858431180318,0.5718345642089844,0.2594420611858368,0.31846022605895996,0.41163388614882024,0.43735382141588086,0,0.18367039297356744,0,TN,0.34638699889183044,0,0.2667291462421417,0,TN
halueval-4514,halueval,1,-4.189482688903809,-0.7118345304722121,0.8226057292583088,0.39622215508585573,0.547538658293585,2.812135934829712,1.1157757430689845,0.7118345304722121,1.2039728043259361,2.302585092994046,1.4506734141628441,0.1,0.652161717414856,0.38532477617263794,1.0,0.20279482007026672,0.18707935767059108,0.38885959242245055,0.6008901173759297,0.7382879257202148,0.5139748950799307,0.5249478816986084,0.4550333023071289,0.3132489025592804,0.3875626826904863,0.3250461219381226,0,0.426537622897718,0,FN,0.2819840610027313,0,0.4744190275669098,0,FN
halueval-4541,halueval,1,-9.446885108947754,-1.279014771028332,0.709327709380225,0.3641702664942856,0.5609306474269199,1.9761673212051392,0.6029699311720039,1.279014771028332,1.7993066748634379,4.454347296253507,2.937635465471059,0.6,0.8170512914657593,0.5426284074783325,1.0,0.2240653932094574,0.7925419026969301,0.0031714635515379995,0.10531478042730387,0.7074646949768066,0.5610555609067281,0.6343336701393127,0.5004082322120667,0.1992945671081543,0.44876867645862717,0.9528861503630557,1,0.9709148045078729,1,TP,0.9790874719619751,1,0.9788317680358887,1,TP
halueval-4554,halueval,1,-11.076299667358398,-2.6705663016531616,0.4437701438926524,0.44271553148834325,1.1761861152946949,3.1321310997009277,0.9510238423683823,2.6705663016531616,4.229749199228304,6.492239835020471,5.341213627343195,1.0,1.0,1.0,1.0,0.0,0.9758361115509506,0.004409122939558781,0.014286505694304025,0.4290705621242523,0.39450256029764813,0.42786964774131775,0.29746004939079285,0.016773343086242676,0.18358627027227303,0.8455210634679207,1,0.9014184987467744,1,TP,0.9586371183395386,1,0.942581832408905,1,TP
halueval-4560,halueval,1,-13.058707237243652,-2.042507818279167,0.6726077095085164,0.4765633760531791,0.4410004207553963,2.5473196506500244,0.8514796160965455,2.042507818279167,3.699242241149483,6.1070228877422545,4.865246764902012,1.0,1.0,1.0,1.0,0.0,0.9789245661468803,0.005173518531047869,0.013124476192083753,0.5867499113082886,0.4999108513196309,0.5494034290313721,0.4699065387248993,0.10548779368400574,0.3223624132566272,0.9365052189848181,1,0.9737798996031427,1,TP,0.9154286980628967,1,0.9405955076217651,1,TP
halueval-4577,halueval,1,-9.396761894226074,-2.6198019717829766,0.41672969917863156,0.43459775636532827,1.1141300190774928,3.3356142044067383,0.9576546507110062,2.6198019717829766,2.302585092994046,4.3694478524670215,3.0357132071345503,1.0,0.9912396669387817,0.9853994250297546,1.0,0.007152784150093794,0.9825436615347319,0.0033690620059103364,0.010412700235589104,0.7999086380004883,0.6472123463948568,0.5233394503593445,0.4420367479324341,0.181379497051239,0.4186237469488674,0.9419564390182945,1,0.8993363458437255,1,TP,0.9679017663002014,1,0.9668408632278442,1,TP
halueval-4586,halueval,1,-9.14388370513916,-1.0445675131631509,0.7337664857497859,0.39653403655226693,0.4270866163214022,1.9371912479400635,0.6755754515820153,1.0445675131631509,1.0608719606852626,2.5649493574615367,1.2773292085168728,0.4,0.8256977796554565,0.7094963192939758,1.0,0.14231716096401215,0.7638790752807884,0.045231388266946136,0.14067615649307885,0.6879047155380249,0.491143931945165,0.6209284067153931,0.34433528780937195,0.29111436009407043,0.4271395789910315,0.9095915423222176,1,0.8950500624826053,1,TP,0.9531255960464478,1,0.9620025157928467,1,TP
halueval-4633,halueval,1,-7.825284957885742,-2.2509870655834674,0.4975132545863744,0.44306318471884226,0.9388649905100465,2.961064577102661,0.9766767312909609,2.2509870655834674,2.128231705849268,4.07753744390572,2.9343281265536922,1.0,0.9789736866950989,0.9649561643600464,1.0,0.017167896032333374,0.9846161921464391,0.0011928818544817631,0.008288344854021313,0.5748687982559204,0.4212565024693807,0.4163129925727844,0.2827114164829254,0.15317225456237793,0.2393253497386425,0.8824811240318357,1,0.8862407206942197,1,TP,0.9714801907539368,1,0.9598491191864014,1,TP
halueval-465,halueval,0,-1.1953333616256714,-0.394307811075123,0.7458105608820915,0.3296713127209969,1.1909252332989126,3.168447732925415,1.4973676197486274,0.3943078110751231,0.6931471805599453,0.6931471805599453,0.0,0.1,0.4860197901725769,0.1659533679485321,0.9999997615814209,0.24832405149936676,0.4575577959604763,0.1981167362481306,0.37027947014382717,0.42891615629196167,0.36424320936203003,0.7210747003555298,0.38952985405921936,0.0668594241142273,0.30928058887587184,0.11792799810223022,0,0.4967902600849958,0,TN,0.04208148270845413,0,0.1906389445066452,0,TN
halueval-4650,halueval,0,-0.03796819597482681,-0.014047771469146634,0.9861921270688375,0.02039432021194802,0.11897490227905412,0.3152618408203125,0.17097492158613833,0.014047771469146635,0.6931471805599453,0.6931471805599453,0.0,1.0,1.0,1.0,1.0,0.0,0.9876641325786426,0.0033312601263133013,0.007833563773835293,0.6339907050132751,0.45442327857017517,0.36519166827201843,0.25858667492866516,0.2661603093147278,0.23152812323275107,0.035224753607378784,0,0.04642850253249708,0,TN,0.007499747909605503,0,0.007597717922180891,0,TN
halueval-4651,halueval,0,-1.5342140197753906,-0.5120376934840655,0.7379090984662374,0.45231159316123587,0.2631683706616362,0.7709728479385376,0.43979542217916945,0.5120376934840655,0.8472978603872036,1.0986122886681098,0.45574639440832615,0.0,0.7110564112663269,0.3599030375480652,0.9412158131599426,0.16570571064949036,0.3954648791411753,0.16347220706152868,0.3840036639601767,0.7611517906188965,0.514114628235499,0.47217172384262085,0.23863057792186737,0.33096861839294434,0.35939435308242196,0.16575078189372314,0,0.06073509954623518,0,TN,0.06972268968820572,0,0.03230154886841774,0,TN
halueval-4658,halueval,0,-1.700158953666687,-0.5671846115413549,0.7270868023236593,0.4714925588228342,0.6787240750466784,2.0242371559143066,1.165256914136499,0.5671846115413549,0.9808292530117262,1.3862943611198906,0.7676517525907618,0.3,0.6400963664054871,0.37108415365219116,1.0,0.23614488542079926,0.49902689671878075,0.11379080232668884,0.3073819528039541,0.8018656969070435,0.5980649391810099,0.3940045237541199,0.36374008655548096,0.28946757316589355,0.3159387120246251,0.18157813374610707,0,0.140193044322655,0,TN,0.03656315058469772,0,0.086027592420578,0,TN
halueval-4681,halueval,0,-0.09771619737148285,-0.02801380721393798,0.9731545448303223,0.044291304676271084,0.12848466137074865,0.4143620729446411,0.1920422071000897,0.02801380721393802,0.6931471805599453,0.6931471805599453,0.0,1.0,0.9747373461723328,0.9578956365585327,1.0,0.020626811310648918,0.9738137518328724,0.0006888506239087786,0.013437549395518146,0.5710313320159912,0.44597862164179486,0.07736605405807495,0.12587739527225494,0.15429192781448364,0.04417844090160372,0.04291703235023842,0,0.022834775651140553,0,TN,0.008361236192286015,0,0.006462561897933483,0,TN
halueval-4686,halueval,1,-9.1950101852417,-1.1684524203865294,0.6880425485383057,0.40139643456989066,0.7121452869469067,3.050039291381836,0.8950825527722467,1.1684524203865294,1.1192315758708453,2.6390573296152584,1.3861207148346046,1.0,1.0,1.0,1.0,0.0,0.9661652262779159,0.014052099521260675,0.02394343662167244,0.44551214575767517,0.41447535157203674,0.4886166751384735,0.3555913269519806,0.0352502167224884,0.21768466339392223,0.945665014256589,1,0.9782456084933928,1,TP,0.9778760671615601,1,0.9689781069755554,1,TP
halueval-4699,halueval,1,-16.266515731811523,-4.391286077841262,0.4113334342936561,0.45503560294537077,1.050804699732301,1.7801098823547363,0.7964141316304729,4.391286077841262,6.568545966651038,8.356789669923213,7.460781066116444,1.0,1.0,1.0,1.0,0.0,0.9859662148443242,0.0037829309826459406,0.008908358069160956,0.8296949863433838,0.5536218881607056,0.26996371150016785,0.24723726511001587,0.396906316280365,0.22398753792634096,0.6842439861246802,1,0.4726063872412281,0,FN,0.831427812576294,1,0.8255798816680908,1,TP
halueval-4712,halueval,1,-9.589133262634277,-1.8088083690704986,0.5032808281644571,0.4170082220339131,0.8709414422822496,1.923606514930725,0.7707197277060258,1.8088083690704986,1.413693335308005,2.772588722239781,1.706987181828411,0.1,0.6099178194999695,0.4091814160346985,1.0,0.17089897394180298,0.3913396043403897,0.31543332049189415,0.46204685807575224,0.6229380369186401,0.48433008790016174,0.4537069797515869,0.412579208612442,0.14110374450683594,0.28263133530273876,0.863201160953306,1,0.9356435423363265,1,TP,0.9410976767539978,1,0.9499312043190002,1,TP
halueval-4718,halueval,0,-8.269279479980469,-2.0723460829176474,0.7450650259270333,0.49656681742188613,0.7423165981890634,2.7601318359375,1.3463013018057568,2.0723460829176474,3.56953269648137,4.912654885736052,4.219507705176107,0.6,0.8361361622810364,0.5903403759002686,1.0,0.20069140195846558,0.7892571573804086,0.011639608742993466,0.11119122568129255,0.3944939076900482,0.3806665738423665,0.4543609619140625,0.2491985559463501,0.012640804052352905,0.17924263136728769,0.4550508975469297,0,0.548396645417412,1,FP,0.45057252049446106,0,0.22962291538715363,0,TN
halueval-4809,halueval,0,-0.8439337611198425,-0.13590443070906985,0.9025647282600403,0.20812642393810868,0.3029846554985852,1.9654407501220703,0.6659673329185507,0.1359044307090699,0.6931471805599453,0.6931471805599453,0.0,0.1,0.7102562785148621,0.5066342353820801,0.9986436367034912,0.20831643044948578,0.5812289768348672,0.013762286353297484,0.2162666547592152,0.8575189113616943,0.5662819743156433,0.5339890718460083,0.2457413673400879,0.43096357583999634,0.4579057275684306,0.09375366623970184,0,0.01989716994981446,0,TN,0.009335480630397797,0,0.013522312045097351,0,TN
halueval-4873,halueval,1,-10.030182838439941,-2.3357342274336284,0.5294297267746515,0.46543810587692774,0.6504864086746238,3.028085708618164,0.8918514663275284,2.3357342274336284,1.6422277352570913,2.995732273553991,1.9646447068298838,0.6,0.7721648216247559,0.4304121136665344,0.9999999403953552,0.2790399193763733,0.5891979523936584,0.39780507365520207,0.40430356063077194,0.8113381266593933,0.6012693544228872,0.8145172595977783,0.5985882878303528,0.30487877130508423,0.6608489075338042,0.946716390487639,1,0.9737648226725416,1,TP,0.9597611427307129,1,0.9558167457580566,1,TP
halueval-4889,halueval,1,-3.5871822834014893,-0.298792027964597,0.9035582251560229,0.26662614020084846,0.13632234843232885,0.6068491339683533,0.19878105498425808,0.298792027964597,0.7672551527136672,1.3862943611198906,0.441282727187758,1.0,1.0,1.0,1.0,0.0,0.9515552901347746,0.00426185761745229,0.026353283741338655,0.697816014289856,0.4757297436396281,0.6515935659408569,0.5140159726142883,0.3208550214767456,0.4546924251217632,0.3653348765065681,0,0.7552038383574577,1,TP,0.3601844608783722,0,0.5311743021011353,1,TP
halueval-4917,halueval,1,-11.446776390075684,-2.436500455392369,0.49801147501856186,0.44238697212201133,1.354141392337624,4.2961506843566895,1.2305479852614212,2.436500455392369,3.983678994334581,6.535241271013659,5.2146385232033845,0.3,0.7822883129119873,0.6138213872909546,0.9999997615814209,0.15286904573440552,0.5924422824026483,0.07762047098961959,0.24258909429348569,0.7548221945762634,0.5206075807412466,0.7856786251068115,0.5114054083824158,0.26845526695251465,0.5930476640347848,0.8980255533284925,1,0.8892444349180062,1,TP,0.868291974067688,1,0.8983960747718811,1,TP
halueval-4933,halueval,0,-2.5892255306243896,-1.2965245605446398,0.5356309302151203,0.6513199638971411,2.0757385678589344,4.115982532501221,2.8853406853469745,1.2965245605446398,1.0986122886681098,1.3862943611198906,0.881373587019543,0.0,0.44193607568740845,-0.0003702952526509762,0.8439186811447144,0.24338744580745697,0.43798676545479476,0.17484406444060602,0.36842864949290566,0.5916707515716553,0.45449525117874146,0.29482918977737427,0.2802821695804596,0.20394867658615112,0.17444180830084122,0.11281342131605011,0,0.12203885693254023,0,TN,0.030771592631936073,0,0.05848371982574463,0,TN
halueval-4975,halueval,0,-3.1823129653930664,-0.8289771029958501,0.7286772839725018,0.4607590417970422,0.9010281206574291,3.0608816146850586,1.4491340628905254,0.8289771029958501,1.0116009116784799,1.6094379124341003,0.9162907318741551,0.1,0.5265035629272461,0.1222660094499588,1.0,0.2742748260498047,0.42702306359992964,0.12788613933449633,0.35043153786728337,0.4794026017189026,0.44286052385965985,0.5476550459861755,0.1950640082359314,0.049695611000061035,0.2625472538902578,0.36059881949705597,0,0.25271357384851695,0,TN,0.13186834752559662,0,0.08543574064970016,0,TN
halueval-4998,halueval,1,-12.822739601135254,-6.450492333620787,0.46237022509274084,0.6538864266233017,0.6417255401611328,0.7403771877288818,0.13951449794076143,6.450492333620787,4.276666119016055,4.955827057601261,4.60511967837377,0.6,0.9478778839111328,0.869694709777832,0.9999999403953552,0.06383626163005829,0.8756064518902689,0.0333533565198024,0.07887345231476678,0.5794156789779663,0.5366914868354797,0.27246636152267456,0.2996576428413391,0.058130502700805664,0.15787128186031651,0.9025558315545419,1,0.902836791080033,1,TP,0.29326578974723816,0,0.30367976427078247,0,FN
halueval-5033,halueval,0,-10.40087604522705,-10.40087604522705,3.0405837605940178e-05,0.0,0.6653019189834595,0.6653019189834595,0.0,10.40087604522705,2.833213344056216,2.833213344056216,0.0,0.0,0.9532839059829712,0.9034085273742676,0.9915948510169983,0.02797067165374756,0.23974168691756606,0.6530714837790976,0.7066648984307657,0.7447444796562195,0.5815502305825552,-0.032167091965675354,0.00896007101982832,0.22455406188964844,0.0,0.16643408324244197,0,0.03528362487561381,0,TN,0.0352959930896759,0,0.04734467342495918,0,TN
halueval-5056,halueval,1,-7.104699611663818,-2.0673784466440943,0.4436742345440305,0.42575574179693737,0.8990432961792167,1.4965388774871826,0.5071278862770302,2.0673784466440943,1.2685113254635072,2.0794415416798357,1.1009204327857471,0.0,0.8752212524414062,0.8049614429473877,0.974989652633667,0.05993407964706421,0.19628794094046018,0.6277650412513233,0.7157385501554315,0.3782041072845459,0.3602602581183116,0.30077970027923584,0.3304766118526459,0.022111117839813232,0.11375611803342167,0.4598987492098963,0,0.7627333186502079,1,TP,0.8813968300819397,1,0.8926080465316772,1,TP
halueval-509,halueval,0,-0.13893602788448334,-0.05221022042678669,0.9505567848682404,0.05943901080778573,0.21146259969100356,0.44798174500465393,0.21078808895475476,0.05221022042678666,0.6931471805599453,0.6931471805599453,0.0,1.0,0.9861617088317871,0.9769361615180969,1.0,0.01129892747849226,0.9789349466189897,0.0016145598294097624,0.01133980660521002,0.7505137324333191,0.5561366379261017,0.40489277243614197,0.28307443857192993,0.27909335494041443,0.3038775858763234,0.04517675468202256,0,0.0300584148900452,0,TN,0.007656880654394627,0,0.008040604181587696,0,TN
halueval-5103,halueval,1,-4.193622589111328,-0.8026295864528947,0.7007450435776263,0.3976035717195866,0.6028120566819174,2.418553113937378,0.7585445264939652,0.8026295864528947,0.9162907318741551,1.6094379124341003,0.6931471805599453,0.3,0.7748638391494751,0.6179577112197876,1.0,0.17642000317573547,0.6385514059212415,0.04116851605715335,0.20130855506795595,0.49245312809944153,0.3868481020132701,0.43617838621139526,0.37224408984184265,0.14783474802970886,0.2147974106991679,0.5615773383591823,1,0.836038211482305,1,TP,0.8990561366081238,1,0.9396536946296692,1,TP
halueval-5105,halueval,1,-5.944266319274902,-2.3050601354667117,0.3470051154893424,0.3814643148053855,1.182933781828199,2.239044666290283,0.7954396608057736,2.3050601354667117,1.2321436812926323,1.6094379124341003,0.8743332020491272,0.1,0.9717329144477844,0.9601981043815613,0.9999998807907104,0.012680679559707642,0.43711836542013993,0.018562518293942166,0.2907220764369011,0.7235527038574219,0.5013364752133688,0.7260513305664062,0.44665297865867615,0.30663204193115234,0.5253364033706021,0.3951465666602229,0,0.5071627492163454,1,TP,0.8748608231544495,1,0.9210340976715088,1,TP
halueval-5182,halueval,1,-7.169681072235107,-1.9041551801686485,0.3756471678207163,0.2943255230825031,1.6042874778310459,3.1492834091186523,0.74313090675217,1.9041551801686485,1.6422277352570913,3.258096538021482,2.0848216685118963,1.0,0.9999998807907104,0.9999999403953552,0.9999999403953552,5.960464477539063e-08,0.9917634564497296,0.0006855738115704218,0.0044610586809204515,0.4908604919910431,0.4608569045861562,0.5193507075309753,0.3138398230075836,0.02694442868232727,0.2549287438145509,0.8790535473914455,1,0.911870687389062,1,TP,0.9606027007102966,1,0.9456349015235901,1,TP
halueval-5199,halueval,1,-6.751297950744629,-0.5426559546066355,0.8678183359304621,0.29605032720760927,0.1540113358046039,0.7691457271575928,0.2310187619813889,0.5426559546066355,0.7621400520468967,1.3862943611198906,0.39075169052673137,1.0,0.9999998211860657,0.9999997615814209,0.9999997615814209,5.960464477539063e-08,0.9923395134242009,0.0006953713449243989,0.0041779289603617415,0.7272891998291016,0.4584188163280487,0.2829590141773224,0.16545110940933228,0.40175098180770874,0.2057930350054562,0.6979336359757876,1,0.5175258001760811,1,TP,0.5317451357841492,1,0.38830509781837463,0,FN
halueval-5260,halueval,0,-1.8960347175598145,-0.9530735989101231,0.5700506940484047,0.5938110263775794,1.600972630083561,3.1321463584899902,2.1654066530617504,0.9530735989101231,0.9162907318741551,1.0986122886681098,0.5347999967395705,0.4,0.8221930265426636,0.7036550045013428,1.0,0.14517879486083984,0.6882077642745484,0.02496194345752688,0.16837708959148925,0.6570188403129578,0.5027174949645996,0.6084527969360352,0.5536363124847412,0.21868649125099182,0.3997649510280894,0.10174369045325932,0,0.4434933372671151,0,TN,0.021875694394111633,0,0.05558019131422043,0,TN
halueval-5279,halueval,0,-0.6426882743835449,-0.14630910325795413,0.8880165219306946,0.2048821614009227,0.4799889663234353,1.8831582069396973,0.803506946856443,0.1463091032579542,0.6931471805599453,0.6931471805599453,0.0,0.3,0.8087698817253113,0.5254318714141846,1.0,0.23120936751365662,0.766055850883866,0.04224527070132217,0.13809470990872816,0.770487368106842,0.6071905891100565,0.6746973991394043,0.4817783832550049,0.2151293158531189,0.5198458233314511,0.07924912550001872,0,0.09143870102897513,0,TN,0.00796925276517868,0,0.046329133212566376,0,TN
halueval-5297,halueval,0,-1.3712105751037598,-0.6870165201835334,0.6254905462265015,0.5256504370060491,1.699150918982923,3.3722290992736816,2.366089853477689,0.6870165201835334,0.9162907318741551,1.0986122886681098,0.5347999967395705,0.4,0.559823751449585,0.26637303829193115,0.9999998807907104,0.35940223932266235,0.4300487164086347,0.5506458244977347,0.56029855404455,0.8695495128631592,0.586149662733078,0.34653106331825256,0.0965862050652504,0.40018728375434875,0.3013259173003391,0.05527520791415311,0,0.005400090200956676,0,TN,0.0289467666298151,0,0.022548146545886993,0,TN
halueval-5307,halueval,1,-7.032689571380615,-2.6785681642068084,0.5162321676398278,0.49530210244007317,0.47350253141485155,1.6230111122131348,0.5789147370248103,2.6785681642068084,1.7707060600302227,3.091042453358316,2.0741501726589697,1.0,0.9894202947616577,0.9735506772994995,1.0,0.012957468628883362,0.9825503712598793,0.0015982919115892947,0.009523960325854964,0.34881940484046936,0.3433581491311391,0.3518737554550171,0.3105975091457367,0.005438059568405151,0.12274039395679992,0.8370618304308972,1,0.9625634937188509,1,TP,0.7738825082778931,1,0.6701979637145996,1,TP
halueval-5332,halueval,1,-12.97204875946045,-3.4834121517837047,0.3492818712192275,0.3266000964655265,1.4818820744752883,2.461127519607544,0.8029659387916195,3.4834121517837047,2.5416019934645457,3.9318256327243257,2.9349414035799875,0.3,0.9819439053535461,0.9559453725814819,1.0,0.013391125947237015,0.6682273575084083,0.004516975126156521,0.16814480880887414,0.7816094756126404,0.5493923326333364,0.3220338821411133,0.26376646757125854,0.33299702405929565,0.2517047337498184,0.8911578018935432,1,0.749351436434735,1,TP,0.9069754481315613,1,0.9131010174751282,1,TP
halueval-5398,halueval,1,-13.91962718963623,-3.014632760637647,0.39954851445594386,0.4030748308668438,0.9230327918711636,2.1319000720977783,0.6191129177745633,3.014632760637647,4.7254193141396685,6.893656354602635,5.794448268573251,1.0,1.0,1.0,1.0,0.0,0.9899594148994103,0.001415048143686894,0.005727816622138263,0.5499457716941833,0.5084263483683268,0.6631714701652527,0.48598286509513855,0.05362045764923096,0.364708345925596,0.8851082372291112,1,0.9681263965139133,1,TP,0.9166944622993469,1,0.9293263554573059,1,TP
halueval-54,halueval,1,-7.37717342376709,-0.8633359962159375,0.7313363264365762,0.339651403798264,0.8068677715418744,3.2037439346313477,0.9161428844822407,0.8633359962159375,1.0116009116784799,2.302585092994046,1.125470359664562,0.3,0.7226361036300659,0.5520157814025879,1.0,0.19605287909507751,0.6401954671016272,0.005928557121677295,0.18286654501002506,0.7537534236907959,0.5065281192461649,0.7727982997894287,0.4810917377471924,0.36904340982437134,0.582499364288708,0.8675898679498651,1,0.9033723117474058,1,TP,0.9686673879623413,1,0.9673540592193604,1,TP
halueval-5462,halueval,0,-1.5731960535049438,-0.525273416559988,0.7349200497070948,0.4568633940399747,0.6475919787772,1.9209808111190796,1.102823174436512,0.525273416559988,0.8472978603872036,1.0986122886681098,0.45574639440832615,0.2,0.6919001936912537,0.4716988205909729,1.0,0.24922974407672882,0.5430612087915703,0.07291490756904115,0.26492684938873545,0.8528239727020264,0.5646090904871622,0.6217779517173767,0.4878731667995453,0.39800381660461426,0.5302671429221419,0.15769085079301304,0,0.21469050199105122,0,TN,0.027880419045686722,0,0.12495400011539459,0,TN
halueval-5522,halueval,1,-9.572586059570312,-1.7850373530223613,0.6412859920467446,0.4287737331214536,0.6820228635264548,2.4686121940612793,0.7888711764399333,1.7850373530223613,2.955458374416051,5.627621113690637,4.159524464008528,1.0,1.0,1.0,1.0,0.0,0.9832692759249861,0.002925778974322822,0.009828251524668367,0.7406171560287476,0.47462045152982074,0.7192946672439575,0.4658457934856415,0.3890283405780792,0.5327219708008641,0.8965378570912392,1,0.9371706785445998,1,TP,0.9704363346099854,1,0.9700767993927002,1,TP
halueval-5555,halueval,0,-0.08776872605085373,-0.029659535197424702,0.9715877970059713,0.04816620785858887,0.1901196821127087,0.5578600764274597,0.3184994703976094,0.029659535197424598,0.6931471805599453,0.6931471805599453,0.0,1.0,0.9919353723526001,0.979838490486145,1.0,0.009877081960439682,0.9353211901673781,0.02692455735587341,0.045801683594247716,0.6653354167938232,0.5128386517365774,0.585658073425293,0.2453830987215042,0.20742690563201904,0.38965905838108483,0.034468414256958256,0,0.018749028016770156,0,TN,0.008446992374956608,0,0.006130492780357599,0,TN
halueval-5558,halueval,1,-9.746859550476074,-2.7575816540047526,0.5220189779702196,0.4172984160628402,1.217928297817707,2.563215970993042,0.9364628585347596,2.7575816540047526,3.5765502691400166,4.919980925828125,4.22683374526818,0.1,0.7076165080070496,0.5388855934143066,1.0,0.16256344318389893,0.6413382246431767,0.020803466788466354,0.18973262107264482,0.7492199540138245,0.4945216774940491,0.1457335650920868,0.2482955902814865,0.3790372312068939,0.10918649493656396,0.6357756374534669,1,0.5401981725029363,1,TP,0.9408666491508484,1,0.9087017178535461,1,TP
halueval-5565,halueval,1,-10.257991790771484,-1.8445528526363584,0.5888489957367711,0.4145257384045809,0.6425367709094038,2.165461301803589,0.6052926111476761,1.8445528526363584,1.2237754316221157,2.302585092994046,1.2920788138360246,0.1,0.9003645777702332,0.8244069814682007,1.0,0.053932372480630875,0.618327178331231,0.05486487655218388,0.21826884911047645,0.6749643087387085,0.4721246560414632,0.6533263921737671,0.4411521852016449,0.2910255193710327,0.4409719966743211,0.9045454613358092,1,0.948950961894582,1,TP,0.9598899483680725,1,0.964468240737915,1,TP
halueval-5578,halueval,1,-8.866259574890137,-1.7545964491302064,0.5869718568802844,0.4205476583195688,1.0349688674822184,3.2491962909698486,1.0077240488051218,1.7545964491302064,2.0614230361771577,4.110873864173311,2.8214360139764123,0.0,0.3553532660007477,0.03518860042095184,0.9086695909500122,0.33262118697166443,0.0985691816946707,0.5216777391345905,0.7115542787199599,0.33907896280288696,0.3213670253753662,0.23811133205890656,0.2595306932926178,0.007647156715393066,0.08073854350614784,0.8827612778018421,1,0.9312457869305516,1,TP,0.9481717348098755,1,0.9002180695533752,1,TP
halueval-5599,halueval,1,-10.680068969726562,-1.9455287274798716,0.5619328924552643,0.4018731255354415,0.8476697589821097,2.8728060722351074,0.9174753316427926,1.9455287274798716,1.4307461236907244,2.833213344056216,1.7706713416452677,0.6,0.97578364610672,0.9394591450691223,1.0,0.029658840969204903,0.9279257335475872,0.020683923057028784,0.04637909475472077,0.5008276700973511,0.47194985548655194,0.3141910433769226,0.5086361765861511,0.03246396780014038,0.15735556821991992,0.9435411248691125,1,0.9913642052426638,1,TP,0.9654158353805542,1,0.9710811972618103,1,TP
halueval-5621,halueval,1,-9.914515495300293,-1.164997469620747,0.7009613102613782,0.353838447763515,0.634223459286399,2.7411587238311768,0.7429717128122278,1.164997469620747,2.107612418646532,5.099866427824199,3.367624816953054,1.0,0.9999998211860657,0.9999998211860657,0.9999998211860657,0.0,0.9847554231448375,0.004255962002409944,0.009750269428786155,0.7482680082321167,0.5355598429838816,0.7743068337440491,0.5220637917518616,0.3136870861053467,0.5793890322461763,0.9579661628413052,1,0.9709904499745499,1,TP,0.9778820872306824,1,0.9750340580940247,1,TP
halueval-5645,halueval,0,-1.0415661334991455,-1.0415661334991455,0.35290154814720154,0.0,3.356135845184326,3.356135845184326,0.0,1.0415661334991455,0.6931471805599453,0.6931471805599453,0.0,0.6,0.7423967123031616,0.37128227949142456,0.9999998211860657,0.2975987195968628,0.7780419895534231,0.0015389651863422977,0.11174848781645962,0.8132915496826172,0.5148175756136576,0.1891699880361557,0.17271824181079865,0.4409613013267517,0.15385035272336722,0.6239945663593474,1,0.3688210495412081,0,TN,0.030467597767710686,0,0.031138276681303978,0,TN
halueval-5648,halueval,1,-8.003231048583984,-1.6879828254619498,0.637019742873963,0.4748577266166406,0.27881870525889096,1.2493864297866821,0.435368812247892,1.6879828254619498,1.0296194171811581,1.6094379124341003,0.7586036042312605,1.0,0.9999998211860657,0.9999997615814209,0.9999997615814209,5.960464477539063e-08,0.9848581977382486,0.004361670912237694,0.009751736586994523,0.5825895071029663,0.5059607625007629,0.36507612466812134,0.32517310976982117,0.10163062810897827,0.2126895195254619,0.8666256926278187,1,0.9051917843248655,1,TP,0.9096335768699646,1,0.933369517326355,1,TP
halueval-5652,halueval,1,-5.522767543792725,-0.8188436440932096,0.7190060695916738,0.37201243869655803,0.6746228617823521,3.3874754905700684,0.8624661356363231,0.8188436440932096,0.8347976976229722,1.6094379124341003,0.5680600389979704,0.0,0.7196502685546875,0.40441542863845825,0.9879456758499146,0.22358599305152893,0.4790454783303155,0.013120086431381245,0.26703730405053283,0.4844832122325897,0.41553277770678204,0.49234044551849365,0.3993311822414398,0.09589597582817078,0.23853068055682414,0.7522513179976875,1,0.9022711169029433,1,TP,0.9551268815994263,1,0.9554368257522583,1,TP
halueval-5678,halueval,0,-0.6478633880615234,-0.22359094692183135,0.8261677920818329,0.22671381718552808,0.6871460624097381,1.4228155612945557,0.7936692978242464,0.22359094692183143,0.6931471805599453,0.6931471805599453,0.0,0.4,0.7996317148208618,0.6693369746208191,1.0,0.13061997294425964,0.6982119097249032,0.007205034975314018,0.15449656262520542,0.4769592881202698,0.4313818116982778,0.5342541337013245,0.23385119438171387,0.058302462100982666,0.25481747128549515,0.06020118434522174,0,0.06980948933045857,0,TN,0.009102130308747292,0,0.008528454229235649,0,TN
halueval-5725,halueval,0,-0.09111848473548889,-0.0241345517206355,0.976874053478241,0.042655028571866635,0.12206757918465883,0.4389880895614624,0.2114561504466975,0.024134551720635493,0.6931471805599453,0.6931471805599453,0.0,1.0,0.9836193919181824,0.9590485692024231,0.9999998807907104,0.02006196416914463,0.9556542157463273,0.0044849119798417965,0.02441534811675729,0.7187384963035583,0.4978110194206238,0.10852134227752686,0.12887422740459442,0.31592440605163574,0.07799846636539343,0.04031497322733667,0,0.016663012323548256,0,TN,0.007610791362822056,0,0.006307570729404688,0,TN
halueval-5742,halueval,1,-3.525230884552002,-3.525230884552002,0.02944500930607319,0.0,1.1316049098968506,1.1316049098968506,0.0,3.525230884552002,1.6094379124341003,1.6094379124341003,0.0,1.0,0.9750770330429077,0.9376928806304932,0.9999998807907104,0.03052407130599022,0.9880861558122664,0.0006589961877574695,0.006286420187745501,0.7896214723587036,0.573253204425176,0.07474464923143387,0.0681368038058281,0.3235960900783539,0.059019979977059656,0.2006264581702147,0,0.08083768237635565,0,FN,0.1009601578116417,0,0.059624429792165756,0,FN
halueval-5754,halueval,0,-9.888851165771484,-9.888851165771484,5.073722422821447e-05,0.0,2.188998222351074,2.188998222351074,0.0,9.888851165771484,5.429345628954441,5.429345628954441,0.0,0.1,0.7351795434951782,0.38555026054382324,1.0,0.248548686504364,0.5218781202618189,0.07200820636897572,0.27506504305357843,0.6666285991668701,0.4550689160823822,0.28615429997444153,0.19916348159313202,0.300031840801239,0.1907586401375383,0.13885107283846906,0,0.211803650848426,0,TN,0.23309111595153809,0,0.25101250410079956,0,TN
halueval-58,halueval,0,-0.001492696930654347,-0.0008114365155051928,0.9991890788078308,0.0007265882166344601,0.007708561315666884,0.013416031375527382,0.00659820383153671,0.0008114365155051902,0.6931471805599453,0.6931471805599453,0.0,1.0,0.9890368580818176,0.9725921750068665,1.0,0.013427037745714188,0.9905284241015193,0.0011987746142696966,0.005335175256375281,0.4112338125705719,0.38819266359011334,0.24350674450397491,0.20400452613830566,0.02210909128189087,0.10013820692901776,0.03676122969598668,0,0.05820658703807404,0,TN,0.007499747909605503,0,0.009872050024569035,0,TN
halueval-5803,halueval,1,-6.5546722412109375,-1.6486403623788315,0.6166918008926917,0.4501543164648011,0.9488563948861238,3.4278388023376465,1.1209442174203135,1.6486403623788315,1.5910887737659039,3.044522437723423,1.9275855809639941,0.1,0.6144462823867798,0.34829849004745483,1.0,0.27008065581321716,0.45850201831468684,0.21110850726232,0.3763032444738166,0.6439706087112427,0.5350658297538757,0.6552725434303284,0.5023055076599121,0.13936352729797363,0.42197625866459276,0.7949487939241631,1,0.8985793148132725,1,TP,0.90845787525177,1,0.9435545206069946,1,TP
halueval-5863,halueval,0,-2.677940845489502,-0.5382515966542997,0.8110866159200668,0.41501835408417315,1.0722123099491,5.219579696655273,2.3187565325099655,0.5382515966542997,0.6931471805599453,0.6931471805599453,0.0,0.0,0.19401855766773224,-0.009777124971151352,0.502793550491333,0.14349457621574402,0.004007120218651392,0.992443986141095,0.9942184329612218,0.47586336731910706,0.43054139614105225,0.11809803545475006,0.17877380549907684,0.055457621812820435,0.05619852882526866,0.10101291345340849,0,0.027444121521422365,0,TN,0.06020785868167877,0,0.03987923264503479,0,TN
halueval-5877,halueval,0,-2.171072006225586,-0.574134444064839,0.7485486902296543,0.42522927903343133,0.8937002904713154,2.8496501445770264,1.324924235293784,0.574134444064839,0.9162907318741551,1.3862943611198906,0.6931471805599453,0.4,0.8349179029464722,0.7248632311820984,0.9999999403953552,0.1347888857126236,0.7087122051694137,0.23219550246629223,0.2617416486484392,0.4835164546966553,0.44928232828776044,0.3009032905101776,0.2007061094045639,0.04987889528274536,0.1454916922340388,0.18806680001728518,0,0.12577618378934738,0,TN,0.05665221065282822,0,0.06446364521980286,0,TN
halueval-5891,halueval,1,-7.778264999389648,-1.7355634974121226,0.5539705169534213,0.42280654510768256,1.2851989473534846,5.632523536682129,1.5822812159361355,1.7355634974121226,1.8513515664303006,4.204692619390966,2.769619101626742,1.0,1.0,1.0,1.0,0.0,0.9865908906037019,0.002702356017611536,0.008055732706954893,0.4698854982852936,0.4331958790620168,0.43213266134262085,0.41947221755981445,0.04470065236091614,0.20305287090032742,0.9526913505955485,1,0.9808831324293545,1,TP,0.9633845090866089,1,0.9658955931663513,1,TP
halueval-5902,halueval,0,-1.2474726438522339,-0.6250214736210182,0.6423314064741135,0.5021894991495812,1.3117217374965549,2.5993564128875732,1.820990421319856,0.6250214736210182,0.9162907318741551,1.0986122886681098,0.5347999967395705,0.4,0.8848907351493835,0.808151364326477,1.0,0.09398612380027771,0.5793419294162261,0.3975767573730152,0.4091174139783945,0.7092316150665283,0.48204610745112103,0.23734422028064728,0.13451839983463287,0.34073156118392944,0.16833202467634933,0.0417513007168002,0,0.013377352191697257,0,TN,0.02475505694746971,0,0.014750060625374317,0,TN
halueval-5961,halueval,1,-8.442780494689941,-2.494903381968066,0.5302709199507566,0.4553684212386575,0.9899912591726105,3.744283676147461,1.2623406710000404,2.494903381968066,2.093234863812172,3.7612001156935624,2.6654138276707187,0.0,0.638944149017334,0.4112023115158081,0.8645398616790771,0.1600981056690216,0.152141219186629,0.7078193761180055,0.7778390784656882,0.37679773569107056,0.36656278371810913,-0.007662942633032799,0.12615372240543365,0.013766467571258545,0.0,0.712284940523381,1,0.4312183120323364,0,FN,0.8692978620529175,1,0.788693904876709,1,TP
halueval-5973,halueval,1,-13.585765838623047,-2.329549119562216,0.5745483879298433,0.3908492918240122,1.0720650178845972,2.6486151218414307,0.8129001555625299,2.329549119562216,5.436120870695231,8.352790135124629,6.8531417647667485,0.3,0.950756847858429,0.9084755182266235,0.9999998807907104,0.03731521964073181,0.4266375333207447,0.01311407883969282,0.29323827275947406,0.8985438346862793,0.5713601410388947,0.7925381660461426,0.48979833722114563,0.4603004455566406,0.7121302828543321,0.6619094936539975,1,0.38511389228929016,0,FN,0.9001242518424988,1,0.886182963848114,1,TP
halueval-60,halueval,1,-8.157583236694336,-3.8698550884922347,0.22894040890969336,0.38462425454812305,0.8319428637623787,1.4917327165603638,0.5578428123579096,3.8698550884922347,2.4849066497880004,3.8918202981106265,2.966168700598505,0.1,0.6975070238113403,0.46017253398895264,1.0,0.201932892203331,0.45231918656073944,0.29671958148729277,0.42220019746327664,0.7124149799346924,0.49316229422887164,0.07999827712774277,0.10419515520334244,0.31816184520721436,0.056991970994770824,0.6605284648564077,1,0.4028651757410752,0,FN,0.8244428634643555,1,0.668783962726593,1,TP
halueval-6034,halueval,1,-9.502425193786621,-4.265198199245788,0.23075739449723187,0.41386403830283824,1.3280959627591074,2.79868745803833,1.0129561624840195,4.265198199245788,1.9095425048844386,2.4849066497880004,1.6004183986309375,0.2,0.6195945739746094,0.33758145570755005,1.0,0.24514509737491608,0.46831952684435707,0.30009876119988654,0.41588961717776474,0.6529147624969482,0.49400924642880756,0.4813126027584076,0.4114968776702881,0.22627079486846924,0.3142561037167937,0.8317500061025409,1,0.9428648914042682,1,TP,0.8599101901054382,1,0.8679059743881226,1,TP
halueval-6055,halueval,1,-8.251825332641602,-0.7665524495287406,0.7305433052757647,0.35357716325552435,0.5076380394449911,2.3916687965393066,0.6377773573827835,0.7665524495287406,0.8690378470236095,1.9459101490553132,0.6744095051831877,1.0,1.0,1.0,1.0,0.0,0.9916227272470758,0.0006253823120941916,0.004501327532509211,0.6595907211303711,0.609563966592153,0.6739201545715332,0.5718622207641602,0.05238109827041626,0.44451148073812874,0.9024496961461214,1,0.9636757138720998,1,TP,0.9712696075439453,1,0.9751858115196228,1,TP
halueval-6107,halueval,0,-9.26193618774414,-9.26193618774414,9.497128485236317e-05,0.0,0.06882242858409882,0.06882242858409882,0.0,9.26193618774414,1.6094379124341003,1.6094379124341003,0.0,0.0,0.8653600811958313,0.7988269925117493,0.920417308807373,0.039599861949682236,0.3934040209536883,0.024210477189222285,0.3154032281177669,0.7408481240272522,0.4626636604468028,0.06089963763952255,0.07260041683912277,0.41509389877319336,0.04511738229917972,0.3635757815951163,0,0.29159217921714836,0,TN,0.03935045376420021,0,0.038370177149772644,0,TN
halueval-6203,halueval,0,-7.801309108734131,-2.668908307716871,0.604768201087912,0.5312088274779109,1.1878434512764215,2.2573108673095703,1.1217903841391037,2.668908307716871,3.3440389678222067,4.394449154672439,3.8418295120398045,0.6,0.8380181193351746,0.5950456857681274,0.9999997615814209,0.19838617742061615,0.7858497137215059,0.007646931255185317,0.11089860876683963,0.5148988962173462,0.39903347690900165,0.1960800141096115,0.13322274386882782,0.1461254358291626,0.10096138283532063,0.5110406429062534,1,0.33061357696405,0,TN,0.3824663758277893,0,0.24841856956481934,0,TN
halueval-6304,halueval,0,-1.4015647172927856,-0.2005554281890259,0.8919841817447117,0.2847594539646255,0.3919657777213225,2.7204809188842773,1.0267886070698828,0.2005554281890259,0.7621400520468967,1.0986122886681098,0.32060739069832367,0.3,0.32375699281692505,-0.0952165275812149,1.0,0.463410884141922,0.3159567801146207,0.5008636393681413,0.5924534296267603,0.6949697732925415,0.44597246249516803,0.09942623972892761,0.09138238430023193,0.34461963176727295,0.0690982312837427,0.21874602114592687,0,0.09063335235640517,0,TN,0.05315396189689636,0,0.02432364784181118,0,TN
halueval-6334,halueval,1,-4.686875343322754,-1.1416754556287612,0.651039056612977,0.4330562554072877,0.5890095978975296,1.1420201063156128,0.47834710609224573,1.1416754556287612,1.0498221244986776,1.791759469228055,0.9453024271747004,0.3,0.9756466746330261,0.9419852495193481,0.9999997615814209,0.01799192652106285,0.7405552670712847,0.013539283108186143,0.1364920080184507,0.7192989587783813,0.5587948163350424,0.4978662133216858,0.37085118889808655,0.19128233194351196,0.3581146488532241,0.4487246879901326,0,0.373121736526432,0,FN,0.9039550423622131,1,0.9003312587738037,1,TP
halueval-634,halueval,0,-10.46081829071045,-10.46081829071045,2.8636788556468673e-05,0.0,3.358590602874756,3.358590602874756,0.0,10.46081829071045,6.602587892189336,6.602587892189336,0.0,0.0,0.5597169995307922,0.21556222438812256,0.9755064249038696,0.2686171233654022,0.22950996059710627,0.36999032767302353,0.5702401835379587,0.5518798232078552,0.3916965921719869,0.29023054242134094,0.218313530087471,0.23897069692611694,0.16017238044100957,0.10846854215042341,0,0.24259256277376665,0,TN,0.2818065881729126,0,0.3224017322063446,0,TN
halueval-6366,halueval,0,-0.6059681177139282,-0.3046192581532523,0.771140456199646,0.3190387462918235,0.47245326917618513,0.9223347902297974,0.6362285485350555,0.30461925815325236,0.6931471805599453,0.6931471805599453,0.0,0.4,0.9464702606201172,0.9107837080955505,1.0,0.04370686411857605,0.9876890593429094,0.0007877292179184969,0.00654933493750453,0.9163973927497864,0.5430492758750916,0.15549401938915253,0.0746440514922142,0.5319289565086365,0.1424943139564041,0.07531942967251437,0,0.01256744114981609,0,TN,0.03124505653977394,0,0.022547798231244087,0,TN
halueval-6446,halueval,1,-8.281062126159668,-1.4671479930763045,0.5639518825157124,0.45442084323414667,1.5409643536965763,4.316296100616455,1.691559657969565,1.4671479930763045,2.553899521274952,5.337538079701318,3.823134657774884,0.0,0.5724408030509949,0.3674677908420563,0.8598697185516357,0.17126262187957764,0.30336559486289916,0.0848465058643392,0.39074045550072,0.767356276512146,0.5429112315177917,0.5604913234710693,0.39555624127388,0.31486159563064575,0.43009653499612455,0.8038977240095408,1,0.5993735977737017,1,TP,0.8326554298400879,1,0.7615686655044556,1,TP
halueval-6465,halueval,1,-3.7798233032226562,-0.5958850226367455,0.7574639773617188,0.36062411210477135,0.8490097845788114,3.335268974304199,1.189970331859439,0.5958850226367455,1.0116009116784799,2.1972245773362196,1.115305128282967,0.0,0.7337015271186829,0.4688463807106018,0.9505736827850342,0.139448881149292,0.440435154690193,0.13069475788138696,0.34512980159559703,0.5853301882743835,0.39759830633799237,0.7533964514732361,0.49946293234825134,0.2796820402145386,0.44098568678608174,0.412703569402621,0,0.7856096489486515,1,TP,0.7742127776145935,1,0.8938139081001282,1,TP
halueval-6482,halueval,1,-2.8941662311553955,-0.4869326347194146,0.7950255066156388,0.3631135835678311,0.4202197076287121,3.300300121307373,0.8687982444857072,0.48693263471941456,0.8472978603872036,1.3862943611198906,0.544500331098772,0.3,0.6930556893348694,0.481894314289093,1.0,0.23718485236167908,0.6381970764366155,0.008940344036015145,0.18537163379969984,0.46794143319129944,0.41331639885902405,0.4517861008644104,0.25295087695121765,0.03904739022254944,0.21140943553440117,0.5410300319564921,1,0.5337587900848595,1,TP,0.7111197113990784,1,0.39008283615112305,0,FN
halueval-6551,halueval,0,-8.814132690429688,-8.814132690429688,0.00014861782256048173,0.0,0.5916871428489685,0.5916871428489685,0.0,8.814132690429688,1.3862943611198906,1.3862943611198906,0.0,0.0,0.9571160078048706,0.9172267913818359,0.9797654151916504,0.018574409186840057,0.34343485738389096,0.3993311843756099,0.5279481634958594,0.8966383934020996,0.5781009594599406,0.04455064982175827,-0.0074699860997498035,0.4703407287597656,0.03994582308120087,0.3491382830784827,0,0.0803082628258605,0,TN,0.042410701513290405,0,0.03401743993163109,0,TN
halueval-7019,halueval,0,-0.6762596368789673,-0.1704439515742706,0.8757514655590057,0.24482600354339623,0.29422624420840293,1.1281688213348389,0.5560232269404981,0.17044395157427067,0.6931471805599453,0.6931471805599453,0.0,0.4,0.6713215708732605,0.4522026777267456,1.0,0.26836472749710083,0.3875741724221864,0.5986074066201287,0.6055166170989712,0.6948614120483398,0.5339487791061401,0.18737083673477173,0.18316173553466797,0.23891407251358032,0.13019676419020243,0.05313987473405283,0,0.02426097654314883,0,TN,0.018102895468473434,0,0.01062181405723095,0,TN
halueval-7047,halueval,0,-4.187126636505127,-1.4214193316486974,0.646880223415792,0.54803872104757,0.4431585955123107,1.0180463790893555,0.51073403532126,1.4214193316486974,1.0986122886681098,1.6094379124341003,1.005052538742381,0.0,0.8768771886825562,0.73607337474823,0.9429798126220703,0.061553679406642914,0.2331913782457892,0.43073959033542797,0.5987741060448194,0.6184834837913513,0.44199585914611816,0.742759108543396,0.5247989296913147,0.24206960201263428,0.459384241069678,0.26584906313378065,0,0.664449892426469,1,FP,0.12393108755350113,0,0.23492936789989471,0,TN
halueval-7064,halueval,1,-6.121828079223633,-0.5092418511638763,0.8213343730978002,0.2981565714618852,0.48845907890686896,2.804356575012207,0.6550933575303993,0.5092418511638763,0.9019019944220554,2.0794415416798357,0.8971124193754093,0.1,0.43567389249801636,0.1518799513578415,1.0,0.25852683186531067,0.20994694746610237,0.5570262783904806,0.6735396654621891,0.5635641813278198,0.5222965081532797,0.514898419380188,0.46658965945243835,0.010945677757263184,0.2901783061849841,0.7406743725222152,1,0.8767194813086087,1,TP,0.7641235589981079,1,0.8728291392326355,1,TP
halueval-7127,halueval,0,-1.4413727521896362,-0.47609926969744265,0.7084552831947803,0.3368561305117554,1.3353224815800786,3.5353965759277344,1.5254804089318312,0.4760992696974426,0.6931471805599453,0.6931471805599453,0.0,0.3,0.5260025858879089,0.01864451728761196,1.0,0.39323365688323975,0.4299678533547097,0.14883753934737506,0.3594348429963326,0.6425638198852539,0.4387114644050598,0.5025461316108704,0.17351430654525757,0.29920750856399536,0.3229179619964384,0.19937402532981685,0,0.10114380276227318,0,TN,0.07356670498847961,0,0.040419694036245346,0,TN
halueval-7147,halueval,0,-0.37707850337028503,-0.12629438754326353,0.894686202208201,0.18084737573144022,0.5043407223808268,1.493018388748169,0.856230590627063,0.12629438754326358,0.6931471805599453,0.6931471805599453,0.0,0.6,0.7773045301437378,0.44326138496398926,1.0,0.2727451026439667,0.7723595611203165,0.018542915332003276,0.12309167710584344,0.6352614164352417,0.4610556165377299,0.5765247941017151,0.25708022713661194,0.25967276096343994,0.3662439573110916,0.06375395101152859,0,0.06117373231434613,0,TN,0.008172465488314629,0,0.009555892087519169,0,TN
halueval-7169,halueval,1,-13.377521514892578,-1.3560082041491819,0.7339536529066832,0.3825532844452508,0.4142691226480829,1.8580338954925537,0.5050530778203759,1.3560082041491819,1.410199881973445,3.7376696182833684,2.1372366407722434,1.0,1.0,1.0,1.0,0.0,0.9623817569919885,0.0028075537818286482,0.020212898394920093,0.8240569829940796,0.5372791687647501,0.8504863977432251,0.5540486574172974,0.42086660861968994,0.7008492550017849,0.9886600775929342,1,0.9925072030531964,1,TP,0.9726917147636414,1,0.9722034335136414,1,TP
halueval-7185,halueval,0,-4.674437522888184,-4.674437522888184,0.009330769069492817,0.0,3.9417898654937744,3.9417898654937744,0.0,4.674437522888184,2.5649493574615367,2.5649493574615367,0.0,0.0,0.7574249505996704,0.55806964635849,0.9338687062263489,0.1263754665851593,0.2082887760596785,0.6406294712675262,0.7161703476039238,0.41976872086524963,0.4150104324022929,0.003971895202994347,0.042362701147794724,0.005736172199249268,0.001667277368771758,0.28732875089108656,0,0.07527741178651101,0,TN,0.06843306124210358,0,0.07006151229143143,0,TN
halueval-7246,halueval,0,-5.255860328674316,-3.7966399590174356,0.055047119657198586,0.0780287801328688,1.126242599139611,2.6833786964416504,1.3831783257152135,3.7966399590174356,1.2992829841302609,1.3862943611198906,0.45574639440832615,0.1,0.46357494592666626,0.12434794008731842,1.0,0.36758047342300415,0.5748524575006603,0.04089571054791545,0.23302162652362757,0.41705322265625,0.4014933109283447,0.104808010160923,0.3285023868083954,0.017456233501434326,0.043710518397801934,0.21527415996245097,0,0.7084446984107493,1,FP,0.6224162578582764,1,0.731354296207428,1,FP
halueval-7256,halueval,1,-7.693055152893066,-1.2822290240622929,0.618188935242043,0.40968836050009433,0.5476784323850139,2.1690778732299805,0.638995049565933,1.2822290240622929,0.9343092373768334,1.6094379124341003,0.7108522572570224,1.0,0.9999998807907104,0.9999998807907104,0.9999998807907104,0.0,0.990750902430792,0.000711695474765315,0.00498039652198664,0.48462504148483276,0.46247653166453045,0.2945300340652466,0.3120337426662445,0.027314603328704834,0.14273662997739933,0.8684008418305382,1,0.9209190466806687,1,TP,0.971252977848053,1,0.9678223729133606,1,TP
halueval-7263,halueval,0,-1.6126282215118408,-0.40706582136044744,0.7959554716944695,0.39777267137028394,0.6959663120796904,2.6676788330078125,1.3151793454496556,0.4070658213604475,0.8109302162163288,1.0986122886681098,0.4054651081081644,0.1,0.7591040134429932,0.4531712830066681,1.0,0.2339836210012436,0.6699016596441144,0.003950826732270579,0.167024583544078,0.7370100021362305,0.4783596595128377,0.49661239981651306,0.4357164800167084,0.32350853085517883,0.36600830584964683,0.15438095208677025,0,0.279001117205153,0,TN,0.028533173725008965,0,0.07444888353347778,0,TN
halueval-7265,halueval,1,-6.999056339263916,-0.7764463749181232,0.8420633406220825,0.3406346781720066,0.4073227578279757,2.8955767154693604,0.8541175481380037,0.7764463749181232,1.37147927533475,3.1780538303479458,1.9190579100130996,0.0,0.3898809552192688,0.13492907583713531,0.9511351585388184,0.29667407274246216,0.28463077050726204,0.20843132503709647,0.4619002772649172,0.9834230542182922,0.5626988510290781,0.643154501914978,0.36438965797424316,0.6282875835895538,0.6324929646074722,0.8316380688521324,1,0.512056362777873,1,TP,0.7498880624771118,1,0.7179369330406189,1,TP
halueval-7268,halueval,1,-8.512483596801758,-0.5080814313257255,0.891802980962287,0.26097343421080044,0.3388632825161848,4.067904949188232,0.7684499809761312,0.5080814313257254,1.8718021769015913,4.6443908991413725,3.0149714634876537,0.1,0.6980661153793335,0.45349669456481934,1.0,0.15027880668640137,0.5314041686239588,0.02737542824234875,0.24798562980919492,0.4475352168083191,0.3946449359258016,0.46911442279815674,0.2092491239309311,0.0776415467262268,0.20994522491488254,0.9410091173464017,1,0.8672210714388445,1,TP,0.7422382235527039,1,0.5216416716575623,1,TP
halueval-729,halueval,1,-11.782245635986328,-3.520503875799477,0.39085768217603345,0.442124345119516,0.9518450670875609,1.9360036849975586,0.7355442585446926,3.520503875799477,4.51906748693468,6.56244409369372,5.52152803899319,0.1,0.6775797009468079,0.4203406274318695,1.0,0.18151068687438965,0.5877990258022883,0.008864780438439402,0.21053287731807555,0.5556502342224121,0.44889116287231445,0.2995437979698181,0.27054211497306824,0.14324527978897095,0.16644158150180033,0.7519023431746338,1,0.7625310520034427,1,TP,0.7955178022384644,1,0.8223156332969666,1,TP
halueval-7291,halueval,1,-6.240703582763672,-1.9536280123406455,0.5533755078213289,0.46832859186122483,0.7212636008731682,1.9196559190750122,0.743432303137009,1.9536280123406455,1.4733057381095203,2.833213344056216,1.761694805746144,0.4,0.7980751991271973,0.6634587049484253,1.0,0.16487088799476624,0.6943086111932317,0.1592076537485318,0.23244952127764995,0.44848451018333435,0.4035699665546417,0.23052504658699036,0.2121824473142624,0.018605321645736694,0.1033869126035567,0.7437168565613392,1,0.7318317348683648,1,TP,0.8942389488220215,1,0.7687429785728455,1,TP
halueval-7299,halueval,0,-0.34490248560905457,-0.20248351463427147,0.8256690700848898,0.15275697343885902,1.3247199698040883,2.450211763381958,1.2266174285131437,0.20248351463427156,0.6931471805599453,0.6931471805599453,0.0,0.6,0.8851693272590637,0.7129234075546265,0.9999998807907104,0.14063817262649536,0.7925067542539745,0.0036119848902093077,0.10555261531811735,0.6814318895339966,0.5684164067109426,0.6902022957801819,0.5760855078697205,0.13361811637878418,0.47032585457419174,0.04364496512523711,0,0.16332940183652153,0,TN,0.008566710166633129,0,0.040167324244976044,0,TN
halueval-7327,halueval,1,-13.92732048034668,-4.400105105979102,0.24508667792533093,0.3268990558424863,1.7485184839793615,2.682091474533081,0.5976155911096881,4.400105105979102,6.035823137636573,7.970049304976135,6.996061306973284,0.3,0.6845853924751282,0.4515646696090698,0.9999997615814209,0.2152722179889679,0.6441241479609396,0.0034383916295095142,0.1796571218342849,0.4703511595726013,0.4497448404630025,0.3535535931587219,0.2544454336166382,0.024013638496398926,0.16629434251326458,0.765775761430533,1,0.761238246685591,1,TP,0.8953987956047058,1,0.900458574295044,1,TP
halueval-7341,halueval,1,-8.632543563842773,-3.448320434532232,0.2750533501449455,0.3607040793001522,2.177015021443367,4.40597677230835,1.395231224387808,3.448320434532232,3.482948031680848,5.231108616854587,4.145309646075372,0.1,0.40794748067855835,0.07299742847681046,1.0,0.29247161746025085,0.3328924099635473,0.29002339477144135,0.478565492403947,0.44644540548324585,0.39021575450897217,0.3493219017982483,0.18519026041030884,0.06701654195785522,0.15595315809249755,0.7497828451565357,1,0.6983356513512425,1,TP,0.7300084829330444,1,0.7282366156578064,1,TP
halueval-7375,halueval,1,-3.2704591751098633,-0.852545995824039,0.5982373807579279,0.3628653760389008,1.1857521337457002,2.7100272178649902,0.9233562435173372,0.8525459958240389,0.9932517730102833,1.791759469228055,0.8490792056417739,0.2,0.7286849617958069,0.5392160415649414,1.0,0.20593228936195374,0.5666099384881759,0.02962181283863316,0.23150593717522863,0.5349027514457703,0.4113164444764455,0.4148699641227722,0.3069588243961334,0.16496196389198303,0.22191508530147885,0.4395827138356152,0,0.5772203181764538,1,TP,0.7885870337486267,1,0.7107776999473572,1,TP
halueval-7383,halueval,1,-10.847879409790039,-1.1360795819863496,0.8577348823920248,0.33058828715111704,0.13098018071226156,1.590322732925415,0.3700045637449274,1.1360795819863496,0.9808292530117262,2.5649493574615367,1.278032932830253,1.0,0.9739230275154114,0.9565384387969971,1.0,0.02129172906279564,0.9808844516534982,0.0009457969246814017,0.010030672635591644,0.8235111236572266,0.5129230320453644,0.8192864060401917,0.5147965550422668,0.455322802066803,0.674691468835249,0.9655132431235042,1,0.9774543224591048,1,TP,0.8736825585365295,1,0.9418125748634338,1,TP
halueval-7403,halueval,0,-0.4247511029243469,-0.4247511029243469,0.653932511806488,0.0,1.8807986974716187,1.8807986974716187,0.0,0.42475110292434687,0.6931471805599453,0.6931471805599453,0.0,1.0,1.0,1.0,1.0,0.0,0.9908028039450938,0.0006792228877288505,0.004938209471317445,0.6131998300552368,0.489372859398524,0.16947458684444427,0.08159410208463669,0.1843603551387787,0.1039217878516947,0.18504739219752003,0,0.04578474195847901,0,TN,0.018378732725977898,0,0.016299258917570114,0,TN
halueval-7405,halueval,1,-7.382894992828369,-1.2342874444038898,0.6972417505530757,0.40004690608244364,0.37196925372700207,1.1868373155593872,0.3919812133312682,1.2342874444038898,1.0116009116784799,1.9459101490553132,0.9441247589705497,0.4,0.8878604173660278,0.8170744180679321,0.9999999403953552,0.08146955072879791,0.6373006202999745,0.04451569380149939,0.2036075367507624,0.583195149898529,0.44446296493212384,0.5815019607543945,0.4227195978164673,0.19879159331321716,0.3391291231684477,0.7506113820815148,1,0.91182927062663,1,TP,0.959169328212738,1,0.9629401564598083,1,TP
halueval-7407,halueval,1,-5.4499897956848145,-0.7976755561941218,0.7446712887613103,0.37558667621214253,0.576194097960979,2.673757553100586,0.7792143346301176,0.7976755561941218,1.0775588794702773,2.4849066497880004,1.2062418876036818,0.3,0.5489305257797241,0.2705654501914978,1.0,0.3156523108482361,0.6328015300084887,0.009483381258547249,0.18834092562502922,0.5308072566986084,0.4406461715698242,0.5407133102416992,0.5216667056083679,0.11218142509460449,0.2870145488698199,0.8385545624277896,1,0.9792984856083256,1,TP,0.9243791103363037,1,0.9445868730545044,1,TP
halueval-7431,halueval,0,-0.7756360769271851,-0.1388159104670714,0.8971691812787738,0.20217587999077108,0.3811966187453696,1.967893123626709,0.7315795347712559,0.1388159104670713,0.6931471805599453,0.6931471805599453,0.0,0.4,0.8075413703918457,0.6792356967926025,1.0,0.157141774892807,0.6868389070085159,0.0048890542551133995,0.15902507362329868,0.5985254049301147,0.40349726875623065,0.755402147769928,0.32980045676231384,0.27571702003479004,0.4521273763790745,0.0846287166382327,0,0.1443567385108265,0,TN,0.0069580995477736,0,0.018668973818421364,0,TN
halueval-7482,halueval,1,-14.257502555847168,-1.6558115977530927,0.7110605455568342,0.38812734024863815,0.6759980414593455,3.5479509830474854,1.049978340355619,1.6558115977530927,2.392533329656985,5.017279836814924,3.613513854821475,0.1,0.5174606442451477,0.1019926592707634,1.0,0.31139981746673584,0.3958703893965779,0.328844698638993,0.46648715462120754,0.8907489776611328,0.536374052365621,0.5560015439987183,0.3535151481628418,0.48796546459198,0.49525780689486965,0.986376450466302,1,0.9550688302160801,1,TP,0.9406001567840576,1,0.9275941848754883,1,TP
halueval-749,halueval,0,-3.3740956783294678,-1.7553018555045128,0.45332420244812965,0.5926617292338919,1.3642846941947937,2.2142014503479004,1.20196380343987,1.7553018555045128,1.252762968495368,1.6094379124341003,1.1382560993413577,0.0,0.6814164519309998,0.48834681510925293,0.8242648243904114,0.10773899406194687,0.32667504452323587,0.005359140974908736,0.33934204822583647,0.6508302688598633,0.5476444661617279,0.18635836243629456,0.18001055717468262,0.15471935272216797,0.12128766312869743,0.2962752927441637,0,0.07963090809683275,0,TN,0.059059251099824905,0,0.03379937633872032,0,TN
halueval-7533,halueval,1,-16.889842987060547,-3.33684845251643,0.5429647520398939,0.44203091174564063,0.7434005496688769,2.561518430709839,0.8950882084641063,3.33684845251643,6.699397707637341,8.957510510291613,7.723872142137161,0.4,0.9223740696907043,0.8706232905387878,1.0,0.0633813887834549,0.6953570490446702,0.0018742286542670823,0.15325858980479848,0.604218602180481,0.4061496953169505,0.5548830032348633,0.2619216740131378,0.2946831285953522,0.3352706325882764,0.6869755638564182,1,0.6046651291376026,1,TP,0.8976929783821106,1,0.837857186794281,1,TP
halueval-7559,halueval,1,-5.631269454956055,-1.655100299140031,0.5882739785010926,0.48066610756454653,0.5483054724754766,1.9449281692504883,0.9348844688163569,1.655100299140031,0.8109302162163288,1.0986122886681098,0.4054651081081644,1.0,0.9835600852966309,0.9726001620292664,1.0,0.013423124328255653,0.9874341299812371,0.0012361100998004144,0.00690099005928166,0.7720890045166016,0.4710881511370341,0.060598328709602356,0.06344762444496155,0.44684267044067383,0.04678730328876668,0.6579527455786083,1,0.3618870420691499,0,FN,0.5119521617889404,1,0.37337344884872437,0,FN
halueval-7565,halueval,0,-5.057093620300293,-2.644092872738838,0.4000151965301484,0.5567068181297083,0.5356562435626984,0.6689052581787109,0.18844256364281575,2.644092872738838,1.0986122886681098,1.3862943611198906,0.881373587019543,0.1,0.6032174825668335,0.35666847229003906,1.0,0.27876022458076477,0.5954224756171116,0.03706918320553723,0.2208233537942128,0.6469533443450928,0.4523647626241048,0.209621399641037,0.07453271001577377,0.27981579303741455,0.1356152655440681,0.7744586349036198,1,0.5376708766093998,1,FP,0.1739395707845688,0,0.10754493623971939,0,TN
halueval-7566,halueval,1,-9.339609146118164,-1.6776548087291303,0.6717091810767836,0.41809105534168084,0.5894590520210014,1.5677410364151,0.6053277347462491,1.6776548087291303,2.3978952727983707,4.477336814478207,3.2879388667741467,1.0,1.0,1.0,1.0,0.0,0.9892126699325952,0.0005018429592298635,0.005644586513317416,0.6788686513900757,0.5139459172884623,0.7012956738471985,0.5013360381126404,0.21719610691070557,0.476087648330342,0.8653992204332893,1,0.9436135525308126,1,TP,0.9693865776062012,1,0.97368323802948,1,TP
halueval-7601,halueval,1,-9.318631172180176,-0.9256923759655105,0.7134145722323281,0.3765993156805505,0.5690471677338792,2.525120258331299,0.7635193364446291,0.9256923759655105,1.1541821398229204,3.1780538303479458,1.6288404872162723,1.0,1.0,1.0,1.0,0.0,0.9882055694195394,0.002516028932190413,0.00715522975632563,0.5425018668174744,0.4734456539154053,0.7173082232475281,0.4673299789428711,0.10204958915710449,0.38914105019530965,0.9508604324939377,1,0.9857977833015358,1,TP,0.9764989018440247,1,0.9769168496131897,1,TP
halueval-7672,halueval,1,-14.101788520812988,-1.9818574654689296,0.6775292406471299,0.41904473897627154,0.6562084361025882,4.728654384613037,1.0894950131833268,1.9818574654689296,4.232293267473079,6.873163834212518,5.420574168783279,1.0,1.0,1.0,1.0,0.0,0.9892184396715347,0.002180919357524219,0.006481239842994728,0.4422920346260071,0.44025283058484393,0.3647429943084717,0.3105269968509674,0.0009407401084899902,0.16132292106827606,0.9726087612136233,1,0.9683484694264846,1,TP,0.9560728669166565,1,0.9546734690666199,1,TP
halueval-7750,halueval,1,-12.12240982055664,-1.9026821527786524,0.5238034622159603,0.37026383475575164,1.546653750387486,4.7790632247924805,1.283261935767048,1.9026821527786524,4.728272383122075,7.680637427560936,6.182766482549694,0.3,0.4730762839317322,-0.0189623162150383,1.0,0.41312694549560547,0.3320098627868503,0.6050688030795373,0.6365294701463435,0.47689613699913025,0.3753497004508972,0.4989311695098877,0.2929033935070038,0.1495884358882904,0.23793834736772368,0.8981072381794969,1,0.9249690717126606,1,TP,0.815111517906189,1,0.8540191054344177,1,TP
halueval-7769,halueval,0,-0.648880660533905,-0.16634395596338436,0.8765523582696915,0.23598842577868304,0.4102582377381623,1.5016288757324219,0.7285422971292163,0.16634395596338428,0.6931471805599453,0.6931471805599453,0.0,1.0,0.9391353726387024,0.9024667143821716,0.9999997615814209,0.043223001062870026,0.9388239646324508,0.01310527090215181,0.03714065313485049,0.4969356656074524,0.4580032726128896,0.05858216807246208,0.09761760383844376,0.056283146142959595,0.02911156868381659,0.08957880542802041,0,0.03356657291701876,0,TN,0.007972299121320248,0,0.00837865099310875,0,TN
halueval-7788,halueval,0,-1.8958545923233032,-1.8958545923233032,0.15018993616104126,0.0,3.686781406402588,3.686781406402588,0.0,1.8958545923233032,1.0986122886681098,1.0986122886681098,0.0,0.3,0.7051644921302795,0.5110397338867188,1.0,0.19503331184387207,0.29658224293068697,0.6990956921565268,0.7012567246129199,0.39345329999923706,0.3577500681082408,0.011916917748749256,0.021125411614775658,0.048108696937561035,0.004688750614064874,0.3667149187539036,0,0.13060209438023998,0,TN,0.12297309935092926,0,0.10952761769294739,0,TN
halueval-7807,halueval,0,-1.4711686372756958,-0.21154132370043044,0.8885826809065682,0.2905787596325551,0.1458285294174857,0.9486455321311951,0.3548693381063676,0.2115413237004304,0.7621400520468967,1.0986122886681098,0.32060739069832367,0.0,0.7086862325668335,0.47921350598335266,0.9970327615737915,0.16526566445827484,0.542591325562577,0.07361906054703152,0.2655138674922272,0.617939829826355,0.4639970660209656,0.5014287233352661,0.3776644170284271,0.22882398962974548,0.3098527799678408,0.1415753830740335,0,0.26761881581609837,0,TN,0.08485347032546997,0,0.07508520781993866,0,TN
halueval-7836,halueval,0,-6.901867866516113,-6.901867866516113,0.0010059047490358353,0.0,4.215115070343018,4.215115070343018,0.0,6.901867866516113,4.330733340286331,4.330733340286331,0.0,0.0,0.5532152652740479,0.24607083201408386,0.796024739742279,0.2216361165046692,0.13445909091632963,0.641880185253785,0.7537105471687277,0.7978048324584961,0.5393580396970113,0.3456001579761505,0.3622945547103882,0.3874880373477936,0.27572147613179254,0.25190794550776435,0,0.2745690326501387,0,TN,0.2579614818096161,0,0.24133014678955078,0,TN
halueval-7848,halueval,1,-8.701517105102539,-1.6794840039137853,0.5339307944319444,0.417180572500294,0.8598295993891952,3.1559596061706543,0.9885841243224796,1.6794840039137853,1.7749523509116738,3.6109179126442243,2.479786747606002,0.3,0.9186847805976868,0.8437925577163696,1.0,0.060845520347356796,0.5932904212110195,0.015341954430289429,0.2110257666096349,0.46010977029800415,0.420440673828125,0.6785749793052673,0.4466041028499603,0.054263144731521606,0.3122189778581195,0.8567455439216715,1,0.9633795871584333,1,TP,0.9633195400238037,1,0.9612934589385986,1,TP
halueval-7859,halueval,0,-2.453583240509033,-0.490826050445321,0.8170875862240792,0.4086988148108761,0.578920776443556,2.88814115524292,1.2908934790520021,0.490826050445321,0.8754687373538999,1.3862943611198906,0.6389165189617602,0.3,0.8113835453987122,0.5718603730201721,1.0,0.1355045884847641,0.6362997847414896,0.01247123252673994,0.18808572389262512,0.6904059648513794,0.47341928879419964,0.2633664906024933,0.10247143357992172,0.32037317752838135,0.18182979605393612,0.23461106810498283,0,0.0512010395617804,0,TN,0.05558905377984047,0,0.036217741668224335,0,TN
halueval-7893,halueval,1,-4.71553897857666,-3.7413818359375,0.036463070660829544,0.03465199752750758,2.3092869400978087,3.6651930809020996,1.2192973834895118,3.7413818359375,2.0541237336955462,2.6390573296152584,1.5478499364822156,0.1,0.4281880855560303,0.14234140515327454,1.0,0.3102989196777344,0.4132844235484564,0.44135780354656734,0.5140366899990555,0.7426209449768066,0.3977916439374288,0.4550821781158447,0.21080398559570312,0.5103492438793182,0.33795355715449205,0.2100838072550787,0,0.26942978889286845,0,FN,0.4790116548538208,0,0.4044440984725952,0,FN
halueval-7919,halueval,1,-6.755295276641846,-0.706048673776807,0.781363435577637,0.3457726619334735,0.4492217357155124,2.6071574687957764,0.7134289893809044,0.7060486737768071,0.8023464725249373,1.6094379124341003,0.5367055434380469,1.0,0.9829059839248657,0.9715098738670349,1.0,0.013957254588603973,0.9079321570863904,0.03212953123199658,0.062098687072803,0.7600277662277222,0.5134991407394409,0.7844668626785278,0.49343666434288025,0.33433008193969727,0.5962165973212308,0.8116650874902521,1,0.8754086900184495,1,TP,0.9481444954872131,1,0.9611392617225647,1,TP
halueval-7929,halueval,1,-5.682828426361084,-0.9130466790315781,0.7007380418513937,0.39325130138503867,0.7182068923397714,2.4345479011535645,0.8143673049400175,0.9130466790315782,1.0736109864626924,2.3978952727983707,1.1407226614726402,1.0,0.993689239025116,0.9842230677604675,1.0,0.007729086559265852,0.9784128247383566,0.001873024331978656,0.01173009979681111,0.4082036018371582,0.3725996712843577,0.27495068311691284,0.3905980587005615,0.02712056040763855,0.11223585917591095,0.7692460992372406,1,0.9478675176224668,1,TP,0.9533697366714478,1,0.9624421000480652,1,TP
halueval-7952,halueval,1,-10.69204330444336,-3.6301203651043275,0.2875912669762026,0.3543895752744019,0.8172922292724252,2.558656692504883,0.7209936616033452,3.6301203651043275,1.777773227253315,3.2188758248682006,2.0809946902674565,1.0,1.0,1.0,1.0,0.0,0.9847103646274988,0.0023631051783007994,0.008826370275401129,0.6429013609886169,0.49851473172505695,0.6377629637718201,0.4607678949832916,0.19872647523880005,0.4100186773970371,0.9522603245374306,1,0.9863745574901649,1,TP,0.9469345211982727,1,0.9573709964752197,1,TP
halueval-7958,halueval,1,-2.258511543273926,-0.4103537683751291,0.756515424985152,0.29094905830651774,0.9008432590008641,3.032020092010498,0.904440588721811,0.4103537683751291,0.7672551527136672,1.3862943611198906,0.441282727187758,0.0,0.8812700510025024,0.8287887573242188,0.9749131202697754,0.05335673317313194,0.3261514006705861,0.4767832440512776,0.5753159216903457,0.4932011365890503,0.4769509732723236,0.2959156632423401,0.3024942874908447,0.010045796632766724,0.14594594144562478,0.13404654258174473,0,0.10925125721396425,0,FN,0.8206853866577148,1,0.6737106442451477,1,TP
halueval-8009,halueval,0,-8.557507514953613,-8.557507514953613,0.0001920974609674886,0.0,2.0818824768066406,2.0818824768066406,0.0,8.557507514953613,4.406719247264253,4.406719247264253,0.0,0.2,0.7863985300064087,0.617769718170166,1.0,0.1226336881518364,0.5936033366296823,0.0033620996903796904,0.20487938153034863,0.8851727247238159,0.5698269009590149,0.31922146677970886,0.23991139233112335,0.46888262033462524,0.282566135539728,0.17201345379056412,0,0.14410533397816505,0,TN,0.11797697097063065,0,0.12550878524780273,0,TN
halueval-8099,halueval,0,-10.748355865478516,-2.693178172714397,0.7439703104837463,0.49604422449736546,0.39416997000807896,1.3462653160095215,0.6399027556136596,2.693178172714397,3.7256934272366524,5.075173815233827,4.382026634673881,0.1,0.6048378944396973,0.40943047404289246,1.0,0.22649045288562775,0.26364828917446664,0.05310387342185492,0.3947277921236941,0.5387386679649353,0.460365891456604,0.43593430519104004,0.25268885493278503,0.1000281572341919,0.2348546668988405,0.6173250686584649,1,0.5128742362483926,1,FP,0.5716460347175598,1,0.3428223431110382,0,TN
halueval-8120,halueval,0,-0.44169527292251587,-0.22105912861297838,0.8212613165378571,0.2521766064925046,0.6403907143976539,1.276300311088562,0.8993119760834872,0.22105912861297847,0.6931471805599453,0.6931471805599453,0.0,0.4,0.9855006337165833,0.9758344888687134,1.0,0.011838546954095364,0.9749689366441995,0.010835934780520163,0.01793349906816031,0.949171781539917,0.6407210429509481,0.29511958360671997,0.30735456943511963,0.45276567339897156,0.2801191809393089,0.03827569745832127,0,0.01596409588538532,0,TN,0.009207316674292088,0,0.017156289890408516,0,TN
halueval-814,halueval,1,-4.815836429595947,-0.883790364205197,0.7602194634576639,0.37674092761719963,0.6790273912483826,1.982643961906433,0.7201386659147632,0.8837903642051971,1.041453874828161,1.9459101490553132,1.112265804530245,0.0,0.6726370453834534,0.2674766182899475,0.9656099081039429,0.20928673446178436,0.3483917391237319,0.21682633026447756,0.4342172955703728,0.624519944190979,0.45398709177970886,0.45353758335113525,0.25081828236579895,0.24886593222618103,0.2832432662429625,0.4932399687984922,0,0.3662741305498811,0,FN,0.8381247520446777,1,0.6796982884407043,1,TP
halueval-8142,halueval,1,-7.080950736999512,-1.2560888447846992,0.6562149923136329,0.40800799960607853,0.9768458056350937,4.586014270782471,1.2536624615711436,1.2560888447846992,1.9379419794061366,4.2626798770413155,2.753334944122429,0.1,0.4123620390892029,0.07215262204408646,1.0,0.2809928059577942,0.17447497871079495,0.7543903559904933,0.7899576886398492,0.7431669235229492,0.5795181592305502,0.772174060344696,0.5475628972053528,0.24403202533721924,0.5738542208505919,0.8639085929471407,1,0.8962073949338072,1,TP,0.9312949776649475,1,0.9091536402702332,1,TP
halueval-8214,halueval,0,-6.8960981369018555,-3.4714779406785965,0.47761744062881917,0.674022266547583,1.555432915687561,2.7107701301574707,1.6338935578176994,3.4714779406785965,3.091042453358316,3.7376696182833684,3.377050554392157,0.0,0.8817228078842163,0.8143946528434753,0.9850125312805176,0.05347089096903801,0.23548302845657032,0.04837090940603886,0.4064439404747343,0.735063910484314,0.46164246400197345,0.6346325874328613,0.3241734504699707,0.4100845456123352,0.46649551143917733,0.17438974561665027,0,0.11311147234597758,0,TN,0.17293165624141693,0,0.2034067064523697,0,TN
halueval-824,halueval,1,-6.545539855957031,-1.2502326422036276,0.6528802551256376,0.4238632723439364,0.6125515344901942,2.2864468097686768,0.6652045713639032,1.2502326422036276,1.1977031913123406,2.8903717578961645,1.6084994222288191,1.0,0.9828906059265137,0.9714844226837158,1.0,0.013969678431749344,0.9884819112905037,0.0014462775198840652,0.0064821831146902095,0.4428163468837738,0.36484572291374207,0.3950120806694031,0.3268115520477295,0.11065873503684998,0.17491780653698363,0.8857330261796278,1,0.9629900973978452,1,TP,0.9488016963005066,1,0.9450103044509888,1,TP
halueval-8295,halueval,0,-1.0966662168502808,-0.27549977587329977,0.8321657404303551,0.3321304402153897,0.7402733823482777,2.9079477787017822,1.4453021223694902,0.2754997758732998,0.6931471805599453,0.6931471805599453,0.0,0.6,0.8476951718330383,0.627832293510437,1.0,0.17611843347549438,0.7686403624772729,0.010748799216223636,0.12105421836947543,0.48622435331344604,0.4344148834546407,0.3025156557559967,0.05671541392803192,0.07767915725708008,0.14709047908715256,0.10029647329599635,0,0.023852792639338215,0,TN,0.018944596871733665,0,0.010862687602639198,0,TN
halueval-8306,halueval,0,-3.1271543502807617,-0.41765361061652584,0.8554280931130052,0.33203168149186396,0.478013815383747,2.873929023742676,0.9945414028493631,0.41765361061652584,0.9162907318741551,1.791759469228055,0.881373587019543,0.0,0.5266186594963074,0.3376223146915436,0.762698769569397,0.1391182541847229,0.3087329303736278,0.2895131971425176,0.4903901333844448,0.4305214285850525,0.3722041646639506,0.1738158017396927,0.08360166102647781,0.08366349339485168,0.07483142727562875,0.3054723733059077,0,0.08312998928706276,0,TN,0.23031407594680786,0,0.22661417722702026,0,TN
halueval-8420,halueval,0,-0.14277203381061554,-0.02895647953053932,0.9726781845092773,0.05128657374264347,0.13524081230155258,0.6694815158843994,0.25578209750895786,0.028956479530539404,0.6931471805599453,0.6931471805599453,0.0,1.0,1.0,1.0,1.0,0.0,0.9904434525056509,0.0008419697509992223,0.005199258622674254,0.8364368677139282,0.6070184508959452,0.41608893871307373,0.39292553067207336,0.31445056200027466,0.34803212858757604,0.0448529285853099,0,0.04338289176451752,0,TN,0.008374637924134731,0,0.011514698155224323,0,TN
halueval-8438,halueval,1,-5.229030132293701,-2.056918997684261,0.3902835868299007,0.43692071266739213,1.355797635950148,3.1650447845458984,1.1558136306413263,2.056918997684261,1.410986973710262,2.4849066497880004,1.4127753694416751,0.1,0.8066946864128113,0.6696126461029053,0.9999998807907104,0.09587991237640381,0.627647311075129,0.031346323577699814,0.20184950625128537,0.7379567623138428,0.5886176029841105,0.7869243025779724,0.5821180939674377,0.12299883365631104,0.5807161105165193,0.5976334411286762,1,0.7392019225851947,1,TP,0.8264933824539185,1,0.8423753380775452,1,TP
halueval-8459,halueval,1,-7.534104824066162,-1.3763452884114276,0.5576439552421036,0.41334444953198857,1.1818599647913988,2.6855931282043457,1.0094437467921098,1.3763452884114276,1.4954936530848826,3.4011973816621555,2.1631679826676073,1.0,0.9999998807907104,0.9999999403953552,0.9999999403953552,5.960464477539063e-08,0.9805435700602952,0.004764969983140413,0.012110699961422458,0.5047256946563721,0.4454244871934255,0.3775343894958496,0.35928621888160706,0.08829018473625183,0.19055130699496203,0.8713792385196205,1,0.9402638879850727,1,TP,0.9646090865135193,1,0.9675969481468201,1,TP
halueval-8469,halueval,0,-0.1708730161190033,-0.057366556328512765,0.9472342133522034,0.0903332529864616,0.34981390280881897,1.036109209060669,0.594382914177484,0.057366556328512855,0.6931471805599453,0.6931471805599453,0.0,1.0,0.9807740449905396,0.9679566621780396,1.0,0.015697967261075974,0.9890049119499839,0.0016072823116324072,0.006301185180824263,0.7865474224090576,0.5703380107879639,0.4416191577911377,0.2937808036804199,0.2467275857925415,0.34735441024707825,0.038811692079648644,0,0.018345606437864478,0,TN,0.009080544114112854,0,0.008573276922106743,0,TN
halueval-8479,halueval,0,-5.888768672943115,-0.6057587375871663,0.884216769784689,0.31189854552321317,0.22279706984991207,1.527956485748291,0.47584567364866487,0.6057587375871663,0.9932517730102833,2.1972245773362196,1.1673900496793532,0.6,0.7837903499603271,0.4594758152961731,1.0,0.26480168104171753,0.7900399848592908,0.02214258295633095,0.11605129904852013,0.49396300315856934,0.4479374686876933,0.14847470819950104,0.08070552349090576,0.05241513252258301,0.07334101275531779,0.7590785244869286,1,0.4120833942257174,0,TN,0.721372663974762,1,0.2848961353302002,0,TN
halueval-8532,halueval,0,-2.0342776775360107,-0.5390838917228393,0.7538756132125854,0.41864526887868353,0.7358340882929042,2.459697723388672,1.1674695177350702,0.5390838917228393,0.8109302162163288,1.0986122886681098,0.4054651081081644,0.3,0.9496227502822876,0.8611140251159668,1.0,0.05136628448963165,0.6405421254144508,0.0037015123273045855,0.18157969345642688,0.5360814929008484,0.4690728485584259,0.5369257926940918,0.28637003898620605,0.07353270053863525,0.28783598052442017,0.1411459156158003,0,0.1179396481623492,0,TN,0.05058576911687851,0,0.053451646119356155,0,TN
halueval-8545,halueval,0,-3.8156895637512207,-1.3393923093669098,0.612905773644646,0.5198609695320189,1.4126963244149617,3.248624324798584,1.6650993962553788,1.3393923093669098,1.2039728043259361,1.791759469228055,1.1967672294392158,0.0,0.5378803014755249,0.1639130860567093,0.9931925535202026,0.30333182215690613,0.57601847003559,0.17288198695659282,0.29843175846050135,0.8342615365982056,0.5440497497717539,0.6462537050247192,0.3223910331726074,0.423500657081604,0.5391446089862058,0.4076738060118565,0,0.20584067400270264,0,TN,0.07684963196516037,0,0.1016019955277443,0,TN
halueval-8586,halueval,0,-1.8079427480697632,-0.3081984233346399,0.8538872872789701,0.33821672268593156,0.12335278084113573,0.47829940915107727,0.18798485489094982,0.30819842333464,0.7731898882334818,1.0986122886681098,0.34234658484830527,1.0,1.0,1.0,1.0,0.0,0.9813350374985281,0.005436324194449002,0.012050643347960447,0.7589733600616455,0.5607340137163798,0.6714664697647095,0.4739343225955963,0.2329588532447815,0.5096251627260528,0.24522288953010035,0,0.3459427593937975,0,TN,0.02578578144311905,0,0.13791605830192566,0,TN
halueval-861,halueval,0,-0.8002412915229797,-0.2676752578505936,0.8154793977737427,0.31718981438882704,0.6239807739232978,1.8441873788833618,1.0567363556594016,0.26767525785059365,0.6931471805599453,0.6931471805599453,0.0,0.6,0.8091732263565063,0.5357949733734131,1.0,0.20539695024490356,0.7794134208937401,0.009885016182084472,0.11523579764417216,0.5221300721168518,0.45407355825106305,0.5751657485961914,0.2820200026035309,0.07061606645584106,0.3003113337936725,0.0983539613563472,0,0.13100551987385178,0,TN,0.014829767867922783,0,0.01097867637872696,0,TN
halueval-8673,halueval,0,-0.7016662955284119,-0.142138069896464,0.8973502516746521,0.22450387743307734,0.3632975652522873,1.7212657928466797,0.7593562844457203,0.14213806989646408,0.6931471805599453,0.6931471805599453,0.0,0.4,0.7128902673721313,0.5214837789535522,1.0,0.23442412912845612,0.4005493923298439,0.5909254398484574,0.5951880237593067,0.8395498394966125,0.568411389986674,0.19666707515716553,0.22865349054336548,0.39914003014564514,0.16511181138246656,0.046109324538806534,0,0.020994763566307025,0,TN,0.010592923499643803,0,0.009914610534906387,0,TN
halueval-8678,halueval,0,-1.6475205421447754,-0.42883287004951853,0.7814606092870235,0.39292830308443916,0.2821532061789185,0.7268717288970947,0.30985273709597044,0.4288328700495186,0.8109302162163288,1.0986122886681098,0.4054651081081644,0.6,0.8698617219924927,0.6602857112884521,1.0,0.123781718313694,0.5747914102623295,0.39749702106049256,0.41135280539908153,0.36193549633026123,0.3306210935115814,0.08647408336400986,0.10044737905263901,0.04336285591125488,0.03129804028205729,0.1738792536367413,0,0.13565467139202386,0,TN,0.06694070994853973,0,0.06081119179725647,0,TN
halueval-8745,halueval,0,-2.9472484588623047,-1.47397148469463,0.525894820690155,0.6695041215884011,1.1112349620088935,2.212873935699463,1.5579527774319806,1.47397148469463,1.252762968495368,1.6094379124341003,1.1382560993413577,0.3,0.8467808961868286,0.6934450268745422,1.0,0.12225913256406784,0.657395384003026,0.031056508321901398,0.1868305621594377,0.6040092706680298,0.4279766281445821,0.6152909994125366,0.3231219947338104,0.26370587944984436,0.3716414678037694,0.22392644919591917,0,0.3393813914386081,0,TN,0.024752581492066383,0,0.03174080327153206,0,TN
halueval-8787,halueval,0,-6.679755687713623,-3.4138079211115837,0.43190391681855544,0.6090280045276866,2.0800036638975143,3.7239410877227783,2.3248786004663753,3.4138079211115837,3.4965075614664802,4.1588830833596715,3.803114434717644,0.0,0.6302569508552551,0.39138007164001465,0.9417024254798889,0.2138420194387436,0.46772282887598615,0.01158754135192328,0.27193235623796863,0.6429775357246399,0.4669407308101654,0.3672448396682739,0.2779236435890198,0.2599242031574249,0.23613018201749725,0.13346208701157136,0,0.11254451954515948,0,TN,0.24291345477104187,0,0.28761109709739685,0,TN
halueval-8796,halueval,0,-1.9974844455718994,-0.5010434994583193,0.7822504974901676,0.43105562251157464,1.185562294209376,4.67418909072876,2.32585873980626,0.5010434994583193,0.6931471805599453,0.6931471805599453,0.0,0.0,0.32203036546707153,0.15693819522857666,0.6352465152740479,0.11988862603902817,0.0034734870233358492,0.8164066475106422,0.9064665802436531,0.7714565992355347,0.4907343089580536,0.45648640394210815,0.28428030014038086,0.41695791482925415,0.3521594487824373,0.0541863517080144,0,0.01807138285142364,0,TN,0.04684837535023689,0,0.05600076913833618,0,TN
halueval-8815,halueval,0,-0.10922405123710632,-0.027395112915655773,0.9740432798862457,0.05167594757095987,0.19146099867066368,0.76118403673172,0.3798173225291835,0.027395112915655693,0.6931471805599453,0.6931471805599453,0.0,1.0,1.0,1.0,1.0,0.0,0.9894515140181849,0.0025136832892583777,0.006531084635536691,0.5024092793464661,0.3987780809402466,0.5475672483444214,0.37005743384361267,0.1396828293800354,0.27510286663444816,0.03762978711264183,0,0.17043481194002738,0,TN,0.008374637924134731,0,0.010297880508005619,0,TN
halueval-8833,halueval,1,-12.191883087158203,-3.6090919754467903,0.41596790280809726,0.506552341084751,0.6838215060532093,2.3806304931640625,0.9738170758764081,3.6090919754467903,3.1441522786722644,4.6443908991413725,3.8326588496153122,0.3,0.7726337313652039,0.6141891479492188,1.0,0.1557127833366394,0.6878220170191863,0.003846352236957294,0.15801216760888542,0.48548048734664917,0.47519877552986145,0.173151433467865,0.21283181011676788,0.0017423927783966064,0.08406164230475,0.8991695258179425,1,0.843940596309442,1,TP,0.6783976554870605,1,0.6612111330032349,1,TP
halueval-886,halueval,0,-0.8915578722953796,-0.10434614902223985,0.9268954008817673,0.1868656975264385,0.26433408553239135,2.1497135162353516,0.6795265237644362,0.10434614902223993,0.6931471805599453,0.6931471805599453,0.0,0.3,0.6389510035514832,0.3554151654243469,1.0,0.26266518235206604,0.6425298389554548,0.012515026031445432,0.18499259353799533,0.7009179592132568,0.6065147519111633,0.13873592019081116,0.11659475415945053,0.13896900415420532,0.09724249804971663,0.13748938921426876,0,0.019926509039508083,0,TN,0.00947957206517458,0,0.008296607062220573,0,TN
halueval-8864,halueval,0,-6.576295852661133,-1.3153786309238058,0.800159152247943,0.4465238600295458,0.38004669022047893,1.8930530548095703,0.8457967263641805,1.3153786309238058,1.9459101490553132,3.295836866004329,2.499823167269985,1.0,1.0,1.0,1.0,0.0,0.9910745726080903,0.0008078658844640626,0.004866646638186949,0.8284012079238892,0.6025632421175638,0.47602298855781555,0.4923934042453766,0.3093324899673462,0.39433801872083407,0.6419637472174056,1,0.7109991797205542,1,FP,0.5823553204536438,1,0.9080214500427246,1,FP
halueval-8958,halueval,1,-8.653739929199219,-2.3067638110369444,0.5036410133136087,0.4311566944261748,0.8665032215416432,1.3544505834579468,0.3968005460474581,2.3067638110369444,2.0794415416798357,3.871201010907891,2.733806016094083,0.0,0.9063502550125122,0.8364361524581909,0.9530755877494812,0.034985288977622986,0.06108070688061088,0.6432918805740597,0.7911055868467245,0.7453489899635315,0.4573693672815959,0.40289050340652466,0.38726040720939636,0.4304354190826416,0.3002940297799519,0.5671614069643063,1,0.6570499147469473,1,TP,0.8342113494873047,1,0.8333471417427063,1,TP
halueval-8965,halueval,0,-12.024845123291016,-12.024845123291016,5.993441845930647e-06,0.0,0.5318494439125061,0.5318494439125061,0.0,12.024845123291016,3.4657359027997265,3.4657359027997265,0.0,0.0,0.8673030734062195,0.7839651107788086,0.9577356576919556,0.05969782546162605,0.6068937854360504,0.08874150793798104,0.24092386125096538,0.6997887492179871,0.5546839038530985,0.026250768452882767,0.024393722414970398,0.21593225002288818,0.018369992421653825,0.3549446121161789,0,0.15040733217161945,0,TN,0.06380616873502731,0,0.0732916072010994,0,TN
halueval-8973,halueval,1,-7.3096723556518555,-1.108261058538547,0.7551994755049236,0.39702085886974786,0.21955534200755852,0.8369659781455994,0.2940946208138548,1.108261058538547,0.9044562742271522,1.791759469228055,0.7263740448554356,1.0,0.9886046648025513,0.9810077548027039,1.0,0.009304261766374111,0.9686903554997437,0.002543864331872411,0.0169267544160643,0.71463543176651,0.4866419831911723,0.07411318272352219,0.07903369516134262,0.3417624235153198,0.05296390633521453,0.820475879879456,1,0.5334625991682149,1,TP,0.8186542987823486,1,0.3913843333721161,0,FN
halueval-8991,halueval,1,-11.010743141174316,-1.0898985709932036,0.7194686782296278,0.4027304331020137,0.7417546582858593,4.387758255004883,1.1868517732718884,1.0898985709932036,1.3528464270523506,3.9318256327243257,2.2091484887075845,0.3,0.6041186451911926,0.38206586241722107,0.9999998211860657,0.2639870047569275,0.34844886470536246,0.5862009064930583,0.618876020893848,0.7187637090682983,0.5341198941071829,0.7664105892181396,0.5246626138687134,0.21137076616287231,0.55086811777565,0.9789179396219848,1,0.9825227915053355,1,TP,0.9502056241035461,1,0.9567418098449707,1,TP
halueval-9003,halueval,0,-0.7165921330451965,-0.18645813010031512,0.8590515752633413,0.2227864422791801,0.38684248039498925,1.4091628789901733,0.5981638891818153,0.18645813010031514,0.6931471805599453,0.6931471805599453,0.0,0.4,0.9252675175666809,0.8754458427429199,1.0,0.061018794775009155,0.9672096408567039,0.0040751191524216425,0.018432739147858895,0.8089851140975952,0.5119303862253824,0.4040415287017822,0.19608895480632782,0.44363418221473694,0.3268635821969781,0.07952706244932459,0,0.026810985166368956,0,TN,0.009087669663131237,0,0.008755777962505817,0,TN
halueval-9012,halueval,0,-0.9485398530960083,-0.31686411892587785,0.7764531672000885,0.2815843052067973,1.2523941360414028,3.2362730503082275,1.484355236290723,0.3168641189258779,0.6931471805599453,0.6931471805599453,0.0,0.0,0.6456614136695862,0.4886346459388733,0.8405340909957886,0.08471601456403732,0.2132657964456101,0.14798615581734575,0.4673601796858678,0.8069456815719604,0.5129807194073995,0.5310094356536865,0.30259057879447937,0.3553718030452728,0.42849577097470615,0.044989707359239614,0,0.011811231891456213,0,TN,0.07934058457612991,0,0.10466357320547104,0,TN
halueval-9013,halueval,1,-13.63923454284668,-1.932487656291869,0.5443077290386569,0.42795539528155924,0.9197266021656105,3.122077703475952,0.908923757951373,1.932487656291869,4.6521730395834275,7.3987862754199485,6.01319081401793,0.0,0.7387265563011169,0.48205214738845825,0.9302564859390259,0.16565485298633575,0.2566445080289008,0.13160455114509295,0.43748002155809607,0.711682915687561,0.5154224733511606,0.7343080639839172,0.5241866707801819,0.26954227685928345,0.5225945039889623,0.8395263305900382,1,0.8688197303212299,1,TP,0.8200153708457947,1,0.8137564659118652,1,TP
halueval-9016,halueval,1,-16.48916244506836,-1.000895118380772,0.8048360360636305,0.3377635789300804,0.4463055260555273,2.4216251373291016,0.6311410335490464,1.000895118380772,5.029577558266147,8.64979915596426,6.831617478542135,1.0,1.0,1.0,1.0,0.0,0.9822524840638177,0.005945704250384883,0.011846610093283643,0.9343082308769226,0.5248802403608958,0.9402968883514404,0.5287551283836365,0.5956176221370697,0.8785271222547095,0.9589510439404108,1,0.9081486244315295,1,TP,0.9167182445526123,1,0.922513484954834,1,TP
halueval-9078,halueval,1,-11.043481826782227,-1.9069140270069262,0.5773481030061124,0.423917018052865,1.3648518890946766,4.20174503326416,1.4843661708241063,1.9069140270069262,3.5553480614894135,5.8664680569332965,4.668249551071389,0.0,0.5033842325210571,0.21051257848739624,0.9866083860397339,0.24170896410942078,0.3904105469404316,0.3210524514916982,0.46532095227563325,0.5146077871322632,0.4428577125072479,0.3672536611557007,0.37112942337989807,0.09108749032020569,0.18899159388355713,0.8336950151813607,1,0.894124171961483,1,TP,0.8355493545532227,1,0.8365373015403748,1,TP
halueval-9099,halueval,0,-3.6608405113220215,-1.2309709327140201,0.6646961414565643,0.5535499320641316,0.7678450519839922,2.137061595916748,1.1875499437768389,1.2309709327140201,1.2039728043259361,1.791759469228055,1.1967672294392158,0.1,0.831156849861145,0.5648360848426819,1.0,0.1936183124780655,0.6374643132934467,0.008515936716009321,0.18552581171128132,0.7344078421592712,0.5305663545926412,0.285541832447052,0.1419103890657425,0.2179698348045349,0.20970416101364364,0.33834661159791246,0,0.06616051062533342,0,TN,0.03689153492450714,0,0.02911056950688362,0,TN
halueval-9112,halueval,0,-0.4654420018196106,-0.15552871439043278,0.8755712906519572,0.2145268463169076,0.6499925367534161,1.9382312297821045,1.1156539942737396,0.15552871439043278,0.6931471805599453,0.6931471805599453,0.0,1.0,0.9914757609367371,0.9786895513534546,1.0,0.010439945384860039,0.9531677559753933,0.020069438698837195,0.03345084136172202,0.677224338054657,0.5203159054120382,0.5161876678466797,0.3441092073917389,0.22822099924087524,0.3495748516694448,0.04702724018548872,0,0.05620743818055287,0,TN,0.006945939268916845,0,0.013074887916445732,0,TN
halueval-916,halueval,1,-5.537093639373779,-1.7437377146746835,0.44878461000255565,0.4098603552345344,0.9014857354023579,2.2103960514068604,0.659775200405131,1.7437377146746835,1.213022639845854,1.9459101490553132,1.0107735859063665,1.0,1.0,1.0,1.0,0.0,0.9855888171674717,0.0005430492924424284,0.0074771160624853335,0.6465172171592712,0.523350735505422,0.41339850425720215,0.2489834874868393,0.17198050022125244,0.2672692505501715,0.7341425677446943,1,0.6185002927114405,1,TP,0.9408365488052368,1,0.898714542388916,1,TP
halueval-9206,halueval,0,-0.9969958066940308,-0.24965228955807106,0.841843456029892,0.3152385494567345,0.21327683748677373,0.8366186618804932,0.41559418722412467,0.24965228955807106,0.8109302162163288,1.0986122886681098,0.4054651081081644,0.1,0.8050163984298706,0.644121527671814,1.0,0.14355625212192535,0.3096669837994346,0.43724399691117083,0.5637885065558681,0.8213003277778625,0.5709064404169718,0.6017959713935852,0.42977333068847656,0.3672078251838684,0.4942552285609487,0.05660129853384919,0,0.051812345708067836,0,TN,0.038540925830602646,0,0.06377946585416794,0,TN
halueval-9214,halueval,1,-7.197046756744385,-1.3163433200446122,0.6382235802501735,0.4171106121086808,0.7610594800881747,3.0011115074157715,0.8811803379312853,1.3163433200446122,1.3730491343698699,3.295836866004329,1.9193302171202529,1.0,1.0,1.0,1.0,0.0,0.9819229931089989,0.004892878710181514,0.011484942800591293,0.6588743925094604,0.483404000600179,0.749636173248291,0.4469491243362427,0.24753445386886597,0.4939160782520844,0.9086810988294262,1,0.9471657568917637,1,TP,0.976152241230011,1,0.9730183482170105,1,TP
halueval-9235,halueval,1,-2.601987838745117,-0.799462882685475,0.6078079872661166,0.36480155304938044,0.8180300612972738,1.8332908153533936,0.7078472790405135,0.7994628826854752,0.9382696385929303,1.6094379124341003,0.700020383416857,0.2,0.9142277836799622,0.8458741903305054,1.0,0.0525660403072834,0.6822687132863109,0.004892492575269783,0.16131188964447946,0.7637884616851807,0.6678135395050049,0.7653701901435852,0.5316603183746338,0.11701393127441406,0.5845809201494632,0.24539687676183308,0,0.21939949497890854,0,FN,0.663753867149353,1,0.8735231757164001,1,TP
halueval-9248,halueval,0,-0.03828880563378334,-0.01014903943905665,0.9900324493646622,0.018422175701127707,0.07825331116328016,0.28762614727020264,0.13994002531355382,0.010149039439056628,0.6931471805599453,0.6931471805599453,0.0,1.0,0.990075409412384,0.975188672542572,1.0,0.0121550178155303,0.9864732408074837,0.0023697938697984228,0.007948276531157301,0.6977435946464539,0.46606852610905963,0.6732637882232666,0.43923434615135193,0.3365976810455322,0.4697654957401909,0.03738025821579935,0,0.124580988240553,0,TN,0.007499747909605503,0,0.017225898802280426,0,TN
halueval-9271,halueval,0,-1.3631259202957153,-0.6193275315613391,0.6412584185600281,0.3992427454466207,0.9124023700132966,2.2224371433258057,1.0139728010594498,0.6193275315613391,0.9162907318741551,1.0986122886681098,0.45574639440832615,0.1,0.5563445091247559,0.3254002630710602,1.0,0.2633853852748871,0.35730437623454403,0.3270802090045135,0.48488791638498474,0.5064190626144409,0.4278384248415629,0.4911515712738037,0.2671310007572174,0.09857940673828125,0.24872851832608944,0.13751511005195416,0,0.19103857820484577,0,TN,0.09679967910051346,0,0.0871518924832344,0,TN
halueval-93,halueval,0,-4.31789493560791,-0.7422926555500453,0.8142777204823991,0.3953758574299122,0.7553099549744123,3.7771482467651367,1.5060402658759007,0.7422926555500453,1.252762968495368,2.3978952727983707,1.5420654304441515,1.0,0.9799039959907532,0.9497599005699158,1.0,0.02461251989006996,0.9892882684682303,0.0013722429721511526,0.006041987251960482,0.49018269777297974,0.42757763465245563,0.2503848671913147,0.14127083122730255,0.08651232719421387,0.12273432968136788,0.5257199598701323,1,0.2740152974262701,0,TN,0.6308150887489319,1,0.2269819974899292,0,TN
halueval-9315,halueval,0,-1.6696470975875854,-1.6696470975875854,0.18831351399421692,0.0,2.79502534866333,2.79502534866333,0.0,1.6696470975875854,0.6931471805599453,0.6931471805599453,0.0,0.2,0.8006637692451477,0.7399468421936035,0.9999998807907104,0.10097972303628922,0.1996267265466542,0.7930818385016822,0.7967275559775141,0.7340292930603027,0.5336119333902994,0.1965964436531067,0.12469872087240219,0.2699974477291107,0.14430754855285954,0.17789839325237458,0,0.04059798346166143,0,TN,0.04949965700507164,0,0.03847023844718933,0,TN
halueval-943,halueval,1,-9.963973999023438,-3.0682160384487362,0.4261945341891987,0.3770752576755271,1.4913961477577686,2.771444082260132,0.9769202863864386,3.0682160384487362,3.288401887516811,5.043425116919247,3.9813669601835335,0.1,0.6917184591293335,0.4959953725337982,0.9858198165893555,0.1338765025138855,0.3252343574110396,0.2173943163480438,0.4460799794685021,0.6960331201553345,0.5024053752422333,0.6819952726364136,0.4597967863082886,0.24818012118339539,0.47469129754431094,0.6628221902979876,1,0.7540757011124103,1,TP,0.7783674001693726,1,0.7058095932006836,1,TP
halueval-9498,halueval,0,-7.006711959838867,-1.5370448485016823,0.6776652038330212,0.384624645365101,1.0360928297042846,2.1164796352386475,0.6547655538641814,1.5370448485016823,1.8870696490323797,3.2188758248682006,2.4235552839596153,0.3,0.5280517935752869,0.21272780001163483,1.0,0.3261149823665619,0.48947985670452904,0.2958568923346082,0.4031885178150395,0.7015911936759949,0.4686545530954997,0.328203409910202,0.2067824751138687,0.3493351638317108,0.23026462212743048,0.7790716480765555,1,0.6405842001282259,1,FP,0.9627666473388672,1,0.8521967530250549,1,FP
halueval-9553,halueval,1,-5.764370918273926,-1.0552966473488596,0.6985827800584957,0.3897138650725897,0.7184203196578892,3.3508293628692627,0.9592045435048346,1.0552966473488596,1.2947271675944,3.258096538021482,1.8536327753059407,0.1,0.6086262464523315,0.2035902738571167,0.9999997615814209,0.30173301696777344,0.5545586718008286,0.031816529685494935,0.23862892894233312,0.6911759376525879,0.45118383566538495,0.7170253396034241,0.4554920494556427,0.35625147819519043,0.4955906614210619,0.8736267293975262,1,0.9358030505401939,1,TP,0.9390325546264648,1,0.9487887024879456,1,TP
halueval-959,halueval,1,-7.255781173706055,-1.5686965838590368,0.628695007191709,0.4443506715168385,0.5232664390932769,2.2584314346313477,0.7161477479383156,1.5686965838590368,0.9886113934537812,1.6094379124341003,0.7314987337196227,1.0,1.0,1.0,1.0,0.0,0.991335834103608,0.0012364826328699775,0.004950324264631055,0.5392140746116638,0.49482972423235577,0.6850216388702393,0.5022253394126892,0.05726662278175354,0.3693733090923814,0.8488144599103475,1,0.971017930854211,1,TP,0.9673664569854736,1,0.9699414968490601,1,TP
halueval-963,halueval,1,-10.888131141662598,-2.6810451770563506,0.4163241593382231,0.4506827096583935,1.3735640804386802,3.072348117828369,1.0936137337843894,2.6810451770563506,3.4726563456443005,5.568344503761097,4.468138103060934,0.3,0.6598227620124817,0.21955981850624084,0.9999999403953552,0.3567807078361511,0.6216873048446422,0.02417420521024188,0.20124345018279988,0.4776625335216522,0.3494867980480194,0.30439847707748413,0.2431011199951172,0.19061142206192017,0.14539974776096365,0.9040776498929506,1,0.9402511023631749,1,TP,0.9203678369522095,1,0.918811559677124,1,TP
halueval-9666,halueval,0,-8.300050735473633,-8.300050735473633,0.000248504220508039,0.0,1.9606399536132812,1.9606399536132812,0.0,8.300050735473633,4.189654742026425,4.189654742026425,0.0,0.6,0.871477484703064,0.6786938905715942,1.0,0.15740720927715302,0.7351719063409362,0.2304842373392118,0.24765616549913783,0.7225157022476196,0.47439316908518475,0.08755338191986084,0.11226172000169754,0.3668540120124817,0.0632586932219823,0.19036955886971144,0,0.18822750363575555,0,TN,0.16648107767105103,0,0.17027299106121063,0,TN
halueval-9667,halueval,1,-3.020095109939575,-0.49285147302301385,0.7936076627423366,0.37132008255047944,0.524050538680361,3.6126346588134766,1.0739727971351611,0.4928514730230138,0.8472978603872036,1.3862943611198906,0.5757697187382309,0.0,0.8713045120239258,0.766732931137085,0.9932417869567871,0.08339070528745651,0.46938410429396793,0.13741991468450482,0.3340179051952684,0.49998074769973755,0.4812128146489461,0.35270628333091736,0.3368600606918335,0.01667100191116333,0.17634635125818754,0.29417957763681574,0,0.28567991587535485,0,FN,0.6649888157844543,1,0.6641971468925476,1,TP
halueval-9682,halueval,0,-4.331701278686523,-1.0837163088217494,0.7524961270391941,0.49290175089481997,0.8007552494527772,3.1747756004333496,1.5827019012301276,1.0837163088217494,1.1786549963416462,1.9459101490553132,1.252762968495368,0.6,0.8660827875137329,0.6652071475982666,0.9999998807907104,0.1640142798423767,0.7884213607172,0.004195985708071495,0.10788731249543572,0.5809721946716309,0.4174571434656779,0.45924562215805054,0.1697133332490921,0.24265098571777344,0.26680893699850117,0.4357660967174178,0,0.26144756378977474,0,TN,0.09576846659183502,0,0.032181885093450546,0,TN
halueval-97,halueval,1,-11.821466445922852,-1.2528377515056945,0.6874850431239281,0.39616665600674456,0.6960542710621667,2.766123056411743,0.9131642689988362,1.2528377515056945,2.4368974306016398,5.003946305945459,3.629336855753881,0.1,0.794394850730896,0.6230347156524658,1.0,0.11246123909950256,0.5588175598708325,0.014324184894078568,0.22775331251162304,0.7318923473358154,0.5118663112322489,0.4975815415382385,0.18322934210300446,0.272769570350647,0.36417612242739494,0.9346607101700843,1,0.5898964339616637,1,TP,0.9437936544418335,1,0.7973687052726746,1,TP
halueval-9730,halueval,0,-0.143354132771492,-0.0719359815120697,0.9329647123813629,0.09407003785552653,0.30673688603565097,0.6075412631034851,0.4254016296705215,0.07193598151206966,0.6931471805599453,0.6931471805599453,0.0,1.0,1.0,1.0,1.0,0.0,0.9732105971927574,0.002004639374846382,0.014397021091044402,0.7488436102867126,0.5208916465441386,0.5102436542510986,0.27749308943748474,0.34110331535339355,0.38209270017527786,0.03752742333823025,0,0.026072726006378676,0,TN,0.008091180585324764,0,0.008040604181587696,0,TN
halueval-9746,halueval,1,-10.41578197479248,-1.9202690304939298,0.5462473649076856,0.4213891245953745,1.1409906283176194,3.1101627349853516,0.9700452734971973,1.9202690304939298,3.3202283191284883,5.966146739123692,4.52730506718507,0.0,0.7120896577835083,0.5474821329116821,0.9558857083320618,0.14765718579292297,0.30562901754704647,0.2411799520268653,0.4677754672399095,0.6635955572128296,0.5422859787940979,0.24963346123695374,0.4178546369075775,0.07697737216949463,0.1656556558085036,0.8095984599448173,1,0.7752987294961919,1,TP,0.9067919254302979,1,0.9018094539642334,1,TP
halueval-9788,halueval,0,-7.742982864379883,-3.872319132089615,0.499389873482869,0.705630480289483,2.0075755240395665,3.9970340728759766,2.8135192615435476,3.872319132089615,4.2626798770413155,4.941642422609304,4.59087586527599,0.0,0.3090757727622986,0.01575149968266487,0.8704577684402466,0.30242711305618286,0.3157032404506235,0.2363274016231922,0.46031208058628437,0.6793888211250305,0.48575719197591144,0.5241724252700806,0.46124163269996643,0.2856880724430084,0.3561168860704882,0.10154801468345234,0,0.2620610482811416,0,TN,0.29053059220314026,0,0.3280947506427765,0,TN
halueval-9848,halueval,0,-1.3791937828063965,-0.6900397961144336,0.6254480183124542,0.5284443094469877,1.4115270357578993,2.8143503665924072,1.9838917800795604,0.6900397961144336,0.6931471805599453,0.6931471805599453,0.0,0.1,0.5187690854072571,0.13595695793628693,0.8718618750572205,0.29742854833602905,0.3059740655238534,0.16865971141839223,0.43134282294726933,0.5655413866043091,0.47912126779556274,0.24502992630004883,0.11606944352388382,0.1189526915550232,0.13857456427928128,0.08163615920930449,0,0.021450866353113527,0,TN,0.02590012736618519,0,0.01686863787472248,0,TN
halueval-9853,halueval,1,-3.9931533336639404,-0.8386631830661726,0.6860829825616546,0.42185722408649323,0.4121860489022866,1.565201759338379,0.5280311670926497,0.8386631830661725,0.9382696385929303,1.3862943611198906,0.6322909932686499,0.6,0.7679921388626099,0.4199806749820709,0.9999998211860657,0.2841501832008362,0.595066950515994,0.3988299713545381,0.401881510419272,0.5222564935684204,0.447989543279012,0.3555416166782379,0.37579622864723206,0.07696744799613953,0.18568391804402395,0.5062718310350282,1,0.7844207339568938,1,TP,0.8373371958732605,1,0.8670729398727417,1,TP
halueval-987,halueval,0,-5.516667366027832,-1.1200987882414968,0.7120213342520098,0.43959535738120625,0.7292160178185441,3.1996545791625977,1.2468873002579146,1.1200987882414968,1.5755363607584192,2.8903717578961645,2.009919097184943,0.6,0.6844915151596069,0.2527199387550354,1.0,0.33496031165122986,0.7684927313884928,0.006878327436198217,0.11919279802385271,0.49845245480537415,0.408479501803716,0.46352654695510864,0.16276313364505768,0.12849900126457214,0.23104594519723243,0.769610000825512,1,0.6476561303568422,1,FP,0.9098107814788818,1,0.7727225422859192,1,FP
halueval-9878,halueval,0,-14.451417922973633,-7.230239131953567,0.4954905475015039,0.700728703541764,0.8424800857901573,1.6126439571380615,1.0891761921099736,7.230239131953567,6.904249139652849,7.596392304064196,7.249524453297656,0.1,0.6330488920211792,0.048849642276763916,1.0,0.418987900018692,0.6508086833240839,0.15387196463263747,0.25153164065427674,0.5584565997123718,0.46374303102493286,0.281252920627594,0.2009921669960022,0.13489800691604614,0.15706754971285974,0.4984902895497412,0,0.4330984493140897,0,TN,0.23434466123580933,0,0.2415129393339157,0,TN
halueval-996,halueval,0,-0.4666292667388916,-0.15560944411360347,0.8756378293037415,0.21522919957783088,0.2763668412323265,0.8262770175933838,0.47623709233348754,0.15560944411360353,0.6931471805599453,0.6931471805599453,0.0,0.0,0.673272430896759,0.515718936920166,0.9839035272598267,0.1914692521095276,0.41440884750126605,0.3256321504918103,0.45561165149527216,0.8081469535827637,0.5993227461973826,0.6578058004379272,0.44483682513237,0.26313841342926025,0.5316037536729823,0.03756233462537989,0,0.03113118689037756,0,TN,0.023659879341721535,0,0.04116063192486763,0,TN
halueval-9990,halueval,0,-0.8619032502174377,-0.22677991808086517,0.8444560244679451,0.2817979630150481,0.6327820139704272,2.1080613136291504,0.9933011253838778,0.22677991808086512,0.6931471805599453,0.6931471805599453,0.0,1.0,1.0,1.0,1.0,0.0,0.9840981387543548,0.003417759288693973,0.009659810267169599,0.5650795698165894,0.4909634590148926,0.4127003848552704,0.22669415175914764,0.09491795301437378,0.23320855593715706,0.09829317689567615,0,0.06401872372976665,0,TN,0.011278312653303146,0,0.007712273392826319,0,TN
halueval-9992,halueval,0,-3.5475428104400635,-0.8114959093751773,0.7152166925370693,0.44542622850984315,0.8244563915068284,3.4584686756134033,1.4105731846705423,0.8114959093751773,0.9162907318741551,1.6094379124341003,0.7996422445006162,0.6,0.786842942237854,0.46710726618766785,1.0,0.2610630393028259,0.763961100504796,0.021676174770656236,0.12885753713293013,0.6230600476264954,0.494793176651001,0.42166584730148315,0.22126764059066772,0.1125527024269104,0.2627231429021286,0.546204551242772,1,0.2970581935954417,0,TN,0.3930737376213074,0,0.19422852993011475,0,TN
