id,source_dataset,original_label,num_generations,exact_match_agreement,unique_response_ratio,majority_response_fraction,mean_pairwise_similarity,min_pairwise_similarity,max_pairwise_similarity,pairwise_similarity_std,generation_disagreement
halueval-8465,halueval,1,5,0.2,0.6,0.4,0.622066855430603,0.5036898255348206,1.0,0.17524342238903046,0.377933144569397
halueval-9667,halueval,1,5,0.6,0.4,0.8,0.9584210515022278,0.8960525989532471,1.0,0.05092361941933632,0.04157894849777222
halueval-8673,halueval,0,5,0.6,0.4,0.8,0.7763584852218628,0.440896213054657,1.0,0.2739037871360779,0.2236415147781372
halueval-5554,halueval,0,5,1.0,0.2,1.0,1.0,1.0,1.0,0.0,0.0
halueval-8298,halueval,0,5,0.1,0.8,0.4,0.8086824417114258,0.671884298324585,0.9999998807907104,0.10986629128456116,0.19131755828857422
halueval-157,halueval,1,5,1.0,0.2,1.0,0.9945340156555176,0.986335039138794,0.9999999403953552,0.00669440720230341,0.005465984344482422
halueval-9946,halueval,1,5,0.0,1.0,0.2,0.7397576570510864,0.5515456199645996,0.918351411819458,0.1077413484454155,0.2602423429489136
halueval-7444,halueval,0,5,0.6,0.4,0.8,0.8676854968070984,0.6692137718200684,1.0,0.1620514839887619,0.1323145031929016
halueval-1567,halueval,1,5,1.0,0.2,1.0,1.0,1.0,1.0,0.0,0.0
halueval-5072,halueval,0,5,0.1,0.8,0.4,0.786042332649231,0.6670284271240234,0.9999999403953552,0.11435641348361969,0.21395766735076904
halueval-3409,halueval,1,5,0.0,1.0,0.2,0.8407437205314636,0.6365207433700562,0.9985315799713135,0.15545782446861267,0.15925627946853638
halueval-6034,halueval,1,5,1.0,0.2,1.0,1.0,1.0,1.0,0.0,0.0
halueval-1239,halueval,0,5,1.0,0.2,1.0,1.0,1.0,1.0,0.0,0.0
halueval-4890,halueval,1,5,0.6,0.4,0.8,0.731982946395874,0.34601160883903503,1.0,0.31456875801086426,0.268017053604126
halueval-5462,halueval,0,5,1.0,0.2,1.0,1.0,1.0,1.0,0.0,0.0
halueval-1130,halueval,1,5,1.0,0.2,1.0,1.0,1.0,1.0,0.0,0.0
halueval-1717,halueval,1,5,0.6,0.4,0.8,0.6786109805107117,0.1965276300907135,1.0,0.39361947774887085,0.32138901948928833
halueval-5853,halueval,0,5,0.4,0.4,0.6,0.701083779335022,0.501806378364563,1.0,0.24406401813030243,0.298916220664978
halueval-9293,halueval,0,5,1.0,0.2,1.0,1.0,1.0,1.0,0.0,0.0
halueval-9363,halueval,0,5,0.3,0.6,0.6,0.6768678426742554,0.44520872831344604,1.0,0.22489634156227112,0.32313215732574463
halueval-9204,halueval,1,5,1.0,0.2,1.0,1.0,1.0,1.0,0.0,0.0
halueval-7635,halueval,1,5,0.3,0.6,0.6,0.5545213222503662,0.06139049679040909,1.0,0.4066965579986572,0.4454786777496338
halueval-1353,halueval,1,5,1.0,0.2,1.0,0.9871951937675476,0.9679880142211914,1.0,0.015682606026530266,0.012804806232452393
halueval-6699,halueval,1,5,0.3,0.6,0.6,0.7157955169677734,0.5208772420883179,0.9999997615814209,0.2317940890789032,0.28420448303222656
halueval-8917,halueval,1,5,0.0,1.0,0.2,0.5806592702865601,0.2887306809425354,0.9605093002319336,0.20856045186519623,0.41934072971343994
halueval-184,halueval,0,5,1.0,0.2,1.0,1.0,1.0,1.0,0.0,0.0
halueval-7015,halueval,1,5,0.4,0.4,0.6,0.5834289789199829,0.30571502447128296,1.0,0.34012874960899353,0.4165710210800171
halueval-8121,halueval,1,5,0.2,0.6,0.4,0.42521196603775024,0.15687915682792664,1.0,0.29439258575439453,0.5747880339622498
halueval-8119,halueval,1,5,0.6,0.4,0.8,0.6280606389045715,0.07015156745910645,1.0,0.4555308520793915,0.37193936109542847
halueval-3481,halueval,1,5,0.3,0.6,0.6,0.7855935096740723,0.6460279226303101,1.0,0.16197504103183746,0.21440649032592773
halueval-2021,halueval,1,5,1.0,0.2,1.0,0.9999998807907104,0.9999999403953552,0.9999999403953552,5.960464477539063e-08,1.1920928955078125e-07
halueval-7892,halueval,0,5,0.6,0.4,0.8,0.8277958035469055,0.5694893598556519,1.0,0.2109062820672989,0.17220419645309448
halueval-922,halueval,1,5,0.4,0.4,0.6,0.7675086259841919,0.6125143766403198,1.0,0.18982839584350586,0.2324913740158081
halueval-3618,halueval,1,5,1.0,0.2,1.0,0.9999998807907104,0.9999998807907104,0.9999998807907104,0.0,1.1920928955078125e-07
halueval-3508,halueval,0,5,0.2,0.6,0.4,0.3752456307411194,0.19965623319149017,1.0,0.3082770109176636,0.6247543692588806
halueval-3756,halueval,0,5,0.6,0.4,0.8,0.8879752159118652,0.7368704080581665,1.0,0.09997963160276413,0.11202478408813477
halueval-2137,halueval,0,5,1.0,0.2,1.0,1.0,1.0,1.0,0.0,0.0
halueval-5978,halueval,0,5,0.4,0.4,0.6,0.8910082578659058,0.8183472156524658,1.0,0.08899131417274475,0.10899174213409424
halueval-9235,halueval,1,5,0.1,0.8,0.4,0.653769314289093,0.36059805750846863,0.9911998510360718,0.18620386719703674,0.346230685710907
halueval-3318,halueval,0,5,1.0,0.2,1.0,0.9799982905387878,0.9499958157539368,1.0,0.02449694648385048,0.020001709461212158
halueval-9699,halueval,1,5,1.0,0.2,1.0,0.9999998211860657,0.9999997615814209,0.9999997615814209,5.960464477539063e-08,1.7881393432617188e-07
halueval-2408,halueval,0,5,0.4,0.4,0.6,0.6189060807228088,0.3648435175418854,1.0,0.3111618459224701,0.38109391927719116
halueval-1304,halueval,1,5,0.6,0.4,0.8,0.8144003748893738,0.5360009074211121,1.0,0.22731220722198486,0.18559962511062622
halueval-6032,halueval,1,5,0.6,0.4,0.8,0.7706800699234009,0.42984795570373535,1.0,0.2694825828075409,0.22931993007659912
halueval-8393,halueval,1,5,0.0,1.0,0.2,0.5961331129074097,0.2093859761953354,0.9328325390815735,0.28117960691452026,0.40386688709259033
halueval-8469,halueval,0,5,1.0,0.2,1.0,0.9807740449905396,0.9679567217826843,1.0,0.015697935596108437,0.01922595500946045
halueval-3137,halueval,0,5,0.1,0.8,0.4,0.8024524450302124,0.641360878944397,1.0,0.15151123702526093,0.1975475549697876
halueval-3826,halueval,0,5,0.1,0.8,0.4,0.32112395763397217,0.04729527235031128,0.9999998807907104,0.28020456433296204,0.6788760423660278
halueval-606,halueval,0,5,0.2,0.6,0.4,0.9755181074142456,0.9386162757873535,1.0,0.02762003242969513,0.024481892585754395
halueval-7279,halueval,1,5,1.0,0.2,1.0,1.0,1.0,1.0,0.0,0.0
halueval-2321,halueval,0,5,0.1,0.8,0.4,0.48706960678100586,0.15782207250595093,1.0,0.3848145306110382,0.5129303932189941
halueval-4864,halueval,0,5,0.0,1.0,0.2,0.5758238434791565,0.13503588736057281,0.9922389984130859,0.3280456066131592,0.4241761565208435
halueval-5649,halueval,1,5,1.0,0.2,1.0,0.9890183210372925,0.9816973209381104,1.0,0.008966444991528988,0.01098167896270752
halueval-4829,halueval,1,5,0.6,0.4,0.8,0.6809841990470886,0.20246079564094543,0.9999997615814209,0.3907126784324646,0.3190158009529114
halueval-2058,halueval,0,5,0.6,0.4,0.8,0.9007458686828613,0.7628356218338013,1.0,0.11151095479726791,0.09925413131713867
halueval-378,halueval,0,5,0.3,0.6,0.6,0.7764199376106262,0.6702218055725098,1.0,0.1478308141231537,0.22358006238937378
halueval-1298,halueval,0,5,0.1,0.8,0.4,0.601027250289917,0.3472446799278259,1.0,0.261382132768631,0.398972749710083
halueval-4403,halueval,0,5,1.0,0.2,1.0,1.0,1.0,1.0,0.0,0.0
halueval-5646,halueval,0,5,0.1,0.8,0.4,0.744184136390686,0.6148596405982971,1.0,0.11696339398622513,0.25581586360931396
halueval-813,halueval,1,5,0.6,0.4,0.8,0.7892438173294067,0.47310957312583923,1.0,0.2581225335597992,0.21075618267059326
halueval-3774,halueval,0,5,0.1,0.8,0.4,0.8867270350456238,0.7365686297416687,1.0,0.12142922729253769,0.11327296495437622
halueval-2337,halueval,0,5,0.6,0.4,0.8,0.880823016166687,0.7044965624809265,1.0,0.14063727855682373,0.11917698383331299
halueval-5503,halueval,0,5,0.6,0.4,0.8,0.7614991664886475,0.40374791622161865,1.0,0.2921026647090912,0.23850083351135254
halueval-3482,halueval,0,5,0.2,0.6,0.4,0.4014158844947815,0.08118640631437302,1.0,0.37920647859573364,0.5985841155052185
halueval-5565,halueval,1,5,0.6,0.4,0.8,0.7560599446296692,0.39014989137649536,1.0,0.29876431822776794,0.2439400553703308
halueval-2154,halueval,0,5,0.1,0.8,0.4,0.4704311788082123,0.04051148146390915,1.0,0.33717456459999084,0.5295688211917877
halueval-8495,halueval,0,5,0.6,0.4,0.8,0.7789516448974609,0.44737905263900757,1.0,0.27072787284851074,0.22104835510253906
halueval-1611,halueval,1,5,0.3,0.6,0.6,0.7027860879898071,0.49940675497055054,1.0,0.23522444069385529,0.29721391201019287
halueval-1564,halueval,1,5,0.1,0.8,0.4,0.3753688335418701,0.18916115164756775,1.0,0.24572761356830597,0.6246311664581299
halueval-9405,halueval,0,5,0.3,0.6,0.6,0.7057672739028931,0.3224226236343384,0.9999998807907104,0.2805981934070587,0.29423272609710693
halueval-5754,halueval,0,5,0.6,0.4,0.8,0.6945899724960327,0.2364749312400818,1.0,0.3740493655204773,0.3054100275039673
halueval-1996,halueval,1,5,0.4,0.4,0.6,0.5058429837226868,0.1764049082994461,1.0,0.4034775495529175,0.49415701627731323
halueval-7896,halueval,1,5,0.0,1.0,0.2,0.7224510908126831,0.3862541913986206,0.9672677516937256,0.1750319004058838,0.2775489091873169
halueval-262,halueval,0,5,0.6,0.4,0.8,0.752041220664978,0.38010305166244507,1.0,0.3036862313747406,0.24795877933502197
halueval-8107,halueval,0,5,1.0,0.2,1.0,1.0,1.0,1.0,0.0,0.0
halueval-6430,halueval,1,5,0.6,0.4,0.8,0.6436580419540405,0.10914506018161774,1.0,0.4364280104637146,0.3563419580459595
halueval-396,halueval,0,5,1.0,0.2,1.0,1.0,1.0,1.0,0.0,0.0
halueval-6835,halueval,0,5,0.6,0.4,0.8,0.8461530804634094,0.6153826713562012,0.9999999403953552,0.18842320144176483,0.15384691953659058
halueval-438,halueval,0,5,1.0,0.2,1.0,1.0,1.0,1.0,0.0,0.0
halueval-9632,halueval,1,5,0.2,0.6,0.4,0.41042596101760864,0.12492318451404572,1.0,0.35874518752098083,0.5895740389823914
halueval-909,halueval,1,5,0.6,0.4,0.8,0.8756034970283508,0.6890085935592651,1.0,0.15235406160354614,0.12439650297164917
halueval-4228,halueval,0,5,1.0,0.2,1.0,0.9919676780700684,0.9799191951751709,1.0,0.009837545454502106,0.00803232192993164
halueval-8756,halueval,0,5,1.0,0.2,1.0,1.0,1.0,1.0,0.0,0.0
halueval-8958,halueval,1,5,0.1,0.8,0.4,0.4451524615287781,0.10770096629858017,1.0,0.29144465923309326,0.5548475384712219
halueval-351,halueval,1,5,1.0,0.2,1.0,0.9999998211860657,0.9999997615814209,0.9999997615814209,5.960464477539063e-08,1.7881393432617188e-07
halueval-8371,halueval,0,5,1.0,0.2,1.0,0.9940193295478821,0.9850481748580933,1.0,0.007324868813157082,0.00598067045211792
halueval-858,halueval,0,5,0.3,0.6,0.6,0.7143071889877319,0.4421297311782837,0.9999998807907104,0.1942838430404663,0.28569281101226807
halueval-302,halueval,1,5,0.3,0.6,0.6,0.8911988139152527,0.7298874258995056,1.0,0.08129779994487762,0.10880118608474731
halueval-6446,halueval,1,5,0.0,1.0,0.2,0.7225092649459839,0.5306693315505981,0.8845387101173401,0.10713405907154083,0.2774907350540161
halueval-5194,halueval,1,5,0.3,0.6,0.6,0.5499074459075928,0.12653093039989471,1.0,0.3642072379589081,0.4500925540924072
halueval-2679,halueval,1,5,0.1,0.8,0.4,0.8050724267959595,0.7130717039108276,1.0,0.08032666146755219,0.19492757320404053
halueval-2882,halueval,0,5,0.0,1.0,0.2,0.2734544575214386,0.029415756464004517,0.9496033191680908,0.25382566452026367,0.7265455424785614
halueval-6195,halueval,0,5,0.1,0.8,0.4,0.47020334005355835,0.11802308261394501,0.9999998807907104,0.3104138672351837,0.5297966599464417
halueval-3574,halueval,1,5,1.0,0.2,1.0,1.0,1.0,1.0,0.0,0.0
halueval-9344,halueval,1,5,0.3,0.6,0.6,0.7601977586746216,0.6004145741462708,1.0,0.1953921616077423,0.23980224132537842
halueval-6572,halueval,0,5,1.0,0.2,1.0,1.0,1.0,1.0,0.0,0.0
halueval-1013,halueval,0,5,1.0,0.2,1.0,0.9999998807907104,0.9999999403953552,0.9999999403953552,5.960464477539063e-08,1.1920928955078125e-07
halueval-6480,halueval,0,5,0.6,0.4,0.8,0.8367986679077148,0.5919966697692871,1.0,0.199879989027977,0.16320133209228516
halueval-9327,halueval,1,5,0.6,0.4,0.8,0.6429968476295471,0.24755102396011353,1.0,0.3101561963558197,0.3570031523704529
halueval-880,halueval,0,5,1.0,0.2,1.0,1.0,1.0,1.0,0.0,0.0
halueval-1221,halueval,1,5,1.0,0.2,1.0,1.0,1.0,1.0,0.0,0.0
halueval-6186,halueval,0,5,0.1,0.8,0.4,0.3489927649497986,0.16615259647369385,1.0,0.29168856143951416,0.6510072350502014
halueval-9766,halueval,1,5,1.0,0.2,1.0,0.9999998807907104,0.9999998807907104,0.9999998807907104,0.0,1.1920928955078125e-07
halueval-4378,halueval,1,5,1.0,0.2,1.0,1.0,1.0,1.0,0.0,0.0
halueval-3683,halueval,0,5,0.1,0.8,0.4,0.8009716868400574,0.6479791402816772,0.9985213279724121,0.12327758967876434,0.19902831315994263
halueval-6340,halueval,0,5,0.3,0.6,0.6,0.6471441388130188,0.05929146334528923,1.0,0.3242296278476715,0.3528558611869812
halueval-4100,halueval,0,5,0.6,0.4,0.8,0.6893894076347351,0.2234734296798706,1.0,0.3804187774658203,0.3106105923652649
halueval-6221,halueval,1,5,1.0,0.2,1.0,0.9999998807907104,0.9999998807907104,0.9999998807907104,0.0,1.1920928955078125e-07
halueval-6366,halueval,0,5,0.6,0.4,0.8,0.6934038400650024,0.23350951075553894,1.0,0.3755021095275879,0.30659615993499756
halueval-582,halueval,1,5,1.0,0.2,1.0,1.0,1.0,1.0,0.0,0.0
halueval-9911,halueval,0,5,1.0,0.2,1.0,0.9759238958358765,0.9598732590675354,1.0,0.019657986238598824,0.024076104164123535
halueval-9839,halueval,1,5,0.4,0.4,0.6,0.9976527094841003,0.9960877895355225,1.0,0.0019165838602930307,0.002347290515899658
halueval-9616,halueval,0,5,1.0,0.2,1.0,0.9999997019767761,0.9999997019767761,0.9999997019767761,0.0,2.980232238769531e-07
halueval-9359,halueval,0,5,0.6,0.4,0.8,0.8566916584968567,0.6417292356491089,0.9999999403953552,0.17551608383655548,0.1433083415031433
halueval-6087,halueval,0,5,0.6,0.4,0.8,0.7963516712188721,0.4908791780471802,1.0,0.249417245388031,0.20364832878112793
halueval-3271,halueval,0,5,0.3,0.6,0.6,0.8184013366699219,0.6297187209129333,1.0,0.15794549882411957,0.18159866333007812
halueval-2785,halueval,1,5,0.4,0.4,0.6,0.5684170126914978,0.2806951105594635,1.0,0.3523859679698944,0.4315829873085022
halueval-5678,halueval,0,5,0.1,0.8,0.4,0.42998185753822327,0.08088883012533188,1.0,0.3381737172603607,0.5700181424617767
halueval-1184,halueval,0,5,0.2,0.6,0.4,0.561860203742981,0.3150022625923157,1.0,0.29240745306015015,0.43813979625701904
halueval-7750,halueval,1,5,0.0,1.0,0.2,0.4243128299713135,0.21455903351306915,0.7645176649093628,0.20616835355758667,0.5756871700286865
halueval-6348,halueval,1,5,0.1,0.8,0.4,0.6296454668045044,0.4129428267478943,1.0,0.15923267602920532,0.3703545331954956
halueval-3577,halueval,1,5,0.4,0.4,0.6,0.9839795231819153,0.9732992649078369,1.0,0.013080635108053684,0.016020476818084717
halueval-4577,halueval,1,5,0.2,0.6,0.4,0.528624415397644,0.3780653476715088,0.9999999403953552,0.23632857203483582,0.47137558460235596
halueval-3261,halueval,0,5,0.2,0.6,0.4,0.7496147751808167,0.3941696584224701,1.0,0.28553852438926697,0.25038522481918335
halueval-5834,halueval,0,5,0.4,0.4,0.6,0.4714917540550232,0.1726285070180893,1.0,0.3685508370399475,0.5285082459449768
halueval-3654,halueval,1,5,1.0,0.2,1.0,0.9952113032341003,0.9880282282829285,1.0,0.00586494617164135,0.004788696765899658
halueval-4397,halueval,1,5,1.0,0.2,1.0,1.0,1.0,1.0,0.0,0.0
halueval-9181,halueval,1,5,1.0,0.2,1.0,0.9795415997505188,0.9659028053283691,1.0,0.016704145818948746,0.0204584002494812
halueval-7847,halueval,1,5,0.2,0.6,0.4,0.6678585410118103,0.41978996992111206,1.0,0.2578122913837433,0.3321414589881897
halueval-5915,halueval,0,5,0.6,0.4,0.8,0.7968144416809082,0.4929773509502411,1.0,0.24283839762210846,0.2031855583190918
halueval-9067,halueval,1,5,1.0,0.2,1.0,1.0,1.0,1.0,0.0,0.0
halueval-7859,halueval,0,5,0.1,0.8,0.4,0.39230993390083313,0.18691158294677734,0.9852864742279053,0.2250286191701889,0.6076900660991669
halueval-3463,halueval,1,5,0.3,0.6,0.6,0.8468697667121887,0.6644049882888794,1.0,0.1462436318397522,0.15313023328781128
halueval-3559,halueval,1,5,0.3,0.6,0.6,0.4839111864566803,0.22201290726661682,0.9999998807907104,0.3387049436569214,0.5160888135433197
halueval-9730,halueval,0,5,0.1,0.8,0.4,0.45984548330307007,0.05530288815498352,1.0,0.2740113139152527,0.5401545166969299
halueval-8161,halueval,0,5,1.0,0.2,1.0,0.9999998807907104,0.9999998807907104,0.9999998807907104,0.0,1.1920928955078125e-07
halueval-1379,halueval,0,5,0.3,0.6,0.6,0.7890915870666504,0.4851219058036804,1.0,0.2480761557817459,0.2109084129333496
halueval-3059,halueval,0,5,1.0,0.2,1.0,0.9925234913825989,0.9875391125679016,1.0,0.006104562897235155,0.007476508617401123
halueval-1052,halueval,1,5,0.4,0.4,0.6,0.9533922076225281,0.9223204851150513,0.9999998807907104,0.03805497661232948,0.046607792377471924
halueval-6298,halueval,0,5,1.0,0.2,1.0,1.0,1.0,1.0,0.0,0.0
halueval-3101,halueval,1,5,0.1,0.8,0.4,0.7737026810646057,0.6515354514122009,1.0,0.1475658416748047,0.2262973189353943
halueval-7769,halueval,0,5,1.0,0.2,1.0,1.0,1.0,1.0,0.0,0.0
halueval-7445,halueval,1,5,0.4,0.4,0.6,0.6054055094718933,0.34545132517814636,1.0,0.31154778599739075,0.3945944905281067
halueval-1641,halueval,0,5,0.0,1.0,0.2,0.4534810185432434,0.17273253202438354,0.8587105870246887,0.2137405127286911,0.5465189814567566
halueval-9738,halueval,0,5,1.0,0.2,1.0,1.0,1.0,1.0,0.0,0.0
halueval-4789,halueval,1,5,0.4,0.4,0.6,0.5311853289604187,0.21864226460456848,1.0,0.3827855587005615,0.4688146710395813
halueval-244,halueval,0,5,0.3,0.6,0.6,0.8778074383735657,0.6902442574501038,1.0,0.14456519484519958,0.12219256162643433
halueval-6578,halueval,1,5,0.3,0.6,0.6,0.536882758140564,0.2273193895816803,1.0,0.3458386957645416,0.46311724185943604
halueval-4658,halueval,0,5,0.6,0.4,0.8,0.7473968267440796,0.368492066860199,1.0,0.30937445163726807,0.2526031732559204
halueval-1382,halueval,1,5,0.0,1.0,0.2,0.6781238317489624,0.4465123414993286,0.9684681296348572,0.1866234987974167,0.3218761682510376
halueval-7514,halueval,1,5,1.0,0.2,1.0,0.9954622387886047,0.9886559247970581,0.9999997615814209,0.005557322409003973,0.004537761211395264
halueval-2145,halueval,1,5,0.3,0.6,0.6,0.5793792605400085,0.32768142223358154,0.9999998807907104,0.3015458285808563,0.42062073945999146
halueval-7145,halueval,1,5,1.0,0.2,1.0,1.0,1.0,1.0,0.0,0.0
halueval-2619,halueval,1,5,0.1,0.8,0.4,0.8362016677856445,0.7247809171676636,1.0,0.0960075631737709,0.16379833221435547
halueval-3056,halueval,0,5,0.2,0.6,0.4,0.5336587429046631,0.08607493340969086,1.0,0.37106627225875854,0.4663412570953369
halueval-7259,halueval,1,5,0.2,0.6,0.4,0.7796063423156738,0.4812639355659485,1.0,0.23734748363494873,0.22039365768432617
halueval-9994,halueval,1,5,0.6,0.4,0.8,0.9332440495491028,0.8423979878425598,0.9999998807907104,0.05497896298766136,0.06675595045089722
halueval-1651,halueval,0,5,0.6,0.4,0.8,0.8249225616455078,0.5623065829277039,0.9999999403953552,0.21442507207393646,0.1750774383544922
halueval-4271,halueval,0,5,1.0,0.2,1.0,1.0,1.0,1.0,0.0,0.0
halueval-8295,halueval,0,5,0.6,0.4,0.8,0.8241654634475708,0.5877886414527893,1.0,0.18969844281673431,0.1758345365524292
halueval-5735,halueval,0,5,0.4,0.4,0.6,0.6545366048812866,0.42422768473625183,1.0,0.2820696532726288,0.3454633951187134
halueval-7343,halueval,0,5,1.0,0.2,1.0,1.0,1.0,1.0,0.0,0.0
halueval-7076,halueval,1,5,0.1,0.8,0.4,0.6771973371505737,0.4789561927318573,0.9999997019767761,0.18775656819343567,0.32280266284942627
halueval-7190,halueval,1,5,0.0,1.0,0.2,0.7525478601455688,0.4080025255680084,0.9967301487922668,0.25357189774513245,0.24745213985443115
halueval-8745,halueval,0,5,0.2,0.6,0.4,0.7499126195907593,0.5901836156845093,1.0,0.1620161235332489,0.2500873804092407
halueval-7270,halueval,0,5,0.4,0.4,0.6,0.7674039006233215,0.6123398542404175,1.0,0.18991391360759735,0.23259609937667847
halueval-3283,halueval,1,5,0.1,0.8,0.4,0.6086999177932739,0.2959747314453125,1.0,0.20215916633605957,0.3913000822067261
halueval-8456,halueval,1,5,0.6,0.4,0.8,0.8428176641464233,0.6070442199707031,1.0,0.19250823557376862,0.15718233585357666
halueval-5153,halueval,1,5,0.2,0.6,0.4,0.6166514158248901,0.34414660930633545,1.0,0.2351858764886856,0.38334858417510986
halueval-6235,halueval,0,5,0.6,0.4,0.8,0.9707387685775757,0.9268471002578735,0.9999998807907104,0.03583740070462227,0.029261231422424316
halueval-8815,halueval,0,5,1.0,0.2,1.0,1.0,1.0,1.0,0.0,0.0
halueval-905,halueval,1,5,0.3,0.6,0.6,0.6647214889526367,0.24716591835021973,0.9999998807907104,0.33847326040267944,0.3352785110473633
halueval-187,halueval,0,5,0.4,0.4,0.6,0.5549654960632324,0.2619059085845947,1.0,0.3569764196872711,0.4450345039367676
halueval-5850,halueval,0,5,0.1,0.8,0.4,0.6386042833328247,0.37765634059906006,0.9999996423721313,0.23949530720710754,0.3613957166671753
halueval-469,halueval,0,5,0.1,0.8,0.4,0.45748329162597656,0.10650987923145294,1.0,0.2739362120628357,0.5425167083740234
halueval-5196,halueval,0,5,0.0,1.0,0.2,0.5793532133102417,0.110916867852211,0.9948509335517883,0.2737809717655182,0.4206467866897583
halueval-7265,halueval,1,5,0.0,1.0,0.2,0.3434627950191498,0.015500262379646301,0.8273019790649414,0.25242099165916443,0.6565372049808502
halueval-7047,halueval,0,5,0.0,1.0,0.2,0.5966376662254333,0.11584960669279099,0.9744338989257812,0.3791334629058838,0.40336233377456665
halueval-271,halueval,0,5,0.4,0.4,0.6,0.4928675591945648,0.15477922558784485,1.0,0.4140719175338745,0.5071324408054352
halueval-2117,halueval,1,5,0.3,0.6,0.6,0.6711223721504211,0.45046067237854004,0.9999999403953552,0.2329181432723999,0.32887762784957886
halueval-5929,halueval,0,5,0.6,0.4,0.8,0.7940255403518677,0.485063761472702,1.0,0.25226619839668274,0.20597445964813232
halueval-6386,halueval,0,5,1.0,0.2,1.0,1.0,1.0,1.0,0.0,0.0
halueval-1043,halueval,0,5,0.1,0.8,0.4,0.2540211081504822,-0.03541853651404381,1.0,0.3232004940509796,0.7459788918495178
halueval-2843,halueval,0,5,0.2,0.6,0.4,0.8241609334945679,0.676830530166626,1.0,0.1359456479549408,0.17583906650543213
halueval-9507,halueval,1,5,1.0,0.2,1.0,0.9877931475639343,0.9796552658081055,1.0,0.009966843761503696,0.012206852436065674
halueval-7956,halueval,1,5,0.3,0.6,0.6,0.7098217606544495,0.5282002687454224,1.0,0.2069922834634781,0.29017823934555054
halueval-9698,halueval,1,5,0.3,0.6,0.6,0.5850856900215149,0.3034912347793579,0.9999998807907104,0.3240848481655121,0.4149143099784851
halueval-1393,halueval,0,5,0.3,0.6,0.6,0.5312106013298035,0.23130273818969727,1.0,0.36719825863838196,0.46878939867019653
halueval-4686,halueval,1,5,1.0,0.2,1.0,1.0,1.0,1.0,0.0,0.0
halueval-5445,halueval,1,5,0.3,0.6,0.6,0.605867862701416,0.06969811022281647,1.0,0.3107033967971802,0.394132137298584
halueval-9369,halueval,0,5,1.0,0.2,1.0,1.0,1.0,1.0,0.0,0.0
halueval-8417,halueval,1,5,1.0,0.2,1.0,0.9890815019607544,0.9727035760879517,1.0,0.01337246224284172,0.010918498039245605
halueval-2797,halueval,1,5,0.6,0.4,0.8,0.854228138923645,0.6355702877044678,0.9999998807907104,0.17853331565856934,0.14577186107635498
halueval-3674,halueval,1,5,1.0,0.2,1.0,1.0,1.0,1.0,0.0,0.0
halueval-8452,halueval,1,5,0.6,0.4,0.8,0.9307840466499329,0.8388590812683105,1.0,0.07380779832601547,0.06921595335006714
halueval-8532,halueval,0,5,0.1,0.8,0.4,0.6066188812255859,0.33524391055107117,0.9708030223846436,0.19868864119052887,0.39338111877441406
halueval-6985,halueval,1,5,1.0,0.2,1.0,0.9999998807907104,0.9999998807907104,0.9999998807907104,0.0,1.1920928955078125e-07
halueval-585,halueval,0,5,1.0,0.2,1.0,1.0,1.0,1.0,0.0,0.0
halueval-2129,halueval,1,5,0.1,0.8,0.4,0.38629183173179626,0.1179426833987236,1.0,0.32488805055618286,0.6137081682682037
halueval-4508,halueval,0,5,1.0,0.2,1.0,0.9999998807907104,0.9999999403953552,0.9999999403953552,5.960464477539063e-08,1.1920928955078125e-07
halueval-8381,halueval,1,5,1.0,0.2,1.0,1.0,1.0,1.0,0.0,0.0
halueval-9386,halueval,0,5,0.6,0.4,0.8,0.9773296117782593,0.9519606828689575,0.9999996423721313,0.019611593335866928,0.022670388221740723
halueval-7807,halueval,0,5,0.1,0.8,0.4,0.5847447514533997,0.08655232191085815,1.0,0.26887112855911255,0.41525524854660034
halueval-4112,halueval,0,5,1.0,0.2,1.0,0.9940229654312134,0.9850574731826782,0.9999998807907104,0.007320254575461149,0.005977034568786621
halueval-2197,halueval,1,5,0.2,0.6,0.4,0.8629442453384399,0.6584869623184204,1.0,0.16563421487808228,0.13705575466156006
halueval-5940,halueval,1,5,0.1,0.8,0.4,0.4268607199192047,0.1298648715019226,1.0,0.28876999020576477,0.5731392800807953
halueval-7465,halueval,0,5,0.6,0.4,0.8,0.8688788414001465,0.6721972227096558,0.9999999403953552,0.16058987379074097,0.13112115859985352
halueval-3949,halueval,0,5,0.1,0.8,0.4,0.4060978889465332,0.11059233546257019,0.9999998807907104,0.33748841285705566,0.5939021110534668
halueval-1336,halueval,0,5,0.4,0.4,0.6,0.4909350275993347,0.15315671265125275,1.0,0.40421468019485474,0.5090649724006653
halueval-8565,halueval,1,5,1.0,0.2,1.0,0.9999998807907104,0.9999999403953552,0.9999999403953552,5.960464477539063e-08,1.1920928955078125e-07
halueval-3895,halueval,0,5,0.6,0.4,0.8,0.8859919309616089,0.714979887008667,0.9999998807907104,0.13963070511817932,0.11400806903839111
halueval-7261,halueval,1,5,0.3,0.6,0.6,0.808670163154602,0.588080883026123,1.0,0.12817662954330444,0.19132983684539795
halueval-4138,halueval,1,5,1.0,0.2,1.0,1.0,1.0,1.0,0.0,0.0
halueval-380,halueval,1,5,0.2,0.6,0.4,0.4178082048892975,0.10481508076190948,1.0,0.3728015422821045,0.5821917951107025
halueval-5582,halueval,0,5,1.0,0.2,1.0,1.0,1.0,1.0,0.0,0.0
halueval-2427,halueval,0,5,0.6,0.4,0.8,0.7307427525520325,0.3268568515777588,1.0,0.3297714293003082,0.26925724744796753
halueval-8666,halueval,1,5,1.0,0.2,1.0,0.9875307083129883,0.9792180061340332,1.0,0.010181056335568428,0.012469291687011719
halueval-715,halueval,0,5,1.0,0.2,1.0,0.9999998807907104,0.9999999403953552,0.9999999403953552,5.960464477539063e-08,1.1920928955078125e-07
halueval-6861,halueval,1,5,0.6,0.4,0.8,0.9335640668869019,0.8339102268218994,1.0,0.08136703819036484,0.06643593311309814
halueval-2437,halueval,0,5,1.0,0.2,1.0,1.0,1.0,1.0,0.0,0.0
halueval-1441,halueval,1,5,1.0,0.2,1.0,0.9999998807907104,0.9999998807907104,0.9999998807907104,0.0,1.1920928955078125e-07
halueval-8627,halueval,1,5,0.0,1.0,0.2,0.6224188804626465,0.25129327178001404,0.9899460077285767,0.20467261970043182,0.3775811195373535
halueval-9062,halueval,0,5,0.0,1.0,0.2,0.3821479380130768,0.05071398243308067,0.7506190538406372,0.2661617696285248,0.6178520619869232
halueval-1848,halueval,0,5,0.4,0.4,0.6,0.837989330291748,0.7299821376800537,1.0,0.13228119909763336,0.16201066970825195
halueval-4277,halueval,0,5,0.4,0.4,0.6,0.6179203391075134,0.34095627069473267,1.0,0.30602848529815674,0.3820796608924866
halueval-7074,halueval,0,5,1.0,0.2,1.0,0.9896246194839478,0.9740614891052246,1.0,0.012707223184406757,0.010375380516052246
halueval-1201,halueval,0,5,1.0,0.2,1.0,1.0,1.0,1.0,0.0,0.0
halueval-9089,halueval,0,5,1.0,0.2,1.0,1.0,1.0,1.0,0.0,0.0
halueval-161,halueval,1,5,0.4,0.4,0.6,0.9295265078544617,0.882544219493866,0.9999998211860657,0.05754121392965317,0.07047349214553833
halueval-3150,halueval,1,5,0.1,0.8,0.4,0.584153950214386,0.24772977828979492,0.9999999403953552,0.26972243189811707,0.415846049785614
halueval-8705,halueval,1,5,0.1,0.8,0.4,0.820298969745636,0.5485180616378784,1.0,0.1337130218744278,0.179701030254364
halueval-9238,halueval,0,5,1.0,0.2,1.0,1.0,1.0,1.0,0.0,0.0
halueval-5555,halueval,0,5,0.6,0.4,0.8,0.9220353364944458,0.8050883412361145,1.0,0.09548681974411011,0.0779646635055542
halueval-505,halueval,1,5,0.4,0.4,0.6,0.8699423670768738,0.7701469659805298,1.0,0.09831791371107101,0.13005763292312622
halueval-9601,halueval,1,5,0.3,0.6,0.6,0.5087038278579712,0.09827233850955963,1.0,0.37335559725761414,0.4912961721420288
halueval-5692,halueval,1,5,0.6,0.4,0.8,0.8189488649368286,0.5473722815513611,0.9999997615814209,0.22174127399921417,0.1810511350631714
halueval-5182,halueval,1,5,0.0,1.0,0.2,0.4979781210422516,0.09991868585348129,0.9059562683105469,0.23848582804203033,0.5020218789577484
halueval-5774,halueval,1,5,0.4,0.4,0.6,0.9537749290466309,0.9229581356048584,1.0,0.037742651998996735,0.04622507095336914
halueval-1022,halueval,1,5,0.4,0.4,0.6,0.9234395027160645,0.8723992109298706,1.0,0.06251136213541031,0.07656049728393555
halueval-5089,halueval,1,5,1.0,0.2,1.0,1.0,1.0,1.0,0.0,0.0
halueval-2259,halueval,0,5,0.4,0.4,0.6,0.6032615900039673,0.33876940608024597,1.0,0.3239354193210602,0.3967384099960327
halueval-4560,halueval,1,5,0.6,0.4,0.8,0.801566481590271,0.5039163827896118,0.9999998807907104,0.24303029477596283,0.198433518409729
halueval-8564,halueval,1,5,0.1,0.8,0.4,0.29568788409233093,0.007042403798550367,0.9792580008506775,0.27999627590179443,0.7043121159076691
halueval-6586,halueval,0,5,0.0,1.0,0.2,0.7121053338050842,0.3639850318431854,0.9749037027359009,0.2814759910106659,0.28789466619491577
halueval-8022,halueval,0,5,0.0,1.0,0.2,0.4930359721183777,0.055617451667785645,0.9645373821258545,0.35260334610939026,0.5069640278816223
halueval-3313,halueval,0,5,0.3,0.6,0.6,0.8566728830337524,0.7247523665428162,1.0,0.10690543800592422,0.14332711696624756
halueval-6455,halueval,1,5,1.0,0.2,1.0,1.0,1.0,1.0,0.0,0.0
halueval-4056,halueval,1,5,0.4,0.4,0.6,0.5661585330963135,0.27693092823028564,1.0,0.35422998666763306,0.4338414669036865
halueval-4885,halueval,1,5,1.0,0.2,1.0,0.9999998807907104,0.9999998807907104,0.9999998807907104,0.0,1.1920928955078125e-07
halueval-3057,halueval,0,5,1.0,0.2,1.0,0.9953535199165344,0.9883838295936584,1.0,0.005690738093107939,0.004646480083465576
halueval-1800,halueval,1,5,1.0,0.2,1.0,0.9999998807907104,0.9999998807907104,0.9999998807907104,0.0,1.1920928955078125e-07
halueval-1699,halueval,0,5,1.0,0.2,1.0,0.9999998807907104,0.9999999403953552,0.9999999403953552,5.960464477539063e-08,1.1920928955078125e-07
halueval-4268,halueval,1,5,0.2,0.6,0.4,0.7182050943374634,0.3408452272415161,1.0,0.26411205530166626,0.2817949056625366
halueval-6224,halueval,0,5,0.6,0.4,0.8,0.9346691966056824,0.8366730213165283,1.0,0.08001355081796646,0.06533080339431763
halueval-7278,halueval,1,5,0.6,0.4,0.8,0.9164240956306458,0.800922691822052,1.0,0.08777191489934921,0.08357590436935425
halueval-6542,halueval,1,5,1.0,0.2,1.0,1.0,1.0,1.0,0.0,0.0
halueval-8120,halueval,0,5,0.4,0.4,0.6,0.8543577194213867,0.7572628259658813,1.0,0.11891644448041916,0.14564228057861328
halueval-1770,halueval,0,5,0.6,0.4,0.8,0.8401428461074829,0.6003571152687073,1.0,0.19578424096107483,0.1598571538925171
halueval-5616,halueval,1,5,0.2,0.6,0.4,0.6057054400444031,0.1520417332649231,1.0,0.3608540892601013,0.3942945599555969
halueval-4798,halueval,1,5,0.6,0.4,0.8,0.6860780715942383,0.22546684741973877,1.0,0.37394022941589355,0.3139219284057617
halueval-9542,halueval,1,5,0.6,0.4,0.8,0.8724144697189331,0.6810362339019775,1.0,0.156259685754776,0.1275855302810669
halueval-987,halueval,0,5,0.1,0.8,0.4,0.5545734167098999,0.15384075045585632,0.9999998807907104,0.2635362148284912,0.4454265832901001
halueval-7725,halueval,0,5,0.0,1.0,0.2,0.7832786440849304,0.5926154851913452,0.9520503878593445,0.102301225066185,0.21672135591506958
halueval-6995,halueval,1,5,0.1,0.8,0.4,0.4902106821537018,-0.0004728958010673523,1.0,0.35943689942359924,0.5097893178462982
halueval-5982,halueval,1,5,0.4,0.4,0.6,0.7640742063522339,0.6067904233932495,0.9999999403953552,0.1926325410604477,0.2359257936477661
halueval-7169,halueval,1,5,0.4,0.4,0.6,0.7040954828262329,0.506825864315033,1.0,0.24160493910312653,0.2959045171737671
halueval-1874,halueval,0,5,1.0,0.2,1.0,0.9921903610229492,0.9869837760925293,1.0,0.006376621313393116,0.007809638977050781
halueval-6090,halueval,0,5,0.6,0.4,0.8,0.8971098065376282,0.7427743673324585,1.0,0.12601430714130402,0.10289019346237183
halueval-4527,halueval,1,5,0.6,0.4,0.8,0.9284712672233582,0.8211780786514282,1.0,0.08760449290275574,0.07152873277664185
halueval-4794,halueval,1,5,0.6,0.4,0.8,0.7430697679519653,0.3576744794845581,0.9999999403953552,0.31467393040657043,0.25693023204803467
halueval-51,halueval,0,5,0.4,0.4,0.6,0.6551085710525513,0.42518091201782227,0.9999999403953552,0.2816026508808136,0.34489142894744873
halueval-3130,halueval,0,5,0.0,1.0,0.2,0.9550005197525024,0.8996198773384094,0.9876924753189087,0.024989377707242966,0.04499948024749756
halueval-5564,halueval,0,5,1.0,0.2,1.0,0.986457347869873,0.9661432504653931,1.0,0.01658635213971138,0.013542652130126953
halueval-5904,halueval,1,5,0.6,0.4,0.8,0.7914945483207703,0.47873640060424805,1.0,0.2553659975528717,0.20850545167922974
halueval-666,halueval,1,5,0.1,0.8,0.4,0.807784378528595,0.6620534658432007,1.0,0.10687178373336792,0.19221562147140503
halueval-3180,halueval,1,5,1.0,0.2,1.0,0.9940316081047058,0.9850791692733765,1.0,0.0073096840642392635,0.0059683918952941895
halueval-102,halueval,1,5,0.4,0.4,0.6,0.8516644239425659,0.7360191941261292,1.0,0.11335880309343338,0.14833557605743408
halueval-1780,halueval,1,5,0.0,1.0,0.2,0.548336386680603,0.3091277480125427,0.9409206509590149,0.24758192896842957,0.451663613319397
halueval-7326,halueval,0,5,0.3,0.6,0.6,0.44838136434555054,0.09558380395174026,0.9999999403953552,0.3828403353691101,0.5516186356544495
halueval-3963,halueval,1,5,0.6,0.4,0.8,0.6972702145576477,0.24317537248134613,1.0,0.370766818523407,0.3027297854423523
halueval-935,halueval,1,5,0.4,0.4,0.6,0.7420180439949036,0.5700300335884094,1.0,0.21064139902591705,0.25798195600509644
halueval-8967,halueval,1,5,0.6,0.4,0.8,0.9651500582695007,0.9128752946853638,1.0,0.0426822155714035,0.03484994173049927
halueval-8973,halueval,1,5,1.0,0.2,1.0,1.0,1.0,1.0,0.0,0.0
halueval-5740,halueval,0,5,1.0,0.2,1.0,0.9999998807907104,0.9999998807907104,0.9999998807907104,0.0,1.1920928955078125e-07
halueval-7612,halueval,0,5,0.1,0.8,0.4,0.5902139544487,0.4212645888328552,0.9999998807907104,0.17443519830703735,0.40978604555130005
halueval-7263,halueval,0,5,0.2,0.6,0.4,0.819115936756134,0.572983980178833,1.0,0.19861990213394165,0.18088406324386597
halueval-6592,halueval,0,5,0.1,0.8,0.4,0.6751188635826111,0.5408138632774353,1.0,0.1466730535030365,0.3248811364173889
halueval-4514,halueval,1,5,0.0,1.0,0.2,0.6539760828018188,0.35812681913375854,0.9572322368621826,0.18838068842887878,0.34602391719818115
halueval-2565,halueval,0,5,1.0,0.2,1.0,0.9908849596977234,0.9848084449768066,1.0,0.007442296948283911,0.009115040302276611
halueval-3372,halueval,1,5,1.0,0.2,1.0,1.0,1.0,1.0,0.0,0.0
halueval-7171,halueval,0,5,0.1,0.8,0.4,0.6219406723976135,0.11635969579219818,1.0,0.35405462980270386,0.3780593276023865
halueval-2467,halueval,1,5,0.3,0.6,0.6,0.9147712588310242,0.7947088479995728,1.0,0.08937001973390579,0.08522874116897583
halueval-8330,halueval,0,5,1.0,0.2,1.0,1.0,1.0,1.0,0.0,0.0
halueval-9671,halueval,1,5,1.0,0.2,1.0,0.9999998807907104,0.9999998807907104,0.9999998807907104,0.0,1.1920928955078125e-07
halueval-6465,halueval,1,5,0.6,0.4,0.8,0.7448756694793701,0.362325519323349,1.0,0.2991296350955963,0.2551243305206299
halueval-6103,halueval,1,5,0.2,0.6,0.4,0.498664528131485,0.19991528987884521,1.0,0.29679006338119507,0.501335471868515
halueval-475,halueval,1,5,1.0,0.2,1.0,1.0,1.0,1.0,0.0,0.0
halueval-9060,halueval,1,5,0.6,0.4,0.8,0.8400096893310547,0.6000242829322815,1.0,0.1959472894668579,0.1599903106689453
halueval-4121,halueval,1,5,0.6,0.4,0.8,0.8385272026062012,0.5963180065155029,1.0,0.19776298105716705,0.16147279739379883
halueval-2109,halueval,1,5,1.0,0.2,1.0,0.9922297596931458,0.9805743098258972,1.0,0.009516606107354164,0.007770240306854248
halueval-3298,halueval,0,5,0.3,0.6,0.6,0.7061506509780884,0.26426437497138977,0.9999999403953552,0.25949347019195557,0.2938493490219116
halueval-4495,halueval,0,5,1.0,0.2,1.0,1.0,1.0,1.0,0.0,0.0
halueval-7533,halueval,1,5,0.4,0.4,0.6,0.9316310882568359,0.8860517740249634,1.0,0.05582300201058388,0.06836891174316406
halueval-7273,halueval,1,5,0.1,0.8,0.4,0.6929826736450195,0.4389720559120178,0.9999998807907104,0.19848228991031647,0.30701732635498047
halueval-9666,halueval,0,5,0.3,0.6,0.6,0.5951341390609741,0.3276051878929138,0.9999997615814209,0.28303006291389465,0.4048658609390259
halueval-6411,halueval,0,5,0.6,0.4,0.8,0.9456222653388977,0.8640557527542114,1.0,0.0665988102555275,0.054377734661102295
halueval-7291,halueval,1,5,0.4,0.4,0.6,0.5473924875259399,0.24565424025058746,1.0,0.3695524334907532,0.45260751247406006
halueval-300,halueval,1,5,0.0,1.0,0.2,0.5223479866981506,0.2304828017950058,0.9927849769592285,0.24316661059856415,0.47765201330184937
halueval-9888,halueval,0,5,1.0,0.2,1.0,0.9668596982955933,0.917149543762207,0.9999998211860657,0.04058818146586418,0.03314030170440674
halueval-4650,halueval,0,5,1.0,0.2,1.0,1.0,1.0,1.0,0.0,0.0
halueval-4684,halueval,0,5,0.4,0.4,0.6,0.7871228456497192,0.6452047824859619,1.0,0.17381344735622406,0.21287715435028076
halueval-1338,halueval,1,5,0.0,1.0,0.2,0.47009962797164917,0.3246471583843231,0.6591589450836182,0.12892164289951324,0.5299003720283508
halueval-7113,halueval,0,5,1.0,0.2,1.0,0.9999998807907104,0.9999999403953552,0.9999999403953552,5.960464477539063e-08,1.1920928955078125e-07
halueval-7299,halueval,0,5,0.6,0.4,0.8,0.9011343121528625,0.7612338066101074,0.9999998807907104,0.11232101917266846,0.09886568784713745
halueval-5841,halueval,1,5,0.1,0.8,0.4,0.6405068635940552,0.416824072599411,1.0,0.2309962660074234,0.3594931364059448
halueval-3953,halueval,0,5,1.0,0.2,1.0,1.0,1.0,1.0,0.0,0.0
halueval-3037,halueval,0,5,0.4,0.4,0.6,0.9130641222000122,0.854944109916687,1.0,0.07003585994243622,0.08693587779998779
halueval-554,halueval,1,5,1.0,0.2,1.0,1.0,1.0,1.0,0.0,0.0
halueval-1521,halueval,0,5,1.0,0.2,1.0,0.9821830987930298,0.9703052043914795,1.0,0.014547331258654594,0.017816901206970215
halueval-9884,halueval,1,5,0.4,0.4,0.6,0.8910082578659058,0.8183472156524658,1.0,0.08899131417274475,0.10899174213409424
halueval-952,halueval,1,5,0.4,0.4,0.6,0.9589605331420898,0.9316009283065796,1.0,0.03350856527686119,0.041039466857910156
halueval-223,halueval,1,5,1.0,0.2,1.0,0.9999998807907104,0.9999998807907104,0.9999998807907104,0.0,1.1920928955078125e-07
halueval-8843,halueval,0,5,0.1,0.8,0.4,0.5137795209884644,0.2301865965127945,0.9833782911300659,0.21878039836883545,0.48622047901153564
halueval-2360,halueval,1,5,0.0,1.0,0.2,0.3889891505241394,0.25148963928222656,0.6124001741409302,0.10848743468523026,0.6110108494758606
halueval-6893,halueval,1,5,1.0,0.2,1.0,0.9904443621635437,0.9761110544204712,1.0,0.011703145690262318,0.009555637836456299
halueval-4923,halueval,1,5,1.0,0.2,1.0,0.992719829082489,0.9817997217178345,0.9999997615814209,0.008916161954402924,0.007280170917510986
halueval-1969,halueval,0,5,0.3,0.6,0.6,0.3992376923561096,0.07609325647354126,1.0,0.32558465003967285,0.6007623076438904
halueval-6036,halueval,1,5,0.6,0.4,0.8,0.9639236330986023,0.9098091125488281,1.0,0.044184330850839615,0.036076366901397705
halueval-7241,halueval,0,5,0.1,0.8,0.4,0.49098533391952515,0.3287365436553955,1.0,0.22410836815834045,0.5090146660804749
halueval-846,halueval,0,5,0.0,1.0,0.2,0.6912309527397156,0.38286665081977844,0.903312087059021,0.1709553748369217,0.3087690472602844
halueval-3268,halueval,1,5,0.1,0.8,0.4,0.5677395462989807,0.1711793839931488,0.9881214499473572,0.3020091652870178,0.4322604537010193
halueval-8780,halueval,1,5,0.1,0.8,0.4,0.27703937888145447,0.05395614728331566,0.9999997615814209,0.3435661792755127,0.7229606211185455
halueval-8798,halueval,1,5,0.4,0.4,0.6,0.7511106729507446,0.5851845741271973,1.0,0.20321717858314514,0.24888932704925537
halueval-487,halueval,1,5,1.0,0.2,1.0,0.9942377209663391,0.9855942726135254,1.0,0.007057335693389177,0.005762279033660889
halueval-1648,halueval,0,5,0.0,1.0,0.2,0.6262245178222656,0.2124282419681549,0.9693417549133301,0.23730167746543884,0.3737754821777344
halueval-2434,halueval,1,5,0.6,0.4,0.8,0.660787045955658,0.15196770429611206,0.9999999403953552,0.41544926166534424,0.33921295404434204
halueval-4238,halueval,0,5,0.1,0.8,0.4,0.3973108232021332,0.07048127800226212,0.9866632223129272,0.2946920096874237,0.6026891767978668
halueval-4839,halueval,0,5,0.4,0.4,0.6,0.8732441663742065,0.788530707359314,0.9999998807907104,0.09808642417192459,0.12675583362579346
halueval-9782,halueval,0,5,1.0,0.2,1.0,0.9930644035339355,0.9826608300209045,1.0,0.008494424633681774,0.006935596466064453
halueval-7303,halueval,0,5,1.0,0.2,1.0,1.0,1.0,1.0,0.0,0.0
halueval-3702,halueval,0,5,0.2,0.6,0.4,0.7638024091720581,0.6203528642654419,1.0,0.1415843814611435,0.2361975908279419
halueval-3405,halueval,0,5,0.2,0.6,0.4,0.8292274475097656,0.7221099138259888,1.0,0.12420319020748138,0.17077255249023438
halueval-6756,halueval,1,5,0.2,0.6,0.4,0.7582852244377136,0.4859117567539215,1.0,0.20130831003189087,0.24171477556228638
halueval-3616,halueval,1,5,0.6,0.4,0.8,0.9412214159965515,0.8530535697937012,1.0,0.07198876142501831,0.058778584003448486
halueval-1321,halueval,1,5,0.6,0.4,0.8,0.6590777635574341,0.1476944088935852,1.0,0.4175427556037903,0.3409222364425659
halueval-963,halueval,1,5,0.0,1.0,0.2,0.2875668406486511,0.07343964278697968,0.6415212154388428,0.18752966821193695,0.7124331593513489
halueval-2921,halueval,0,5,0.4,0.4,0.6,0.9660442471504211,0.9434071183204651,1.0,0.02772471494972706,0.03395575284957886
halueval-9013,halueval,1,5,0.1,0.8,0.4,0.2934190630912781,0.033142127096652985,1.0,0.25700920820236206,0.7065809369087219
halueval-634,halueval,0,5,0.6,0.4,0.8,0.8802990913391113,0.7007477879524231,1.0,0.1466030329465866,0.11970090866088867
halueval-9579,halueval,1,5,0.1,0.8,0.4,0.3184475302696228,0.06682126224040985,1.0,0.25305524468421936,0.6815524697303772
halueval-9781,halueval,0,5,0.2,0.6,0.4,0.5466394424438477,0.28007400035858154,1.0,0.30287468433380127,0.45336055755615234
halueval-2186,halueval,0,5,0.0,1.0,0.2,0.4029415249824524,0.08400538563728333,0.7270472049713135,0.22050915658473969,0.5970584750175476
halueval-5821,halueval,0,5,0.1,0.8,0.4,0.5991533398628235,0.21857842803001404,0.9871606826782227,0.30673351883888245,0.4008466601371765
halueval-5265,halueval,1,5,0.1,0.8,0.4,0.5762988924980164,0.21369659900665283,1.0,0.26973921060562134,0.42370110750198364
halueval-2454,halueval,1,5,1.0,0.2,1.0,0.987335205078125,0.9683383703231812,0.9999999403953552,0.015510937198996544,0.012664794921875
halueval-2285,halueval,1,5,1.0,0.2,1.0,0.9917513132095337,0.979378342628479,1.0,0.010102507658302784,0.008248686790466309
halueval-486,halueval,0,5,0.2,0.6,0.4,0.3940581679344177,0.11131908744573593,1.0,0.3496088683605194,0.6059418320655823
halueval-2726,halueval,1,5,1.0,0.2,1.0,1.0,1.0,1.0,0.0,0.0
halueval-3954,halueval,0,5,1.0,0.2,1.0,1.0,1.0,1.0,0.0,0.0
halueval-4711,halueval,0,5,0.6,0.4,0.8,0.7363843321800232,0.34096089005470276,1.0,0.322861909866333,0.2636156678199768
halueval-4659,halueval,0,5,0.3,0.6,0.6,0.46536535024642944,0.1592138409614563,1.0,0.3696768879890442,0.5346346497535706
halueval-5105,halueval,1,5,0.6,0.4,0.8,0.9340510368347168,0.8544492125511169,0.9999999403953552,0.06459110975265503,0.0659489631652832
halueval-6198,halueval,1,5,0.2,0.6,0.4,0.765850841999054,0.6131395101547241,1.0,0.13804860413074493,0.23414915800094604
halueval-7256,halueval,1,5,1.0,0.2,1.0,1.0,1.0,1.0,0.0,0.0
halueval-5895,halueval,1,5,0.3,0.6,0.6,0.6886602640151978,0.17896980047225952,0.9999998807907104,0.272635817527771,0.31133973598480225
halueval-2080,halueval,1,5,0.1,0.8,0.4,0.28997617959976196,0.05492311716079712,0.9745403528213501,0.31356191635131836,0.710023820400238
halueval-1807,halueval,0,5,0.3,0.6,0.6,0.5365703701972961,0.28538113832473755,1.0,0.3192667067050934,0.46342962980270386
halueval-6383,halueval,0,5,1.0,0.2,1.0,1.0,1.0,1.0,0.0,0.0
halueval-465,halueval,0,5,0.4,0.4,0.6,0.9830838441848755,0.9646320343017578,1.0,0.013773131184279919,0.01691615581512451
halueval-198,halueval,1,5,0.1,0.8,0.4,0.5008002519607544,0.23337149620056152,1.0,0.23475870490074158,0.4991997480392456
halueval-6081,halueval,0,5,0.0,1.0,0.2,0.46611323952674866,0.20186030864715576,0.9583292603492737,0.22673289477825165,0.5338867604732513
halueval-9423,halueval,1,5,1.0,0.2,1.0,0.9915519952774048,0.9859199523925781,1.0,0.006897786632180214,0.008448004722595215
halueval-1711,halueval,1,5,0.1,0.8,0.4,0.6080915331840515,0.2128203809261322,0.949292778968811,0.28607746958732605,0.3919084668159485
halueval-7820,halueval,1,5,1.0,0.2,1.0,0.9908806085586548,0.9772018194198608,0.9999997615814209,0.011168664321303368,0.009119391441345215
halueval-943,halueval,1,5,0.3,0.6,0.6,0.6812871098518372,0.2793637812137604,1.0,0.264537513256073,0.31871289014816284
halueval-4702,halueval,1,5,0.4,0.4,0.6,0.5589858293533325,0.26497647166252136,1.0,0.36008647084236145,0.4410141706466675
halueval-4357,halueval,1,5,0.4,0.4,0.6,0.9676052927970886,0.9428986310958862,1.0,0.022387590259313583,0.03239470720291138
halueval-4262,halueval,1,5,1.0,0.2,1.0,1.0,1.0,1.0,0.0,0.0
halueval-6365,halueval,1,5,0.6,0.4,0.8,0.9805713891983032,0.9587584733963013,1.0,0.016531992703676224,0.019428610801696777
halueval-8479,halueval,0,5,0.1,0.8,0.4,0.9793289303779602,0.9471430778503418,0.9999999403953552,0.019283460453152657,0.020671069622039795
halueval-5522,halueval,1,5,1.0,0.2,1.0,1.0,1.0,1.0,0.0,0.0
halueval-5237,halueval,1,5,0.4,0.4,0.6,0.8032999038696289,0.64812171459198,0.9999999403953552,0.1443280428647995,0.1967000961303711
halueval-3649,halueval,1,5,0.0,1.0,0.2,0.6193687319755554,0.4874098300933838,0.9318134188652039,0.11983232945203781,0.3806312680244446
halueval-8097,halueval,1,5,1.0,0.2,1.0,1.0,1.0,1.0,0.0,0.0
halueval-2952,halueval,1,5,0.6,0.4,0.8,0.9419671297073364,0.8549178242683411,1.0,0.07107546180486679,0.058032870292663574
halueval-4358,halueval,0,5,0.2,0.6,0.4,0.5182045102119446,0.3435337543487549,0.9922250509262085,0.2366427779197693,0.4817954897880554
halueval-765,halueval,1,5,1.0,0.2,1.0,0.934742271900177,0.8368557095527649,1.0,0.07992405444383621,0.065257728099823
halueval-1075,halueval,1,5,0.0,1.0,0.2,0.5768661499023438,0.230368971824646,0.9584659337997437,0.2508673071861267,0.42313385009765625
halueval-1912,halueval,0,5,1.0,0.2,1.0,0.9999998807907104,0.9999998807907104,0.9999998807907104,0.0,1.1920928955078125e-07
halueval-7808,halueval,1,5,1.0,0.2,1.0,0.9999998807907104,0.9999999403953552,0.9999999403953552,5.960464477539063e-08,1.1920928955078125e-07
halueval-749,halueval,0,5,0.3,0.6,0.6,0.7770689129829407,0.4749256372451782,0.9999999403953552,0.22562453150749207,0.22293108701705933
halueval-7952,halueval,1,5,1.0,0.2,1.0,0.9999998807907104,0.9999999403953552,0.9999999403953552,5.960464477539063e-08,1.1920928955078125e-07
halueval-97,halueval,1,5,1.0,0.2,1.0,1.0,1.0,1.0,0.0,0.0
halueval-3863,halueval,0,5,0.6,0.4,0.8,0.8118335008621216,0.5295836925506592,0.9999999403953552,0.23045594990253448,0.18816649913787842
halueval-2164,halueval,1,5,1.0,0.2,1.0,1.0,1.0,1.0,0.0,0.0
halueval-8543,halueval,0,5,1.0,0.2,1.0,1.0,1.0,1.0,0.0,0.0
halueval-4448,halueval,0,5,1.0,0.2,1.0,1.0,1.0,1.0,0.0,0.0
halueval-1250,halueval,1,5,0.6,0.4,0.8,0.8446367383003235,0.611591637134552,1.0,0.19028045237064362,0.1553632616996765
halueval-1570,halueval,1,5,0.3,0.6,0.6,0.5784462690353394,0.27057838439941406,1.0,0.2919217646121979,0.42155373096466064
halueval-3260,halueval,1,5,0.2,0.6,0.4,0.7380406260490417,0.6083807349205017,1.0,0.1376371681690216,0.26195937395095825
halueval-3275,halueval,1,5,0.4,0.4,0.6,0.4428279399871826,0.07137990742921829,1.0,0.45492908358573914,0.5571720600128174
halueval-3498,halueval,0,5,0.2,0.6,0.4,0.588697075843811,0.34514880180358887,1.0,0.29443711042404175,0.41130292415618896
halueval-8388,halueval,1,5,0.6,0.4,0.8,0.9919382333755493,0.9787715673446655,1.0,0.006239043548703194,0.008061766624450684
halueval-2043,halueval,1,5,0.1,0.8,0.4,0.787150502204895,0.7163763046264648,0.9887988567352295,0.09115090221166611,0.21284949779510498
halueval-9882,halueval,0,5,1.0,0.2,1.0,1.0,1.0,1.0,0.0,0.0
halueval-8249,halueval,1,5,0.3,0.6,0.6,0.6193758845329285,0.36559969186782837,0.9999998211860657,0.2897229492664337,0.38062411546707153
halueval-4305,halueval,0,5,0.2,0.6,0.4,0.6170819401741028,0.4108254909515381,1.0,0.2453933209180832,0.3829180598258972
halueval-4433,halueval,0,5,1.0,0.2,1.0,0.9854030609130859,0.9756717681884766,1.0,0.01191835105419159,0.014596939086914062
halueval-491,halueval,0,5,0.3,0.6,0.6,0.9604328274726868,0.9001233577728271,0.9999998807907104,0.04539921507239342,0.03956717252731323
halueval-4200,halueval,1,5,0.4,0.4,0.6,0.9791252017021179,0.9652086496353149,1.0,0.01704421080648899,0.02087479829788208
halueval-2678,halueval,1,5,0.1,0.8,0.4,0.4526231288909912,0.17488349974155426,1.0,0.2714102268218994,0.5473768711090088
halueval-7020,halueval,0,5,1.0,0.2,1.0,1.0,1.0,1.0,0.0,0.0
halueval-584,halueval,1,5,0.6,0.4,0.8,0.6178910732269287,0.044727735221385956,0.9999999403953552,0.4679858684539795,0.3821089267730713
halueval-602,halueval,0,5,0.0,1.0,0.2,0.5345358848571777,0.30756139755249023,0.968574047088623,0.2113317996263504,0.46546411514282227
halueval-6435,halueval,0,5,0.3,0.6,0.6,0.3815707862377167,0.08048482984304428,0.9830869436264038,0.370851993560791,0.6184292137622833
halueval-6529,halueval,0,5,0.6,0.4,0.8,0.7099277377128601,0.27481943368911743,1.0,0.3552645146846771,0.2900722622871399
halueval-4979,halueval,0,5,0.1,0.8,0.4,0.5771449208259583,0.187333881855011,1.0,0.27418053150177,0.42285507917404175
halueval-3429,halueval,1,5,0.1,0.8,0.4,0.7175890207290649,0.42673882842063904,0.9839216470718384,0.1630106270313263,0.28241097927093506
halueval-237,halueval,0,5,0.2,0.6,0.4,0.8201637268066406,0.6995863914489746,1.0,0.1195240169763565,0.17983627319335938
halueval-5891,halueval,1,5,0.6,0.4,0.8,0.6658784747123718,0.16469642519950867,0.9999998807907104,0.40921348333358765,0.3341215252876282
halueval-8597,halueval,0,5,0.1,0.8,0.4,0.49806785583496094,0.27929097414016724,1.0,0.24612459540367126,0.5019321441650391
halueval-4599,halueval,0,5,0.0,1.0,0.2,0.5834755301475525,0.17470568418502808,0.9890651702880859,0.28387704491615295,0.4165244698524475
halueval-8957,halueval,0,5,0.6,0.4,0.8,0.9292840957641602,0.8286953568458557,1.0,0.07159139961004257,0.07071590423583984
halueval-5937,halueval,0,5,1.0,0.2,1.0,1.0,1.0,1.0,0.0,0.0
halueval-209,halueval,1,5,1.0,0.2,1.0,1.0,1.0,1.0,0.0,0.0
halueval-9968,halueval,1,5,1.0,0.2,1.0,0.9952957034111023,0.9921594858169556,1.0,0.0038410371635109186,0.004704296588897705
halueval-3177,halueval,1,5,0.2,0.6,0.4,0.4566231667995453,0.3149232268333435,1.0,0.2717207372188568,0.5433768332004547
halueval-6753,halueval,0,5,0.0,1.0,0.2,0.2733602225780487,0.0498480498790741,0.7334952354431152,0.22671431303024292,0.7266397774219513
halueval-8267,halueval,0,5,0.1,0.8,0.4,0.4653116762638092,0.20186084508895874,1.0,0.23054753243923187,0.5346883237361908
halueval-859,halueval,1,5,1.0,0.2,1.0,0.9947983622550964,0.986996054649353,1.0,0.006370606366544962,0.0052016377449035645
halueval-6094,halueval,0,5,1.0,0.2,1.0,0.9999998211860657,0.9999998211860657,0.9999998211860657,0.0,1.7881393432617188e-07
halueval-159,halueval,0,5,0.4,0.4,0.6,0.8966204524040222,0.8277008533477783,1.0,0.08440899848937988,0.10337954759597778
halueval-3255,halueval,0,5,0.4,0.4,0.6,0.6262374520301819,0.3577914834022522,1.0,0.30261263251304626,0.3737625479698181
halueval-1913,halueval,0,5,0.1,0.8,0.4,0.4852732717990875,0.23192098736763,1.0,0.21957886219024658,0.5147267282009125
halueval-6231,halueval,0,5,0.6,0.4,0.8,0.7473722696304321,0.3684305250644684,1.0,0.309404581785202,0.25262773036956787
halueval-1243,halueval,0,5,1.0,0.2,1.0,0.9999998807907104,0.9999998807907104,0.9999998807907104,0.0,1.1920928955078125e-07
halueval-329,halueval,1,5,0.6,0.4,0.8,0.9441466331481934,0.8603665828704834,1.0,0.0684061273932457,0.05585336685180664
halueval-2357,halueval,0,5,0.3,0.6,0.6,0.4133427143096924,0.12793421745300293,1.0,0.38495907187461853,0.5866572856903076
halueval-2641,halueval,0,5,0.1,0.8,0.4,0.6694369912147522,0.35281652212142944,1.0,0.22764641046524048,0.3305630087852478
halueval-916,halueval,1,5,1.0,0.2,1.0,0.9841468930244446,0.9603672623634338,0.9999998807907104,0.01941593736410141,0.01585310697555542
halueval-7405,halueval,1,5,0.6,0.4,0.8,0.7483780980110168,0.37094515562057495,1.0,0.30817267298698425,0.25162190198898315
halueval-3491,halueval,0,5,0.6,0.4,0.8,0.7747215628623962,0.4334355294704437,1.0,0.2632533013820648,0.22527843713760376
halueval-5457,halueval,0,5,0.4,0.4,0.6,0.9200295209884644,0.8667159676551819,1.0,0.06529556959867477,0.07997047901153564
halueval-735,halueval,1,5,0.3,0.6,0.6,0.6616471409797668,0.2869274318218231,0.9999999403953552,0.3037101626396179,0.33835285902023315
halueval-13,halueval,0,5,0.0,1.0,0.2,0.7822164297103882,0.49829915165901184,0.9978460073471069,0.22167174518108368,0.21778357028961182
halueval-8634,halueval,1,5,0.6,0.4,0.8,0.8266454935073853,0.5742442607879639,1.0,0.172162726521492,0.17335450649261475
halueval-6019,halueval,1,5,0.3,0.6,0.6,0.7220732569694519,0.47404226660728455,1.0,0.21894091367721558,0.2779267430305481
halueval-6381,halueval,0,5,0.4,0.4,0.6,0.9507420659065247,0.9068002700805664,0.9999997615814209,0.038769837468862534,0.04925793409347534
halueval-4170,halueval,1,5,1.0,0.2,1.0,0.9612963795661926,0.9032407999038696,1.0,0.04740213602781296,0.03870362043380737
halueval-7773,halueval,1,5,0.3,0.6,0.6,0.6072012186050415,0.21330931782722473,1.0,0.3342199921607971,0.3927987813949585
halueval-93,halueval,0,5,0.0,1.0,0.2,0.5303071737289429,0.2852432429790497,0.7174878716468811,0.17953091859817505,0.46969282627105713
halueval-9205,halueval,0,5,0.2,0.6,0.4,0.6946040987968445,0.5280716419219971,1.0,0.19126251339912415,0.3053959012031555
halueval-68,halueval,0,5,0.6,0.4,0.8,0.6744619011878967,0.18615466356277466,1.0,0.39870116114616394,0.32553809881210327
halueval-2488,halueval,1,5,0.3,0.6,0.6,0.7336810827255249,0.5476256012916565,1.0,0.2151714712381363,0.2663189172744751
halueval-4108,halueval,1,5,1.0,0.2,1.0,1.0,1.0,1.0,0.0,0.0
halueval-568,halueval,1,5,1.0,0.2,1.0,0.9915961027145386,0.9789902567863464,1.0,0.010292629711329937,0.008403897285461426
halueval-4479,halueval,1,5,1.0,0.2,1.0,0.9999998807907104,0.9999998807907104,0.9999998807907104,0.0,1.1920928955078125e-07
halueval-5199,halueval,1,5,0.4,0.4,0.6,0.7229204773902893,0.5382007956504822,1.0,0.22623443603515625,0.2770795226097107
halueval-600,halueval,0,5,1.0,0.2,1.0,1.0,1.0,1.0,0.0,0.0
halueval-1100,halueval,0,5,0.4,0.4,0.6,0.60777747631073,0.3462958335876465,1.0,0.3202483355998993,0.39222252368927
halueval-4517,halueval,0,5,1.0,0.2,1.0,1.0,1.0,1.0,0.0,0.0
halueval-6766,halueval,0,5,1.0,0.2,1.0,1.0,1.0,1.0,0.0,0.0
halueval-1502,halueval,0,5,0.2,0.6,0.4,0.41850176453590393,0.07778412848711014,1.0,0.4096662700176239,0.5814982354640961
halueval-5625,halueval,0,5,0.1,0.8,0.4,0.8885671496391296,0.8252017498016357,0.9999998211860657,0.0629093274474144,0.11143285036087036
halueval-6080,halueval,0,5,0.6,0.4,0.8,0.6813325881958008,0.20333144068717957,1.0,0.39028629660606384,0.3186674118041992
halueval-1101,halueval,0,5,1.0,0.2,1.0,1.0,1.0,1.0,0.0,0.0
halueval-473,halueval,0,5,1.0,0.2,1.0,0.9999998807907104,0.9999998807907104,0.9999998807907104,0.0,1.1920928955078125e-07
halueval-4131,halueval,1,5,0.1,0.8,0.4,0.9775975346565247,0.9623193144798279,1.0,0.011650918051600456,0.022402465343475342
halueval-2707,halueval,0,5,0.2,0.6,0.4,0.7122685313224792,0.3078392744064331,1.0,0.32330870628356934,0.28773146867752075
halueval-7327,halueval,1,5,0.2,0.6,0.4,0.6888530850410461,0.429117351770401,1.0,0.19943994283676147,0.31114691495895386
halueval-6294,halueval,0,5,0.6,0.4,0.8,0.6172716021537781,0.05322171747684479,1.0,0.45631879568099976,0.3827283978462219
halueval-3120,halueval,1,5,0.0,1.0,0.2,0.49411505460739136,0.2749709188938141,0.7661764621734619,0.16614682972431183,0.5058849453926086
halueval-1030,halueval,0,5,1.0,0.2,1.0,0.9999998807907104,0.9999998807907104,0.9999998807907104,0.0,1.1920928955078125e-07
halueval-1021,halueval,0,5,1.0,0.2,1.0,0.9708400964736938,0.9421882629394531,1.0,0.02118896134197712,0.029159903526306152
halueval-5417,halueval,0,5,1.0,0.2,1.0,0.934742271900177,0.8368557095527649,1.0,0.07992405444383621,0.065257728099823
halueval-7373,halueval,0,5,1.0,0.2,1.0,1.0,1.0,1.0,0.0,0.0
halueval-9107,halueval,0,5,0.4,0.4,0.6,0.8994466066360474,0.8154314160346985,0.9999999403953552,0.07224327325820923,0.10055339336395264
halueval-2781,halueval,0,5,0.6,0.4,0.8,0.940362274646759,0.8509058356285095,1.0,0.0730409249663353,0.05963772535324097
halueval-4778,halueval,0,5,0.1,0.8,0.4,0.7608213424682617,0.5709660053253174,1.0,0.12800072133541107,0.23917865753173828
halueval-9075,halueval,0,5,1.0,0.2,1.0,0.9795644879341125,0.9659408330917358,1.0,0.016685515642166138,0.02043551206588745
halueval-7095,halueval,1,5,0.3,0.6,0.6,0.8576138615608215,0.6585462093353271,1.0,0.15171286463737488,0.14238613843917847
halueval-9315,halueval,0,5,0.6,0.4,0.8,0.6873524785041809,0.21838116645812988,1.0,0.3829134702682495,0.3126475214958191
halueval-3432,halueval,1,5,0.1,0.8,0.4,0.7481192946434021,0.48132091760635376,1.0,0.19041790068149567,0.2518807053565979
halueval-5538,halueval,1,5,0.2,0.6,0.4,0.5897501111030579,0.16131755709648132,1.0,0.32235440611839294,0.41024988889694214
halueval-3530,halueval,1,5,0.0,1.0,0.2,0.3152397572994232,0.06364483386278152,0.7272733449935913,0.21879790723323822,0.6847602427005768
halueval-1569,halueval,0,5,1.0,0.2,1.0,1.0,1.0,1.0,0.0,0.0
halueval-752,halueval,0,5,0.1,0.8,0.4,0.5342163443565369,0.19732040166854858,1.0,0.24696023762226105,0.46578365564346313
halueval-4429,halueval,1,5,1.0,0.2,1.0,1.0,1.0,1.0,0.0,0.0
halueval-2531,halueval,1,5,0.6,0.4,0.8,0.9592189788818359,0.8980475664138794,1.0,0.049946289509534836,0.04078102111816406
halueval-8920,halueval,0,5,0.0,1.0,0.2,0.5436557531356812,0.047114886343479156,0.9708889722824097,0.3400764763355255,0.45634424686431885
halueval-7433,halueval,0,5,0.6,0.4,0.8,0.6593154668807983,0.14828865230083466,1.0,0.4172516465187073,0.34068453311920166
halueval-3349,halueval,1,5,1.0,0.2,1.0,1.0,1.0,1.0,0.0,0.0
halueval-3086,halueval,1,5,0.0,1.0,0.2,0.7049290537834167,0.5144441723823547,0.9192407131195068,0.13740281760692596,0.29507094621658325
halueval-4253,halueval,1,5,1.0,0.2,1.0,1.0,1.0,1.0,0.0,0.0
halueval-573,halueval,1,5,1.0,0.2,1.0,1.0,1.0,1.0,0.0,0.0
halueval-3238,halueval,0,5,0.6,0.4,0.8,0.8998902440071106,0.7497261166572571,0.9999996423721313,0.1226084902882576,0.1001097559928894
halueval-1322,halueval,0,5,0.1,0.8,0.4,0.8861908912658691,0.7219207286834717,1.0,0.10858123749494553,0.11380910873413086
halueval-9673,halueval,0,5,1.0,0.2,1.0,1.0,1.0,1.0,0.0,0.0
halueval-8236,halueval,1,5,0.6,0.4,0.8,0.7754684686660767,0.4559558928012848,1.0,0.259408175945282,0.22453153133392334
halueval-3833,halueval,1,5,1.0,0.2,1.0,1.0,1.0,1.0,0.0,0.0
halueval-2234,halueval,0,5,0.6,0.4,0.8,0.8405411839485168,0.6253217458724976,1.0,0.17466266453266144,0.15945881605148315
halueval-1035,halueval,1,5,0.4,0.4,0.6,0.8097673654556274,0.6813784837722778,0.9999998807907104,0.15488696098327637,0.19023263454437256
halueval-3815,halueval,0,5,0.4,0.4,0.6,0.7772195935249329,0.6286993026733398,1.0,0.18189941346645355,0.22278040647506714
halueval-1880,halueval,0,5,1.0,0.2,1.0,0.9911304712295532,0.9778261184692383,1.0,0.010862939991056919,0.008869528770446777
halueval-3328,halueval,0,5,0.3,0.6,0.6,0.6015267372131348,0.1690957397222519,1.0,0.3224960267543793,0.39847326278686523
halueval-6569,halueval,1,5,0.6,0.4,0.8,0.7775806188583374,0.44395169615745544,1.0,0.2724069356918335,0.2224193811416626
halueval-5428,halueval,0,5,0.4,0.4,0.6,0.9110498428344727,0.8398127555847168,1.0,0.06324300915002823,0.08895015716552734
halueval-4546,halueval,0,5,0.1,0.8,0.4,0.42599767446517944,0.12934686243534088,1.0,0.26422998309135437,0.5740023255348206
halueval-2881,halueval,0,5,0.4,0.4,0.6,0.5707603096961975,0.28560978174209595,0.9999998807907104,0.34575316309928894,0.4292396903038025
halueval-1044,halueval,1,5,0.6,0.4,0.8,0.9691668748855591,0.9229173064231873,0.9999997615814209,0.037762537598609924,0.030833125114440918
halueval-739,halueval,0,5,1.0,0.2,1.0,0.9941021800041199,0.9852555990219116,1.0,0.0072232517413794994,0.005897819995880127
halueval-1371,halueval,0,5,1.0,0.2,1.0,0.9999998807907104,0.9999999403953552,0.9999999403953552,5.960464477539063e-08,1.1920928955078125e-07
halueval-3384,halueval,1,5,0.6,0.4,0.8,0.7293163537979126,0.3232909142971039,1.0,0.33151838183403015,0.2706836462020874
halueval-2645,halueval,1,5,0.1,0.8,0.4,0.6199067831039429,0.21852639317512512,1.0,0.2563450336456299,0.38009321689605713
halueval-4156,halueval,1,5,0.6,0.4,0.8,0.8440513610839844,0.6101285219192505,1.0,0.19099722802639008,0.15594863891601562
halueval-1450,halueval,0,5,1.0,0.2,1.0,0.9855436086654663,0.9759060144424438,1.0,0.011803594417870045,0.014456391334533691
halueval-9559,halueval,0,5,1.0,0.2,1.0,1.0,1.0,1.0,0.0,0.0
halueval-1661,halueval,0,5,1.0,0.2,1.0,1.0,1.0,1.0,0.0,0.0
halueval-5491,halueval,1,5,1.0,0.2,1.0,1.0,1.0,1.0,0.0,0.0
halueval-3934,halueval,1,5,0.6,0.4,0.8,0.7181245684623718,0.29531148076057434,1.0,0.34522545337677,0.2818754315376282
halueval-3208,halueval,1,5,0.6,0.4,0.8,0.84876549243927,0.6246082782745361,1.0,0.1765422821044922,0.15123450756072998
halueval-2486,halueval,1,5,0.6,0.4,0.8,0.9297995567321777,0.8244991302490234,0.9999998807907104,0.0859774500131607,0.07020044326782227
halueval-6575,halueval,1,5,0.0,1.0,0.2,0.35292720794677734,0.09543322026729584,0.7756078839302063,0.2525861859321594,0.6470727920532227
halueval-2802,halueval,0,5,0.1,0.8,0.4,0.7916118502616882,0.6015898585319519,1.0,0.1439475268125534,0.20838814973831177
halueval-9408,halueval,1,5,0.1,0.8,0.4,0.36096125841140747,0.09019697457551956,1.0,0.2740488052368164,0.6390387415885925
halueval-4417,halueval,1,5,0.2,0.6,0.4,0.6314324140548706,0.2273193895816803,1.0,0.3124348521232605,0.3685675859451294
halueval-4415,halueval,0,5,0.1,0.8,0.4,0.63287353515625,0.5409048795700073,1.0,0.1499321311712265,0.36712646484375
halueval-8221,halueval,1,5,0.6,0.4,0.8,0.6930195093154907,0.2325485795736313,1.0,0.3759728670120239,0.3069804906845093
halueval-8556,halueval,0,5,1.0,0.2,1.0,0.9999998807907104,0.9999998807907104,0.9999998807907104,0.0,1.1920928955078125e-07
halueval-9099,halueval,0,5,0.6,0.4,0.8,0.8668891787528992,0.6672230362892151,1.0,0.16302675008773804,0.13311082124710083
halueval-6450,halueval,1,5,0.4,0.4,0.6,0.6513897776603699,0.4189830422401428,1.0,0.28463903069496155,0.3486102223396301
halueval-6688,halueval,0,5,1.0,0.2,1.0,1.0,1.0,1.0,0.0,0.0
halueval-6155,halueval,1,5,0.1,0.8,0.4,0.5123992562294006,0.1940082311630249,1.0,0.28357288241386414,0.48760074377059937
halueval-9087,halueval,1,5,0.0,1.0,0.2,0.296451598405838,0.1354047656059265,0.8320119380950928,0.19935595989227295,0.703548401594162
halueval-1624,halueval,0,5,0.6,0.4,0.8,0.739780604839325,0.34945160150527954,1.0,0.3187023401260376,0.26021939516067505
halueval-4204,halueval,1,5,0.6,0.4,0.8,0.8803383111953735,0.7008458375930786,1.0,0.14655500650405884,0.11966168880462646
halueval-3651,halueval,1,5,0.4,0.4,0.6,0.4479544758796692,0.06834621727466583,1.0,0.4374547600746155,0.5520455241203308
halueval-836,halueval,1,5,1.0,0.2,1.0,0.9999998211860657,0.9999997615814209,0.9999997615814209,5.960464477539063e-08,1.7881393432617188e-07
halueval-2841,halueval,1,5,1.0,0.2,1.0,0.9909290075302124,0.9773224592208862,1.0,0.011109680868685246,0.009070992469787598
halueval-6301,halueval,0,5,0.3,0.6,0.6,0.5834672451019287,0.14831672608852386,1.0,0.36199355125427246,0.4165327548980713
halueval-4428,halueval,1,5,0.3,0.6,0.6,0.528985321521759,0.21844904124736786,1.0,0.3701159358024597,0.47101467847824097
halueval-6055,halueval,1,5,0.3,0.6,0.6,0.9908367991447449,0.9783220887184143,0.9999997615814209,0.009465239942073822,0.009163200855255127
halueval-178,halueval,0,5,0.6,0.4,0.8,0.6950128674507141,0.2375321239233017,1.0,0.37353143095970154,0.3049871325492859
halueval-9744,halueval,0,5,0.3,0.6,0.6,0.5587430596351624,0.003659055568277836,1.0,0.4260843098163605,0.44125694036483765
halueval-5045,halueval,1,5,1.0,0.2,1.0,1.0,1.0,1.0,0.0,0.0
halueval-5235,halueval,1,5,1.0,0.2,1.0,1.0,1.0,1.0,0.0,0.0
halueval-9171,halueval,0,5,1.0,0.2,1.0,0.9999998807907104,0.9999998807907104,0.9999998807907104,0.0,1.1920928955078125e-07
halueval-4267,halueval,0,5,0.6,0.4,0.8,0.9409472346305847,0.8523679971694946,1.0,0.07232461869716644,0.05905276536941528
halueval-8766,halueval,0,5,0.0,1.0,0.2,0.36285123229026794,0.03285403922200203,0.9269342422485352,0.359136700630188,0.6371487677097321
halueval-9023,halueval,0,5,0.6,0.4,0.8,0.7072833776473999,0.268208384513855,1.0,0.35850319266319275,0.2927166223526001
halueval-3264,halueval,1,5,0.3,0.6,0.6,0.4032198488712311,0.04103299602866173,1.0,0.39854785799980164,0.5967801511287689
halueval-9005,halueval,1,5,0.4,0.4,0.6,0.9164042472839355,0.8606737852096558,1.0,0.06825561076402664,0.08359575271606445
halueval-8930,halueval,0,5,0.6,0.4,0.8,0.6785154342651367,0.1962885558605194,1.0,0.3937365710735321,0.3214845657348633
halueval-4735,halueval,1,5,0.6,0.4,0.8,0.6260615587234497,0.06515383720397949,1.0,0.4579792320728302,0.3739384412765503
halueval-6672,halueval,0,5,0.1,0.8,0.4,0.5255907773971558,0.2573072016239166,1.0,0.22199229896068573,0.47440922260284424
halueval-8758,halueval,0,5,0.6,0.4,0.8,0.8275136947631836,0.568784236907959,1.0,0.21125172078609467,0.1724863052368164
halueval-7337,halueval,0,5,0.6,0.4,0.8,0.7448802590370178,0.35062944889068604,1.0,0.30687251687049866,0.2551197409629822
halueval-4113,halueval,1,5,1.0,0.2,1.0,1.0,1.0,1.0,0.0,0.0
halueval-3455,halueval,1,5,1.0,0.2,1.0,1.0,1.0,1.0,0.0,0.0
halueval-3902,halueval,0,5,1.0,0.2,1.0,1.0,1.0,1.0,0.0,0.0
halueval-9400,halueval,0,5,1.0,0.2,1.0,0.9999998807907104,0.9999998807907104,0.9999998807907104,0.0,1.1920928955078125e-07
halueval-8390,halueval,0,5,0.1,0.8,0.4,0.527215838432312,0.2305009663105011,0.9999998807907104,0.24949444830417633,0.472784161567688
halueval-1216,halueval,1,5,0.6,0.4,0.8,0.9373734593391418,0.8434337377548218,1.0,0.07670149207115173,0.06262654066085815
halueval-5195,halueval,1,5,0.1,0.8,0.4,0.48622751235961914,0.21182426810264587,1.0,0.328534871339798,0.5137724876403809
halueval-9292,halueval,1,5,0.1,0.8,0.4,0.3249031901359558,0.12148605287075043,0.9999997615814209,0.27560144662857056,0.6750968098640442
halueval-9794,halueval,0,5,1.0,0.2,1.0,0.9999998807907104,0.9999998807907104,0.9999998807907104,0.0,1.1920928955078125e-07
halueval-2879,halueval,0,5,0.3,0.6,0.6,0.7776097655296326,0.6256914138793945,1.0,0.1545879989862442,0.22239023447036743
halueval-6788,halueval,0,5,1.0,0.2,1.0,0.9999998807907104,0.9999999403953552,0.9999999403953552,5.960464477539063e-08,1.1920928955078125e-07
halueval-391,halueval,1,5,1.0,0.2,1.0,0.9999998807907104,0.9999998807907104,0.9999998807907104,0.0,1.1920928955078125e-07
halueval-8460,halueval,1,5,0.2,0.6,0.4,0.3444872200489044,0.1324106603860855,0.9999998807907104,0.3225555121898651,0.6555127799510956
halueval-3526,halueval,0,5,0.4,0.4,0.6,0.836410641670227,0.7273510694503784,1.0,0.1335701048374176,0.16358935832977295
halueval-9814,halueval,0,5,0.1,0.8,0.4,0.5425657033920288,0.24780161678791046,1.0,0.2930685579776764,0.4574342966079712
halueval-3071,halueval,1,5,0.3,0.6,0.6,0.36718079447746277,-0.004258664324879646,0.9999998807907104,0.42131680250167847,0.6328192055225372
halueval-1423,halueval,1,5,0.4,0.4,0.6,0.5302847623825073,0.21714134514331818,1.0,0.38352087140083313,0.4697152376174927
halueval-9206,halueval,0,5,0.6,0.4,0.8,0.8672239184379578,0.6786090731620789,1.0,0.13355021178722382,0.13277608156204224
halueval-4998,halueval,1,5,1.0,0.2,1.0,0.9916929006576538,0.9792323112487793,0.9999998807907104,0.010173989459872246,0.008307099342346191
halueval-5164,halueval,0,5,0.2,0.6,0.4,0.5969383120536804,0.42741793394088745,1.0,0.2116146832704544,0.4030616879463196
halueval-1316,halueval,0,5,0.3,0.6,0.6,0.46713241934776306,0.08809231221675873,1.0,0.3960513472557068,0.5328675806522369
halueval-6241,halueval,0,5,0.4,0.4,0.6,0.7220703959465027,0.5367839932441711,1.0,0.22692857682704926,0.2779296040534973
halueval-1881,halueval,1,5,0.2,0.6,0.4,0.4327208995819092,0.14549854397773743,1.0,0.3550611734390259,0.5672791004180908
halueval-8156,halueval,1,5,0.1,0.8,0.4,0.497858464717865,0.3604569435119629,1.0,0.17329025268554688,0.502141535282135
halueval-4493,halueval,0,5,0.2,0.6,0.4,0.5054956674575806,0.2031421661376953,0.9861314296722412,0.30469951033592224,0.49450433254241943
halueval-7799,halueval,1,5,0.6,0.4,0.8,0.7276880145072937,0.31922006607055664,1.0,0.33351269364356995,0.2723119854927063
halueval-2340,halueval,1,5,0.6,0.4,0.8,0.8835939168930054,0.7089850902557373,0.9999997615814209,0.1425674855709076,0.11640608310699463
halueval-7449,halueval,1,5,1.0,0.2,1.0,1.0,1.0,1.0,0.0,0.0
halueval-1851,halueval,0,5,0.3,0.6,0.6,0.7921510934829712,0.5424712300300598,0.9999998807907104,0.183658167719841,0.2078489065170288
halueval-3591,halueval,0,5,1.0,0.2,1.0,0.9940235018730164,0.9900392889976501,1.0,0.004879732150584459,0.005976498126983643
halueval-3715,halueval,1,5,1.0,0.2,1.0,1.0,1.0,1.0,0.0,0.0
halueval-2478,halueval,0,5,0.1,0.8,0.4,0.6600775122642517,0.4303930997848511,0.9534091949462891,0.1748533397912979,0.3399224877357483
halueval-977,halueval,1,5,0.1,0.8,0.4,0.5269074440002441,0.23274029791355133,0.9814871549606323,0.294201135635376,0.47309255599975586
halueval-7254,halueval,0,5,1.0,0.2,1.0,0.9999998807907104,0.9999998807907104,0.9999998807907104,0.0,1.1920928955078125e-07
halueval-8795,halueval,0,5,0.6,0.4,0.8,0.9301692247390747,0.825423002243042,1.0,0.08552490919828415,0.06983077526092529
halueval-6551,halueval,0,5,0.1,0.8,0.4,0.3294086158275604,0.13436442613601685,1.0,0.24318182468414307,0.6705913841724396
halueval-3446,halueval,1,5,0.1,0.8,0.4,0.6532166600227356,0.43965786695480347,1.0,0.23634791374206543,0.3467833399772644
halueval-9163,halueval,0,5,0.3,0.6,0.6,0.8565133213996887,0.6417522430419922,1.0,0.15380112826824188,0.14348667860031128
halueval-495,halueval,1,5,0.3,0.6,0.6,0.7230218648910522,0.46339166164398193,1.0,0.22015373408794403,0.27697813510894775
halueval-5029,halueval,0,5,0.3,0.6,0.6,0.43869686126708984,0.1742098331451416,1.0,0.3680364787578583,0.5613031387329102
halueval-5160,halueval,0,5,0.1,0.8,0.4,0.8137028813362122,0.5477360486984253,1.0,0.18567781150341034,0.18629711866378784
halueval-6107,halueval,0,5,0.4,0.4,0.6,0.45259761810302734,0.1364906281232834,1.0,0.38387998938560486,0.5474023818969727
halueval-1236,halueval,0,5,1.0,0.2,1.0,0.9699975252151489,0.9499958157539368,1.0,0.02449694648385048,0.030002474784851074
halueval-2730,halueval,0,5,1.0,0.2,1.0,1.0,1.0,1.0,0.0,0.0
halueval-314,halueval,1,5,0.3,0.6,0.6,0.7307736873626709,0.43507370352745056,1.0,0.19173863530158997,0.2692263126373291
halueval-5698,halueval,1,5,0.1,0.8,0.4,0.8048239946365356,0.7156524062156677,1.0,0.08714790642261505,0.19517600536346436
halueval-8746,halueval,1,5,0.6,0.4,0.8,0.8185475468635559,0.5463688373565674,1.0,0.22223296761512756,0.1814524531364441
halueval-7574,halueval,1,5,0.6,0.4,0.8,0.9121745228767395,0.7804363369941711,1.0,0.1075637936592102,0.0878254771232605
halueval-6027,halueval,0,5,0.6,0.4,0.8,0.9185184240341187,0.7962960004806519,1.0,0.0997941717505455,0.08148157596588135
halueval-7328,halueval,1,5,1.0,0.2,1.0,1.0,1.0,1.0,0.0,0.0
halueval-9058,halueval,1,5,0.6,0.4,0.8,0.8038366436958313,0.5095914602279663,1.0,0.2402501255273819,0.1961633563041687
halueval-4868,halueval,1,5,0.2,0.6,0.4,0.7686272859573364,0.5672261118888855,1.0,0.13760119676589966,0.23137271404266357
halueval-8864,halueval,0,5,1.0,0.2,1.0,1.0,1.0,1.0,0.0,0.0
halueval-1471,halueval,0,5,1.0,0.2,1.0,1.0,1.0,1.0,0.0,0.0
halueval-4976,halueval,0,5,0.1,0.8,0.4,0.561616063117981,0.28727883100509644,1.0,0.3050810694694519,0.43838393688201904
halueval-2244,halueval,0,5,0.4,0.4,0.6,0.5466905832290649,0.24141299724578857,1.0,0.36350929737091064,0.45330941677093506
halueval-7913,halueval,1,5,1.0,0.2,1.0,0.9851468205451965,0.9752448797225952,0.9999998807907104,0.012127380818128586,0.014853179454803467
halueval-447,halueval,1,5,0.1,0.8,0.4,0.41698211431503296,-0.02786780521273613,1.0,0.3659544587135315,0.583017885684967
halueval-54,halueval,1,5,0.1,0.8,0.4,0.7180993556976318,0.4902385175228119,0.9999997615814209,0.19237175583839417,0.28190064430236816
halueval-160,halueval,0,5,1.0,0.2,1.0,0.9876457452774048,0.9691144227981567,1.0,0.015130781568586826,0.012354254722595215
halueval-4510,halueval,0,5,1.0,0.2,1.0,0.9503734707832336,0.9038597345352173,1.0,0.03869609907269478,0.04962652921676636
halueval-3587,halueval,0,5,1.0,0.2,1.0,1.0,1.0,1.0,0.0,0.0
halueval-5103,halueval,1,5,1.0,0.2,1.0,0.9915210008621216,0.9858683347702026,1.0,0.006923073902726173,0.008478999137878418
halueval-245,halueval,1,5,0.4,0.4,0.6,0.4422181248664856,0.07036346197128296,1.0,0.45542705059051514,0.5577818751335144
halueval-441,halueval,1,5,0.6,0.4,0.8,0.8622804880142212,0.6557011604309082,1.0,0.16867129504680634,0.1377195119857788
halueval-1466,halueval,1,5,0.4,0.4,0.6,0.7961331605911255,0.660222053527832,0.9999997615814209,0.1664564162492752,0.2038668394088745
halueval-7056,halueval,0,5,0.1,0.8,0.4,0.2292124480009079,0.03959760069847107,1.0,0.2646440267562866,0.7707875519990921
halueval-2522,halueval,0,5,0.1,0.8,0.4,0.4068756699562073,0.10520301759243011,1.0,0.2561218738555908,0.5931243300437927
halueval-4237,halueval,1,5,0.2,0.6,0.4,0.8801015615463257,0.7885900735855103,1.0,0.08622206002473831,0.11989843845367432
halueval-64,halueval,1,5,0.6,0.4,0.8,0.7773677706718445,0.4434193968772888,1.0,0.27266770601272583,0.22263222932815552
halueval-1837,halueval,1,5,0.6,0.4,0.8,0.826175332069397,0.5654381513595581,1.0,0.21289095282554626,0.17382466793060303
halueval-4905,halueval,0,5,0.3,0.6,0.6,0.9382478594779968,0.8624662160873413,1.0,0.06118041276931763,0.061752140522003174
halueval-787,halueval,0,5,1.0,0.2,1.0,1.0,1.0,1.0,0.0,0.0
halueval-8686,halueval,0,5,0.6,0.4,0.8,0.7019369006156921,0.25484222173690796,1.0,0.36505126953125,0.29806309938430786
halueval-5389,halueval,1,5,1.0,0.2,1.0,0.9999998211860657,0.9999998211860657,0.9999998211860657,0.0,1.7881393432617188e-07
halueval-4444,halueval,0,5,0.3,0.6,0.6,0.7772136926651001,0.5858497023582458,1.0,0.15072181820869446,0.2227863073348999
halueval-1072,halueval,1,5,0.1,0.8,0.4,0.3077245354652405,0.003122277557849884,0.9791739583015442,0.33054319024086,0.6922754645347595
halueval-8407,halueval,1,5,0.3,0.6,0.6,0.7683442831039429,0.6258625984191895,1.0,0.1710420846939087,0.23165571689605713
halueval-7655,halueval,0,5,1.0,0.2,1.0,1.0,1.0,1.0,0.0,0.0
halueval-7214,halueval,1,5,0.6,0.4,0.8,0.9079829454421997,0.7722817659378052,1.0,0.09702135622501373,0.09201705455780029
halueval-7658,halueval,0,5,0.1,0.8,0.4,0.40986451506614685,0.057940524071455,0.9999999403953552,0.337613970041275,0.5901354849338531
halueval-2527,halueval,0,5,1.0,0.2,1.0,1.0,1.0,1.0,0.0,0.0
halueval-1631,halueval,1,5,0.0,1.0,0.2,0.43912744522094727,0.2116698920726776,0.7229114770889282,0.1501222848892212,0.5608725547790527
halueval-2724,halueval,1,5,0.3,0.6,0.6,0.6791326403617859,0.38257330656051636,1.0,0.25447240471839905,0.3208673596382141
halueval-6334,halueval,1,5,0.3,0.6,0.6,0.8400699496269226,0.7331262826919556,1.0,0.11787836253643036,0.1599300503730774
halueval-6682,halueval,0,5,1.0,0.2,1.0,1.0,1.0,1.0,0.0,0.0
halueval-3172,halueval,1,5,1.0,0.2,1.0,1.0,1.0,1.0,0.0,0.0
halueval-2068,halueval,0,5,0.4,0.4,0.6,0.5747467279434204,0.2947978079319,1.0,0.3365913927555084,0.4252532720565796
halueval-28,halueval,1,5,0.6,0.4,0.8,0.7928167581558228,0.6049200296401978,1.0,0.12849165499210358,0.20718324184417725
halueval-1162,halueval,1,5,1.0,0.2,1.0,1.0,1.0,1.0,0.0,0.0
halueval-2025,halueval,1,5,0.3,0.6,0.6,0.8009719848632812,0.541540265083313,1.0,0.1499495655298233,0.19902801513671875
halueval-7127,halueval,0,5,0.6,0.4,0.8,0.6222270727157593,0.05556783080101013,1.0,0.4626753628253937,0.3777729272842407
halueval-1139,halueval,0,5,0.4,0.4,0.6,0.6926442384719849,0.48774033784866333,1.0,0.2509549856185913,0.30735576152801514
halueval-3396,halueval,0,5,1.0,0.2,1.0,1.0,1.0,1.0,0.0,0.0
halueval-8098,halueval,0,5,0.6,0.4,0.8,0.8974944949150085,0.7618212699890137,1.0,0.11095794290304184,0.10250550508499146
halueval-7368,halueval,0,5,1.0,0.2,1.0,1.0,1.0,1.0,0.0,0.0
halueval-8544,halueval,0,5,0.3,0.6,0.6,0.8070400357246399,0.5671000480651855,1.0,0.17652849853038788,0.1929599642753601
halueval-7185,halueval,0,5,1.0,0.2,1.0,1.0,1.0,1.0,0.0,0.0
halueval-3345,halueval,1,5,1.0,0.2,1.0,1.0,1.0,1.0,0.0,0.0
halueval-7650,halueval,1,5,0.6,0.4,0.8,0.8706876039505005,0.6872472763061523,1.0,0.14517410099506378,0.1293123960494995
halueval-2290,halueval,1,5,0.4,0.4,0.6,0.5217834711074829,0.20297251641750336,1.0,0.39046210050582886,0.4782165288925171
halueval-6511,halueval,0,5,0.4,0.4,0.6,0.986916720867157,0.9781945943832397,1.0,0.01068242359906435,0.013083279132843018
halueval-1474,halueval,1,5,1.0,0.2,1.0,1.0,1.0,1.0,0.0,0.0
halueval-3093,halueval,0,5,0.1,0.8,0.4,0.73078453540802,0.6010901927947998,0.9999999403953552,0.1348981410264969,0.26921546459198
halueval-362,halueval,1,5,0.4,0.4,0.6,0.7649279832839966,0.6082131862640381,1.0,0.19193555414676666,0.23507201671600342
halueval-2776,halueval,1,5,0.0,1.0,0.2,0.8994848132133484,0.8096678853034973,0.9928561449050903,0.05424223467707634,0.10051518678665161
halueval-7958,halueval,1,5,1.0,0.2,1.0,1.0,1.0,1.0,0.0,0.0
halueval-1273,halueval,0,5,1.0,0.2,1.0,0.9999998807907104,0.9999998807907104,0.9999998807907104,0.0,1.1920928955078125e-07
halueval-9214,halueval,1,5,0.3,0.6,0.6,0.8487504124641418,0.6913878917694092,1.0,0.12624122202396393,0.15124958753585815
halueval-8833,halueval,1,5,0.2,0.6,0.4,0.4860609173774719,0.27788037061691284,1.0,0.27379560470581055,0.5139390826225281
halueval-5127,halueval,0,5,0.6,0.4,0.8,0.7753126621246338,0.43828171491622925,1.0,0.27518463134765625,0.2246873378753662
halueval-8329,halueval,1,5,1.0,0.2,1.0,1.0,1.0,1.0,0.0,0.0
halueval-3528,halueval,0,5,0.6,0.4,0.8,0.9350892901420593,0.8373899459838867,1.0,0.07414653897285461,0.06491070985794067
halueval-1469,halueval,0,5,0.4,0.4,0.6,0.408261775970459,0.013769681565463543,1.0,0.4831521809101105,0.591738224029541
halueval-3356,halueval,0,5,1.0,0.2,1.0,1.0,1.0,1.0,0.0,0.0
halueval-9086,halueval,0,5,1.0,0.2,1.0,0.9999998211860657,0.9999997615814209,0.9999997615814209,5.960464477539063e-08,1.7881393432617188e-07
halueval-1990,halueval,0,5,1.0,0.2,1.0,1.0,1.0,1.0,0.0,0.0
halueval-3843,halueval,0,5,0.0,1.0,0.2,0.8448355793952942,0.7554128170013428,0.9744123220443726,0.08126459270715714,0.1551644206047058
halueval-3143,halueval,0,5,1.0,0.2,1.0,0.9460643529891968,0.8820077180862427,1.0,0.047623950988054276,0.05393564701080322
halueval-366,halueval,0,5,0.1,0.8,0.4,0.8407657742500305,0.6169309020042419,1.0,0.1585363745689392,0.15923422574996948
halueval-9672,halueval,1,5,0.3,0.6,0.6,0.8043505549430847,0.6971120834350586,1.0,0.13009217381477356,0.19564944505691528
halueval-4664,halueval,0,5,0.3,0.6,0.6,0.9634456634521484,0.9312878847122192,1.0,0.028269752860069275,0.03655433654785156
halueval-4452,halueval,0,5,0.4,0.4,0.6,0.5389242172241211,0.22862198948860168,1.0,0.3655180037021637,0.4610757827758789
halueval-1439,halueval,1,5,0.1,0.8,0.4,0.4397217333316803,0.17468635737895966,1.0,0.30285584926605225,0.5602782666683197
halueval-9658,halueval,1,5,1.0,0.2,1.0,0.9933430552482605,0.9889053702354431,1.0,0.005435192491859198,0.006656944751739502
halueval-7596,halueval,0,5,0.1,0.8,0.4,0.8605262637138367,0.6747879981994629,0.9936769008636475,0.13021710515022278,0.13947373628616333
halueval-3166,halueval,1,5,1.0,0.2,1.0,1.0,1.0,1.0,0.0,0.0
halueval-552,halueval,0,5,0.1,0.8,0.4,0.7765034437179565,0.632958173751831,0.9723572731018066,0.11234916001558304,0.22349655628204346
halueval-3076,halueval,0,5,0.0,1.0,0.2,0.48304152488708496,0.01040625385940075,0.8059955835342407,0.255840539932251,0.516958475112915
halueval-7598,halueval,1,5,0.3,0.6,0.6,0.7448005676269531,0.6131323575973511,1.0,0.16834011673927307,0.2551994323730469
halueval-591,halueval,0,5,0.3,0.6,0.6,0.7719047665596008,0.4325096607208252,0.9999998807907104,0.2721176743507385,0.22809523344039917
halueval-4067,halueval,1,5,1.0,0.2,1.0,0.9912114143371582,0.9780286550521851,1.0,0.010763716883957386,0.008788585662841797
halueval-936,halueval,1,5,0.6,0.4,0.8,0.9878493547439575,0.9696235656738281,0.9999998211860657,0.014881265349686146,0.01215064525604248
halueval-6277,halueval,1,5,1.0,0.2,1.0,0.9782488942146301,0.9637482166290283,1.0,0.01775965839624405,0.021751105785369873
halueval-220,halueval,1,5,0.1,0.8,0.4,0.9509164094924927,0.9013588428497314,0.9999997615814209,0.03020547516644001,0.049083590507507324
halueval-5383,halueval,0,5,0.4,0.4,0.6,0.8834543228149414,0.8057572841644287,1.0,0.09515909105539322,0.1165456771850586
halueval-7919,halueval,1,5,1.0,0.2,1.0,1.0,1.0,1.0,0.0,0.0
halueval-4234,halueval,0,5,1.0,0.2,1.0,0.986824631690979,0.9780411720275879,1.0,0.010757585056126118,0.013175368309020996
halueval-6811,halueval,0,5,1.0,0.2,1.0,0.9882024526596069,0.9705061912536621,1.0,0.014448956586420536,0.011797547340393066
halueval-5652,halueval,1,5,0.1,0.8,0.4,0.31544703245162964,0.11030523478984833,1.0,0.3373388946056366,0.6845529675483704
halueval-9304,halueval,1,5,0.0,1.0,0.2,0.4138334393501282,0.13935570418834686,0.7960163354873657,0.19686517119407654,0.5861665606498718
halueval-4387,halueval,1,5,1.0,0.2,1.0,1.0,1.0,1.0,0.0,0.0
halueval-4984,halueval,1,5,0.3,0.6,0.6,0.5797215700149536,0.3315143585205078,0.9999999403953552,0.2989288866519928,0.4202784299850464
halueval-6531,halueval,0,5,0.4,0.4,0.6,0.6264241337776184,0.3773735463619232,1.0,0.3050233721733093,0.3735758662223816
halueval-2007,halueval,1,5,0.0,1.0,0.2,0.6898849010467529,0.47814494371414185,0.9859457015991211,0.18773141503334045,0.31011509895324707
halueval-9045,halueval,0,5,0.2,0.6,0.4,0.9087986946105957,0.8336718082427979,1.0,0.05369437858462334,0.0912013053894043
halueval-7072,halueval,0,5,1.0,0.2,1.0,0.9999998807907104,0.9999999403953552,0.9999999403953552,5.960464477539063e-08,1.1920928955078125e-07
halueval-2423,halueval,0,5,0.6,0.4,0.8,0.9274977445602417,0.818744421005249,1.0,0.08879674226045609,0.0725022554397583
halueval-7403,halueval,0,5,0.0,1.0,0.2,0.18249711394309998,0.017062712460756302,0.7368040084838867,0.19336573779582977,0.8175028860569
halueval-9803,halueval,0,5,0.4,0.4,0.6,0.8704794049263,0.7841323614120483,1.0,0.10575311630964279,0.12952059507369995
halueval-3527,halueval,0,5,1.0,0.2,1.0,1.0,1.0,1.0,0.0,0.0
halueval-6249,halueval,0,5,0.6,0.4,0.8,0.9149114489555359,0.7872785925865173,1.0,0.10421177744865417,0.08508855104446411
halueval-1766,halueval,0,5,0.1,0.8,0.4,0.5834134221076965,0.2474004626274109,0.9762991666793823,0.21331681311130524,0.41658657789230347
halueval-1560,halueval,1,5,1.0,0.2,1.0,1.0,1.0,1.0,0.0,0.0
halueval-1727,halueval,1,5,0.4,0.4,0.6,0.7803091406822205,0.6338485479354858,1.0,0.17937685549259186,0.21969085931777954
halueval-5044,halueval,0,5,0.0,1.0,0.2,0.5682854652404785,0.1944386065006256,0.8368417024612427,0.20183297991752625,0.4317145347595215
halueval-1103,halueval,1,5,1.0,0.2,1.0,1.0,1.0,1.0,0.0,0.0
halueval-7544,halueval,0,5,0.1,0.8,0.4,0.7899926900863647,0.6053138971328735,1.0,0.12811869382858276,0.21000730991363525
halueval-135,halueval,0,5,0.6,0.4,0.8,0.888045608997345,0.7201141119003296,0.9999998807907104,0.1371154636144638,0.11195439100265503
halueval-2627,halueval,1,5,1.0,0.2,1.0,1.0,1.0,1.0,0.0,0.0
halueval-2927,halueval,0,5,0.2,0.6,0.4,0.44132938981056213,0.06047523394227028,0.9819332957267761,0.3081980049610138,0.5586706101894379
halueval-40,halueval,1,5,1.0,0.2,1.0,1.0,1.0,1.0,0.0,0.0
halueval-8662,halueval,0,5,0.1,0.8,0.4,0.4485321044921875,0.21246615052223206,1.0,0.22072309255599976,0.5514678955078125
halueval-9842,halueval,0,5,1.0,0.2,1.0,1.0,1.0,1.0,0.0,0.0
halueval-6049,halueval,1,5,0.4,0.4,0.6,0.6133770942687988,0.3556286096572876,1.0,0.31567615270614624,0.38662290573120117
halueval-1634,halueval,1,5,0.1,0.8,0.4,0.599511444568634,0.3936406075954437,1.0,0.263019859790802,0.40048855543136597
halueval-3265,halueval,1,5,0.3,0.6,0.6,0.4693085551261902,0.10747136920690536,0.9999998807907104,0.37004783749580383,0.5306914448738098
halueval-4420,halueval,1,5,1.0,0.2,1.0,1.0,1.0,1.0,0.0,0.0
halueval-7821,halueval,0,5,0.4,0.4,0.6,0.49723368883132935,0.16205616295337677,1.0,0.4105069935321808,0.5027663111686707
halueval-6606,halueval,0,5,1.0,0.2,1.0,0.9845436811447144,0.9742395877838135,1.0,0.01261997316032648,0.015456318855285645
halueval-9414,halueval,1,5,0.4,0.4,0.6,0.9155987501144409,0.8593314290046692,1.0,0.06891317665576935,0.08440124988555908
halueval-1663,halueval,0,5,0.4,0.4,0.6,0.8432213664054871,0.7387022376060486,1.0,0.12800924479961395,0.15677863359451294
halueval-1118,halueval,1,5,0.4,0.4,0.6,0.48973554372787476,0.14955928921699524,1.0,0.4166291356086731,0.5102644562721252
halueval-5356,halueval,0,5,1.0,0.2,1.0,1.0,1.0,1.0,0.0,0.0
halueval-2705,halueval,0,5,0.2,0.6,0.4,0.5035915970802307,0.18096348643302917,1.0,0.3462044298648834,0.4964084029197693
halueval-8108,halueval,1,5,1.0,0.2,1.0,1.0,1.0,1.0,0.0,0.0
halueval-7431,halueval,0,5,0.6,0.4,0.8,0.6810314059257507,0.20257849991321564,1.0,0.39065515995025635,0.31896859407424927
halueval-1281,halueval,0,5,1.0,0.2,1.0,1.0,1.0,1.0,0.0,0.0
halueval-5020,halueval,0,5,0.0,1.0,0.2,0.7023653388023376,0.49895817041397095,0.970760703086853,0.17593695223331451,0.29763466119766235
halueval-5863,halueval,0,5,0.0,1.0,0.2,0.31964024901390076,0.19049888849258423,0.4318845868110657,0.07574852555990219,0.6803597509860992
halueval-3705,halueval,0,5,0.1,0.8,0.4,0.573093056678772,0.2759479582309723,1.0,0.3358182907104492,0.426906943321228
halueval-3629,halueval,0,5,1.0,0.2,1.0,1.0,1.0,1.0,0.0,0.0
halueval-3297,halueval,0,5,0.3,0.6,0.6,0.7326657176017761,0.3873726725578308,1.0,0.28197553753852844,0.2673342823982239
halueval-7781,halueval,0,5,0.6,0.4,0.8,0.9837850332260132,0.9594627618789673,0.9999998211860657,0.01985902152955532,0.016214966773986816
halueval-8073,halueval,1,5,1.0,0.2,1.0,0.9922562837600708,0.9806406497955322,1.0,0.009484105743467808,0.007743716239929199
halueval-3699,halueval,0,5,1.0,0.2,1.0,1.0,1.0,1.0,0.0,0.0
halueval-8857,halueval,1,5,0.1,0.8,0.4,0.4132363796234131,-0.09424508363008499,0.9887032508850098,0.3816273808479309,0.5867636203765869
halueval-7180,halueval,1,5,0.3,0.6,0.6,0.429979145526886,0.2059187889099121,1.0,0.29625654220581055,0.570020854473114
halueval-2830,halueval,0,5,0.1,0.8,0.4,0.6511771082878113,0.3716479241847992,1.0,0.21354158222675323,0.3488228917121887
halueval-9490,halueval,0,5,0.4,0.4,0.6,0.8959250450134277,0.8201420307159424,1.0,0.0817473754286766,0.10407495498657227
halueval-1149,halueval,0,5,0.6,0.4,0.8,0.8154778480529785,0.5386946201324463,1.0,0.22599256038665771,0.18452215194702148
halueval-1761,halueval,1,5,0.0,1.0,0.2,0.8966598510742188,0.7971577644348145,0.9890203475952148,0.05854639783501625,0.10334014892578125
halueval-6371,halueval,1,5,0.6,0.4,0.8,0.8187075853347778,0.546768844127655,1.0,0.22203701734542847,0.18129241466522217
halueval-2561,halueval,1,5,1.0,0.2,1.0,1.0,1.0,1.0,0.0,0.0
halueval-4866,halueval,0,5,0.3,0.6,0.6,0.4868139624595642,0.2565471827983856,1.0,0.32119542360305786,0.5131860375404358
halueval-702,halueval,1,5,0.4,0.4,0.6,0.9906538128852844,0.9844231605529785,1.0,0.007631032261997461,0.009346187114715576
halueval-5973,halueval,1,5,0.0,1.0,0.2,0.683233916759491,0.4662291407585144,0.9979358911514282,0.19983956217765808,0.31676608324050903
halueval-7532,halueval,0,5,0.6,0.4,0.8,0.9373208284378052,0.8433021306991577,1.0,0.07676596194505692,0.06267917156219482
halueval-3362,halueval,0,5,1.0,0.2,1.0,0.994228720664978,0.9855718016624451,1.0,0.007068344857543707,0.005771279335021973
halueval-6819,halueval,0,5,0.0,1.0,0.2,0.558163583278656,0.20962005853652954,0.8596609234809875,0.18236437439918518,0.441836416721344
halueval-8474,halueval,1,5,0.6,0.4,0.8,0.8948993682861328,0.737248420715332,0.9999999403953552,0.1287214308977127,0.10510063171386719
halueval-7376,halueval,0,5,0.4,0.4,0.6,0.4993037283420563,0.16550612449645996,1.0,0.4088168442249298,0.5006962716579437
halueval-3636,halueval,0,5,0.0,1.0,0.2,0.8423201441764832,0.7699083089828491,0.9355790615081787,0.05710733309388161,0.15767985582351685
halueval-9012,halueval,0,5,0.1,0.8,0.4,0.685006856918335,0.605751633644104,1.0,0.11540196090936661,0.31499314308166504
halueval-6482,halueval,1,5,0.2,0.6,0.4,0.3676508069038391,0.1449219286441803,1.0,0.3309383988380432,0.6323491930961609
halueval-4930,halueval,0,5,0.1,0.8,0.4,0.4918572008609772,0.23382288217544556,1.0,0.25020748376846313,0.5081427991390228
halueval-1840,halueval,0,5,0.2,0.6,0.4,0.4448015093803406,0.24495746195316315,1.0,0.28898507356643677,0.5551984906196594
halueval-3564,halueval,1,5,1.0,0.2,1.0,0.9999998211860657,0.9999997615814209,0.9999997615814209,5.960464477539063e-08,1.7881393432617188e-07
halueval-4536,halueval,1,5,0.6,0.4,0.8,0.7360954284667969,0.34023863077163696,0.9999999403953552,0.3232157230377197,0.2639045715332031
halueval-2748,halueval,0,5,0.4,0.4,0.6,0.5944318771362305,0.3240531086921692,1.0,0.3311449885368347,0.40556812286376953
halueval-3754,halueval,0,5,1.0,0.2,1.0,0.9873005151748657,0.9682514071464539,0.9999998807907104,0.015553511679172516,0.012699484825134277
halueval-2814,halueval,1,5,0.1,0.8,0.4,0.3565988540649414,0.12324728816747665,1.0,0.2777729332447052,0.6434011459350586
halueval-5859,halueval,0,5,0.3,0.6,0.6,0.5948138236999512,0.11992894113063812,1.0,0.3922787308692932,0.40518617630004883
halueval-7914,halueval,1,5,0.3,0.6,0.6,0.9053792953491211,0.7656629085540771,1.0,0.07917081564664841,0.0946207046508789
halueval-2182,halueval,0,5,0.6,0.4,0.8,0.927444338798523,0.8186111450195312,0.9999998807907104,0.08886196464300156,0.07255566120147705
halueval-1535,halueval,0,5,0.6,0.4,0.8,0.8888161778450012,0.7220405340194702,0.9999998807907104,0.13617169857025146,0.11118382215499878
halueval-5398,halueval,1,5,0.3,0.6,0.6,0.7987395524978638,0.4929545223712921,1.0,0.24575155973434448,0.20126044750213623
halueval-9474,halueval,0,5,0.3,0.6,0.6,0.8532153964042664,0.6577847003936768,1.0,0.1484828144311905,0.14678460359573364
halueval-2968,halueval,1,5,0.1,0.8,0.4,0.4250517785549164,0.28028589487075806,0.9999998211860657,0.20310460031032562,0.5749482214450836
halueval-2187,halueval,1,5,0.4,0.4,0.6,0.9133532643318176,0.8555887937545776,1.0,0.07074674963951111,0.08664673566818237
halueval-4185,halueval,1,5,0.3,0.6,0.6,0.7585939764976501,0.6423636674880981,0.9999999403953552,0.15831662714481354,0.24140602350234985
halueval-6473,halueval,1,5,0.3,0.6,0.6,0.5228797197341919,0.2959822118282318,1.0,0.31295520067214966,0.4771202802658081
halueval-8787,halueval,0,5,1.0,0.2,1.0,1.0,1.0,1.0,0.0,0.0
halueval-5611,halueval,0,5,0.3,0.6,0.6,0.511740505695343,0.17356672883033752,1.0,0.3921445906162262,0.488259494304657
halueval-5307,halueval,1,5,0.2,0.6,0.4,0.7043364644050598,0.4492906332015991,1.0,0.21398262679576874,0.2956635355949402
halueval-3537,halueval,0,5,0.2,0.6,0.4,0.7567746043205261,0.6793569922447205,1.0,0.12341997772455215,0.24322539567947388
halueval-9980,halueval,0,5,0.4,0.4,0.6,0.7908676862716675,0.6514461040496826,1.0,0.17075583338737488,0.20913231372833252
halueval-291,halueval,1,5,0.6,0.4,0.8,0.9821211099624634,0.9553028345108032,0.9999999403953552,0.021897021681070328,0.01787889003753662
halueval-4951,halueval,0,5,1.0,0.2,1.0,1.0,1.0,1.0,0.0,0.0
halueval-1732,halueval,1,5,1.0,0.2,1.0,1.0,1.0,1.0,0.0,0.0
halueval-7211,halueval,1,5,0.0,1.0,0.2,0.4033743739128113,0.02074117586016655,0.77068692445755,0.29311537742614746,0.5966256260871887
halueval-2166,halueval,0,5,0.4,0.4,0.6,0.941118597984314,0.8960130214691162,1.0,0.04270176216959953,0.058881402015686035
halueval-3955,halueval,1,5,0.1,0.8,0.4,0.2112293243408203,0.007751189637929201,0.9999997615814209,0.27028679847717285,0.7887706756591797
halueval-2139,halueval,0,5,0.1,0.8,0.4,0.6996138691902161,0.3784584403038025,1.0,0.23449251055717468,0.30038613080978394
halueval-7023,halueval,1,5,0.6,0.4,0.8,0.8374578356742859,0.5936446785926819,1.0,0.19907264411449432,0.1625421643257141
halueval-4917,halueval,1,5,0.6,0.4,0.8,0.7634841203689575,0.40871042013168335,0.9999998807907104,0.28967148065567017,0.23651587963104248
halueval-8237,halueval,1,5,1.0,0.2,1.0,0.9925246238708496,0.981311559677124,1.0,0.00915542896836996,0.007475376129150391
halueval-1339,halueval,0,5,1.0,0.2,1.0,0.9930198788642883,0.9825497269630432,1.0,0.008548852987587452,0.00698012113571167
halueval-1032,halueval,1,5,1.0,0.2,1.0,1.0,1.0,1.0,0.0,0.0
halueval-7867,halueval,1,5,0.0,1.0,0.2,0.9126942753791809,0.8502329587936401,0.9948039650917053,0.044617827981710434,0.08730572462081909
halueval-2905,halueval,1,5,0.1,0.8,0.4,0.3380447328090668,0.14997264742851257,1.0,0.2537267804145813,0.6619552671909332
halueval-2000,halueval,0,5,0.4,0.4,0.6,0.5425406098365784,0.23850297927856445,0.9999998807907104,0.36920180916786194,0.45745939016342163
halueval-1225,halueval,0,5,0.2,0.6,0.4,0.42608314752578735,0.22978736460208893,1.0,0.28148192167282104,0.5739168524742126
halueval-242,halueval,1,5,0.6,0.4,0.8,0.9004969596862793,0.7250344753265381,0.9999998211860657,0.11096245050430298,0.0995030403137207
halueval-1437,halueval,0,5,0.6,0.4,0.8,0.7280818819999695,0.33227598667144775,0.9999998807907104,0.3230546712875366,0.2719181180000305
halueval-1989,halueval,1,5,0.6,0.4,0.8,0.884279727935791,0.7106995582580566,0.9999997615814209,0.14172758162021637,0.11572027206420898
halueval-6762,halueval,1,5,0.1,0.8,0.4,0.40809768438339233,0.1394834816455841,0.9999999403953552,0.2660713791847229,0.5919023156166077
halueval-168,halueval,0,5,1.0,0.2,1.0,1.0,1.0,1.0,0.0,0.0
halueval-1384,halueval,0,5,1.0,0.2,1.0,0.9999998211860657,0.9999997615814209,0.9999997615814209,5.960464477539063e-08,1.7881393432617188e-07
halueval-2116,halueval,1,5,1.0,0.2,1.0,1.0,1.0,1.0,0.0,0.0
halueval-5648,halueval,1,5,1.0,0.2,1.0,1.0,1.0,1.0,0.0,0.0
halueval-6448,halueval,0,5,1.0,0.2,1.0,1.0,1.0,1.0,0.0,0.0
halueval-1091,halueval,0,5,1.0,0.2,1.0,1.0,1.0,1.0,0.0,0.0
halueval-1276,halueval,0,5,0.4,0.4,0.6,0.9430416226387024,0.9050694704055786,1.0,0.04650622978806496,0.05695837736129761
halueval-6017,halueval,1,5,0.4,0.4,0.6,0.7005995512008667,0.500191867351532,1.0,0.23256467282772064,0.2994004487991333
halueval-9333,halueval,0,5,1.0,0.2,1.0,1.0,1.0,1.0,0.0,0.0
halueval-1577,halueval,1,5,1.0,0.2,1.0,0.9934443235397339,0.9836109280586243,1.0,0.008028972893953323,0.006555676460266113
halueval-705,halueval,0,5,0.1,0.8,0.4,0.5766667127609253,0.2929093837738037,0.9999997019767761,0.2529555857181549,0.4233332872390747
halueval-8861,halueval,1,5,1.0,0.2,1.0,0.9999998807907104,0.9999998807907104,0.9999998807907104,0.0,1.1920928955078125e-07
halueval-1816,halueval,0,5,0.2,0.6,0.4,0.7322717905044556,0.6145939826965332,1.0,0.14563491940498352,0.26772820949554443
halueval-5578,halueval,1,5,0.0,1.0,0.2,0.54395991563797,0.28513234853744507,0.8677010536193848,0.17656712234020233,0.45604008436203003
halueval-2826,halueval,1,5,1.0,0.2,1.0,1.0,1.0,1.0,0.0,0.0
halueval-3167,halueval,0,5,0.4,0.4,0.6,0.7565996646881104,0.5943328142166138,1.0,0.19873552024364471,0.24340033531188965
halueval-8499,halueval,0,5,0.3,0.6,0.6,0.633059561252594,0.4489065408706665,1.0,0.24321451783180237,0.366940438747406
halueval-2946,halueval,1,5,0.4,0.4,0.6,0.8557256460189819,0.7595429420471191,1.0,0.11779937893152237,0.14427435398101807
halueval-1543,halueval,0,5,0.3,0.6,0.6,0.4923332631587982,0.16576017439365387,1.0,0.3838253915309906,0.5076667368412018
halueval-7290,halueval,0,5,1.0,0.2,1.0,0.9999996423721313,0.9999995827674866,0.9999995827674866,5.960464477539063e-08,3.5762786865234375e-07
halueval-9789,halueval,0,5,1.0,0.2,1.0,1.0,1.0,1.0,0.0,0.0
halueval-4651,halueval,0,5,0.1,0.8,0.4,0.9088858366012573,0.7946974635124207,1.0,0.07906924188137054,0.09111416339874268
halueval-8633,halueval,1,5,0.1,0.8,0.4,0.4221985936164856,0.23063859343528748,0.9999998211860657,0.24472495913505554,0.5778014063835144
halueval-8785,halueval,1,5,0.4,0.4,0.6,0.5316132307052612,0.21935540437698364,1.0,0.38243618607521057,0.46838676929473877
halueval-7565,halueval,0,5,1.0,0.2,1.0,0.9844235181808472,0.9740393161773682,1.0,0.012718086130917072,0.015576481819152832
halueval-9147,halueval,1,5,0.3,0.6,0.6,0.5248937606811523,0.13040286302566528,1.0,0.33321669697761536,0.47510623931884766
halueval-4712,halueval,1,5,0.0,1.0,0.2,0.7032022476196289,0.2682841718196869,0.9419788122177124,0.18638668954372406,0.2967977523803711
halueval-3026,halueval,0,5,1.0,0.2,1.0,0.9999998807907104,0.9999999403953552,0.9999999403953552,5.960464477539063e-08,1.1920928955078125e-07
halueval-7788,halueval,0,5,0.3,0.6,0.6,0.4016973376274109,0.11705561727285385,1.0,0.39261943101882935,0.5983026623725891
halueval-814,halueval,1,5,0.4,0.4,0.6,0.7964063882827759,0.6606773138046265,1.0,0.16623349487781525,0.20359361171722412
halueval-288,halueval,0,5,0.4,0.4,0.6,0.5498043894767761,0.24967411160469055,0.9999998807907104,0.3675830066204071,0.4501956105232239
halueval-206,halueval,0,5,0.1,0.8,0.4,0.4850003123283386,0.14949031174182892,1.0,0.3186066150665283,0.5149996876716614
halueval-3374,halueval,1,5,1.0,0.2,1.0,1.0,1.0,1.0,0.0,0.0
halueval-3157,halueval,0,5,0.4,0.4,0.6,0.6631967425346375,0.42570802569389343,1.0,0.26597046852111816,0.33680325746536255
halueval-7208,halueval,1,5,1.0,0.2,1.0,1.0,1.0,1.0,0.0,0.0
halueval-4718,halueval,0,5,0.4,0.4,0.6,0.6035076975822449,0.339179664850235,1.0,0.32373449206352234,0.3964923024177551
halueval-9498,halueval,0,5,0.4,0.4,0.6,0.8775132894515991,0.7959416508674622,0.9999998211860657,0.09696963429450989,0.12248671054840088
halueval-8533,halueval,0,5,0.6,0.4,0.8,0.6625446081161499,0.1539616584777832,1.0,0.40232640504837036,0.3374553918838501
halueval-6065,halueval,1,5,1.0,0.2,1.0,0.9999998807907104,0.9999999403953552,0.9999999403953552,5.960464477539063e-08,1.1920928955078125e-07
halueval-9709,halueval,0,5,1.0,0.2,1.0,1.0,1.0,1.0,0.0,0.0
halueval-8991,halueval,1,5,0.6,0.4,0.8,0.7621691823005676,0.405423104763031,0.9999998807907104,0.29128193855285645,0.23783081769943237
halueval-7385,halueval,1,5,1.0,0.2,1.0,0.9579310417175293,0.9298850297927856,1.0,0.03434918075799942,0.0420689582824707
halueval-7548,halueval,1,5,0.6,0.4,0.8,0.9300815463066101,0.8252040147781372,1.0,0.08563219010829926,0.06991845369338989
halueval-830,halueval,1,5,1.0,0.2,1.0,1.0,1.0,1.0,0.0,0.0
halueval-2373,halueval,1,5,0.4,0.4,0.6,0.4988887906074524,0.16481465101242065,1.0,0.40915557742118835,0.5011112093925476
halueval-3595,halueval,0,5,0.6,0.4,0.8,0.9059001803398132,0.7647505402565002,1.0,0.11524823307991028,0.09409981966018677
halueval-8534,halueval,1,5,0.2,0.6,0.4,0.4065842628479004,0.01286371611058712,1.0,0.35499057173728943,0.5934157371520996
halueval-7622,halueval,0,5,1.0,0.2,1.0,1.0,1.0,1.0,0.0,0.0
halueval-3964,halueval,1,5,0.3,0.6,0.6,0.5682734251022339,0.11006514728069305,1.0,0.33397215604782104,0.4317265748977661
halueval-7874,halueval,0,5,1.0,0.2,1.0,0.9908815622329712,0.9772037267684937,1.0,0.01116784755140543,0.009118437767028809
halueval-1164,halueval,1,5,0.6,0.4,0.8,0.7366657257080078,0.34295159578323364,1.0,0.31079649925231934,0.2633342742919922
halueval-3647,halueval,0,5,0.4,0.4,0.6,0.9360964894294739,0.8808356523513794,1.0,0.047443632036447525,0.06390351057052612
halueval-3877,halueval,0,5,1.0,0.2,1.0,0.9931833148002625,0.9829582571983337,1.0,0.00834871456027031,0.006816685199737549
halueval-1126,halueval,1,5,0.0,1.0,0.2,0.5413156747817993,0.28524088859558105,0.8634401559829712,0.18480277061462402,0.4586843252182007
halueval-8583,halueval,1,5,1.0,0.2,1.0,0.9896618127822876,0.9741547703742981,0.9999998211860657,0.012661437503993511,0.010338187217712402
halueval-572,halueval,1,5,0.4,0.4,0.6,0.5670225620269775,0.27646487951278687,1.0,0.3479987382888794,0.43297743797302246
halueval-297,halueval,0,5,0.3,0.6,0.6,0.7442519664764404,0.5077144503593445,1.0,0.20368610322475433,0.25574803352355957
halueval-4221,halueval,1,5,1.0,0.2,1.0,0.9999998807907104,0.9999998807907104,0.9999998807907104,0.0,1.1920928955078125e-07
halueval-8981,halueval,0,5,0.1,0.8,0.4,0.5832619667053223,0.16510048508644104,1.0,0.3217644989490509,0.41673803329467773
halueval-2313,halueval,1,5,1.0,0.2,1.0,0.9937304258346558,0.9843261241912842,1.0,0.007678599562495947,0.006269574165344238
halueval-3437,halueval,1,5,0.6,0.4,0.8,0.6821334958076477,0.20533376932144165,0.9999999403953552,0.38930532336235046,0.3178665041923523
halueval-857,halueval,0,5,0.6,0.4,0.8,0.989758312702179,0.9743958115577698,1.0,0.012543439865112305,0.010241687297821045
halueval-3458,halueval,0,5,0.1,0.8,0.4,0.574649453163147,0.13434255123138428,1.0,0.34447187185287476,0.425350546836853
halueval-4889,halueval,1,5,0.3,0.6,0.6,0.8317064046859741,0.5780395269393921,1.0,0.15618516504764557,0.16829359531402588
halueval-3582,halueval,1,5,0.3,0.6,0.6,0.4806845188140869,0.1936887800693512,1.0,0.3357089161872864,0.5193154811859131
halueval-6468,halueval,1,5,0.3,0.6,0.6,0.6184746623039246,0.20037642121315002,1.0,0.3477349579334259,0.38152533769607544
halueval-1212,halueval,1,5,0.4,0.4,0.6,0.446527898311615,0.07754652202129364,1.0,0.45190805196762085,0.553472101688385
halueval-7342,halueval,0,5,0.6,0.4,0.8,0.7044370770454407,0.2610927224159241,1.0,0.3619891405105591,0.2955629229545593
halueval-7708,halueval,0,5,1.0,0.2,1.0,1.0,1.0,1.0,0.0,0.0
halueval-5485,halueval,1,5,1.0,0.2,1.0,1.0,1.0,1.0,0.0,0.0
halueval-8009,halueval,0,5,0.3,0.6,0.6,0.8940979242324829,0.8064994812011719,1.0,0.0762646496295929,0.10590207576751709
halueval-7732,halueval,1,5,0.3,0.6,0.6,0.6930822134017944,0.3569137752056122,1.0,0.25007063150405884,0.30691778659820557
halueval-8546,halueval,0,5,1.0,0.2,1.0,0.9843487739562988,0.9608719348907471,1.0,0.019168760627508163,0.015651226043701172
halueval-3785,halueval,1,5,1.0,0.2,1.0,0.9999998807907104,0.9999998807907104,0.9999998807907104,0.0,1.1920928955078125e-07
halueval-5803,halueval,1,5,1.0,0.2,1.0,1.0,1.0,1.0,0.0,0.0
halueval-2112,halueval,0,5,1.0,0.2,1.0,0.9946275949478149,0.9865689277648926,1.0,0.006579854525625706,0.005372405052185059
halueval-861,halueval,0,5,1.0,0.2,1.0,0.9785063862800598,0.9641773104667664,1.0,0.017549462616443634,0.021493613719940186
halueval-2283,halueval,0,5,0.2,0.6,0.4,0.7940741777420044,0.6573671102523804,1.0,0.11899121850728989,0.2059258222579956
halueval-127,halueval,1,5,0.3,0.6,0.6,0.4556611180305481,0.11048267036676407,1.0,0.3973228633403778,0.5443388819694519
halueval-2598,halueval,1,5,0.4,0.4,0.6,0.9530073404312134,0.921678900718689,1.0,0.03836933150887489,0.04699265956878662
halueval-8710,halueval,1,5,1.0,0.2,1.0,0.9927105903625488,0.9817767143249512,0.9999998807907104,0.008927491493523121,0.007289409637451172
halueval-6858,halueval,0,5,1.0,0.2,1.0,0.9999998807907104,0.9999998807907104,0.9999998807907104,0.0,1.1920928955078125e-07
halueval-625,halueval,1,5,0.0,1.0,0.2,0.4242335259914398,-0.02089550346136093,0.9931925535202026,0.3707285225391388,0.5757664740085602
halueval-3782,halueval,0,5,0.2,0.6,0.4,0.3150172531604767,0.10771799832582474,1.0,0.3442244231700897,0.6849827468395233
halueval-1138,halueval,1,5,0.3,0.6,0.6,0.7348847389221191,0.42704659700393677,1.0,0.21084460616111755,0.26511526107788086
halueval-1208,halueval,0,5,0.1,0.8,0.4,0.6013840436935425,0.17485760152339935,1.0,0.2891777455806732,0.3986159563064575
halueval-4404,halueval,1,5,0.3,0.6,0.6,0.4186784625053406,0.09597314894199371,1.0,0.3848109245300293,0.5813215374946594
halueval-3205,halueval,1,5,0.4,0.4,0.6,0.9074591398239136,0.8457653522491455,1.0,0.07555923610925674,0.09254086017608643
halueval-5832,halueval,0,5,0.6,0.4,0.8,0.9236330986022949,0.8090827465057373,1.0,0.09352996945381165,0.07636690139770508
halueval-8651,halueval,0,5,0.0,1.0,0.2,0.4961257874965668,0.17218902707099915,0.6687260866165161,0.17472903430461884,0.5038742125034332
halueval-1572,halueval,0,5,1.0,0.2,1.0,0.9999998211860657,0.9999998211860657,0.9999998211860657,0.0,1.7881393432617188e-07
halueval-7407,halueval,1,5,0.6,0.4,0.8,0.9454466700553894,0.8636166453361511,1.0,0.06681392341852188,0.054553329944610596
halueval-4499,halueval,0,5,1.0,0.2,1.0,1.0,1.0,1.0,0.0,0.0
halueval-6368,halueval,1,5,1.0,0.2,1.0,1.0,1.0,1.0,0.0,0.0
halueval-4010,halueval,0,5,1.0,0.2,1.0,1.0,1.0,1.0,0.0,0.0
halueval-3019,halueval,0,5,0.0,1.0,0.2,0.7920016050338745,0.667195200920105,0.9434294700622559,0.0838550552725792,0.2079983949661255
halueval-9504,halueval,0,5,0.3,0.6,0.6,0.618676483631134,0.06265438348054886,1.0,0.4492897391319275,0.38132351636886597
halueval-7722,halueval,0,5,0.6,0.4,0.8,0.8193486928939819,0.5483717322349548,1.0,0.22125175595283508,0.18065130710601807
halueval-7229,halueval,1,5,0.1,0.8,0.4,0.5121830105781555,0.009768558666110039,0.9999998807907104,0.3825821578502655,0.4878169894218445
halueval-8233,halueval,1,5,0.1,0.8,0.4,0.7865172028541565,0.6043306589126587,1.0,0.15542447566986084,0.2134827971458435
halueval-7460,halueval,1,5,1.0,0.2,1.0,0.9999998807907104,0.9999998807907104,0.9999998807907104,0.0,1.1920928955078125e-07
halueval-9615,halueval,0,5,0.6,0.4,0.8,0.8916710019111633,0.7291773557662964,1.0,0.13267545402050018,0.10832899808883667
halueval-120,halueval,1,5,0.1,0.8,0.4,0.7139997482299805,0.4701034128665924,0.9999999403953552,0.20463261008262634,0.28600025177001953
halueval-2801,halueval,0,5,0.3,0.6,0.6,0.4846964478492737,0.16938918828964233,1.0,0.3670479953289032,0.5153035521507263
halueval-7702,halueval,0,5,0.4,0.4,0.6,0.9940496683120728,0.98871910572052,1.0,0.0028987424448132515,0.005950331687927246
halueval-8276,halueval,1,5,1.0,0.2,1.0,1.0,1.0,1.0,0.0,0.0
halueval-776,halueval,1,5,0.0,1.0,0.2,0.6661649942398071,0.4647403657436371,0.9267563819885254,0.14531493186950684,0.33383500576019287
halueval-7029,halueval,1,5,0.3,0.6,0.6,0.6615157127380371,0.41585230827331543,0.9999998807907104,0.2717229425907135,0.3384842872619629
halueval-9848,halueval,0,5,1.0,0.2,1.0,0.9555758237838745,0.8889397978782654,0.9999998807907104,0.054408103227615356,0.04442417621612549
halueval-8691,halueval,0,5,0.3,0.6,0.6,0.8432155847549438,0.5119085907936096,1.0,0.1509244292974472,0.15678441524505615
halueval-2407,halueval,0,5,0.2,0.6,0.4,0.8678432703018188,0.7302218079566956,0.9999999403953552,0.08607805520296097,0.13215672969818115
halueval-7375,halueval,1,5,0.3,0.6,0.6,0.7575972676277161,0.6122940182685852,1.0,0.17787030339241028,0.24240273237228394
halueval-9248,halueval,0,5,0.6,0.4,0.8,0.6632959246635437,0.15823975205421448,1.0,0.41237661242485046,0.3367040753364563
halueval-4765,halueval,1,5,0.6,0.4,0.8,0.8815460205078125,0.7047727704048157,1.0,0.13600987195968628,0.1184539794921875
halueval-5960,halueval,0,5,0.1,0.8,0.4,0.5604148507118225,0.16805575788021088,1.0,0.26333028078079224,0.4395851492881775
halueval-1036,halueval,0,5,0.6,0.4,0.8,0.6632146835327148,0.15803682804107666,1.0,0.4124760329723358,0.33678531646728516
halueval-1253,halueval,1,5,0.6,0.4,0.8,0.9113547205924988,0.7783867120742798,1.0,0.10856789350509644,0.08864527940750122
halueval-4543,halueval,0,5,1.0,0.2,1.0,0.9999998807907104,0.9999998807907104,0.9999998807907104,0.0,1.1920928955078125e-07
halueval-7064,halueval,1,5,0.3,0.6,0.6,0.9845560193061829,0.9656269550323486,0.9999998211860657,0.015580345876514912,0.015443980693817139
halueval-8149,halueval,1,5,1.0,0.2,1.0,0.9999998807907104,0.9999998807907104,0.9999998807907104,0.0,1.1920928955078125e-07
halueval-5599,halueval,1,5,0.1,0.8,0.4,0.4547540247440338,0.16460402309894562,1.0,0.27728497982025146,0.5452459752559662
halueval-8855,halueval,0,5,1.0,0.2,1.0,1.0,1.0,1.0,0.0,0.0
halueval-563,halueval,0,5,0.2,0.6,0.4,0.4395931363105774,0.08849510550498962,0.9759945869445801,0.3093257248401642,0.5604068636894226
halueval-9724,halueval,0,5,1.0,0.2,1.0,1.0,1.0,1.0,0.0,0.0
halueval-9553,halueval,1,5,0.3,0.6,0.6,0.9399887919425964,0.8670838475227356,1.0,0.05543951317667961,0.060011208057403564
halueval-1113,halueval,0,5,0.1,0.8,0.4,0.38903483748435974,0.17037245631217957,1.0,0.24835942685604095,0.6109651625156403
halueval-9421,halueval,0,5,0.3,0.6,0.6,0.5529114007949829,0.10448136925697327,1.0,0.36458659172058105,0.4470885992050171
halueval-7107,halueval,1,5,0.3,0.6,0.6,0.6445517539978027,0.18823102116584778,1.0,0.2875896096229553,0.35544824600219727
halueval-886,halueval,0,5,0.2,0.6,0.4,0.6415095925331116,0.18107101321220398,1.0,0.26979169249534607,0.3584904074668884
halueval-4541,halueval,1,5,0.6,0.4,0.8,0.8669619560241699,0.6788525581359863,1.0,0.14991040527820587,0.13303804397583008
halueval-7484,halueval,1,5,0.2,0.6,0.4,0.8139697313308716,0.6610842943191528,1.0,0.11553677171468735,0.18603026866912842
halueval-3966,halueval,0,5,0.4,0.4,0.6,0.7511862516403198,0.5888537168502808,1.0,0.19389678537845612,0.24881374835968018
halueval-7601,halueval,1,5,1.0,0.2,1.0,1.0,1.0,1.0,0.0,0.0
halueval-7395,halueval,1,5,0.2,0.6,0.4,0.7581201195716858,0.49097123742103577,1.0,0.157065287232399,0.2418798804283142
halueval-509,halueval,0,5,0.6,0.4,0.8,0.9170116186141968,0.7925291657447815,1.0,0.1016395315527916,0.08298838138580322
halueval-5262,halueval,0,5,0.0,1.0,0.2,0.49307388067245483,0.14872276782989502,0.8382266759872437,0.19329972565174103,0.5069261193275452
halueval-9464,halueval,1,5,0.0,1.0,0.2,0.34573987126350403,0.1759934425354004,0.6881595849990845,0.14205865561962128,0.654260128736496
halueval-8420,halueval,0,5,1.0,0.2,1.0,1.0,1.0,1.0,0.0,0.0
halueval-361,halueval,0,5,0.3,0.6,0.6,0.7022122144699097,0.14067652821540833,1.0,0.27346667647361755,0.29778778553009033
halueval-7226,halueval,0,5,0.4,0.4,0.6,0.5191132426261902,0.19852212071418762,1.0,0.39264237880706787,0.4808867573738098
halueval-873,halueval,0,5,0.2,0.6,0.4,0.719157874584198,0.5126960277557373,1.0,0.16435763239860535,0.280842125415802
halueval-7518,halueval,0,5,0.4,0.4,0.6,0.44458746910095215,0.0743124783039093,1.0,0.4534924328327179,0.5554125308990479
halueval-4298,halueval,0,5,0.3,0.6,0.6,0.3924340009689331,0.04312140867114067,1.0,0.3743976056575775,0.6075659990310669
halueval-3035,halueval,1,5,0.3,0.6,0.6,0.5293639898300171,0.27482736110687256,1.0,0.3105146586894989,0.4706360101699829
halueval-3708,halueval,1,5,0.6,0.4,0.8,0.9584563374519348,0.8961406946182251,1.0,0.05088046193122864,0.041543662548065186
halueval-5574,halueval,1,5,0.6,0.4,0.8,0.8696185946464539,0.6740466356277466,1.0,0.15968388319015503,0.13038140535354614
halueval-7305,halueval,1,5,0.6,0.4,0.8,0.9794281125068665,0.9485703110694885,0.9999998807907104,0.02519524097442627,0.020571887493133545
halueval-7916,halueval,0,5,0.6,0.4,0.8,0.8725716471672058,0.6964633464813232,1.0,0.13806311786174774,0.1274283528327942
halueval-5653,halueval,0,5,0.6,0.4,0.8,0.8392841219902039,0.5982104539871216,1.0,0.19683587551116943,0.16071587800979614
halueval-915,halueval,0,5,1.0,0.2,1.0,0.9894707798957825,0.9824512004852295,1.0,0.008597120642662048,0.01052922010421753
halueval-7123,halueval,0,5,0.0,1.0,0.2,0.581405520439148,0.37043023109436035,0.8037978410720825,0.11406024545431137,0.41859447956085205
halueval-7292,halueval,0,5,0.3,0.6,0.6,0.6648247838020325,0.40123140811920166,1.0,0.23851710557937622,0.33517521619796753
halueval-4544,halueval,1,5,1.0,0.2,1.0,1.0,1.0,1.0,0.0,0.0
halueval-468,halueval,1,5,0.3,0.6,0.6,0.6141271591186523,0.3827592730522156,0.9999999403953552,0.2418743520975113,0.38587284088134766
halueval-7296,halueval,1,5,0.6,0.4,0.8,0.9839456677436829,0.9587569236755371,1.0,0.013232368044555187,0.01605433225631714
halueval-4064,halueval,0,5,0.3,0.6,0.6,0.7524001002311707,0.5694084167480469,1.0,0.17855185270309448,0.24759989976882935
halueval-9976,halueval,1,5,1.0,0.2,1.0,1.0,1.0,1.0,0.0,0.0
halueval-4880,halueval,0,5,0.3,0.6,0.6,0.6136133074760437,0.07062040269374847,1.0,0.4337238669395447,0.3863866925239563
halueval-3663,halueval,1,5,0.4,0.4,0.6,0.5345908403396606,0.22431819140911102,1.0,0.3800049126148224,0.46540915966033936
halueval-7925,halueval,0,5,1.0,0.2,1.0,0.986864447593689,0.9671611785888672,0.9999999403953552,0.016087641939520836,0.013135552406311035
halueval-2039,halueval,1,5,0.6,0.4,0.8,0.6972701549530029,0.24317537248134613,1.0,0.370766818523407,0.30272984504699707
halueval-2017,halueval,0,5,0.6,0.4,0.8,0.6962283849716187,0.24057111144065857,1.0,0.3720426559448242,0.30377161502838135
halueval-5473,halueval,1,5,0.4,0.4,0.6,0.575313925743103,0.28405410051345825,1.0,0.3395017981529236,0.424686074256897
halueval-2222,halueval,0,5,0.0,1.0,0.2,0.49302077293395996,0.2205221951007843,0.7947173118591309,0.20396606624126434,0.50697922706604
halueval-4852,halueval,0,5,0.1,0.8,0.4,0.7496318817138672,0.6126843690872192,1.0,0.12403332442045212,0.2503681182861328
halueval-2613,halueval,0,5,0.3,0.6,0.6,0.8191182017326355,0.5227946639060974,1.0,0.14018693566322327,0.1808817982673645
halueval-3762,halueval,0,5,0.6,0.4,0.8,0.8585430383682251,0.646357536315918,1.0,0.17324872314929962,0.1414569616317749
halueval-343,halueval,0,5,0.0,1.0,0.2,0.23567278683185577,0.06245539337396622,0.4636174738407135,0.13958640396595,0.7643272131681442
halueval-8057,halueval,1,5,1.0,0.2,1.0,0.9999998211860657,0.9999997615814209,0.9999997615814209,5.960464477539063e-08,1.7881393432617188e-07
halueval-4809,halueval,0,5,0.0,1.0,0.2,0.5191175937652588,0.09668168425559998,0.8648756742477417,0.2626121938228607,0.4808824062347412
halueval-7341,halueval,1,5,0.3,0.6,0.6,0.6493721008300781,0.4752430319786072,1.0,0.23054032027721405,0.3506278991699219
halueval-2768,halueval,1,5,1.0,0.2,1.0,1.0,1.0,1.0,0.0,0.0
halueval-9148,halueval,0,5,0.6,0.4,0.8,0.7211863994598389,0.30296599864959717,1.0,0.3414755165576935,0.27881360054016113
halueval-47,halueval,0,5,0.6,0.4,0.8,0.653917670249939,0.13193099200725555,0.9999997615814209,0.41610074043273926,0.34608232975006104
halueval-7147,halueval,0,5,0.3,0.6,0.6,0.5781446099281311,0.2789008915424347,1.0,0.28938427567481995,0.4218553900718689
halueval-304,halueval,0,5,0.1,0.8,0.4,0.5328041315078735,0.13298021256923676,0.9999998807907104,0.323490172624588,0.46719586849212646
halueval-4361,halueval,0,5,0.3,0.6,0.6,0.5833175778388977,0.31260478496551514,1.0,0.28114113211631775,0.4166824221611023
halueval-6203,halueval,0,5,0.6,0.4,0.8,0.8422211408615112,0.6055530905723572,0.9999999403953552,0.19323870539665222,0.15777885913848877
halueval-816,halueval,1,5,0.6,0.4,0.8,0.814997673034668,0.5374940633773804,1.0,0.2265806943178177,0.18500232696533203
halueval-137,halueval,1,5,0.3,0.6,0.6,0.6707453727722168,0.4470078945159912,1.0,0.2679712474346161,0.3292546272277832
halueval-6923,halueval,1,5,0.0,1.0,0.2,0.5867788195610046,0.3611881136894226,0.9749636650085449,0.21595068275928497,0.41322118043899536
halueval-1408,halueval,0,5,0.1,0.8,0.4,0.7668654322624207,0.6672900319099426,1.0,0.099899522960186,0.23313456773757935
halueval-85,halueval,0,5,0.4,0.4,0.6,0.49598878622055054,0.16750457882881165,1.0,0.4014502763748169,0.5040112137794495
halueval-7852,halueval,1,5,0.0,1.0,0.2,0.5816664695739746,0.06633423268795013,0.945764422416687,0.4003877639770508,0.4183335304260254
halueval-2599,halueval,1,5,1.0,0.2,1.0,1.0,1.0,1.0,0.0,0.0
halueval-8550,halueval,0,5,1.0,0.2,1.0,1.0,1.0,1.0,0.0,0.0
halueval-6967,halueval,1,5,0.1,0.8,0.4,0.6671078205108643,0.3175387978553772,1.0,0.21258902549743652,0.33289217948913574
halueval-5856,halueval,1,5,1.0,0.2,1.0,1.0,1.0,1.0,0.0,0.0
halueval-8476,halueval,0,5,0.1,0.8,0.4,0.3691977858543396,0.11097434163093567,0.8406078815460205,0.293938010931015,0.6308022141456604
halueval-914,halueval,1,5,1.0,0.2,1.0,1.0,1.0,1.0,0.0,0.0
halueval-4857,halueval,1,5,0.3,0.6,0.6,0.7167304754257202,0.5323313474655151,1.0,0.19654524326324463,0.2832695245742798
halueval-9112,halueval,0,5,0.4,0.4,0.6,0.5312424898147583,0.21873748302459717,1.0,0.3827389180660248,0.4687575101852417
halueval-2249,halueval,0,5,0.4,0.4,0.6,0.8476350903511047,0.7351852655410767,1.0,0.12026304006576538,0.15236490964889526
halueval-6820,halueval,1,5,0.4,0.4,0.6,0.7010473608970642,0.5017457008361816,1.0,0.24409371614456177,0.2989526391029358
halueval-7573,halueval,1,5,0.3,0.6,0.6,0.7110757231712341,0.41623127460479736,0.9999998807907104,0.22490577399730682,0.28892427682876587
halueval-5079,halueval,0,5,0.0,1.0,0.2,0.5266384482383728,0.08377599716186523,0.8643007278442383,0.2511563301086426,0.4733615517616272
halueval-9676,halueval,0,5,0.0,1.0,0.2,0.7296068668365479,0.5998958349227905,0.80389803647995,0.05996985360980034,0.27039313316345215
halueval-637,halueval,0,5,1.0,0.2,1.0,1.0,1.0,1.0,0.0,0.0
halueval-3716,halueval,1,5,0.1,0.8,0.4,0.5567163825035095,0.22361284494400024,0.9999999403953552,0.27293655276298523,0.4432836174964905
halueval-8037,halueval,0,5,0.1,0.8,0.4,0.41906315088272095,0.11890494078397751,1.0,0.3307691216468811,0.580936849117279
halueval-6523,halueval,0,5,1.0,0.2,1.0,0.9999998807907104,0.9999998807907104,0.9999998807907104,0.0,1.1920928955078125e-07
halueval-5149,halueval,0,5,0.4,0.4,0.6,0.41642022132873535,0.07390406727790833,1.0,0.4131437838077545,0.5835797786712646
halueval-18,halueval,1,5,1.0,0.2,1.0,1.0,1.0,1.0,0.0,0.0
halueval-9956,halueval,0,5,1.0,0.2,1.0,1.0,1.0,1.0,0.0,0.0
halueval-3326,halueval,0,5,0.4,0.4,0.6,0.7360242009162903,0.5600402355194092,1.0,0.21553538739681244,0.2639757990837097
halueval-6060,halueval,0,5,0.6,0.4,0.8,0.6724987030029297,0.18124699592590332,0.9999998807907104,0.4011053442955017,0.3275012969970703
halueval-8493,halueval,0,5,0.1,0.8,0.4,0.552920937538147,0.20071566104888916,1.0,0.28241822123527527,0.447079062461853
halueval-7304,halueval,0,5,1.0,0.2,1.0,0.9946237802505493,0.9865593910217285,1.0,0.006584526970982552,0.005376219749450684
halueval-5520,halueval,0,5,0.4,0.4,0.6,0.6236251592636108,0.3532697558403015,1.0,0.30334314703941345,0.37637484073638916
halueval-2287,halueval,1,5,0.4,0.4,0.6,0.9193713068962097,0.8656189441680908,1.0,0.06583300232887268,0.08062869310379028
halueval-1637,halueval,1,5,0.2,0.6,0.4,0.4789464473724365,0.21696346998214722,1.0,0.28592729568481445,0.5210535526275635
halueval-589,halueval,0,5,0.1,0.8,0.4,0.6042793989181519,0.3188958168029785,1.0,0.19575990736484528,0.39572060108184814
halueval-8394,halueval,1,5,1.0,0.2,1.0,1.0,1.0,1.0,0.0,0.0
halueval-741,halueval,1,5,0.3,0.6,0.6,0.779726505279541,0.5816679000854492,0.9999997615814209,0.15056143701076508,0.22027349472045898
halueval-8378,halueval,0,5,1.0,0.2,1.0,1.0,1.0,1.0,0.0,0.0
halueval-8586,halueval,0,5,1.0,0.2,1.0,0.9874021410942078,0.9790037274360657,1.0,0.010286001488566399,0.012597858905792236
halueval-418,halueval,1,5,1.0,0.2,1.0,1.0,1.0,1.0,0.0,0.0
halueval-9472,halueval,0,5,0.3,0.6,0.6,0.6156434416770935,0.3802242875099182,1.0,0.2600337862968445,0.3843565583229065
halueval-5742,halueval,1,5,0.6,0.4,0.8,0.8405531048774719,0.6013829708099365,0.9999997615814209,0.19528153538703918,0.15944689512252808
halueval-4375,halueval,1,5,0.0,1.0,0.2,0.6077549457550049,0.11643905937671661,0.978432297706604,0.3505711257457733,0.3922450542449951
halueval-500,halueval,1,5,1.0,0.2,1.0,0.9875596165657043,0.9688990116119385,1.0,0.01523631066083908,0.012440383434295654
halueval-4189,halueval,1,5,0.3,0.6,0.6,0.6628807783126831,0.19305332005023956,0.9999998807907104,0.3336631953716278,0.3371192216873169
halueval-8678,halueval,0,5,0.2,0.6,0.4,0.6167479157447815,0.24647197127342224,1.0,0.2795076072216034,0.3832520842552185
halueval-9606,halueval,0,5,1.0,0.2,1.0,1.0,1.0,1.0,0.0,0.0
halueval-9572,halueval,0,5,1.0,0.2,1.0,1.0,1.0,1.0,0.0,0.0
halueval-2233,halueval,1,5,0.3,0.6,0.6,0.7380832433700562,0.41558295488357544,1.0,0.23063065111637115,0.26191675662994385
halueval-4554,halueval,1,5,1.0,0.2,1.0,0.9999998807907104,0.9999999403953552,0.9999999403953552,5.960464477539063e-08,1.1920928955078125e-07
halueval-6475,halueval,1,5,1.0,0.2,1.0,1.0,1.0,1.0,0.0,0.0
halueval-5117,halueval,0,5,0.6,0.4,0.8,0.7785207629203796,0.4463019371032715,1.0,0.2712555527687073,0.22147923707962036
halueval-6304,halueval,0,5,0.4,0.4,0.6,0.6391782760620117,0.39863044023513794,1.0,0.2946096956729889,0.3608217239379883
halueval-1285,halueval,1,5,0.1,0.8,0.4,0.965071976184845,0.9171590805053711,1.0,0.027094678953289986,0.03492802381515503
halueval-5429,halueval,0,5,1.0,0.2,1.0,1.0,1.0,1.0,0.0,0.0
halueval-269,halueval,0,5,0.3,0.6,0.6,0.5304232835769653,0.22612324357032776,1.0,0.31729409098625183,0.46957671642303467
halueval-4633,halueval,1,5,1.0,0.2,1.0,1.0,1.0,1.0,0.0,0.0
halueval-7009,halueval,1,5,0.3,0.6,0.6,0.7858729362487793,0.6888318061828613,1.0,0.13586187362670898,0.2141270637512207
halueval-4579,halueval,0,5,0.1,0.8,0.4,0.5105624198913574,0.14576494693756104,1.0,0.22269180417060852,0.4894375801086426
halueval-4827,halueval,0,5,0.1,0.8,0.4,0.7342200875282288,0.5446358919143677,1.0,0.1736425757408142,0.26577991247177124
halueval-959,halueval,1,5,1.0,0.2,1.0,1.0,1.0,1.0,0.0,0.0
halueval-1235,halueval,0,5,0.3,0.6,0.6,0.6983805894851685,0.4618765115737915,0.9999998211860657,0.23492531478405,0.30161941051483154
halueval-5645,halueval,0,5,1.0,0.2,1.0,0.9999998807907104,0.9999998807907104,0.9999998807907104,0.0,1.1920928955078125e-07
halueval-5696,halueval,0,5,0.0,1.0,0.2,0.5524539351463318,0.18396425247192383,0.8901398181915283,0.27039673924446106,0.4475460648536682
halueval-7482,halueval,1,5,1.0,0.2,1.0,1.0,1.0,1.0,0.0,0.0
halueval-8134,halueval,1,5,1.0,0.2,1.0,0.9999998807907104,0.9999999403953552,0.9999999403953552,5.960464477539063e-08,1.1920928955078125e-07
halueval-4617,halueval,0,5,1.0,0.2,1.0,1.0,1.0,1.0,0.0,0.0
halueval-8698,halueval,1,5,0.2,0.6,0.4,0.6440343856811523,0.41790908575057983,1.0,0.23244117200374603,0.35596561431884766
halueval-3369,halueval,0,5,0.6,0.4,0.8,0.7705358266830444,0.42633962631225586,0.9999999403953552,0.28103503584861755,0.22946417331695557
halueval-1573,halueval,1,5,1.0,0.2,1.0,1.0,1.0,1.0,0.0,0.0
halueval-9603,halueval,1,5,1.0,0.2,1.0,0.9835802912712097,0.9726338982582092,1.0,0.013406582176685333,0.016419708728790283
halueval-6196,halueval,1,5,0.1,0.8,0.4,0.6435784101486206,0.45117712020874023,0.9999998807907104,0.15481293201446533,0.3564215898513794
halueval-1497,halueval,1,5,0.3,0.6,0.6,0.8933664560317993,0.8089526295661926,1.0,0.0770881250500679,0.10663354396820068
halueval-3186,halueval,0,5,0.1,0.8,0.4,0.6490964293479919,0.43125981092453003,1.0,0.1663070023059845,0.35090357065200806
halueval-402,halueval,0,5,0.2,0.6,0.4,0.8696382641792297,0.7766819000244141,0.9873725175857544,0.07823727279901505,0.13036173582077026
halueval-2557,halueval,0,5,0.2,0.6,0.4,0.3594614863395691,-0.03846190124750137,0.9960196018218994,0.38575905561447144,0.6405385136604309
halueval-1962,halueval,0,5,1.0,0.2,1.0,0.9909564852714539,0.977391242980957,1.0,0.011075982823967934,0.009043514728546143
halueval-1921,halueval,0,5,0.6,0.4,0.8,0.633940577507019,0.0848514661192894,1.0,0.4483294188976288,0.36605942249298096
halueval-5917,halueval,1,5,1.0,0.2,1.0,1.0,1.0,1.0,0.0,0.0
halueval-3798,halueval,1,5,1.0,0.2,1.0,0.9999998807907104,0.9999998807907104,0.9999998807907104,0.0,1.1920928955078125e-07
halueval-506,halueval,0,5,0.4,0.4,0.6,0.6154988408088684,0.3591647744178772,1.0,0.31394386291503906,0.3845011591911316
halueval-7086,halueval,1,5,0.4,0.4,0.6,0.5467163324356079,0.2445271760225296,1.0,0.37010452151298523,0.4532836675643921
halueval-2160,halueval,0,5,0.1,0.8,0.4,0.4942743182182312,0.17034998536109924,1.0,0.3042762875556946,0.5057256817817688
halueval-1282,halueval,1,5,0.4,0.4,0.6,0.5136971473693848,0.18949532508850098,1.0,0.39706456661224365,0.48630285263061523
halueval-5159,halueval,1,5,0.1,0.8,0.4,0.5784446001052856,0.2806667387485504,1.0,0.25601503252983093,0.42155539989471436
halueval-8272,halueval,0,5,0.6,0.4,0.8,0.9930950999259949,0.9827378988265991,1.0,0.008456667885184288,0.006904900074005127
halueval-2323,halueval,0,5,0.4,0.4,0.6,0.553853452205658,0.2564224600791931,1.0,0.36427709460258484,0.44614654779434204
halueval-5056,halueval,1,5,0.1,0.8,0.4,0.7591825723648071,0.614387035369873,1.0,0.15022599697113037,0.24081742763519287
halueval-2827,halueval,1,5,0.3,0.6,0.6,0.4526662826538086,0.09370724111795425,1.0,0.42526888847351074,0.5473337173461914
halueval-648,halueval,0,5,0.0,1.0,0.2,0.4352591633796692,0.18774089217185974,0.9783830046653748,0.2917321026325226,0.5647408366203308
halueval-2100,halueval,1,5,0.6,0.4,0.8,0.6660870313644409,0.16521768271923065,0.9999998807907104,0.4089580774307251,0.3339129686355591
halueval-8868,halueval,1,5,0.4,0.4,0.6,0.707230806350708,0.5164470672607422,1.0,0.22739700973033905,0.292769193649292
halueval-4087,halueval,1,5,1.0,0.2,1.0,1.0,1.0,1.0,0.0,0.0
halueval-6556,halueval,1,5,1.0,0.2,1.0,1.0,1.0,1.0,0.0,0.0
halueval-2871,halueval,1,5,0.6,0.4,0.8,0.8519458770751953,0.6298646330833435,1.0,0.18132854998111725,0.1480541229248047
halueval-3712,halueval,0,5,0.3,0.6,0.6,0.477526992559433,0.18101485073566437,0.9999998807907104,0.34628722071647644,0.522473007440567
halueval-4220,halueval,0,5,0.4,0.4,0.6,0.4947487413883209,0.15791447460651398,1.0,0.41253599524497986,0.5052512586116791
halueval-7815,halueval,0,5,0.0,1.0,0.2,0.5705346465110779,0.2488725334405899,0.9354158639907837,0.2620317041873932,0.4294653534889221
halueval-270,halueval,1,5,0.1,0.8,0.4,0.43270426988601685,0.15862497687339783,1.0,0.2956662178039551,0.5672957301139832
halueval-3301,halueval,0,5,1.0,0.2,1.0,1.0,1.0,1.0,0.0,0.0
halueval-4142,halueval,0,5,1.0,0.2,1.0,1.0,1.0,1.0,0.0,0.0
halueval-9682,halueval,0,5,1.0,0.2,1.0,1.0,1.0,1.0,0.0,0.0
halueval-7843,halueval,0,5,0.2,0.6,0.4,0.9084886312484741,0.8314249515533447,1.0,0.05458414554595947,0.09151136875152588
halueval-1935,halueval,1,5,0.3,0.6,0.6,0.6397970914840698,0.16683518886566162,1.0,0.2645806074142456,0.3602029085159302
halueval-7814,halueval,1,5,1.0,0.2,1.0,0.9999998211860657,0.9999997615814209,0.9999997615814209,5.960464477539063e-08,1.7881393432617188e-07
halueval-5961,halueval,1,5,0.3,0.6,0.6,0.59429931640625,0.2164023220539093,0.9999998807907104,0.31742221117019653,0.40570068359375
halueval-9769,halueval,1,5,1.0,0.2,1.0,0.992393970489502,0.9809849262237549,1.0,0.009315445087850094,0.007606029510498047
halueval-2291,halueval,0,5,1.0,0.2,1.0,0.9815880656242371,0.953970193862915,1.0,0.022549908608198166,0.01841193437576294
halueval-1581,halueval,1,5,0.0,1.0,0.2,0.3601386547088623,0.26338106393814087,0.42777204513549805,0.05070400610566139,0.6398613452911377
halueval-6218,halueval,1,5,0.6,0.4,0.8,0.8338522911071777,0.5961757898330688,1.0,0.1799698919057846,0.16614770889282227
halueval-6194,halueval,0,5,0.1,0.8,0.4,0.5738528966903687,0.21214032173156738,1.0,0.2934442162513733,0.42614710330963135
halueval-450,halueval,1,5,0.6,0.4,0.8,0.7375785708427429,0.3439464569091797,1.0,0.3213992714881897,0.2624214291572571
halueval-1738,halueval,0,5,0.4,0.4,0.6,0.5877321362495422,0.31666117906570435,1.0,0.3276609778404236,0.41226786375045776
halueval-5854,halueval,1,5,1.0,0.2,1.0,0.9999998807907104,0.9999998807907104,0.9999998807907104,0.0,1.1920928955078125e-07
halueval-5396,halueval,1,5,0.4,0.4,0.6,0.9439853429794312,0.9066424369812012,1.0,0.04573563486337662,0.05601465702056885
halueval-3516,halueval,1,5,0.3,0.6,0.6,0.5753626227378845,0.3064045310020447,1.0,0.32078319787979126,0.4246373772621155
halueval-3692,halueval,0,5,1.0,0.2,1.0,0.9853851199150085,0.9756418466567993,1.0,0.011932995170354843,0.014614880084991455
halueval-1527,halueval,0,5,1.0,0.2,1.0,0.9946382641792297,0.9910637140274048,1.0,0.004377824254333973,0.005361735820770264
halueval-87,halueval,1,5,0.2,0.6,0.4,0.5188310146331787,0.1625240445137024,1.0,0.2999333143234253,0.4811689853668213
halueval-5347,halueval,0,5,0.4,0.4,0.6,0.9782869219779968,0.9638116359710693,1.0,0.01772860623896122,0.021713078022003174
halueval-9003,halueval,0,5,0.6,0.4,0.8,0.6532183885574341,0.15584859251976013,1.0,0.40284520387649536,0.3467816114425659
halueval-60,halueval,1,5,0.0,1.0,0.2,0.9250208139419556,0.8683713674545288,0.9948079586029053,0.05261918529868126,0.07497918605804443
halueval-2735,halueval,0,5,0.1,0.8,0.4,0.41534408926963806,0.05484385788440704,1.0,0.36445513367652893,0.5846559107303619
halueval-2179,halueval,0,5,0.3,0.6,0.6,0.5917845368385315,0.22435376048088074,1.0,0.31110161542892456,0.4082154631614685
halueval-1495,halueval,1,5,0.6,0.4,0.8,0.9711018800735474,0.9277546405792236,1.0,0.03539285436272621,0.028898119926452637
halueval-7492,halueval,1,5,0.6,0.4,0.8,0.6563870310783386,0.14096763730049133,1.0,0.42083820700645447,0.3436129689216614
halueval-5558,halueval,1,5,1.0,0.2,1.0,0.9930432438850403,0.9826081991195679,0.9999998807907104,0.008520149625837803,0.006956756114959717
halueval-9265,halueval,0,5,0.3,0.6,0.6,0.6238332986831665,0.39599278569221497,1.0,0.273782879114151,0.3761667013168335
halueval-3761,halueval,0,5,0.3,0.6,0.6,0.665198028087616,0.19646435976028442,1.0,0.33324578404426575,0.33480197191238403
halueval-9164,halueval,1,5,0.4,0.4,0.6,0.49632295966148376,0.15829439461231232,1.0,0.40795597434043884,0.5036770403385162
halueval-7556,halueval,1,5,0.1,0.8,0.4,0.6427534222602844,0.10622526705265045,1.0,0.41438913345336914,0.3572465777397156
halueval-9457,halueval,0,5,0.4,0.4,0.6,0.6899099349975586,0.46214038133621216,1.0,0.2439332902431488,0.3100900650024414
halueval-9602,halueval,0,5,1.0,0.2,1.0,0.9999998211860657,0.9999998211860657,0.9999998211860657,0.0,1.7881393432617188e-07
halueval-7377,halueval,0,5,0.0,1.0,0.2,0.6904503107070923,0.520103394985199,0.8930672407150269,0.12488141655921936,0.3095496892929077
halueval-5060,halueval,0,5,0.6,0.4,0.8,0.9016895294189453,0.7542238235473633,1.0,0.12040524929761887,0.09831047058105469
halueval-3300,halueval,0,5,0.1,0.8,0.4,0.48327404260635376,0.10819894820451736,1.0,0.2799896001815796,0.5167259573936462
halueval-3541,halueval,0,5,1.0,0.2,1.0,1.0,1.0,1.0,0.0,0.0
halueval-3020,halueval,1,5,1.0,0.2,1.0,0.9999998807907104,0.9999999403953552,0.9999999403953552,5.960464477539063e-08,1.1920928955078125e-07
halueval-1330,halueval,1,5,0.3,0.6,0.6,0.8469826579093933,0.6789975762367249,0.9999998211860657,0.12510895729064941,0.1530173420906067
halueval-6297,halueval,1,5,1.0,0.2,1.0,0.9940834045410156,0.9852085113525391,1.0,0.0072463201358914375,0.005916595458984375
halueval-5033,halueval,0,5,0.0,1.0,0.2,0.39521926641464233,0.052187204360961914,0.996610164642334,0.41269007325172424,0.6047807335853577
halueval-8391,halueval,1,5,0.2,0.6,0.4,0.7959612011909485,0.5185091495513916,0.9999998807907104,0.18914760649204254,0.2040387988090515
halueval-3665,halueval,1,5,0.2,0.6,0.4,0.6626788973808289,0.44137197732925415,1.0,0.23904258012771606,0.33732110261917114
halueval-1395,halueval,1,5,0.3,0.6,0.6,0.5471330881118774,0.19094860553741455,1.0,0.3198343515396118,0.45286691188812256
halueval-8011,halueval,1,5,0.0,1.0,0.2,0.9144715070724487,0.7910274267196655,0.9863864183425903,0.07660795003175735,0.08552849292755127
halueval-4878,halueval,1,5,0.3,0.6,0.6,0.5641624331474304,0.1253899782896042,1.0,0.3639252483844757,0.4358375668525696
halueval-6117,halueval,0,5,0.1,0.8,0.4,0.49474263191223145,0.2986336350440979,1.0,0.20545879006385803,0.5052573680877686
halueval-3187,halueval,1,5,1.0,0.2,1.0,0.9999998807907104,0.9999999403953552,0.9999999403953552,5.960464477539063e-08,1.1920928955078125e-07
halueval-1943,halueval,1,5,0.3,0.6,0.6,0.8561373949050903,0.6679836511611938,1.0,0.15322241187095642,0.14386260509490967
halueval-8306,halueval,0,5,1.0,0.2,1.0,1.0,1.0,1.0,0.0,0.0
halueval-5651,halueval,1,5,0.1,0.8,0.4,0.3798314929008484,0.13162295520305634,1.0,0.27026867866516113,0.6201685070991516
halueval-1516,halueval,1,5,0.6,0.4,0.8,0.5737823843955994,-0.06911858171224594,1.0,0.504003643989563,0.42621761560440063
halueval-1159,halueval,0,5,1.0,0.2,1.0,1.0,1.0,1.0,0.0,0.0
halueval-1930,halueval,1,5,0.4,0.4,0.6,0.7325553894042969,0.5598189830780029,1.0,0.16592293977737427,0.2674446105957031
halueval-7760,halueval,1,5,0.6,0.4,0.8,0.9544307589530945,0.9016706347465515,1.0,0.037538014352321625,0.04556924104690552
halueval-9111,halueval,1,5,1.0,0.2,1.0,1.0,1.0,1.0,0.0,0.0
halueval-3336,halueval,1,5,0.6,0.4,0.8,0.7306293249130249,0.3265732526779175,1.0,0.32991036772727966,0.2693706750869751
halueval-3183,halueval,0,5,1.0,0.2,1.0,1.0,1.0,1.0,0.0,0.0
halueval-7973,halueval,1,5,0.0,1.0,0.2,0.8775787353515625,0.7583681344985962,0.9533122181892395,0.05623561888933182,0.1224212646484375
halueval-9478,halueval,0,5,0.1,0.8,0.4,0.4095641076564789,0.09914880990982056,0.9999999403953552,0.3817705512046814,0.5904358923435211
halueval-6875,halueval,0,5,1.0,0.2,1.0,0.9852172136306763,0.9753620624542236,1.0,0.01207007560878992,0.01478278636932373
halueval-3031,halueval,0,5,0.2,0.6,0.4,0.6957668662071228,0.47230660915374756,1.0,0.15432658791542053,0.3042331337928772
halueval-1655,halueval,0,5,1.0,0.2,1.0,0.9896281361579895,0.9740703105926514,1.0,0.012702901847660542,0.010371863842010498
halueval-3029,halueval,1,5,0.1,0.8,0.4,0.40423354506492615,0.16271404922008514,1.0,0.28569352626800537,0.5957664549350739
halueval-5902,halueval,0,5,0.1,0.8,0.4,0.7297145128250122,0.5123770833015442,1.0,0.14599722623825073,0.2702854871749878
halueval-2767,halueval,1,5,0.0,1.0,0.2,0.4222187399864197,0.08797918260097504,0.9795089364051819,0.2985815703868866,0.5777812600135803
halueval-1499,halueval,1,5,0.1,0.8,0.4,0.44362616539001465,0.1651819944381714,0.9999999403953552,0.30093392729759216,0.5563738346099854
halueval-422,halueval,0,5,0.4,0.4,0.6,0.7691769003868103,0.6152948141098022,1.0,0.18846628069877625,0.2308230996131897
halueval-2456,halueval,1,5,0.1,0.8,0.4,0.40403398871421814,0.018353279680013657,1.0,0.30030640959739685,0.5959660112857819
halueval-1889,halueval,0,5,0.3,0.6,0.6,0.6455830335617065,0.11303777247667313,1.0,0.4328750669956207,0.35441696643829346
halueval-3906,halueval,0,5,0.1,0.8,0.4,0.5578182935714722,0.3317020535469055,1.0,0.2217639684677124,0.44218170642852783
halueval-7212,halueval,0,5,1.0,0.2,1.0,1.0,1.0,1.0,0.0,0.0
halueval-1698,halueval,0,5,1.0,0.2,1.0,1.0,1.0,1.0,0.0,0.0
halueval-3449,halueval,0,5,0.3,0.6,0.6,0.7330392003059387,0.5285885334014893,1.0,0.1827608048915863,0.2669607996940613
halueval-8091,halueval,0,5,1.0,0.2,1.0,1.0,1.0,1.0,0.0,0.0
halueval-3365,halueval,0,5,1.0,0.2,1.0,1.0,1.0,1.0,0.0,0.0
halueval-9647,halueval,1,5,0.3,0.6,0.6,0.5672491192817688,0.184708833694458,1.0,0.3209344446659088,0.4327508807182312
halueval-448,halueval,1,5,1.0,0.2,1.0,1.0,1.0,1.0,0.0,0.0
halueval-7710,halueval,1,5,0.1,0.8,0.4,0.7965081930160522,0.6611608266830444,1.0,0.12044645100831985,0.20349180698394775
halueval-7873,halueval,0,5,1.0,0.2,1.0,1.0,1.0,1.0,0.0,0.0
halueval-3968,halueval,1,5,0.0,1.0,0.2,0.274990439414978,0.14078857004642487,0.7847578525543213,0.1766858696937561,0.725009560585022
halueval-2782,halueval,0,5,0.6,0.4,0.8,0.6523542404174805,0.1458139270544052,1.0,0.41074445843696594,0.34764575958251953
halueval-6355,halueval,1,5,1.0,0.2,1.0,1.0,1.0,1.0,0.0,0.0
halueval-3427,halueval,1,5,0.4,0.4,0.6,0.5431898832321167,0.23206360638141632,1.0,0.3598215878009796,0.4568101167678833
halueval-4001,halueval,0,5,0.1,0.8,0.4,0.5164598226547241,0.21571223437786102,1.0,0.2998974323272705,0.4835401773452759
halueval-182,halueval,1,5,1.0,0.2,1.0,0.9999998807907104,0.9999999403953552,0.9999999403953552,5.960464477539063e-08,1.1920928955078125e-07
halueval-5076,halueval,1,5,0.4,0.4,0.6,0.8509332537651062,0.7515554428100586,1.0,0.12171248346567154,0.1490667462348938
halueval-2248,halueval,0,5,0.0,1.0,0.2,0.6233985424041748,0.22765609622001648,0.9158873558044434,0.2143733650445938,0.3766014575958252
halueval-9169,halueval,0,5,0.6,0.4,0.8,0.9161742329597473,0.7948753237724304,1.0,0.09245091676712036,0.08382576704025269
halueval-3746,halueval,1,5,0.1,0.8,0.4,0.47673606872558594,0.17706263065338135,1.0,0.3620242774486542,0.5232639312744141
halueval-6936,halueval,1,5,0.1,0.8,0.4,0.5992115139961243,0.4697984457015991,1.0,0.1423434168100357,0.40078848600387573
halueval-7425,halueval,0,5,0.2,0.6,0.4,0.8127139210700989,0.6805907487869263,1.0,0.1283746063709259,0.18728607892990112
halueval-5372,halueval,0,5,0.1,0.8,0.4,0.38864344358444214,0.09273015707731247,0.9423972964286804,0.3358239233493805,0.6113565564155579
halueval-1636,halueval,0,5,0.1,0.8,0.4,0.4556450843811035,0.19651168584823608,0.9999998211860657,0.2426062524318695,0.5443549156188965
halueval-1099,halueval,1,5,1.0,0.2,1.0,1.0,1.0,1.0,0.0,0.0
halueval-3969,halueval,0,5,0.1,0.8,0.4,0.39325761795043945,0.12135696411132812,0.9951941967010498,0.3342200219631195,0.6067423820495605
halueval-1205,halueval,0,5,1.0,0.2,1.0,0.9968732595443726,0.9947887659072876,1.0,0.002552972873672843,0.0031267404556274414
halueval-2328,halueval,1,5,0.1,0.8,0.4,0.3048040270805359,-0.04443121328949928,1.0,0.3258228003978729,0.6951959729194641
halueval-5524,halueval,1,5,0.3,0.6,0.6,0.3886050581932068,0.05072043836116791,1.0,0.3807506263256073,0.6113949418067932
halueval-2595,halueval,1,5,0.6,0.4,0.8,0.6805524230003357,0.20138110220432281,1.0,0.39124175906181335,0.3194475769996643
halueval-4254,halueval,0,5,0.6,0.4,0.8,0.7007161378860474,0.2517904043197632,1.0,0.3665463626384735,0.29928386211395264
halueval-4586,halueval,1,5,0.4,0.4,0.6,0.8341706395149231,0.723617672920227,1.0,0.13539913296699524,0.1658293604850769
halueval-5634,halueval,1,5,0.0,1.0,0.2,0.4190656244754791,0.05420967936515808,0.9771765470504761,0.39914777874946594,0.5809343755245209
halueval-7233,halueval,1,5,0.4,0.4,0.6,0.5307961702346802,0.20478437840938568,1.0,0.3769504427909851,0.4692038297653198
halueval-439,halueval,1,5,0.6,0.4,0.8,0.7009261846542358,0.2610171139240265,1.0,0.35718271136283875,0.29907381534576416
halueval-41,halueval,0,5,0.4,0.4,0.6,0.7218634486198425,0.5364391803741455,1.0,0.2270975112915039,0.27813655138015747
halueval-1708,halueval,0,5,0.6,0.4,0.8,0.6797508001327515,0.19937710464000702,1.0,0.3922235071659088,0.32024919986724854
halueval-2447,halueval,0,5,1.0,0.2,1.0,0.9911508560180664,0.9852514266967773,1.0,0.007225295528769493,0.008849143981933594
halueval-5260,halueval,0,5,1.0,0.2,1.0,1.0,1.0,1.0,0.0,0.0
halueval-9384,halueval,1,5,0.6,0.4,0.8,0.7751396298408508,0.3989582061767578,1.0,0.26737797260284424,0.22486037015914917
halueval-8142,halueval,1,5,1.0,0.2,1.0,0.9854852557182312,0.9637133479118347,0.9999997615814209,0.017776640132069588,0.014514744281768799
halueval-6774,halueval,1,5,0.2,0.6,0.4,0.7870752215385437,0.6375167369842529,1.0,0.16578413546085358,0.2129247784614563
halueval-5297,halueval,0,5,0.0,1.0,0.2,0.21615831553936005,0.0945206806063652,0.5270087718963623,0.1279808133840561,0.78384168446064
halueval-4344,halueval,1,5,0.0,1.0,0.2,0.566821813583374,0.19905796647071838,0.911186933517456,0.25650927424430847,0.433178186416626
halueval-7712,halueval,0,5,0.4,0.4,0.6,0.48140305280685425,0.13567180931568146,1.0,0.4234326183795929,0.5185969471931458
halueval-6808,halueval,0,5,0.6,0.4,0.8,0.6860431432723999,0.21510782837867737,1.0,0.3845170736312866,0.3139568567276001
halueval-6457,halueval,1,5,0.2,0.6,0.4,0.7574384808540344,0.5751335620880127,1.0,0.1429404765367508,0.24256151914596558
halueval-6243,halueval,0,5,0.3,0.6,0.6,0.5256512761116028,0.2546529769897461,1.0,0.3144010603427887,0.4743487238883972
halueval-2756,halueval,1,5,0.6,0.4,0.8,0.9284586906433105,0.8211467266082764,1.0,0.0876198559999466,0.07154130935668945
halueval-5004,halueval,0,5,0.2,0.6,0.4,0.4429590106010437,0.26640573143959045,0.9923584461212158,0.2751484811306,0.5570409893989563
halueval-2998,halueval,0,5,1.0,0.2,1.0,0.9946228265762329,0.9865569472312927,1.0,0.0065857237204909325,0.00537717342376709
halueval-7528,halueval,1,5,0.1,0.8,0.4,0.5228195786476135,0.2450149953365326,1.0,0.21846003830432892,0.4771804213523865
halueval-7742,halueval,1,5,0.1,0.8,0.4,0.7707003355026245,0.6443607211112976,0.992568850517273,0.10831198841333389,0.2292996644973755
halueval-1957,halueval,1,5,0.3,0.6,0.6,0.418803870677948,0.14703494310379028,1.0,0.38104262948036194,0.581196129322052
halueval-2361,halueval,1,5,0.6,0.4,0.8,0.9746024012565613,0.9365062117576599,0.9999998807907104,0.031105419620871544,0.02539759874343872
halueval-7357,halueval,1,5,1.0,0.2,1.0,1.0,1.0,1.0,0.0,0.0
halueval-5244,halueval,0,5,0.3,0.6,0.6,0.5194679498672485,0.17678576707839966,1.0,0.32178813219070435,0.48053205013275146
halueval-6940,halueval,1,5,0.1,0.8,0.4,0.8287868499755859,0.6313138008117676,0.9957290291786194,0.12688155472278595,0.17121315002441406
halueval-7146,halueval,0,5,0.3,0.6,0.6,0.7065322995185852,0.4972231388092041,1.0,0.19798777997493744,0.2934677004814148
halueval-501,halueval,0,5,0.3,0.6,0.6,0.7412744760513306,0.5645914673805237,0.9999998807907104,0.18783733248710632,0.25872552394866943
halueval-9990,halueval,0,5,1.0,0.2,1.0,1.0,1.0,1.0,0.0,0.0
halueval-9570,halueval,1,5,1.0,0.2,1.0,1.0,1.0,1.0,0.0,0.0
halueval-8214,halueval,0,5,0.0,1.0,0.2,0.8319389224052429,0.6664724349975586,0.9834686517715454,0.12212539464235306,0.16806107759475708
halueval-1343,halueval,0,5,1.0,0.2,1.0,1.0,1.0,1.0,0.0,0.0
halueval-2475,halueval,0,5,0.3,0.6,0.6,0.9917234182357788,0.9795088768005371,1.0,0.005729783792048693,0.008276581764221191
halueval-1579,halueval,1,5,1.0,0.2,1.0,0.9787787199020386,0.9646313190460205,1.0,0.017327044159173965,0.021221280097961426
halueval-3904,halueval,0,5,0.6,0.4,0.8,0.8178740739822388,0.5446850657463074,1.0,0.22305786609649658,0.18212592601776123
halueval-9924,halueval,1,5,1.0,0.2,1.0,0.9999998211860657,0.9999998211860657,0.9999998211860657,0.0,1.7881393432617188e-07
halueval-8405,halueval,1,5,0.0,1.0,0.2,0.7678650617599487,0.4178117513656616,0.9636955261230469,0.18849918246269226,0.23213493824005127
halueval-9764,halueval,0,5,0.6,0.4,0.8,0.9557879567146301,0.8894697427749634,1.0,0.05414854362607002,0.04421204328536987
halueval-456,halueval,1,5,1.0,0.2,1.0,0.9934552311897278,0.9890921115875244,1.0,0.005343752447515726,0.006544768810272217
halueval-4632,halueval,0,5,1.0,0.2,1.0,0.9464788436889648,0.8661972284317017,0.9999998211860657,0.06554961949586868,0.053521156311035156
halueval-8455,halueval,1,5,1.0,0.2,1.0,1.0,1.0,1.0,0.0,0.0
halueval-195,halueval,1,5,0.0,1.0,0.2,0.4210944175720215,0.16881634294986725,0.9064952731132507,0.2269001007080078,0.5789055824279785
halueval-5433,halueval,1,5,1.0,0.2,1.0,1.0,1.0,1.0,0.0,0.0
halueval-8459,halueval,1,5,0.6,0.4,0.8,0.9046802520751953,0.7617005705833435,1.0,0.11674240231513977,0.09531974792480469
halueval-5318,halueval,1,5,0.6,0.4,0.8,0.8057940602302551,0.5144851207733154,1.0,0.23785275220870972,0.19420593976974487
halueval-1435,halueval,1,5,0.4,0.4,0.6,0.5741602778434753,0.2692774832248688,1.0,0.3410707116127014,0.42583972215652466
halueval-9992,halueval,0,5,0.4,0.4,0.6,0.8162547945976257,0.6937580108642578,1.0,0.1500273197889328,0.18374520540237427
halueval-5969,halueval,1,5,0.1,0.8,0.4,0.3963761329650879,0.11947760730981827,0.9999997615814209,0.30359771847724915,0.6036238670349121
halueval-8093,halueval,1,5,0.2,0.6,0.4,0.44707614183425903,0.14163684844970703,1.0,0.32227668166160583,0.552923858165741
halueval-4035,halueval,1,5,0.2,0.6,0.4,0.5380223989486694,0.3507019579410553,0.9999998807907104,0.22991812229156494,0.46197760105133057
halueval-5621,halueval,1,5,1.0,0.2,1.0,1.0,1.0,1.0,0.0,0.0
halueval-1741,halueval,1,5,1.0,0.2,1.0,1.0,1.0,1.0,0.0,0.0
halueval-3658,halueval,1,5,0.6,0.4,0.8,0.6493812799453735,0.12345297634601593,1.0,0.4294185936450958,0.35061872005462646
halueval-1595,halueval,0,5,1.0,0.2,1.0,1.0,1.0,1.0,0.0,0.0
halueval-9747,halueval,1,5,0.4,0.4,0.6,0.9833469390869141,0.9741230010986328,0.9936922788619995,0.006759000476449728,0.016653060913085938
halueval-126,halueval,0,5,1.0,0.2,1.0,1.0,1.0,1.0,0.0,0.0
halueval-1420,halueval,1,5,0.6,0.4,0.8,0.857962429523468,0.6449061036109924,1.0,0.17395977675914764,0.14203757047653198
halueval-7858,halueval,1,5,0.1,0.8,0.4,0.5376112461090088,0.09617307037115097,1.0,0.3727901577949524,0.4623887538909912
halueval-8671,halueval,0,5,0.4,0.4,0.6,0.6147001385688782,0.3563212752342224,1.0,0.31272849440574646,0.3852998614311218
halueval-7065,halueval,0,5,0.0,1.0,0.2,0.7691508531570435,0.5735002756118774,0.9970307350158691,0.13788875937461853,0.23084914684295654
halueval-9746,halueval,1,5,0.1,0.8,0.4,0.851544976234436,0.7112421989440918,0.9999998807907104,0.09293211996555328,0.14845502376556396
halueval-7559,halueval,1,5,0.4,0.4,0.6,0.5118199586868286,0.18636652827262878,1.0,0.3985973596572876,0.4881800413131714
halueval-7251,halueval,0,5,0.3,0.6,0.6,0.8156528472900391,0.5853013396263123,1.0,0.145663321018219,0.18434715270996094
halueval-7593,halueval,0,5,0.4,0.4,0.6,0.5647261738777161,0.2745435833930969,1.0,0.35539960861206055,0.43527382612228394
halueval-5232,halueval,0,5,1.0,0.2,1.0,1.0,1.0,1.0,0.0,0.0
halueval-9689,halueval,1,5,0.4,0.4,0.6,0.5009785890579224,0.16829761862754822,1.0,0.40744930505752563,0.49902141094207764
halueval-9701,halueval,0,5,0.3,0.6,0.6,0.6959668397903442,0.4340900778770447,1.0,0.22549891471862793,0.30403316020965576
halueval-7424,halueval,1,5,0.6,0.4,0.8,0.766785740852356,0.4169643819332123,0.9999998807907104,0.28562790155410767,0.23321425914764404
halueval-697,halueval,1,5,0.2,0.6,0.4,0.8787692785263062,0.7496841549873352,1.0,0.09798246622085571,0.12123072147369385
halueval-5250,halueval,0,5,0.4,0.4,0.6,0.575515866279602,0.2925264239311218,1.0,0.3465898633003235,0.42448413372039795
halueval-7202,halueval,1,5,0.0,1.0,0.2,0.594010591506958,0.4697842001914978,0.7726919651031494,0.07557103782892227,0.405989408493042
halueval-1771,halueval,1,5,0.4,0.4,0.6,0.8327466249465942,0.7217721939086914,1.0,0.13414840400218964,0.16725337505340576
halueval-266,halueval,1,5,1.0,0.2,1.0,1.0,1.0,1.0,0.0,0.0
halueval-8309,halueval,0,5,1.0,0.2,1.0,1.0,1.0,1.0,0.0,0.0
halueval-4751,halueval,0,5,0.3,0.6,0.6,0.44149166345596313,0.15374580025672913,0.9999998807907104,0.3689054846763611,0.5585083365440369
halueval-2529,halueval,1,5,0.3,0.6,0.6,0.6315585970878601,0.3959241509437561,1.0,0.26470285654067993,0.3684414029121399
halueval-9134,halueval,1,5,0.1,0.8,0.4,0.5851877927780151,0.4541127383708954,1.0,0.18607106804847717,0.41481220722198486
halueval-3070,halueval,1,5,1.0,0.2,1.0,1.0,1.0,1.0,0.0,0.0
halueval-2915,halueval,1,5,1.0,0.2,1.0,0.9999998807907104,0.9999998807907104,0.9999998807907104,0.0,1.1920928955078125e-07
halueval-2670,halueval,0,5,0.6,0.4,0.8,0.7901304960250854,0.4753264784812927,0.9999998807907104,0.257036417722702,0.20986950397491455
halueval-7398,halueval,0,5,0.3,0.6,0.6,0.5403386950492859,0.09446638077497482,1.0,0.3195071220397949,0.4596613049507141
halueval-9604,halueval,1,5,0.3,0.6,0.6,0.9491552114486694,0.8922532796859741,0.9999999403953552,0.04562191665172577,0.050844788551330566
halueval-23,halueval,0,5,0.2,0.6,0.4,0.9491672515869141,0.9102287292480469,1.0,0.031198665499687195,0.05083274841308594
halueval-7756,halueval,0,5,1.0,0.2,1.0,1.0,1.0,1.0,0.0,0.0
halueval-9417,halueval,0,5,0.6,0.4,0.8,0.6345552206039429,0.09740981459617615,1.0,0.4376654624938965,0.36544477939605713
halueval-7271,halueval,0,5,1.0,0.2,1.0,1.0,1.0,1.0,0.0,0.0
halueval-9993,halueval,1,5,1.0,0.2,1.0,1.0,1.0,1.0,0.0,0.0
halueval-5469,halueval,1,5,0.3,0.6,0.6,0.6620710492134094,0.18140512704849243,1.0,0.3877471089363098,0.3379289507865906
halueval-6463,halueval,0,5,0.6,0.4,0.8,0.8394479751586914,0.598619818687439,1.0,0.19663532078266144,0.1605520248413086
halueval-6414,halueval,1,5,0.3,0.6,0.6,0.9750210046768188,0.9430164694786072,1.0,0.026213381439447403,0.024978995323181152
halueval-8796,halueval,0,5,0.6,0.4,0.8,0.7943230867385864,0.4858076870441437,0.9999998807907104,0.2519017159938812,0.20567691326141357
halueval-5576,halueval,1,5,0.6,0.4,0.8,0.6253446340560913,0.0838482454419136,0.9999999403953552,0.4421635866165161,0.3746553659439087
halueval-6640,halueval,1,5,0.0,1.0,0.2,0.9584412574768066,0.9138967990875244,0.9963734149932861,0.030393188819289207,0.04155874252319336
halueval-1144,halueval,0,5,1.0,0.2,1.0,0.9799982905387878,0.9499958157539368,1.0,0.02449694648385048,0.020001709461212158
halueval-4286,halueval,0,5,0.4,0.4,0.6,0.8391212224960327,0.7318687438964844,1.0,0.13135695457458496,0.16087877750396729
halueval-2401,halueval,1,5,1.0,0.2,1.0,1.0,1.0,1.0,0.0,0.0
halueval-9640,halueval,1,5,0.6,0.4,0.8,0.7926889657974243,0.481722354888916,1.0,0.25390318036079407,0.20731103420257568
halueval-6040,halueval,0,5,0.2,0.6,0.4,0.42286935448646545,0.21713517606258392,1.0,0.2987338900566101,0.5771306455135345
halueval-4168,halueval,0,5,1.0,0.2,1.0,1.0,1.0,1.0,0.0,0.0
halueval-6627,halueval,0,5,0.3,0.6,0.6,0.4583873748779297,0.10163015872240067,0.9999997615814209,0.36683693528175354,0.5416126251220703
halueval-8438,halueval,1,5,0.3,0.6,0.6,0.8841778039932251,0.727475643157959,1.0,0.11981473118066788,0.1158221960067749
halueval-2820,halueval,1,5,1.0,0.2,1.0,0.9923771023750305,0.9809428453445435,0.9999998807907104,0.009336002171039581,0.007622897624969482
halueval-8547,halueval,0,5,1.0,0.2,1.0,1.0,1.0,1.0,0.0,0.0
halueval-5725,halueval,0,5,0.1,0.8,0.4,0.5507450699806213,0.3865334093570709,1.0,0.22013124823570251,0.44925493001937866
halueval-5927,halueval,1,5,1.0,0.2,1.0,0.9999998807907104,0.9999998807907104,0.9999998807907104,0.0,1.1920928955078125e-07
halueval-7332,halueval,1,5,0.4,0.4,0.6,0.5096715688705444,0.18278618156909943,1.0,0.40035131573677063,0.49032843112945557
halueval-8965,halueval,0,5,0.2,0.6,0.4,0.5323644876480103,0.09025128930807114,1.0,0.368253618478775,0.46763551235198975
halueval-9180,halueval,1,5,0.4,0.4,0.6,0.9802659153938293,0.9671097993850708,1.0,0.01611284166574478,0.019734084606170654
halueval-989,halueval,0,5,1.0,0.2,1.0,0.9903273582458496,0.9838789701461792,1.0,0.007897644303739071,0.00967264175415039
halueval-4933,halueval,0,5,1.0,0.2,1.0,1.0,1.0,1.0,0.0,0.0
halueval-5748,halueval,1,5,1.0,0.2,1.0,1.0,1.0,1.0,0.0,0.0
halueval-210,halueval,0,5,0.1,0.8,0.4,0.36312901973724365,0.18444496393203735,1.0,0.22369815409183502,0.6368709802627563
halueval-980,halueval,0,5,1.0,0.2,1.0,0.9999998211860657,0.9999997615814209,0.9999997615814209,5.960464477539063e-08,1.7881393432617188e-07
halueval-348,halueval,1,5,0.2,0.6,0.4,0.32275205850601196,0.07360140979290009,0.9999998211860657,0.31700947880744934,0.677247941493988
halueval-976,halueval,0,5,0.6,0.4,0.8,0.9216327667236328,0.804081916809082,1.0,0.09597986191511154,0.07836723327636719
halueval-170,halueval,1,5,0.2,0.6,0.4,0.6466538310050964,0.30872011184692383,1.0,0.2801266610622406,0.35334616899490356
halueval-1131,halueval,0,5,0.1,0.8,0.4,0.5749216079711914,0.32481950521469116,1.0,0.2460882067680359,0.4250783920288086
halueval-2816,halueval,1,5,0.3,0.6,0.6,0.6470128893852234,0.34500738978385925,0.9999998807907104,0.2471892237663269,0.3529871106147766
halueval-6916,halueval,1,5,0.1,0.8,0.4,0.8460513353347778,0.7019072771072388,1.0,0.10280530154705048,0.15394866466522217
halueval-5011,halueval,1,5,0.2,0.6,0.4,0.4368753433227539,0.1548478603363037,0.948455810546875,0.2975863814353943,0.5631246566772461
halueval-6230,halueval,0,5,0.1,0.8,0.4,0.6835534572601318,0.4104427099227905,1.0,0.19135935604572296,0.31644654273986816
halueval-9398,halueval,1,5,0.2,0.6,0.4,0.4282926917076111,0.23128770291805267,1.0,0.28721535205841064,0.5717073082923889
halueval-2975,halueval,1,5,1.0,0.2,1.0,0.9601007699966431,0.900252103805542,0.9999997615814209,0.04886617511510849,0.039899230003356934
halueval-6646,halueval,0,5,1.0,0.2,1.0,0.9916486740112305,0.986081063747406,1.0,0.006818857975304127,0.008351325988769531
halueval-8212,halueval,0,5,1.0,0.2,1.0,1.0,1.0,1.0,0.0,0.0
halueval-4681,halueval,0,5,0.3,0.6,0.6,0.4448183476924896,0.17157235741615295,1.0,0.3688327968120575,0.5551816523075104
halueval-804,halueval,0,5,1.0,0.2,1.0,0.9847251772880554,0.9618128538131714,1.0,0.01870780438184738,0.01527482271194458
halueval-4739,halueval,0,5,1.0,0.2,1.0,1.0,1.0,1.0,0.0,0.0
halueval-4197,halueval,1,5,0.4,0.4,0.6,0.8618823289871216,0.7698038816452026,1.0,0.11277256160974503,0.13811767101287842
halueval-4733,halueval,1,5,0.6,0.4,0.8,0.9757579565048218,0.9393951892852783,0.9999997615814209,0.029690057039260864,0.024242043495178223
halueval-9186,halueval,1,5,1.0,0.2,1.0,0.9999998807907104,0.9999998807907104,0.9999998807907104,0.0,1.1920928955078125e-07
halueval-642,halueval,1,5,0.1,0.8,0.4,0.30075961351394653,0.14466507732868195,0.9999997615814209,0.2648507058620453,0.6992403864860535
halueval-2085,halueval,1,5,1.0,0.2,1.0,1.0,1.0,1.0,0.0,0.0
halueval-4941,halueval,0,5,0.1,0.8,0.4,0.7317346334457397,0.5600361824035645,1.0,0.18235370516777039,0.26826536655426025
halueval-4046,halueval,1,5,0.1,0.8,0.4,0.39679327607154846,0.12289892137050629,1.0,0.3438268005847931,0.6032067239284515
halueval-9330,halueval,1,5,1.0,0.2,1.0,1.0,1.0,1.0,0.0,0.0
halueval-5877,halueval,0,5,0.0,1.0,0.2,0.6786054372787476,0.467354416847229,0.999097466468811,0.194744274020195,0.32139456272125244
halueval-9834,halueval,1,5,0.6,0.4,0.8,0.8429988622665405,0.6203315258026123,1.0,0.17277802526950836,0.15700113773345947
halueval-5296,halueval,1,5,1.0,0.2,1.0,1.0,1.0,1.0,0.0,0.0
halueval-2320,halueval,1,5,0.0,1.0,0.2,0.6518965363502502,0.30612093210220337,0.9259060621261597,0.2091400921344757,0.34810346364974976
halueval-7019,halueval,0,5,1.0,0.2,1.0,1.0,1.0,1.0,0.0,0.0
halueval-2497,halueval,0,5,1.0,0.2,1.0,0.9999998807907104,0.9999998807907104,0.9999998807907104,0.0,1.1920928955078125e-07
halueval-5461,halueval,0,5,0.1,0.8,0.4,0.5453117489814758,0.34411531686782837,1.0,0.21113307774066925,0.45468825101852417
halueval-1231,halueval,1,5,0.4,0.4,0.6,0.9196362495422363,0.867294430732727,1.0,0.06069164723157883,0.08036375045776367
halueval-9493,halueval,1,5,0.3,0.6,0.6,0.6676923036575317,0.5162330865859985,1.0,0.18289105594158173,0.33230769634246826
halueval-3974,halueval,0,5,0.0,1.0,0.2,0.6095470190048218,0.08201280981302261,0.9869311451911926,0.4102528393268585,0.3904529809951782
halueval-4297,halueval,0,5,1.0,0.2,1.0,0.9999998807907104,0.9999999403953552,0.9999999403953552,5.960464477539063e-08,1.1920928955078125e-07
halueval-7566,halueval,1,5,1.0,0.2,1.0,1.0,1.0,1.0,0.0,0.0
halueval-4151,halueval,1,5,0.6,0.4,0.8,0.8367045521736145,0.5917613506317139,1.0,0.1999952644109726,0.1632954478263855
halueval-268,halueval,1,5,0.1,0.8,0.4,0.4519464373588562,0.16975656151771545,1.0,0.3037964105606079,0.5480535626411438
halueval-8663,halueval,1,5,0.6,0.4,0.8,0.608443021774292,0.1607908010482788,1.0,0.37207257747650146,0.391556978225708
halueval-1278,halueval,1,5,1.0,0.2,1.0,1.0,1.0,1.0,0.0,0.0
halueval-6226,halueval,1,5,1.0,0.2,1.0,0.9914979934692383,0.9858299493789673,1.0,0.006941878702491522,0.008502006530761719
halueval-104,halueval,0,5,1.0,0.2,1.0,1.0,1.0,1.0,0.0,0.0
halueval-7930,halueval,1,5,0.1,0.8,0.4,0.7150424122810364,0.5178592801094055,0.9999999403953552,0.19679591059684753,0.2849575877189636
halueval-1737,halueval,0,5,1.0,0.2,1.0,0.9999998807907104,0.9999999403953552,0.9999999403953552,5.960464477539063e-08,1.1920928955078125e-07
halueval-1057,halueval,0,5,0.3,0.6,0.6,0.4766765534877777,0.22075960040092468,1.0,0.34463730454444885,0.5233234465122223
halueval-5405,halueval,0,5,0.2,0.6,0.4,0.7804490327835083,0.6340817213058472,1.0,0.17926262319087982,0.2195509672164917
halueval-2013,halueval,1,5,0.1,0.8,0.4,0.4154813885688782,0.10835183411836624,1.0,0.3773026168346405,0.5845186114311218
halueval-1092,halueval,1,5,0.0,1.0,0.2,0.7985502481460571,0.6180217266082764,0.9801868200302124,0.1314469277858734,0.20144975185394287
halueval-803,halueval,1,5,0.2,0.6,0.4,0.4510935842990875,0.16944266855716705,1.0,0.337962806224823,0.5489064157009125
halueval-7312,halueval,0,5,0.1,0.8,0.4,0.5943987965583801,0.21528488397598267,0.9803209900856018,0.2378382682800293,0.4056012034416199
halueval-6020,halueval,1,5,0.1,0.8,0.4,0.5995954275131226,0.34669405221939087,1.0,0.26965752243995667,0.40040457248687744
halueval-2943,halueval,0,5,0.1,0.8,0.4,0.8354870080947876,0.6331495046615601,1.0,0.11656656116247177,0.1645129919052124
halueval-7383,halueval,1,5,1.0,0.2,1.0,1.0,1.0,1.0,0.0,0.0
halueval-9475,halueval,0,5,0.2,0.6,0.4,0.9922307729721069,0.9863777756690979,0.9999998807907104,0.004600232932716608,0.007769227027893066
halueval-33,halueval,1,5,0.4,0.4,0.6,0.9720125198364258,0.9526563286781311,1.0,0.0192522294819355,0.02798748016357422
halueval-2761,halueval,0,5,0.3,0.6,0.6,0.5711660385131836,0.21184754371643066,1.0,0.3109256327152252,0.4288339614868164
halueval-3124,halueval,0,5,0.6,0.4,0.8,0.7783288955688477,0.4458225667476654,0.9999997615814209,0.27149027585983276,0.22167110443115234
halueval-2213,halueval,1,5,1.0,0.2,1.0,1.0,1.0,1.0,0.0,0.0
halueval-6131,halueval,0,5,0.1,0.8,0.4,0.4797937273979187,0.18876871466636658,0.9999999403953552,0.3107656240463257,0.5202062726020813
halueval-4580,halueval,1,5,1.0,0.2,1.0,1.0,1.0,1.0,0.0,0.0
halueval-4931,halueval,0,5,0.3,0.6,0.6,0.6862576603889465,0.3525041341781616,0.9999998807907104,0.22498822212219238,0.31374233961105347
halueval-6532,halueval,1,5,1.0,0.2,1.0,1.0,1.0,1.0,0.0,0.0
halueval-8821,halueval,1,5,1.0,0.2,1.0,0.9999998807907104,0.9999998807907104,0.9999998807907104,0.0,1.1920928955078125e-07
halueval-7382,halueval,1,5,0.1,0.8,0.4,0.8627238273620605,0.7584514617919922,0.9999999403953552,0.0854966938495636,0.13727617263793945
halueval-6417,halueval,0,5,0.4,0.4,0.6,0.8310800790786743,0.7184666991233826,1.0,0.13792258501052856,0.16891992092132568
halueval-9039,halueval,0,5,1.0,0.2,1.0,1.0,1.0,1.0,0.0,0.0
halueval-8775,halueval,1,5,0.4,0.4,0.6,0.7306773662567139,0.5511289834976196,1.0,0.2199009656906128,0.26932263374328613
halueval-7893,halueval,1,5,1.0,0.2,1.0,1.0,1.0,1.0,0.0,0.0
halueval-7827,halueval,0,5,1.0,0.2,1.0,0.9932147264480591,0.9830367565155029,0.9999998807907104,0.008310199715197086,0.006785273551940918
halueval-8969,halueval,1,5,0.4,0.4,0.6,0.8338521718978882,0.7007042169570923,1.0,0.12817686796188354,0.16614782810211182
halueval-7188,halueval,1,5,1.0,0.2,1.0,0.9928094744682312,0.9880157709121704,1.0,0.005871049128472805,0.007190525531768799
halueval-3445,halueval,1,5,0.3,0.6,0.6,0.4659666121006012,0.19343237578868866,1.0,0.3460611402988434,0.5340333878993988
halueval-4526,halueval,1,5,0.4,0.4,0.6,0.9325830340385437,0.8876385688781738,1.0,0.055045634508132935,0.0674169659614563
halueval-2896,halueval,0,5,0.1,0.8,0.4,0.8071567416191101,0.6059054732322693,0.9783382415771484,0.1114584282040596,0.1928432583808899
halueval-3033,halueval,0,5,0.4,0.4,0.6,0.8625085949897766,0.7708428502082825,1.0,0.10408054292201996,0.1374914050102234
halueval-7880,halueval,1,5,1.0,0.2,1.0,0.9843263626098633,0.9738773703575134,1.0,0.012797378934919834,0.01567363739013672
halueval-9788,halueval,0,5,0.0,1.0,0.2,0.39095669984817505,-0.044194094836711884,0.8950376510620117,0.32239413261413574,0.609043300151825
halueval-8099,halueval,0,5,0.0,1.0,0.2,0.6365764737129211,0.4447445273399353,0.9018045663833618,0.15566624701023102,0.36342352628707886
halueval-9271,halueval,0,5,0.2,0.6,0.4,0.8275359869003296,0.7078285217285156,0.9999999403953552,0.10812770575284958,0.1724640130996704
halueval-7744,halueval,1,5,0.1,0.8,0.4,0.32236912846565247,0.15048304200172424,1.0,0.25042715668678284,0.6776308715343475
halueval-5243,halueval,0,5,0.1,0.8,0.4,0.810721218585968,0.684721052646637,1.0,0.12014502286911011,0.18927878141403198
halueval-996,halueval,0,5,0.3,0.6,0.6,0.8497581481933594,0.7018555402755737,0.9999997615814209,0.11608049273490906,0.15024185180664062
halueval-9078,halueval,1,5,0.3,0.6,0.6,0.4263477325439453,0.08630545437335968,1.0,0.34155547618865967,0.5736522674560547
halueval-9906,halueval,1,5,0.6,0.4,0.8,0.866369366645813,0.6659232974052429,1.0,0.16366349160671234,0.133630633354187
halueval-6285,halueval,1,5,0.1,0.8,0.4,0.5717368125915527,0.20825760066509247,1.0,0.3143419325351715,0.42826318740844727
halueval-7812,halueval,1,5,1.0,0.2,1.0,0.9999998807907104,0.9999998807907104,0.9999998807907104,0.0,1.1920928955078125e-07
halueval-7345,halueval,0,5,1.0,0.2,1.0,0.9999998807907104,0.9999999403953552,0.9999999403953552,5.960464477539063e-08,1.1920928955078125e-07
halueval-9306,halueval,0,5,0.4,0.4,0.6,0.8496068716049194,0.7512746453285217,1.0,0.11597608774900436,0.15039312839508057
halueval-9016,halueval,1,5,1.0,0.2,1.0,1.0,1.0,1.0,0.0,0.0
halueval-7174,halueval,0,5,1.0,0.2,1.0,1.0,1.0,1.0,0.0,0.0
halueval-1809,halueval,1,5,1.0,0.2,1.0,0.9656929969787598,0.942821741104126,1.0,0.028011510148644447,0.034307003021240234
halueval-5279,halueval,0,5,0.2,0.6,0.4,0.7820806503295898,0.6711946725845337,1.0,0.1276296228170395,0.21791934967041016
halueval-4519,halueval,0,5,1.0,0.2,1.0,0.9999998807907104,0.9999998807907104,0.9999998807907104,0.0,1.1920928955078125e-07
halueval-4611,halueval,0,5,0.1,0.8,0.4,0.4336087107658386,0.052057262510061264,0.9999998211860657,0.4094858467578888,0.5663912892341614
halueval-9878,halueval,0,5,0.1,0.8,0.4,0.7385452389717102,0.4408644735813141,1.0,0.2150697112083435,0.2614547610282898
halueval-9592,halueval,0,5,0.3,0.6,0.6,0.6706005930900574,0.18462064862251282,1.0,0.3946206867694855,0.3293994069099426
halueval-1563,halueval,0,5,1.0,0.2,1.0,0.9918209314346313,0.9863681793212891,1.0,0.006678200792521238,0.008179068565368652
halueval-133,halueval,1,5,0.6,0.4,0.8,0.6776090860366821,0.19402262568473816,1.0,0.39484667778015137,0.32239091396331787
halueval-7672,halueval,1,5,0.6,0.4,0.8,0.6637541055679321,0.15938538312911987,1.0,0.4118153750896454,0.33624589443206787
halueval-1498,halueval,0,5,0.6,0.4,0.8,0.8911563158035278,0.7324578762054443,0.9999999403953552,0.12865525484085083,0.10884368419647217
halueval-7948,halueval,1,5,0.6,0.4,0.8,0.7165893316268921,0.3003070652484894,1.0,0.33455896377563477,0.2834106683731079
halueval-4424,halueval,1,5,0.4,0.4,0.6,0.9795347452163696,0.9658911824226379,1.0,0.016709838062524796,0.02046525478363037
halueval-6566,halueval,0,5,1.0,0.2,1.0,0.9999998807907104,0.9999998807907104,0.9999998807907104,0.0,1.1920928955078125e-07
halueval-6720,halueval,0,5,1.0,0.2,1.0,1.0,1.0,1.0,0.0,0.0
halueval-7269,halueval,0,5,0.6,0.4,0.8,0.9368118047714233,0.8369444608688354,1.0,0.05680431053042412,0.06318819522857666
halueval-7848,halueval,1,5,0.2,0.6,0.4,0.9395169019699097,0.8985303640365601,1.0,0.043028101325035095,0.06048309803009033
halueval-1972,halueval,1,5,0.6,0.4,0.8,0.8964117169380188,0.7623598575592041,0.9999997019767761,0.108427993953228,0.1035882830619812
halueval-2568,halueval,0,5,0.1,0.8,0.4,0.5094317197799683,0.0770866647362709,1.0,0.3267817199230194,0.49056828022003174
halueval-142,halueval,0,5,0.6,0.4,0.8,0.6628445386886597,0.15711140632629395,1.0,0.4129294157028198,0.33715546131134033
halueval-3857,halueval,0,5,1.0,0.2,1.0,1.0,1.0,1.0,0.0,0.0
halueval-3322,halueval,1,5,0.0,1.0,0.2,0.7541645765304565,0.5295127630233765,0.9257204532623291,0.14687560498714447,0.24583542346954346
halueval-7215,halueval,0,5,0.6,0.4,0.8,0.9659164547920227,0.9332240223884583,1.0,0.02590104006230831,0.034083545207977295
halueval-5613,halueval,1,5,1.0,0.2,1.0,0.9835189580917358,0.9587975740432739,0.9999998807907104,0.020184924826025963,0.01648104190826416
halueval-6909,halueval,1,5,0.1,0.8,0.4,0.32798436284065247,0.06036843731999397,1.0,0.2377128303050995,0.6720156371593475
halueval-7889,halueval,1,5,1.0,0.2,1.0,1.0,1.0,1.0,0.0,0.0
halueval-2560,halueval,0,5,0.1,0.8,0.4,0.5090185403823853,0.2853204011917114,1.0,0.24275493621826172,0.49098145961761475
halueval-8398,halueval,0,5,0.2,0.6,0.4,0.585491418838501,0.3281211256980896,1.0,0.306612104177475,0.414508581161499
halueval-9568,halueval,0,5,0.6,0.4,0.8,0.7794241905212402,0.44856053590774536,0.9999998807907104,0.27014899253845215,0.22057580947875977
halueval-2135,halueval,1,5,1.0,0.2,1.0,1.0,1.0,1.0,0.0,0.0
halueval-4593,halueval,1,5,0.1,0.8,0.4,0.423257052898407,0.13092193007469177,0.9999998807907104,0.3245428502559662,0.576742947101593
halueval-6193,halueval,0,5,1.0,0.2,1.0,0.9999998211860657,0.9999997615814209,0.9999997615814209,5.960464477539063e-08,1.7881393432617188e-07
halueval-1418,halueval,1,5,0.2,0.6,0.4,0.3661942183971405,0.10215239226818085,1.0,0.32189708948135376,0.6338057816028595
halueval-5337,halueval,1,5,1.0,0.2,1.0,1.0,1.0,1.0,0.0,0.0
halueval-3153,halueval,0,5,0.0,1.0,0.2,0.7836592197418213,0.613028347492218,0.8974791765213013,0.08547001332044601,0.2163407802581787
halueval-2660,halueval,1,5,1.0,0.2,1.0,0.9882152676582336,0.9705380201339722,1.0,0.014433363452553749,0.011784732341766357
halueval-7417,halueval,0,5,0.3,0.6,0.6,0.6466242074966431,0.2163483202457428,1.0,0.2978069484233856,0.35337579250335693
halueval-2108,halueval,0,5,0.1,0.8,0.4,0.38107016682624817,0.10009916871786118,1.0,0.27083614468574524,0.6189298331737518
halueval-1086,halueval,0,5,0.1,0.8,0.4,0.7612124681472778,0.5682365894317627,1.0,0.16987083852291107,0.23878753185272217
halueval-2795,halueval,0,5,1.0,0.2,1.0,0.9963083267211914,0.9907708168029785,1.0,0.004521357826888561,0.0036916732788085938
halueval-8084,halueval,0,5,1.0,0.2,1.0,1.0,1.0,1.0,0.0,0.0
halueval-9728,halueval,1,5,0.4,0.4,0.6,0.4726167619228363,0.12102794647216797,1.0,0.43060657382011414,0.5273832380771637
halueval-7247,halueval,0,5,1.0,0.2,1.0,1.0,1.0,1.0,0.0,0.0
halueval-1544,halueval,1,5,0.0,1.0,0.2,0.5772819519042969,0.35061126947402954,0.9065123796463013,0.17353494465351105,0.4227180480957031
halueval-824,halueval,1,5,1.0,0.2,1.0,1.0,1.0,1.0,0.0,0.0
halueval-7455,halueval,1,5,0.3,0.6,0.6,0.9038146734237671,0.8439608812332153,1.0,0.06765934824943542,0.09618532657623291
halueval-4902,halueval,1,5,1.0,0.2,1.0,1.0,1.0,1.0,0.0,0.0
halueval-6289,halueval,1,5,1.0,0.2,1.0,1.0,1.0,1.0,0.0,0.0
halueval-7039,halueval,0,5,1.0,0.2,1.0,1.0,1.0,1.0,0.0,0.0
halueval-3822,halueval,0,5,0.1,0.8,0.4,0.6842307448387146,0.24175387620925903,0.9994127154350281,0.33782634139060974,0.3157692551612854
halueval-4107,halueval,1,5,1.0,0.2,1.0,0.9999998807907104,0.9999999403953552,0.9999999403953552,5.960464477539063e-08,1.1920928955078125e-07
halueval-9513,halueval,0,5,0.6,0.4,0.8,0.8795253038406372,0.698813259601593,1.0,0.1475507616996765,0.12047469615936279
halueval-1456,halueval,1,5,1.0,0.2,1.0,0.9999998211860657,0.9999998211860657,0.9999998211860657,0.0,1.7881393432617188e-07
halueval-1154,halueval,1,5,1.0,0.2,1.0,1.0,1.0,1.0,0.0,0.0
halueval-8545,halueval,0,5,0.1,0.8,0.4,0.5354365110397339,0.11215506494045258,1.0,0.270183265209198,0.4645634889602661
halueval-4699,halueval,1,5,1.0,0.2,1.0,0.9999998807907104,0.9999998807907104,0.9999998807907104,0.0,1.1920928955078125e-07
halueval-9449,halueval,1,5,1.0,0.2,1.0,1.0,1.0,1.0,0.0,0.0
halueval-7246,halueval,0,5,1.0,0.2,1.0,1.0,1.0,1.0,0.0,0.0
halueval-7822,halueval,1,5,1.0,0.2,1.0,1.0,1.0,1.0,0.0,0.0
halueval-7929,halueval,1,5,0.6,0.4,0.8,0.9486327171325684,0.8715819120407104,0.9999999403953552,0.06291172653436661,0.05136728286743164
halueval-6057,halueval,0,5,0.4,0.4,0.6,0.9899612665176392,0.9832687377929688,1.0,0.008196589536964893,0.01003873348236084
halueval-4124,halueval,0,5,0.6,0.4,0.8,0.9127457737922668,0.7818644642829895,1.0,0.10686414688825607,0.08725422620773315
halueval-1009,halueval,0,5,1.0,0.2,1.0,0.9896113276481628,0.9740284085273743,1.0,0.012723430059850216,0.010388672351837158
halueval-8464,halueval,0,5,0.0,1.0,0.2,0.6951119899749756,0.21150098741054535,0.9658874273300171,0.2334005981683731,0.3048880100250244
halueval-2542,halueval,0,5,0.1,0.8,0.4,0.5769356489181519,0.13590753078460693,1.0,0.2639848589897156,0.42306435108184814
halueval-4940,halueval,1,5,0.0,1.0,0.2,0.39016231894493103,0.17250065505504608,0.7102771997451782,0.20388756692409515,0.609837681055069
halueval-192,halueval,0,5,1.0,0.2,1.0,1.0,1.0,1.0,0.0,0.0
halueval-5332,halueval,1,5,0.6,0.4,0.8,0.6528682708740234,0.1321706771850586,1.0,0.42514780163764954,0.34713172912597656
halueval-58,halueval,0,5,0.6,0.4,0.8,0.7761498689651489,0.44037455320358276,1.0,0.27415934205055237,0.22385013103485107
halueval-8566,halueval,0,5,0.0,1.0,0.2,0.8167091608047485,0.6973810195922852,0.9934980869293213,0.12256485968828201,0.18329083919525146
halueval-9261,halueval,1,5,0.4,0.4,0.6,0.5704320669174194,0.2840535044670105,0.9999999403953552,0.3507406711578369,0.42956793308258057
halueval-4377,halueval,1,5,1.0,0.2,1.0,1.0,1.0,1.0,0.0,0.0
halueval-729,halueval,1,5,0.2,0.6,0.4,0.5173094868659973,0.10829226672649384,1.0,0.3483750820159912,0.4826905131340027
halueval-144,halueval,0,5,0.2,0.6,0.4,0.5412451028823853,0.29073193669319153,1.0,0.27989646792411804,0.45875489711761475
halueval-6327,halueval,1,5,1.0,0.2,1.0,1.0,1.0,1.0,0.0,0.0
halueval-8067,halueval,0,5,0.0,1.0,0.2,0.7038217782974243,0.3509269952774048,0.9775813221931458,0.16424967348575592,0.2961782217025757
halueval-4958,halueval,1,5,0.4,0.4,0.6,0.5408510565757751,0.2347518503665924,1.0,0.3748934864997864,0.45914894342422485
halueval-463,halueval,0,5,0.6,0.4,0.8,0.7619273066520691,0.45638227462768555,1.0,0.24841132760047913,0.2380726933479309
halueval-9934,halueval,1,5,1.0,0.2,1.0,0.9871951937675476,0.9679880142211914,1.0,0.015682606026530266,0.012804806232452393
halueval-1168,halueval,0,5,1.0,0.2,1.0,1.0,1.0,1.0,0.0,0.0
halueval-4119,halueval,0,5,0.3,0.6,0.6,0.45024973154067993,0.08402052521705627,1.0,0.41255903244018555,0.5497502684593201
halueval-8913,halueval,1,5,1.0,0.2,1.0,1.0,1.0,1.0,0.0,0.0
halueval-7836,halueval,0,5,0.1,0.8,0.4,0.705532431602478,0.4281293749809265,1.0,0.20578822493553162,0.294467568397522
halueval-3818,halueval,1,5,0.0,1.0,0.2,0.4651506543159485,0.12790149450302124,0.9899115562438965,0.2951238453388214,0.5348493456840515
halueval-4975,halueval,0,5,0.6,0.4,0.8,0.647710382938385,0.19088433682918549,1.0,0.3620348274707794,0.352289617061615
halueval-316,halueval,0,5,0.0,1.0,0.2,0.8298455476760864,0.6836912631988525,0.9354610443115234,0.07975980639457703,0.17015445232391357
halueval-4481,halueval,0,5,1.0,0.2,1.0,1.0,1.0,1.0,0.0,0.0
halueval-1610,halueval,1,5,0.3,0.6,0.6,0.7629575729370117,0.36716920137405396,0.9999999403953552,0.26553407311439514,0.23704242706298828
halueval-1481,halueval,0,5,0.0,1.0,0.2,0.7270187139511108,0.3751290440559387,0.9579795598983765,0.23548266291618347,0.27298128604888916
halueval-2829,halueval,1,5,1.0,0.2,1.0,1.0,1.0,1.0,0.0,0.0
halueval-2250,halueval,0,5,1.0,0.2,1.0,1.0,1.0,1.0,0.0,0.0
halueval-8791,halueval,1,5,1.0,0.2,1.0,1.0,1.0,1.0,0.0,0.0
halueval-7571,halueval,1,5,0.4,0.4,0.6,0.4789542555809021,0.13042138516902924,1.0,0.41293779015541077,0.5210457444190979
halueval-1493,halueval,0,5,0.1,0.8,0.4,0.2708984911441803,0.10356205701828003,0.9757294058799744,0.2604513168334961,0.7291015088558197
halueval-3623,halueval,1,5,0.4,0.4,0.6,0.8414925336837769,0.735821008682251,1.0,0.12942074239253998,0.15850746631622314
halueval-6157,halueval,1,5,0.1,0.8,0.4,0.4482424259185791,0.015059398487210274,1.0,0.3331112265586853,0.5517575740814209
halueval-507,halueval,0,5,0.4,0.4,0.6,0.9140315055847168,0.8567191958427429,0.9999999403953552,0.07019293308258057,0.0859684944152832
halueval-6642,halueval,1,5,1.0,0.2,1.0,0.9914871454238892,0.9787176847457886,1.0,0.01042616181075573,0.00851285457611084
halueval-4442,halueval,1,5,1.0,0.2,1.0,0.9923542737960815,0.9808858633041382,1.0,0.009363976307213306,0.007645726203918457
halueval-9927,halueval,0,5,0.6,0.4,0.8,0.8189235925674438,0.5598189830780029,1.0,0.13753993809223175,0.18107640743255615
halueval-6816,halueval,1,5,0.4,0.4,0.6,0.9534326791763306,0.9223877191543579,1.0,0.03802209720015526,0.046567320823669434
halueval-7386,halueval,1,5,0.4,0.4,0.6,0.8395968675613403,0.7326614260673523,1.0,0.1309686303138733,0.16040313243865967
halueval-9853,halueval,1,5,0.6,0.4,0.8,0.7512916922569275,0.3777156472206116,1.0,0.288177490234375,0.2487083077430725
halueval-5204,halueval,0,5,0.4,0.4,0.6,0.6442097425460815,0.40701621770858765,1.0,0.29050150513648987,0.35579025745391846
halueval-4655,halueval,1,5,1.0,0.2,1.0,0.9937860369682312,0.9844653606414795,0.9999998807907104,0.007610330358147621,0.006213963031768799
halueval-2122,halueval,0,5,0.2,0.6,0.4,0.32631924748420715,0.13282981514930725,0.9914306998252869,0.3313466012477875,0.6736807525157928
halueval-6213,halueval,1,5,0.1,0.8,0.4,0.40252965688705444,0.08863011002540588,1.0,0.34363824129104614,0.5974703431129456
halueval-1391,halueval,0,5,0.3,0.6,0.6,0.6658133864402771,0.21952103078365326,1.0,0.3538372814655304,0.3341866135597229
halueval-5364,halueval,0,5,1.0,0.2,1.0,1.0,1.0,1.0,0.0,0.0
halueval-7183,halueval,1,5,0.3,0.6,0.6,0.6707752346992493,0.4515700340270996,1.0,0.24487623572349548,0.32922476530075073
halueval-7268,halueval,1,5,0.0,1.0,0.2,0.8626643419265747,0.7458202838897705,0.9828563928604126,0.08155619353055954,0.1373356580734253
halueval-8198,halueval,1,5,0.0,1.0,0.2,0.3283233046531677,0.2115921974182129,0.5707250833511353,0.10306382924318314,0.6716766953468323
halueval-3251,halueval,1,5,0.3,0.6,0.6,0.6832073926925659,0.4551331400871277,1.0,0.22356131672859192,0.3167926073074341
halueval-4159,halueval,1,5,0.6,0.4,0.8,0.9970916509628296,0.9927293062210083,1.0,0.0035618981346488,0.00290834903717041
halueval-4873,halueval,1,5,1.0,0.2,1.0,0.9999998807907104,0.9999998807907104,0.9999998807907104,0.0,1.1920928955078125e-07
halueval-1320,halueval,1,5,1.0,0.2,1.0,1.0,1.0,1.0,0.0,0.0
truthfulqa_500_inc_1,truthfulqa,1,5,0.0,1.0,0.2,0.8138774037361145,0.7277146577835083,0.8647305369377136,0.04607442393898964,0.1861225962638855
truthfulqa_293_inc_0,truthfulqa,1,5,0.6,0.4,0.8,0.9787952303886414,0.9469881057739258,1.0,0.025970418006181717,0.021204769611358643
truthfulqa_186_corr_2,truthfulqa,0,5,0.1,0.8,0.4,0.9793497323989868,0.9606821537017822,1.0,0.011607229709625244,0.020650267601013184
truthfulqa_629_corr_1,truthfulqa,0,5,0.0,1.0,0.2,0.8484605550765991,0.7337068319320679,0.9211930632591248,0.05447137728333473,0.15153944492340088
truthfulqa_512_corr_3,truthfulqa,0,5,0.0,1.0,0.2,0.8226803541183472,0.6208677291870117,0.9571040868759155,0.13807398080825806,0.17731964588165283
truthfulqa_437_inc_2,truthfulqa,1,5,0.2,0.6,0.4,0.7327033281326294,0.6540809869766235,1.0,0.1266864687204361,0.2672966718673706
truthfulqa_550_inc_0,truthfulqa,1,5,0.1,0.8,0.4,0.3242775797843933,-0.010931795462965965,1.0,0.3742375373840332,0.6757224202156067
truthfulqa_184_corr_2,truthfulqa,0,5,0.0,1.0,0.2,0.9137629270553589,0.8829381465911865,0.9538527727127075,0.02425764873623848,0.08623707294464111
truthfulqa_518_inc_1,truthfulqa,1,5,0.6,0.4,0.8,0.7871570587158203,0.4678925573825836,1.0,0.26067835092544556,0.2128429412841797
truthfulqa_91_best,truthfulqa,0,5,0.0,1.0,0.2,0.5090014934539795,0.26442718505859375,0.8135905265808105,0.1984584778547287,0.4909985065460205
truthfulqa_654_inc_1,truthfulqa,1,5,0.0,1.0,0.2,0.7183748483657837,0.47162002325057983,0.993408203125,0.18737293779850006,0.2816251516342163
truthfulqa_117_inc_0,truthfulqa,1,5,0.0,1.0,0.2,0.9604133367538452,0.9364654421806335,0.9790725708007812,0.014148167334496975,0.039586663246154785
truthfulqa_78_corr_1,truthfulqa,0,5,0.0,1.0,0.2,0.7018129229545593,0.38160330057144165,0.9355888366699219,0.23806628584861755,0.2981870770454407
truthfulqa_292_inc_2,truthfulqa,1,5,0.0,1.0,0.2,0.5945518016815186,0.4126994013786316,0.6991171836853027,0.08834873139858246,0.40544819831848145
truthfulqa_791_best,truthfulqa,0,5,0.0,1.0,0.2,0.8380160331726074,0.7750673294067383,0.9312342405319214,0.04508635029196739,0.16198396682739258
truthfulqa_498_inc_0,truthfulqa,1,5,0.0,1.0,0.2,0.8503365516662598,0.7120912075042725,0.9247041940689087,0.06439552456140518,0.14966344833374023
truthfulqa_155_inc_0,truthfulqa,1,5,0.0,1.0,0.2,0.8225180506706238,0.6689123511314392,0.9962553977966309,0.10909426957368851,0.17748194932937622
truthfulqa_304_corr_1,truthfulqa,0,5,0.0,1.0,0.2,0.47070184350013733,0.23348930478096008,0.6752098798751831,0.15778301656246185,0.5292981564998627
truthfulqa_472_corr_2,truthfulqa,0,5,0.1,0.8,0.4,0.4868178367614746,0.22049283981323242,1.0,0.22368770837783813,0.5131821632385254
truthfulqa_630_best,truthfulqa,0,5,0.0,1.0,0.2,0.41898831725120544,0.1380499005317688,0.9338695406913757,0.2546064853668213,0.5810116827487946
truthfulqa_785_inc_2,truthfulqa,1,5,0.1,0.8,0.4,0.8679777979850769,0.7398369312286377,0.9999999403953552,0.10347328335046768,0.1320222020149231
truthfulqa_287_inc_0,truthfulqa,1,5,0.0,1.0,0.2,0.8942177891731262,0.8482433557510376,0.9482564330101013,0.030420005321502686,0.10578221082687378
truthfulqa_216_inc_1,truthfulqa,1,5,0.0,1.0,0.2,0.8271247148513794,0.6317159533500671,0.9291342496871948,0.0812702551484108,0.1728752851486206
truthfulqa_14_inc_0,truthfulqa,1,5,0.0,1.0,0.2,0.8308228254318237,0.6580560207366943,0.9902390241622925,0.11729228496551514,0.16917717456817627
truthfulqa_74_inc_3,truthfulqa,1,5,0.0,1.0,0.2,0.43724408745765686,0.12149549275636673,0.9899646639823914,0.23429101705551147,0.5627559125423431
truthfulqa_714_best,truthfulqa,0,5,0.0,1.0,0.2,0.7285793423652649,0.6079288721084595,0.8205405473709106,0.0556105375289917,0.2714206576347351
truthfulqa_6_inc_3,truthfulqa,1,5,0.0,1.0,0.2,0.7193349599838257,0.5444905757904053,0.8927286267280579,0.1269284188747406,0.2806650400161743
truthfulqa_385_inc_2,truthfulqa,1,5,0.0,1.0,0.2,0.9329365491867065,0.9153544306755066,0.9681427478790283,0.017301419749855995,0.06706345081329346
truthfulqa_548_inc_4,truthfulqa,1,5,0.1,0.8,0.4,0.4778677523136139,0.3141818642616272,0.9999999403953552,0.18616372346878052,0.5221322476863861
truthfulqa_358_inc_0,truthfulqa,1,5,0.0,1.0,0.2,0.8657791018486023,0.8253459334373474,0.9680269956588745,0.04251259192824364,0.1342208981513977
truthfulqa_468_inc_5,truthfulqa,1,5,0.0,1.0,0.2,0.878472626209259,0.8063735961914062,0.9497387409210205,0.04055360332131386,0.12152737379074097
truthfulqa_189_corr_1,truthfulqa,0,5,0.0,1.0,0.2,0.887281596660614,0.7893056869506836,0.9799641370773315,0.06771702319383621,0.11271840333938599
truthfulqa_90_inc_3,truthfulqa,1,5,0.3,0.6,0.6,0.8259257078170776,0.6664971709251404,1.0,0.13389773666858673,0.17407429218292236
truthfulqa_548_inc_1,truthfulqa,1,5,0.3,0.6,0.6,0.6351274251937866,0.3912070393562317,0.9999999403953552,0.2392709106206894,0.3648725748062134
truthfulqa_766_corr_1,truthfulqa,0,5,0.0,1.0,0.2,0.5479304790496826,0.345125287771225,0.9135344624519348,0.16111232340335846,0.4520695209503174
truthfulqa_318_corr_1,truthfulqa,0,5,0.1,0.8,0.4,0.3991548418998718,0.12543636560440063,1.0,0.3297043442726135,0.6008451581001282
truthfulqa_527_corr_1,truthfulqa,0,5,1.0,0.2,1.0,0.9999998807907104,0.9999999403953552,0.9999999403953552,5.960464477539063e-08,1.1920928955078125e-07
truthfulqa_262_best,truthfulqa,0,5,1.0,0.2,1.0,0.9999998211860657,0.9999997615814209,0.9999997615814209,5.960464477539063e-08,1.7881393432617188e-07
truthfulqa_457_inc_6,truthfulqa,1,5,0.0,1.0,0.2,0.4323866367340088,0.23237553238868713,0.7611058950424194,0.15803633630275726,0.5676133632659912
truthfulqa_256_best,truthfulqa,0,5,0.0,1.0,0.2,0.8557047843933105,0.670770525932312,0.9979502558708191,0.12991826236248016,0.14429521560668945
truthfulqa_288_inc_0,truthfulqa,1,5,0.3,0.6,0.6,0.5440919995307922,0.2353712022304535,1.0,0.3221393823623657,0.45590800046920776
truthfulqa_423_corr_2,truthfulqa,0,5,1.0,0.2,1.0,1.0,1.0,1.0,0.0,0.0
truthfulqa_435_inc_5,truthfulqa,1,5,0.3,0.6,0.6,0.6878620386123657,0.5015619993209839,1.0,0.20961426198482513,0.3121379613876343
truthfulqa_27_inc_0,truthfulqa,1,5,0.3,0.6,0.6,0.5896224975585938,0.3308037519454956,1.0,0.27545902132987976,0.41037750244140625
truthfulqa_783_inc_1,truthfulqa,1,5,0.1,0.8,0.4,0.8834803700447083,0.8113085031509399,1.0,0.06389323621988297,0.11651962995529175
truthfulqa_713_best,truthfulqa,0,5,0.0,1.0,0.2,0.7138017416000366,0.599838376045227,0.8803048729896545,0.08031948655843735,0.2861982583999634
truthfulqa_202_best,truthfulqa,0,5,0.0,1.0,0.2,0.8969460725784302,0.8610959053039551,0.9394822716712952,0.024783538654446602,0.10305392742156982
truthfulqa_811_corr_1,truthfulqa,0,5,0.1,0.8,0.4,0.8382840156555176,0.6771345138549805,0.9999999403953552,0.0877370536327362,0.16171598434448242
truthfulqa_105_corr_1,truthfulqa,0,5,0.0,1.0,0.2,0.821182906627655,0.7519452571868896,0.9268669486045837,0.0522286519408226,0.17881709337234497
truthfulqa_537_inc_1,truthfulqa,1,5,0.0,1.0,0.2,0.6268327236175537,0.35735341906547546,0.9474169015884399,0.185678631067276,0.3731672763824463
truthfulqa_377_corr_1,truthfulqa,0,5,0.0,1.0,0.2,0.8370189666748047,0.76716148853302,0.9538545608520508,0.06747192144393921,0.1629810333251953
truthfulqa_592_corr_1,truthfulqa,0,5,0.0,1.0,0.2,0.5822938680648804,0.27531903982162476,0.8967229127883911,0.23591890931129456,0.41770613193511963
truthfulqa_38_inc_0,truthfulqa,1,5,1.0,0.2,1.0,0.9714582562446594,0.9286458492279053,0.9999998807907104,0.034956194460392,0.028541743755340576
truthfulqa_116_inc_2,truthfulqa,1,5,0.0,1.0,0.2,0.8501735925674438,0.7654927968978882,0.986565351486206,0.0705781877040863,0.14982640743255615
truthfulqa_218_corr_1,truthfulqa,0,5,0.0,1.0,0.2,0.5795800089836121,0.21655145287513733,0.8750286102294922,0.2837637960910797,0.42041999101638794
truthfulqa_381_best,truthfulqa,0,5,0.0,1.0,0.2,0.8881452679634094,0.835939884185791,0.9388192892074585,0.033144183456897736,0.11185473203659058
truthfulqa_160_best,truthfulqa,0,5,1.0,0.2,1.0,1.0,1.0,1.0,0.0,0.0
truthfulqa_678_corr_1,truthfulqa,0,5,0.0,1.0,0.2,0.7628872990608215,0.6571723818778992,0.9277949333190918,0.07714822888374329,0.23711270093917847
truthfulqa_456_corr_1,truthfulqa,0,5,0.0,1.0,0.2,0.48688799142837524,0.26613038778305054,0.7067644000053406,0.11563605070114136,0.5131120085716248
truthfulqa_311_inc_2,truthfulqa,1,5,0.0,1.0,0.2,0.8572779893875122,0.737224817276001,0.9304249286651611,0.06291115283966064,0.1427220106124878
truthfulqa_45_best,truthfulqa,0,5,0.0,1.0,0.2,0.32856982946395874,0.13931982219219208,0.5647552013397217,0.15200144052505493,0.6714301705360413
truthfulqa_33_corr_3,truthfulqa,0,5,0.0,1.0,0.2,0.9647692441940308,0.9483938217163086,0.9910534620285034,0.011785135604441166,0.03523075580596924
truthfulqa_416_corr_2,truthfulqa,0,5,0.3,0.6,0.6,0.8455530405044556,0.7478030323982239,1.0,0.1047787219285965,0.15444695949554443
truthfulqa_462_best,truthfulqa,0,5,0.0,1.0,0.2,0.7238576412200928,0.3364980220794678,0.9529407024383545,0.24984000623226166,0.2761423587799072
truthfulqa_387_inc_4,truthfulqa,1,5,0.0,1.0,0.2,0.6807256937026978,0.31781136989593506,0.9110535383224487,0.22219260036945343,0.31927430629730225
truthfulqa_365_corr_4,truthfulqa,0,5,0.0,1.0,0.2,0.7869118452072144,0.7276077270507812,0.8518434762954712,0.035924896597862244,0.21308815479278564
truthfulqa_694_corr_2,truthfulqa,0,5,0.0,1.0,0.2,0.4261050224304199,0.20067453384399414,0.8930274248123169,0.2452741414308548,0.5738949775695801
truthfulqa_631_inc_2,truthfulqa,1,5,0.6,0.4,0.8,0.6403466463088989,0.17586490511894226,1.0,0.3800157308578491,0.3596533536911011
truthfulqa_770_inc_1,truthfulqa,1,5,0.0,1.0,0.2,0.8058564066886902,0.6467598676681519,0.9635418653488159,0.10670595616102219,0.19414359331130981
truthfulqa_539_best,truthfulqa,0,5,0.0,1.0,0.2,0.8347872495651245,0.7320252656936646,0.8954373598098755,0.04837501794099808,0.1652127504348755
truthfulqa_685_corr_2,truthfulqa,0,5,0.0,1.0,0.2,0.48789897561073303,0.11679322272539139,0.8189223408699036,0.2608184814453125,0.512101024389267
truthfulqa_786_inc_2,truthfulqa,1,5,0.0,1.0,0.2,0.8688880205154419,0.827775776386261,0.9322181940078735,0.03112100623548031,0.1311119794845581
truthfulqa_596_inc_5,truthfulqa,1,5,0.0,1.0,0.2,0.5676482915878296,0.32637012004852295,0.7503331899642944,0.13033610582351685,0.4323517084121704
truthfulqa_156_best,truthfulqa,0,5,0.0,1.0,0.2,0.8334242105484009,0.717864990234375,0.9227072596549988,0.07237240672111511,0.16657578945159912
truthfulqa_777_best,truthfulqa,0,5,0.0,1.0,0.2,0.7945860624313354,0.6984397768974304,0.887459397315979,0.06209234893321991,0.20541393756866455
truthfulqa_17_inc_2,truthfulqa,1,5,0.0,1.0,0.2,0.8350764513015747,0.7226595878601074,0.9372566342353821,0.07769757509231567,0.1649235486984253
truthfulqa_120_corr_1,truthfulqa,0,5,0.1,0.8,0.4,0.9473740458488464,0.9060583114624023,1.0,0.02640523761510849,0.052625954151153564
truthfulqa_506_best,truthfulqa,0,5,0.6,0.4,0.8,0.7333186268806458,0.33329659700393677,1.0,0.32661664485931396,0.26668137311935425
truthfulqa_76_best,truthfulqa,0,5,0.0,1.0,0.2,0.8549753427505493,0.7461867332458496,0.9462267160415649,0.06136568635702133,0.14502465724945068
truthfulqa_37_inc_3,truthfulqa,1,5,0.0,1.0,0.2,0.8204680681228638,0.6643220782279968,0.9988906979560852,0.12079659104347229,0.17953193187713623
truthfulqa_361_inc_1,truthfulqa,1,5,0.0,1.0,0.2,0.8658099174499512,0.7926410436630249,0.9929420948028564,0.05276991054415703,0.13419008255004883
truthfulqa_675_best,truthfulqa,0,5,0.0,1.0,0.2,0.8648487329483032,0.8040416240692139,0.9181361198425293,0.038746099919080734,0.13515126705169678
truthfulqa_517_corr_2,truthfulqa,0,5,0.0,1.0,0.2,0.765659511089325,0.4005647599697113,0.9957841634750366,0.27377551794052124,0.23434048891067505
truthfulqa_768_inc_5,truthfulqa,1,5,0.1,0.8,0.4,0.7128610610961914,0.5346664190292358,1.0,0.13653790950775146,0.2871389389038086
truthfulqa_693_inc_1,truthfulqa,1,5,0.0,1.0,0.2,0.8317952156066895,0.7060971856117249,0.9039878845214844,0.049050960689783096,0.16820478439331055
truthfulqa_77_best,truthfulqa,0,5,0.0,1.0,0.2,0.8400465846061707,0.800331711769104,0.8890793323516846,0.02836400829255581,0.15995341539382935
truthfulqa_325_corr_2,truthfulqa,0,5,0.0,1.0,0.2,0.8974429965019226,0.8125834465026855,0.9449540972709656,0.042800989001989365,0.10255700349807739
truthfulqa_462_inc_2,truthfulqa,1,5,0.0,1.0,0.2,0.9250804781913757,0.8433681726455688,0.9758427143096924,0.034598831087350845,0.07491952180862427
truthfulqa_567_inc_5,truthfulqa,1,5,0.0,1.0,0.2,0.12697188556194305,-0.059780608862638474,0.3670492172241211,0.13729643821716309,0.873028114438057
truthfulqa_487_inc_7,truthfulqa,1,5,0.0,1.0,0.2,0.571721076965332,0.34813761711120605,0.9644894599914551,0.23927481472492218,0.42827892303466797
truthfulqa_7_inc_2,truthfulqa,1,5,0.0,1.0,0.2,0.7584463357925415,0.5007380247116089,0.9510441422462463,0.17080596089363098,0.2415536642074585
truthfulqa_222_corr_1,truthfulqa,0,5,0.0,1.0,0.2,0.9352853894233704,0.891555905342102,0.9695349931716919,0.02746468409895897,0.06471461057662964
truthfulqa_101_corr_3,truthfulqa,0,5,0.4,0.4,0.6,0.6093188524246216,0.3488647937774658,1.0,0.3189897835254669,0.3906811475753784
truthfulqa_512_inc_3,truthfulqa,1,5,0.0,1.0,0.2,0.7003651261329651,0.5209692120552063,0.8781386613845825,0.13362549245357513,0.2996348738670349
truthfulqa_313_inc_4,truthfulqa,1,5,0.0,1.0,0.2,0.4646354615688324,0.16563564538955688,0.8646634817123413,0.25317609310150146,0.5353645384311676
truthfulqa_18_corr_5,truthfulqa,0,5,0.0,1.0,0.2,0.8471862077713013,0.7371273040771484,0.9646599888801575,0.07732697576284409,0.15281379222869873
truthfulqa_53_best,truthfulqa,0,5,0.0,1.0,0.2,0.8708276748657227,0.8156337738037109,0.9348320960998535,0.039421286433935165,0.12917232513427734
truthfulqa_191_best,truthfulqa,0,5,0.0,1.0,0.2,0.7744240760803223,0.6251344680786133,0.9104244709014893,0.07815863192081451,0.22557592391967773
truthfulqa_563_inc_5,truthfulqa,1,5,0.3,0.6,0.6,0.7415875196456909,0.546054482460022,1.0,0.1747412532567978,0.2584124803543091
truthfulqa_323_corr_2,truthfulqa,0,5,0.0,1.0,0.2,0.8186463117599487,0.6721383333206177,0.9671207070350647,0.09241204708814621,0.18135368824005127
truthfulqa_501_inc_4,truthfulqa,1,5,0.0,1.0,0.2,0.18932174146175385,0.05046303570270538,0.29190751910209656,0.07043680548667908,0.8106782585382462
truthfulqa_309_corr_3,truthfulqa,0,5,0.0,1.0,0.2,0.910094141960144,0.8594846725463867,0.9905200004577637,0.03902909532189369,0.08990585803985596
truthfulqa_345_inc_3,truthfulqa,1,5,0.0,1.0,0.2,0.9572275876998901,0.9307534694671631,0.9956265687942505,0.025553639978170395,0.04277241230010986
truthfulqa_329_inc_1,truthfulqa,1,5,1.0,0.2,1.0,0.9733138084411621,0.9332846999168396,0.9999998807907104,0.03268362954258919,0.02668619155883789
truthfulqa_613_corr_1,truthfulqa,0,5,0.1,0.8,0.4,0.7189780473709106,0.5090537667274475,0.9999998807907104,0.1693742573261261,0.28102195262908936
truthfulqa_576_corr_2,truthfulqa,0,5,0.1,0.8,0.4,0.6685133576393127,0.47568920254707336,1.0,0.14021120965480804,0.33148664236068726
truthfulqa_621_corr_1,truthfulqa,0,5,0.0,1.0,0.2,0.8996754884719849,0.7755276560783386,0.9883220195770264,0.08790259063243866,0.10032451152801514
truthfulqa_549_inc_4,truthfulqa,1,5,0.0,1.0,0.2,0.5848305225372314,0.4742664396762848,0.7968127131462097,0.10303589701652527,0.41516947746276855
truthfulqa_366_corr_1,truthfulqa,0,5,0.1,0.8,0.4,0.8665885925292969,0.7775090932846069,1.0,0.06499363481998444,0.13341140747070312
truthfulqa_136_inc_2,truthfulqa,1,5,0.1,0.8,0.4,0.630588710308075,0.47424954175949097,1.0,0.20253141224384308,0.36941128969192505
truthfulqa_581_corr_1,truthfulqa,0,5,0.1,0.8,0.4,0.21846190094947815,-0.03976905345916748,1.0,0.3219028413295746,0.7815380990505219
truthfulqa_344_inc_2,truthfulqa,1,5,0.0,1.0,0.2,0.8335665464401245,0.5835966467857361,0.9974797964096069,0.19520451128482819,0.1664334535598755
truthfulqa_228_corr_2,truthfulqa,0,5,0.0,1.0,0.2,0.939487099647522,0.9093489050865173,0.9626690149307251,0.016055649146437645,0.06051290035247803
truthfulqa_62_corr_4,truthfulqa,0,5,0.0,1.0,0.2,0.6415101289749146,0.3723950982093811,0.9693519473075867,0.16344262659549713,0.35848987102508545
truthfulqa_642_best,truthfulqa,0,5,0.0,1.0,0.2,0.8648313283920288,0.7828949689865112,0.9487397074699402,0.059196315705776215,0.1351686716079712
truthfulqa_62_best,truthfulqa,0,5,0.1,0.8,0.4,0.5346749424934387,0.3567279577255249,1.0,0.1745998114347458,0.4653250575065613
truthfulqa_538_inc_6,truthfulqa,1,5,0.0,1.0,0.2,0.7921403646469116,0.6267691850662231,0.988788902759552,0.12944766879081726,0.20785963535308838
truthfulqa_52_corr_0,truthfulqa,0,5,0.0,1.0,0.2,0.7496838569641113,0.6989313364028931,0.8744730949401855,0.04902833327651024,0.25031614303588867
truthfulqa_531_corr_2,truthfulqa,0,5,1.0,0.2,1.0,0.9797527194023132,0.9493821859359741,0.9999999403953552,0.024797534570097923,0.020247280597686768
truthfulqa_63_inc_0,truthfulqa,1,5,0.0,1.0,0.2,0.40757665038108826,0.031730808317661285,0.9093066453933716,0.22625283896923065,0.5924233496189117
truthfulqa_44_inc_2,truthfulqa,1,5,0.0,1.0,0.2,0.40850600600242615,0.14170527458190918,0.6847863793373108,0.1734849214553833,0.5914939939975739
truthfulqa_533_inc_0,truthfulqa,1,5,0.1,0.8,0.4,0.6511939764022827,0.3877406716346741,1.0,0.188893124461174,0.3488060235977173
truthfulqa_321_inc_2,truthfulqa,1,5,0.0,1.0,0.2,0.7015365362167358,0.5104019641876221,0.9332724809646606,0.13254395127296448,0.29846346378326416
truthfulqa_163_corr_1,truthfulqa,0,5,0.3,0.6,0.6,0.8685042262077332,0.7686938643455505,1.0,0.09561239928007126,0.13149577379226685
truthfulqa_776_corr_1,truthfulqa,0,5,0.0,1.0,0.2,0.5813673734664917,0.09290626645088196,0.93833327293396,0.39176085591316223,0.4186326265335083
truthfulqa_574_inc_8,truthfulqa,1,5,0.2,0.6,0.4,0.7308126091957092,0.6323024034500122,1.0,0.1343034952878952,0.26918739080429077
truthfulqa_399_inc_0,truthfulqa,1,5,0.0,1.0,0.2,0.8744871020317078,0.803364634513855,0.9487376809120178,0.04321000352501869,0.12551289796829224
truthfulqa_491_inc_5,truthfulqa,1,5,0.0,1.0,0.2,0.5285148620605469,0.09058094769716263,0.8853409886360168,0.2839130163192749,0.4714851379394531
truthfulqa_280_inc_1,truthfulqa,1,5,0.0,1.0,0.2,0.9080455899238586,0.8550913333892822,0.9916542768478394,0.04315610229969025,0.09195441007614136
truthfulqa_789_corr_2,truthfulqa,0,5,0.0,1.0,0.2,0.8907996416091919,0.8513514399528503,0.9552922248840332,0.031569644808769226,0.1092003583908081
truthfulqa_582_inc_6,truthfulqa,1,5,0.0,1.0,0.2,0.41758131980895996,0.13258938491344452,0.921879768371582,0.28882670402526855,0.58241868019104
truthfulqa_683_best,truthfulqa,0,5,0.1,0.8,0.4,0.8670399785041809,0.760528028011322,1.0,0.07829155027866364,0.1329600214958191
truthfulqa_227_inc_2,truthfulqa,1,5,0.1,0.8,0.4,0.9610487818717957,0.9076690673828125,1.0,0.02821507304906845,0.038951218128204346
truthfulqa_300_inc_6,truthfulqa,1,5,0.0,1.0,0.2,0.579975426197052,0.11596882343292236,0.9738845825195312,0.3632564842700958,0.420024573802948
truthfulqa_81_corr_2,truthfulqa,0,5,0.0,1.0,0.2,0.373494416475296,0.12812252342700958,0.7924131751060486,0.1751684546470642,0.626505583524704
truthfulqa_11_corr_2,truthfulqa,0,5,1.0,0.2,1.0,0.9633985757827759,0.9084964990615845,1.0,0.04482737556099892,0.03660142421722412
truthfulqa_368_best,truthfulqa,0,5,0.0,1.0,0.2,0.5493089556694031,0.3733070492744446,0.7252302169799805,0.10531040281057358,0.4506910443305969
truthfulqa_72_best,truthfulqa,0,5,0.3,0.6,0.6,0.9352893829345703,0.8558864593505859,1.0,0.05883269011974335,0.06471061706542969
truthfulqa_760_inc_3,truthfulqa,1,5,0.0,1.0,0.2,0.7770267724990845,0.6800475716590881,0.8906056880950928,0.0673021674156189,0.22297322750091553
truthfulqa_68_corr_1,truthfulqa,0,5,0.0,1.0,0.2,0.8588413000106812,0.7750760316848755,0.9368424415588379,0.06109211593866348,0.14115869998931885
truthfulqa_269_inc_1,truthfulqa,1,5,0.0,1.0,0.2,0.6322612762451172,0.4638746678829193,0.8705286979675293,0.11891239136457443,0.3677387237548828
truthfulqa_461_corr_1,truthfulqa,0,5,0.0,1.0,0.2,0.6541730165481567,0.4353654682636261,0.8661884069442749,0.15241403877735138,0.34582698345184326
truthfulqa_359_inc_0,truthfulqa,1,5,0.0,1.0,0.2,0.5732060074806213,0.1512635499238968,0.9448427557945251,0.2645304799079895,0.42679399251937866
truthfulqa_778_corr_1,truthfulqa,0,5,0.0,1.0,0.2,0.948355495929718,0.9182203412055969,0.9845086336135864,0.020945079624652863,0.05164450407028198
truthfulqa_79_corr_1,truthfulqa,0,5,0.0,1.0,0.2,0.9595493078231812,0.9338467121124268,0.9893805384635925,0.019807519391179085,0.04045069217681885
truthfulqa_138_inc_1,truthfulqa,1,5,0.1,0.8,0.4,0.5074821710586548,0.28449130058288574,1.0,0.2020484209060669,0.4925178289413452
truthfulqa_533_best,truthfulqa,0,5,0.1,0.8,0.4,0.5321410298347473,0.37607431411743164,0.9999999403953552,0.18423162400722504,0.4678589701652527
truthfulqa_469_inc_4,truthfulqa,1,5,0.0,1.0,0.2,0.773465096950531,0.6449924111366272,0.9210655689239502,0.08734286576509476,0.226534903049469
truthfulqa_358_corr_4,truthfulqa,0,5,0.1,0.8,0.4,0.8691283464431763,0.792000412940979,1.0,0.06341171264648438,0.13087165355682373
truthfulqa_317_inc_1,truthfulqa,1,5,0.2,0.6,0.4,0.7750653624534607,0.6614474058151245,1.0,0.11743664741516113,0.2249346375465393
truthfulqa_147_inc_3,truthfulqa,1,5,0.3,0.6,0.6,0.6046074628829956,0.32921937108039856,1.0,0.2683705985546112,0.3953925371170044
truthfulqa_126_inc_2,truthfulqa,1,5,0.0,1.0,0.2,0.3596714437007904,0.19405058026313782,0.7759332656860352,0.17096777260303497,0.6403285562992096
truthfulqa_40_inc_6,truthfulqa,1,5,0.0,1.0,0.2,0.7217234373092651,0.5652579665184021,0.8759362697601318,0.09537000209093094,0.27827656269073486
truthfulqa_10_inc_1,truthfulqa,1,5,1.0,0.2,1.0,1.0,1.0,1.0,0.0,0.0
truthfulqa_729_corr_1,truthfulqa,0,5,0.1,0.8,0.4,0.8660006523132324,0.776274561882019,1.0,0.07782682031393051,0.13399934768676758
truthfulqa_443_inc_2,truthfulqa,1,5,0.4,0.4,0.6,0.7627442479133606,0.6049355268478394,1.0,0.1819186955690384,0.2372557520866394
truthfulqa_519_inc_3,truthfulqa,1,5,0.1,0.8,0.4,0.5344573259353638,0.2794789671897888,1.0,0.20896680653095245,0.46554267406463623
truthfulqa_264_corr_1,truthfulqa,0,5,0.0,1.0,0.2,0.23209087550640106,-0.01599961332976818,0.5848679542541504,0.18870212137699127,0.7679091244935989
truthfulqa_535_corr_1,truthfulqa,0,5,0.0,1.0,0.2,0.7456198930740356,0.6219213008880615,0.8987762928009033,0.08876525610685349,0.25438010692596436
truthfulqa_754_best,truthfulqa,0,5,0.0,1.0,0.2,0.45146065950393677,0.28890708088874817,0.7928575277328491,0.16661183536052704,0.5485393404960632
truthfulqa_451_best,truthfulqa,0,5,0.0,1.0,0.2,0.9219353795051575,0.8652461767196655,0.9801110029220581,0.043834906071424484,0.07806462049484253
truthfulqa_447_corr_1,truthfulqa,0,5,0.6,0.4,0.8,0.8862784504890442,0.7156961560249329,1.0,0.13927987217903137,0.11372154951095581
truthfulqa_32_inc_3,truthfulqa,1,5,0.0,1.0,0.2,0.6816331148147583,0.5777287483215332,0.774336576461792,0.06561879813671112,0.3183668851852417
truthfulqa_185_inc_2,truthfulqa,1,5,0.0,1.0,0.2,0.833258330821991,0.720394492149353,0.9173548817634583,0.06296347826719284,0.16674166917800903
truthfulqa_715_best,truthfulqa,0,5,0.0,1.0,0.2,0.8139057159423828,0.7134722471237183,0.8950542211532593,0.050660811364650726,0.1860942840576172
truthfulqa_347_corr_4,truthfulqa,0,5,0.0,1.0,0.2,0.8569130897521973,0.7542542219161987,0.9658987522125244,0.07144370675086975,0.14308691024780273
truthfulqa_704_inc_2,truthfulqa,1,5,0.1,0.8,0.4,0.6845287084579468,0.5821501612663269,1.0,0.1306074857711792,0.3154712915420532
truthfulqa_613_inc_2,truthfulqa,1,5,0.0,1.0,0.2,0.7083193063735962,0.509053647518158,0.845391035079956,0.11726822704076767,0.2916806936264038
truthfulqa_79_inc_3,truthfulqa,1,5,0.0,1.0,0.2,0.8398273587226868,0.7318191528320312,0.9479637145996094,0.07231678068637848,0.16017264127731323
truthfulqa_67_corr_1,truthfulqa,0,5,0.0,1.0,0.2,0.7359654903411865,0.588381290435791,0.8881792426109314,0.09166089445352554,0.2640345096588135
truthfulqa_122_corr_0,truthfulqa,0,5,0.0,1.0,0.2,0.5094738006591797,0.19354045391082764,0.7693212032318115,0.19388994574546814,0.4905261993408203
truthfulqa_368_inc_2,truthfulqa,1,5,0.0,1.0,0.2,0.5395081639289856,0.2947276830673218,0.7869800329208374,0.17275021970272064,0.4604918360710144
truthfulqa_332_corr_2,truthfulqa,0,5,0.0,1.0,0.2,0.43959927558898926,0.1501103639602661,0.7444553375244141,0.19984585046768188,0.5604007244110107
truthfulqa_637_corr_2,truthfulqa,0,5,0.0,1.0,0.2,0.8130712509155273,0.7067621946334839,0.9184708595275879,0.07046136260032654,0.18692874908447266
truthfulqa_632_corr_1,truthfulqa,0,5,0.1,0.8,0.4,0.41865020990371704,0.16042202711105347,1.0,0.29341885447502136,0.581349790096283
truthfulqa_597_best,truthfulqa,0,5,0.0,1.0,0.2,0.3035059869289398,0.08155182003974915,0.5437027812004089,0.16376572847366333,0.6964940130710602
truthfulqa_119_inc_0,truthfulqa,1,5,0.0,1.0,0.2,0.8532791137695312,0.7808947563171387,0.9186621308326721,0.04716021940112114,0.14672088623046875
truthfulqa_342_best,truthfulqa,0,5,0.0,1.0,0.2,0.8314462900161743,0.6375522613525391,0.9731770753860474,0.11035607010126114,0.16855370998382568
truthfulqa_554_corr_2,truthfulqa,0,5,0.0,1.0,0.2,0.6117691993713379,0.15908056497573853,0.9612946510314941,0.31441184878349304,0.3882308006286621
truthfulqa_487_inc_0,truthfulqa,1,5,0.0,1.0,0.2,0.6336287260055542,0.4046565890312195,0.8708203434944153,0.16030822694301605,0.3663712739944458
truthfulqa_799_best,truthfulqa,0,5,0.0,1.0,0.2,0.37348639965057373,0.025575080886483192,0.6902916431427002,0.21298566460609436,0.6265136003494263
truthfulqa_329_corr_3,truthfulqa,0,5,1.0,0.2,1.0,0.9733138084411621,0.9332846999168396,0.9999998807907104,0.03268362954258919,0.02668619155883789
truthfulqa_490_corr_1,truthfulqa,0,5,0.0,1.0,0.2,0.5368913412094116,0.2647569179534912,0.9264541864395142,0.20586290955543518,0.4631086587905884
truthfulqa_45_corr_0,truthfulqa,0,5,0.0,1.0,0.2,0.4612557291984558,0.22369912266731262,0.7032403349876404,0.14013542234897614,0.5387442708015442
truthfulqa_266_inc_1,truthfulqa,1,5,0.3,0.6,0.6,0.9868842959403992,0.9677408933639526,1.0,0.01233781035989523,0.01311570405960083
truthfulqa_787_inc_3,truthfulqa,1,5,0.0,1.0,0.2,0.7812234163284302,0.6393029689788818,0.9825273752212524,0.09067490696907043,0.21877658367156982
truthfulqa_109_inc_2,truthfulqa,1,5,0.1,0.8,0.4,0.8720796704292297,0.8028647899627686,1.0,0.0761985033750534,0.12792032957077026
truthfulqa_557_corr_2,truthfulqa,0,5,0.0,1.0,0.2,0.7995036840438843,0.6922380924224854,0.9147526621818542,0.06314657628536224,0.20049631595611572
truthfulqa_381_inc_1,truthfulqa,1,5,0.0,1.0,0.2,0.7210913300514221,0.3975200653076172,0.9312484264373779,0.2241019904613495,0.2789086699485779
truthfulqa_813_inc_4,truthfulqa,1,5,0.0,1.0,0.2,0.5736509561538696,0.09337623417377472,0.9579721093177795,0.3212871849536896,0.42634904384613037
truthfulqa_572_best,truthfulqa,0,5,0.4,0.4,0.6,0.7779992818832397,0.6092077493667603,1.0,0.16947409510612488,0.22200071811676025
truthfulqa_674_inc_3,truthfulqa,1,5,0.3,0.6,0.6,0.511276364326477,0.24419385194778442,1.0,0.2811194658279419,0.48872363567352295
truthfulqa_357_inc_1,truthfulqa,1,5,0.0,1.0,0.2,0.5376999974250793,0.14305555820465088,0.8783125877380371,0.27090147137641907,0.46230000257492065
truthfulqa_168_inc_0,truthfulqa,1,5,0.0,1.0,0.2,0.5556472539901733,0.17929044365882874,0.9318355321884155,0.2691739797592163,0.44435274600982666
truthfulqa_314_inc_3,truthfulqa,1,5,0.0,1.0,0.2,0.6149328947067261,0.10103797167539597,0.9688697457313538,0.4110722541809082,0.3850671052932739
truthfulqa_787_corr_1,truthfulqa,0,5,0.0,1.0,0.2,0.8547857403755188,0.7721017599105835,0.9293927550315857,0.05830749496817589,0.1452142596244812
truthfulqa_114_inc_3,truthfulqa,1,5,0.4,0.4,0.6,0.8430569767951965,0.7384282946586609,1.0,0.12814344465732574,0.15694302320480347
truthfulqa_212_corr_2,truthfulqa,0,5,0.0,1.0,0.2,0.754098117351532,0.6112278699874878,0.9584956169128418,0.1334904581308365,0.24590188264846802
truthfulqa_341_inc_1,truthfulqa,1,5,0.1,0.8,0.4,0.87481290102005,0.7795026302337646,1.0,0.07900413125753403,0.12518709897994995
truthfulqa_646_best,truthfulqa,0,5,0.3,0.6,0.6,0.9938455820083618,0.9812443256378174,1.0,0.0057438695803284645,0.006154417991638184
truthfulqa_559_inc_2,truthfulqa,1,5,0.6,0.4,0.8,0.8482583165168762,0.6811569929122925,1.0,0.12610048055648804,0.15174168348312378
truthfulqa_392_corr_1,truthfulqa,0,5,0.0,1.0,0.2,0.8474000096321106,0.7991964817047119,0.9440320730209351,0.042007483541965485,0.1525999903678894
truthfulqa_332_best,truthfulqa,0,5,0.0,1.0,0.2,0.5332993268966675,0.33570021390914917,0.7344361543655396,0.1289423257112503,0.4667006731033325
truthfulqa_349_corr_1,truthfulqa,0,5,0.0,1.0,0.2,0.9191120862960815,0.8841695785522461,0.9644910097122192,0.02841481752693653,0.08088791370391846
truthfulqa_575_inc_6,truthfulqa,1,5,0.4,0.4,0.6,0.9754226803779602,0.9590377807617188,1.0,0.020067306235432625,0.024577319622039795
truthfulqa_467_inc_0,truthfulqa,1,5,0.0,1.0,0.2,0.8893817067146301,0.8313711285591125,0.9572305679321289,0.03778385370969772,0.11061829328536987
truthfulqa_308_corr_2,truthfulqa,0,5,0.0,1.0,0.2,0.8097320795059204,0.6321350932121277,0.9431158304214478,0.08282123506069183,0.1902679204940796
truthfulqa_443_best,truthfulqa,0,5,0.4,0.4,0.6,0.7544703483581543,0.6049355268478394,1.0,0.17618925869464874,0.2455296516418457
truthfulqa_424_corr_1,truthfulqa,0,5,1.0,0.2,1.0,1.0,1.0,1.0,0.0,0.0
truthfulqa_369_inc_2,truthfulqa,1,5,0.0,1.0,0.2,0.8527714014053345,0.8186730146408081,0.9047375321388245,0.025376515462994576,0.14722859859466553
truthfulqa_115_corr_1,truthfulqa,0,5,0.1,0.8,0.4,0.6295105218887329,0.43333613872528076,1.0,0.1856047660112381,0.3704894781112671
truthfulqa_547_inc_0,truthfulqa,1,5,0.1,0.8,0.4,0.3335019648075104,0.18059203028678894,0.953046977519989,0.21827518939971924,0.6664980351924896
truthfulqa_546_inc_0,truthfulqa,1,5,0.0,1.0,0.2,0.861241340637207,0.7621346712112427,0.9562026262283325,0.057734616100788116,0.13875865936279297
truthfulqa_222_inc_3,truthfulqa,1,5,0.0,1.0,0.2,0.8982098698616028,0.8338908553123474,0.9730271100997925,0.050599273294210434,0.10179013013839722
truthfulqa_331_corr_3,truthfulqa,0,5,0.0,1.0,0.2,0.9272376894950867,0.8597167134284973,0.990824818611145,0.043405190110206604,0.07276231050491333
truthfulqa_124_corr_0,truthfulqa,0,5,0.0,1.0,0.2,0.9152469635009766,0.8879494667053223,0.9396657943725586,0.01756761223077774,0.08475303649902344
truthfulqa_505_inc_4,truthfulqa,1,5,0.0,1.0,0.2,0.1734444797039032,0.09211914241313934,0.42609527707099915,0.09599750488996506,0.8265555202960968
truthfulqa_179_corr_2,truthfulqa,0,5,0.0,1.0,0.2,0.4544105529785156,0.12165291607379913,0.8769810199737549,0.26649925112724304,0.5455894470214844
truthfulqa_700_inc_0,truthfulqa,1,5,0.0,1.0,0.2,0.9040759801864624,0.8749270439147949,0.9325445890426636,0.01577233523130417,0.0959240198135376
truthfulqa_624_best,truthfulqa,0,5,0.0,1.0,0.2,0.38621756434440613,0.19453877210617065,0.6031204462051392,0.13602517545223236,0.6137824356555939
truthfulqa_281_inc_5,truthfulqa,1,5,0.0,1.0,0.2,0.8343349695205688,0.7566277980804443,0.9401691555976868,0.05945025011897087,0.16566503047943115
truthfulqa_69_inc_2,truthfulqa,1,5,0.0,1.0,0.2,0.7523847818374634,0.5783792734146118,0.882135272026062,0.0932544469833374,0.24761521816253662
truthfulqa_24_corr_1,truthfulqa,0,5,0.0,1.0,0.2,0.8203040957450867,0.6427663564682007,0.9318006038665771,0.08241157978773117,0.17969590425491333
truthfulqa_549_best,truthfulqa,0,5,0.0,1.0,0.2,0.8063398599624634,0.6785156726837158,0.9218437671661377,0.06679414957761765,0.19366014003753662
truthfulqa_237_corr_1,truthfulqa,0,5,0.0,1.0,0.2,0.7227050065994263,0.6095084547996521,0.8978294134140015,0.0820385068655014,0.27729499340057373
truthfulqa_474_corr_1,truthfulqa,0,5,0.6,0.4,0.8,0.9865018129348755,0.966254472732544,1.0,0.016531866043806076,0.013498187065124512
truthfulqa_455_corr_1,truthfulqa,0,5,0.0,1.0,0.2,0.9511374235153198,0.9032618999481201,0.9919265508651733,0.026336781680583954,0.048862576484680176
truthfulqa_17_corr_2,truthfulqa,0,5,0.0,1.0,0.2,0.8425034284591675,0.7751826047897339,0.971138596534729,0.07853304594755173,0.15749657154083252
truthfulqa_753_inc_0,truthfulqa,1,5,0.0,1.0,0.2,0.7822957038879395,0.6657366752624512,0.932168185710907,0.09588020294904709,0.21770429611206055
truthfulqa_276_inc_4,truthfulqa,1,5,0.0,1.0,0.2,0.9171201586723328,0.8405231833457947,0.9682848453521729,0.03391318395733833,0.08287984132766724
truthfulqa_362_inc_1,truthfulqa,1,5,0.0,1.0,0.2,0.5768036246299744,0.15914978086948395,0.8752840757369995,0.18643701076507568,0.42319637537002563
truthfulqa_769_corr_1,truthfulqa,0,5,0.0,1.0,0.2,0.5097552537918091,0.24827229976654053,0.7769306898117065,0.16599968075752258,0.4902447462081909
truthfulqa_532_best,truthfulqa,0,5,0.6,0.4,0.8,0.8645191192626953,0.6612976789474487,1.0,0.16592957079410553,0.1354808807373047
truthfulqa_241_inc_1,truthfulqa,1,5,0.0,1.0,0.2,0.9036787748336792,0.845064640045166,0.9653030633926392,0.040400296449661255,0.0963212251663208
truthfulqa_147_inc_2,truthfulqa,1,5,0.0,1.0,0.2,0.5704900622367859,0.33263418078422546,0.8210669755935669,0.1628868281841278,0.4295099377632141
truthfulqa_661_inc_3,truthfulqa,1,5,0.0,1.0,0.2,0.7338744401931763,0.6050134897232056,0.8776753544807434,0.08000475913286209,0.26612555980682373
truthfulqa_578_inc_2,truthfulqa,1,5,0.0,1.0,0.2,0.29260197281837463,0.009773973375558853,0.5996857285499573,0.20223365724086761,0.7073980271816254
truthfulqa_370_inc_2,truthfulqa,1,5,0.0,1.0,0.2,0.8570697903633118,0.8068218231201172,0.9308279156684875,0.03127187490463257,0.14293020963668823
truthfulqa_16_inc_1,truthfulqa,1,5,0.0,1.0,0.2,0.6808725595474243,0.4856279492378235,0.7966454029083252,0.10404137521982193,0.3191274404525757
truthfulqa_300_inc_1,truthfulqa,1,5,0.1,0.8,0.4,0.913783848285675,0.8323458433151245,1.0,0.06288829445838928,0.08621615171432495
truthfulqa_550_corr_2,truthfulqa,0,5,0.0,1.0,0.2,0.4294697344303131,0.099605493247509,0.7743255496025085,0.23410603404045105,0.5705302655696869
truthfulqa_374_inc_1,truthfulqa,1,5,0.0,1.0,0.2,0.7634142637252808,0.6800989508628845,0.9914580583572388,0.08837225288152695,0.23658573627471924
truthfulqa_455_inc_3,truthfulqa,1,5,0.0,1.0,0.2,0.8287245631217957,0.7444100379943848,0.9498786926269531,0.07919763028621674,0.17127543687820435
truthfulqa_11_corr_0,truthfulqa,0,5,1.0,0.2,1.0,0.9999998807907104,0.9999998807907104,0.9999998807907104,0.0,1.1920928955078125e-07
truthfulqa_679_best,truthfulqa,0,5,0.4,0.4,0.6,0.8073018193244934,0.6788363456726074,1.0,0.15733741223812103,0.1926981806755066
truthfulqa_587_corr_1,truthfulqa,0,5,0.0,1.0,0.2,0.4374343454837799,0.11372154951095581,0.8197070360183716,0.21864531934261322,0.5625656545162201
truthfulqa_191_inc_2,truthfulqa,1,5,0.0,1.0,0.2,0.7765844464302063,0.6598895788192749,0.9079180359840393,0.06691677868366241,0.2234155535697937
truthfulqa_624_inc_2,truthfulqa,1,5,0.0,1.0,0.2,0.5108050107955933,0.101324163377285,0.9589014649391174,0.3219464421272278,0.48919498920440674
truthfulqa_418_inc_0,truthfulqa,1,5,1.0,0.2,1.0,0.9700071215629578,0.9500117301940918,1.0,0.024489151313900948,0.029992878437042236
truthfulqa_406_corr_4,truthfulqa,0,5,0.0,1.0,0.2,0.8863224983215332,0.8092628121376038,0.9427529573440552,0.03954112157225609,0.1136775016784668
truthfulqa_203_inc_1,truthfulqa,1,5,0.0,1.0,0.2,0.5471807718276978,0.3537386655807495,0.7336451411247253,0.11671705543994904,0.45281922817230225
truthfulqa_316_corr_1,truthfulqa,0,5,0.0,1.0,0.2,0.8520199656486511,0.8003660440444946,0.9656469821929932,0.04777760058641434,0.14798003435134888
truthfulqa_153_inc_1,truthfulqa,1,5,0.0,1.0,0.2,0.6590021252632141,0.516855776309967,0.822812557220459,0.07618393748998642,0.3409978747367859
truthfulqa_245_corr_2,truthfulqa,0,5,0.1,0.8,0.4,0.920296847820282,0.8548540472984314,1.0,0.04356064647436142,0.07970315217971802
truthfulqa_147_inc_1,truthfulqa,1,5,0.1,0.8,0.4,0.6420314908027649,0.459980845451355,1.0,0.19588933885097504,0.3579685091972351
truthfulqa_160_inc_1,truthfulqa,1,5,0.6,0.4,0.8,0.9233160018920898,0.8082900047302246,1.0,0.0939183384180069,0.07668399810791016
truthfulqa_152_corr_0,truthfulqa,0,5,0.3,0.6,0.6,0.5510448217391968,0.2796155512332916,1.0,0.2974421977996826,0.4489551782608032
truthfulqa_118_best,truthfulqa,0,5,0.0,1.0,0.2,0.8318161964416504,0.7248348593711853,0.9184550046920776,0.06583395600318909,0.1681838035583496
truthfulqa_511_inc_2,truthfulqa,1,5,0.0,1.0,0.2,0.8090278506278992,0.7507985830307007,0.8523982763290405,0.032547932118177414,0.19097214937210083
truthfulqa_735_inc_0,truthfulqa,1,5,0.0,1.0,0.2,0.9446460008621216,0.9117622375488281,0.9692727327346802,0.01742197386920452,0.05535399913787842
truthfulqa_474_inc_1,truthfulqa,1,5,0.1,0.8,0.4,0.9708946943283081,0.9488183259963989,1.0,0.015608074143528938,0.029105305671691895
truthfulqa_363_corr_2,truthfulqa,0,5,0.0,1.0,0.2,0.6489036083221436,0.42878562211990356,0.9113749861717224,0.1468612253665924,0.35109639167785645
truthfulqa_316_best,truthfulqa,0,5,0.0,1.0,0.2,0.79156494140625,0.6820560097694397,0.8782800436019897,0.06090950220823288,0.20843505859375
truthfulqa_493_inc_0,truthfulqa,1,5,0.0,1.0,0.2,0.4514234662055969,-0.030521715059876442,0.8191797733306885,0.3679156005382538,0.5485765337944031
truthfulqa_34_inc_4,truthfulqa,1,5,0.1,0.8,0.4,0.8978217840194702,0.8655074238777161,1.0,0.038758356124162674,0.10217821598052979
truthfulqa_338_inc_2,truthfulqa,1,5,0.0,1.0,0.2,0.9340125918388367,0.866100013256073,0.9692587852478027,0.036327261477708817,0.06598740816116333
truthfulqa_330_corr_2,truthfulqa,0,5,0.1,0.8,0.4,0.6435207724571228,0.3983544707298279,1.0,0.27050280570983887,0.3564792275428772
truthfulqa_236_corr_3,truthfulqa,0,5,0.0,1.0,0.2,0.7883187532424927,0.6167043447494507,0.9023051261901855,0.0925413966178894,0.21168124675750732
truthfulqa_438_inc_2,truthfulqa,1,5,0.6,0.4,0.8,0.9465464353561401,0.8709219694137573,1.0,0.06037316471338272,0.05345356464385986
truthfulqa_115_inc_1,truthfulqa,1,5,0.1,0.8,0.4,0.5953019857406616,0.35890454053878784,0.9999997615814209,0.21155986189842224,0.4046980142593384
truthfulqa_658_best,truthfulqa,0,5,0.0,1.0,0.2,0.4897598326206207,0.23955588042736053,0.8332712650299072,0.2168000489473343,0.5102401673793793
truthfulqa_297_corr_2,truthfulqa,0,5,0.0,1.0,0.2,0.757571280002594,0.5953280925750732,0.9068909883499146,0.10441036522388458,0.242428719997406
truthfulqa_796_best,truthfulqa,0,5,0.0,1.0,0.2,0.44735580682754517,0.26144644618034363,0.7494379281997681,0.18369118869304657,0.5526441931724548
truthfulqa_619_inc_0,truthfulqa,1,5,0.0,1.0,0.2,0.8058508038520813,0.6489862203598022,0.9784016609191895,0.11232680082321167,0.1941491961479187
truthfulqa_469_inc_1,truthfulqa,1,5,0.0,1.0,0.2,0.8490225076675415,0.7149218320846558,0.9557701349258423,0.09840527921915054,0.1509774923324585
truthfulqa_627_inc_1,truthfulqa,1,5,0.0,1.0,0.2,0.30866876244544983,0.1177678257226944,0.5252695083618164,0.1121927872300148,0.6913312375545502
truthfulqa_692_inc_1,truthfulqa,1,5,0.0,1.0,0.2,0.786580502986908,0.6602728366851807,0.9400181174278259,0.1005358099937439,0.21341949701309204
truthfulqa_287_inc_2,truthfulqa,1,5,0.0,1.0,0.2,0.9495083689689636,0.9221080541610718,0.9742467403411865,0.015686986967921257,0.05049163103103638
truthfulqa_36_corr_3,truthfulqa,0,5,0.6,0.4,0.8,0.9981564283370972,0.9953911900520325,1.0,0.0022578465286642313,0.001843571662902832
truthfulqa_589_inc_0,truthfulqa,1,5,0.1,0.8,0.4,0.29129526019096375,0.08643380552530289,0.9874605536460876,0.2924048900604248,0.7087047398090363
truthfulqa_317_inc_2,truthfulqa,1,5,0.0,1.0,0.2,0.5234778523445129,0.18200801312923431,0.9000573754310608,0.2761503756046295,0.47652214765548706
truthfulqa_660_inc_2,truthfulqa,1,5,0.0,1.0,0.2,0.8587528467178345,0.7307291030883789,0.994168221950531,0.07359182834625244,0.14124715328216553
truthfulqa_456_inc_1,truthfulqa,1,5,0.0,1.0,0.2,0.6569862961769104,0.5046768188476562,0.8079792261123657,0.09335706382989883,0.3430137038230896
truthfulqa_102_corr_3,truthfulqa,0,5,0.4,0.4,0.6,0.9525564312934875,0.9209274053573608,1.0,0.038737501949071884,0.04744356870651245
truthfulqa_56_corr_2,truthfulqa,0,5,0.0,1.0,0.2,0.847862720489502,0.8045423030853271,0.9260421395301819,0.036308541893959045,0.15213727951049805
truthfulqa_804_best,truthfulqa,0,5,0.0,1.0,0.2,0.4317843019962311,0.18370985984802246,0.7086561918258667,0.1681315153837204,0.5682156980037689
truthfulqa_362_corr_2,truthfulqa,0,5,0.0,1.0,0.2,0.5985901355743408,0.2503643333911896,0.83934086561203,0.17347727715969086,0.4014098644256592
truthfulqa_190_inc_1,truthfulqa,1,5,0.0,1.0,0.2,0.8413912653923035,0.7336854934692383,0.9955431222915649,0.07139062881469727,0.15860873460769653
truthfulqa_785_best,truthfulqa,0,5,0.0,1.0,0.2,0.9022958874702454,0.7814522981643677,0.9962987899780273,0.09477322548627853,0.09770411252975464
truthfulqa_205_inc_1,truthfulqa,1,5,1.0,0.2,1.0,1.0,1.0,1.0,0.0,0.0
truthfulqa_75_corr_3,truthfulqa,0,5,0.0,1.0,0.2,0.9106879234313965,0.8579676151275635,0.9779717326164246,0.03789855167269707,0.08931207656860352
truthfulqa_588_inc_3,truthfulqa,1,5,0.0,1.0,0.2,0.8467523455619812,0.7218250036239624,0.9978469014167786,0.0750129446387291,0.1532476544380188
truthfulqa_410_best,truthfulqa,0,5,0.0,1.0,0.2,0.9235365986824036,0.8595802783966064,0.9797232151031494,0.04618888720870018,0.07646340131759644
truthfulqa_68_inc_2,truthfulqa,1,5,0.0,1.0,0.2,0.7353953123092651,0.5649914145469666,0.9334847927093506,0.10469870269298553,0.26460468769073486
truthfulqa_319_inc_2,truthfulqa,1,5,0.0,1.0,0.2,0.7929106950759888,0.7238122224807739,0.9287940263748169,0.06078984960913658,0.20708930492401123
truthfulqa_593_inc_4,truthfulqa,1,5,0.0,1.0,0.2,0.42735958099365234,-0.0527191162109375,0.8348479866981506,0.37498679757118225,0.5726404190063477
truthfulqa_35_inc_3,truthfulqa,1,5,0.0,1.0,0.2,0.6773570775985718,0.5321998000144958,0.9022713899612427,0.12963691353797913,0.3226429224014282
truthfulqa_169_inc_1,truthfulqa,1,5,0.3,0.6,0.6,0.5213814973831177,0.13978219032287598,1.0,0.353738933801651,0.4786185026168823
truthfulqa_600_inc_0,truthfulqa,1,5,0.0,1.0,0.2,0.3477734625339508,0.00016709091141819954,0.7152419090270996,0.24427135288715363,0.6522265374660492
truthfulqa_777_inc_2,truthfulqa,1,5,0.0,1.0,0.2,0.8080791234970093,0.7157196998596191,0.9433952569961548,0.06642133742570877,0.19192087650299072
truthfulqa_123_best,truthfulqa,0,5,0.0,1.0,0.2,0.6052145957946777,0.3920513689517975,0.9196702837944031,0.16112253069877625,0.39478540420532227
truthfulqa_476_corr_2,truthfulqa,0,5,0.0,1.0,0.2,0.6279880404472351,0.39764583110809326,0.9487860798835754,0.14782416820526123,0.3720119595527649
truthfulqa_364_inc_1,truthfulqa,1,5,0.0,1.0,0.2,0.7291004061698914,0.6062758564949036,0.879790723323822,0.08761972188949585,0.27089959383010864
truthfulqa_195_inc_3,truthfulqa,1,5,0.0,1.0,0.2,0.770266056060791,0.5737834572792053,0.895810604095459,0.0906774252653122,0.22973394393920898
truthfulqa_703_corr_1,truthfulqa,0,5,0.0,1.0,0.2,0.8470504879951477,0.7493584156036377,0.9532648324966431,0.05443591624498367,0.1529495120048523
truthfulqa_190_corr_1,truthfulqa,0,5,0.0,1.0,0.2,0.8487205505371094,0.7989953756332397,0.9323107004165649,0.039927806705236435,0.15127944946289062
truthfulqa_802_inc_2,truthfulqa,1,5,0.0,1.0,0.2,0.8372524976730347,0.7790062427520752,0.9008090496063232,0.043459486216306686,0.16274750232696533
truthfulqa_278_inc_0,truthfulqa,1,5,0.1,0.8,0.4,0.9139829874038696,0.8066728115081787,0.9992006421089172,0.07685963064432144,0.08601701259613037
truthfulqa_768_best,truthfulqa,0,5,0.1,0.8,0.4,0.6890164613723755,0.5563796758651733,1.0,0.13667654991149902,0.3109835386276245
truthfulqa_348_corr_6,truthfulqa,0,5,0.0,1.0,0.2,0.7714709639549255,0.6026740074157715,0.8931518793106079,0.08606836199760437,0.22852903604507446
truthfulqa_577_corr_1,truthfulqa,0,5,0.0,1.0,0.2,0.8587247729301453,0.759175181388855,0.9656277894973755,0.06432908773422241,0.14127522706985474
truthfulqa_429_inc_0,truthfulqa,1,5,1.0,0.2,1.0,0.9539524912834167,0.923254132270813,1.0,0.037597645074129105,0.04604750871658325
truthfulqa_585_corr_1,truthfulqa,0,5,0.1,0.8,0.4,0.591067910194397,0.3239452838897705,1.0,0.22305794060230255,0.408932089805603
truthfulqa_780_corr_3,truthfulqa,0,5,0.1,0.8,0.4,0.4965266287326813,0.3904660940170288,1.0,0.1787853240966797,0.5034733712673187
truthfulqa_112_inc_0,truthfulqa,1,5,0.0,1.0,0.2,0.5217276811599731,0.2626274526119232,0.7975634336471558,0.16118387877941132,0.47827231884002686
truthfulqa_76_corr_2,truthfulqa,0,5,0.0,1.0,0.2,0.8620988130569458,0.8071103096008301,0.9426304697990417,0.04453267157077789,0.1379011869430542
truthfulqa_351_best,truthfulqa,0,5,0.0,1.0,0.2,0.8945925831794739,0.8226454854011536,0.9948291778564453,0.061292484402656555,0.10540741682052612
truthfulqa_55_inc_3,truthfulqa,1,5,0.0,1.0,0.2,0.8718735575675964,0.7959699630737305,0.9547548294067383,0.044938184320926666,0.12812644243240356
truthfulqa_399_corr_2,truthfulqa,0,5,0.0,1.0,0.2,0.8775466680526733,0.8064662218093872,0.951781153678894,0.04804445430636406,0.12245333194732666
truthfulqa_777_inc_0,truthfulqa,1,5,0.0,1.0,0.2,0.8063399195671082,0.7048075199127197,0.93327796459198,0.06699201464653015,0.19366008043289185
truthfulqa_53_inc_1,truthfulqa,1,5,0.0,1.0,0.2,0.8983117938041687,0.8549849390983582,0.9474299550056458,0.033269573003053665,0.1016882061958313
truthfulqa_451_inc_4,truthfulqa,1,5,0.0,1.0,0.2,0.942500114440918,0.8874378204345703,0.9955213069915771,0.03685806319117546,0.05749988555908203
truthfulqa_760_corr_1,truthfulqa,0,5,0.0,1.0,0.2,0.8415975570678711,0.7369913458824158,0.9125754237174988,0.046766288578510284,0.1584024429321289
truthfulqa_328_inc_2,truthfulqa,1,5,0.6,0.4,0.8,0.9177026748657227,0.7942566871643066,0.9999999403953552,0.10079319775104523,0.08229732513427734
truthfulqa_564_inc_3,truthfulqa,1,5,0.4,0.4,0.6,0.7602657675743103,0.6004430055618286,1.0,0.1957421451807022,0.2397342324256897
truthfulqa_289_inc_2,truthfulqa,1,5,0.0,1.0,0.2,0.9553815722465515,0.8988723158836365,0.994585394859314,0.040123093873262405,0.044618427753448486
truthfulqa_236_corr_1,truthfulqa,0,5,0.0,1.0,0.2,0.8932242393493652,0.8349668979644775,0.9472446441650391,0.03084694966673851,0.10677576065063477
truthfulqa_54_inc_1,truthfulqa,1,5,0.0,1.0,0.2,0.9001168012619019,0.8423341512680054,0.9363396167755127,0.028060605749487877,0.09988319873809814
truthfulqa_618_best,truthfulqa,0,5,0.1,0.8,0.4,0.8897600173950195,0.8005214929580688,1.0,0.07092063128948212,0.11023998260498047
truthfulqa_663_best,truthfulqa,0,5,0.0,1.0,0.2,0.92986661195755,0.8880702257156372,0.9946655035018921,0.02901792712509632,0.07013338804244995
truthfulqa_594_inc_4,truthfulqa,1,5,0.0,1.0,0.2,0.4272530674934387,0.09078793972730637,0.8212019205093384,0.26453471183776855,0.5727469325065613
truthfulqa_504_inc_3,truthfulqa,1,5,0.0,1.0,0.2,0.7986325621604919,0.6897697448730469,0.966036319732666,0.08836103975772858,0.20136743783950806
truthfulqa_383_inc_2,truthfulqa,1,5,0.0,1.0,0.2,0.8978265523910522,0.8592866659164429,0.9689054489135742,0.030875543132424355,0.10217344760894775
truthfulqa_576_inc_1,truthfulqa,1,5,0.3,0.6,0.6,0.7027266621589661,0.4090830683708191,1.0,0.18610993027687073,0.29727333784103394
truthfulqa_65_corr_1,truthfulqa,0,5,0.0,1.0,0.2,0.6331270933151245,0.47150933742523193,0.9366558790206909,0.13033075630664825,0.3668729066848755
truthfulqa_181_inc_2,truthfulqa,1,5,0.0,1.0,0.2,0.871725857257843,0.764119029045105,0.943644642829895,0.05118637904524803,0.12827414274215698
truthfulqa_610_best,truthfulqa,0,5,0.0,1.0,0.2,0.6847332119941711,0.5943860411643982,0.8569397926330566,0.07661698013544083,0.31526678800582886
truthfulqa_751_corr_2,truthfulqa,0,5,0.0,1.0,0.2,0.8087862133979797,0.7429713010787964,0.9036868214607239,0.048838406801223755,0.19121378660202026
truthfulqa_519_corr_1,truthfulqa,0,5,0.1,0.8,0.4,0.5190523862838745,0.18720270693302155,0.9459118247032166,0.2466394305229187,0.4809476137161255
truthfulqa_73_corr_1,truthfulqa,0,5,0.1,0.8,0.4,0.574682891368866,0.3222104012966156,0.9999998807907104,0.2725105583667755,0.42531710863113403
truthfulqa_471_corr_1,truthfulqa,0,5,0.3,0.6,0.6,0.6752519607543945,0.24508482217788696,1.0,0.2869698703289032,0.32474803924560547
truthfulqa_247_best,truthfulqa,0,5,0.0,1.0,0.2,0.8673504590988159,0.758580207824707,0.9529623985290527,0.06403139978647232,0.13264954090118408
truthfulqa_143_inc_4,truthfulqa,1,5,0.0,1.0,0.2,0.7355853915214539,0.6494174003601074,0.8812876343727112,0.07051592320203781,0.26441460847854614
truthfulqa_75_inc_1,truthfulqa,1,5,0.0,1.0,0.2,0.8632881045341492,0.7765504717826843,0.9187108278274536,0.04662900045514107,0.13671189546585083
truthfulqa_470_inc_5,truthfulqa,1,5,0.3,0.6,0.6,0.6777633428573608,0.5166953802108765,0.9999998807907104,0.21585263311862946,0.32223665714263916
truthfulqa_421_inc_3,truthfulqa,1,5,0.3,0.6,0.6,0.5851812362670898,0.30564793944358826,1.0,0.2689371407032013,0.41481876373291016
truthfulqa_284_best,truthfulqa,0,5,0.0,1.0,0.2,0.8286911249160767,0.749832034111023,0.9290852546691895,0.05740570276975632,0.17130887508392334
truthfulqa_7_inc_1,truthfulqa,1,5,0.0,1.0,0.2,0.7872651815414429,0.515816867351532,0.9574701189994812,0.19274818897247314,0.21273481845855713
truthfulqa_164_corr_1,truthfulqa,0,5,0.3,0.6,0.6,0.5096038579940796,0.22109444439411163,1.0,0.3266890048980713,0.4903961420059204
truthfulqa_100_inc_4,truthfulqa,1,5,0.4,0.4,0.6,0.5384988188743591,0.29034462571144104,1.0,0.30619528889656067,0.46150118112564087
truthfulqa_515_best,truthfulqa,0,5,0.0,1.0,0.2,0.8811279535293579,0.7580364942550659,0.9875798225402832,0.08656387031078339,0.11887204647064209
truthfulqa_296_corr_4,truthfulqa,0,5,0.0,1.0,0.2,0.7205937504768372,0.6081751585006714,0.8917597532272339,0.0769425556063652,0.27940624952316284
truthfulqa_531_best,truthfulqa,0,5,0.6,0.4,0.8,0.9493729472160339,0.8711458444595337,0.9999999403953552,0.03952009603381157,0.050627052783966064
truthfulqa_509_inc_4,truthfulqa,1,5,0.0,1.0,0.2,0.766497790813446,0.6336680054664612,0.8765828609466553,0.0765121802687645,0.23350220918655396
truthfulqa_591_inc_3,truthfulqa,1,5,0.0,1.0,0.2,0.21164798736572266,0.08524472266435623,0.8629288673400879,0.22019554674625397,0.7883520126342773
truthfulqa_463_inc_1,truthfulqa,1,5,0.0,1.0,0.2,0.8801606297492981,0.8335427641868591,0.9253017902374268,0.023246949538588524,0.1198393702507019
truthfulqa_312_best,truthfulqa,0,5,0.0,1.0,0.2,0.740892231464386,0.6222131848335266,0.9048209190368652,0.09195344150066376,0.259107768535614
truthfulqa_385_inc_1,truthfulqa,1,5,0.0,1.0,0.2,0.9050579071044922,0.8231683969497681,0.9673166275024414,0.04095550626516342,0.09494209289550781
truthfulqa_82_corr_2,truthfulqa,0,5,0.0,1.0,0.2,0.7976914048194885,0.6598047018051147,0.951441764831543,0.09412622451782227,0.20230859518051147
truthfulqa_324_corr_2,truthfulqa,0,5,0.0,1.0,0.2,0.771118700504303,0.598667323589325,0.9317699670791626,0.1346924751996994,0.22888129949569702
truthfulqa_485_corr_2,truthfulqa,0,5,0.0,1.0,0.2,0.7999796271324158,0.723285973072052,0.9268159866333008,0.06735360622406006,0.20002037286758423
truthfulqa_123_inc_0,truthfulqa,1,5,0.0,1.0,0.2,0.6477079391479492,0.46513837575912476,0.9093512296676636,0.14299483597278595,0.3522920608520508
truthfulqa_522_inc_2,truthfulqa,1,5,0.3,0.6,0.6,0.6463590860366821,0.2949659824371338,1.0,0.2414030283689499,0.35364091396331787
truthfulqa_295_inc_6,truthfulqa,1,5,0.0,1.0,0.2,0.7534299492835999,0.5911325216293335,0.9224661588668823,0.1072227880358696,0.24657005071640015
truthfulqa_539_inc_0,truthfulqa,1,5,0.0,1.0,0.2,0.8310340046882629,0.7793310284614563,0.8999781608581543,0.03283793479204178,0.16896599531173706
truthfulqa_490_inc_2,truthfulqa,1,5,0.3,0.6,0.6,0.697111189365387,0.46342983841896057,0.9999998211860657,0.22106075286865234,0.30288881063461304
truthfulqa_119_best,truthfulqa,0,5,0.0,1.0,0.2,0.8715165853500366,0.8323365449905396,0.9032647609710693,0.0243048295378685,0.12848341464996338
truthfulqa_75_best,truthfulqa,0,5,0.0,1.0,0.2,0.9120839834213257,0.8277614712715149,0.9729100465774536,0.04719068109989166,0.08791601657867432
truthfulqa_56_corr_1,truthfulqa,0,5,0.0,1.0,0.2,0.6945333480834961,0.48598575592041016,0.891173243522644,0.12151583284139633,0.3054666519165039
truthfulqa_334_inc_0,truthfulqa,1,5,0.0,1.0,0.2,0.8401945233345032,0.7830774784088135,0.9011897444725037,0.030810639262199402,0.15980547666549683
truthfulqa_35_corr_1,truthfulqa,0,5,0.0,1.0,0.2,0.7143291234970093,0.5854016542434692,0.9100939035415649,0.09568823128938675,0.2856708765029907
truthfulqa_143_inc_2,truthfulqa,1,5,0.0,1.0,0.2,0.7563996315002441,0.5925658941268921,0.9130597114562988,0.09743107110261917,0.24360036849975586
truthfulqa_132_inc_1,truthfulqa,1,5,0.0,1.0,0.2,0.49082493782043457,0.31754130125045776,0.9916090965270996,0.18609315156936646,0.5091750621795654
truthfulqa_513_inc_3,truthfulqa,1,5,0.0,1.0,0.2,0.4194503724575043,0.23230552673339844,0.8657491207122803,0.20190070569515228,0.5805496275424957
truthfulqa_445_inc_4,truthfulqa,1,5,0.0,1.0,0.2,0.5734219551086426,0.44600820541381836,0.6472392082214355,0.06101943552494049,0.4265780448913574
truthfulqa_711_inc_1,truthfulqa,1,5,0.0,1.0,0.2,0.9232281446456909,0.8905215263366699,0.9570674896240234,0.020975947380065918,0.07677185535430908
truthfulqa_607_inc_1,truthfulqa,1,5,0.0,1.0,0.2,0.23401252925395966,0.060096532106399536,0.33825549483299255,0.07417991012334824,0.7659874707460403
truthfulqa_623_inc_2,truthfulqa,1,5,0.0,1.0,0.2,0.6841830015182495,0.2919099032878876,0.9746050834655762,0.24608297646045685,0.3158169984817505
truthfulqa_716_inc_0,truthfulqa,1,5,0.0,1.0,0.2,0.6100462079048157,0.535751461982727,0.6738500595092773,0.041489146649837494,0.3899537920951843
truthfulqa_721_corr_2,truthfulqa,0,5,0.0,1.0,0.2,0.915040135383606,0.8307590484619141,0.9974983930587769,0.04685259982943535,0.08495986461639404
truthfulqa_564_inc_1,truthfulqa,1,5,0.6,0.4,0.8,0.8401771783828735,0.6004430055618286,1.0,0.1957421600818634,0.15982282161712646
truthfulqa_224_inc_0,truthfulqa,1,5,0.0,1.0,0.2,0.665745198726654,0.4901316165924072,0.9785690903663635,0.16992931067943573,0.33425480127334595
truthfulqa_108_inc_3,truthfulqa,1,5,0.0,1.0,0.2,0.3252318501472473,0.08029462397098541,0.5774232149124146,0.12782810628414154,0.6747681498527527
truthfulqa_480_inc_0,truthfulqa,1,5,0.3,0.6,0.6,0.667837917804718,0.4505673944950104,1.0,0.2541750371456146,0.332162082195282
truthfulqa_144_inc_0,truthfulqa,1,5,0.0,1.0,0.2,0.4863930642604828,0.1800289899110794,0.963001012802124,0.2584224343299866,0.5136069357395172
truthfulqa_737_corr_2,truthfulqa,0,5,0.0,1.0,0.2,0.8060394525527954,0.6526123881340027,0.9159219264984131,0.09003253281116486,0.1939605474472046
truthfulqa_440_inc_0,truthfulqa,1,5,0.0,1.0,0.2,0.32466012239456177,0.10846706479787827,0.447414368391037,0.10120141506195068,0.6753398776054382
truthfulqa_333_inc_3,truthfulqa,1,5,0.0,1.0,0.2,0.7593382596969604,0.6356415748596191,0.966713011264801,0.0990239828824997,0.24066174030303955
truthfulqa_24_corr_2,truthfulqa,0,5,0.0,1.0,0.2,0.6716338992118835,0.5090599060058594,0.9412847757339478,0.1573314517736435,0.32836610078811646
truthfulqa_597_inc_0,truthfulqa,1,5,0.0,1.0,0.2,0.33241450786590576,0.11423474550247192,0.605894923210144,0.16961395740509033,0.6675854921340942
truthfulqa_427_corr_1,truthfulqa,0,5,0.4,0.4,0.6,0.8148429989814758,0.7023434638977051,1.0,0.12710066139698029,0.18515700101852417
truthfulqa_40_inc_5,truthfulqa,1,5,0.0,1.0,0.2,0.8129556775093079,0.7479290962219238,0.9244304895401001,0.04795049503445625,0.18704432249069214
truthfulqa_282_inc_3,truthfulqa,1,5,0.0,1.0,0.2,0.9633601903915405,0.9496126174926758,0.9847456216812134,0.009665119461715221,0.03663980960845947
truthfulqa_144_corr_2,truthfulqa,0,5,0.0,1.0,0.2,0.3567851185798645,0.19500397145748138,0.6042735576629639,0.12262659519910812,0.6432148814201355
truthfulqa_225_inc_0,truthfulqa,1,5,0.3,0.6,0.6,0.9966328740119934,0.9934586882591248,1.0,0.002584347501397133,0.003367125988006592
truthfulqa_203_best,truthfulqa,0,5,0.0,1.0,0.2,0.397847056388855,0.21892070770263672,0.5522379875183105,0.11570720374584198,0.602152943611145
truthfulqa_201_best,truthfulqa,0,5,0.0,1.0,0.2,0.7145004272460938,0.48738986253738403,0.9116204380989075,0.17598436772823334,0.28549957275390625
truthfulqa_76_inc_1,truthfulqa,1,5,0.0,1.0,0.2,0.9013851284980774,0.8284516334533691,0.9568219184875488,0.032313741743564606,0.09861487150192261
truthfulqa_556_inc_0,truthfulqa,1,5,0.0,1.0,0.2,0.9094738960266113,0.8229302167892456,0.9722449779510498,0.05110156536102295,0.09052610397338867
truthfulqa_236_inc_0,truthfulqa,1,5,0.0,1.0,0.2,0.8094169497489929,0.6933135986328125,0.8980392217636108,0.07838238030672073,0.19058305025100708
truthfulqa_110_inc_0,truthfulqa,1,5,0.1,0.8,0.4,0.9655593037605286,0.9354363679885864,0.9999998807907104,0.01709688827395439,0.034440696239471436
truthfulqa_311_corr_2,truthfulqa,0,5,0.0,1.0,0.2,0.8497457504272461,0.7892811298370361,0.9727165699005127,0.049516212195158005,0.1502542495727539
truthfulqa_144_inc_3,truthfulqa,1,5,0.0,1.0,0.2,0.4288347661495209,0.23899045586585999,0.7499395608901978,0.1395729035139084,0.5711652338504791
truthfulqa_606_inc_1,truthfulqa,1,5,0.0,1.0,0.2,0.8781623840332031,0.805653989315033,0.9310020804405212,0.035485364496707916,0.12183761596679688
truthfulqa_291_corr_3,truthfulqa,0,5,0.0,1.0,0.2,0.5940665602684021,0.3483901619911194,0.8990845084190369,0.17246833443641663,0.4059334397315979
truthfulqa_348_inc_1,truthfulqa,1,5,0.0,1.0,0.2,0.8813120126724243,0.775627851486206,0.9766747951507568,0.057150837033987045,0.11868798732757568
truthfulqa_720_corr_2,truthfulqa,0,5,0.0,1.0,0.2,0.9549561738967896,0.9146274328231812,0.9937556385993958,0.02920340560376644,0.04504382610321045
truthfulqa_338_corr_2,truthfulqa,0,5,0.0,1.0,0.2,0.836286723613739,0.7097545862197876,0.9376809597015381,0.08026441931724548,0.163713276386261
truthfulqa_523_corr_1,truthfulqa,0,5,1.0,0.2,1.0,1.0,1.0,1.0,0.0,0.0
truthfulqa_466_inc_0,truthfulqa,1,5,0.1,0.8,0.4,0.4931771755218506,0.3502114713191986,1.0,0.1865004450082779,0.5068228244781494
truthfulqa_550_inc_6,truthfulqa,1,5,0.0,1.0,0.2,0.5316904783248901,0.030260153114795685,0.9142205715179443,0.3863411545753479,0.46830952167510986
truthfulqa_64_corr_0,truthfulqa,0,5,0.0,1.0,0.2,0.6668449640274048,0.42726919054985046,0.8945963382720947,0.13980945944786072,0.3331550359725952
truthfulqa_689_inc_1,truthfulqa,1,5,0.6,0.4,0.8,0.686237096786499,0.22335848212242126,1.0,0.37434276938438416,0.313762903213501
truthfulqa_611_best,truthfulqa,0,5,0.0,1.0,0.2,0.3980569839477539,0.22684204578399658,0.5790443420410156,0.12565289437770844,0.6019430160522461
truthfulqa_578_corr_2,truthfulqa,0,5,0.3,0.6,0.6,0.5033695697784424,0.20136746764183044,1.0,0.31357038021087646,0.4966304302215576
truthfulqa_396_best,truthfulqa,0,5,0.0,1.0,0.2,0.8535124063491821,0.7592225670814514,0.9299031496047974,0.05044541507959366,0.14648759365081787
truthfulqa_144_corr_0,truthfulqa,0,5,0.0,1.0,0.2,0.3223589360713959,0.06854595243930817,0.6139124631881714,0.17600971460342407,0.6776410639286041
truthfulqa_657_inc_0,truthfulqa,1,5,0.0,1.0,0.2,0.8265326619148254,0.7256281971931458,0.9597967863082886,0.07085267454385757,0.17346733808517456
truthfulqa_665_corr_2,truthfulqa,0,5,0.3,0.6,0.6,0.49934226274490356,0.1587427258491516,0.9999998807907104,0.33593761920928955,0.5006577372550964
truthfulqa_264_inc_3,truthfulqa,1,5,0.0,1.0,0.2,0.2765044569969177,0.03195149451494217,0.6903011798858643,0.2112875133752823,0.7234955430030823
truthfulqa_735_corr_2,truthfulqa,0,5,0.0,1.0,0.2,0.8578013181686401,0.7812164425849915,0.9193304777145386,0.04824494570493698,0.14219868183135986
truthfulqa_693_corr_3,truthfulqa,0,5,0.0,1.0,0.2,0.8214988708496094,0.7082410454750061,0.8925796747207642,0.0652434453368187,0.17850112915039062
truthfulqa_387_corr_1,truthfulqa,0,5,0.0,1.0,0.2,0.9124848246574402,0.8448601961135864,0.9806492328643799,0.04480608552694321,0.08751517534255981
truthfulqa_396_corr_1,truthfulqa,0,5,0.0,1.0,0.2,0.8406356573104858,0.7571659684181213,0.9545062780380249,0.054444313049316406,0.15936434268951416
truthfulqa_294_inc_0,truthfulqa,1,5,0.0,1.0,0.2,0.8409973978996277,0.7119061946868896,0.9616278409957886,0.09049838781356812,0.15900260210037231
truthfulqa_121_inc_1,truthfulqa,1,5,0.0,1.0,0.2,0.5164465308189392,0.27983999252319336,0.8246698379516602,0.14030161499977112,0.4835534691810608
truthfulqa_584_inc_4,truthfulqa,1,5,0.1,0.8,0.4,0.4611402451992035,-0.011050453409552574,1.0,0.38845524191856384,0.5388597548007965
truthfulqa_230_corr_2,truthfulqa,0,5,0.0,1.0,0.2,0.8326557278633118,0.7554813623428345,0.9201589822769165,0.05596104636788368,0.16734427213668823
truthfulqa_798_corr_2,truthfulqa,0,5,0.0,1.0,0.2,0.8443676233291626,0.7789583206176758,0.9342490434646606,0.04807562753558159,0.1556323766708374
truthfulqa_594_inc_3,truthfulqa,1,5,0.0,1.0,0.2,0.3924482464790344,0.13725624978542328,0.704477071762085,0.22035296261310577,0.6075517535209656
truthfulqa_363_corr_3,truthfulqa,0,5,0.0,1.0,0.2,0.7178738117218018,0.6066084504127502,0.8482332229614258,0.07956580072641373,0.28212618827819824
truthfulqa_341_corr_3,truthfulqa,0,5,0.3,0.6,0.6,0.9036760330200195,0.8446345329284668,1.0,0.06797406077384949,0.09632396697998047
truthfulqa_341_best,truthfulqa,0,5,0.3,0.6,0.6,0.8201648592948914,0.6508388519287109,1.0,0.14091582596302032,0.17983514070510864
truthfulqa_673_best,truthfulqa,0,5,0.0,1.0,0.2,0.8691542744636536,0.8236780166625977,0.909153938293457,0.027575092390179634,0.13084572553634644
truthfulqa_645_corr_1,truthfulqa,0,5,0.1,0.8,0.4,0.7605308294296265,0.6094402074813843,1.0,0.14091764390468597,0.23946917057037354
truthfulqa_62_corr_0,truthfulqa,0,5,0.0,1.0,0.2,0.5098855495452881,0.1419132649898529,0.9038496017456055,0.21333710849285126,0.4901144504547119
truthfulqa_420_inc_1,truthfulqa,1,5,0.0,1.0,0.2,0.22631290555000305,0.1431640386581421,0.41357749700546265,0.0982394814491272,0.773687094449997
truthfulqa_46_best,truthfulqa,0,5,0.0,1.0,0.2,0.5112964510917664,0.18211467564105988,0.7379639148712158,0.21675676107406616,0.48870354890823364
truthfulqa_639_corr_2,truthfulqa,0,5,1.0,0.2,1.0,1.0,1.0,1.0,0.0,0.0
truthfulqa_318_inc_6,truthfulqa,1,5,0.0,1.0,0.2,0.46459728479385376,0.03345249593257904,0.8687798380851746,0.3139372169971466,0.5354027152061462
truthfulqa_57_inc_2,truthfulqa,1,5,0.1,0.8,0.4,0.9563876986503601,0.9331402778625488,0.9999997615814209,0.018893836066126823,0.04361230134963989
truthfulqa_747_best,truthfulqa,0,5,0.0,1.0,0.2,0.4691832959651947,0.047383345663547516,0.7872200608253479,0.31131041049957275,0.5308167040348053
truthfulqa_345_best,truthfulqa,0,5,0.0,1.0,0.2,0.8452402949333191,0.7578115463256836,0.9864232540130615,0.07914403080940247,0.1547597050666809
truthfulqa_115_inc_6,truthfulqa,1,5,0.0,1.0,0.2,0.5294283032417297,0.3445330858230591,0.734675943851471,0.14163866639137268,0.47057169675827026
truthfulqa_163_corr_2,truthfulqa,0,5,0.1,0.8,0.4,0.8530489802360535,0.7878019213676453,1.0,0.06486451625823975,0.14695101976394653
truthfulqa_647_inc_3,truthfulqa,1,5,0.1,0.8,0.4,0.5602076649665833,0.2126559466123581,1.0,0.2892116606235504,0.43979233503341675
truthfulqa_578_inc_3,truthfulqa,1,5,0.6,0.4,0.8,0.7433540225028992,0.35838502645492554,1.0,0.31432583928108215,0.25664597749710083
truthfulqa_636_corr_2,truthfulqa,0,5,0.0,1.0,0.2,0.7434987425804138,0.5676576495170593,0.9089483022689819,0.11814816296100616,0.2565012574195862
truthfulqa_71_inc_0,truthfulqa,1,5,0.2,0.6,0.4,0.7417906522750854,0.5845223665237427,0.9999997615814209,0.17630736529827118,0.25820934772491455
truthfulqa_408_inc_3,truthfulqa,1,5,0.0,1.0,0.2,0.622589111328125,0.4757058322429657,0.814110279083252,0.09266474843025208,0.377410888671875
truthfulqa_185_best,truthfulqa,0,5,0.0,1.0,0.2,0.8268903493881226,0.6831651926040649,0.9913784265518188,0.10606130957603455,0.17310965061187744
truthfulqa_358_best,truthfulqa,0,5,0.0,1.0,0.2,0.8017595410346985,0.7054546475410461,0.9811564683914185,0.07689937949180603,0.1982404589653015
truthfulqa_509_corr_4,truthfulqa,0,5,0.0,1.0,0.2,0.8516589403152466,0.7978683710098267,0.9017025232315063,0.035842813551425934,0.14834105968475342
truthfulqa_73_inc_3,truthfulqa,1,5,0.0,1.0,0.2,0.9041544795036316,0.8298380374908447,0.9729359149932861,0.04490312188863754,0.09584552049636841
truthfulqa_540_inc_1,truthfulqa,1,5,0.3,0.6,0.6,0.706684947013855,0.5034120678901672,1.0,0.18889553844928741,0.293315052986145
truthfulqa_767_inc_1,truthfulqa,1,5,0.0,1.0,0.2,0.8858810663223267,0.8240220546722412,0.9534573554992676,0.040661074221134186,0.11411893367767334
truthfulqa_392_inc_3,truthfulqa,1,5,0.0,1.0,0.2,0.8704697489738464,0.8157161474227905,0.9686269164085388,0.040223103016614914,0.12953025102615356
truthfulqa_759_inc_2,truthfulqa,1,5,0.0,1.0,0.2,0.89656001329422,0.8796823620796204,0.9311678409576416,0.016470830887556076,0.10343998670578003
truthfulqa_634_corr_1,truthfulqa,0,5,0.0,1.0,0.2,0.39647048711776733,0.04356211796402931,0.8153108358383179,0.2908378839492798,0.6035295128822327
truthfulqa_283_corr_2,truthfulqa,0,5,0.1,0.8,0.4,0.9437487721443176,0.9066179990768433,1.0,0.02590176835656166,0.05625122785568237
truthfulqa_391_corr_2,truthfulqa,0,5,0.1,0.8,0.4,0.8709359169006348,0.7541359663009644,1.0,0.062482088804244995,0.12906408309936523
truthfulqa_782_corr_3,truthfulqa,0,5,0.0,1.0,0.2,0.6787551045417786,0.35092347860336304,0.928070068359375,0.17336122691631317,0.32124489545822144
truthfulqa_6_corr_0,truthfulqa,0,5,0.0,1.0,0.2,0.7455809116363525,0.593156635761261,0.9133417010307312,0.10171337425708771,0.25441908836364746
truthfulqa_744_best,truthfulqa,0,5,0.0,1.0,0.2,0.8946133852005005,0.8493343591690063,0.963808536529541,0.03397199138998985,0.10538661479949951
truthfulqa_321_corr_3,truthfulqa,0,5,0.0,1.0,0.2,0.7295907139778137,0.5522725582122803,0.8910645842552185,0.10838805884122849,0.2704092860221863
truthfulqa_107_corr_2,truthfulqa,0,5,0.4,0.4,0.6,0.6625557541847229,0.43759289383888245,1.0,0.27552205324172974,0.3374442458152771
truthfulqa_684_corr_1,truthfulqa,0,5,0.6,0.4,0.8,0.8842012286186218,0.7105033993721008,0.9999997615814209,0.1418236792087555,0.11579877138137817
truthfulqa_403_inc_1,truthfulqa,1,5,0.0,1.0,0.2,0.9163995981216431,0.8560965061187744,0.9585239887237549,0.027656977996230125,0.08360040187835693
truthfulqa_300_corr_9,truthfulqa,0,5,0.0,1.0,0.2,0.8145330548286438,0.6229661703109741,0.9236154556274414,0.08949948847293854,0.1854669451713562
truthfulqa_183_inc_0,truthfulqa,1,5,0.0,1.0,0.2,0.8945556879043579,0.7943253517150879,0.967024028301239,0.058193638920784,0.10544431209564209
truthfulqa_59_corr_2,truthfulqa,0,5,0.0,1.0,0.2,0.8531804084777832,0.7886837720870972,0.965465784072876,0.04725203290581703,0.1468195915222168
truthfulqa_284_inc_2,truthfulqa,1,5,0.1,0.8,0.4,0.7250561118125916,0.4527911841869354,1.0,0.22892481088638306,0.27494388818740845
truthfulqa_226_corr_1,truthfulqa,0,5,0.0,1.0,0.2,0.9089168310165405,0.8111367225646973,0.9630390405654907,0.05504950135946274,0.09108316898345947
truthfulqa_338_best,truthfulqa,0,5,0.1,0.8,0.4,0.851100742816925,0.7145897746086121,1.0,0.09289585798978806,0.14889925718307495
truthfulqa_587_corr_2,truthfulqa,0,5,0.1,0.8,0.4,0.5742834806442261,0.2622973322868347,1.0,0.2940167188644409,0.4257165193557739
truthfulqa_125_corr_0,truthfulqa,0,5,0.0,1.0,0.2,0.6307309865951538,0.23497451841831207,0.9784440994262695,0.28423744440078735,0.3692690134048462
truthfulqa_562_best,truthfulqa,0,5,1.0,0.2,1.0,0.9999998807907104,0.9999998807907104,0.9999998807907104,0.0,1.1920928955078125e-07
truthfulqa_303_corr_3,truthfulqa,0,5,0.1,0.8,0.4,0.44862493872642517,0.18762493133544922,1.0,0.27257853746414185,0.5513750612735748
truthfulqa_42_corr_2,truthfulqa,0,5,0.0,1.0,0.2,0.6155444979667664,0.32219916582107544,0.863469123840332,0.18660441040992737,0.38445550203323364
truthfulqa_13_corr_1,truthfulqa,0,5,0.0,1.0,0.2,0.9010885953903198,0.7980301976203918,0.9735100865364075,0.047786302864551544,0.09891140460968018
truthfulqa_30_inc_0,truthfulqa,1,5,0.3,0.6,0.6,0.9299251437187195,0.8291319012641907,1.0,0.07891632616519928,0.07007485628128052
truthfulqa_87_corr_1,truthfulqa,0,5,0.0,1.0,0.2,0.7778778076171875,0.6203997135162354,0.9588811993598938,0.09793330729007721,0.2221221923828125
truthfulqa_506_inc_6,truthfulqa,1,5,0.3,0.6,0.6,0.8348358273506165,0.6272369623184204,1.0,0.15534672141075134,0.16516417264938354
truthfulqa_106_inc_0,truthfulqa,1,5,1.0,0.2,1.0,1.0,1.0,1.0,0.0,0.0
truthfulqa_473_inc_0,truthfulqa,1,5,0.0,1.0,0.2,0.8983715176582336,0.8662092685699463,0.9876067638397217,0.036170102655887604,0.10162848234176636
truthfulqa_775_best,truthfulqa,0,5,0.0,1.0,0.2,0.8778146505355835,0.7891618013381958,0.9944590330123901,0.054550182074308395,0.1221853494644165
truthfulqa_507_corr_2,truthfulqa,0,5,0.0,1.0,0.2,0.7803553938865662,0.6774193644523621,0.8740099668502808,0.0662502646446228,0.21964460611343384
truthfulqa_353_inc_2,truthfulqa,1,5,0.0,1.0,0.2,0.6944752931594849,0.5318663120269775,0.8802564144134521,0.10039873421192169,0.30552470684051514
truthfulqa_35_inc_5,truthfulqa,1,5,0.0,1.0,0.2,0.8594186902046204,0.73968106508255,0.9416927099227905,0.06716646999120712,0.14058130979537964
truthfulqa_208_corr_1,truthfulqa,0,5,0.0,1.0,0.2,0.8795889616012573,0.7974565029144287,0.9379029273986816,0.033919889479875565,0.12041103839874268
truthfulqa_541_corr_1,truthfulqa,0,5,0.0,1.0,0.2,0.5622157454490662,0.16967248916625977,0.843503475189209,0.2650083005428314,0.43778425455093384
truthfulqa_391_inc_2,truthfulqa,1,5,0.0,1.0,0.2,0.8528662919998169,0.7536314129829407,0.9478378295898438,0.0673561692237854,0.1471337080001831
truthfulqa_394_inc_4,truthfulqa,1,5,0.0,1.0,0.2,0.37034183740615845,0.031962450593709946,0.7671215534210205,0.27066877484321594,0.6296581625938416
truthfulqa_13_inc_1,truthfulqa,1,5,0.1,0.8,0.4,0.9235914349555969,0.8660838603973389,1.0,0.04450684413313866,0.07640856504440308
truthfulqa_773_inc_4,truthfulqa,1,5,0.0,1.0,0.2,0.7260674238204956,0.5617749094963074,0.8654874563217163,0.07812103629112244,0.2739325761795044
truthfulqa_647_best,truthfulqa,0,5,0.2,0.6,0.4,0.6487038135528564,0.19812928140163422,1.0,0.33309346437454224,0.35129618644714355
truthfulqa_322_corr_4,truthfulqa,0,5,0.0,1.0,0.2,0.31474608182907104,-0.010629373602569103,0.6588422060012817,0.1928926706314087,0.685253918170929
truthfulqa_265_best,truthfulqa,0,5,0.0,1.0,0.2,0.43464723229408264,0.32360705733299255,0.7145998477935791,0.12747922539710999,0.5653527677059174
truthfulqa_463_inc_5,truthfulqa,1,5,0.0,1.0,0.2,0.8427551984786987,0.7589515447616577,0.9220606088638306,0.05366109684109688,0.15724480152130127
truthfulqa_402_inc_3,truthfulqa,1,5,0.0,1.0,0.2,0.9442485570907593,0.9050049781799316,0.9909244775772095,0.02368265762925148,0.05575144290924072
truthfulqa_457_corr_1,truthfulqa,0,5,0.0,1.0,0.2,0.5629345178604126,0.2587548792362213,0.7697738409042358,0.17815802991390228,0.4370654821395874
truthfulqa_213_inc_2,truthfulqa,1,5,0.0,1.0,0.2,0.805884063243866,0.6774058938026428,0.9828091263771057,0.10959003120660782,0.19411593675613403
truthfulqa_97_corr_1,truthfulqa,0,5,0.0,1.0,0.2,0.19240042567253113,0.03161843121051788,0.4873620271682739,0.12350181490182877,0.8075995743274689
truthfulqa_276_corr_2,truthfulqa,0,5,0.0,1.0,0.2,0.9391323328018188,0.9085485935211182,0.9662118554115295,0.015200949274003506,0.06086766719818115
truthfulqa_219_best,truthfulqa,0,5,0.1,0.8,0.4,0.8131000399589539,0.6606097221374512,1.0,0.09372789412736893,0.18689996004104614
truthfulqa_589_inc_1,truthfulqa,1,5,0.3,0.6,0.6,0.37553465366363525,0.01627284288406372,1.0,0.412097305059433,0.6244653463363647
truthfulqa_752_corr_1,truthfulqa,0,5,0.1,0.8,0.4,0.9515727162361145,0.921759843826294,1.0,0.025366783142089844,0.0484272837638855
truthfulqa_493_corr_1,truthfulqa,0,5,0.0,1.0,0.2,0.7417315244674683,0.6510626077651978,0.962329626083374,0.08927594125270844,0.25826847553253174
truthfulqa_101_corr_2,truthfulqa,0,5,0.4,0.4,0.6,0.5823392868041992,0.3213214874267578,1.0,0.3073062002658844,0.4176607131958008
truthfulqa_102_inc_4,truthfulqa,1,5,0.6,0.4,0.8,0.8890544176101685,0.7226358652114868,1.0,0.13588011264801025,0.11094558238983154
truthfulqa_724_best,truthfulqa,0,5,0.1,0.8,0.4,0.9102306365966797,0.810144305229187,1.0,0.07831834256649017,0.08976936340332031
truthfulqa_177_best,truthfulqa,0,5,0.0,1.0,0.2,0.6477351188659668,0.49699684977531433,0.9003190994262695,0.14239709079265594,0.3522648811340332
truthfulqa_322_inc_2,truthfulqa,1,5,0.1,0.8,0.4,0.3846125900745392,0.17590004205703735,1.0,0.26061686873435974,0.6153874099254608
truthfulqa_806_inc_0,truthfulqa,1,5,0.2,0.6,0.4,0.42174506187438965,0.1775141805410385,0.9999998807907104,0.2963976562023163,0.5782549381256104
truthfulqa_459_inc_0,truthfulqa,1,5,0.0,1.0,0.2,0.6399696469306946,0.3005966544151306,0.9310739636421204,0.24896614253520966,0.3600303530693054
truthfulqa_243_best,truthfulqa,0,5,0.1,0.8,0.4,0.9731069803237915,0.9519097208976746,0.9921497106552124,0.013285094872117043,0.026893019676208496
truthfulqa_454_best,truthfulqa,0,5,0.0,1.0,0.2,0.7640510201454163,0.5741907358169556,0.9294110536575317,0.13581551611423492,0.23594897985458374
truthfulqa_297_corr_6,truthfulqa,0,5,0.0,1.0,0.2,0.7789870500564575,0.5871670246124268,0.9622637033462524,0.09781612455844879,0.22101294994354248
truthfulqa_316_inc_2,truthfulqa,1,5,0.0,1.0,0.2,0.7413713932037354,0.634324312210083,0.9167447090148926,0.1051613986492157,0.25862860679626465
truthfulqa_136_inc_0,truthfulqa,1,5,0.1,0.8,0.4,0.4315229058265686,0.21342013776302338,0.9999998807907104,0.2250353842973709,0.5684770941734314
truthfulqa_176_inc_1,truthfulqa,1,5,0.0,1.0,0.2,0.4348141551017761,0.2332383692264557,0.958595871925354,0.1936997026205063,0.5651858448982239
truthfulqa_85_inc_0,truthfulqa,1,5,0.1,0.8,0.4,0.8771387934684753,0.8317312598228455,0.9999998807907104,0.04987924173474312,0.12286120653152466
truthfulqa_711_inc_2,truthfulqa,1,5,0.0,1.0,0.2,0.9252055883407593,0.8928499221801758,0.9712871313095093,0.022714653983712196,0.07479441165924072
truthfulqa_342_corr_1,truthfulqa,0,5,0.0,1.0,0.2,0.7707622051239014,0.5399336814880371,0.903992772102356,0.11262623220682144,0.22923779487609863
truthfulqa_238_inc_2,truthfulqa,1,5,0.1,0.8,0.4,0.7826019525527954,0.5692154169082642,0.9999999403953552,0.14324863255023956,0.2173980474472046
truthfulqa_268_inc_0,truthfulqa,1,5,0.0,1.0,0.2,0.887322723865509,0.7828024625778198,0.9581087827682495,0.059571001678705215,0.11267727613449097
truthfulqa_345_corr_1,truthfulqa,0,5,0.0,1.0,0.2,0.8864222764968872,0.7672983407974243,0.979668378829956,0.05866437777876854,0.11357772350311279
truthfulqa_187_inc_1,truthfulqa,1,5,0.0,1.0,0.2,0.9458796381950378,0.9117449522018433,0.9636913537979126,0.01763724535703659,0.05412036180496216
truthfulqa_480_corr_1,truthfulqa,0,5,0.1,0.8,0.4,0.3509838879108429,0.15464216470718384,0.9767094850540161,0.22845588624477386,0.6490161120891571
truthfulqa_564_corr_1,truthfulqa,0,5,0.6,0.4,0.8,0.8401771783828735,0.6004430055618286,1.0,0.1957421600818634,0.15982282161712646
truthfulqa_611_inc_3,truthfulqa,1,5,0.1,0.8,0.4,0.7279337644577026,0.5850785970687866,0.9999998807907104,0.14530804753303528,0.27206623554229736
truthfulqa_333_corr_1,truthfulqa,0,5,0.0,1.0,0.2,0.7858009338378906,0.7078405618667603,0.9411365985870361,0.06775829941034317,0.21419906616210938
truthfulqa_391_inc_1,truthfulqa,1,5,0.0,1.0,0.2,0.5710507035255432,0.17779284715652466,0.9105445146560669,0.2462719976902008,0.4289492964744568
truthfulqa_793_inc_2,truthfulqa,1,5,0.0,1.0,0.2,0.5004936456680298,0.16957789659500122,0.8108608722686768,0.24896901845932007,0.4995063543319702
truthfulqa_361_best,truthfulqa,0,5,0.0,1.0,0.2,0.8022547960281372,0.6758105754852295,0.9211742877960205,0.08135031163692474,0.1977452039718628
truthfulqa_134_inc_0,truthfulqa,1,5,0.0,1.0,0.2,0.7709959149360657,0.6044168472290039,0.9837112426757812,0.13929760456085205,0.22900408506393433
truthfulqa_701_inc_1,truthfulqa,1,5,0.0,1.0,0.2,0.6560397148132324,0.4990311861038208,0.8103159666061401,0.0954638347029686,0.3439602851867676
truthfulqa_573_inc_1,truthfulqa,1,5,1.0,0.2,1.0,0.9924489259719849,0.9811223149299622,1.0,0.009248139336705208,0.007551074028015137
truthfulqa_201_inc_2,truthfulqa,1,5,0.0,1.0,0.2,0.8177995681762695,0.6812877655029297,0.9229592680931091,0.08336228132247925,0.18220043182373047
truthfulqa_398_corr_1,truthfulqa,0,5,0.0,1.0,0.2,0.8029712438583374,0.7121217846870422,0.8738027811050415,0.052636563777923584,0.1970287561416626
truthfulqa_138_inc_2,truthfulqa,1,5,0.3,0.6,0.6,0.6579689383506775,0.36429423093795776,0.9999999403953552,0.2407214343547821,0.3420310616493225
truthfulqa_364_inc_4,truthfulqa,1,5,0.0,1.0,0.2,0.7389870285987854,0.6292120218276978,0.8788372278213501,0.07197117805480957,0.2610129714012146
truthfulqa_710_best,truthfulqa,0,5,1.0,0.2,1.0,0.9999998807907104,0.9999999403953552,0.9999999403953552,5.960464477539063e-08,1.1920928955078125e-07
truthfulqa_153_corr_1,truthfulqa,0,5,0.0,1.0,0.2,0.6645480394363403,0.4826235771179199,0.9374150633811951,0.15455777943134308,0.33545196056365967
truthfulqa_109_inc_0,truthfulqa,1,5,0.1,0.8,0.4,0.7829367518424988,0.6291577816009521,1.0,0.12937745451927185,0.21706324815750122
truthfulqa_783_inc_2,truthfulqa,1,5,0.0,1.0,0.2,0.8744405508041382,0.7627121210098267,0.977167546749115,0.05704843997955322,0.12555944919586182
truthfulqa_324_corr_6,truthfulqa,0,5,0.0,1.0,0.2,0.5657948851585388,0.28776314854621887,0.8273200392723083,0.17646388709545135,0.4342051148414612
truthfulqa_185_corr_3,truthfulqa,0,5,0.0,1.0,0.2,0.8390645980834961,0.7782738208770752,0.9164556860923767,0.04672432318329811,0.1609354019165039
truthfulqa_483_corr_1,truthfulqa,0,5,0.0,1.0,0.2,0.8812273144721985,0.8263706564903259,0.9499800205230713,0.043487098067998886,0.11877268552780151
truthfulqa_301_best,truthfulqa,0,5,0.1,0.8,0.4,0.4724317491054535,0.15930086374282837,0.9500845670700073,0.33728066086769104,0.5275682508945465
truthfulqa_365_inc_4,truthfulqa,1,5,0.0,1.0,0.2,0.7453910708427429,0.5608975887298584,0.8612918853759766,0.10042566806077957,0.2546089291572571
truthfulqa_581_inc_4,truthfulqa,1,5,0.0,1.0,0.2,0.3064501881599426,-0.06517492979764938,0.9432669878005981,0.3758796453475952,0.6935498118400574
truthfulqa_486_corr_1,truthfulqa,0,5,0.0,1.0,0.2,0.701408326625824,0.5686095952987671,0.9382376670837402,0.11581242084503174,0.298591673374176
truthfulqa_201_inc_0,truthfulqa,1,5,0.0,1.0,0.2,0.8273817896842957,0.734453558921814,0.9380706548690796,0.06693879514932632,0.17261821031570435
truthfulqa_504_best,truthfulqa,0,5,0.0,1.0,0.2,0.8470128178596497,0.7945960760116577,0.8852859735488892,0.027939323335886,0.15298718214035034
truthfulqa_318_corr_2,truthfulqa,0,5,0.0,1.0,0.2,0.7034035921096802,0.5996666550636292,0.7988313436508179,0.06951021403074265,0.2965964078903198
truthfulqa_664_best,truthfulqa,0,5,0.0,1.0,0.2,0.8319565057754517,0.7195758819580078,0.9315893650054932,0.07687919586896896,0.16804349422454834
truthfulqa_44_inc_3,truthfulqa,1,5,0.0,1.0,0.2,0.4870404601097107,0.2006988823413849,0.7067502737045288,0.17290019989013672,0.5129595398902893
truthfulqa_454_inc_0,truthfulqa,1,5,0.0,1.0,0.2,0.7802661657333374,0.6188759803771973,0.8967794179916382,0.08927089720964432,0.2197338342666626
truthfulqa_498_corr_3,truthfulqa,0,5,0.0,1.0,0.2,0.6345196962356567,0.3783504366874695,0.8615527749061584,0.1534508913755417,0.36548030376434326
truthfulqa_147_corr_1,truthfulqa,0,5,0.0,1.0,0.2,0.6989426612854004,0.5000772476196289,0.9753026962280273,0.13320210576057434,0.3010573387145996
truthfulqa_330_corr_1,truthfulqa,0,5,0.3,0.6,0.6,0.6308919787406921,0.3525683879852295,1.0,0.22415103018283844,0.36910802125930786
truthfulqa_705_inc_1,truthfulqa,1,5,0.2,0.6,0.4,0.9852334260940552,0.9723206758499146,1.0,0.010444680228829384,0.014766573905944824
truthfulqa_568_inc_4,truthfulqa,1,5,0.1,0.8,0.4,0.5547301173210144,0.23746798932552338,1.0,0.19945810735225677,0.4452698826789856
truthfulqa_468_inc_6,truthfulqa,1,5,0.0,1.0,0.2,0.8867799639701843,0.8278676271438599,0.946739912033081,0.036904577165842056,0.11322003602981567
truthfulqa_359_corr_3,truthfulqa,0,5,0.0,1.0,0.2,0.8904277086257935,0.787550151348114,0.9727593660354614,0.06965996325016022,0.10957229137420654
truthfulqa_410_corr_1,truthfulqa,0,5,0.0,1.0,0.2,0.8995891809463501,0.8425741791725159,0.9807238578796387,0.03961252048611641,0.1004108190536499
truthfulqa_59_best,truthfulqa,0,5,0.0,1.0,0.2,0.9292075037956238,0.9045499563217163,0.9605342149734497,0.015891429036855698,0.07079249620437622
truthfulqa_146_inc_0,truthfulqa,1,5,0.0,1.0,0.2,0.8796399831771851,0.7942278385162354,0.9902344346046448,0.05750678479671478,0.12036001682281494
truthfulqa_457_inc_4,truthfulqa,1,5,0.0,1.0,0.2,0.6502262353897095,0.40756791830062866,0.8795385360717773,0.164790540933609,0.3497737646102905
truthfulqa_437_corr_2,truthfulqa,0,5,0.3,0.6,0.6,0.6738549470901489,0.4395153224468231,0.9999999403953552,0.2308960109949112,0.3261450529098511
truthfulqa_737_corr_1,truthfulqa,0,5,0.0,1.0,0.2,0.8036412000656128,0.6602752208709717,0.9317351579666138,0.09294021874666214,0.1963587999343872
truthfulqa_575_inc_2,truthfulqa,1,5,0.3,0.6,0.6,0.9480322599411011,0.8927025198936462,0.9999998807907104,0.0426323302090168,0.051967740058898926
truthfulqa_584_inc_1,truthfulqa,1,5,0.4,0.4,0.6,0.9285825490951538,0.8809709548950195,1.0,0.05831208452582359,0.07141745090484619
truthfulqa_654_corr_2,truthfulqa,0,5,0.0,1.0,0.2,0.6733019948005676,0.5170736908912659,0.9551702737808228,0.17869213223457336,0.3266980051994324
truthfulqa_2_inc_2,truthfulqa,1,5,0.0,1.0,0.2,0.8712336421012878,0.7607606649398804,0.9501745700836182,0.06945690512657166,0.12876635789871216
truthfulqa_554_best,truthfulqa,0,5,0.0,1.0,0.2,0.8388592600822449,0.7491176128387451,0.9182516932487488,0.05224150791764259,0.16114073991775513
truthfulqa_543_corr_1,truthfulqa,0,5,0.6,0.4,0.8,0.9134033918380737,0.7835085391998291,1.0,0.10605872422456741,0.08659660816192627
truthfulqa_540_best,truthfulqa,0,5,0.2,0.6,0.4,0.6986377835273743,0.5365056991577148,1.0,0.14770753681659698,0.30136221647262573
truthfulqa_622_inc_0,truthfulqa,1,5,0.0,1.0,0.2,0.8502042889595032,0.6896485090255737,0.9833241701126099,0.12491447478532791,0.14979571104049683
truthfulqa_804_inc_0,truthfulqa,1,5,0.0,1.0,0.2,0.4520881772041321,0.18399818241596222,0.7867486476898193,0.20256361365318298,0.5479118227958679
truthfulqa_720_corr_1,truthfulqa,0,5,0.0,1.0,0.2,0.9526532888412476,0.9226999282836914,0.9952433109283447,0.026866978034377098,0.04734671115875244
truthfulqa_487_inc_2,truthfulqa,1,5,0.0,1.0,0.2,0.7161803841590881,0.5235344171524048,0.9957017302513123,0.13972041010856628,0.28381961584091187
truthfulqa_679_inc_5,truthfulqa,1,5,0.4,0.4,0.6,0.7957484722137451,0.6511929035186768,0.9999998807907104,0.13591012358665466,0.20425152778625488
truthfulqa_145_inc_0,truthfulqa,1,5,0.3,0.6,0.6,0.5091947317123413,0.2288522720336914,0.9999998807907104,0.32614269852638245,0.4908052682876587
truthfulqa_251_best,truthfulqa,0,5,0.4,0.4,0.6,0.5598006248474121,0.27934688329696655,1.0,0.3404550850391388,0.4401993751525879
truthfulqa_124_corr_2,truthfulqa,0,5,0.0,1.0,0.2,0.8737655878067017,0.8293720483779907,0.9116091728210449,0.03047346882522106,0.12623441219329834
truthfulqa_446_inc_4,truthfulqa,1,5,0.3,0.6,0.6,0.7952386140823364,0.6555489301681519,0.9999997615814209,0.14001502096652985,0.20476138591766357
truthfulqa_119_corr_1,truthfulqa,0,5,0.0,1.0,0.2,0.8492663502693176,0.8103674650192261,0.8874171376228333,0.023913783952593803,0.15073364973068237
truthfulqa_516_inc_0,truthfulqa,1,5,0.4,0.4,0.6,0.9950466156005859,0.9917443990707397,1.0,0.004044358152896166,0.0049533843994140625
truthfulqa_380_best,truthfulqa,0,5,0.0,1.0,0.2,0.8548395037651062,0.7944939136505127,0.907500684261322,0.03696470707654953,0.1451604962348938
truthfulqa_544_corr_2,truthfulqa,0,5,0.4,0.4,0.6,0.7541703581809998,0.590283989906311,1.0,0.20071902871131897,0.24582964181900024
truthfulqa_51_corr_3,truthfulqa,0,5,0.0,1.0,0.2,0.5147340893745422,0.10693291574716568,0.9444906711578369,0.2812425196170807,0.48526591062545776
truthfulqa_762_inc_2,truthfulqa,1,5,0.1,0.8,0.4,0.3361118733882904,0.0704360231757164,1.0,0.26010459661483765,0.6638881266117096
truthfulqa_302_corr_3,truthfulqa,0,5,0.0,1.0,0.2,0.7590430378913879,0.6198796033859253,0.894495964050293,0.07702324539422989,0.24095696210861206
truthfulqa_770_inc_2,truthfulqa,1,5,0.0,1.0,0.2,0.8541486859321594,0.7688530683517456,0.9648232460021973,0.06258100271224976,0.14585131406784058
truthfulqa_104_corr_0,truthfulqa,0,5,0.6,0.4,0.8,0.7188683748245239,0.2971709966659546,1.0,0.3443145155906677,0.2811316251754761
truthfulqa_530_best,truthfulqa,0,5,0.0,1.0,0.2,0.6791495680809021,0.5255619287490845,0.8485316038131714,0.09776842594146729,0.3208504319190979
truthfulqa_630_corr_1,truthfulqa,0,5,0.0,1.0,0.2,0.4013688564300537,0.20023967325687408,0.9967994689941406,0.2610958516597748,0.5986311435699463
truthfulqa_205_corr_2,truthfulqa,0,5,1.0,0.2,1.0,1.0,1.0,1.0,0.0,0.0
truthfulqa_3_corr_3,truthfulqa,0,5,0.0,1.0,0.2,0.5582653284072876,0.31782615184783936,0.7501393556594849,0.1549360156059265,0.4417346715927124
truthfulqa_642_inc_4,truthfulqa,1,5,0.0,1.0,0.2,0.9267389178276062,0.8881498575210571,0.9760023355484009,0.025429334491491318,0.0732610821723938
truthfulqa_22_inc_0,truthfulqa,1,5,0.6,0.4,0.8,0.9729923009872437,0.9324808120727539,0.9999999403953552,0.033077482134103775,0.027007699012756348
truthfulqa_506_inc_3,truthfulqa,1,5,0.1,0.8,0.4,0.4541127681732178,0.2349775731563568,0.9914380311965942,0.24820426106452942,0.5458872318267822
truthfulqa_464_inc_3,truthfulqa,1,5,0.0,1.0,0.2,0.7192830443382263,0.5048093795776367,0.9106522798538208,0.12212871760129929,0.2807169556617737
truthfulqa_19_corr_7,truthfulqa,0,5,0.0,1.0,0.2,0.6957610249519348,0.5037974715232849,0.9359064698219299,0.16624410450458527,0.3042389750480652
truthfulqa_229_inc_0,truthfulqa,1,5,0.1,0.8,0.4,0.7676979899406433,0.5096192359924316,1.0,0.1877390444278717,0.2323020100593567
truthfulqa_314_inc_0,truthfulqa,1,5,0.1,0.8,0.4,0.4481428563594818,0.08681795746088028,0.9999998807907104,0.4109315872192383,0.5518571436405182
truthfulqa_141_inc_3,truthfulqa,1,5,0.1,0.8,0.4,0.5762146711349487,0.3939635753631592,1.0,0.2154608815908432,0.42378532886505127
truthfulqa_256_corr_1,truthfulqa,0,5,0.0,1.0,0.2,0.3636959493160248,0.1825650930404663,0.7752044200897217,0.18496118485927582,0.6363040506839752
truthfulqa_29_best,truthfulqa,0,5,0.6,0.4,0.8,0.7806137204170227,0.45153430104255676,1.0,0.2686922252178192,0.2193862795829773
truthfulqa_494_corr_1,truthfulqa,0,5,0.3,0.6,0.6,0.5267137289047241,0.2661755383014679,1.0,0.3127654492855072,0.4732862710952759
truthfulqa_275_corr_1,truthfulqa,0,5,0.0,1.0,0.2,0.796988308429718,0.7090877294540405,0.9641928672790527,0.0801439881324768,0.20301169157028198
truthfulqa_131_inc_1,truthfulqa,1,5,0.0,1.0,0.2,0.4436423182487488,0.266487181186676,0.8033249378204346,0.17945176362991333,0.5563576817512512
truthfulqa_505_inc_9,truthfulqa,1,5,0.0,1.0,0.2,0.1586703360080719,0.021602990105748177,0.23550528287887573,0.053918760269880295,0.8413296639919281
truthfulqa_630_inc_1,truthfulqa,1,5,0.0,1.0,0.2,0.26196131110191345,0.05923101305961609,0.5651265382766724,0.17205378413200378,0.7380386888980865
truthfulqa_513_corr_1,truthfulqa,0,5,0.0,1.0,0.2,0.5477852821350098,0.26086097955703735,0.9074354767799377,0.22729356586933136,0.45221471786499023
truthfulqa_612_corr_1,truthfulqa,0,5,0.0,1.0,0.2,0.4474676251411438,0.1359887421131134,0.8695386648178101,0.2476915419101715,0.5525323748588562
truthfulqa_284_corr_1,truthfulqa,0,5,0.0,1.0,0.2,0.8564549684524536,0.7740150094032288,0.9544468522071838,0.058705732226371765,0.1435450315475464
truthfulqa_664_inc_2,truthfulqa,1,5,0.0,1.0,0.2,0.8799015879631042,0.8235969543457031,0.9354224801063538,0.036911383271217346,0.12009841203689575
truthfulqa_323_inc_3,truthfulqa,1,5,0.0,1.0,0.2,0.8411739468574524,0.7561359405517578,0.9670922756195068,0.08127632737159729,0.1588260531425476
truthfulqa_5_inc_2,truthfulqa,1,5,0.0,1.0,0.2,0.8273981809616089,0.7204142808914185,0.9028591513633728,0.05877414345741272,0.1726018190383911
truthfulqa_738_inc_3,truthfulqa,1,5,0.0,1.0,0.2,0.8598365783691406,0.7681887149810791,0.9457740783691406,0.04844037443399429,0.14016342163085938
truthfulqa_355_best,truthfulqa,0,5,0.0,1.0,0.2,0.26286083459854126,-0.050065331161022186,0.7138529419898987,0.23169821500778198,0.7371391654014587
truthfulqa_253_corr_2,truthfulqa,0,5,0.0,1.0,0.2,0.46567901968955994,0.07691904157400131,0.9529465436935425,0.26179876923561096,0.5343209803104401
truthfulqa_752_inc_2,truthfulqa,1,5,0.0,1.0,0.2,0.9547772407531738,0.9252762794494629,0.982387900352478,0.0172311682254076,0.04522275924682617
truthfulqa_341_inc_3,truthfulqa,1,5,0.1,0.8,0.4,0.8717104196548462,0.7817241549491882,1.0,0.07812099158763885,0.1282895803451538
truthfulqa_121_inc_2,truthfulqa,1,5,0.1,0.8,0.4,0.5342251062393188,0.2507356107234955,0.9999997615814209,0.22510190308094025,0.46577489376068115
truthfulqa_387_best,truthfulqa,0,5,0.0,1.0,0.2,0.9150904417037964,0.8499660491943359,0.9717369079589844,0.040428526699543,0.08490955829620361
truthfulqa_520_corr_1,truthfulqa,0,5,0.6,0.4,0.8,0.8685867190361023,0.72527015209198,1.0,0.1116330474615097,0.1314132809638977
truthfulqa_602_best,truthfulqa,0,5,0.0,1.0,0.2,0.46239185333251953,0.14795875549316406,0.7846497297286987,0.21374179422855377,0.5376081466674805
truthfulqa_573_inc_8,truthfulqa,1,5,1.0,0.2,1.0,1.0,1.0,1.0,0.0,0.0
truthfulqa_615_corr_2,truthfulqa,0,5,0.1,0.8,0.4,0.850691020488739,0.667499840259552,1.0,0.10268361866474152,0.149308979511261
truthfulqa_41_inc_0,truthfulqa,1,5,0.0,1.0,0.2,0.8976422548294067,0.8184688091278076,0.9881101846694946,0.06029351428151131,0.10235774517059326
truthfulqa_375_inc_0,truthfulqa,1,5,0.0,1.0,0.2,0.8497260808944702,0.8075355887413025,0.9123340249061584,0.03351450338959694,0.15027391910552979
truthfulqa_745_best,truthfulqa,0,5,0.0,1.0,0.2,0.876945972442627,0.7788283824920654,0.9461281299591064,0.05807187780737877,0.12305402755737305
truthfulqa_451_inc_1,truthfulqa,1,5,0.0,1.0,0.2,0.8247990608215332,0.6510524153709412,0.9659765958786011,0.1243923082947731,0.1752009391784668
truthfulqa_635_best,truthfulqa,0,5,0.0,1.0,0.2,0.3420376479625702,0.16356885433197021,0.5220737457275391,0.11490529775619507,0.6579623520374298
truthfulqa_606_best,truthfulqa,0,5,0.0,1.0,0.2,0.8144036531448364,0.759183406829834,0.9257880449295044,0.04321823641657829,0.18559634685516357
truthfulqa_210_inc_2,truthfulqa,1,5,0.3,0.6,0.6,0.43248844146728516,0.059284310787916183,1.0,0.37690436840057373,0.5675115585327148
truthfulqa_90_inc_1,truthfulqa,1,5,0.6,0.4,0.8,0.990836501121521,0.9770914316177368,1.0,0.011222859844565392,0.009163498878479004
truthfulqa_289_inc_0,truthfulqa,1,5,0.0,1.0,0.2,0.9026093482971191,0.7716500759124756,0.9886038899421692,0.0988292545080185,0.09739065170288086
truthfulqa_311_best,truthfulqa,0,5,0.0,1.0,0.2,0.8646606206893921,0.7791553735733032,0.9296873211860657,0.04416385665535927,0.1353393793106079
truthfulqa_488_inc_2,truthfulqa,1,5,0.0,1.0,0.2,0.8706334233283997,0.7991742491722107,0.9384582042694092,0.04801996424794197,0.12936657667160034
truthfulqa_481_best,truthfulqa,0,5,0.1,0.8,0.4,0.38941964507102966,0.22844298183918,1.0,0.21903324127197266,0.6105803549289703
truthfulqa_813_inc_0,truthfulqa,1,5,0.0,1.0,0.2,0.6697493195533752,0.21756091713905334,0.9546843767166138,0.2963580787181854,0.33025068044662476
truthfulqa_586_inc_0,truthfulqa,1,5,0.0,1.0,0.2,0.43253225088119507,0.20025154948234558,0.945999264717102,0.19251707196235657,0.5674677491188049
truthfulqa_732_inc_0,truthfulqa,1,5,0.0,1.0,0.2,0.9177811741828918,0.8902627229690552,0.9558596611022949,0.019184183329343796,0.08221882581710815
truthfulqa_23_best,truthfulqa,0,5,0.0,1.0,0.2,0.4178400933742523,0.23679618537425995,0.6197443604469299,0.09692717343568802,0.5821599066257477
truthfulqa_16_corr_4,truthfulqa,0,5,0.0,1.0,0.2,0.3938313126564026,0.07179383188486099,0.7307236194610596,0.1903672069311142,0.6061686873435974
truthfulqa_590_best,truthfulqa,0,5,0.0,1.0,0.2,0.21889352798461914,0.027096793055534363,0.5566846132278442,0.13545991480350494,0.7811064720153809
truthfulqa_751_best,truthfulqa,0,5,0.0,1.0,0.2,0.9458953738212585,0.9212076663970947,0.9738603830337524,0.01771765947341919,0.054104626178741455
truthfulqa_171_best,truthfulqa,0,5,0.0,1.0,0.2,0.8627951741218567,0.8271254301071167,0.9096103310585022,0.027857409790158272,0.1372048258781433
truthfulqa_80_corr_3,truthfulqa,0,5,0.2,0.6,0.4,0.7030124664306641,0.382250040769577,1.0,0.19714051485061646,0.29698753356933594
truthfulqa_668_corr_1,truthfulqa,0,5,0.0,1.0,0.2,0.4994547367095947,0.24355962872505188,0.8382828831672668,0.20326247811317444,0.5005452632904053
truthfulqa_550_inc_4,truthfulqa,1,5,0.0,1.0,0.2,0.6467294096946716,0.4915255606174469,0.7762154340744019,0.10397791862487793,0.35327059030532837
truthfulqa_77_inc_1,truthfulqa,1,5,0.0,1.0,0.2,0.6835664510726929,0.5135581493377686,0.8425917625427246,0.09677271544933319,0.31643354892730713
truthfulqa_489_inc_3,truthfulqa,1,5,0.0,1.0,0.2,0.93061363697052,0.8755447268486023,0.9730584621429443,0.03584876284003258,0.06938636302947998
truthfulqa_402_corr_1,truthfulqa,0,5,0.0,1.0,0.2,0.951961874961853,0.9101351499557495,0.9931167364120483,0.023769525811076164,0.04803812503814697
truthfulqa_139_inc_0,truthfulqa,1,5,0.0,1.0,0.2,0.5928694605827332,0.20164994895458221,0.9228949546813965,0.29050180315971375,0.40713053941726685
truthfulqa_165_best,truthfulqa,0,5,0.2,0.6,0.4,0.4858270585536957,0.15668000280857086,1.0,0.3713573217391968,0.5141729414463043
truthfulqa_114_inc_2,truthfulqa,1,5,0.4,0.4,0.6,0.8430569767951965,0.7384282946586609,1.0,0.12814344465732574,0.15694302320480347
truthfulqa_223_inc_2,truthfulqa,1,5,0.0,1.0,0.2,0.8665992617607117,0.7898293137550354,0.9399046897888184,0.042965393513441086,0.13340073823928833
truthfulqa_206_inc_2,truthfulqa,1,5,0.0,1.0,0.2,0.9673515558242798,0.9459918737411499,0.9985709190368652,0.0164612028747797,0.032648444175720215
truthfulqa_203_corr_0,truthfulqa,0,5,0.0,1.0,0.2,0.3931638300418854,0.12886233627796173,0.6169030666351318,0.16155846416950226,0.6068361699581146
truthfulqa_687_inc_1,truthfulqa,1,5,0.0,1.0,0.2,0.8427521586418152,0.7307454347610474,0.9279989004135132,0.06065449118614197,0.15724784135818481
truthfulqa_306_inc_4,truthfulqa,1,5,0.0,1.0,0.2,0.7522379159927368,0.5971846580505371,0.8797938823699951,0.09761067479848862,0.24776208400726318
truthfulqa_98_corr_2,truthfulqa,0,5,0.0,1.0,0.2,0.8560264706611633,0.7832846641540527,0.9493250846862793,0.04760592430830002,0.14397352933883667
truthfulqa_3_inc_2,truthfulqa,1,5,0.0,1.0,0.2,0.6961202621459961,0.5193761587142944,0.9347999095916748,0.145513653755188,0.3038797378540039
truthfulqa_547_corr_2,truthfulqa,0,5,0.0,1.0,0.2,0.2595498561859131,0.10527262091636658,0.36752718687057495,0.08015859872102737,0.7404501438140869
truthfulqa_147_corr_0,truthfulqa,0,5,0.1,0.8,0.4,0.8150405883789062,0.5645962953567505,1.0,0.13111069798469543,0.18495941162109375
truthfulqa_780_corr_1,truthfulqa,0,5,0.1,0.8,0.4,0.31005212664604187,0.060410600155591965,1.0,0.26921936869621277,0.6899478733539581
truthfulqa_213_best,truthfulqa,0,5,0.0,1.0,0.2,0.7737900018692017,0.6465070247650146,0.9654254913330078,0.10415798425674438,0.22620999813079834
truthfulqa_505_best,truthfulqa,0,5,0.0,1.0,0.2,0.18087473511695862,-0.00787842646241188,0.8796241283416748,0.2528539299964905,0.8191252648830414
truthfulqa_657_best,truthfulqa,0,5,0.0,1.0,0.2,0.8350749015808105,0.7375265955924988,0.9120804071426392,0.05041871219873428,0.16492509841918945
truthfulqa_238_corr_1,truthfulqa,0,5,0.0,1.0,0.2,0.775634765625,0.6180726885795593,0.916296124458313,0.10046679526567459,0.224365234375
truthfulqa_746_best,truthfulqa,0,5,0.2,0.6,0.4,0.9923178553581238,0.9890952706336975,1.0,0.003954648040235043,0.007682144641876221
truthfulqa_544_inc_2,truthfulqa,1,5,0.3,0.6,0.6,0.7289467453956604,0.5642003417015076,1.0,0.17842140793800354,0.2710532546043396
truthfulqa_161_best,truthfulqa,0,5,0.3,0.6,0.6,0.9294039607048035,0.8824726343154907,1.0,0.0525684729218483,0.07059603929519653
truthfulqa_731_best,truthfulqa,0,5,0.0,1.0,0.2,0.860062301158905,0.786449134349823,0.92108154296875,0.04220840707421303,0.13993769884109497
truthfulqa_481_inc_0,truthfulqa,1,5,0.1,0.8,0.4,0.3774104118347168,0.23730158805847168,1.0,0.21305759251117706,0.6225895881652832
truthfulqa_141_inc_2,truthfulqa,1,5,0.0,1.0,0.2,0.6224952936172485,0.35854044556617737,0.8513256907463074,0.16590768098831177,0.37750470638275146
truthfulqa_807_best,truthfulqa,0,5,0.3,0.6,0.6,0.9493979215621948,0.883868932723999,0.9999998807907104,0.05125145986676216,0.050602078437805176
truthfulqa_549_inc_0,truthfulqa,1,5,0.0,1.0,0.2,0.4137929081916809,0.20154981315135956,0.6204929351806641,0.13672438263893127,0.5862070918083191
truthfulqa_696_corr_1,truthfulqa,0,5,0.0,1.0,0.2,0.6730372905731201,0.26260095834732056,0.9588349461555481,0.29010459780693054,0.3269627094268799
truthfulqa_273_corr_2,truthfulqa,0,5,0.0,1.0,0.2,0.8603454828262329,0.7688275575637817,0.9176771640777588,0.04472057521343231,0.1396545171737671
truthfulqa_724_inc_0,truthfulqa,1,5,0.0,1.0,0.2,0.7335231304168701,0.6102715730667114,0.8748441934585571,0.07637567073106766,0.2664768695831299
truthfulqa_752_best,truthfulqa,0,5,0.0,1.0,0.2,0.9667132496833801,0.9453262090682983,0.9937117099761963,0.012987574562430382,0.03328675031661987
truthfulqa_550_inc_1,truthfulqa,1,5,0.0,1.0,0.2,0.4079592823982239,0.11620724201202393,0.7813504338264465,0.22662965953350067,0.5920407176017761
truthfulqa_252_inc_0,truthfulqa,1,5,0.0,1.0,0.2,0.5479851961135864,0.40771400928497314,0.7552695274353027,0.08869049698114395,0.4520148038864136
truthfulqa_360_inc_0,truthfulqa,1,5,0.0,1.0,0.2,0.865526556968689,0.7571945190429688,0.9480776786804199,0.07622075825929642,0.13447344303131104
truthfulqa_445_inc_1,truthfulqa,1,5,0.0,1.0,0.2,0.5968059301376343,0.461788535118103,0.7126619815826416,0.08126965910196304,0.4031940698623657
truthfulqa_482_corr_1,truthfulqa,0,5,0.0,1.0,0.2,0.8866891860961914,0.8149049878120422,0.9354557991027832,0.03704974427819252,0.1133108139038086
truthfulqa_179_inc_2,truthfulqa,1,5,0.1,0.8,0.4,0.8758122324943542,0.7980289459228516,0.9999999403953552,0.06460683792829514,0.12418776750564575
truthfulqa_377_best,truthfulqa,0,5,0.0,1.0,0.2,0.8604288101196289,0.7820781469345093,0.9235746264457703,0.05420777201652527,0.1395711898803711
truthfulqa_733_best,truthfulqa,0,5,0.0,1.0,0.2,0.6815552115440369,0.5682120323181152,0.7848876714706421,0.07221793383359909,0.31844478845596313
truthfulqa_567_inc_3,truthfulqa,1,5,0.2,0.6,0.4,0.4397842288017273,-0.015446390025317669,1.0,0.39223331212997437,0.5602157711982727
truthfulqa_523_inc_4,truthfulqa,1,5,1.0,0.2,1.0,1.0,1.0,1.0,0.0,0.0
truthfulqa_476_inc_0,truthfulqa,1,5,0.0,1.0,0.2,0.6560357213020325,0.4505889415740967,0.9191393852233887,0.1803775280714035,0.34396427869796753
truthfulqa_358_inc_2,truthfulqa,1,5,0.1,0.8,0.4,0.9253056645393372,0.8537873029708862,0.9999998807907104,0.057499032467603683,0.07469433546066284
truthfulqa_484_corr_3,truthfulqa,0,5,0.0,1.0,0.2,0.7582777142524719,0.4991477429866791,0.9310770034790039,0.1275530457496643,0.24172228574752808
truthfulqa_528_inc_3,truthfulqa,1,5,1.0,0.2,1.0,1.0,1.0,1.0,0.0,0.0
truthfulqa_726_best,truthfulqa,0,5,0.2,0.6,0.4,0.7440105676651001,0.6248548030853271,1.0,0.1482936590909958,0.2559894323348999
truthfulqa_368_corr_1,truthfulqa,0,5,0.0,1.0,0.2,0.38846373558044434,0.0843890905380249,0.8039782047271729,0.21914155781269073,0.6115362644195557
truthfulqa_295_corr_3,truthfulqa,0,5,0.1,0.8,0.4,0.5293041467666626,0.21787333488464355,0.9999998807907104,0.2392934113740921,0.4706958532333374
truthfulqa_287_best,truthfulqa,0,5,0.0,1.0,0.2,0.8313566446304321,0.7016122341156006,0.9642339944839478,0.09848251938819885,0.16864335536956787
truthfulqa_443_corr_4,truthfulqa,0,5,0.4,0.4,0.6,0.7545416951179504,0.5977486371994019,1.0,0.188433438539505,0.24545830488204956
truthfulqa_33_best,truthfulqa,0,5,0.0,1.0,0.2,0.8657084703445435,0.7717689275741577,0.9945547580718994,0.10076358914375305,0.13429152965545654
truthfulqa_117_corr_0,truthfulqa,0,5,0.1,0.8,0.4,0.960521399974823,0.9124085903167725,0.9999998807907104,0.03218556195497513,0.039478600025177
truthfulqa_351_corr_2,truthfulqa,0,5,0.0,1.0,0.2,0.8210610151290894,0.6806552410125732,0.922480583190918,0.10056476294994354,0.17893898487091064
truthfulqa_140_inc_4,truthfulqa,1,5,0.0,1.0,0.2,0.4610132575035095,-0.025786899030208588,0.850605845451355,0.3503425419330597,0.5389867424964905
truthfulqa_297_inc_0,truthfulqa,1,5,0.0,1.0,0.2,0.6049507260322571,0.4243573546409607,0.782969057559967,0.11546578258275986,0.3950492739677429
truthfulqa_446_corr_1,truthfulqa,0,5,0.2,0.6,0.4,0.7236579060554504,0.507673978805542,1.0,0.1608762890100479,0.27634209394454956
truthfulqa_302_inc_2,truthfulqa,1,5,0.0,1.0,0.2,0.8156477212905884,0.7463746070861816,0.9323902130126953,0.06274662166833878,0.18435227870941162
truthfulqa_386_corr_2,truthfulqa,0,5,0.0,1.0,0.2,0.8238199353218079,0.7050000429153442,0.8771620988845825,0.05547996237874031,0.17618006467819214
truthfulqa_436_corr_1,truthfulqa,0,5,1.0,0.2,1.0,1.0,1.0,1.0,0.0,0.0
truthfulqa_59_inc_2,truthfulqa,1,5,0.0,1.0,0.2,0.9133162498474121,0.8707000017166138,0.9623606204986572,0.02869221940636635,0.08668375015258789
truthfulqa_363_best,truthfulqa,0,5,0.0,1.0,0.2,0.593446671962738,0.29884636402130127,0.8162312507629395,0.2002609819173813,0.40655332803726196
truthfulqa_454_inc_10,truthfulqa,1,5,0.0,1.0,0.2,0.8049968481063843,0.700009286403656,0.8848249912261963,0.06088299676775932,0.19500315189361572
truthfulqa_328_corr_3,truthfulqa,0,5,0.2,0.6,0.4,0.9371153116226196,0.8592458963394165,0.9999999403953552,0.03732411563396454,0.06288468837738037
truthfulqa_653_best,truthfulqa,0,5,0.3,0.6,0.6,0.3982773721218109,0.019296538084745407,1.0,0.45826128125190735,0.6017226278781891
truthfulqa_491_inc_4,truthfulqa,1,5,0.0,1.0,0.2,0.42116492986679077,0.19453689455986023,0.6877338886260986,0.13652773201465607,0.5788350701332092
truthfulqa_103_inc_0,truthfulqa,1,5,1.0,0.2,1.0,0.9706563949584961,0.9266412854194641,0.9999997615814209,0.035938166081905365,0.029343605041503906
truthfulqa_20_inc_2,truthfulqa,1,5,0.0,1.0,0.2,0.900137722492218,0.8458600640296936,0.9479663372039795,0.03642115741968155,0.09986227750778198
truthfulqa_413_inc_0,truthfulqa,1,5,0.4,0.4,0.6,0.8030883073806763,0.6718138456344604,1.0,0.1607777178287506,0.19691169261932373
truthfulqa_421_corr_2,truthfulqa,0,5,0.3,0.6,0.6,0.598651111125946,0.3823451101779938,1.0,0.24660064280033112,0.40134888887405396
truthfulqa_736_corr_1,truthfulqa,0,5,0.0,1.0,0.2,0.7867125868797302,0.5411719083786011,0.9760485887527466,0.18994683027267456,0.21328741312026978
truthfulqa_644_inc_0,truthfulqa,1,5,0.0,1.0,0.2,0.8680079579353333,0.7989257574081421,0.9253885746002197,0.03679453581571579,0.13199204206466675
truthfulqa_175_corr_1,truthfulqa,0,5,0.0,1.0,0.2,0.32838186621665955,0.194069504737854,0.5732851028442383,0.1164732351899147,0.6716181337833405
truthfulqa_57_inc_3,truthfulqa,1,5,0.0,1.0,0.2,0.9401888847351074,0.8578301668167114,0.9801251888275146,0.03396368399262428,0.05981111526489258
truthfulqa_108_corr_2,truthfulqa,0,5,0.0,1.0,0.2,0.5040017366409302,0.39418259263038635,0.8493205308914185,0.1258680522441864,0.4959982633590698
truthfulqa_319_corr_3,truthfulqa,0,5,0.0,1.0,0.2,0.777805745601654,0.5606048107147217,0.9233353137969971,0.11488454788923264,0.22219425439834595
truthfulqa_38_inc_5,truthfulqa,1,5,1.0,0.2,1.0,0.9714583158493042,0.9286458492279053,1.0,0.034956254065036774,0.0285416841506958
truthfulqa_471_corr_3,truthfulqa,0,5,0.2,0.6,0.4,0.7357068061828613,0.5200088024139404,1.0,0.17545650899410248,0.26429319381713867
truthfulqa_733_corr_2,truthfulqa,0,5,0.0,1.0,0.2,0.7222758531570435,0.6289466619491577,0.8923138976097107,0.06562260538339615,0.27772414684295654
truthfulqa_79_best,truthfulqa,0,5,0.0,1.0,0.2,0.833678126335144,0.7295757532119751,0.9777304530143738,0.0866088792681694,0.16632187366485596
truthfulqa_307_corr_1,truthfulqa,0,5,0.0,1.0,0.2,0.8879274129867554,0.7980703115463257,0.9486764669418335,0.04902617260813713,0.11207258701324463
truthfulqa_608_best,truthfulqa,0,5,0.0,1.0,0.2,0.7886080741882324,0.6190272569656372,0.9449495077133179,0.08052182197570801,0.21139192581176758
truthfulqa_437_best,truthfulqa,0,5,0.1,0.8,0.4,0.689617931842804,0.5840322971343994,1.0,0.10753276199102402,0.31038206815719604
truthfulqa_621_best,truthfulqa,0,5,0.0,1.0,0.2,0.8803278207778931,0.7140576839447021,0.9956439733505249,0.0934450700879097,0.11967217922210693
truthfulqa_115_corr_4,truthfulqa,0,5,0.0,1.0,0.2,0.5954561829566956,0.4025689959526062,0.7561583518981934,0.11852135509252548,0.40454381704330444
truthfulqa_788_inc_1,truthfulqa,1,5,0.0,1.0,0.2,0.8354188799858093,0.7429404854774475,0.9446127414703369,0.06845220178365707,0.16458112001419067
truthfulqa_273_corr_3,truthfulqa,0,5,0.0,1.0,0.2,0.9103269577026367,0.8720566034317017,0.9508466124534607,0.021725747734308243,0.08967304229736328
truthfulqa_119_inc_1,truthfulqa,1,5,0.0,1.0,0.2,0.8815606832504272,0.8382251858711243,0.9271321296691895,0.029068144038319588,0.11843931674957275
truthfulqa_553_inc_1,truthfulqa,1,5,0.0,1.0,0.2,0.8149784207344055,0.7382709980010986,0.8803267478942871,0.052533891052007675,0.18502157926559448
truthfulqa_394_best,truthfulqa,0,5,0.0,1.0,0.2,0.40089425444602966,0.11397024989128113,0.9004708528518677,0.26190996170043945,0.5991057455539703
truthfulqa_285_corr_3,truthfulqa,0,5,0.0,1.0,0.2,0.7213144302368164,0.5821332931518555,0.7976549863815308,0.05772900953888893,0.2786855697631836
truthfulqa_235_corr_1,truthfulqa,0,5,0.0,1.0,0.2,0.9148146510124207,0.888006329536438,0.9591830968856812,0.021724017336964607,0.08518534898757935
truthfulqa_139_inc_4,truthfulqa,1,5,0.0,1.0,0.2,0.4180430471897125,0.0031358450651168823,0.9707404971122742,0.2951875329017639,0.5819569528102875
truthfulqa_416_inc_1,truthfulqa,1,5,0.1,0.8,0.4,0.819902241230011,0.7448303699493408,1.0,0.08679380267858505,0.180097758769989
truthfulqa_551_inc_9,truthfulqa,1,5,0.0,1.0,0.2,0.6110626459121704,0.27238786220550537,0.852725625038147,0.16499213874340057,0.3889373540878296
truthfulqa_374_best,truthfulqa,0,5,0.0,1.0,0.2,0.43858423829078674,0.22295038402080536,0.7324373722076416,0.15130706131458282,0.5614157617092133
truthfulqa_521_inc_0,truthfulqa,1,5,1.0,0.2,1.0,0.9797666668891907,0.9494166374206543,1.0,0.02478068694472313,0.020233333110809326
truthfulqa_646_inc_1,truthfulqa,1,5,0.6,0.4,0.8,0.9459298253059387,0.8648244738578796,1.0,0.06622221320867538,0.05407017469406128
truthfulqa_605_corr_1,truthfulqa,0,5,0.1,0.8,0.4,0.34041398763656616,0.15742437541484833,0.8900113105773926,0.20524929463863373,0.6595860123634338
truthfulqa_345_corr_3,truthfulqa,0,5,0.0,1.0,0.2,0.8196757435798645,0.7040809988975525,0.9622814655303955,0.08011970669031143,0.1803242564201355
truthfulqa_324_corr_4,truthfulqa,0,5,0.0,1.0,0.2,0.7383233904838562,0.6129966974258423,0.9083883166313171,0.10658437758684158,0.2616766095161438
truthfulqa_649_inc_1,truthfulqa,1,5,0.1,0.8,0.4,0.8706960678100586,0.7551683783531189,1.0,0.06873029470443726,0.1293039321899414
truthfulqa_806_corr_1,truthfulqa,0,5,0.1,0.8,0.4,0.41213640570640564,0.21256768703460693,0.9999997615814209,0.23231267929077148,0.5878635942935944
truthfulqa_730_corr_2,truthfulqa,0,5,1.0,0.2,1.0,1.0,1.0,1.0,0.0,0.0
truthfulqa_364_corr_1,truthfulqa,0,5,0.0,1.0,0.2,0.7803329229354858,0.6013990640640259,0.8725100755691528,0.07404928654432297,0.21966707706451416
truthfulqa_399_inc_1,truthfulqa,1,5,0.0,1.0,0.2,0.8874543309211731,0.8419178128242493,0.9407260417938232,0.03105204366147518,0.1125456690788269
truthfulqa_754_corr_1,truthfulqa,0,5,0.1,0.8,0.4,0.4599897265434265,0.2870510220527649,0.9999997615814209,0.18582913279533386,0.5400102734565735
truthfulqa_484_corr_1,truthfulqa,0,5,0.0,1.0,0.2,0.84724360704422,0.7530684471130371,0.9589877128601074,0.058722201734781265,0.15275639295578003
truthfulqa_37_inc_0,truthfulqa,1,5,0.0,1.0,0.2,0.7837327718734741,0.6773605346679688,0.9989815950393677,0.12303811311721802,0.21626722812652588
truthfulqa_442_inc_3,truthfulqa,1,5,0.0,1.0,0.2,0.27831417322158813,0.03048817068338394,0.8231269121170044,0.2619221806526184,0.7216858267784119
truthfulqa_403_corr_3,truthfulqa,0,5,0.0,1.0,0.2,0.9608007669448853,0.9390625357627869,0.972847580909729,0.012383456341922283,0.039199233055114746
truthfulqa_90_best,truthfulqa,0,5,0.1,0.8,0.4,0.8176849484443665,0.655480682849884,1.0,0.12583251297473907,0.18231505155563354
truthfulqa_169_inc_3,truthfulqa,1,5,0.3,0.6,0.6,0.46405038237571716,0.10728373378515244,1.0,0.4258180260658264,0.5359496176242828
truthfulqa_390_corr_2,truthfulqa,0,5,0.0,1.0,0.2,0.7477834224700928,0.6241967678070068,0.8504458665847778,0.06907464563846588,0.2522165775299072
truthfulqa_506_inc_4,truthfulqa,1,5,0.3,0.6,0.6,0.7790766954421997,0.6069700717926025,1.0,0.1539946049451828,0.2209233045578003
truthfulqa_291_best,truthfulqa,0,5,0.0,1.0,0.2,0.4803396761417389,0.3324843943119049,0.6481994390487671,0.10748577117919922,0.5196603238582611
truthfulqa_293_best,truthfulqa,0,5,0.3,0.6,0.6,0.905774712562561,0.7609981298446655,1.0,0.09429576992988586,0.09422528743743896
truthfulqa_491_inc_1,truthfulqa,1,5,0.0,1.0,0.2,0.6643467545509338,0.3041747212409973,0.9958677887916565,0.29066887497901917,0.33565324544906616
truthfulqa_677_corr_2,truthfulqa,0,5,0.1,0.8,0.4,0.9690271615982056,0.9454402923583984,1.0,0.019801367074251175,0.030972838401794434
truthfulqa_206_inc_0,truthfulqa,1,5,0.0,1.0,0.2,0.9804803729057312,0.9655419588088989,0.9981694221496582,0.010090707801282406,0.0195196270942688
truthfulqa_224_inc_2,truthfulqa,1,5,0.0,1.0,0.2,0.6627687811851501,0.5023074150085449,0.973924994468689,0.1618327498435974,0.33723121881484985
truthfulqa_44_inc_0,truthfulqa,1,5,0.0,1.0,0.2,0.6542124152183533,0.45409855246543884,0.790130078792572,0.10979469865560532,0.34578758478164673
truthfulqa_30_inc_1,truthfulqa,1,5,0.0,1.0,0.2,0.34841325879096985,0.1459944099187851,0.6173982620239258,0.12121644616127014,0.6515867412090302
truthfulqa_56_best,truthfulqa,0,5,0.0,1.0,0.2,0.8225623965263367,0.7180629968643188,0.9390618801116943,0.06847108155488968,0.17743760347366333
truthfulqa_213_corr_1,truthfulqa,0,5,0.0,1.0,0.2,0.7714365720748901,0.5856040120124817,0.9837983846664429,0.1157771646976471,0.22856342792510986
truthfulqa_549_inc_2,truthfulqa,1,5,0.0,1.0,0.2,0.31852301955223083,0.15076376497745514,0.8420559167861938,0.2040562778711319,0.6814769804477692
truthfulqa_447_best,truthfulqa,0,5,0.1,0.8,0.4,0.5466582179069519,0.12978266179561615,1.0,0.3020462989807129,0.4533417820930481
truthfulqa_16_corr_6,truthfulqa,0,5,0.0,1.0,0.2,0.6518064141273499,0.5375855565071106,0.850364089012146,0.09432859718799591,0.34819358587265015
truthfulqa_103_inc_3,truthfulqa,1,5,1.0,0.2,1.0,0.9706563949584961,0.9266412854194641,0.9999997615814209,0.035938166081905365,0.029343605041503906
truthfulqa_489_best,truthfulqa,0,5,0.0,1.0,0.2,0.9455724954605103,0.9210101366043091,0.9711325764656067,0.015372524969279766,0.054427504539489746
truthfulqa_520_inc_3,truthfulqa,1,5,1.0,0.2,1.0,0.9745577573776245,0.9363946914672852,0.9999998807907104,0.031160052865743637,0.02544224262237549
truthfulqa_743_inc_1,truthfulqa,1,5,0.0,1.0,0.2,0.8284767866134644,0.7342243194580078,0.9458404183387756,0.06261228024959564,0.17152321338653564
truthfulqa_636_corr_1,truthfulqa,0,5,0.0,1.0,0.2,0.8299282193183899,0.7047096490859985,0.9615558385848999,0.07844948023557663,0.1700717806816101
truthfulqa_568_inc_2,truthfulqa,1,5,0.3,0.6,0.6,0.7667089700698853,0.4470444917678833,0.9999998211860657,0.24488505721092224,0.23329102993011475
truthfulqa_530_corr_3,truthfulqa,0,5,0.0,1.0,0.2,0.7939826846122742,0.6145955324172974,0.8863404989242554,0.07424575835466385,0.20601731538772583
truthfulqa_279_inc_2,truthfulqa,1,5,0.0,1.0,0.2,0.9088507890701294,0.7753844261169434,0.9948081970214844,0.06697186827659607,0.0911492109298706
truthfulqa_113_inc_2,truthfulqa,1,5,1.0,0.2,1.0,0.9746769070625305,0.9577949047088623,0.9999998807907104,0.020676130428910255,0.025323092937469482
truthfulqa_62_inc_2,truthfulqa,1,5,0.1,0.8,0.4,0.6040545105934143,0.30157580971717834,0.9827936887741089,0.1981983333826065,0.3959454894065857
truthfulqa_131_corr_2,truthfulqa,0,5,0.1,0.8,0.4,0.4860772490501404,0.3541046380996704,0.979702353477478,0.17044340074062347,0.5139227509498596
truthfulqa_131_inc_0,truthfulqa,1,5,0.0,1.0,0.2,0.45651373267173767,0.22629493474960327,0.7588557004928589,0.20057310163974762,0.5434862673282623
truthfulqa_642_inc_1,truthfulqa,1,5,0.0,1.0,0.2,0.8732754588127136,0.8176650404930115,0.9573594331741333,0.04009831324219704,0.12672454118728638
truthfulqa_694_inc_2,truthfulqa,1,5,0.0,1.0,0.2,0.48416465520858765,0.3146968185901642,0.6201575994491577,0.09012770652770996,0.5158353447914124
truthfulqa_188_corr_2,truthfulqa,0,5,0.0,1.0,0.2,0.8895169496536255,0.8105747699737549,0.9528961777687073,0.04943065345287323,0.11048305034637451
truthfulqa_559_corr_2,truthfulqa,0,5,0.6,0.4,0.8,0.860218346118927,0.6906521916389465,1.0,0.12876342236995697,0.139781653881073
truthfulqa_356_inc_2,truthfulqa,1,5,0.0,1.0,0.2,0.7551515698432922,0.6917862892150879,0.8257400393486023,0.03724902868270874,0.24484843015670776
truthfulqa_382_best,truthfulqa,0,5,0.0,1.0,0.2,0.6842237710952759,0.4816340208053589,0.8713526725769043,0.13840776681900024,0.3157762289047241
truthfulqa_643_inc_2,truthfulqa,1,5,1.0,0.2,1.0,1.0,1.0,1.0,0.0,0.0
truthfulqa_565_inc_1,truthfulqa,1,5,0.6,0.4,0.8,0.7432505488395691,0.3548787236213684,1.0,0.30031874775886536,0.2567494511604309
truthfulqa_331_corr_4,truthfulqa,0,5,0.0,1.0,0.2,0.9052441716194153,0.8297299146652222,0.9753602743148804,0.040339477360248566,0.09475582838058472
truthfulqa_582_corr_1,truthfulqa,0,5,0.3,0.6,0.6,0.49280160665512085,0.18127842247486115,0.9999999403953552,0.32121741771698,0.5071983933448792
truthfulqa_300_inc_9,truthfulqa,1,5,0.2,0.6,0.4,0.378013551235199,0.04463997483253479,1.0,0.3280176520347595,0.621986448764801
truthfulqa_541_inc_2,truthfulqa,1,5,0.1,0.8,0.4,0.49568408727645874,0.14623203873634338,1.0,0.25217005610466003,0.5043159127235413
truthfulqa_681_corr_1,truthfulqa,0,5,0.6,0.4,0.8,0.6592346429824829,0.14808663725852966,0.9999999403953552,0.41735056042671204,0.3407653570175171
truthfulqa_606_corr_2,truthfulqa,0,5,0.0,1.0,0.2,0.8811399340629578,0.8374569416046143,0.9278758764266968,0.026518724858760834,0.11886006593704224
truthfulqa_263_best,truthfulqa,0,5,0.1,0.8,0.4,0.9503918886184692,0.9202052354812622,1.0,0.023675257340073586,0.04960811138153076
truthfulqa_512_inc_5,truthfulqa,1,5,0.0,1.0,0.2,0.7126391530036926,0.44817018508911133,0.9054338932037354,0.1793406754732132,0.2873608469963074
truthfulqa_225_corr_1,truthfulqa,0,5,0.6,0.4,0.8,0.9988174438476562,0.9970436692237854,1.0,0.0014483004342764616,0.00118255615234375
truthfulqa_405_inc_2,truthfulqa,1,5,0.0,1.0,0.2,0.9156869649887085,0.8376902341842651,0.9681628942489624,0.03931872546672821,0.0843130350112915
truthfulqa_174_corr_2,truthfulqa,0,5,1.0,0.2,1.0,0.9675470590591431,0.9459117650985718,1.0,0.026497716084122658,0.032452940940856934
truthfulqa_728_inc_0,truthfulqa,1,5,0.6,0.4,0.8,0.8818318247795105,0.7045797109603882,1.0,0.14472578465938568,0.1181681752204895
truthfulqa_582_corr_2,truthfulqa,0,5,0.6,0.4,0.8,0.6586135029792786,0.1938886046409607,1.0,0.3767971396446228,0.34138649702072144
truthfulqa_87_inc_2,truthfulqa,1,5,0.0,1.0,0.2,0.8268851041793823,0.7660163640975952,0.9007267951965332,0.04752955958247185,0.17311489582061768
truthfulqa_436_inc_1,truthfulqa,1,5,0.1,0.8,0.4,0.6732339262962341,0.48659026622772217,1.0,0.12105098366737366,0.32676607370376587
truthfulqa_44_corr_2,truthfulqa,0,5,0.0,1.0,0.2,0.7009129524230957,0.5148098468780518,0.8816195726394653,0.11041154712438583,0.2990870475769043
truthfulqa_62_corr_2,truthfulqa,0,5,0.0,1.0,0.2,0.6005564332008362,0.4067157208919525,0.959465503692627,0.1801116168498993,0.3994435667991638
truthfulqa_60_inc_1,truthfulqa,1,5,0.0,1.0,0.2,0.8804057836532593,0.8298161029815674,0.9206364750862122,0.027626557275652885,0.11959421634674072
truthfulqa_193_best,truthfulqa,0,5,0.0,1.0,0.2,0.8774263262748718,0.823512077331543,0.9943180084228516,0.05343807861208916,0.12257367372512817
truthfulqa_277_corr_3,truthfulqa,0,5,0.2,0.6,0.4,0.9405953288078308,0.8630694150924683,1.0,0.06321416795253754,0.05940467119216919
truthfulqa_288_corr_1,truthfulqa,0,5,0.3,0.6,0.6,0.5547592639923096,0.28023016452789307,1.0,0.3109308183193207,0.44524073600769043
truthfulqa_6_best,truthfulqa,0,5,0.0,1.0,0.2,0.6507250070571899,0.5610226392745972,0.8530405759811401,0.09035642445087433,0.34927499294281006
truthfulqa_392_inc_1,truthfulqa,1,5,0.0,1.0,0.2,0.8538491129875183,0.8104592561721802,0.9429482221603394,0.03808516636490822,0.1461508870124817
truthfulqa_20_inc_3,truthfulqa,1,5,0.0,1.0,0.2,0.7831259369850159,0.7017474174499512,0.9675935506820679,0.0736822709441185,0.21687406301498413
truthfulqa_280_corr_3,truthfulqa,0,5,0.1,0.8,0.4,0.8931170701980591,0.8464688062667847,1.0,0.04143651947379112,0.10688292980194092
truthfulqa_434_inc_2,truthfulqa,1,5,1.0,0.2,1.0,0.9807530641555786,0.9518827199935913,1.0,0.023572556674480438,0.019246935844421387
truthfulqa_69_inc_0,truthfulqa,1,5,0.0,1.0,0.2,0.8043770790100098,0.7388699054718018,0.9073371291160583,0.04321955889463425,0.19562292098999023
truthfulqa_780_best,truthfulqa,0,5,0.1,0.8,0.4,0.49328190088272095,0.22113408148288727,1.0,0.22306112945079803,0.506718099117279
truthfulqa_519_best,truthfulqa,0,5,0.3,0.6,0.6,0.7670383453369141,0.49141925573349,1.0,0.14575766026973724,0.23296165466308594
truthfulqa_776_inc_3,truthfulqa,1,5,0.0,1.0,0.2,0.5683995485305786,0.0718286782503128,0.9380685687065125,0.3961445391178131,0.4316004514694214
truthfulqa_259_corr_1,truthfulqa,0,5,0.0,1.0,0.2,0.8443514108657837,0.7452980279922485,0.9547625780105591,0.0771849974989891,0.1556485891342163
truthfulqa_190_corr_2,truthfulqa,0,5,0.0,1.0,0.2,0.8552833795547485,0.7966291308403015,0.9307150840759277,0.04013817757368088,0.14471662044525146
truthfulqa_362_inc_2,truthfulqa,1,5,0.0,1.0,0.2,0.4768313765525818,0.07169748842716217,0.8606503009796143,0.3116272985935211,0.5231686234474182
truthfulqa_804_corr_1,truthfulqa,0,5,0.0,1.0,0.2,0.3605797588825226,0.16951648890972137,0.5356560349464417,0.11357606202363968,0.6394202411174774
truthfulqa_456_inc_2,truthfulqa,1,5,0.0,1.0,0.2,0.4686650335788727,0.21415317058563232,0.869095504283905,0.2235301285982132,0.5313349664211273
truthfulqa_438_best,truthfulqa,0,5,0.2,0.6,0.4,0.9151352047920227,0.8590327501296997,1.0,0.05087176710367203,0.0848647952079773
truthfulqa_100_corr_3,truthfulqa,0,5,0.6,0.4,0.8,0.7981263995170593,0.4953160285949707,1.0,0.24724364280700684,0.20187360048294067
truthfulqa_250_corr_2,truthfulqa,0,5,0.0,1.0,0.2,0.5657731890678406,0.21346652507781982,0.8848674297332764,0.260267436504364,0.4342268109321594
truthfulqa_715_inc_0,truthfulqa,1,5,0.0,1.0,0.2,0.816830039024353,0.7127837538719177,0.8837634921073914,0.052610211074352264,0.18316996097564697
truthfulqa_178_corr_1,truthfulqa,0,5,0.0,1.0,0.2,0.5206944346427917,0.1198418065905571,0.9171938896179199,0.28481006622314453,0.47930556535720825
truthfulqa_95_inc_1,truthfulqa,1,5,0.1,0.8,0.4,0.5013038516044617,0.24675190448760986,0.9999998211860657,0.21032413840293884,0.49869614839553833
truthfulqa_232_inc_2,truthfulqa,1,5,0.0,1.0,0.2,0.4956744313240051,0.11436785012483597,0.7861613035202026,0.24662666022777557,0.5043255686759949
truthfulqa_312_inc_3,truthfulqa,1,5,0.0,1.0,0.2,0.7630895972251892,0.6157064437866211,0.8663202524185181,0.08426418155431747,0.2369104027748108
truthfulqa_541_inc_0,truthfulqa,1,5,0.0,1.0,0.2,0.34720781445503235,0.12910403311252594,0.75922030210495,0.20388883352279663,0.6527921855449677
truthfulqa_593_inc_1,truthfulqa,1,5,0.0,1.0,0.2,0.6455246210098267,0.5719307065010071,0.7511794567108154,0.05249195173382759,0.35447537899017334
truthfulqa_240_corr_2,truthfulqa,0,5,0.0,1.0,0.2,0.8584461212158203,0.7622532844543457,0.9702789783477783,0.07571578770875931,0.1415538787841797
truthfulqa_56_inc_0,truthfulqa,1,5,0.0,1.0,0.2,0.8258732557296753,0.7391407489776611,0.9095070362091064,0.04764417186379433,0.1741267442703247
truthfulqa_151_best,truthfulqa,0,5,0.0,1.0,0.2,0.5680321455001831,0.32915812730789185,0.8478703498840332,0.18451735377311707,0.4319678544998169
truthfulqa_244_inc_2,truthfulqa,1,5,0.1,0.8,0.4,0.6610671877861023,0.28832194209098816,1.0,0.2175321877002716,0.3389328122138977
truthfulqa_670_corr_4,truthfulqa,0,5,0.0,1.0,0.2,0.7378418445587158,0.5910126566886902,0.9388284683227539,0.08889639377593994,0.2621581554412842
truthfulqa_18_inc_4,truthfulqa,1,5,0.0,1.0,0.2,0.8517098426818848,0.7102175951004028,0.9777780771255493,0.09720733761787415,0.14829015731811523
truthfulqa_336_best,truthfulqa,0,5,0.0,1.0,0.2,0.7144569158554077,0.5678648948669434,0.9028609991073608,0.08716392517089844,0.2855430841445923
truthfulqa_421_corr_3,truthfulqa,0,5,1.0,0.2,1.0,0.970007061958313,0.9500117301940918,1.0,0.024489151313900948,0.02999293804168701
truthfulqa_318_inc_4,truthfulqa,1,5,0.1,0.8,0.4,0.42617911100387573,0.08929231017827988,1.0,0.3032973110675812,0.5738208889961243
truthfulqa_172_inc_1,truthfulqa,1,5,0.0,1.0,0.2,0.7859355211257935,0.645129919052124,0.8986185789108276,0.08310511708259583,0.21406447887420654
truthfulqa_695_inc_0,truthfulqa,1,5,0.0,1.0,0.2,0.7055808901786804,0.49401140213012695,0.8227765560150146,0.10142868012189865,0.2944191098213196
truthfulqa_524_corr_2,truthfulqa,0,5,0.6,0.4,0.8,0.8705929517745972,0.6764825582504272,1.0,0.15849053859710693,0.12940704822540283
truthfulqa_110_inc_3,truthfulqa,1,5,0.6,0.4,0.8,0.9874812960624695,0.9687033891677856,0.9999998807907104,0.015332086943089962,0.012518703937530518
truthfulqa_400_best,truthfulqa,0,5,0.0,1.0,0.2,0.32123422622680664,0.07429539412260056,0.8086752891540527,0.23589812219142914,0.6787657737731934
truthfulqa_344_inc_0,truthfulqa,1,5,0.0,1.0,0.2,0.7218276858329773,0.5251204967498779,0.9871151447296143,0.18587175011634827,0.2781723141670227
truthfulqa_6_inc_0,truthfulqa,1,5,0.0,1.0,0.2,0.6604952812194824,0.5283768177032471,0.7716790437698364,0.0699068009853363,0.3395047187805176
truthfulqa_555_corr_2,truthfulqa,0,5,0.0,1.0,0.2,0.8591064214706421,0.799638569355011,0.9461775422096252,0.049990464001894,0.1408935785293579
truthfulqa_102_corr_4,truthfulqa,0,5,1.0,0.2,1.0,1.0,1.0,1.0,0.0,0.0
truthfulqa_510_inc_6,truthfulqa,1,5,0.0,1.0,0.2,0.6241059303283691,0.4495285749435425,0.7556387782096863,0.10662152618169785,0.37589406967163086
truthfulqa_537_inc_2,truthfulqa,1,5,0.0,1.0,0.2,0.5374076962471008,0.3616514503955841,0.7278951406478882,0.10577666759490967,0.46259230375289917
truthfulqa_43_inc_0,truthfulqa,1,5,0.1,0.8,0.4,0.5886884927749634,0.38070496916770935,1.0,0.20330649614334106,0.4113115072250366
truthfulqa_617_inc_0,truthfulqa,1,5,0.0,1.0,0.2,0.3319982588291168,0.12100791931152344,0.7564626336097717,0.19167442619800568,0.6680017411708832
truthfulqa_17_corr_1,truthfulqa,0,5,0.0,1.0,0.2,0.5234866738319397,0.18411456048488617,0.9683346748352051,0.35857093334198,0.4765133261680603
truthfulqa_694_best,truthfulqa,0,5,0.0,1.0,0.2,0.5347709655761719,0.23751240968704224,0.7657381296157837,0.19365523755550385,0.4652290344238281
truthfulqa_65_inc_0,truthfulqa,1,5,0.0,1.0,0.2,0.7119954824447632,0.4902608394622803,0.9877625703811646,0.17938034236431122,0.2880045175552368
truthfulqa_761_corr_1,truthfulqa,0,5,0.0,1.0,0.2,0.9549812078475952,0.9027511477470398,0.998347282409668,0.03225729614496231,0.045018792152404785
truthfulqa_325_inc_3,truthfulqa,1,5,0.0,1.0,0.2,0.7879348993301392,0.7054827213287354,0.9747058153152466,0.07591737061738968,0.21206510066986084
truthfulqa_340_corr_3,truthfulqa,0,5,0.0,1.0,0.2,0.7732137441635132,0.6661557555198669,0.8873282670974731,0.06602684408426285,0.22678625583648682
truthfulqa_41_inc_2,truthfulqa,1,5,0.0,1.0,0.2,0.872303307056427,0.8028123378753662,0.9559412598609924,0.05783749371767044,0.127696692943573
truthfulqa_703_inc_2,truthfulqa,1,5,0.0,1.0,0.2,0.828153133392334,0.7201370000839233,0.9581657648086548,0.06560119986534119,0.17184686660766602
truthfulqa_30_best,truthfulqa,0,5,0.1,0.8,0.4,0.3697740435600281,0.1730414181947708,1.0,0.2741491198539734,0.6302259564399719
truthfulqa_433_best,truthfulqa,0,5,0.0,1.0,0.2,0.23951581120491028,-0.04115338996052742,0.4971008598804474,0.16420796513557434,0.7604841887950897
truthfulqa_45_corr_4,truthfulqa,0,5,0.0,1.0,0.2,0.38529956340789795,0.13670586049556732,0.6914152503013611,0.15983562171459198,0.614700436592102
truthfulqa_60_inc_0,truthfulqa,1,5,0.0,1.0,0.2,0.9169068336486816,0.8784313797950745,0.9492052793502808,0.02130972407758236,0.08309316635131836
truthfulqa_310_inc_0,truthfulqa,1,5,0.1,0.8,0.4,0.33594563603401184,0.03584267944097519,1.0,0.3135182857513428,0.6640543639659882
truthfulqa_363_inc_0,truthfulqa,1,5,0.0,1.0,0.2,0.6296732425689697,0.4597618579864502,0.802018404006958,0.1045449897646904,0.3703267574310303
truthfulqa_246_corr_1,truthfulqa,0,5,0.2,0.6,0.4,0.9760159254074097,0.9544248580932617,1.0,0.015951136127114296,0.023984074592590332
truthfulqa_353_inc_1,truthfulqa,1,5,0.0,1.0,0.2,0.8334494829177856,0.7687846422195435,0.8971253633499146,0.03640514612197876,0.16655051708221436
truthfulqa_716_best,truthfulqa,0,5,0.0,1.0,0.2,0.3342323899269104,0.12493450194597244,0.8590368032455444,0.24975527822971344,0.6657676100730896
truthfulqa_493_inc_3,truthfulqa,1,5,0.0,1.0,0.2,0.4506150186061859,-0.02187471091747284,0.8659074306488037,0.36856377124786377,0.5493849813938141
truthfulqa_618_corr_2,truthfulqa,0,5,0.2,0.6,0.4,0.8285965919494629,0.6173524856567383,1.0,0.15527138113975525,0.1714034080505371
truthfulqa_129_inc_4,truthfulqa,1,5,0.3,0.6,0.6,0.6387386322021484,0.3540824055671692,1.0,0.25566214323043823,0.36126136779785156
truthfulqa_65_inc_1,truthfulqa,1,5,0.0,1.0,0.2,0.6835745573043823,0.4777149558067322,0.8269882202148438,0.11840878427028656,0.3164254426956177
truthfulqa_272_corr_2,truthfulqa,0,5,0.0,1.0,0.2,0.9747703671455383,0.9606876373291016,0.9895275831222534,0.0095015624538064,0.02522963285446167
truthfulqa_725_corr_2,truthfulqa,0,5,0.0,1.0,0.2,0.6061211824417114,0.3446354269981384,0.7473804354667664,0.12005696445703506,0.3938788175582886
truthfulqa_113_best,truthfulqa,0,5,0.4,0.4,0.6,0.7061775922775269,0.5187497735023499,1.0,0.21100716292858124,0.29382240772247314
truthfulqa_205_inc_2,truthfulqa,1,5,0.6,0.4,0.8,0.971268355846405,0.928170919418335,1.0,0.03518892079591751,0.02873164415359497
truthfulqa_148_best,truthfulqa,0,5,0.1,0.8,0.4,0.33973193168640137,0.21741226315498352,0.9752449989318848,0.2175235152244568,0.6602680683135986
truthfulqa_633_inc_0,truthfulqa,1,5,0.0,1.0,0.2,0.7732325196266174,0.6188650131225586,0.9508311152458191,0.10642628371715546,0.22676748037338257
truthfulqa_124_best,truthfulqa,0,5,0.0,1.0,0.2,0.948833167552948,0.9190961718559265,0.9754526615142822,0.016453610733151436,0.051166832447052
truthfulqa_100_best,truthfulqa,0,5,0.4,0.4,0.6,0.5580781102180481,0.29034462571144104,1.0,0.32668620347976685,0.4419218897819519
truthfulqa_168_corr_1,truthfulqa,0,5,0.1,0.8,0.4,0.21598167717456818,-0.035415757447481155,0.9810405373573303,0.27468112111091614,0.7840183228254318
truthfulqa_199_corr_1,truthfulqa,0,5,0.0,1.0,0.2,0.6798654794692993,0.47226983308792114,0.8247733116149902,0.13552087545394897,0.3201345205307007
truthfulqa_685_inc_0,truthfulqa,1,5,0.0,1.0,0.2,0.7458676099777222,0.681942343711853,0.8246868848800659,0.03734515979886055,0.25413239002227783
truthfulqa_83_inc_1,truthfulqa,1,5,0.0,1.0,0.2,0.6967665553092957,0.5407249927520752,0.8002254962921143,0.09236008673906326,0.30323344469070435
truthfulqa_350_inc_1,truthfulqa,1,5,0.0,1.0,0.2,0.8609716296195984,0.7535096406936646,0.9370112419128418,0.06001586839556694,0.1390283703804016
truthfulqa_70_best,truthfulqa,0,5,0.0,1.0,0.2,0.3092304766178131,0.01538904570043087,0.6722548604011536,0.22147135436534882,0.6907695233821869
truthfulqa_769_inc_3,truthfulqa,1,5,0.0,1.0,0.2,0.6095248460769653,0.18568703532218933,0.9516994953155518,0.3303413689136505,0.39047515392303467
truthfulqa_614_best,truthfulqa,0,5,0.0,1.0,0.2,0.4700191915035248,0.25276511907577515,0.8490258455276489,0.17705705761909485,0.5299808084964752
truthfulqa_419_best,truthfulqa,0,5,1.0,0.2,1.0,0.9700071215629578,0.9500117301940918,1.0,0.024489151313900948,0.029992878437042236
truthfulqa_11_inc_3,truthfulqa,1,5,1.0,0.2,1.0,0.9633985757827759,0.9084964990615845,1.0,0.04482737556099892,0.03660142421722412
truthfulqa_50_inc_1,truthfulqa,1,5,0.0,1.0,0.2,0.6526471376419067,0.48586857318878174,0.8455436825752258,0.14177928864955902,0.34735286235809326
truthfulqa_629_inc_0,truthfulqa,1,5,0.0,1.0,0.2,0.7090703248977661,0.46132439374923706,0.8410394191741943,0.10795573890209198,0.2909296751022339
truthfulqa_274_best,truthfulqa,0,5,0.1,0.8,0.4,0.9515045285224915,0.8745614290237427,0.9999998807907104,0.04520757123827934,0.048495471477508545
truthfulqa_333_best,truthfulqa,0,5,0.0,1.0,0.2,0.7918998003005981,0.6519807577133179,0.9329476356506348,0.0800212174654007,0.20810019969940186
truthfulqa_201_corr_2,truthfulqa,0,5,0.0,1.0,0.2,0.8659898638725281,0.7679030895233154,0.9631823301315308,0.0698009580373764,0.13401013612747192
truthfulqa_615_inc_1,truthfulqa,1,5,0.3,0.6,0.6,0.8897438049316406,0.7297278642654419,1.0,0.09235119074583054,0.11025619506835938
truthfulqa_588_best,truthfulqa,0,5,0.0,1.0,0.2,0.8929503560066223,0.8320944309234619,0.9621522426605225,0.03461683541536331,0.10704964399337769
truthfulqa_41_inc_8,truthfulqa,1,5,0.0,1.0,0.2,0.8603793978691101,0.805248498916626,0.9430516958236694,0.04824775084853172,0.1396206021308899
truthfulqa_613_corr_3,truthfulqa,0,5,0.0,1.0,0.2,0.5939468145370483,0.44661271572113037,0.9655767679214478,0.16007718443870544,0.40605318546295166
truthfulqa_352_corr_2,truthfulqa,0,5,0.0,1.0,0.2,0.8530521392822266,0.7827305793762207,0.9270979166030884,0.04748818650841713,0.14694786071777344
truthfulqa_89_inc_1,truthfulqa,1,5,0.6,0.4,0.8,0.9987853169441223,0.9969635605812073,0.9999998211860657,0.0014874578919261694,0.0012146830558776855
truthfulqa_109_corr_2,truthfulqa,0,5,0.1,0.8,0.4,0.7720376253128052,0.6015081405639648,1.0,0.13396096229553223,0.22796237468719482
truthfulqa_42_inc_0,truthfulqa,1,5,0.0,1.0,0.2,0.7715107202529907,0.6203550100326538,0.8801705241203308,0.09257251024246216,0.22848927974700928
truthfulqa_276_inc_2,truthfulqa,1,5,0.0,1.0,0.2,0.9411836862564087,0.9137363433837891,0.9690612554550171,0.0170120932161808,0.05881631374359131
truthfulqa_285_inc_2,truthfulqa,1,5,0.0,1.0,0.2,0.5341683626174927,0.14363649487495422,0.917023777961731,0.31800463795661926,0.4658316373825073
truthfulqa_150_best,truthfulqa,0,5,0.1,0.8,0.4,0.4474875032901764,0.19699108600616455,1.0,0.27074798941612244,0.5525124967098236
truthfulqa_810_corr_4,truthfulqa,0,5,0.0,1.0,0.2,0.5025188326835632,0.4243873357772827,0.5637929439544678,0.04084303602576256,0.49748116731643677
truthfulqa_578_best,truthfulqa,0,5,0.6,0.4,0.8,0.6737513542175293,0.14807988703250885,1.0,0.3697720170021057,0.3262486457824707
truthfulqa_747_inc_1,truthfulqa,1,5,0.0,1.0,0.2,0.4945127069950104,0.042821530252695084,0.910079836845398,0.3101014792919159,0.5054872930049896
truthfulqa_551_best,truthfulqa,0,5,0.0,1.0,0.2,0.6370754241943359,0.3567001223564148,0.8514941930770874,0.19121812283992767,0.36292457580566406
truthfulqa_274_corr_1,truthfulqa,0,5,0.1,0.8,0.4,0.8783615827560425,0.7194106578826904,0.9999998807907104,0.10412964224815369,0.12163841724395752
truthfulqa_733_inc_0,truthfulqa,1,5,0.0,1.0,0.2,0.7647130489349365,0.7100184559822083,0.8663686513900757,0.0504869744181633,0.23528695106506348
truthfulqa_516_corr_1,truthfulqa,0,5,0.6,0.4,0.8,0.9966976046562195,0.9917443990707397,0.9999998807907104,0.004044343251734972,0.0033023953437805176
truthfulqa_422_inc_2,truthfulqa,1,5,1.0,0.2,1.0,0.9884840250015259,0.980806827545166,1.0,0.009402696043252945,0.011515974998474121
truthfulqa_564_inc_6,truthfulqa,1,5,0.1,0.8,0.4,0.5918377041816711,0.32684096693992615,1.0,0.26322874426841736,0.40816229581832886
truthfulqa_425_best,truthfulqa,0,5,0.3,0.6,0.6,0.541656494140625,0.21125191450119019,1.0,0.29228195548057556,0.458343505859375
truthfulqa_310_inc_2,truthfulqa,1,5,0.0,1.0,0.2,0.39248910546302795,0.11695876717567444,0.6389113664627075,0.1876067966222763,0.607510894536972
truthfulqa_709_inc_1,truthfulqa,1,5,0.0,1.0,0.2,0.5774489641189575,0.05894908681511879,0.9561187624931335,0.40250375866889954,0.4225510358810425
truthfulqa_389_best,truthfulqa,0,5,0.0,1.0,0.2,0.9254668951034546,0.8380416631698608,0.9912289977073669,0.04530465975403786,0.07453310489654541
truthfulqa_509_corr_1,truthfulqa,0,5,0.0,1.0,0.2,0.8322222828865051,0.7845038175582886,0.9007987976074219,0.03249015286564827,0.16777771711349487
truthfulqa_450_inc_0,truthfulqa,1,5,0.0,1.0,0.2,0.8768129348754883,0.7574794292449951,0.9729839563369751,0.07992728054523468,0.12318706512451172
truthfulqa_116_best,truthfulqa,0,5,0.0,1.0,0.2,0.5213385820388794,0.17271216213703156,0.8668124675750732,0.26439282298088074,0.4786614179611206
truthfulqa_15_best,truthfulqa,0,5,0.0,1.0,0.2,0.844855010509491,0.7003062963485718,0.9323163032531738,0.06391385197639465,0.15514498949050903
truthfulqa_361_corr_1,truthfulqa,0,5,0.0,1.0,0.2,0.7714070081710815,0.5833162665367126,0.9409023523330688,0.11841176450252533,0.22859299182891846
truthfulqa_202_corr_1,truthfulqa,0,5,0.0,1.0,0.2,0.8759018778800964,0.8074228763580322,0.915981113910675,0.03381657227873802,0.12409812211990356
truthfulqa_13_best,truthfulqa,0,5,0.0,1.0,0.2,0.8537595868110657,0.7943753004074097,0.9218889474868774,0.03783436119556427,0.14624041318893433
truthfulqa_532_corr_1,truthfulqa,0,5,0.3,0.6,0.6,0.6498956084251404,0.43714019656181335,1.0,0.23368266224861145,0.3501043915748596
truthfulqa_576_inc_4,truthfulqa,1,5,0.1,0.8,0.4,0.7049369812011719,0.556016743183136,1.0,0.16098164021968842,0.2950630187988281
truthfulqa_295_inc_2,truthfulqa,1,5,0.0,1.0,0.2,0.8301306962966919,0.7533049583435059,0.886294960975647,0.03637612983584404,0.1698693037033081
truthfulqa_77_inc_2,truthfulqa,1,5,0.0,1.0,0.2,0.699781596660614,0.4123847186565399,0.9189414978027344,0.1929430514574051,0.300218403339386
truthfulqa_640_inc_1,truthfulqa,1,5,0.0,1.0,0.2,0.9120588302612305,0.877876341342926,0.9808498620986938,0.03225354477763176,0.08794116973876953
truthfulqa_363_corr_1,truthfulqa,0,5,0.0,1.0,0.2,0.7517310380935669,0.5321372747421265,0.9411588311195374,0.17104628682136536,0.2482689619064331
truthfulqa_233_best,truthfulqa,0,5,0.0,1.0,0.2,0.27065473794937134,0.07752179354429245,0.41554024815559387,0.10024960339069366,0.7293452620506287
truthfulqa_547_best,truthfulqa,0,5,0.1,0.8,0.4,0.30031341314315796,0.15090765058994293,1.0,0.23857560753822327,0.699686586856842
truthfulqa_574_best,truthfulqa,0,5,0.2,0.6,0.4,0.724048912525177,0.6319664716720581,1.0,0.13728071749210358,0.275951087474823
truthfulqa_405_corr_4,truthfulqa,0,5,0.0,1.0,0.2,0.8951546549797058,0.791408121585846,0.9694489240646362,0.05316651612520218,0.10484534502029419
truthfulqa_102_inc_2,truthfulqa,1,5,0.6,0.4,0.8,0.9683709144592285,0.9209274053573608,1.0,0.038737501949071884,0.031629085540771484
truthfulqa_131_inc_3,truthfulqa,1,5,0.0,1.0,0.2,0.37008997797966003,0.1040082648396492,0.6582100987434387,0.16758379340171814,0.62991002202034
truthfulqa_609_inc_0,truthfulqa,1,5,0.0,1.0,0.2,0.5348740816116333,0.18455849587917328,0.8432786464691162,0.24055109918117523,0.4651259183883667
truthfulqa_39_corr_1,truthfulqa,0,5,0.0,1.0,0.2,0.5118464827537537,0.15679296851158142,0.6983286142349243,0.16833235323429108,0.48815351724624634
truthfulqa_55_inc_2,truthfulqa,1,5,0.0,1.0,0.2,0.8074668645858765,0.6076862812042236,0.9158179759979248,0.11308732628822327,0.19253313541412354
truthfulqa_396_corr_2,truthfulqa,0,5,0.0,1.0,0.2,0.8304635286331177,0.7039036154747009,0.8990207314491272,0.057958878576755524,0.16953647136688232
truthfulqa_106_inc_3,truthfulqa,1,5,1.0,0.2,1.0,1.0,1.0,1.0,0.0,0.0
truthfulqa_399_corr_1,truthfulqa,0,5,0.1,0.8,0.4,0.8458867073059082,0.711438000202179,1.0,0.08717697113752365,0.1541132926940918
truthfulqa_765_inc_1,truthfulqa,1,5,0.0,1.0,0.2,0.6283295154571533,0.4650389552116394,0.8346664905548096,0.1118473932147026,0.3716704845428467
truthfulqa_264_corr_2,truthfulqa,0,5,0.0,1.0,0.2,0.33327436447143555,0.1337777078151703,0.6375798583030701,0.15052707493305206,0.6667256355285645
truthfulqa_78_inc_2,truthfulqa,1,5,0.0,1.0,0.2,0.8806599378585815,0.8192846179008484,0.9219338297843933,0.034903962165117264,0.11934006214141846
truthfulqa_731_corr_2,truthfulqa,0,5,0.0,1.0,0.2,0.8585025668144226,0.7847927808761597,0.9307963848114014,0.057382844388484955,0.1414974331855774
truthfulqa_407_corr_2,truthfulqa,0,5,0.0,1.0,0.2,0.8357588052749634,0.7381114363670349,0.9140492677688599,0.06005400791764259,0.16424119472503662
truthfulqa_639_best,truthfulqa,0,5,1.0,0.2,1.0,1.0,1.0,1.0,0.0,0.0
truthfulqa_725_best,truthfulqa,0,5,0.0,1.0,0.2,0.32404783368110657,-0.08122316002845764,0.580985426902771,0.24629639089107513,0.6759521663188934
truthfulqa_253_best,truthfulqa,0,5,0.0,1.0,0.2,0.7617320418357849,0.6828583478927612,0.9149883985519409,0.09098754078149796,0.2382679581642151
truthfulqa_496_inc_2,truthfulqa,1,5,0.0,1.0,0.2,0.3759341239929199,0.23637455701828003,0.5359373092651367,0.10162241011857986,0.6240658760070801
truthfulqa_677_corr_1,truthfulqa,0,5,0.0,1.0,0.2,0.9538611173629761,0.9223830699920654,0.9863471984863281,0.017305389046669006,0.046138882637023926
truthfulqa_563_inc_1,truthfulqa,1,5,0.2,0.6,0.4,0.7120674252510071,0.6026000380516052,1.0,0.1520615965127945,0.2879325747489929
truthfulqa_407_inc_0,truthfulqa,1,5,0.0,1.0,0.2,0.8382042646408081,0.709373950958252,0.9514104723930359,0.08235708624124527,0.1617957353591919
truthfulqa_140_corr_0,truthfulqa,0,5,0.1,0.8,0.4,0.37469184398651123,0.024986859411001205,1.0,0.36725229024887085,0.6253081560134888
truthfulqa_307_best,truthfulqa,0,5,0.0,1.0,0.2,0.879111647605896,0.8275479078292847,0.9439221620559692,0.03540836647152901,0.120888352394104
truthfulqa_54_best,truthfulqa,0,5,0.0,1.0,0.2,0.8898342251777649,0.8656405210494995,0.933983325958252,0.02169613726437092,0.11016577482223511
truthfulqa_306_corr_1,truthfulqa,0,5,0.0,1.0,0.2,0.7526549100875854,0.6235965490341187,0.8608624935150146,0.09347648173570633,0.24734508991241455
truthfulqa_235_corr_2,truthfulqa,0,5,0.0,1.0,0.2,0.8688453435897827,0.8154202699661255,0.9296973943710327,0.04608998820185661,0.13115465641021729
truthfulqa_672_corr_1,truthfulqa,0,5,0.0,1.0,0.2,0.8918849229812622,0.7984899282455444,0.9520688056945801,0.04727804660797119,0.10811507701873779
truthfulqa_108_inc_0,truthfulqa,1,5,0.0,1.0,0.2,0.26794764399528503,0.02600666880607605,0.5465768575668335,0.1402018517255783,0.732052356004715
truthfulqa_447_inc_4,truthfulqa,1,5,0.6,0.4,0.8,0.9736237525939941,0.9340593814849854,1.0,0.032304175198078156,0.02637624740600586
truthfulqa_329_inc_0,truthfulqa,1,5,1.0,0.2,1.0,1.0,1.0,1.0,0.0,0.0
truthfulqa_441_best,truthfulqa,0,5,0.6,0.4,0.8,0.9780610203742981,0.9451525807380676,1.0,0.0268696378916502,0.021938979625701904
truthfulqa_637_corr_1,truthfulqa,0,5,0.0,1.0,0.2,0.8555599451065063,0.7752218842506409,0.897494912147522,0.03942462056875229,0.14444005489349365
truthfulqa_505_inc_3,truthfulqa,1,5,0.0,1.0,0.2,0.2943842113018036,0.11424517631530762,0.7711021900177002,0.23952463269233704,0.7056157886981964
truthfulqa_530_inc_1,truthfulqa,1,5,0.0,1.0,0.2,0.7777627110481262,0.5969463586807251,0.8910907506942749,0.0930790975689888,0.22223728895187378
truthfulqa_642_corr_2,truthfulqa,0,5,0.0,1.0,0.2,0.9355489611625671,0.8852792978286743,0.9628247022628784,0.024255935102701187,0.06445103883743286
truthfulqa_126_inc_1,truthfulqa,1,5,0.3,0.6,0.6,0.5422223210334778,0.19405058026313782,1.0,0.3241390287876129,0.4577776789665222
truthfulqa_583_inc_4,truthfulqa,1,5,0.0,1.0,0.2,0.7299930453300476,0.5872964859008789,0.8602217435836792,0.09336796402931213,0.2700069546699524
truthfulqa_327_corr_3,truthfulqa,0,5,0.1,0.8,0.4,0.9605186581611633,0.929935097694397,1.0,0.02493789605796337,0.03948134183883667
truthfulqa_129_inc_3,truthfulqa,1,5,0.1,0.8,0.4,0.43659210205078125,0.21671104431152344,1.0,0.19820468127727509,0.5634078979492188
truthfulqa_711_inc_5,truthfulqa,1,5,0.0,1.0,0.2,0.9516578912734985,0.9175598621368408,0.9663412570953369,0.016063006594777107,0.048342108726501465
truthfulqa_79_corr_2,truthfulqa,0,5,0.0,1.0,0.2,0.8518689870834351,0.7066985368728638,0.9288322925567627,0.06203659996390343,0.14813101291656494
truthfulqa_137_best,truthfulqa,0,5,1.0,0.2,1.0,1.0,1.0,1.0,0.0,0.0
truthfulqa_681_inc_1,truthfulqa,1,5,1.0,0.2,1.0,0.9999998807907104,0.9999998807907104,0.9999998807907104,0.0,1.1920928955078125e-07
truthfulqa_281_inc_4,truthfulqa,1,5,0.0,1.0,0.2,0.8235500454902649,0.714948296546936,0.9329757690429688,0.07433733344078064,0.1764499545097351
truthfulqa_701_best,truthfulqa,0,5,0.0,1.0,0.2,0.6883981823921204,0.5631492733955383,0.8128852844238281,0.08291207253932953,0.31160181760787964
truthfulqa_605_best,truthfulqa,0,5,0.2,0.6,0.4,0.5091496706008911,0.3466121554374695,1.0,0.24628743529319763,0.4908503293991089
truthfulqa_119_corr_2,truthfulqa,0,5,0.0,1.0,0.2,0.8449742197990417,0.7742034196853638,0.939323365688324,0.04693564400076866,0.15502578020095825
truthfulqa_436_inc_0,truthfulqa,1,5,0.3,0.6,0.6,0.7180341482162476,0.4631633162498474,1.0,0.1946149319410324,0.28196585178375244
truthfulqa_504_corr_1,truthfulqa,0,5,0.0,1.0,0.2,0.8729664087295532,0.8286193013191223,0.9744173288345337,0.03856843337416649,0.12703359127044678
truthfulqa_792_best,truthfulqa,0,5,0.1,0.8,0.4,0.7484692335128784,0.46226468682289124,1.0,0.14778608083724976,0.2515307664871216
truthfulqa_67_best,truthfulqa,0,5,0.0,1.0,0.2,0.727634072303772,0.5773418545722961,0.8793133497238159,0.08258690685033798,0.272365927696228
truthfulqa_728_inc_1,truthfulqa,1,5,0.6,0.4,0.8,0.8818318247795105,0.7045797109603882,1.0,0.14472578465938568,0.1181681752204895
truthfulqa_470_corr_2,truthfulqa,0,5,0.4,0.4,0.6,0.7108031511306763,0.51800537109375,0.9999998807907104,0.23612812161445618,0.28919684886932373
truthfulqa_265_corr_1,truthfulqa,0,5,0.0,1.0,0.2,0.4518890380859375,0.21907590329647064,0.8392215967178345,0.19763021171092987,0.5481109619140625
truthfulqa_364_best,truthfulqa,0,5,0.0,1.0,0.2,0.7499045133590698,0.622490644454956,0.8612053394317627,0.07843858748674393,0.2500954866409302
truthfulqa_470_best,truthfulqa,0,5,0.4,0.4,0.6,0.7135718464851379,0.51800537109375,0.9999998807907104,0.2223622351884842,0.28642815351486206
truthfulqa_598_best,truthfulqa,0,5,0.0,1.0,0.2,0.22886773943901062,0.04109659790992737,0.5761721134185791,0.2055629938840866,0.7711322605609894
truthfulqa_439_corr_1,truthfulqa,0,5,0.1,0.8,0.4,0.8883574604988098,0.7717357277870178,1.0,0.05899539962410927,0.11164253950119019
truthfulqa_308_inc_3,truthfulqa,1,5,0.0,1.0,0.2,0.8713279962539673,0.7328124046325684,0.9821589589118958,0.09079787135124207,0.12867200374603271
truthfulqa_558_inc_2,truthfulqa,1,5,0.6,0.4,0.8,0.7702403664588928,0.42560115456581116,0.9999998807907104,0.281396746635437,0.22975963354110718
truthfulqa_149_corr_1,truthfulqa,0,5,0.0,1.0,0.2,0.8561505079269409,0.7168129682540894,0.9461207985877991,0.08347125351428986,0.14384949207305908
truthfulqa_668_inc_2,truthfulqa,1,5,0.0,1.0,0.2,0.4929715096950531,0.18873922526836395,0.6987374424934387,0.1786499172449112,0.5070284903049469
truthfulqa_172_inc_3,truthfulqa,1,5,0.0,1.0,0.2,0.8634141087532043,0.7646522521972656,0.9687583446502686,0.05927857384085655,0.13658589124679565
truthfulqa_814_corr_1,truthfulqa,0,5,0.0,1.0,0.2,0.5847669839859009,0.379886269569397,0.7791965007781982,0.12971067428588867,0.4152330160140991
truthfulqa_539_corr_0,truthfulqa,0,5,0.1,0.8,0.4,0.4886455535888672,0.2011273205280304,0.9783580899238586,0.2850915789604187,0.5113544464111328
truthfulqa_547_inc_2,truthfulqa,1,5,0.0,1.0,0.2,0.28069934248924255,0.1048879474401474,0.674128532409668,0.14326752722263336,0.7193006575107574
truthfulqa_71_corr_0,truthfulqa,0,5,0.1,0.8,0.4,0.924845814704895,0.8715968728065491,0.9927204847335815,0.03522415831685066,0.07515418529510498
truthfulqa_586_inc_3,truthfulqa,1,5,0.0,1.0,0.2,0.4525052011013031,0.2546948790550232,0.8654559850692749,0.2241649478673935,0.5474947988986969
truthfulqa_75_inc_0,truthfulqa,1,5,0.0,1.0,0.2,0.632746160030365,0.2522886395454407,0.9086815118789673,0.2548874020576477,0.367253839969635
truthfulqa_628_inc_3,truthfulqa,1,5,0.0,1.0,0.2,0.5181006789207458,0.09646929800510406,0.938572108745575,0.27278977632522583,0.48189932107925415
truthfulqa_216_inc_2,truthfulqa,1,5,0.0,1.0,0.2,0.8187265396118164,0.7170388698577881,0.9316739439964294,0.07199738174676895,0.1812734603881836
truthfulqa_796_corr_2,truthfulqa,0,5,0.0,1.0,0.2,0.5650846362113953,0.46398311853408813,0.7468423247337341,0.08397316932678223,0.43491536378860474
truthfulqa_161_corr_1,truthfulqa,0,5,0.3,0.6,0.6,0.9183320999145508,0.8208351135253906,0.9999998807907104,0.07044948637485504,0.08166790008544922
truthfulqa_753_corr_2,truthfulqa,0,5,0.0,1.0,0.2,0.772220253944397,0.612013578414917,0.9524561762809753,0.11506849527359009,0.22777974605560303
truthfulqa_493_inc_1,truthfulqa,1,5,0.0,1.0,0.2,0.7771788835525513,0.636101484298706,0.9194749593734741,0.0974031612277031,0.22282111644744873
truthfulqa_557_inc_1,truthfulqa,1,5,0.0,1.0,0.2,0.8111559748649597,0.6386423707008362,0.9492851495742798,0.08585494756698608,0.18884402513504028
truthfulqa_104_inc_0,truthfulqa,1,5,0.4,0.4,0.6,0.5348469018936157,0.2670585513114929,1.0,0.30930066108703613,0.4651530981063843
truthfulqa_478_corr_2,truthfulqa,0,5,0.0,1.0,0.2,0.35681188106536865,0.1413479447364807,0.6646301746368408,0.16223110258579254,0.6431881189346313
truthfulqa_782_best,truthfulqa,0,5,0.0,1.0,0.2,0.6571464538574219,0.2968078553676605,0.8901243209838867,0.21100471913814545,0.3428535461425781
truthfulqa_571_inc_7,truthfulqa,1,5,0.3,0.6,0.6,0.8047498464584351,0.6402537822723389,1.0,0.1415315717458725,0.19525015354156494
truthfulqa_194_best,truthfulqa,0,5,0.0,1.0,0.2,0.5899733304977417,0.4585700035095215,0.8525215983390808,0.15674521028995514,0.4100266695022583
truthfulqa_32_corr_3,truthfulqa,0,5,0.0,1.0,0.2,0.8263336420059204,0.7422811985015869,0.9032582640647888,0.045449525117874146,0.1736663579940796
truthfulqa_772_inc_0,truthfulqa,1,5,0.3,0.6,0.6,0.5791046023368835,0.23318451642990112,1.0,0.30097463726997375,0.42089539766311646
truthfulqa_539_inc_3,truthfulqa,1,5,0.0,1.0,0.2,0.31195876002311707,0.11801111698150635,0.7139313817024231,0.21899759769439697,0.6880412399768829
truthfulqa_496_corr_2,truthfulqa,0,5,0.1,0.8,0.4,0.6064251661300659,0.25946980714797974,1.0,0.18512679636478424,0.3935748338699341
truthfulqa_55_corr_2,truthfulqa,0,5,0.0,1.0,0.2,0.9022870063781738,0.834577202796936,0.9499403238296509,0.03435635194182396,0.09771299362182617
truthfulqa_166_inc_0,truthfulqa,1,5,0.4,0.4,0.6,0.989561915397644,0.9826031923294067,1.0,0.00852265302091837,0.010438084602355957
truthfulqa_185_corr_2,truthfulqa,0,5,0.0,1.0,0.2,0.8513614535331726,0.714518666267395,0.9956729412078857,0.0822753831744194,0.1486385464668274
truthfulqa_453_corr_1,truthfulqa,0,5,0.0,1.0,0.2,0.9519095420837402,0.9352302551269531,0.9978724718093872,0.02021140046417713,0.048090457916259766
truthfulqa_471_corr_2,truthfulqa,0,5,0.6,0.4,0.8,0.8080035448074341,0.5200088024139404,0.9999998807907104,0.2351466417312622,0.19199645519256592
truthfulqa_242_inc_0,truthfulqa,1,5,0.0,1.0,0.2,0.9062818288803101,0.8705036640167236,0.944538950920105,0.023867269977927208,0.09371817111968994
truthfulqa_304_inc_4,truthfulqa,1,5,0.1,0.8,0.4,0.48010897636413574,0.23734977841377258,1.0,0.27008312940597534,0.5198910236358643
truthfulqa_326_corr_3,truthfulqa,0,5,0.0,1.0,0.2,0.5064798593521118,0.07540763169527054,0.810357928276062,0.26541081070899963,0.4935201406478882
truthfulqa_446_inc_0,truthfulqa,1,5,0.3,0.6,0.6,0.7850514650344849,0.6581684350967407,0.9999997615814209,0.14376311004161835,0.21494853496551514
truthfulqa_639_corr_1,truthfulqa,0,5,1.0,0.2,1.0,1.0,1.0,1.0,0.0,0.0
truthfulqa_357_inc_3,truthfulqa,1,5,0.0,1.0,0.2,0.6719261407852173,0.6116230487823486,0.7622371912002563,0.054591793566942215,0.3280738592147827
truthfulqa_534_inc_1,truthfulqa,1,5,0.1,0.8,0.4,0.5739866495132446,0.29066723585128784,1.0,0.18116112053394318,0.42601335048675537
truthfulqa_208_inc_2,truthfulqa,1,5,0.0,1.0,0.2,0.6524658799171448,0.2007613629102707,0.9322851300239563,0.2954482138156891,0.3475341200828552
truthfulqa_478_inc_1,truthfulqa,1,5,0.0,1.0,0.2,0.2681063413619995,0.10686279833316803,0.4934042692184448,0.13757219910621643,0.7318936586380005
truthfulqa_148_corr_2,truthfulqa,0,5,0.4,0.4,0.6,0.8801153898239136,0.8322615623474121,1.0,0.05805312469601631,0.11988461017608643
truthfulqa_713_corr_1,truthfulqa,0,5,0.0,1.0,0.2,0.7551002502441406,0.5076492428779602,0.9233036041259766,0.12908896803855896,0.24489974975585938
truthfulqa_217_best,truthfulqa,0,5,0.0,1.0,0.2,0.9078567624092102,0.8632894158363342,0.9605628252029419,0.03253709524869919,0.0921432375907898
truthfulqa_488_corr_1,truthfulqa,0,5,0.0,1.0,0.2,0.8523313403129578,0.7891990542411804,0.9192190170288086,0.044139519333839417,0.14766865968704224
truthfulqa_502_corr_2,truthfulqa,0,5,0.0,1.0,0.2,0.2078372985124588,0.02527199126780033,0.4402121305465698,0.13211268186569214,0.7921627014875412
truthfulqa_549_inc_9,truthfulqa,1,5,0.0,1.0,0.2,0.6810505986213684,0.5628147721290588,0.8575977087020874,0.11380471289157867,0.3189494013786316
truthfulqa_273_inc_3,truthfulqa,1,5,0.0,1.0,0.2,0.8710271120071411,0.8120005130767822,0.922674834728241,0.028447682037949562,0.1289728879928589
truthfulqa_344_corr_1,truthfulqa,0,5,0.0,1.0,0.2,0.8127161860466003,0.5768921375274658,0.9896425604820251,0.19131647050380707,0.18728381395339966
truthfulqa_222_inc_1,truthfulqa,1,5,0.0,1.0,0.2,0.9009523391723633,0.7892658710479736,0.9679886102676392,0.05879119038581848,0.09904766082763672
truthfulqa_254_best,truthfulqa,0,5,0.0,1.0,0.2,0.7721921801567078,0.6016308069229126,0.8887146711349487,0.08374527841806412,0.22780781984329224
truthfulqa_628_inc_0,truthfulqa,1,5,0.0,1.0,0.2,0.3339134752750397,0.04809243977069855,0.9685909152030945,0.3941090404987335,0.6660865247249603
truthfulqa_138_inc_4,truthfulqa,1,5,0.1,0.8,0.4,0.5482460260391235,0.29685041308403015,1.0,0.22507764399051666,0.45175397396087646
truthfulqa_698_best,truthfulqa,0,5,0.0,1.0,0.2,0.9192158579826355,0.83121258020401,0.9851067066192627,0.05888797715306282,0.0807841420173645
truthfulqa_391_best,truthfulqa,0,5,0.1,0.8,0.4,0.8782119750976562,0.7541359663009644,1.0,0.06339551508426666,0.12178802490234375
truthfulqa_210_inc_1,truthfulqa,1,5,0.3,0.6,0.6,0.4189978539943695,0.046742960810661316,1.0,0.3811216652393341,0.5810021460056305
truthfulqa_567_inc_2,truthfulqa,1,5,0.1,0.8,0.4,0.2825849950313568,-0.05649006366729736,0.898093581199646,0.29311224818229675,0.7174150049686432
truthfulqa_441_corr_1,truthfulqa,0,5,1.0,0.2,1.0,0.9913495182991028,0.9855824708938599,1.0,0.0070631178095936775,0.008650481700897217
truthfulqa_207_inc_1,truthfulqa,1,5,0.0,1.0,0.2,0.2753520607948303,0.044491130858659744,0.7255122661590576,0.2009190171957016,0.7246479392051697
truthfulqa_668_inc_0,truthfulqa,1,5,0.0,1.0,0.2,0.4447716176509857,0.10323776304721832,0.6874411106109619,0.20638592541217804,0.5552283823490143
truthfulqa_191_inc_0,truthfulqa,1,5,0.0,1.0,0.2,0.8017524480819702,0.7051959037780762,0.8852505683898926,0.05661899968981743,0.19824755191802979
truthfulqa_243_inc_1,truthfulqa,1,5,0.0,1.0,0.2,0.9706479907035828,0.943961501121521,0.9965428113937378,0.015133500099182129,0.029352009296417236
truthfulqa_41_inc_4,truthfulqa,1,5,0.0,1.0,0.2,0.8749583959579468,0.8217892050743103,0.9606578350067139,0.04414324834942818,0.12504160404205322
truthfulqa_770_corr_2,truthfulqa,0,5,0.0,1.0,0.2,0.9348034858703613,0.8903806209564209,0.9772723317146301,0.031224943697452545,0.06519651412963867
truthfulqa_795_corr_2,truthfulqa,0,5,0.0,1.0,0.2,0.7555912137031555,0.5912643671035767,0.9803695678710938,0.1507454812526703,0.24440878629684448
truthfulqa_674_best,truthfulqa,0,5,0.3,0.6,0.6,0.558368444442749,0.29241544008255005,1.0,0.2513321340084076,0.441631555557251
truthfulqa_41_inc_1,truthfulqa,1,5,0.0,1.0,0.2,0.8882404565811157,0.8413833379745483,0.9745520949363708,0.039949528872966766,0.11175954341888428
truthfulqa_435_corr_2,truthfulqa,0,5,0.3,0.6,0.6,0.7022138833999634,0.5341996550559998,1.0,0.19751226902008057,0.2977861166000366
truthfulqa_300_corr_5,truthfulqa,0,5,0.0,1.0,0.2,0.8309441804885864,0.7104123830795288,0.9427624344825745,0.08244272321462631,0.16905581951141357
truthfulqa_448_best,truthfulqa,0,5,0.1,0.8,0.4,0.39112332463264465,0.07563313096761703,1.0,0.2713721692562103,0.6088766753673553
truthfulqa_257_best,truthfulqa,0,5,0.3,0.6,0.6,0.8306705355644226,0.6188746094703674,1.0,0.16330529749393463,0.1693294644355774
truthfulqa_339_inc_2,truthfulqa,1,5,0.0,1.0,0.2,0.9551396369934082,0.9386944770812988,0.9776697158813477,0.012746045365929604,0.0448603630065918
truthfulqa_282_inc_1,truthfulqa,1,5,0.0,1.0,0.2,0.9460406303405762,0.9117722511291504,0.9826948642730713,0.02428652159869671,0.05395936965942383
truthfulqa_495_inc_0,truthfulqa,1,5,0.0,1.0,0.2,0.20537130534648895,0.06062449887394905,0.3974893093109131,0.09599729627370834,0.794628694653511
truthfulqa_291_inc_1,truthfulqa,1,5,0.0,1.0,0.2,0.33483290672302246,0.17642569541931152,0.4800613820552826,0.1135040745139122,0.6651670932769775
truthfulqa_514_corr_3,truthfulqa,0,5,0.1,0.8,0.4,0.8543189167976379,0.7077221870422363,1.0,0.11137668788433075,0.14568108320236206
truthfulqa_668_inc_1,truthfulqa,1,5,0.0,1.0,0.2,0.6556528210639954,0.4664173126220703,0.8504382967948914,0.1095333844423294,0.34434717893600464
truthfulqa_124_inc_1,truthfulqa,1,5,0.0,1.0,0.2,0.9066155552864075,0.8666374683380127,0.9435423612594604,0.02344779670238495,0.09338444471359253
truthfulqa_77_corr_1,truthfulqa,0,5,0.0,1.0,0.2,0.749811053276062,0.6654147505760193,0.8571040630340576,0.05742485076189041,0.250188946723938
truthfulqa_385_inc_0,truthfulqa,1,5,0.0,1.0,0.2,0.9023021459579468,0.8067110776901245,0.9678164124488831,0.042502738535404205,0.09769785404205322
truthfulqa_489_corr_1,truthfulqa,0,5,0.0,1.0,0.2,0.9047254323959351,0.8168233633041382,0.9632614850997925,0.04429681599140167,0.09527456760406494
truthfulqa_144_inc_1,truthfulqa,1,5,0.0,1.0,0.2,0.3361666202545166,0.06120357662439346,0.7889390587806702,0.19900594651699066,0.6638333797454834
truthfulqa_230_inc_5,truthfulqa,1,5,0.0,1.0,0.2,0.8397938013076782,0.7488952875137329,0.9484217166900635,0.05756783485412598,0.16020619869232178
truthfulqa_645_inc_2,truthfulqa,1,5,0.3,0.6,0.6,0.8376100659370422,0.6716902256011963,0.9999998807907104,0.11160120368003845,0.16238993406295776
truthfulqa_536_best,truthfulqa,0,5,0.0,1.0,0.2,0.4635770916938782,0.22398748993873596,0.7700300216674805,0.2016187310218811,0.5364229083061218
truthfulqa_397_corr_2,truthfulqa,0,5,0.0,1.0,0.2,0.7675083875656128,0.6022769212722778,0.8586474657058716,0.08117038756608963,0.2324916124343872
truthfulqa_33_inc_2,truthfulqa,1,5,0.0,1.0,0.2,0.8501307368278503,0.757948637008667,0.974726676940918,0.09661104530096054,0.14986926317214966
truthfulqa_675_corr_2,truthfulqa,0,5,0.0,1.0,0.2,0.8352408409118652,0.7103687524795532,0.9356082677841187,0.06451234221458435,0.16475915908813477
truthfulqa_335_best,truthfulqa,0,5,0.0,1.0,0.2,0.7699514627456665,0.6486780047416687,0.9955713748931885,0.10575131326913834,0.2300485372543335
truthfulqa_218_inc_0,truthfulqa,1,5,0.0,1.0,0.2,0.7168150544166565,0.5720909833908081,0.8429638147354126,0.10516329109668732,0.2831849455833435
truthfulqa_296_corr_2,truthfulqa,0,5,0.0,1.0,0.2,0.8488641977310181,0.7402312755584717,0.9238182306289673,0.053854260593652725,0.15113580226898193
truthfulqa_640_corr_1,truthfulqa,0,5,0.0,1.0,0.2,0.9036677479743958,0.8326388001441956,0.9532232284545898,0.03245085850358009,0.09633225202560425
truthfulqa_457_inc_3,truthfulqa,1,5,0.0,1.0,0.2,0.4790889620780945,0.1890692114830017,0.8534764051437378,0.1774492859840393,0.5209110379219055
truthfulqa_137_inc_2,truthfulqa,1,5,1.0,0.2,1.0,0.9895889163017273,0.9739723205566406,1.0,0.012750906869769096,0.010411083698272705
truthfulqa_71_inc_2,truthfulqa,1,5,0.1,0.8,0.4,0.825522243976593,0.5680190920829773,1.0,0.2025742083787918,0.17447775602340698
truthfulqa_313_corr_2,truthfulqa,0,5,0.0,1.0,0.2,0.4151594042778015,0.23559270799160004,0.8403662443161011,0.18135033547878265,0.5848405957221985
truthfulqa_81_best,truthfulqa,0,5,0.0,1.0,0.2,0.5814478993415833,0.48205849528312683,0.7270675897598267,0.08017164468765259,0.41855210065841675
truthfulqa_108_inc_2,truthfulqa,1,5,0.0,1.0,0.2,0.30196213722229004,0.12381638586521149,0.8515084981918335,0.19719716906547546,0.69803786277771
truthfulqa_452_inc_2,truthfulqa,1,5,0.0,1.0,0.2,0.8481646776199341,0.7140406966209412,0.9761489629745483,0.09412936121225357,0.15183532238006592
truthfulqa_749_best,truthfulqa,0,5,0.0,1.0,0.2,0.672714114189148,0.369560182094574,0.8887963891029358,0.18841640651226044,0.32728588581085205
truthfulqa_554_corr_1,truthfulqa,0,5,0.0,1.0,0.2,0.5654828548431396,0.09651760011911392,0.9517977237701416,0.3529314696788788,0.43451714515686035
truthfulqa_51_corr_1,truthfulqa,0,5,0.0,1.0,0.2,0.9193590879440308,0.8908975124359131,0.9364739656448364,0.015479118563234806,0.08064091205596924
truthfulqa_326_corr_1,truthfulqa,0,5,0.0,1.0,0.2,0.31154531240463257,0.11415353417396545,0.800851583480835,0.21536870300769806,0.6884546875953674
truthfulqa_503_corr_2,truthfulqa,0,5,0.0,1.0,0.2,0.8129342198371887,0.6489793062210083,0.9282545447349548,0.0802185907959938,0.18706578016281128
truthfulqa_810_corr_2,truthfulqa,0,5,0.0,1.0,0.2,0.49085983633995056,0.15715329349040985,0.893162727355957,0.20848070085048676,0.5091401636600494
truthfulqa_515_inc_2,truthfulqa,1,5,0.0,1.0,0.2,0.7767636775970459,0.6702053546905518,0.8636363744735718,0.056096456944942474,0.2232363224029541
truthfulqa_356_inc_4,truthfulqa,1,5,0.0,1.0,0.2,0.7436429262161255,0.6653856039047241,0.8162385821342468,0.04395563155412674,0.2563570737838745
truthfulqa_563_inc_3,truthfulqa,1,5,0.1,0.8,0.4,0.5770574808120728,0.36133289337158203,0.9639001488685608,0.17964227497577667,0.42294251918792725
truthfulqa_14_corr_3,truthfulqa,0,5,0.0,1.0,0.2,0.9618961215019226,0.9282218217849731,0.9860131740570068,0.017372144386172295,0.03810387849807739
truthfulqa_739_inc_0,truthfulqa,1,5,0.0,1.0,0.2,0.7888632416725159,0.6820651292800903,0.9727530479431152,0.1015424057841301,0.21113675832748413
truthfulqa_227_inc_0,truthfulqa,1,5,0.0,1.0,0.2,0.9575258493423462,0.925382673740387,0.9876247644424438,0.020174777135252953,0.04247415065765381
truthfulqa_787_inc_2,truthfulqa,1,5,0.0,1.0,0.2,0.8968874216079712,0.8470170497894287,0.931847095489502,0.02647426538169384,0.10311257839202881
truthfulqa_622_inc_3,truthfulqa,1,5,0.0,1.0,0.2,0.9330585598945618,0.8977464437484741,0.9756768941879272,0.02614728920161724,0.06694144010543823
truthfulqa_303_inc_3,truthfulqa,1,5,0.0,1.0,0.2,0.4218836724758148,0.2025497555732727,0.7071554660797119,0.16159188747406006,0.5781163275241852
truthfulqa_249_corr_2,truthfulqa,0,5,0.1,0.8,0.4,0.566485583782196,0.13604655861854553,1.0,0.3359333574771881,0.43351441621780396
truthfulqa_431_inc_1,truthfulqa,1,5,0.6,0.4,0.8,0.793228268623352,0.49732109904289246,1.0,0.20897555351257324,0.20677173137664795
truthfulqa_401_inc_2,truthfulqa,1,5,0.0,1.0,0.2,0.9305934906005859,0.8788037896156311,0.9693917036056519,0.034270402044057846,0.06940650939941406
truthfulqa_431_corr_1,truthfulqa,0,5,0.6,0.4,0.8,0.7797791957855225,0.49732109904289246,1.0,0.20973585546016693,0.22022080421447754
truthfulqa_169_inc_4,truthfulqa,1,5,0.0,1.0,0.2,0.2784728407859802,0.057696856558322906,0.6572767496109009,0.20638173818588257,0.7215271592140198
truthfulqa_161_inc_0,truthfulqa,1,5,0.1,0.8,0.4,0.9239088296890259,0.8877986669540405,1.0,0.03669629618525505,0.07609117031097412
truthfulqa_35_corr_2,truthfulqa,0,5,0.0,1.0,0.2,0.8071094751358032,0.6729919910430908,0.8848437070846558,0.06356943398714066,0.19289052486419678
truthfulqa_781_inc_0,truthfulqa,1,5,0.0,1.0,0.2,0.9021691083908081,0.8059218525886536,0.9768610596656799,0.06780778616666794,0.0978308916091919
truthfulqa_0_inc_0,truthfulqa,1,5,0.0,1.0,0.2,0.8356162309646606,0.750839114189148,0.9238919019699097,0.065312460064888,0.16438376903533936
truthfulqa_469_inc_3,truthfulqa,1,5,0.0,1.0,0.2,0.8103450536727905,0.6502664089202881,0.9422501921653748,0.09060709923505783,0.18965494632720947
truthfulqa_672_inc_3,truthfulqa,1,5,0.0,1.0,0.2,0.8758407831192017,0.7664773464202881,0.9725110530853271,0.05224742740392685,0.12415921688079834
truthfulqa_157_best,truthfulqa,0,5,0.1,0.8,0.4,0.9002739191055298,0.8599467277526855,1.0,0.03702734783291817,0.09972608089447021
truthfulqa_363_inc_4,truthfulqa,1,5,0.0,1.0,0.2,0.4926229417324066,0.26608532667160034,0.7397913932800293,0.15783827006816864,0.5073770582675934
truthfulqa_462_corr_2,truthfulqa,0,5,0.0,1.0,0.2,0.6123200058937073,0.381646990776062,0.9222449064254761,0.15188896656036377,0.3876799941062927
truthfulqa_545_corr_1,truthfulqa,0,5,0.0,1.0,0.2,0.9064266085624695,0.8256069421768188,0.970988392829895,0.04464149475097656,0.09357339143753052
truthfulqa_794_corr_1,truthfulqa,0,5,0.0,1.0,0.2,0.9383772015571594,0.9016189575195312,0.9810394048690796,0.02739902399480343,0.061622798442840576
truthfulqa_415_corr_1,truthfulqa,0,5,0.0,1.0,0.2,0.7453510165214539,0.5026235580444336,0.9275152683258057,0.17622089385986328,0.25464898347854614
truthfulqa_292_inc_3,truthfulqa,1,5,0.0,1.0,0.2,0.6282002925872803,0.44687598943710327,0.8498303890228271,0.12283546477556229,0.3717997074127197
truthfulqa_376_best,truthfulqa,0,5,0.0,1.0,0.2,0.8223559260368347,0.7024277448654175,0.9131820201873779,0.057756390422582626,0.17764407396316528
truthfulqa_650_inc_0,truthfulqa,1,5,0.0,1.0,0.2,0.7138978242874146,0.6115990877151489,0.8906057476997375,0.09464066475629807,0.28610217571258545
truthfulqa_796_inc_1,truthfulqa,1,5,0.0,1.0,0.2,0.5991348028182983,0.38530635833740234,0.9927419424057007,0.250382661819458,0.40086519718170166
truthfulqa_156_corr_1,truthfulqa,0,5,0.0,1.0,0.2,0.8688526153564453,0.8081951141357422,0.9116237163543701,0.04123171418905258,0.1311473846435547
truthfulqa_749_inc_0,truthfulqa,1,5,0.0,1.0,0.2,0.8033972978591919,0.6866335868835449,0.9104282855987549,0.06346968561410904,0.1966027021408081
truthfulqa_45_corr_3,truthfulqa,0,5,0.0,1.0,0.2,0.5074047446250916,0.24247977137565613,0.7258366942405701,0.1846417337656021,0.49259525537490845
truthfulqa_601_best,truthfulqa,0,5,0.0,1.0,0.2,0.8563170433044434,0.7659573554992676,0.9355116486549377,0.05249912291765213,0.14368295669555664
truthfulqa_43_corr_0,truthfulqa,0,5,0.3,0.6,0.6,0.7472113370895386,0.5474603176116943,1.0,0.1871657371520996,0.2527886629104614
truthfulqa_68_corr_2,truthfulqa,0,5,0.0,1.0,0.2,0.7358630895614624,0.5880283117294312,0.9220985174179077,0.09548626095056534,0.2641369104385376
truthfulqa_313_corr_1,truthfulqa,0,5,0.0,1.0,0.2,0.7908803224563599,0.6788759231567383,0.9415844678878784,0.0966447964310646,0.20911967754364014
truthfulqa_346_corr_3,truthfulqa,0,5,0.0,1.0,0.2,0.9190972447395325,0.8832747936248779,0.9625950455665588,0.02515122853219509,0.08090275526046753
truthfulqa_44_best,truthfulqa,0,5,0.0,1.0,0.2,0.4771888852119446,0.13858048617839813,0.789033055305481,0.2503773868083954,0.5228111147880554
truthfulqa_183_inc_2,truthfulqa,1,5,0.0,1.0,0.2,0.8496467471122742,0.7271502017974854,0.9425888657569885,0.08188507705926895,0.15035325288772583
truthfulqa_417_inc_3,truthfulqa,1,5,0.1,0.8,0.4,0.5110471844673157,0.17023947834968567,0.9999998807907104,0.22278469800949097,0.4889528155326843
truthfulqa_485_inc_4,truthfulqa,1,5,0.0,1.0,0.2,0.8781729936599731,0.8407842516899109,0.9391151666641235,0.03371760621666908,0.12182700634002686
truthfulqa_411_best,truthfulqa,0,5,0.0,1.0,0.2,0.96709805727005,0.9563373327255249,0.985657274723053,0.008390811271965504,0.03290194272994995
truthfulqa_97_inc_2,truthfulqa,1,5,0.0,1.0,0.2,0.19095289707183838,0.032615017145872116,0.5309197902679443,0.1863591969013214,0.8090471029281616
truthfulqa_300_corr_2,truthfulqa,0,5,0.2,0.6,0.4,0.9164279699325562,0.8469136953353882,1.0,0.05942372605204582,0.08357203006744385
truthfulqa_46_inc_2,truthfulqa,1,5,0.0,1.0,0.2,0.5222380757331848,0.32333260774612427,0.9501422047615051,0.207705557346344,0.4777619242668152
truthfulqa_402_inc_0,truthfulqa,1,5,0.0,1.0,0.2,0.9021755456924438,0.8510942459106445,0.9367843866348267,0.02711218222975731,0.09782445430755615
truthfulqa_139_corr_0,truthfulqa,0,5,0.0,1.0,0.2,0.2867209315299988,0.04868539422750473,0.9582560658454895,0.24528251588344574,0.7132790684700012
truthfulqa_621_inc_0,truthfulqa,1,5,0.0,1.0,0.2,0.7346351146697998,0.4694248139858246,0.966169536113739,0.18924956023693085,0.2653648853302002
truthfulqa_181_inc_0,truthfulqa,1,5,0.3,0.6,0.6,0.9568174481391907,0.9378823041915894,0.9999997615814209,0.02827228419482708,0.043182551860809326
truthfulqa_367_best,truthfulqa,0,5,0.0,1.0,0.2,0.5169676542282104,0.28282856941223145,0.8003688454627991,0.17662502825260162,0.48303234577178955
truthfulqa_397_corr_1,truthfulqa,0,5,0.0,1.0,0.2,0.7374646067619324,0.5065359473228455,0.8654180765151978,0.12143906950950623,0.2625353932380676
truthfulqa_70_inc_2,truthfulqa,1,5,0.0,1.0,0.2,0.31090083718299866,0.1079191341996193,0.5426196455955505,0.13205379247665405,0.6890991628170013
truthfulqa_126_inc_6,truthfulqa,1,5,0.0,1.0,0.2,0.4133484959602356,0.27779704332351685,0.5701932311058044,0.10220450907945633,0.5866515040397644
truthfulqa_276_corr_3,truthfulqa,0,5,0.0,1.0,0.2,0.9365002512931824,0.9039955139160156,0.9711736440658569,0.019178124144673347,0.06349974870681763
truthfulqa_103_corr_3,truthfulqa,0,5,0.6,0.4,0.8,0.771009087562561,0.4786662459373474,0.9999998807907104,0.23724421858787537,0.22899091243743896
truthfulqa_98_best,truthfulqa,0,5,0.0,1.0,0.2,0.8232823610305786,0.6987116932868958,0.898517370223999,0.05292718484997749,0.1767176389694214
truthfulqa_31_inc_0,truthfulqa,1,5,0.3,0.6,0.6,0.9991310238838196,0.9981005191802979,1.0,0.0006299213273450732,0.0008689761161804199
truthfulqa_513_best,truthfulqa,0,5,0.0,1.0,0.2,0.5343905687332153,0.27104008197784424,0.8229873776435852,0.16932688653469086,0.46560943126678467
truthfulqa_550_best,truthfulqa,0,5,0.0,1.0,0.2,0.6781672239303589,0.6009564399719238,0.7837439775466919,0.05551426112651825,0.3218327760696411
truthfulqa_580_inc_2,truthfulqa,1,5,0.1,0.8,0.4,0.3652547001838684,-0.00713111087679863,1.0,0.3280237019062042,0.6347452998161316
truthfulqa_61_inc_3,truthfulqa,1,5,0.0,1.0,0.2,0.5072370767593384,0.14663654565811157,0.8894829750061035,0.2319168597459793,0.4927629232406616
truthfulqa_750_inc_0,truthfulqa,1,5,0.0,1.0,0.2,0.8547245860099792,0.7893240451812744,0.9103620052337646,0.04232984036207199,0.14527541399002075
truthfulqa_273_best,truthfulqa,0,5,0.0,1.0,0.2,0.863082766532898,0.8264480829238892,0.9323198795318604,0.03168904036283493,0.13691723346710205
truthfulqa_664_inc_4,truthfulqa,1,5,0.0,1.0,0.2,0.8774646520614624,0.8104334473609924,0.9498166441917419,0.04813303053379059,0.1225353479385376
truthfulqa_178_inc_1,truthfulqa,1,5,0.0,1.0,0.2,0.626197338104248,0.19276472926139832,0.9439210891723633,0.33457353711128235,0.37380266189575195
truthfulqa_170_inc_0,truthfulqa,1,5,0.0,1.0,0.2,0.14691321551799774,0.010072988457977772,0.49563390016555786,0.14840295910835266,0.8530867844820023
truthfulqa_746_inc_1,truthfulqa,1,5,0.2,0.6,0.4,0.9787179827690125,0.9509824514389038,1.0,0.0175327081233263,0.02128201723098755
truthfulqa_753_best,truthfulqa,0,5,0.0,1.0,0.2,0.7334502339363098,0.597702145576477,0.9518875479698181,0.12692703306674957,0.2665497660636902
truthfulqa_254_corr_2,truthfulqa,0,5,0.0,1.0,0.2,0.7456576228141785,0.6522104740142822,0.8523901700973511,0.0652458518743515,0.25434237718582153
truthfulqa_751_corr_1,truthfulqa,0,5,0.0,1.0,0.2,0.9102142453193665,0.8566409349441528,0.9490690231323242,0.025237785652279854,0.08978575468063354
truthfulqa_382_corr_1,truthfulqa,0,5,0.0,1.0,0.2,0.5923460721969604,0.40961551666259766,0.7720591425895691,0.1264066994190216,0.40765392780303955
truthfulqa_453_inc_7,truthfulqa,1,5,0.1,0.8,0.4,0.898590087890625,0.8009524345397949,1.0,0.07615888863801956,0.101409912109375
truthfulqa_275_inc_0,truthfulqa,1,5,0.0,1.0,0.2,0.8842633366584778,0.7808037996292114,0.9513673782348633,0.05718575790524483,0.11573666334152222
truthfulqa_813_inc_5,truthfulqa,1,5,0.0,1.0,0.2,0.6195194125175476,0.21064738929271698,0.990032970905304,0.3054908215999603,0.3804805874824524
truthfulqa_572_corr_1,truthfulqa,0,5,0.6,0.4,0.8,0.8756445050239563,0.7040831446647644,1.0,0.1273544281721115,0.1243554949760437
truthfulqa_271_inc_3,truthfulqa,1,5,0.0,1.0,0.2,0.8282991647720337,0.661256730556488,0.9753464460372925,0.12033474445343018,0.1717008352279663
truthfulqa_115_corr_2,truthfulqa,0,5,0.0,1.0,0.2,0.6159829497337341,0.4454013705253601,0.8979896903038025,0.1438111662864685,0.38401705026626587
truthfulqa_204_best,truthfulqa,0,5,0.0,1.0,0.2,0.7551705241203308,0.611169695854187,0.8671702146530151,0.07803793251514435,0.2448294758796692
truthfulqa_44_inc_4,truthfulqa,1,5,0.0,1.0,0.2,0.6100445985794067,0.4844275116920471,0.7096047401428223,0.07264581322669983,0.38995540142059326
truthfulqa_81_corr_1,truthfulqa,0,5,0.0,1.0,0.2,0.35870978236198425,0.2674192786216736,0.5744001865386963,0.08694197237491608,0.6412902176380157
truthfulqa_564_inc_4,truthfulqa,1,5,0.6,0.4,0.8,0.8094674944877625,0.5236689448356628,1.0,0.2333535999059677,0.19053250551223755
truthfulqa_237_corr_2,truthfulqa,0,5,0.0,1.0,0.2,0.7641028761863708,0.6837881803512573,0.9190691709518433,0.06743887066841125,0.23589712381362915
truthfulqa_348_corr_3,truthfulqa,0,5,0.0,1.0,0.2,0.8213264346122742,0.6926707029342651,0.9715389609336853,0.07173354178667068,0.17867356538772583
truthfulqa_357_inc_0,truthfulqa,1,5,0.0,1.0,0.2,0.4547247290611267,0.15511751174926758,0.7124947905540466,0.19535508751869202,0.5452752709388733
truthfulqa_71_inc_3,truthfulqa,1,5,0.0,1.0,0.2,0.7804287075996399,0.5722491145133972,0.9492825865745544,0.15622712671756744,0.2195712924003601
truthfulqa_134_inc_3,truthfulqa,1,5,0.1,0.8,0.4,0.6770035624504089,0.38170719146728516,1.0,0.17229734361171722,0.32299643754959106
truthfulqa_12_inc_1,truthfulqa,1,5,0.3,0.6,0.6,0.4367562234401703,0.11868534982204437,1.0,0.3792927861213684,0.5632437765598297
truthfulqa_718_inc_0,truthfulqa,1,5,0.0,1.0,0.2,0.8018930554389954,0.7148948907852173,0.8984695672988892,0.05532784014940262,0.19810694456100464
truthfulqa_468_corr_2,truthfulqa,0,5,0.0,1.0,0.2,0.9325336217880249,0.8858922719955444,0.984131932258606,0.035735104233026505,0.0674663782119751
truthfulqa_6_inc_4,truthfulqa,1,5,0.0,1.0,0.2,0.6807423830032349,0.5320738554000854,0.922360897064209,0.10013172030448914,0.31925761699676514
truthfulqa_524_corr_1,truthfulqa,0,5,1.0,0.2,1.0,1.0,1.0,1.0,0.0,0.0
truthfulqa_646_corr_2,truthfulqa,0,5,0.4,0.4,0.6,0.9188946485519409,0.8648244738578796,1.0,0.06622221320867538,0.08110535144805908
truthfulqa_683_corr_2,truthfulqa,0,5,0.0,1.0,0.2,0.8186748623847961,0.742637038230896,0.9167884588241577,0.05857187509536743,0.18132513761520386
truthfulqa_590_inc_3,truthfulqa,1,5,0.0,1.0,0.2,0.28474631905555725,0.1455671489238739,0.4506433606147766,0.0799432247877121,0.7152536809444427
truthfulqa_718_corr_1,truthfulqa,0,5,0.0,1.0,0.2,0.77143794298172,0.7127052545547485,0.8323844075202942,0.044861000031232834,0.22856205701828003
truthfulqa_395_corr_1,truthfulqa,0,5,0.1,0.8,0.4,0.8265641927719116,0.7315020561218262,0.9999998807907104,0.07375000417232513,0.17343580722808838
truthfulqa_565_corr_2,truthfulqa,0,5,0.3,0.6,0.6,0.6262916922569275,0.16809719800949097,1.0,0.2843424677848816,0.3737083077430725
truthfulqa_558_inc_3,truthfulqa,1,5,0.1,0.8,0.4,0.4555366635322571,0.2894781827926636,0.9999998807907104,0.2016172558069229,0.5444633364677429
truthfulqa_90_corr_0,truthfulqa,0,5,0.0,1.0,0.2,0.7042986154556274,0.503667414188385,0.8541042804718018,0.11894625425338745,0.29570138454437256
truthfulqa_493_inc_2,truthfulqa,1,5,0.0,1.0,0.2,0.7910967469215393,0.677244246006012,0.94910728931427,0.07754850387573242,0.2089032530784607
truthfulqa_66_inc_1,truthfulqa,1,5,0.0,1.0,0.2,0.6383763551712036,0.4865849018096924,0.7515207529067993,0.09361584484577179,0.3616236448287964
truthfulqa_171_corr_1,truthfulqa,0,5,0.0,1.0,0.2,0.8880678415298462,0.8415309190750122,0.9579496383666992,0.03308486565947533,0.11193215847015381
truthfulqa_249_inc_3,truthfulqa,1,5,0.1,0.8,0.4,0.5347675085067749,0.07150419056415558,1.0,0.35889703035354614,0.4652324914932251
truthfulqa_456_best,truthfulqa,0,5,0.0,1.0,0.2,0.7204498648643494,0.608812689781189,0.8278772830963135,0.07934799045324326,0.27955013513565063
truthfulqa_48_inc_0,truthfulqa,1,5,0.0,1.0,0.2,0.9427712559700012,0.8599045276641846,0.9970031976699829,0.056684527546167374,0.05722874402999878
truthfulqa_673_inc_2,truthfulqa,1,5,0.0,1.0,0.2,0.8538051843643188,0.7969477772712708,0.9384455680847168,0.036993592977523804,0.14619481563568115
truthfulqa_573_inc_9,truthfulqa,1,5,1.0,0.2,1.0,0.9924489259719849,0.9811223149299622,1.0,0.009248139336705208,0.007551074028015137
truthfulqa_111_inc_0,truthfulqa,1,5,1.0,0.2,1.0,1.0,1.0,1.0,0.0,0.0
truthfulqa_208_inc_0,truthfulqa,1,5,0.0,1.0,0.2,0.8859206438064575,0.7766174674034119,0.980634331703186,0.06187518686056137,0.11407935619354248
truthfulqa_625_inc_0,truthfulqa,1,5,1.0,0.2,1.0,1.0,1.0,1.0,0.0,0.0
truthfulqa_313_corr_4,truthfulqa,0,5,0.0,1.0,0.2,0.49464958906173706,0.11665217578411102,0.7629820108413696,0.2322007268667221,0.5053504109382629
truthfulqa_350_inc_3,truthfulqa,1,5,0.0,1.0,0.2,0.9012544751167297,0.8602534532546997,0.9394993185997009,0.023319140076637268,0.09874552488327026
truthfulqa_320_inc_0,truthfulqa,1,5,0.0,1.0,0.2,0.8934456706047058,0.8250468969345093,0.9519832730293274,0.04002890735864639,0.10655432939529419
truthfulqa_610_inc_0,truthfulqa,1,5,0.0,1.0,0.2,0.7775276303291321,0.6939812302589417,0.9144912362098694,0.05815853551030159,0.22247236967086792
truthfulqa_296_inc_1,truthfulqa,1,5,0.0,1.0,0.2,0.7171624302864075,0.6239173412322998,0.8388327360153198,0.06765828281641006,0.28283756971359253
truthfulqa_202_inc_0,truthfulqa,1,5,0.0,1.0,0.2,0.8723528981208801,0.8479529619216919,0.9116775393486023,0.02030162885785103,0.12764710187911987
truthfulqa_789_inc_0,truthfulqa,1,5,0.0,1.0,0.2,0.7723857164382935,0.6668059229850769,0.8792139291763306,0.07053058594465256,0.22761428356170654
truthfulqa_89_best,truthfulqa,0,5,0.6,0.4,0.8,0.9987853169441223,0.9969635605812073,0.9999998211860657,0.0014874577755108476,0.0012146830558776855
truthfulqa_658_inc_1,truthfulqa,1,5,0.0,1.0,0.2,0.4399584233760834,0.2696661353111267,0.789539635181427,0.15512128174304962,0.5600415766239166
truthfulqa_280_corr_1,truthfulqa,0,5,0.0,1.0,0.2,0.9048687815666199,0.8514750003814697,0.9911810159683228,0.04057931900024414,0.09513121843338013
truthfulqa_204_inc_0,truthfulqa,1,5,0.0,1.0,0.2,0.8227590322494507,0.703029215335846,0.9197529554367065,0.07588500529527664,0.17724096775054932
truthfulqa_611_inc_1,truthfulqa,1,5,0.1,0.8,0.4,0.6463931798934937,0.41307246685028076,1.0,0.21789030730724335,0.35360682010650635
truthfulqa_816_corr_3,truthfulqa,0,5,0.0,1.0,0.2,0.8880335688591003,0.8229912519454956,0.9641928672790527,0.04336118698120117,0.11196643114089966
truthfulqa_691_corr_1,truthfulqa,0,5,0.0,1.0,0.2,0.7608247995376587,0.5527210831642151,0.9918752908706665,0.16048339009284973,0.2391752004623413
truthfulqa_335_inc_3,truthfulqa,1,5,0.1,0.8,0.4,0.7827418446540833,0.5903869867324829,1.0,0.1533948928117752,0.21725815534591675
truthfulqa_150_inc_1,truthfulqa,1,5,0.0,1.0,0.2,0.5770799517631531,0.35844945907592773,0.822451651096344,0.15051905810832977,0.4229200482368469
truthfulqa_104_best,truthfulqa,0,5,0.4,0.4,0.6,0.5783026218414307,0.2971709966659546,1.0,0.34431448578834534,0.42169737815856934
truthfulqa_499_corr_1,truthfulqa,0,5,0.0,1.0,0.2,0.6390341520309448,0.2824607491493225,0.8920506834983826,0.26056888699531555,0.3609658479690552
truthfulqa_93_best,truthfulqa,0,5,0.0,1.0,0.2,0.6774173974990845,0.4786999225616455,0.9200209975242615,0.13983412086963654,0.3225826025009155
truthfulqa_4_inc_4,truthfulqa,1,5,0.0,1.0,0.2,0.9229087829589844,0.8911291360855103,0.9571576118469238,0.02284983918070793,0.07709121704101562
truthfulqa_607_best,truthfulqa,0,5,0.2,0.6,0.4,0.39593735337257385,0.0770677998661995,0.9900907278060913,0.3078005909919739,0.6040626466274261
truthfulqa_335_inc_2,truthfulqa,1,5,0.0,1.0,0.2,0.8027852773666382,0.7133311033248901,0.8844853639602661,0.06229696795344353,0.19721472263336182
truthfulqa_477_inc_0,truthfulqa,1,5,0.0,1.0,0.2,0.6060123443603516,0.20165042579174042,0.9436531066894531,0.29681167006492615,0.39398765563964844
truthfulqa_348_corr_2,truthfulqa,0,5,0.0,1.0,0.2,0.8436692953109741,0.7773739099502563,0.9370147585868835,0.055015578866004944,0.15633070468902588
truthfulqa_730_inc_0,truthfulqa,1,5,1.0,0.2,1.0,1.0,1.0,1.0,0.0,0.0
truthfulqa_394_inc_1,truthfulqa,1,5,0.0,1.0,0.2,0.24349761009216309,-0.024100108072161674,0.570857584476471,0.23326285183429718,0.7565023899078369
truthfulqa_58_inc_3,truthfulqa,1,5,0.0,1.0,0.2,0.8705414533615112,0.7348023653030396,0.9757752418518066,0.07904013246297836,0.12945854663848877
truthfulqa_353_corr_1,truthfulqa,0,5,0.0,1.0,0.2,0.6589888334274292,0.410910040140152,0.855310320854187,0.13431762158870697,0.3410111665725708
truthfulqa_293_corr_1,truthfulqa,0,5,0.6,0.4,0.8,0.9880840182304382,0.970210075378418,1.0,0.014594023115932941,0.011915981769561768
truthfulqa_374_inc_3,truthfulqa,1,5,0.0,1.0,0.2,0.44919353723526,0.2354660928249359,0.7368457317352295,0.16178780794143677,0.55080646276474
truthfulqa_594_inc_0,truthfulqa,1,5,0.1,0.8,0.4,0.41912001371383667,0.029483485966920853,1.0,0.39273801445961,0.5808799862861633
truthfulqa_265_inc_0,truthfulqa,1,5,0.0,1.0,0.2,0.6616289615631104,0.5160313248634338,0.9208039045333862,0.1306660920381546,0.33837103843688965
truthfulqa_504_inc_0,truthfulqa,1,5,0.0,1.0,0.2,0.7857099771499634,0.7152235507965088,0.8850578665733337,0.04740956053137779,0.21429002285003662
truthfulqa_583_corr_1,truthfulqa,0,5,0.1,0.8,0.4,0.6365455985069275,0.38779836893081665,1.0,0.2369786649942398,0.3634544014930725
truthfulqa_427_best,truthfulqa,0,5,0.4,0.4,0.6,0.8148429989814758,0.7023434638977051,1.0,0.12710066139698029,0.18515700101852417
truthfulqa_479_inc_2,truthfulqa,1,5,0.0,1.0,0.2,0.7758030891418457,0.4895721673965454,0.9528425931930542,0.18634402751922607,0.2241969108581543
truthfulqa_589_best,truthfulqa,0,5,0.3,0.6,0.6,0.36586904525756836,-0.029037492349743843,0.9999997615814209,0.431270569562912,0.6341309547424316
truthfulqa_21_best,truthfulqa,0,5,0.0,1.0,0.2,0.6792367696762085,0.26361384987831116,0.8854786157608032,0.18196548521518707,0.3207632303237915
truthfulqa_771_corr_2,truthfulqa,0,5,0.2,0.6,0.4,0.9478815197944641,0.890451192855835,1.0,0.047380756586790085,0.05211848020553589
truthfulqa_613_corr_2,truthfulqa,0,5,0.0,1.0,0.2,0.7623249888420105,0.5795873999595642,0.8734652996063232,0.09362253546714783,0.2376750111579895
truthfulqa_604_inc_1,truthfulqa,1,5,0.6,0.4,0.8,0.8299658894538879,0.574914813041687,0.9999999403953552,0.2082483321428299,0.17003411054611206
truthfulqa_679_inc_0,truthfulqa,1,5,0.6,0.4,0.8,0.8306662440299988,0.6121433973312378,0.9999998807907104,0.17712333798408508,0.16933375597000122
truthfulqa_216_corr_3,truthfulqa,0,5,0.0,1.0,0.2,0.7806518077850342,0.6048974990844727,0.9183120727539062,0.11429322510957718,0.21934819221496582
truthfulqa_462_inc_5,truthfulqa,1,5,0.0,1.0,0.2,0.7863564491271973,0.507021963596344,0.9754118919372559,0.2008187174797058,0.21364355087280273
truthfulqa_728_best,truthfulqa,0,5,1.0,0.2,1.0,0.9999998807907104,0.9999999403953552,0.9999999403953552,5.960464477539063e-08,1.1920928955078125e-07
truthfulqa_390_inc_2,truthfulqa,1,5,0.0,1.0,0.2,0.8408787846565247,0.7744191884994507,0.927059531211853,0.0381149984896183,0.15912121534347534
truthfulqa_596_inc_1,truthfulqa,1,5,0.0,1.0,0.2,0.5195499658584595,0.3480861783027649,0.7155734300613403,0.14654861390590668,0.4804500341415405
truthfulqa_465_best,truthfulqa,0,5,1.0,0.2,1.0,1.0,1.0,1.0,0.0,0.0
truthfulqa_191_corr_1,truthfulqa,0,5,0.0,1.0,0.2,0.8037533760070801,0.5833839178085327,0.930802047252655,0.0989348366856575,0.19624662399291992
truthfulqa_347_inc_2,truthfulqa,1,5,0.0,1.0,0.2,0.8683182001113892,0.8049416542053223,0.9801589846611023,0.0628742203116417,0.13168179988861084
truthfulqa_550_inc_7,truthfulqa,1,5,0.0,1.0,0.2,0.3727461099624634,0.07086063921451569,0.882260262966156,0.2563720941543579,0.6272538900375366
truthfulqa_47_corr_0,truthfulqa,0,5,0.1,0.8,0.4,0.8292290568351746,0.6387863159179688,1.0,0.13151352107524872,0.17077094316482544
truthfulqa_319_best,truthfulqa,0,5,0.0,1.0,0.2,0.7565861344337463,0.6224493980407715,0.843349814414978,0.06740213930606842,0.24341386556625366
truthfulqa_491_corr_1,truthfulqa,0,5,0.0,1.0,0.2,0.566382110118866,0.09508390724658966,0.9958676099777222,0.3670855164527893,0.43361788988113403
truthfulqa_553_inc_5,truthfulqa,1,5,0.0,1.0,0.2,0.7633603811264038,0.6697591543197632,0.8727706074714661,0.0690070167183876,0.2366396188735962
truthfulqa_357_inc_2,truthfulqa,1,5,0.0,1.0,0.2,0.8246094584465027,0.7070451974868774,0.906675398349762,0.06027405336499214,0.17539054155349731
truthfulqa_497_best,truthfulqa,0,5,0.1,0.8,0.4,0.40956205129623413,0.18873555958271027,1.0,0.21497610211372375,0.5904379487037659
truthfulqa_685_corr_1,truthfulqa,0,5,0.0,1.0,0.2,0.48362940549850464,0.04522404447197914,0.9490324258804321,0.3163453936576843,0.5163705945014954
truthfulqa_782_inc_2,truthfulqa,1,5,0.0,1.0,0.2,0.7891966104507446,0.6746112108230591,0.9145417213439941,0.07250821590423584,0.21080338954925537
truthfulqa_192_inc_3,truthfulqa,1,5,0.0,1.0,0.2,0.8092187643051147,0.6685773134231567,0.9122867584228516,0.07416250556707382,0.19078123569488525
truthfulqa_43_corr_2,truthfulqa,0,5,0.0,1.0,0.2,0.5982619524002075,0.46859118342399597,0.8272502422332764,0.1145382970571518,0.4017380475997925
truthfulqa_18_inc_0,truthfulqa,1,5,0.0,1.0,0.2,0.8143035769462585,0.7010523080825806,0.9523429870605469,0.08888796716928482,0.18569642305374146
truthfulqa_327_corr_5,truthfulqa,0,5,0.1,0.8,0.4,0.9471995234489441,0.9034998416900635,1.0,0.028892556205391884,0.05280047655105591
truthfulqa_230_corr_3,truthfulqa,0,5,0.1,0.8,0.4,0.8566545248031616,0.7561901807785034,1.0,0.08413851261138916,0.14334547519683838
truthfulqa_808_inc_0,truthfulqa,1,5,1.0,0.2,1.0,0.9999998807907104,0.9999998807907104,0.9999998807907104,0.0,1.1920928955078125e-07
truthfulqa_487_best,truthfulqa,0,5,0.3,0.6,0.6,0.6557189226150513,0.28251510858535767,1.0,0.30190154910087585,0.34428107738494873
truthfulqa_412_corr_1,truthfulqa,0,5,1.0,0.2,1.0,1.0,1.0,1.0,0.0,0.0
truthfulqa_221_inc_2,truthfulqa,1,5,0.1,0.8,0.4,0.959011435508728,0.9163436889648438,1.0,0.03258328139781952,0.04098856449127197
truthfulqa_588_corr_1,truthfulqa,0,5,0.1,0.8,0.4,0.8617427945137024,0.782950758934021,1.0,0.061612166464328766,0.1382572054862976
truthfulqa_490_inc_4,truthfulqa,1,5,0.1,0.8,0.4,0.6197629570960999,0.28887656331062317,1.0,0.20571967959403992,0.38023704290390015
truthfulqa_58_corr_2,truthfulqa,0,5,0.0,1.0,0.2,0.7237120270729065,0.6152729988098145,0.9166604280471802,0.10111221671104431,0.2762879729270935
truthfulqa_412_inc_3,truthfulqa,1,5,1.0,0.2,1.0,1.0,1.0,1.0,0.0,0.0
truthfulqa_16_inc_3,truthfulqa,1,5,0.0,1.0,0.2,0.7172431945800781,0.6478352546691895,0.8239928483963013,0.049144212156534195,0.2827568054199219
truthfulqa_495_inc_2,truthfulqa,1,5,0.2,0.6,0.4,0.4137512743473053,0.1496061235666275,1.0,0.3002389967441559,0.5862487256526947
truthfulqa_464_corr_1,truthfulqa,0,5,0.1,0.8,0.4,0.43435320258140564,0.029049837961792946,0.9999998807907104,0.2957983911037445,0.5656467974185944
truthfulqa_573_inc_11,truthfulqa,1,5,1.0,0.2,1.0,0.9924489259719849,0.9811223149299622,1.0,0.009248139336705208,0.007551074028015137
truthfulqa_572_inc_1,truthfulqa,1,5,0.1,0.8,0.4,0.7999087572097778,0.6182333827018738,1.0,0.12725475430488586,0.20009124279022217
truthfulqa_13_corr_3,truthfulqa,0,5,0.0,1.0,0.2,0.7399703860282898,0.6466304063796997,0.915199875831604,0.06953354924917221,0.2600296139717102
truthfulqa_688_corr_1,truthfulqa,0,5,0.0,1.0,0.2,0.923371434211731,0.8675791025161743,0.9774245023727417,0.029610712081193924,0.07662856578826904
truthfulqa_785_corr_1,truthfulqa,0,5,0.0,1.0,0.2,0.8983650207519531,0.8723101615905762,0.9325853586196899,0.017060240730643272,0.10163497924804688
truthfulqa_129_best,truthfulqa,0,5,0.0,1.0,0.2,0.4941423535346985,0.43894654512405396,0.5844947099685669,0.04703199490904808,0.5058576464653015
truthfulqa_403_best,truthfulqa,0,5,0.0,1.0,0.2,0.9645730257034302,0.9340852499008179,0.9842659831047058,0.014140953309834003,0.035426974296569824
truthfulqa_774_inc_1,truthfulqa,1,5,0.0,1.0,0.2,0.4414973855018616,0.1975094974040985,0.9165084362030029,0.18746085464954376,0.5585026144981384
truthfulqa_41_inc_3,truthfulqa,1,5,0.0,1.0,0.2,0.9151310920715332,0.8409834504127502,0.9846547842025757,0.0496518537402153,0.0848689079284668
truthfulqa_519_inc_1,truthfulqa,1,5,0.1,0.8,0.4,0.41131582856178284,0.17479079961776733,0.9459118247032166,0.20905011892318726,0.5886841714382172
truthfulqa_434_inc_0,truthfulqa,1,5,1.0,0.2,1.0,0.9807530641555786,0.9518827199935913,1.0,0.023572556674480438,0.019246935844421387
truthfulqa_485_inc_5,truthfulqa,1,5,0.0,1.0,0.2,0.8694580793380737,0.7887688875198364,0.9449741840362549,0.04767581820487976,0.13054192066192627
truthfulqa_783_best,truthfulqa,0,5,0.1,0.8,0.4,0.8545800447463989,0.7274240851402283,1.0,0.07811209559440613,0.14541995525360107
truthfulqa_609_inc_1,truthfulqa,1,5,0.0,1.0,0.2,0.5365394353866577,0.17891575396060944,0.9672192335128784,0.21866406500339508,0.4634605646133423
truthfulqa_567_inc_6,truthfulqa,1,5,0.3,0.6,0.6,0.3550395369529724,-0.0729670599102974,1.0,0.43475237488746643,0.6449604630470276
truthfulqa_761_best,truthfulqa,0,5,0.0,1.0,0.2,0.9580860137939453,0.9323285818099976,0.9892550706863403,0.020232168957591057,0.04191398620605469
truthfulqa_436_inc_2,truthfulqa,1,5,0.2,0.6,0.4,0.6868534684181213,0.45469969511032104,1.0,0.1756945252418518,0.31314653158187866
truthfulqa_39_inc_3,truthfulqa,1,5,0.3,0.6,0.6,0.47144609689712524,0.16325999796390533,1.0,0.38239696621894836,0.5285539031028748
truthfulqa_394_inc_2,truthfulqa,1,5,0.0,1.0,0.2,0.5867058038711548,0.029067017138004303,0.9889789819717407,0.43672797083854675,0.4132941961288452
truthfulqa_653_corr_2,truthfulqa,0,5,0.0,1.0,0.2,0.8842080235481262,0.7667492032051086,0.9690499305725098,0.0913730040192604,0.11579197645187378
truthfulqa_195_corr_2,truthfulqa,0,5,0.0,1.0,0.2,0.5120453834533691,0.21195004880428314,0.9873464107513428,0.24789531528949738,0.48795461654663086
truthfulqa_326_corr_2,truthfulqa,0,5,0.0,1.0,0.2,0.3031699061393738,0.056949831545352936,0.7418539524078369,0.23450039327144623,0.6968300938606262
truthfulqa_309_inc_4,truthfulqa,1,5,0.0,1.0,0.2,0.8911517858505249,0.8230879306793213,0.9667109251022339,0.04201154038310051,0.1088482141494751
truthfulqa_10_inc_2,truthfulqa,1,5,1.0,0.2,1.0,1.0,1.0,1.0,0.0,0.0
truthfulqa_306_best,truthfulqa,0,5,0.0,1.0,0.2,0.8844273686408997,0.8282710909843445,0.9569021463394165,0.03402720019221306,0.11557263135910034
truthfulqa_440_best,truthfulqa,0,5,0.2,0.6,0.4,0.3293015956878662,0.15833911299705505,1.0,0.3353673219680786,0.6706984043121338
truthfulqa_274_inc_1,truthfulqa,1,5,0.0,1.0,0.2,0.8895200490951538,0.7489720582962036,0.9832576513290405,0.10825391113758087,0.11047995090484619
truthfulqa_202_inc_1,truthfulqa,1,5,0.0,1.0,0.2,0.8670921325683594,0.8193069696426392,0.9171398878097534,0.026599964126944542,0.13290786743164062
truthfulqa_174_inc_2,truthfulqa,1,5,0.6,0.4,0.8,0.8099522590637207,0.4789465069770813,1.0,0.2032037228345871,0.1900477409362793
truthfulqa_82_inc_3,truthfulqa,1,5,0.0,1.0,0.2,0.6494301557540894,0.5019147992134094,0.8538376688957214,0.0988808274269104,0.35056984424591064
truthfulqa_575_inc_7,truthfulqa,1,5,0.6,0.4,0.8,0.9783267974853516,0.9458170533180237,1.0,0.02654411457479,0.021673202514648438
truthfulqa_419_inc_1,truthfulqa,1,5,1.0,0.2,1.0,0.9800046682357788,0.9500117301940918,1.0,0.0244891494512558,0.01999533176422119
truthfulqa_388_corr_1,truthfulqa,0,5,0.0,1.0,0.2,0.8985341191291809,0.838837742805481,0.9397978782653809,0.032783497124910355,0.10146588087081909
truthfulqa_508_inc_1,truthfulqa,1,5,0.0,1.0,0.2,0.6124086976051331,0.4387221336364746,0.826244592666626,0.1395099014043808,0.38759130239486694
truthfulqa_444_corr_2,truthfulqa,0,5,0.3,0.6,0.6,0.9729692339897156,0.9452823400497437,0.9999999403953552,0.01873895712196827,0.027030766010284424
truthfulqa_755_corr_1,truthfulqa,0,5,0.0,1.0,0.2,0.8340546488761902,0.7316375970840454,0.91954505443573,0.0635209009051323,0.16594535112380981
truthfulqa_59_corr_1,truthfulqa,0,5,0.0,1.0,0.2,0.8252026438713074,0.6829319000244141,0.9320217370986938,0.07859969139099121,0.17479735612869263
truthfulqa_583_inc_2,truthfulqa,1,5,0.1,0.8,0.4,0.5641544461250305,0.17535525560379028,1.0,0.26826003193855286,0.4358455538749695
truthfulqa_381_inc_4,truthfulqa,1,5,0.0,1.0,0.2,0.8661885261535645,0.813029408454895,0.9308669567108154,0.04184480011463165,0.13381147384643555
truthfulqa_506_inc_2,truthfulqa,1,5,0.6,0.4,0.8,0.969443142414093,0.9236077666282654,1.0,0.03742440044879913,0.030556857585906982
truthfulqa_470_corr_1,truthfulqa,0,5,0.2,0.6,0.4,0.6488098502159119,0.5166953802108765,0.9999999403953552,0.18368805944919586,0.35119014978408813
truthfulqa_774_inc_2,truthfulqa,1,5,0.0,1.0,0.2,0.25457048416137695,0.05462401732802391,0.4706305265426636,0.11332755535840988,0.745429515838623
truthfulqa_735_best,truthfulqa,0,5,0.0,1.0,0.2,0.9181360006332397,0.8799806237220764,0.9448835849761963,0.01851693168282509,0.08186399936676025
truthfulqa_365_inc_1,truthfulqa,1,5,0.0,1.0,0.2,0.69074946641922,0.4468029737472534,0.8983413577079773,0.1278262585401535,0.30925053358078003
truthfulqa_164_best,truthfulqa,0,5,0.4,0.4,0.6,0.5172303915023804,0.19538408517837524,1.0,0.39417970180511475,0.48276960849761963
truthfulqa_279_inc_0,truthfulqa,1,5,0.0,1.0,0.2,0.8365086317062378,0.7181139588356018,0.9696618318557739,0.09317421168088913,0.1634913682937622
truthfulqa_329_corr_2,truthfulqa,0,5,1.0,0.2,1.0,1.0,1.0,1.0,0.0,0.0
truthfulqa_300_corr_1,truthfulqa,0,5,0.0,1.0,0.2,0.5665894150733948,0.02910722605884075,0.9362356662750244,0.37393999099731445,0.4334105849266052
truthfulqa_112_inc_1,truthfulqa,1,5,0.4,0.4,0.6,0.7656962275505066,0.6094937324523926,1.0,0.19130821526050568,0.2343037724494934
truthfulqa_115_best,truthfulqa,0,5,0.1,0.8,0.4,0.5809763669967651,0.4730754494667053,0.9999999403953552,0.1608312875032425,0.41902363300323486
truthfulqa_156_inc_1,truthfulqa,1,5,0.0,1.0,0.2,0.8711233139038086,0.8266279697418213,0.904363214969635,0.02472679130733013,0.1288766860961914
truthfulqa_461_corr_3,truthfulqa,0,5,0.0,1.0,0.2,0.5404481291770935,0.36441683769226074,0.7628856897354126,0.1322041004896164,0.4595518708229065
truthfulqa_462_inc_1,truthfulqa,1,5,0.0,1.0,0.2,0.6410650014877319,0.41675034165382385,0.9622409343719482,0.2380354255437851,0.35893499851226807
truthfulqa_738_inc_2,truthfulqa,1,5,0.0,1.0,0.2,0.8942862749099731,0.8049029111862183,0.977080225944519,0.05348147451877594,0.10571372509002686
truthfulqa_49_inc_1,truthfulqa,1,5,0.0,1.0,0.2,0.6384549140930176,0.41538625955581665,0.960342526435852,0.16326163709163666,0.3615450859069824
truthfulqa_174_corr_1,truthfulqa,0,5,1.0,0.2,1.0,0.9675470590591431,0.9459117650985718,1.0,0.026497716084122658,0.032452940940856934
truthfulqa_127_corr_1,truthfulqa,0,5,0.0,1.0,0.2,0.41774892807006836,0.20175881683826447,0.7806845903396606,0.2096504420042038,0.5822510719299316
truthfulqa_361_inc_2,truthfulqa,1,5,0.0,1.0,0.2,0.7867243885993958,0.5899408459663391,0.9984403848648071,0.13668599724769592,0.21327561140060425
truthfulqa_327_inc_0,truthfulqa,1,5,0.1,0.8,0.4,0.9540030360221863,0.9115715026855469,1.0,0.030333345755934715,0.04599696397781372
truthfulqa_41_corr_1,truthfulqa,0,5,0.0,1.0,0.2,0.9039374589920044,0.864109456539154,0.9343267679214478,0.02216886729001999,0.0960625410079956
truthfulqa_80_inc_0,truthfulqa,1,5,0.0,1.0,0.2,0.6746114492416382,0.4283737540245056,0.963483452796936,0.15912599861621857,0.3253885507583618
truthfulqa_311_inc_3,truthfulqa,1,5,0.0,1.0,0.2,0.8525923490524292,0.7473998069763184,0.930518627166748,0.06039166823029518,0.1474076509475708
truthfulqa_7_inc_0,truthfulqa,1,5,0.0,1.0,0.2,0.6815043687820435,0.4594365954399109,0.9378002882003784,0.15007337927818298,0.31849563121795654
truthfulqa_366_inc_1,truthfulqa,1,5,0.1,0.8,0.4,0.8164464235305786,0.7158420085906982,0.9999997615814209,0.07516505569219589,0.1835535764694214
truthfulqa_34_corr_0,truthfulqa,0,5,0.0,1.0,0.2,0.8795109987258911,0.8349736928939819,0.9937658309936523,0.04180651903152466,0.12048900127410889
truthfulqa_209_corr_1,truthfulqa,0,5,0.0,1.0,0.2,0.8448722958564758,0.6802434325218201,0.941836953163147,0.09270256757736206,0.15512770414352417
truthfulqa_565_inc_0,truthfulqa,1,5,0.4,0.4,0.6,0.6193517446517944,0.3548787236213684,1.0,0.30148157477378845,0.38064825534820557
truthfulqa_344_best,truthfulqa,0,5,0.0,1.0,0.2,0.7152843475341797,0.5167825222015381,0.9894602298736572,0.218067467212677,0.2847156524658203
truthfulqa_629_best,truthfulqa,0,5,0.0,1.0,0.2,0.2525457739830017,-0.07105511426925659,0.7574914693832397,0.3191395103931427,0.7474542260169983
truthfulqa_471_best,truthfulqa,0,5,1.0,0.2,1.0,0.9999998807907104,0.9999999403953552,0.9999999403953552,5.960464477539063e-08,1.1920928955078125e-07
truthfulqa_707_inc_1,truthfulqa,1,5,0.6,0.4,0.8,0.9906419515609741,0.9766049385070801,1.0,0.01146119274199009,0.009358048439025879
truthfulqa_297_corr_1,truthfulqa,0,5,0.1,0.8,0.4,0.6692301630973816,0.5566682815551758,1.0,0.13370023667812347,0.3307698369026184
truthfulqa_272_corr_0,truthfulqa,0,5,0.0,1.0,0.2,0.9665816426277161,0.922561526298523,0.9904129505157471,0.01916572079062462,0.033418357372283936
truthfulqa_574_inc_0,truthfulqa,1,5,0.6,0.4,0.8,0.8538954854011536,0.6397700905799866,1.0,0.1700284630060196,0.14610451459884644
truthfulqa_803_inc_1,truthfulqa,1,5,0.0,1.0,0.2,0.6801995038986206,0.47843462228775024,0.8341881036758423,0.0872604250907898,0.3198004961013794
truthfulqa_36_inc_0,truthfulqa,1,5,0.3,0.6,0.6,0.9949678182601929,0.990185022354126,1.0,0.0038109079468995333,0.005032181739807129
truthfulqa_12_inc_2,truthfulqa,1,5,0.0,1.0,0.2,0.20861251652240753,-0.025486376136541367,0.37755995988845825,0.12286350131034851,0.7913874834775925
truthfulqa_317_corr_2,truthfulqa,0,5,0.6,0.4,0.8,0.8758516311645508,0.689629077911377,1.0,0.15205007791519165,0.12414836883544922
truthfulqa_625_best,truthfulqa,0,5,0.6,0.4,0.8,0.9944961667060852,0.9862402677536011,1.0,0.0067408643662929535,0.005503833293914795
truthfulqa_11_inc_0,truthfulqa,1,5,1.0,0.2,1.0,0.9633985757827759,0.9084964990615845,1.0,0.04482737556099892,0.03660142421722412
truthfulqa_467_best,truthfulqa,0,5,0.0,1.0,0.2,0.6509864926338196,0.23199667036533356,0.9319634437561035,0.2904002070426941,0.3490135073661804
truthfulqa_375_inc_1,truthfulqa,1,5,0.0,1.0,0.2,0.7550884485244751,0.6927232146263123,0.8531873822212219,0.040412336587905884,0.2449115514755249
truthfulqa_706_best,truthfulqa,0,5,0.0,1.0,0.2,0.7808768153190613,0.6908382177352905,0.9115233421325684,0.08016376197338104,0.21912318468093872
truthfulqa_483_corr_2,truthfulqa,0,5,0.0,1.0,0.2,0.921403706073761,0.8273236751556396,0.9871078133583069,0.0600590705871582,0.07859629392623901
truthfulqa_443_corr_1,truthfulqa,0,5,0.4,0.4,0.6,0.7544703483581543,0.6049355268478394,1.0,0.17618924379348755,0.2455296516418457
truthfulqa_175_corr_2,truthfulqa,0,5,0.2,0.6,0.4,0.5081819295883179,0.3304048478603363,1.0,0.2537011206150055,0.49181807041168213
truthfulqa_179_corr_3,truthfulqa,0,5,0.0,1.0,0.2,0.2862564027309418,0.01992848515510559,0.6907651424407959,0.23114220798015594,0.7137435972690582
truthfulqa_786_corr_2,truthfulqa,0,5,0.0,1.0,0.2,0.9143868684768677,0.8180587291717529,0.9766641855239868,0.04659546911716461,0.08561313152313232
truthfulqa_135_inc_4,truthfulqa,1,5,0.0,1.0,0.2,0.48884445428848267,0.23533885180950165,0.7431186437606812,0.19598329067230225,0.5111555457115173
truthfulqa_48_inc_3,truthfulqa,1,5,0.0,1.0,0.2,0.9257408380508423,0.8219719529151917,0.9970031976699829,0.07223533093929291,0.07425916194915771
truthfulqa_83_corr_3,truthfulqa,0,5,0.0,1.0,0.2,0.7082394361495972,0.5593795776367188,0.9330949783325195,0.098311647772789,0.29176056385040283
truthfulqa_579_inc_1,truthfulqa,1,5,0.0,1.0,0.2,0.15459275245666504,0.10845576226711273,0.22824952006340027,0.03628859296441078,0.845407247543335
truthfulqa_272_inc_0,truthfulqa,1,5,0.0,1.0,0.2,0.962978720664978,0.9407710433006287,0.9857889413833618,0.014092315919697285,0.03702127933502197
truthfulqa_4_corr_5,truthfulqa,0,5,0.0,1.0,0.2,0.9008046388626099,0.8388268351554871,0.9718316793441772,0.03825164586305618,0.09919536113739014
truthfulqa_278_corr_1,truthfulqa,0,5,0.0,1.0,0.2,0.542064368724823,0.09489522129297256,0.9705867767333984,0.32974711060523987,0.457935631275177
truthfulqa_498_corr_2,truthfulqa,0,5,0.0,1.0,0.2,0.8457104563713074,0.7675191164016724,0.9071251153945923,0.04552945867180824,0.15428954362869263
truthfulqa_472_inc_1,truthfulqa,1,5,0.0,1.0,0.2,0.305181622505188,0.10766279697418213,0.4778626263141632,0.14665505290031433,0.694818377494812
truthfulqa_479_inc_3,truthfulqa,1,5,0.0,1.0,0.2,0.5583909749984741,0.20398861169815063,0.9360218048095703,0.288649320602417,0.4416090250015259
truthfulqa_141_best,truthfulqa,0,5,0.0,1.0,0.2,0.4982280731201172,0.29855799674987793,0.8732940554618835,0.16383951902389526,0.5017719268798828
truthfulqa_455_best,truthfulqa,0,5,0.0,1.0,0.2,0.7898203730583191,0.7101771235466003,0.9175429940223694,0.0656294897198677,0.2101796269416809
truthfulqa_243_corr_1,truthfulqa,0,5,0.0,1.0,0.2,0.9500007629394531,0.8963350057601929,0.9855276942253113,0.03541700541973114,0.049999237060546875
truthfulqa_221_inc_0,truthfulqa,1,5,0.0,1.0,0.2,0.8705722689628601,0.7722010612487793,0.9804019331932068,0.07809921354055405,0.1294277310371399
truthfulqa_481_corr_1,truthfulqa,0,5,0.0,1.0,0.2,0.29044076800346375,0.10876920819282532,0.5207114219665527,0.13132821023464203,0.7095592319965363
truthfulqa_768_inc_1,truthfulqa,1,5,0.1,0.8,0.4,0.9033934473991394,0.81556236743927,1.0,0.0704951211810112,0.0966065526008606
truthfulqa_401_inc_1,truthfulqa,1,5,0.0,1.0,0.2,0.9108678102493286,0.8550213575363159,0.9650042057037354,0.03164282813668251,0.08913218975067139
truthfulqa_310_inc_4,truthfulqa,1,5,0.1,0.8,0.4,0.35188180208206177,0.023365050554275513,1.0,0.33971720933914185,0.6481181979179382
truthfulqa_719_corr_2,truthfulqa,0,5,0.0,1.0,0.2,0.7163812518119812,0.6027244329452515,0.8101632595062256,0.06236635893583298,0.2836187481880188
truthfulqa_386_corr_1,truthfulqa,0,5,0.0,1.0,0.2,0.8060272336006165,0.7042572498321533,0.899893045425415,0.056226011365652084,0.19397276639938354
truthfulqa_121_corr_1,truthfulqa,0,5,0.0,1.0,0.2,0.5162352919578552,0.27983999252319336,0.905807614326477,0.19567742943763733,0.4837647080421448
truthfulqa_313_inc_2,truthfulqa,1,5,0.0,1.0,0.2,0.39585795998573303,0.15310239791870117,0.8567630052566528,0.2103905975818634,0.604142040014267
truthfulqa_574_inc_7,truthfulqa,1,5,1.0,0.2,1.0,0.9940263032913208,0.9850660562515259,0.9999996423721313,0.007315933704376221,0.005973696708679199
truthfulqa_188_corr_1,truthfulqa,0,5,0.0,1.0,0.2,0.9078877568244934,0.8713382482528687,0.9500361084938049,0.02818475477397442,0.09211224317550659
truthfulqa_569_inc_0,truthfulqa,1,5,0.4,0.4,0.6,0.5406896471977234,0.23645880818367004,1.0,0.37090805172920227,0.4593103528022766
truthfulqa_16_inc_4,truthfulqa,1,5,0.0,1.0,0.2,0.5225938558578491,0.21602767705917358,0.7998631000518799,0.16055326163768768,0.4774061441421509
truthfulqa_659_best,truthfulqa,0,5,0.0,1.0,0.2,0.9344531893730164,0.9125058054924011,0.9553565979003906,0.012778748758137226,0.06554681062698364
truthfulqa_15_inc_2,truthfulqa,1,5,0.0,1.0,0.2,0.8370014429092407,0.6197679042816162,0.9437294602394104,0.08210901916027069,0.16299855709075928
truthfulqa_313_best,truthfulqa,0,5,0.0,1.0,0.2,0.36942070722579956,0.10461236536502838,0.681959867477417,0.23312276601791382,0.6305792927742004
truthfulqa_49_corr_1,truthfulqa,0,5,0.0,1.0,0.2,0.6456455588340759,0.4361562728881836,0.8896544575691223,0.1259925663471222,0.3543544411659241
truthfulqa_389_corr_1,truthfulqa,0,5,0.0,1.0,0.2,0.9044550657272339,0.8502677083015442,0.9960053563117981,0.03544728457927704,0.09554493427276611
truthfulqa_450_best,truthfulqa,0,5,0.3,0.6,0.6,0.9050289392471313,0.816446840763092,1.0,0.07600054144859314,0.09497106075286865
truthfulqa_661_best,truthfulqa,0,5,0.0,1.0,0.2,0.7436255216598511,0.6231484413146973,0.8957931995391846,0.07574278116226196,0.2563744783401489
truthfulqa_787_inc_4,truthfulqa,1,5,0.0,1.0,0.2,0.8919563293457031,0.8365834951400757,0.9399178624153137,0.03231829032301903,0.10804367065429688
truthfulqa_409_corr_2,truthfulqa,0,5,0.0,1.0,0.2,0.9312617182731628,0.9101827144622803,0.9581592679023743,0.017625300213694572,0.06873828172683716
truthfulqa_621_inc_1,truthfulqa,1,5,0.0,1.0,0.2,0.9324348568916321,0.8331573605537415,0.9986426830291748,0.07036000490188599,0.06756514310836792
truthfulqa_463_inc_2,truthfulqa,1,5,0.0,1.0,0.2,0.8307682871818542,0.7838056087493896,0.8857256174087524,0.0368545800447464,0.16923171281814575
truthfulqa_416_inc_3,truthfulqa,1,5,0.3,0.6,0.6,0.890041708946228,0.7707629203796387,1.0,0.09766644984483719,0.10995829105377197
truthfulqa_776_inc_0,truthfulqa,1,5,0.0,1.0,0.2,0.47467365860939026,0.0035064080730080605,0.9809384942054749,0.3403470814228058,0.5253263413906097
truthfulqa_245_inc_1,truthfulqa,1,5,0.1,0.8,0.4,0.8219364285469055,0.7423578500747681,1.0,0.09546947479248047,0.17806357145309448
truthfulqa_693_corr_2,truthfulqa,0,5,0.0,1.0,0.2,0.7501753568649292,0.4745539426803589,0.9630621075630188,0.127916619181633,0.2498246431350708
truthfulqa_18_corr_2,truthfulqa,0,5,0.0,1.0,0.2,0.7668144106864929,0.6131478548049927,0.8699516654014587,0.08707091212272644,0.23318558931350708
truthfulqa_34_inc_3,truthfulqa,1,5,0.0,1.0,0.2,0.8982073664665222,0.8370274305343628,0.9702833890914917,0.03984789550304413,0.10179263353347778
truthfulqa_786_best,truthfulqa,0,5,0.0,1.0,0.2,0.8626893162727356,0.7676906585693359,0.9204065799713135,0.04349776357412338,0.1373106837272644
truthfulqa_254_inc_1,truthfulqa,1,5,0.0,1.0,0.2,0.7092584371566772,0.5448506474494934,0.8416921496391296,0.09660114347934723,0.29074156284332275
truthfulqa_456_inc_4,truthfulqa,1,5,0.0,1.0,0.2,0.448373407125473,0.285972535610199,0.7545511722564697,0.13935376703739166,0.551626592874527
truthfulqa_699_corr_1,truthfulqa,0,5,0.0,1.0,0.2,0.5928630828857422,0.3906656503677368,0.8351551294326782,0.13655826449394226,0.4071369171142578
truthfulqa_192_inc_2,truthfulqa,1,5,0.0,1.0,0.2,0.8341846466064453,0.7143508195877075,0.9164670705795288,0.0596684031188488,0.1658153533935547
truthfulqa_804_inc_3,truthfulqa,1,5,0.0,1.0,0.2,0.26994436979293823,0.04223603382706642,0.6237282156944275,0.15838654339313507,0.7300556302070618
truthfulqa_232_corr_1,truthfulqa,0,5,0.0,1.0,0.2,0.39352089166641235,0.10150495171546936,0.771937370300293,0.2267087697982788,0.6064791083335876
truthfulqa_579_inc_3,truthfulqa,1,5,0.0,1.0,0.2,0.27421799302101135,0.1346070021390915,0.40250563621520996,0.08279034495353699,0.7257820069789886
truthfulqa_713_inc_2,truthfulqa,1,5,0.0,1.0,0.2,0.8816181421279907,0.807969331741333,0.9749516248703003,0.054392412304878235,0.11838185787200928
truthfulqa_153_corr_2,truthfulqa,0,5,0.0,1.0,0.2,0.7083641290664673,0.5963854789733887,0.8192331790924072,0.07132129371166229,0.2916358709335327
truthfulqa_816_corr_4,truthfulqa,0,5,0.0,1.0,0.2,0.8949688076972961,0.7902349233627319,0.9789941906929016,0.05453851446509361,0.10503119230270386
truthfulqa_220_best,truthfulqa,0,5,0.0,1.0,0.2,0.7283833026885986,0.5662277936935425,0.8951157927513123,0.12095474451780319,0.27161669731140137
truthfulqa_305_corr_4,truthfulqa,0,5,0.0,1.0,0.2,0.8002914190292358,0.6418187618255615,0.9605245590209961,0.10758120566606522,0.19970858097076416
truthfulqa_457_best,truthfulqa,0,5,0.0,1.0,0.2,0.5788594484329224,0.47339123487472534,0.776396632194519,0.09620296955108643,0.42114055156707764
truthfulqa_305_inc_0,truthfulqa,1,5,0.0,1.0,0.2,0.8785527944564819,0.7842686772346497,0.9681342840194702,0.05906335636973381,0.12144720554351807
truthfulqa_586_corr_1,truthfulqa,0,5,0.0,1.0,0.2,0.3137774169445038,0.08799196034669876,0.8654558658599854,0.21959595382213593,0.6862225830554962
truthfulqa_217_inc_1,truthfulqa,1,5,0.0,1.0,0.2,0.879440188407898,0.7949190139770508,0.944401741027832,0.045462336391210556,0.12055981159210205
truthfulqa_69_corr_0,truthfulqa,0,5,0.0,1.0,0.2,0.7298489809036255,0.5117592215538025,0.9488725662231445,0.12376711517572403,0.2701510190963745
truthfulqa_533_corr_2,truthfulqa,0,5,0.0,1.0,0.2,0.5621391534805298,0.35825812816619873,0.9248127937316895,0.16644950211048126,0.4378608465194702
truthfulqa_732_inc_2,truthfulqa,1,5,0.0,1.0,0.2,0.9208874702453613,0.8870927691459656,0.9357088804244995,0.015584263950586319,0.07911252975463867
truthfulqa_208_inc_1,truthfulqa,1,5,0.0,1.0,0.2,0.7897204756736755,0.5575531721115112,0.919498085975647,0.10167275369167328,0.21027952432632446
truthfulqa_511_inc_4,truthfulqa,1,5,0.0,1.0,0.2,0.7586889863014221,0.5771558284759521,0.9121490716934204,0.10899125039577484,0.24131101369857788
truthfulqa_803_best,truthfulqa,0,5,0.0,1.0,0.2,0.4507351517677307,0.03674938902258873,0.8016902208328247,0.3188829720020294,0.5492648482322693
truthfulqa_299_inc_2,truthfulqa,1,5,0.0,1.0,0.2,0.6776748895645142,0.551778256893158,0.800006628036499,0.07981404662132263,0.32232511043548584
truthfulqa_419_corr_2,truthfulqa,0,5,1.0,0.2,1.0,0.9700071215629578,0.9500117301940918,1.0,0.024489151313900948,0.029992878437042236
truthfulqa_190_inc_2,truthfulqa,1,5,0.0,1.0,0.2,0.8250200152397156,0.7100389003753662,0.8855239748954773,0.05902234837412834,0.17497998476028442
truthfulqa_65_best,truthfulqa,0,5,0.0,1.0,0.2,0.7105167508125305,0.583398699760437,0.9030431509017944,0.11051031947135925,0.2894832491874695
truthfulqa_483_inc_0,truthfulqa,1,5,0.0,1.0,0.2,0.8619976043701172,0.8227802515029907,0.9098479747772217,0.029788410291075706,0.1380023956298828
truthfulqa_666_corr_3,truthfulqa,0,5,0.1,0.8,0.4,0.9770515561103821,0.9625045657157898,1.0,0.015433463267982006,0.02294844388961792
truthfulqa_813_best,truthfulqa,0,5,0.0,1.0,0.2,0.8268960118293762,0.645416259765625,0.9783366918563843,0.10628064721822739,0.17310398817062378
truthfulqa_798_inc_5,truthfulqa,1,5,0.0,1.0,0.2,0.8369919657707214,0.7614598274230957,0.89385986328125,0.04085453972220421,0.16300803422927856
truthfulqa_628_corr_1,truthfulqa,0,5,0.0,1.0,0.2,0.6013173460960388,0.11459871381521225,0.9884019494056702,0.3929446041584015,0.3986826539039612
truthfulqa_618_inc_0,truthfulqa,1,5,0.0,1.0,0.2,0.6662132740020752,0.48889151215553284,0.84014493227005,0.1063954308629036,0.3337867259979248
truthfulqa_732_best,truthfulqa,0,5,0.0,1.0,0.2,0.8889021873474121,0.776422381401062,0.952154278755188,0.056108616292476654,0.11109781265258789
truthfulqa_791_corr_3,truthfulqa,0,5,0.0,1.0,0.2,0.8707231283187866,0.8228206634521484,0.9248496294021606,0.03716355189681053,0.12927687168121338
truthfulqa_346_best,truthfulqa,0,5,0.0,1.0,0.2,0.8524008989334106,0.7495555877685547,0.9710520505905151,0.08177626132965088,0.14759910106658936
truthfulqa_261_inc_1,truthfulqa,1,5,0.0,1.0,0.2,0.8981515765190125,0.7770434617996216,0.9629944562911987,0.06447861343622208,0.10184842348098755
truthfulqa_670_corr_3,truthfulqa,0,5,0.0,1.0,0.2,0.7253251075744629,0.5571144819259644,0.887122392654419,0.11441721022129059,0.2746748924255371
truthfulqa_470_inc_3,truthfulqa,1,5,0.6,0.4,0.8,0.815395176410675,0.5384880900382996,0.9999998807907104,0.22609367966651917,0.18460482358932495
truthfulqa_409_corr_1,truthfulqa,0,5,0.0,1.0,0.2,0.9105032682418823,0.8426812887191772,0.9507259130477905,0.03140585869550705,0.08949673175811768
truthfulqa_607_inc_3,truthfulqa,1,5,0.3,0.6,0.6,0.6565893292427063,0.18809214234352112,1.0,0.3392290472984314,0.3434106707572937
truthfulqa_792_inc_3,truthfulqa,1,5,0.1,0.8,0.4,0.9248076677322388,0.8259780406951904,1.0,0.061952002346515656,0.07519233226776123
truthfulqa_323_corr_3,truthfulqa,0,5,0.0,1.0,0.2,0.8444622755050659,0.6702345013618469,0.9678999781608582,0.11553508043289185,0.15553772449493408
truthfulqa_773_inc_2,truthfulqa,1,5,0.0,1.0,0.2,0.45828571915626526,0.3497898578643799,0.6969732046127319,0.10338809341192245,0.5417142808437347
truthfulqa_574_inc_4,truthfulqa,1,5,0.4,0.4,0.6,0.7986677289009094,0.664446234703064,1.0,0.164387047290802,0.20133227109909058
truthfulqa_534_best,truthfulqa,0,5,0.0,1.0,0.2,0.5283703804016113,0.2120342254638672,0.8455080986022949,0.2033187448978424,0.47162961959838867
truthfulqa_568_inc_6,truthfulqa,1,5,0.1,0.8,0.4,0.8245645761489868,0.7117229700088501,0.9999999403953552,0.09823846817016602,0.17543542385101318
truthfulqa_345_inc_2,truthfulqa,1,5,0.0,1.0,0.2,0.8439698219299316,0.7509177327156067,0.9822438955307007,0.08898213505744934,0.15603017807006836
truthfulqa_184_best,truthfulqa,0,5,0.0,1.0,0.2,0.9007312059402466,0.8140716552734375,0.953951358795166,0.044624123722314835,0.09926879405975342
truthfulqa_40_inc_2,truthfulqa,1,5,0.0,1.0,0.2,0.6586052179336548,0.3360618054866791,0.972545325756073,0.2138085663318634,0.3413947820663452
truthfulqa_344_inc_6,truthfulqa,1,5,0.0,1.0,0.2,0.8242705464363098,0.5532322525978088,0.9937728047370911,0.1910855770111084,0.17572945356369019
truthfulqa_169_inc_5,truthfulqa,1,5,0.0,1.0,0.2,0.5646954774856567,0.21729707717895508,0.8484269380569458,0.21038323640823364,0.43530452251434326
truthfulqa_315_corr_3,truthfulqa,0,5,0.0,1.0,0.2,0.7081608176231384,0.4337817430496216,0.891128420829773,0.18421100080013275,0.2918391823768616
truthfulqa_237_inc_1,truthfulqa,1,5,0.0,1.0,0.2,0.7779566645622253,0.6727277040481567,0.8904105424880981,0.05871456488966942,0.22204333543777466
truthfulqa_539_corr_4,truthfulqa,0,5,0.0,1.0,0.2,0.6746941804885864,0.47859305143356323,0.8223180770874023,0.10373952239751816,0.3253058195114136
truthfulqa_461_inc_0,truthfulqa,1,5,0.0,1.0,0.2,0.664462685585022,0.4115945100784302,0.9581338763237,0.19659683108329773,0.335537314414978
truthfulqa_33_corr_4,truthfulqa,0,5,0.0,1.0,0.2,0.7999634742736816,0.6907230615615845,0.9533705711364746,0.10308919101953506,0.20003652572631836
truthfulqa_267_best,truthfulqa,0,5,0.4,0.4,0.6,0.9589999318122864,0.9316666126251221,1.0,0.03347638621926308,0.04100006818771362
truthfulqa_233_inc_4,truthfulqa,1,5,0.1,0.8,0.4,0.4316375255584717,0.11271801590919495,0.9779564142227173,0.2308391034603119,0.5683624744415283
truthfulqa_514_inc_1,truthfulqa,1,5,0.3,0.6,0.6,0.9392670392990112,0.847229540348053,1.0,0.06961990147829056,0.06073296070098877
truthfulqa_78_inc_1,truthfulqa,1,5,0.0,1.0,0.2,0.9259066581726074,0.8849146366119385,0.9694098234176636,0.027937350794672966,0.07409334182739258
truthfulqa_426_inc_0,truthfulqa,1,5,1.0,0.2,1.0,0.9884840846061707,0.980806827545166,1.0,0.009402696043252945,0.011515915393829346
truthfulqa_380_inc_3,truthfulqa,1,5,0.0,1.0,0.2,0.8546023368835449,0.7871657609939575,0.8864516019821167,0.029041795060038567,0.14539766311645508
truthfulqa_173_inc_1,truthfulqa,1,5,1.0,0.2,1.0,0.9769331812858582,0.9615551829338074,1.0,0.018834037706255913,0.023066818714141846
truthfulqa_351_inc_0,truthfulqa,1,5,0.0,1.0,0.2,0.8148205876350403,0.7522463798522949,0.9398956298828125,0.05445341765880585,0.18517941236495972
fever_42215,fever,1,5,0.0,1.0,0.2,0.7669992446899414,0.6536828279495239,0.9207568764686584,0.0807155892252922,0.2330007553100586
fever_154608,fever,1,5,1.0,0.2,1.0,1.0,1.0,1.0,0.0,0.0
fever_121431,fever,1,5,0.0,1.0,0.2,0.8817803263664246,0.782750129699707,0.9538238048553467,0.05317774415016174,0.11821967363357544
fever_38940,fever,1,5,0.3,0.6,0.6,0.8749624490737915,0.7550119161605835,1.0,0.09663742035627365,0.1250375509262085
fever_29577,fever,0,5,0.0,1.0,0.2,0.8630302548408508,0.8144279718399048,0.9479165077209473,0.04093662276864052,0.13696974515914917
fever_94829,fever,1,5,0.0,1.0,0.2,0.8751913905143738,0.7323199510574341,0.9541813135147095,0.06279406696557999,0.12480860948562622
fever_109036,fever,1,5,0.0,1.0,0.2,0.4033591151237488,-0.015523447655141354,0.9477612972259521,0.4213278889656067,0.5966408848762512
fever_35914,fever,1,5,0.4,0.4,0.6,0.9765421748161316,0.9609036445617676,1.0,0.019153224304318428,0.023457825183868408
fever_208149,fever,1,5,0.4,0.4,0.6,0.9590405225753784,0.9317342042922974,1.0,0.03344327583909035,0.04095947742462158
fever_17376,fever,0,5,0.0,1.0,0.2,0.407810777425766,0.019308604300022125,0.8322226405143738,0.2271825075149536,0.592189222574234
fever_178225,fever,1,5,0.0,1.0,0.2,0.7510493993759155,0.5739021301269531,0.995794415473938,0.13336996734142303,0.24895060062408447
fever_155476,fever,0,5,0.0,1.0,0.2,0.7042660713195801,0.11872163414955139,0.9936538338661194,0.2483121156692505,0.2957339286804199
fever_102161,fever,1,5,0.1,0.8,0.4,0.9221404790878296,0.8560347557067871,1.0,0.0561845600605011,0.07785952091217041
fever_149042,fever,1,5,0.6,0.4,0.8,0.995015025138855,0.9875375628471375,1.0,0.006105322390794754,0.0049849748611450195
fever_27279,fever,1,5,0.0,1.0,0.2,0.5469871759414673,0.32878178358078003,0.9529325366020203,0.2108626365661621,0.4530128240585327
fever_103118,fever,1,5,0.1,0.8,0.4,0.6049879789352417,0.41224926710128784,0.9999998807907104,0.17633378505706787,0.3950120210647583
fever_96576,fever,0,5,0.1,0.8,0.4,0.6243187785148621,0.1600986272096634,1.0,0.2615288496017456,0.37568122148513794
fever_39716,fever,1,5,0.0,1.0,0.2,0.5288875699043274,0.08043168485164642,0.9754903316497803,0.31521567702293396,0.4711124300956726
fever_140337,fever,1,5,0.0,1.0,0.2,0.7198513746261597,0.34945785999298096,0.974067211151123,0.29408299922943115,0.28014862537384033
fever_5950,fever,0,5,0.0,1.0,0.2,0.4730221629142761,-0.04471220076084137,0.8762036561965942,0.3640689551830292,0.5269778370857239
fever_68000,fever,1,5,0.0,1.0,0.2,0.8656767010688782,0.7408783435821533,0.9916704297065735,0.07978542894124985,0.13432329893112183
fever_96271,fever,0,5,0.0,1.0,0.2,0.3039678633213043,-0.04700062423944473,0.9347026348114014,0.4126521348953247,0.6960321366786957
fever_57008,fever,0,5,0.0,1.0,0.2,0.8045645952224731,0.7090272903442383,0.9674974679946899,0.07448327541351318,0.19543540477752686
fever_91371,fever,1,5,0.6,0.4,0.8,0.8056291341781616,0.5140728950500488,1.0,0.23805469274520874,0.19437086582183838
fever_171597,fever,0,5,0.1,0.8,0.4,0.46278858184814453,0.07997169345617294,1.0,0.4094095230102539,0.5372114181518555
fever_48242,fever,0,5,0.0,1.0,0.2,0.5622803568840027,0.13787443935871124,0.8302243947982788,0.26268982887268066,0.4377196431159973
fever_125533,fever,0,5,0.0,1.0,0.2,0.31486421823501587,0.02348681539297104,0.7432118058204651,0.29166722297668457,0.6851357817649841
fever_224569,fever,1,5,0.1,0.8,0.4,0.6819127798080444,0.342427134513855,1.0,0.25806859135627747,0.31808722019195557
fever_36829,fever,1,5,0.1,0.8,0.4,0.4462807774543762,0.04598049074411392,1.0,0.33743804693222046,0.5537192225456238
fever_25521,fever,1,5,0.1,0.8,0.4,0.8228304982185364,0.6143288612365723,1.0,0.12984834611415863,0.17716950178146362
fever_7639,fever,0,5,0.0,1.0,0.2,0.5774345397949219,0.1082446277141571,0.9714807271957397,0.2877994179725647,0.4225654602050781
fever_27301,fever,0,5,0.3,0.6,0.6,0.9631881713867188,0.9219892621040344,1.0,0.030344726517796516,0.03681182861328125
fever_215506,fever,1,5,0.0,1.0,0.2,0.57719486951828,0.29519492387771606,0.9952147006988525,0.21262985467910767,0.42280513048171997
fever_183460,fever,0,5,0.0,1.0,0.2,0.651391863822937,0.10905066132545471,0.9870545864105225,0.3062586486339569,0.348608136177063
fever_134344,fever,0,5,0.1,0.8,0.4,0.6154446005821228,0.1860298216342926,0.9999999403953552,0.3101644814014435,0.3845553994178772
fever_43535,fever,0,5,0.1,0.8,0.4,0.659446120262146,0.32908833026885986,1.0,0.25618910789489746,0.340553879737854
fever_194466,fever,1,5,0.1,0.8,0.4,0.6139125227928162,0.14838896691799164,1.0,0.25513988733291626,0.38608747720718384
fever_216365,fever,1,5,0.0,1.0,0.2,0.7650996446609497,0.6388716101646423,0.8781970143318176,0.06546970456838608,0.2349003553390503
fever_181630,fever,1,5,0.0,1.0,0.2,0.9231740236282349,0.8607625365257263,0.9875877499580383,0.050368111580610275,0.07682597637176514
fever_65047,fever,0,5,0.0,1.0,0.2,0.7475404739379883,0.6088510751724243,0.8611390590667725,0.07937198132276535,0.2524595260620117
fever_28702,fever,0,5,0.1,0.8,0.4,0.7315489053726196,0.5392030477523804,0.9999998807907104,0.1856105923652649,0.26845109462738037
fever_149033,fever,0,5,0.0,1.0,0.2,0.4793420732021332,0.18348094820976257,0.7487134337425232,0.1722807139158249,0.5206579267978668
fever_16378,fever,0,5,0.3,0.6,0.6,0.6539125442504883,0.39562782645225525,0.9999999403953552,0.25534993410110474,0.3460874557495117
fever_202759,fever,1,5,0.0,1.0,0.2,0.8973706364631653,0.7887407541275024,0.9372633695602417,0.04695972055196762,0.10262936353683472
fever_40417,fever,0,5,0.0,1.0,0.2,0.8475133180618286,0.7248121500015259,0.9728429913520813,0.07083255797624588,0.1524866819381714
fever_131529,fever,0,5,0.0,1.0,0.2,0.7881782650947571,0.7101938724517822,0.899757981300354,0.0660056471824646,0.21182173490524292
fever_36849,fever,1,5,0.1,0.8,0.4,0.7866135835647583,0.6073216199874878,0.9999998211860657,0.11878179758787155,0.2133864164352417
fever_146157,fever,1,5,0.3,0.6,0.6,0.4982120096683502,0.16481681168079376,1.0,0.37904658913612366,0.5017879903316498
fever_44864,fever,0,5,0.0,1.0,0.2,0.8348276019096375,0.7591733932495117,0.8973455429077148,0.04446429759263992,0.16517239809036255
fever_104617,fever,1,5,0.2,0.6,0.4,0.5318292379379272,0.14028385281562805,1.0,0.2890770137310028,0.46817076206207275
fever_42343,fever,1,5,0.0,1.0,0.2,0.803592324256897,0.5785341858863831,0.9631351232528687,0.10913851857185364,0.19640767574310303
fever_128551,fever,1,5,0.3,0.6,0.6,0.8823589086532593,0.7166396379470825,1.0,0.12277938425540924,0.11764109134674072
fever_140044,fever,0,5,0.0,1.0,0.2,0.8319116830825806,0.7267194986343384,0.935377299785614,0.0771867036819458,0.16808831691741943
fever_148152,fever,1,5,0.0,1.0,0.2,0.7120094299316406,0.40617671608924866,0.9906923174858093,0.17028239369392395,0.2879905700683594
fever_41786,fever,0,5,0.0,1.0,0.2,0.6876938939094543,0.5807297229766846,0.9969527721405029,0.1471402645111084,0.31230610609054565
fever_174987,fever,0,5,0.1,0.8,0.4,0.4779284596443176,0.08972133696079254,1.0,0.3201158344745636,0.5220715403556824
fever_124295,fever,1,5,0.0,1.0,0.2,0.8270557522773743,0.7155295610427856,0.9499422311782837,0.07034049928188324,0.17294424772262573
fever_45581,fever,0,5,0.0,1.0,0.2,0.8073107004165649,0.7264326214790344,0.9829099178314209,0.0845550149679184,0.19268929958343506
fever_57259,fever,0,5,0.1,0.8,0.4,0.3875509202480316,0.12117500603199005,1.0,0.30776068568229675,0.6124490797519684
fever_42397,fever,1,5,0.0,1.0,0.2,0.4276966154575348,0.11954440176486969,0.7471499443054199,0.25156861543655396,0.5723033845424652
fever_208413,fever,0,5,0.3,0.6,0.6,0.4580329358577728,0.10015978664159775,1.0,0.40386903285980225,0.5419670641422272
fever_164092,fever,0,5,0.1,0.8,0.4,0.5580440163612366,0.361864298582077,0.9999999403953552,0.22267897427082062,0.4419559836387634
fever_136914,fever,1,5,0.0,1.0,0.2,0.6457219123840332,0.18482089042663574,0.9054781198501587,0.2292480617761612,0.3542780876159668
fever_27416,fever,0,5,0.0,1.0,0.2,0.8255348205566406,0.7248804569244385,0.9108679294586182,0.05329446867108345,0.17446517944335938
fever_178158,fever,1,5,0.0,1.0,0.2,0.833666205406189,0.5862574577331543,0.9883886575698853,0.12091753631830215,0.16633379459381104
fever_129878,fever,1,5,0.0,1.0,0.2,0.6947923898696899,0.16575849056243896,0.9621673226356506,0.27201077342033386,0.30520761013031006
fever_14286,fever,1,5,0.1,0.8,0.4,0.5239848494529724,0.1878199577331543,0.9999998807907104,0.35871052742004395,0.4760151505470276
fever_164403,fever,1,5,0.1,0.8,0.4,0.6962839365005493,0.3010580837726593,1.0,0.2840411365032196,0.3037160634994507
fever_14901,fever,0,5,0.0,1.0,0.2,0.5615078210830688,0.1486523449420929,0.9086716771125793,0.27493447065353394,0.43849217891693115
fever_56559,fever,1,5,0.0,1.0,0.2,0.4355079233646393,0.0612354651093483,0.9657742977142334,0.30860698223114014,0.5644920766353607
fever_194761,fever,0,5,0.1,0.8,0.4,0.3728613555431366,0.14492832124233246,1.0,0.273446649312973,0.6271386444568634
fever_174615,fever,0,5,0.0,1.0,0.2,0.821419894695282,0.6408525705337524,0.9485638737678528,0.09640904515981674,0.17858010530471802
fever_180574,fever,1,5,0.3,0.6,0.6,0.5252417325973511,0.11263802647590637,1.0,0.35803481936454773,0.4747582674026489
fever_217102,fever,1,5,0.0,1.0,0.2,0.4639739990234375,-0.017403241246938705,0.706927478313446,0.27134835720062256,0.5360260009765625
fever_138377,fever,0,5,0.0,1.0,0.2,0.8947216272354126,0.816522479057312,0.9653710722923279,0.0509406253695488,0.1052783727645874
fever_140820,fever,0,5,0.0,1.0,0.2,0.5975278615951538,0.06259272992610931,0.9200208187103271,0.3694106638431549,0.4024721384048462
fever_106209,fever,1,5,0.0,1.0,0.2,0.6835500597953796,0.18885082006454468,0.9283238053321838,0.25475549697875977,0.31644994020462036
fever_143533,fever,0,5,0.1,0.8,0.4,0.5576440691947937,0.29331716895103455,1.0,0.2806333899497986,0.4423559308052063
fever_92447,fever,1,5,0.1,0.8,0.4,0.7793290019035339,0.5288529992103577,1.0,0.1567239612340927,0.22067099809646606
fever_219285,fever,0,5,0.1,0.8,0.4,0.9143929481506348,0.851148247718811,1.0,0.03901783749461174,0.08560705184936523
fever_12403,fever,1,5,0.1,0.8,0.4,0.6235312223434448,0.01946108415722847,0.9999997615814209,0.34499454498291016,0.3764687776565552
fever_74035,fever,0,5,0.1,0.8,0.4,0.8304805755615234,0.6570799350738525,0.9999999403953552,0.1238381490111351,0.16951942443847656
fever_52751,fever,0,5,0.0,1.0,0.2,0.6797968149185181,0.4584028720855713,0.9782536029815674,0.1590224802494049,0.32020318508148193
fever_174030,fever,0,5,0.1,0.8,0.4,0.4580422341823578,0.13543552160263062,1.0,0.37552979588508606,0.5419577658176422
fever_110652,fever,0,5,0.3,0.6,0.6,0.9076849222183228,0.7876749038696289,1.0,0.08486899733543396,0.09231507778167725
fever_101008,fever,1,5,0.0,1.0,0.2,0.7931472063064575,0.6334631443023682,0.9230119585990906,0.09619501978158951,0.20685279369354248
fever_39664,fever,1,5,0.0,1.0,0.2,0.6216719746589661,0.1526314914226532,0.9318033456802368,0.2524416446685791,0.37832802534103394
fever_181185,fever,1,5,0.0,1.0,0.2,0.8430215716362,0.6798617243766785,0.9864073991775513,0.08360474556684494,0.15697842836380005
fever_129460,fever,1,5,0.0,1.0,0.2,0.8212496042251587,0.6732686758041382,0.9734671115875244,0.0920443907380104,0.1787503957748413
fever_194456,fever,0,5,0.3,0.6,0.6,0.6702090501785278,0.21373853087425232,0.9999998807907104,0.32583218812942505,0.32979094982147217
fever_14113,fever,0,5,0.0,1.0,0.2,0.5687679052352905,0.01892220601439476,0.881844699382782,0.2507603168487549,0.4312320947647095
fever_48275,fever,0,5,0.0,1.0,0.2,0.5514577627182007,0.28360283374786377,0.9876196384429932,0.3096671998500824,0.4485422372817993
fever_132524,fever,1,5,0.0,1.0,0.2,0.8454931974411011,0.6276868581771851,0.9684250354766846,0.1437850147485733,0.15450680255889893
fever_78514,fever,0,5,0.0,1.0,0.2,0.6542098522186279,0.4411633610725403,0.8441011905670166,0.12564297020435333,0.34579014778137207
fever_135552,fever,1,5,0.0,1.0,0.2,0.834039568901062,0.6452450156211853,0.9944405555725098,0.11048173904418945,0.165960431098938
fever_18614,fever,0,5,0.0,1.0,0.2,0.6871103048324585,0.5782344341278076,0.8217129111289978,0.07305198907852173,0.3128896951675415
fever_157641,fever,1,5,0.3,0.6,0.6,0.8073838353157043,0.5142741203308105,1.0,0.224888414144516,0.19261616468429565
fever_131576,fever,0,5,0.3,0.6,0.6,0.6717073917388916,0.19634446501731873,1.0,0.3871823251247406,0.3282926082611084
fever_173118,fever,0,5,0.0,1.0,0.2,0.731395423412323,0.3718099594116211,0.9586675763130188,0.18195292353630066,0.268604576587677
fever_194793,fever,1,5,0.1,0.8,0.4,0.5657221078872681,0.26814913749694824,1.0,0.30769938230514526,0.43427789211273193
fever_199276,fever,1,5,0.1,0.8,0.4,0.851264476776123,0.7269166707992554,1.0,0.10397850722074509,0.14873552322387695
fever_61771,fever,0,5,0.0,1.0,0.2,0.7107751965522766,0.47972118854522705,0.9710569381713867,0.1833065152168274,0.2892248034477234
fever_116446,fever,1,5,0.3,0.6,0.6,0.6156102418899536,0.06835959851741791,1.0,0.3995421230792999,0.3843897581100464
fever_134997,fever,0,5,0.0,1.0,0.2,0.6251519918441772,0.11800847202539444,0.9339632987976074,0.2979280650615692,0.37484800815582275
fever_170398,fever,1,5,0.1,0.8,0.4,0.5006296038627625,0.049999598413705826,1.0,0.2707570195198059,0.49937039613723755
fever_99654,fever,1,5,0.1,0.8,0.4,0.5364923477172852,0.23675048351287842,1.0,0.25783005356788635,0.46350765228271484
fever_91798,fever,1,5,0.0,1.0,0.2,0.6068082451820374,0.2523190379142761,0.9489867687225342,0.2801913022994995,0.39319175481796265
fever_193911,fever,1,5,0.0,1.0,0.2,0.4533628821372986,-0.030754772946238518,0.9779139757156372,0.37221553921699524,0.5466371178627014
fever_150412,fever,0,5,0.1,0.8,0.4,0.48039212822914124,0.08845366537570953,0.9999998807907104,0.3115626871585846,0.5196078717708588
fever_220958,fever,1,5,0.0,1.0,0.2,0.6872164011001587,0.27507877349853516,0.8819900751113892,0.16351862251758575,0.3127835988998413
fever_34507,fever,1,5,0.6,0.4,0.8,0.9413238763809204,0.8533095121383667,1.0,0.07186336815357208,0.05867612361907959
fever_129171,fever,1,5,0.0,1.0,0.2,0.45227569341659546,-0.02965664118528366,0.8297079205513,0.34871619939804077,0.5477243065834045
fever_55432,fever,1,5,0.1,0.8,0.4,0.7007352113723755,0.30584853887557983,0.9999998807907104,0.283596009016037,0.2992647886276245
fever_216777,fever,1,5,0.0,1.0,0.2,0.4446295201778412,0.052858252078294754,0.9835254549980164,0.36008748412132263,0.5553704798221588
fever_203011,fever,0,5,0.1,0.8,0.4,0.6062155961990356,0.17501768469810486,0.9999997615814209,0.22879867255687714,0.39378440380096436
fever_10118,fever,0,5,0.3,0.6,0.6,0.9487727880477905,0.8823891878128052,1.0,0.053734324872493744,0.05122721195220947
fever_72585,fever,0,5,0.0,1.0,0.2,0.7624891996383667,0.6461719274520874,0.957190752029419,0.09859726577997208,0.2375108003616333
fever_62924,fever,1,5,0.0,1.0,0.2,0.5907741785049438,0.1101817637681961,0.9276557564735413,0.2242172360420227,0.40922582149505615
fever_41452,fever,1,5,0.0,1.0,0.2,0.5440851449966431,-0.019625425338745117,0.9541839361190796,0.3914355933666229,0.45591485500335693
fever_92509,fever,0,5,0.0,1.0,0.2,0.3499535620212555,0.09602994471788406,0.8388930559158325,0.24037116765975952,0.6500464379787445
fever_81305,fever,1,5,0.0,1.0,0.2,0.6356937289237976,0.4176129102706909,0.8947775363922119,0.13330228626728058,0.3643062710762024
fever_44383,fever,0,5,0.4,0.4,0.6,0.9852941632270813,0.9754903316497803,1.0,0.012007235549390316,0.014705836772918701
fever_128332,fever,1,5,0.0,1.0,0.2,0.5449308156967163,0.12865109741687775,0.8944673538208008,0.31918174028396606,0.4550691843032837
fever_101618,fever,0,5,0.1,0.8,0.4,0.763460099697113,0.5471569299697876,1.0,0.13750924170017242,0.23653990030288696
fever_63521,fever,0,5,0.0,1.0,0.2,0.7117645144462585,0.5714555382728577,0.9120973348617554,0.11088281869888306,0.28823548555374146
fever_82355,fever,1,5,0.0,1.0,0.2,0.8754850625991821,0.7094602584838867,0.9639215469360352,0.07347100973129272,0.12451493740081787
fever_78175,fever,1,5,0.0,1.0,0.2,0.528351902961731,0.13598975539207458,0.9796755313873291,0.31245213747024536,0.47164809703826904
fever_93878,fever,0,5,0.6,0.4,0.8,0.9901961088180542,0.9754903316497803,1.0,0.01200723648071289,0.0098038911819458
fever_32505,fever,1,5,0.3,0.6,0.6,0.8423221707344055,0.6194350719451904,1.0,0.17836739122867584,0.15767782926559448
fever_192858,fever,1,5,0.1,0.8,0.4,0.6612370610237122,0.2405185103416443,1.0,0.23038546741008759,0.33876293897628784
fever_117374,fever,1,5,0.0,1.0,0.2,0.7885575890541077,0.5458256006240845,0.9901772737503052,0.1663665920495987,0.21144241094589233
fever_63885,fever,1,5,0.1,0.8,0.4,0.45626336336135864,0.026000183075666428,1.0,0.2784680724143982,0.5437366366386414
fever_211851,fever,0,5,0.0,1.0,0.2,0.8277444839477539,0.7200825810432434,0.971935510635376,0.06795787811279297,0.1722555160522461
fever_76076,fever,1,5,0.0,1.0,0.2,0.8806201219558716,0.8242697715759277,0.9427174925804138,0.04029553011059761,0.11937987804412842
fever_7877,fever,1,5,0.0,1.0,0.2,0.8692008256912231,0.7191908359527588,0.9787542819976807,0.0819891169667244,0.13079917430877686
fever_96128,fever,0,5,0.1,0.8,0.4,0.7339476346969604,0.5965663194656372,1.0,0.10926679521799088,0.26605236530303955
fever_192595,fever,0,5,0.0,1.0,0.2,0.6091629266738892,0.16288626194000244,0.968309223651886,0.30169931054115295,0.39083707332611084
fever_14820,fever,0,5,1.0,0.2,1.0,1.0,1.0,1.0,0.0,0.0
fever_132312,fever,0,5,0.0,1.0,0.2,0.5262926816940308,-0.023065436631441116,0.9475524425506592,0.41785380244255066,0.47370731830596924
fever_11146,fever,0,5,0.1,0.8,0.4,0.9413421750068665,0.8958323001861572,1.0,0.03964484483003616,0.058657824993133545
fever_94500,fever,0,5,0.0,1.0,0.2,0.4362189769744873,0.04749050736427307,0.9282561540603638,0.32196763157844543,0.5637810230255127
fever_128807,fever,0,5,0.0,1.0,0.2,0.6570258736610413,0.2613425552845001,0.9410073161125183,0.22640757262706757,0.34297412633895874
fever_177172,fever,1,5,0.0,1.0,0.2,0.6461853384971619,0.48443567752838135,0.7618107795715332,0.09772156178951263,0.35381466150283813
fever_25520,fever,0,5,0.1,0.8,0.4,0.8225218057632446,0.6814754009246826,1.0,0.0964590534567833,0.17747819423675537
fever_172104,fever,1,5,0.0,1.0,0.2,0.7022722363471985,0.617627739906311,0.808384895324707,0.058183446526527405,0.2977277636528015
fever_162836,fever,1,5,0.1,0.8,0.4,0.8386129140853882,0.756980836391449,1.0,0.08749866485595703,0.16138708591461182
fever_89450,fever,1,5,0.2,0.6,0.4,0.9326106905937195,0.8297189474105835,1.0,0.0789656713604927,0.06738930940628052
fever_115143,fever,0,5,0.0,1.0,0.2,0.5873287320137024,0.06226576119661331,0.9676203727722168,0.41091111302375793,0.4126712679862976
fever_118126,fever,1,5,0.6,0.4,0.8,0.6667865514755249,0.1669665426015854,1.0,0.4081013798713684,0.3332134485244751
fever_225295,fever,0,5,0.0,1.0,0.2,0.5429121255874634,0.07003536075353622,0.9166329503059387,0.2898300588130951,0.4570878744125366
fever_17628,fever,1,5,0.0,1.0,0.2,0.6061795949935913,0.09089316427707672,0.986376166343689,0.28607049584388733,0.3938204050064087
fever_182283,fever,0,5,0.1,0.8,0.4,0.8605798482894897,0.7367993593215942,1.0,0.0840836837887764,0.13942015171051025
fever_187577,fever,1,5,0.3,0.6,0.6,0.5530416369438171,0.14607661962509155,1.0,0.34076327085494995,0.44695836305618286
fever_6833,fever,0,5,0.0,1.0,0.2,0.6978252530097961,0.2905852198600769,0.9890876412391663,0.2522187829017639,0.30217474699020386
fever_105361,fever,1,5,0.3,0.6,0.6,0.9206463098526001,0.8079589009284973,1.0,0.08879666030406952,0.0793536901473999
fever_160052,fever,0,5,0.0,1.0,0.2,0.8717808723449707,0.7889373302459717,0.9387340545654297,0.04537120461463928,0.1282191276550293
fever_11539,fever,0,5,0.0,1.0,0.2,0.7981526255607605,0.7130892276763916,0.9903290867805481,0.08122652769088745,0.2018473744392395
fever_126916,fever,1,5,0.0,1.0,0.2,0.5194131135940552,-0.02232247218489647,0.8733222484588623,0.2796083092689514,0.4805868864059448
fever_101604,fever,0,5,0.0,1.0,0.2,0.5175304412841797,0.031078964471817017,0.8805930614471436,0.30679604411125183,0.4824695587158203
fever_227350,fever,1,5,0.0,1.0,0.2,0.881405234336853,0.7150972485542297,0.9872487187385559,0.10159483551979065,0.11859476566314697
fever_167171,fever,1,5,0.0,1.0,0.2,0.9191559553146362,0.8659641742706299,0.9859058856964111,0.040020182728767395,0.08084404468536377
fever_44397,fever,1,5,0.0,1.0,0.2,0.6857191324234009,0.45191246271133423,0.92591392993927,0.1561286896467209,0.3142808675765991
fever_124723,fever,1,5,0.0,1.0,0.2,0.49130457639694214,0.14724308252334595,0.8664052486419678,0.2331736981868744,0.5086954236030579
fever_9075,fever,1,5,0.0,1.0,0.2,0.8622623682022095,0.7676251530647278,0.956418514251709,0.054619621485471725,0.13773763179779053
fever_69035,fever,1,5,0.1,0.8,0.4,0.7732928991317749,0.4403002858161926,1.0,0.22838521003723145,0.2267071008682251
fever_192709,fever,1,5,0.0,1.0,0.2,0.6629940271377563,0.5184627771377563,0.9052780270576477,0.1294175684452057,0.33700597286224365
fever_162206,fever,0,5,0.0,1.0,0.2,0.6014571189880371,0.13814972341060638,0.9431742429733276,0.30925121903419495,0.3985428810119629
fever_217669,fever,1,5,0.1,0.8,0.4,0.7969640493392944,0.5906837582588196,0.9531822204589844,0.09924737364053726,0.20303595066070557
fever_42998,fever,0,5,0.6,0.4,0.8,0.6866992712020874,0.21674823760986328,1.0,0.3837134540081024,0.3133007287979126
fever_29675,fever,0,5,0.0,1.0,0.2,0.5837463736534119,0.33818677067756653,0.9527217149734497,0.20726917684078217,0.41625362634658813
fever_112592,fever,0,5,0.3,0.6,0.6,0.6170504689216614,0.12515555322170258,0.9999997615814209,0.3701474368572235,0.3829495310783386
fever_159093,fever,0,5,0.0,1.0,0.2,0.6423168182373047,0.12298767268657684,0.912701427936554,0.2803539037704468,0.3576831817626953
fever_220449,fever,0,5,0.0,1.0,0.2,0.9131207466125488,0.7909272313117981,0.9894725680351257,0.07307883352041245,0.08687925338745117
fever_37749,fever,1,5,0.0,1.0,0.2,0.6722193360328674,0.14623701572418213,0.9828983545303345,0.2460404485464096,0.32778066396713257
fever_177958,fever,0,5,0.0,1.0,0.2,0.4403563439846039,0.0035923440009355545,0.8426504135131836,0.30677756667137146,0.5596436560153961
fever_187222,fever,0,5,0.0,1.0,0.2,0.5340160727500916,0.07271940261125565,0.9359726905822754,0.345689058303833,0.46598392724990845
fever_33982,fever,0,5,0.2,0.6,0.4,0.770831286907196,0.44820553064346313,1.0,0.26082345843315125,0.22916871309280396
fever_14328,fever,0,5,0.0,1.0,0.2,0.5103818774223328,-0.04569719359278679,0.8909448981285095,0.3749276399612427,0.48961812257766724
fever_143003,fever,1,5,0.0,1.0,0.2,0.7919390201568604,0.6835192441940308,0.8653353452682495,0.05746090039610863,0.20806097984313965
fever_93823,fever,1,5,0.6,0.4,0.8,0.9981430172920227,0.9953576326370239,1.0,0.0022742862347513437,0.001856982707977295
fever_73756,fever,0,5,0.1,0.8,0.4,0.6996088624000549,0.492727667093277,0.9999998807907104,0.23215486109256744,0.30039113759994507
fever_147952,fever,1,5,0.3,0.6,0.6,0.7162125706672668,0.5390167236328125,1.0,0.21588005125522614,0.28378742933273315
fever_69663,fever,0,5,0.1,0.8,0.4,0.9136177897453308,0.833089292049408,1.0,0.05423998460173607,0.08638221025466919
fever_20060,fever,1,5,0.0,1.0,0.2,0.8254953622817993,0.7028610706329346,0.9173187017440796,0.06721764802932739,0.17450463771820068
fever_111138,fever,1,5,0.1,0.8,0.4,0.4887884557247162,0.04087883606553078,1.0,0.29091978073120117,0.5112115442752838
fever_204631,fever,0,5,0.0,1.0,0.2,0.8043544888496399,0.6882386803627014,0.9677123427391052,0.0807151272892952,0.1956455111503601
fever_70385,fever,0,5,0.0,1.0,0.2,0.610499382019043,0.11185833811759949,0.9619644284248352,0.2919141352176666,0.38950061798095703
fever_57507,fever,0,5,0.1,0.8,0.4,0.8282680511474609,0.5884026288986206,1.0,0.16992346942424774,0.17173194885253906
fever_223707,fever,1,5,0.1,0.8,0.4,0.39750951528549194,0.006814165972173214,0.9999998807907104,0.40507468581199646,0.6024904847145081
fever_89163,fever,1,5,0.0,1.0,0.2,0.8417655825614929,0.7113925218582153,0.966354489326477,0.07696483284235,0.15823441743850708
fever_145470,fever,1,5,0.0,1.0,0.2,0.6156930923461914,0.023774586617946625,0.8934086561203003,0.28803643584251404,0.3843069076538086
fever_81778,fever,1,5,0.0,1.0,0.2,0.7022703886032104,0.5097947120666504,0.9902524352073669,0.13612410426139832,0.29772961139678955
fever_126963,fever,1,5,1.0,0.2,1.0,1.0,1.0,1.0,0.0,0.0
fever_116424,fever,0,5,0.1,0.8,0.4,0.6853268146514893,0.48112785816192627,1.0,0.18665890395641327,0.31467318534851074
fever_64029,fever,0,5,0.3,0.6,0.6,0.8219035863876343,0.6215643882751465,1.0,0.1487896740436554,0.17809641361236572
fever_94136,fever,0,5,0.3,0.6,0.6,0.6383783221244812,0.18869680166244507,0.9999998807907104,0.32903575897216797,0.3616216778755188
fever_104930,fever,0,5,0.1,0.8,0.4,0.5011129379272461,0.21905994415283203,1.0,0.33226966857910156,0.4988870620727539
fever_211013,fever,0,5,0.0,1.0,0.2,0.821148693561554,0.7655822038650513,0.9060651063919067,0.045851465314626694,0.17885130643844604
fever_140580,fever,1,5,0.1,0.8,0.4,0.5352001190185547,0.05135998874902725,1.0,0.29424476623535156,0.4647998809814453
fever_92587,fever,0,5,0.1,0.8,0.4,0.5654612183570862,0.2886279225349426,0.9999998807907104,0.29197144508361816,0.4345387816429138
fever_197340,fever,0,5,0.0,1.0,0.2,0.7801381945610046,0.6077115535736084,0.9313386678695679,0.10025671869516373,0.21986180543899536
fever_143788,fever,1,5,0.3,0.6,0.6,0.66386878490448,0.22045420110225677,1.0,0.3561231791973114,0.33613121509552
fever_175464,fever,1,5,0.1,0.8,0.4,0.4807620644569397,0.14221367239952087,1.0,0.3742052912712097,0.5192379355430603
fever_139967,fever,1,5,0.0,1.0,0.2,0.42437681555747986,0.07857315242290497,0.9184181094169617,0.3097277283668518,0.5756231844425201
fever_36207,fever,1,5,0.0,1.0,0.2,0.5692316293716431,0.23027566075325012,0.9005507230758667,0.25344809889793396,0.43076837062835693
fever_204653,fever,1,5,0.0,1.0,0.2,0.7201408743858337,0.5706242918968201,0.9396699666976929,0.0926092341542244,0.27985912561416626
fever_65634,fever,0,5,0.6,0.4,0.8,0.7167763113975525,0.29194095730781555,0.9999998807907104,0.3468766212463379,0.2832236886024475
fever_120836,fever,1,5,0.0,1.0,0.2,0.6743532419204712,0.5290157794952393,0.9532749056816101,0.11584934592247009,0.3256467580795288
fever_226848,fever,0,5,0.0,1.0,0.2,0.8921507000923157,0.7532321214675903,0.9782623052597046,0.061524078249931335,0.10784929990768433
fever_225301,fever,1,5,0.0,1.0,0.2,0.42238813638687134,0.05235053971409798,0.8677087426185608,0.2878725230693817,0.5776118636131287
fever_220288,fever,0,5,0.1,0.8,0.4,0.8606681823730469,0.7736756801605225,0.995418906211853,0.07753807306289673,0.13933181762695312
fever_98711,fever,0,5,0.0,1.0,0.2,0.5296485424041748,0.1362413465976715,0.9679902195930481,0.23040840029716492,0.4703514575958252
fever_15005,fever,1,5,0.1,0.8,0.4,0.8793414831161499,0.791113555431366,1.0,0.0728776752948761,0.1206585168838501
fever_46883,fever,1,5,0.2,0.6,0.4,0.7430362105369568,0.3707270920276642,1.0,0.29492664337158203,0.2569637894630432
fever_27897,fever,1,5,0.0,1.0,0.2,0.5807421207427979,0.1750379353761673,0.8686470985412598,0.2732391059398651,0.41925787925720215
fever_101528,fever,0,5,0.0,1.0,0.2,0.8053449392318726,0.6884368658065796,0.8964217901229858,0.052477095276117325,0.19465506076812744
fever_203002,fever,1,5,0.0,1.0,0.2,0.8009190559387207,0.5302119851112366,0.9898605346679688,0.2105138748884201,0.1990809440612793
fever_143157,fever,0,5,0.0,1.0,0.2,0.5732464790344238,0.043622758239507675,0.8850985169410706,0.2781262993812561,0.42675352096557617
fever_29544,fever,1,5,0.0,1.0,0.2,0.4051382541656494,-0.161010280251503,0.7399722337722778,0.3053300082683563,0.5948617458343506
fever_170004,fever,1,5,0.0,1.0,0.2,0.8648408651351929,0.7324371337890625,0.955441951751709,0.09065061807632446,0.13515913486480713
fever_185389,fever,0,5,0.0,1.0,0.2,0.7615010142326355,0.701032280921936,0.8843063712120056,0.05768050625920296,0.2384989857673645
fever_31852,fever,1,5,0.1,0.8,0.4,0.5627038478851318,0.22569620609283447,1.0,0.31767192482948303,0.43729615211486816
fever_188579,fever,1,5,0.6,0.4,0.8,0.7012683749198914,0.25317102670669556,0.9999998807907104,0.36586993932724,0.29873162508010864
fever_201574,fever,0,5,0.2,0.6,0.4,0.4741954803466797,0.13047906756401062,1.0,0.41938576102256775,0.5258045196533203
fever_3210,fever,1,5,0.0,1.0,0.2,0.8377858996391296,0.7186568975448608,0.9439511299133301,0.07607585936784744,0.16221410036087036
fever_131163,fever,0,5,0.1,0.8,0.4,0.8663569688796997,0.7905043363571167,0.9999998807907104,0.059519946575164795,0.1336430311203003
fever_120759,fever,1,5,0.1,0.8,0.4,0.5355608463287354,0.06319310516119003,1.0,0.29286709427833557,0.46443915367126465
fever_172302,fever,0,5,0.0,1.0,0.2,0.5692320466041565,-0.01975242607295513,0.9775040745735168,0.3773656189441681,0.4307679533958435
fever_75702,fever,1,5,0.0,1.0,0.2,0.790625274181366,0.6741645336151123,0.9399418830871582,0.09341007471084595,0.20937472581863403
fever_33839,fever,1,5,0.6,0.4,0.8,0.9391993284225464,0.8075534701347351,1.0,0.0627225935459137,0.06080067157745361
fever_147427,fever,0,5,0.0,1.0,0.2,0.8301819562911987,0.7000128626823425,0.9802473783493042,0.08752790093421936,0.16981804370880127
fever_188652,fever,1,5,0.1,0.8,0.4,0.7296791672706604,0.6039301753044128,1.0,0.15979114174842834,0.2703208327293396
fever_144293,fever,0,5,0.0,1.0,0.2,0.6962265372276306,0.5676752924919128,0.8218187689781189,0.07451241463422775,0.3037734627723694
fever_15819,fever,1,5,0.1,0.8,0.4,0.5389280915260315,-0.006326928734779358,1.0,0.3143673837184906,0.4610719084739685
fever_53197,fever,0,5,0.0,1.0,0.2,0.5045849084854126,0.1375499814748764,0.9030387997627258,0.23980583250522614,0.4954150915145874
fever_168042,fever,0,5,0.4,0.4,0.6,0.48233166337013245,0.1372193992137909,1.0,0.4226744771003723,0.5176683366298676
fever_35833,fever,0,5,0.0,1.0,0.2,0.7605175971984863,0.5838831067085266,0.8907837867736816,0.10012910515069962,0.23948240280151367
fever_170403,fever,1,5,0.0,1.0,0.2,0.9305742979049683,0.8398025035858154,0.9966936111450195,0.0640113353729248,0.06942570209503174
fever_121362,fever,0,5,0.3,0.6,0.6,0.6741158962249756,0.368941068649292,1.0,0.25312283635139465,0.3258841037750244
fever_45109,fever,0,5,0.3,0.6,0.6,0.8337051272392273,0.648995578289032,0.9999997019767761,0.13651710748672485,0.1662948727607727
fever_204342,fever,0,5,0.0,1.0,0.2,0.5834566354751587,0.131748765707016,0.8458266258239746,0.20959538221359253,0.4165433645248413
fever_183502,fever,0,5,0.1,0.8,0.4,0.715083658695221,0.5361676812171936,1.0,0.13790975511074066,0.28491634130477905
fever_201602,fever,1,5,0.0,1.0,0.2,0.5681841969490051,0.25560688972473145,0.8751280307769775,0.20604686439037323,0.4318158030509949
fever_32338,fever,1,5,0.0,1.0,0.2,0.9216626286506653,0.8230301737785339,0.9782681465148926,0.05846026912331581,0.07833737134933472
fever_113341,fever,0,5,0.0,1.0,0.2,0.8097936511039734,0.6954851150512695,0.9480915069580078,0.10019413381814957,0.1902063488960266
fever_228063,fever,0,5,0.0,1.0,0.2,0.4980607032775879,0.04892779141664505,0.9835256338119507,0.29377374053001404,0.5019392967224121
fever_159694,fever,0,5,0.6,0.4,0.8,0.6911081671714783,0.22777046263217926,1.0,0.37831369042396545,0.30889183282852173
fever_137825,fever,0,5,0.0,1.0,0.2,0.8456168174743652,0.774077296257019,0.9361350536346436,0.046610258519649506,0.15438318252563477
fever_72560,fever,0,5,0.0,1.0,0.2,0.8826567530632019,0.8104768991470337,0.9857629537582397,0.07126017659902573,0.1173432469367981
fever_99696,fever,0,5,0.0,1.0,0.2,0.9234744310379028,0.8793132305145264,0.9722278118133545,0.030054068192839622,0.07652556896209717
fever_34357,fever,0,5,0.0,1.0,0.2,0.9790405035018921,0.959183931350708,0.9973076581954956,0.011902270838618279,0.02095949649810791
fever_178896,fever,1,5,0.0,1.0,0.2,0.7722984552383423,0.6290642023086548,0.9886002540588379,0.10190075635910034,0.22770154476165771
fever_123100,fever,1,5,0.1,0.8,0.4,0.3699718415737152,-0.12813569605350494,1.0,0.3932170271873474,0.6300281584262848
fever_113032,fever,1,5,0.0,1.0,0.2,0.7689204216003418,0.4353145658969879,0.997785747051239,0.2680934965610504,0.2310795783996582
fever_156816,fever,0,5,0.0,1.0,0.2,0.8147699236869812,0.7234742641448975,0.9432016611099243,0.0696675255894661,0.1852300763130188
fever_138435,fever,0,5,0.0,1.0,0.2,0.3790079951286316,0.12724564969539642,0.9839591979980469,0.3219403922557831,0.6209920048713684
fever_75957,fever,1,5,0.1,0.8,0.4,0.39375200867652893,0.11158523708581924,1.0,0.29083311557769775,0.6062479913234711
fever_123833,fever,1,5,0.3,0.6,0.6,0.6527840495109558,0.41707339882850647,0.9999999403953552,0.28016775846481323,0.3472159504890442
fever_156686,fever,1,5,0.1,0.8,0.4,0.7650930285453796,0.6409235000610352,1.0,0.12835699319839478,0.23490697145462036
fever_79956,fever,0,5,0.0,1.0,0.2,0.5881141424179077,0.21433234214782715,0.9389829635620117,0.2881360650062561,0.4118858575820923
fever_68394,fever,1,5,0.0,1.0,0.2,0.5967594385147095,0.0884016826748848,0.8838146924972534,0.29739999771118164,0.4032405614852905
fever_11451,fever,0,5,0.0,1.0,0.2,0.8326279520988464,0.7588280439376831,0.9165722131729126,0.051500577479600906,0.16737204790115356
fever_5241,fever,0,5,0.6,0.4,0.8,0.9904910326004028,0.9762277603149414,0.9999998807907104,0.011645913124084473,0.009508967399597168
fever_64024,fever,0,5,0.0,1.0,0.2,0.5816549062728882,0.0028640544041991234,0.985481858253479,0.42372801899909973,0.4183450937271118
fever_215283,fever,0,5,0.1,0.8,0.4,0.7716927528381348,0.592889666557312,0.9999998807907104,0.14246201515197754,0.22830724716186523
fever_91849,fever,1,5,0.1,0.8,0.4,0.5117689371109009,0.026747308671474457,1.0,0.380682110786438,0.4882310628890991
fever_195244,fever,1,5,0.0,1.0,0.2,0.7775363326072693,0.6089538335800171,0.9130370020866394,0.08213372528553009,0.2224636673927307
fever_184099,fever,0,5,0.0,1.0,0.2,0.8762964010238647,0.8253620862960815,0.9326382279396057,0.0379665270447731,0.12370359897613525
fever_174038,fever,1,5,0.0,1.0,0.2,0.6421009302139282,0.485874205827713,0.7806599140167236,0.08281860500574112,0.3578990697860718
fever_187556,fever,0,5,0.1,0.8,0.4,0.5441562533378601,0.20763006806373596,1.0,0.219978466629982,0.4558437466621399
fever_46187,fever,0,5,0.3,0.6,0.6,0.85369873046875,0.6421124935150146,1.0,0.164491668343544,0.14630126953125
fever_126423,fever,0,5,0.1,0.8,0.4,0.9513106346130371,0.9254298210144043,1.0,0.023028988391160965,0.04868936538696289
fever_174609,fever,1,5,0.0,1.0,0.2,0.6833134889602661,0.4577416181564331,0.8445607423782349,0.1080128401517868,0.3166865110397339
fever_223279,fever,0,5,0.0,1.0,0.2,0.8966180086135864,0.8426320552825928,0.9337916374206543,0.0321832001209259,0.10338199138641357
fever_136865,fever,1,5,0.1,0.8,0.4,0.9434318542480469,0.8924787044525146,0.9999999403953552,0.03060287982225418,0.056568145751953125
fever_18736,fever,0,5,0.0,1.0,0.2,0.7018600702285767,0.4306067228317261,0.9221936464309692,0.1725032776594162,0.29813992977142334
fever_21027,fever,0,5,0.0,1.0,0.2,0.9054884910583496,0.8709620237350464,0.9834215641021729,0.03692682087421417,0.09451150894165039
fever_184067,fever,1,5,0.0,1.0,0.2,0.7885389924049377,0.5825616121292114,0.995855450630188,0.13335129618644714,0.21146100759506226
fever_90291,fever,0,5,0.1,0.8,0.4,0.872039794921875,0.7734192609786987,0.9999997615814209,0.057558175176382065,0.127960205078125
fever_113488,fever,1,5,0.3,0.6,0.6,0.6171351671218872,0.2593880593776703,1.0,0.2880067229270935,0.3828648328781128
fever_74557,fever,1,5,0.1,0.8,0.4,0.9162318110466003,0.7980129718780518,0.9999998807907104,0.094805508852005,0.08376818895339966
fever_54383,fever,1,5,0.0,1.0,0.2,0.742180585861206,0.5708603858947754,0.9858434200286865,0.1723274290561676,0.25781941413879395
fever_221146,fever,0,5,0.0,1.0,0.2,0.828461766242981,0.7264313697814941,0.9077644348144531,0.059816546738147736,0.17153823375701904
fever_224956,fever,0,5,0.6,0.4,0.8,0.6821690797805786,0.20542258024215698,1.0,0.38926181197166443,0.3178309202194214
fever_39437,fever,0,5,0.0,1.0,0.2,0.4963642656803131,0.05162464827299118,0.9375007152557373,0.3518548309803009,0.5036357343196869
fever_47356,fever,1,5,0.0,1.0,0.2,0.9181495904922485,0.8013668060302734,0.984605073928833,0.05810699611902237,0.08185040950775146
fever_181629,fever,0,5,0.3,0.6,0.6,0.866913914680481,0.7541258931159973,0.9999999403953552,0.10279916226863861,0.13308608531951904
fever_118411,fever,0,5,0.0,1.0,0.2,0.88170325756073,0.8437671661376953,0.9757821559906006,0.03563706949353218,0.11829674243927002
fever_16588,fever,0,5,0.1,0.8,0.4,0.8872147798538208,0.7158362865447998,0.9999998807907104,0.10804986953735352,0.1127852201461792
fever_226840,fever,1,5,0.0,1.0,0.2,0.8332290649414062,0.7277681827545166,0.9558919668197632,0.07895756512880325,0.16677093505859375
fever_221241,fever,1,5,0.0,1.0,0.2,0.7909017205238342,0.6670463681221008,0.9867029786109924,0.10804609954357147,0.20909827947616577
fever_115131,fever,1,5,0.0,1.0,0.2,0.41745108366012573,0.13138481974601746,0.8393282890319824,0.2567184269428253,0.5825489163398743
fever_105954,fever,1,5,0.3,0.6,0.6,0.9821227192878723,0.9574717283248901,1.0,0.013175971806049347,0.017877280712127686
fever_11928,fever,0,5,1.0,0.2,1.0,0.9999998807907104,0.9999999403953552,0.9999999403953552,5.960464477539063e-08,1.1920928955078125e-07
fever_181269,fever,0,5,0.0,1.0,0.2,0.6227464079856873,0.32983267307281494,0.836237370967865,0.180217906832695,0.37725359201431274
fever_1395,fever,0,5,0.3,0.6,0.6,0.9902857542037964,0.9841219186782837,1.0,0.006609587464481592,0.009714245796203613
fever_193904,fever,1,5,0.1,0.8,0.4,0.6201230883598328,0.3899064064025879,1.0,0.22191861271858215,0.37987691164016724
fever_104244,fever,0,5,0.3,0.6,0.6,0.9876177906990051,0.9678024649620056,1.0,0.01007359754294157,0.012382209300994873
fever_82973,fever,0,5,0.0,1.0,0.2,0.769625723361969,0.6501679420471191,0.8602632284164429,0.07079493254423141,0.230374276638031
fever_92524,fever,0,5,0.0,1.0,0.2,0.7881067991256714,0.7152247428894043,0.9841371774673462,0.07779530435800552,0.2118932008743286
fever_155035,fever,1,5,0.0,1.0,0.2,0.9527698755264282,0.9020835161209106,0.9816104769706726,0.021978680044412613,0.04723012447357178
fever_198208,fever,0,5,0.3,0.6,0.6,0.4308006763458252,0.016672944650053978,1.0,0.4268398880958557,0.5691993236541748
fever_140663,fever,0,5,0.0,1.0,0.2,0.8775704503059387,0.7869719862937927,0.9504913091659546,0.059898510575294495,0.12242954969406128
fever_175642,fever,0,5,0.1,0.8,0.4,0.5251997113227844,-0.0012246537953615189,1.0,0.35627782344818115,0.4748002886772156
fever_204636,fever,1,5,0.0,1.0,0.2,0.7574255466461182,0.6403543949127197,0.8925421237945557,0.07552270591259003,0.24257445335388184
fever_52472,fever,1,5,0.0,1.0,0.2,0.9227821230888367,0.8865482807159424,0.9731889963150024,0.027190960943698883,0.07721787691116333
fever_22619,fever,0,5,0.0,1.0,0.2,0.5925486087799072,0.2686982750892639,0.987144947052002,0.2997795641422272,0.4074513912200928
fever_25933,fever,1,5,0.0,1.0,0.2,0.7669986486434937,0.40487992763519287,0.9675205945968628,0.1773422211408615,0.23300135135650635
fever_26155,fever,1,5,0.2,0.6,0.4,0.4983072280883789,0.15179546177387238,1.0,0.36018651723861694,0.5016927719116211
fever_24063,fever,1,5,0.0,1.0,0.2,0.7151398658752441,0.5390390157699585,0.8327643275260925,0.08265863358974457,0.28486013412475586
fever_68337,fever,1,5,0.0,1.0,0.2,0.49518927931785583,0.22655218839645386,0.7748662233352661,0.17735330760478973,0.5048107206821442
fever_113127,fever,1,5,0.1,0.8,0.4,0.8473231196403503,0.7904273271560669,0.9999998807907104,0.05927514284849167,0.15267688035964966
fever_206030,fever,1,5,0.0,1.0,0.2,0.6587873101234436,0.2130473256111145,0.9524278044700623,0.23933567106723785,0.3412126898765564
fever_100145,fever,1,5,0.0,1.0,0.2,0.785249650478363,0.6921581625938416,0.8967549800872803,0.06514821201562881,0.21475034952163696
fever_76869,fever,0,5,0.3,0.6,0.6,0.9772526621818542,0.9455621242523193,0.9999998807907104,0.018438145518302917,0.022747337818145752
fever_47228,fever,0,5,0.6,0.4,0.8,0.9886165857315063,0.9715414047241211,1.0,0.013941807672381401,0.011383414268493652
fever_156943,fever,0,5,0.0,1.0,0.2,0.6037293672561646,0.1644570529460907,0.943250298500061,0.23861904442310333,0.39627063274383545
fever_79601,fever,0,5,0.0,1.0,0.2,0.5098758935928345,0.028576331213116646,0.9293555617332458,0.344030499458313,0.4901241064071655
fever_11441,fever,1,5,0.0,1.0,0.2,0.5183161497116089,0.12136977910995483,0.9453259706497192,0.292259156703949,0.4816838502883911
fever_175874,fever,0,5,0.3,0.6,0.6,0.9075950384140015,0.8229320049285889,1.0,0.07409326732158661,0.09240496158599854
fever_162201,fever,0,5,0.0,1.0,0.2,0.5306167602539062,0.17640897631645203,0.9681770205497742,0.2743779122829437,0.46938323974609375
fever_91028,fever,0,5,0.0,1.0,0.2,0.8254786729812622,0.7318401336669922,0.9421570301055908,0.0771181583404541,0.1745213270187378
fever_164894,fever,0,5,0.3,0.6,0.6,0.7767394185066223,0.41209349036216736,1.0,0.19647464156150818,0.22326058149337769
fever_19655,fever,1,5,0.6,0.4,0.8,0.9561273455619812,0.8903183937072754,1.0,0.05373279005289078,0.0438726544380188
fever_21026,fever,1,5,0.0,1.0,0.2,0.5593581795692444,0.12281280010938644,0.9754904508590698,0.2706843614578247,0.4406418204307556
fever_62633,fever,1,5,0.1,0.8,0.4,0.350495845079422,0.08195409923791885,1.0,0.2659759819507599,0.649504154920578
fever_4132,fever,0,5,0.1,0.8,0.4,0.4624198079109192,0.14549139142036438,1.0,0.3059808909893036,0.5375801920890808
fever_64631,fever,0,5,0.1,0.8,0.4,0.38269469141960144,0.0464867502450943,1.0,0.3895716071128845,0.6173053085803986
fever_21775,fever,1,5,0.0,1.0,0.2,0.7032356262207031,0.3573349714279175,0.9635549783706665,0.2198559045791626,0.2967643737792969
fever_212779,fever,0,5,0.0,1.0,0.2,0.6459047794342041,0.3195323348045349,0.995395839214325,0.21989615261554718,0.3540952205657959
fever_79706,fever,1,5,0.3,0.6,0.6,0.7483515739440918,0.6135544180870056,1.0,0.17334198951721191,0.2516484260559082
fever_11915,fever,0,5,0.0,1.0,0.2,0.8700723648071289,0.7347992658615112,0.9871447086334229,0.0787389725446701,0.1299276351928711
fever_159567,fever,1,5,0.0,1.0,0.2,0.5755389928817749,0.26585549116134644,0.9912070035934448,0.2725487947463989,0.4244610071182251
fever_48276,fever,1,5,0.3,0.6,0.6,0.7575664520263672,0.39027780294418335,1.0,0.2821846008300781,0.2424335479736328
fever_42412,fever,0,5,0.0,1.0,0.2,0.6869842410087585,0.5471081733703613,0.8830280303955078,0.1069708988070488,0.31301575899124146
fever_121251,fever,0,5,0.0,1.0,0.2,0.5994554162025452,0.0715436339378357,0.8826443552970886,0.2677455246448517,0.40054458379745483
fever_216781,fever,1,5,0.3,0.6,0.6,0.9363080859184265,0.8704506158828735,1.0,0.052031684666872025,0.06369191408157349
fever_140139,fever,1,5,0.1,0.8,0.4,0.6052044630050659,0.20074529945850372,1.0,0.2642900049686432,0.3947955369949341
fever_82367,fever,1,5,0.0,1.0,0.2,0.5595256090164185,0.03819725289940834,0.9395221471786499,0.3997551202774048,0.44047439098358154
fever_168082,fever,1,5,0.0,1.0,0.2,0.6573200821876526,0.22608087956905365,0.9983781576156616,0.2995709478855133,0.3426799178123474
fever_15899,fever,0,5,0.0,1.0,0.2,0.36466097831726074,-0.02110525220632553,0.945529580116272,0.45047861337661743,0.6353390216827393
fever_35031,fever,0,5,0.0,1.0,0.2,0.4663918912410736,0.20512375235557556,0.7625070810317993,0.18087852001190186,0.5336081087589264
fever_81450,fever,0,5,0.1,0.8,0.4,0.9108977317810059,0.8255860805511475,1.0,0.05795842409133911,0.08910226821899414
fever_62117,fever,0,5,0.0,1.0,0.2,0.7591540217399597,0.6405989527702332,0.8777327537536621,0.07519011199474335,0.24084597826004028
fever_52799,fever,0,5,0.0,1.0,0.2,0.4202055037021637,0.07327805459499359,0.9754904508590698,0.3027521073818207,0.5797944962978363
fever_139717,fever,0,5,0.1,0.8,0.4,0.8372547030448914,0.7512457370758057,0.9999996423721313,0.07966233789920807,0.16274529695510864
fever_194574,fever,1,5,0.1,0.8,0.4,0.8521407246589661,0.657829999923706,1.0,0.13547849655151367,0.14785927534103394
fever_48404,fever,1,5,0.3,0.6,0.6,0.8862661123275757,0.7926986217498779,1.0,0.08574836701154709,0.11373388767242432
fever_183587,fever,0,5,0.1,0.8,0.4,0.8095545768737793,0.6025293469429016,0.9999999403953552,0.13495972752571106,0.1904454231262207
fever_34195,fever,1,5,0.1,0.8,0.4,0.6484859585762024,0.16663488745689392,1.0,0.34329065680503845,0.3515140414237976
fever_138664,fever,0,5,0.3,0.6,0.6,0.5816952586174011,0.13000193238258362,1.0,0.34109604358673096,0.4183047413825989
fever_34619,fever,0,5,0.0,1.0,0.2,0.8803407549858093,0.8020181059837341,0.9366457462310791,0.04587910324335098,0.11965924501419067
fever_204651,fever,1,5,0.0,1.0,0.2,0.8083443641662598,0.6624128818511963,0.9352892637252808,0.08154813200235367,0.19165563583374023
fever_98066,fever,0,5,0.4,0.4,0.6,0.937879204750061,0.8964654207229614,0.9999999403953552,0.050721343606710434,0.062120795249938965
fever_215867,fever,0,5,0.0,1.0,0.2,0.5950443148612976,0.26304441690444946,0.9444162845611572,0.18815766274929047,0.4049556851387024
fever_57452,fever,0,5,0.1,0.8,0.4,0.8797252774238586,0.8194438815116882,1.0,0.05818646401166916,0.12027472257614136
fever_68483,fever,0,5,0.1,0.8,0.4,0.6130533218383789,0.3646179139614105,1.0,0.2593385577201843,0.3869466781616211
fever_47070,fever,0,5,0.2,0.6,0.4,0.7263290286064148,0.5624148845672607,1.0,0.19557195901870728,0.2736709713935852
fever_194014,fever,0,5,0.0,1.0,0.2,0.5360398888587952,0.08350680768489838,0.8784684538841248,0.35669952630996704,0.46396011114120483
fever_183624,fever,0,5,0.0,1.0,0.2,0.5801118612289429,0.3733924627304077,0.8390378952026367,0.15213508903980255,0.41988813877105713
fever_174012,fever,0,5,0.0,1.0,0.2,0.612267017364502,0.09813512861728668,0.9597387313842773,0.29629138112068176,0.38773298263549805
fever_222045,fever,1,5,0.2,0.6,0.4,0.5489130020141602,0.16487333178520203,1.0,0.3396002948284149,0.45108699798583984
fever_179007,fever,0,5,0.1,0.8,0.4,0.7458292841911316,0.4978254437446594,1.0,0.20055049657821655,0.2541707158088684
fever_113476,fever,0,5,0.0,1.0,0.2,0.5650572776794434,0.17137885093688965,0.9336624145507812,0.2798922061920166,0.43494272232055664
fever_165892,fever,0,5,0.3,0.6,0.6,0.5986474752426147,0.15757834911346436,1.0,0.33400294184684753,0.40135252475738525
fever_99428,fever,0,5,0.3,0.6,0.6,0.5604609251022339,0.031595975160598755,0.9999998807907104,0.36656951904296875,0.4395390748977661
fever_145491,fever,1,5,0.1,0.8,0.4,0.6788593530654907,0.4882390797138214,1.0,0.1901835948228836,0.3211406469345093
fever_71111,fever,0,5,0.0,1.0,0.2,0.7949867248535156,0.6800835132598877,0.8860681056976318,0.07069607079029083,0.20501327514648438
fever_7335,fever,0,5,0.3,0.6,0.6,0.7519572377204895,0.3020023703575134,1.0,0.2564530074596405,0.2480427622795105
fever_138593,fever,1,5,0.0,1.0,0.2,0.4663175046443939,0.138314887881279,0.9615573883056641,0.28850966691970825,0.5336824953556061
fever_21274,fever,0,5,0.1,0.8,0.4,0.8645938038825989,0.7917923927307129,0.9999997615814209,0.06466551870107651,0.13540619611740112
fever_204341,fever,1,5,0.1,0.8,0.4,0.7122517824172974,0.6106678247451782,1.0,0.12052300572395325,0.28774821758270264
fever_117305,fever,0,5,0.0,1.0,0.2,0.7767260670661926,0.6717758178710938,0.9569764137268066,0.07861866056919098,0.22327393293380737
fever_20026,fever,0,5,0.0,1.0,0.2,0.5714368224143982,0.30238407850265503,0.8708436489105225,0.1883864551782608,0.4285631775856018
fever_172508,fever,0,5,0.3,0.6,0.6,0.48636379837989807,0.024487227201461792,0.9999998807907104,0.38376712799072266,0.5136362016201019
fever_26793,fever,1,5,0.0,1.0,0.2,0.7084800601005554,0.5222709774971008,0.8752381801605225,0.12460579723119736,0.2915199398994446
fever_164402,fever,0,5,0.0,1.0,0.2,0.5444079041481018,0.279825896024704,0.9835256338119507,0.20213311910629272,0.4555920958518982
fever_11418,fever,0,5,0.0,1.0,0.2,0.8236061334609985,0.7129321694374084,0.9282029867172241,0.07004757970571518,0.17639386653900146
fever_170005,fever,1,5,0.1,0.8,0.4,0.4258212149143219,-0.0010642148554325104,1.0,0.3921020030975342,0.5741787850856781
fever_188636,fever,1,5,0.1,0.8,0.4,0.5064106583595276,0.12689536809921265,1.0,0.3290795683860779,0.4935893416404724
fever_63185,fever,0,5,0.3,0.6,0.6,0.9319559931755066,0.8874714374542236,1.0,0.046973295509815216,0.06804400682449341
fever_227080,fever,0,5,0.1,0.8,0.4,0.9692720174789429,0.9394948482513428,1.0,0.018969198688864708,0.03072798252105713
fever_75025,fever,1,5,0.0,1.0,0.2,0.4390014111995697,-0.01775890402495861,0.8903182744979858,0.3451608419418335,0.5609985888004303
fever_85138,fever,0,5,0.0,1.0,0.2,0.7522138357162476,0.6593905687332153,0.8570175766944885,0.06992578506469727,0.24778616428375244
fever_45364,fever,0,5,0.0,1.0,0.2,0.5739954710006714,0.4136364161968231,0.7360460758209229,0.10057935863733292,0.4260045289993286
fever_49515,fever,1,5,0.0,1.0,0.2,0.8669389486312866,0.7708340883255005,0.993787407875061,0.09364946186542511,0.13306105136871338
fever_73080,fever,1,5,0.0,1.0,0.2,0.6906106472015381,0.2524014711380005,0.9740157127380371,0.22857347130775452,0.3093893527984619
fever_14900,fever,0,5,0.1,0.8,0.4,0.48089510202407837,0.139970064163208,1.0,0.2850666642189026,0.5191048979759216
fever_187776,fever,1,5,0.1,0.8,0.4,0.7125605940818787,0.2964002788066864,1.0,0.29167938232421875,0.28743940591812134
fever_106496,fever,1,5,0.1,0.8,0.4,0.706305205821991,0.13159717619419098,1.0,0.288306325674057,0.29369479417800903
fever_130027,fever,0,5,0.0,1.0,0.2,0.945111870765686,0.8975926637649536,0.9734867215156555,0.023749813437461853,0.054888129234313965
fever_199263,fever,0,5,0.0,1.0,0.2,0.8691877126693726,0.7952606678009033,0.9686914682388306,0.058303698897361755,0.13081228733062744
fever_73961,fever,1,5,0.1,0.8,0.4,0.9363247752189636,0.8326956033706665,1.0,0.065870501101017,0.06367522478103638
fever_215504,fever,0,5,0.0,1.0,0.2,0.43972721695899963,-0.042534515261650085,0.8725824356079102,0.34887152910232544,0.5602727830410004
fever_149134,fever,1,5,0.0,1.0,0.2,0.9003340005874634,0.8191630840301514,0.9557785987854004,0.04277876392006874,0.09966599941253662
fever_17213,fever,0,5,0.0,1.0,0.2,0.8192570805549622,0.7397894859313965,0.9621195793151855,0.059648364782333374,0.18074291944503784
fever_120630,fever,0,5,0.0,1.0,0.2,0.803268313407898,0.7240780591964722,0.9823146462440491,0.0902160182595253,0.19673168659210205
fever_89483,fever,0,5,0.0,1.0,0.2,0.5438001155853271,0.36930614709854126,0.8287637233734131,0.12443968653678894,0.45619988441467285
fever_97418,fever,1,5,0.1,0.8,0.4,0.6657480001449585,0.18251138925552368,0.9999998211860657,0.28589367866516113,0.3342519998550415
fever_188976,fever,1,5,0.1,0.8,0.4,0.7158204317092896,0.3060421943664551,1.0,0.3041302263736725,0.28417956829071045
fever_60720,fever,0,5,0.0,1.0,0.2,0.887276291847229,0.7750896215438843,0.9930738210678101,0.07144485414028168,0.112723708152771
fever_80800,fever,0,5,0.0,1.0,0.2,0.5024381875991821,0.12453996390104294,0.8773934841156006,0.26348432898521423,0.49756181240081787
fever_189894,fever,1,5,0.0,1.0,0.2,0.69078528881073,0.5476659536361694,0.9817225933074951,0.11799456924200058,0.30921471118927
fever_179763,fever,1,5,0.0,1.0,0.2,0.6014758348464966,0.4204765856266022,0.9803664684295654,0.1656481772661209,0.3985241651535034
fever_140067,fever,1,5,0.0,1.0,0.2,0.5166458487510681,0.000757953617721796,0.9810330867767334,0.38201308250427246,0.4833541512489319
fever_63313,fever,1,5,0.3,0.6,0.6,0.5988510251045227,0.13847512006759644,1.0,0.33748549222946167,0.4011489748954773
fever_34583,fever,1,5,0.1,0.8,0.4,0.7272692322731018,0.3240549564361572,0.9999998807907104,0.3194126784801483,0.2727307677268982
fever_159716,fever,0,5,0.0,1.0,0.2,0.6785140037536621,0.3184700906276703,0.9809242486953735,0.24303151667118073,0.3214859962463379
fever_72250,fever,0,5,0.6,0.4,0.8,0.9155271649360657,0.7888180017471313,0.9999998807907104,0.10345757007598877,0.08447283506393433
fever_49839,fever,1,5,0.3,0.6,0.6,0.8555933237075806,0.7402155995368958,1.0,0.10825105756521225,0.14440667629241943
fever_143301,fever,1,5,0.2,0.6,0.4,0.6575589776039124,0.42908981442451477,1.0,0.273561954498291,0.34244102239608765
fever_36251,fever,1,5,0.3,0.6,0.6,0.973628044128418,0.9495370388031006,1.0,0.0200384221971035,0.02637195587158203
fever_2798,fever,1,5,0.1,0.8,0.4,0.9227531552314758,0.8653155565261841,1.0,0.04688771814107895,0.07724684476852417
fever_112773,fever,0,5,0.1,0.8,0.4,0.5209386944770813,0.1697881519794464,1.0,0.3104359805583954,0.4790613055229187
fever_177491,fever,1,5,0.1,0.8,0.4,0.8209945559501648,0.6768077611923218,1.0,0.07626501470804214,0.1790054440498352
fever_44955,fever,1,5,0.1,0.8,0.4,0.4445052742958069,-0.004488743841648102,1.0,0.40430453419685364,0.5554947257041931
fever_75587,fever,1,5,0.3,0.6,0.6,0.6287726163864136,0.3291119933128357,1.0,0.27030548453330994,0.3712273836135864
fever_11572,fever,1,5,0.1,0.8,0.4,0.4701654016971588,0.04989461228251457,0.9999998807907104,0.32316190004348755,0.5298345983028412
fever_137665,fever,1,5,0.0,1.0,0.2,0.9230799674987793,0.8108488321304321,0.9981168508529663,0.08486504852771759,0.0769200325012207
fever_11491,fever,0,5,0.0,1.0,0.2,0.8006536364555359,0.6727221012115479,0.907877504825592,0.06310628354549408,0.1993463635444641
fever_16809,fever,0,5,0.0,1.0,0.2,0.8051450848579407,0.6646138429641724,0.9434255957603455,0.10317423939704895,0.19485491514205933
fever_205088,fever,1,5,0.0,1.0,0.2,0.792840301990509,0.7177691459655762,0.887342095375061,0.052164118736982346,0.20715969800949097
fever_41049,fever,0,5,0.0,1.0,0.2,0.8286436200141907,0.7240742444992065,0.9616903066635132,0.06340774893760681,0.17135637998580933
fever_172512,fever,1,5,0.0,1.0,0.2,0.5879111886024475,0.07692381739616394,0.8357845544815063,0.2484613060951233,0.4120888113975525
fever_211798,fever,0,5,0.3,0.6,0.6,0.7844257950782776,0.6224411725997925,1.0,0.15016955137252808,0.2155742049217224
fever_28911,fever,0,5,0.1,0.8,0.4,0.5270522832870483,0.01722034253180027,1.0,0.3570360839366913,0.47294771671295166
fever_111414,fever,0,5,0.0,1.0,0.2,0.7762783765792847,0.4590073227882385,0.9971438646316528,0.2414851188659668,0.22372162342071533
fever_165890,fever,0,5,0.1,0.8,0.4,0.6514609456062317,0.15389737486839294,1.0,0.3952256441116333,0.3485390543937683
fever_180581,fever,1,5,0.1,0.8,0.4,0.5271299481391907,0.2220958173274994,1.0,0.28037381172180176,0.4728700518608093
fever_185772,fever,0,5,0.1,0.8,0.4,0.5658852458000183,0.22734081745147705,0.9999998807907104,0.32175832986831665,0.4341147541999817
fever_97036,fever,0,5,0.0,1.0,0.2,0.6500065326690674,0.292317271232605,0.9579246640205383,0.23909543454647064,0.3499934673309326
fever_88107,fever,0,5,0.1,0.8,0.4,0.7076765894889832,0.3241921663284302,0.9999999403953552,0.3027435839176178,0.29232341051101685
fever_218372,fever,0,5,0.0,1.0,0.2,0.5703765749931335,0.16522054374217987,0.8712245225906372,0.27123814821243286,0.42962342500686646
fever_154719,fever,0,5,0.0,1.0,0.2,0.5995974540710449,0.5085238218307495,0.7040308713912964,0.06387423723936081,0.4004025459289551
fever_172485,fever,0,5,0.0,1.0,0.2,0.6870898008346558,0.1887330263853073,0.973693311214447,0.24453102052211761,0.31291019916534424
fever_175865,fever,0,5,0.2,0.6,0.4,0.8717905879020691,0.7999342679977417,1.0,0.07328534871339798,0.1282094120979309
fever_121994,fever,0,5,0.1,0.8,0.4,0.8635241389274597,0.763534665107727,1.0,0.07946211844682693,0.13647586107254028
fever_16646,fever,0,5,0.0,1.0,0.2,0.5124871730804443,0.26957619190216064,0.922898530960083,0.1868218332529068,0.48751282691955566
fever_75210,fever,1,5,0.0,1.0,0.2,0.7184920907020569,0.43836450576782227,0.9532352685928345,0.19001507759094238,0.2815079092979431
fever_112877,fever,1,5,0.0,1.0,0.2,0.5105081796646118,0.09543876349925995,0.9172822833061218,0.2821822166442871,0.4894918203353882
fever_30640,fever,0,5,0.1,0.8,0.4,0.7446798086166382,0.5690594911575317,0.9999999403953552,0.11543402075767517,0.2553201913833618
fever_111717,fever,1,5,0.0,1.0,0.2,0.7820888161659241,0.6139020323753357,0.9838578701019287,0.11520641297101974,0.21791118383407593
fever_42026,fever,1,5,0.0,1.0,0.2,0.38627538084983826,0.09886501729488373,0.7241626381874084,0.21521711349487305,0.6137246191501617
fever_35291,fever,1,5,0.1,0.8,0.4,0.45780786871910095,0.15661107003688812,1.0,0.3670397996902466,0.542192131280899
fever_137370,fever,1,5,0.1,0.8,0.4,0.6500977277755737,0.11043969541788101,0.9999998807907104,0.2908872961997986,0.34990227222442627
fever_85175,fever,1,5,0.0,1.0,0.2,0.7809682488441467,0.5002169609069824,0.957854151725769,0.18935205042362213,0.21903175115585327
fever_154659,fever,1,5,0.0,1.0,0.2,0.6689311861991882,0.05909762158989906,0.9996375441551208,0.26941701769828796,0.33106881380081177
fever_111060,fever,0,5,0.0,1.0,0.2,0.5981531739234924,0.4403448700904846,0.7950175404548645,0.10418637841939926,0.40184682607650757
fever_97307,fever,1,5,0.3,0.6,0.6,0.8099365234375,0.6881122589111328,1.0,0.14888744056224823,0.1900634765625
fever_185188,fever,1,5,0.0,1.0,0.2,0.7857719659805298,0.6376993656158447,0.9271993041038513,0.08265997469425201,0.21422803401947021
fever_49836,fever,1,5,0.0,1.0,0.2,0.42631474137306213,0.023293374106287956,0.9839592576026917,0.3357500731945038,0.5736852586269379
fever_109293,fever,1,5,0.0,1.0,0.2,0.6776435375213623,0.5166163444519043,0.9361348152160645,0.11668906360864639,0.3223564624786377
fever_160345,fever,0,5,0.4,0.4,0.6,0.9569537043571472,0.9282562732696533,1.0,0.03514709696173668,0.04304629564285278
fever_66940,fever,0,5,0.3,0.6,0.6,0.9592877626419067,0.8957124948501587,1.0,0.04809997230768204,0.04071223735809326
fever_168636,fever,0,5,0.0,1.0,0.2,0.7345221638679504,0.5839064121246338,0.842357873916626,0.07917483150959015,0.26547783613204956
fever_104386,fever,1,5,0.0,1.0,0.2,0.847089946269989,0.668035626411438,0.972427248954773,0.08817260712385178,0.152910053730011
fever_149130,fever,1,5,0.3,0.6,0.6,0.9545409083366394,0.9020897746086121,1.0,0.04145224392414093,0.045459091663360596
fever_192788,fever,1,5,0.0,1.0,0.2,0.8304058313369751,0.6584190130233765,0.9738659858703613,0.12297648936510086,0.1695941686630249
fever_169319,fever,0,5,0.1,0.8,0.4,0.6846278309822083,0.4413091838359833,1.0,0.23106598854064941,0.31537216901779175
fever_223220,fever,0,5,0.0,1.0,0.2,0.8286986351013184,0.685248851776123,0.9794045686721802,0.10789173096418381,0.17130136489868164
fever_165244,fever,0,5,0.1,0.8,0.4,0.9225677251815796,0.8826055526733398,1.0,0.046044591814279556,0.07743227481842041
fever_192044,fever,0,5,0.1,0.8,0.4,0.8519138097763062,0.7757775783538818,1.0,0.062022142112255096,0.14808619022369385
fever_85066,fever,1,5,0.0,1.0,0.2,0.6805713176727295,0.25342029333114624,0.9475232362747192,0.2723281979560852,0.3194286823272705
fever_43776,fever,1,5,0.2,0.6,0.4,0.5713891983032227,0.1711648851633072,1.0,0.30060529708862305,0.42861080169677734
fever_140391,fever,0,5,0.0,1.0,0.2,0.7388603687286377,0.5878050923347473,0.8754374384880066,0.1017916202545166,0.2611396312713623
fever_197345,fever,0,5,0.0,1.0,0.2,0.8359785079956055,0.6726212501525879,0.9419131278991699,0.07635655999183655,0.16402149200439453
fever_5488,fever,0,5,0.3,0.6,0.6,0.9307463765144348,0.8374220132827759,1.0,0.05525323376059532,0.06925362348556519
fever_41980,fever,0,5,0.4,0.4,0.6,0.5959943532943726,0.32665738463401794,1.0,0.3298691511154175,0.40400564670562744
fever_137813,fever,1,5,0.0,1.0,0.2,0.6924623847007751,0.5176006555557251,0.9835253953933716,0.14303939044475555,0.30753761529922485
fever_186599,fever,0,5,0.1,0.8,0.4,0.637489914894104,0.41376036405563354,1.0,0.2341827005147934,0.362510085105896
fever_24659,fever,0,5,0.0,1.0,0.2,0.7789558172225952,0.6208491325378418,0.9325951933860779,0.08895334601402283,0.22104418277740479
fever_198432,fever,0,5,0.6,0.4,0.8,0.7072266340255737,0.26806676387786865,0.9999999403953552,0.3585725724697113,0.29277336597442627
fever_166640,fever,1,5,0.1,0.8,0.4,0.74432772397995,0.5505077838897705,1.0,0.18494731187820435,0.25567227602005005
fever_164897,fever,0,5,0.1,0.8,0.4,0.7027460932731628,0.43921273946762085,1.0,0.19932208955287933,0.29725390672683716
fever_208438,fever,0,5,0.0,1.0,0.2,0.5218876600265503,0.10496436804533005,0.877041220664978,0.2798067629337311,0.4781123399734497
fever_79644,fever,1,5,0.1,0.8,0.4,0.6778706908226013,0.4410303831100464,1.0,0.17780280113220215,0.3221293091773987
fever_168041,fever,1,5,0.1,0.8,0.4,0.4399210512638092,0.12918728590011597,1.0,0.3165648281574249,0.5600789487361908
fever_63631,fever,1,5,0.0,1.0,0.2,0.7111544013023376,0.5166427493095398,0.9583462476730347,0.1249944344162941,0.28884559869766235
fever_7336,fever,1,5,0.0,1.0,0.2,0.539953887462616,-0.020047320052981377,0.9690151214599609,0.32153409719467163,0.46004611253738403
fever_66812,fever,1,5,0.0,1.0,0.2,0.6288135051727295,0.45101264119148254,0.9745385646820068,0.21029625833034515,0.3711864948272705
fever_218249,fever,1,5,0.0,1.0,0.2,0.6373848915100098,0.18722456693649292,0.9650527834892273,0.2899928092956543,0.36261510848999023
fever_116103,fever,0,5,0.0,1.0,0.2,0.5389043092727661,0.2215096652507782,0.9282562136650085,0.2621699869632721,0.4610956907272339
fever_171500,fever,0,5,0.1,0.8,0.4,0.8529077768325806,0.7391970157623291,1.0,0.07154129445552826,0.14709222316741943
fever_55468,fever,0,5,0.1,0.8,0.4,0.6578896045684814,0.4274049699306488,1.0,0.26802748441696167,0.34211039543151855
fever_129026,fever,1,5,0.6,0.4,0.8,0.7177024483680725,0.2942562997341156,0.9999998807907104,0.3457423150539398,0.2822975516319275
fever_113297,fever,0,5,0.0,1.0,0.2,0.47353458404541016,0.19887521862983704,0.8985285758972168,0.23745745420455933,0.5264654159545898
fever_179832,fever,0,5,0.1,0.8,0.4,0.43229207396507263,0.10837917774915695,1.0,0.3087770640850067,0.5677079260349274
fever_6684,fever,0,5,0.3,0.6,0.6,0.7108187675476074,0.5276424884796143,1.0,0.22317732870578766,0.2891812324523926
fever_155955,fever,0,5,0.0,1.0,0.2,0.8544023633003235,0.7452952861785889,0.974380612373352,0.05707687884569168,0.1455976366996765
fever_160795,fever,0,5,0.0,1.0,0.2,0.8166294097900391,0.7102223634719849,0.935022234916687,0.06931498646736145,0.18337059020996094
fever_38750,fever,1,5,0.1,0.8,0.4,0.8504753112792969,0.6383554339408875,0.9999998807907104,0.16149529814720154,0.14952468872070312
fever_192759,fever,1,5,0.0,1.0,0.2,0.5546296834945679,0.0001547476276755333,0.927707850933075,0.3038245737552643,0.44537031650543213
fever_38267,fever,1,5,0.0,1.0,0.2,0.6410889625549316,0.16602647304534912,0.9777659177780151,0.32819220423698425,0.35891103744506836
fever_3337,fever,0,5,0.0,1.0,0.2,0.915252685546875,0.8381357789039612,0.9873703718185425,0.05268368870019913,0.084747314453125
fever_224557,fever,0,5,0.1,0.8,0.4,0.45207715034484863,0.03828895092010498,1.0,0.32698771357536316,0.5479228496551514
fever_195040,fever,0,5,0.0,1.0,0.2,0.8256341218948364,0.606583297252655,0.9989866018295288,0.17624635994434357,0.17436587810516357
fever_183415,fever,0,5,0.0,1.0,0.2,0.9864932894706726,0.977607250213623,0.9935431480407715,0.0042059579864144325,0.013506710529327393
fever_187213,fever,0,5,0.0,1.0,0.2,0.7978570461273193,0.6537942886352539,0.9031018018722534,0.08411156386137009,0.20214295387268066
fever_124862,fever,1,5,0.0,1.0,0.2,0.8636702299118042,0.7962183952331543,0.9266859292984009,0.04132050648331642,0.1363297700881958
fever_87793,fever,1,5,0.1,0.8,0.4,0.5821985006332397,0.31614530086517334,1.0,0.2121565043926239,0.41780149936676025
fever_37202,fever,1,5,0.1,0.8,0.4,0.8513709902763367,0.7163388133049011,0.9884217977523804,0.09769361466169357,0.14862900972366333
fever_137360,fever,0,5,0.2,0.6,0.4,0.6806164383888245,0.299683153629303,1.0,0.28996193408966064,0.31938356161117554
fever_125010,fever,0,5,0.0,1.0,0.2,0.7240062952041626,0.5191423892974854,0.8228739500045776,0.10835444927215576,0.2759937047958374
fever_175633,fever,1,5,0.1,0.8,0.4,0.9396505355834961,0.84703528881073,0.9999998807907104,0.06754761189222336,0.060349464416503906
fever_124986,fever,1,5,0.0,1.0,0.2,0.8315435647964478,0.7194182872772217,0.9557744264602661,0.0695524662733078,0.16845643520355225
fever_90615,fever,1,5,0.1,0.8,0.4,0.7610903978347778,0.6277210712432861,1.0,0.13122516870498657,0.23890960216522217
fever_112757,fever,1,5,0.0,1.0,0.2,0.8919764757156372,0.7474983930587769,0.9826662540435791,0.09610901772975922,0.10802352428436279
fever_183416,fever,0,5,0.3,0.6,0.6,0.7851485013961792,0.4741441309452057,1.0,0.248432919383049,0.2148514986038208
fever_101322,fever,1,5,0.1,0.8,0.4,0.5581849813461304,0.09934170544147491,1.0,0.24125955998897552,0.44181501865386963
fever_215497,fever,1,5,0.3,0.6,0.6,0.49427109956741333,0.005831599235534668,1.0,0.38606762886047363,0.5057289004325867
fever_159689,fever,0,5,0.1,0.8,0.4,0.9828078150749207,0.9713490605354309,1.0,0.008494305424392223,0.017192184925079346
fever_147260,fever,1,5,0.0,1.0,0.2,0.8046495318412781,0.7368388772010803,0.8640774488449097,0.037112850695848465,0.19535046815872192
fever_165121,fever,0,5,0.0,1.0,0.2,0.5700060725212097,0.3940045237541199,0.777952253818512,0.10050705075263977,0.4299939274787903
fever_183459,fever,0,5,0.1,0.8,0.4,0.5759366154670715,0.26407182216644287,1.0,0.29152369499206543,0.42406338453292847
fever_129932,fever,0,5,0.0,1.0,0.2,0.8594255447387695,0.7702703475952148,0.9375371336936951,0.050171639770269394,0.14057445526123047
fever_205095,fever,1,5,0.0,1.0,0.2,0.5926817655563354,0.35483890771865845,0.8998692035675049,0.1820879727602005,0.40731823444366455
fever_99800,fever,0,5,0.0,1.0,0.2,0.7199499011039734,0.4617641270160675,0.8985511660575867,0.14710289239883423,0.2800500988960266
fever_33009,fever,0,5,0.6,0.4,0.8,0.9260131120681763,0.8150326013565063,1.0,0.09061514586210251,0.07398688793182373
fever_177533,fever,1,5,1.0,0.2,1.0,1.0,1.0,1.0,0.0,0.0
fever_132620,fever,0,5,0.0,1.0,0.2,0.6351359486579895,0.41212785243988037,0.9754903316497803,0.22411192953586578,0.3648640513420105
fever_218362,fever,0,5,0.1,0.8,0.4,0.7217623591423035,0.4507487416267395,1.0,0.21842631697654724,0.27823764085769653
fever_141188,fever,1,5,0.3,0.6,0.6,0.6957237124443054,0.4398696720600128,1.0,0.22469154000282288,0.3042762875556946
fever_29113,fever,1,5,0.0,1.0,0.2,0.715673565864563,0.47966673970222473,0.921881914138794,0.14377658069133759,0.284326434135437
fever_89908,fever,0,5,0.0,1.0,0.2,0.8942974805831909,0.8170510530471802,0.9726880192756653,0.04801331087946892,0.10570251941680908
fever_67529,fever,0,5,0.0,1.0,0.2,0.8235543370246887,0.6679319143295288,0.9789615869522095,0.0964009016752243,0.17644566297531128
fever_216791,fever,1,5,0.0,1.0,0.2,0.8674014210700989,0.707365095615387,0.9949977397918701,0.1239544153213501,0.13259857892990112
fever_125695,fever,1,5,0.1,0.8,0.4,0.8569741249084473,0.6306942701339722,1.0,0.11743178218603134,0.14302587509155273
fever_11346,fever,0,5,0.0,1.0,0.2,0.46956413984298706,0.07086404412984848,0.9279966354370117,0.303194135427475,0.5304358601570129
fever_100366,fever,1,5,0.0,1.0,0.2,0.9638789892196655,0.9329288005828857,0.9908281564712524,0.01885414868593216,0.03612101078033447
fever_53097,fever,0,5,0.0,1.0,0.2,0.530417799949646,0.3424840569496155,0.9761769771575928,0.18242116272449493,0.469582200050354
fever_44347,fever,1,5,0.0,1.0,0.2,0.5499308109283447,-0.008400194346904755,0.9839097261428833,0.4028933346271515,0.4500691890716553
fever_216352,fever,0,5,0.0,1.0,0.2,0.7024616003036499,0.4154599905014038,0.958296537399292,0.1882457733154297,0.2975383996963501
fever_185426,fever,1,5,0.0,1.0,0.2,0.5342404842376709,0.3287237882614136,0.8612608909606934,0.17851658165454865,0.4657595157623291
fever_194362,fever,0,5,0.0,1.0,0.2,0.7915116548538208,0.5740744471549988,0.9375497102737427,0.13520458340644836,0.2084883451461792
fever_219155,fever,1,5,0.6,0.4,0.8,0.6762804388999939,0.1907012015581131,1.0,0.39647382497787476,0.3237195611000061
fever_203997,fever,0,5,0.1,0.8,0.4,0.8630973100662231,0.7843079566955566,1.0,0.07123811542987823,0.13690268993377686
fever_26886,fever,0,5,0.0,1.0,0.2,0.7909570336341858,0.6787086725234985,0.8976963758468628,0.06448739022016525,0.2090429663658142
fever_138023,fever,0,5,0.0,1.0,0.2,0.5315034985542297,0.11543416231870651,0.8628145456314087,0.3300667405128479,0.46849650144577026
fever_164411,fever,1,5,0.0,1.0,0.2,0.4249842166900635,0.06552018970251083,0.7961957454681396,0.27934738993644714,0.5750157833099365
fever_198427,fever,0,5,0.4,0.4,0.6,0.9901152849197388,0.9835255146026611,1.0,0.008070817217230797,0.00988471508026123
fever_23588,fever,0,5,0.3,0.6,0.6,0.5945098996162415,0.1796986311674118,1.0,0.319657564163208,0.40549010038375854
fever_59266,fever,0,5,0.0,1.0,0.2,0.6647294163703918,0.17573332786560059,0.9989542961120605,0.29126816987991333,0.33527058362960815
fever_4822,fever,0,5,0.0,1.0,0.2,0.8512133359909058,0.6101046800613403,0.9859508275985718,0.13392189145088196,0.14878666400909424
fever_41316,fever,0,5,0.0,1.0,0.2,0.4466666579246521,0.021415654569864273,0.8077276945114136,0.249338760972023,0.5533333420753479
fever_66845,fever,0,5,0.1,0.8,0.4,0.43224531412124634,0.018004871904850006,0.9999998807907104,0.3585968017578125,0.5677546858787537
fever_88082,fever,1,5,0.0,1.0,0.2,0.6376813650131226,0.41068002581596375,0.9751770496368408,0.22014501690864563,0.36231863498687744
fever_207010,fever,1,5,0.0,1.0,0.2,0.7895218729972839,0.6765056252479553,0.9320100545883179,0.09354858845472336,0.21047812700271606
fever_86568,fever,1,5,0.0,1.0,0.2,0.4870901107788086,0.205760195851326,0.9088215231895447,0.2787832021713257,0.5129098892211914
fever_160927,fever,1,5,1.0,0.2,1.0,1.0,1.0,1.0,0.0,0.0
fever_127981,fever,0,5,0.0,1.0,0.2,0.6785295009613037,0.02835937589406967,0.9934821128845215,0.3045394718647003,0.3214704990386963
fever_53676,fever,0,5,0.0,1.0,0.2,0.7016459703445435,0.43910306692123413,0.9064840078353882,0.131548672914505,0.29835402965545654
fever_88619,fever,0,5,0.1,0.8,0.4,0.8268355131149292,0.7087652683258057,0.9999998807907104,0.08661545813083649,0.1731644868850708
fever_110672,fever,1,5,0.0,1.0,0.2,0.5865527987480164,0.4686910808086395,0.9728928804397583,0.1420302540063858,0.41344720125198364
fever_68973,fever,0,5,0.0,1.0,0.2,0.862796425819397,0.7923537492752075,0.9426560401916504,0.051612187176942825,0.13720357418060303
fever_120046,fever,1,5,0.0,1.0,0.2,0.5509907603263855,0.1482621133327484,0.9835254549980164,0.32561755180358887,0.4490092396736145
fever_139174,fever,1,5,0.0,1.0,0.2,0.4454349875450134,0.01685444638133049,0.8245667815208435,0.2862553298473358,0.5545650124549866
fever_150614,fever,0,5,0.3,0.6,0.6,0.593629002571106,0.34156253933906555,1.0,0.28694939613342285,0.40637099742889404
fever_68610,fever,0,5,0.1,0.8,0.4,0.46915125846862793,0.16201502084732056,0.9999999403953552,0.2539826035499573,0.5308487415313721
fever_155865,fever,0,5,0.0,1.0,0.2,0.7409761548042297,0.6848526000976562,0.8285725116729736,0.04954981058835983,0.25902384519577026
fever_148735,fever,0,5,0.0,1.0,0.2,0.621281087398529,0.04268767684698105,0.9562495946884155,0.35451650619506836,0.37871891260147095
fever_38944,fever,0,5,0.0,1.0,0.2,0.7652984857559204,0.6208846569061279,0.9882051944732666,0.1091437041759491,0.2347015142440796
fever_48514,fever,1,5,0.3,0.6,0.6,0.5367712378501892,0.19978067278862,1.0,0.32363471388816833,0.4632287621498108
fever_142899,fever,1,5,0.1,0.8,0.4,0.7196806073188782,0.23582425713539124,1.0,0.2618240416049957,0.2803193926811218
fever_212768,fever,1,5,0.1,0.8,0.4,0.5777283906936646,0.1549360156059265,0.9999998807907104,0.2683190405368805,0.42227160930633545
fever_205065,fever,0,5,0.0,1.0,0.2,0.5938200950622559,0.15039491653442383,0.8925835490226746,0.2576793134212494,0.40617990493774414
fever_178213,fever,0,5,0.0,1.0,0.2,0.5976206064224243,0.13173910975456238,0.9185580015182495,0.2604697048664093,0.4023793935775757
fever_145956,fever,1,5,1.0,0.2,1.0,0.9999998807907104,0.9999998807907104,0.9999998807907104,0.0,1.1920928955078125e-07
fever_166474,fever,0,5,0.3,0.6,0.6,0.7313793897628784,0.43436700105667114,0.9999998807907104,0.22835177183151245,0.2686206102371216
fever_29543,fever,0,5,0.0,1.0,0.2,0.7315623760223389,0.30170220136642456,0.9447386860847473,0.19746939837932587,0.26843762397766113
fever_130614,fever,1,5,0.1,0.8,0.4,0.7970627546310425,0.5615772604942322,0.9999997615814209,0.12280536442995071,0.20293724536895752
fever_34180,fever,0,5,0.1,0.8,0.4,0.6427041888237,0.16846194863319397,1.0,0.3729318082332611,0.35729581117630005
fever_192837,fever,0,5,0.1,0.8,0.4,0.5007845759391785,0.13710656762123108,1.0,0.3394779562950134,0.49921542406082153
fever_22724,fever,1,5,0.0,1.0,0.2,0.8236242532730103,0.7641024589538574,0.9288827180862427,0.056542590260505676,0.17637574672698975
fever_23296,fever,0,5,0.4,0.4,0.6,0.9726676940917969,0.9544461965560913,1.0,0.022316692396998405,0.027332305908203125
fever_78395,fever,0,5,0.1,0.8,0.4,0.8787660598754883,0.6826757192611694,1.0,0.14223213493824005,0.12123394012451172
fever_7183,fever,1,5,0.0,1.0,0.2,0.8671358823776245,0.7896972894668579,0.9902337193489075,0.06995358318090439,0.1328641176223755
fever_182700,fever,0,5,0.0,1.0,0.2,0.3879459500312805,0.050237543880939484,0.9288823008537292,0.3517855703830719,0.6120540499687195
fever_75838,fever,0,5,0.0,1.0,0.2,0.6319692730903625,0.2536494731903076,0.9642899632453918,0.23744246363639832,0.36803072690963745
fever_162881,fever,0,5,0.0,1.0,0.2,0.7983821630477905,0.6684610843658447,0.8837400674819946,0.07557304948568344,0.20161783695220947
fever_192053,fever,1,5,0.1,0.8,0.4,0.7910782694816589,0.6889904737472534,1.0,0.11678311973810196,0.20892173051834106
fever_18542,fever,0,5,0.0,1.0,0.2,0.7345471382141113,0.561004638671875,0.8676291704177856,0.11128563433885574,0.26545286178588867
fever_40205,fever,0,5,0.1,0.8,0.4,0.44369882345199585,0.12672176957130432,1.0,0.2833666205406189,0.5563011765480042
fever_45018,fever,1,5,0.1,0.8,0.4,0.6296250820159912,0.15479221940040588,1.0,0.2753728926181793,0.3703749179840088
fever_99546,fever,1,5,0.0,1.0,0.2,0.7678429484367371,0.6751192212104797,0.8881266117095947,0.07700289040803909,0.23215705156326294
fever_108162,fever,1,5,0.3,0.6,0.6,0.8871023058891296,0.792356550693512,1.0,0.08190151304006577,0.11289769411087036
fever_225281,fever,0,5,0.1,0.8,0.4,0.8078157305717468,0.5726150274276733,1.0,0.1615668535232544,0.19218426942825317
fever_129780,fever,1,5,0.0,1.0,0.2,0.423807293176651,0.09924621134996414,0.9089944362640381,0.3209027945995331,0.576192706823349
fever_8304,fever,1,5,0.0,1.0,0.2,0.7948857545852661,0.6746891736984253,0.9577838778495789,0.07520467042922974,0.2051142454147339
fever_159709,fever,0,5,0.6,0.4,0.8,0.8609898686408997,0.6524746417999268,1.0,0.1702519655227661,0.13901013135910034
fever_209088,fever,0,5,0.0,1.0,0.2,0.3770008385181427,0.02735203318297863,0.9835254549980164,0.4236838221549988,0.6229991614818573
fever_198896,fever,0,5,0.1,0.8,0.4,0.6701287627220154,0.49156653881073,1.0,0.15631398558616638,0.3298712372779846
fever_157098,fever,1,5,0.0,1.0,0.2,0.7965227961540222,0.6790099143981934,0.9942164421081543,0.12960116565227509,0.20347720384597778
fever_70208,fever,1,5,0.6,0.4,0.8,0.5965425968170166,-0.008643481880426407,1.0,0.4941323697566986,0.4034574031829834
fever_142839,fever,1,5,0.0,1.0,0.2,0.855950653553009,0.7370784282684326,0.9435261487960815,0.07552466541528702,0.14404934644699097
fever_84836,fever,1,5,0.2,0.6,0.4,0.6366696357727051,0.44189366698265076,1.0,0.2176986187696457,0.3633303642272949
fever_2144,fever,0,5,0.6,0.4,0.8,0.9638539552688599,0.9096349477767944,1.0,0.04426965489983559,0.03614604473114014
fever_215130,fever,0,5,0.1,0.8,0.4,0.42978230118751526,0.09711974114179611,1.0,0.37780535221099854,0.5702176988124847
fever_92128,fever,1,5,0.3,0.6,0.6,0.7617254853248596,0.6139649152755737,1.0,0.17196251451969147,0.23827451467514038
fever_170953,fever,1,5,0.0,1.0,0.2,0.7626764178276062,0.5689346790313721,0.971253514289856,0.12226668000221252,0.2373235821723938
fever_207006,fever,1,5,0.1,0.8,0.4,0.5014032125473022,0.09711740911006927,1.0,0.3718472421169281,0.49859678745269775
fever_116715,fever,0,5,0.0,1.0,0.2,0.7692365646362305,0.6907399296760559,0.8823331594467163,0.049135949462652206,0.23076343536376953
fever_8492,fever,0,5,0.1,0.8,0.4,0.7905346751213074,0.6476864218711853,0.9999998807907104,0.13263168931007385,0.20946532487869263
fever_180730,fever,0,5,0.0,1.0,0.2,0.5164849758148193,-0.02580573409795761,0.90680992603302,0.32593077421188354,0.48351502418518066
fever_159324,fever,0,5,0.0,1.0,0.2,0.8458064794540405,0.7508511543273926,0.985433042049408,0.07304707914590836,0.15419352054595947
fever_182268,fever,1,5,0.0,1.0,0.2,0.43873125314712524,-0.023949094116687775,0.7928974628448486,0.31453514099121094,0.5612687468528748
fever_133797,fever,1,5,0.0,1.0,0.2,0.7096107006072998,0.49923765659332275,0.8879156708717346,0.13168536126613617,0.2903892993927002
fever_161530,fever,0,5,0.1,0.8,0.4,0.786365270614624,0.48570626974105835,1.0,0.20305413007736206,0.21363472938537598
fever_1934,fever,0,5,0.0,1.0,0.2,0.9146049618721008,0.8021106719970703,0.9733371734619141,0.05812835320830345,0.08539503812789917
fever_208420,fever,1,5,0.3,0.6,0.6,0.6343456506729126,0.3976539075374603,0.9999998807907104,0.2878979742527008,0.3656543493270874
fever_77157,fever,1,5,0.0,1.0,0.2,0.7766491174697876,0.6831400990486145,0.9783633947372437,0.09632938355207443,0.2233508825302124
fever_141370,fever,0,5,0.0,1.0,0.2,0.5875059962272644,0.17686085402965546,0.9075795412063599,0.2724035382270813,0.4124940037727356
fever_173725,fever,0,5,0.0,1.0,0.2,0.5010308027267456,0.12798720598220825,0.9754904508590698,0.32541534304618835,0.4989691972732544
fever_49125,fever,1,5,0.6,0.4,0.8,0.660057544708252,0.1501440405845642,0.9999998807907104,0.4163426160812378,0.33994245529174805
fever_50948,fever,1,5,0.0,1.0,0.2,0.6223347783088684,0.14468878507614136,0.9727811813354492,0.2603555917739868,0.3776652216911316
fever_166383,fever,1,5,0.6,0.4,0.8,0.9794002771377563,0.9485005140304565,1.0,0.02522949129343033,0.020599722862243652
fever_85881,fever,1,5,0.1,0.8,0.4,0.6149616837501526,0.22712936997413635,1.0,0.2784144878387451,0.3850383162498474
fever_91114,fever,1,5,0.1,0.8,0.4,0.38343268632888794,-0.024502720683813095,1.0,0.32488444447517395,0.6165673136711121
fever_117192,fever,1,5,0.0,1.0,0.2,0.754264235496521,0.5980228781700134,0.9276678562164307,0.10686420649290085,0.245735764503479
fever_86738,fever,1,5,0.0,1.0,0.2,0.5957900285720825,0.1203620582818985,0.953447163105011,0.3260136842727661,0.4042099714279175
fever_226445,fever,0,5,0.0,1.0,0.2,0.6239277124404907,0.3190445899963379,0.9708593487739563,0.23033970594406128,0.3760722875595093
fever_147207,fever,1,5,0.0,1.0,0.2,0.5500496625900269,0.34106263518333435,0.7876030206680298,0.12929071485996246,0.44995033740997314
fever_226136,fever,0,5,0.0,1.0,0.2,0.857354998588562,0.7605130076408386,0.9264315962791443,0.051104266196489334,0.142645001411438
fever_205107,fever,1,5,0.3,0.6,0.6,0.6487187147140503,0.4077954888343811,1.0,0.2835882008075714,0.3512812852859497
fever_107589,fever,0,5,0.3,0.6,0.6,0.8617682456970215,0.700255274772644,0.9999998807907104,0.10381221026182175,0.13823175430297852
fever_105896,fever,0,5,0.0,1.0,0.2,0.6954875588417053,0.5219897031784058,0.9657794237136841,0.12813889980316162,0.3045124411582947
fever_181271,fever,1,5,0.0,1.0,0.2,0.55095374584198,0.329412043094635,0.8324545621871948,0.1694333702325821,0.44904625415802
fever_34156,fever,0,5,0.0,1.0,0.2,0.867662250995636,0.7814426422119141,0.9603296518325806,0.05931353196501732,0.132337749004364
fever_122887,fever,1,5,0.0,1.0,0.2,0.6320593953132629,0.22437483072280884,0.9815806150436401,0.24838267266750336,0.36794060468673706
fever_161556,fever,1,5,0.0,1.0,0.2,0.5796263813972473,0.35179397463798523,0.9545043110847473,0.19736389815807343,0.4203736186027527
fever_139090,fever,1,5,0.0,1.0,0.2,0.6869224309921265,0.4097495675086975,0.9215608239173889,0.18348988890647888,0.31307756900787354
fever_129729,fever,1,5,0.1,0.8,0.4,0.8909749984741211,0.7937391996383667,0.9751119613647461,0.0591612346470356,0.1090250015258789
fever_11414,fever,0,5,0.3,0.6,0.6,0.8837593793869019,0.795331597328186,1.0,0.08255548775196075,0.11624062061309814
fever_18574,fever,0,5,0.1,0.8,0.4,0.673454761505127,0.20917104184627533,1.0,0.36733829975128174,0.32654523849487305
fever_145624,fever,1,5,0.0,1.0,0.2,0.8639336824417114,0.7536804676055908,0.935050904750824,0.05879191309213638,0.13606631755828857
fever_191439,fever,1,5,0.1,0.8,0.4,0.7872877717018127,0.47968989610671997,1.0,0.21678467094898224,0.21271222829818726
fever_222896,fever,0,5,0.1,0.8,0.4,0.6761280298233032,0.4256391227245331,1.0,0.24514485895633698,0.3238719701766968
fever_119212,fever,0,5,0.0,1.0,0.2,0.35596567392349243,0.11968350410461426,0.945529580116272,0.29430684447288513,0.6440343260765076
fever_34353,fever,1,5,0.0,1.0,0.2,0.6653010845184326,0.1935299038887024,0.9035702347755432,0.2511182427406311,0.3346989154815674
fever_160764,fever,0,5,0.0,1.0,0.2,0.9578368067741394,0.9148348569869995,0.992634117603302,0.029874805361032486,0.042163193225860596
fever_202930,fever,1,5,0.0,1.0,0.2,0.6427155137062073,0.37830740213394165,0.9816036820411682,0.21174675226211548,0.3572844862937927
fever_168923,fever,0,5,0.1,0.8,0.4,0.9433853030204773,0.8930408954620361,0.9999999403953552,0.039224736392498016,0.056614696979522705
fever_205126,fever,0,5,0.0,1.0,0.2,0.5069760680198669,0.1945335566997528,0.8903185129165649,0.23157523572444916,0.49302393198013306
fever_76307,fever,0,5,0.6,0.4,0.8,0.9930729866027832,0.9826826453208923,1.0,0.008483736775815487,0.006927013397216797
fever_215477,fever,1,5,0.3,0.6,0.6,0.5772208571434021,0.30857518315315247,1.0,0.3128512501716614,0.4227791428565979
fever_15913,fever,0,5,0.3,0.6,0.6,0.5668812394142151,0.1351008117198944,1.0,0.3519462049007416,0.4331187605857849
fever_65511,fever,0,5,0.3,0.6,0.6,0.8067358136177063,0.5221707820892334,1.0,0.22194452583789825,0.1932641863822937
fever_89014,fever,1,5,0.0,1.0,0.2,0.6264987587928772,0.48766061663627625,0.7317346334457397,0.07426947355270386,0.3735012412071228
fever_205092,fever,1,5,0.0,1.0,0.2,0.8226542472839355,0.6475390195846558,0.9363023638725281,0.10148842632770538,0.17734575271606445
fever_69655,fever,1,5,0.0,1.0,0.2,0.6527104377746582,0.17825819551944733,0.9672855138778687,0.318727970123291,0.3472895622253418
fever_74163,fever,1,5,0.0,1.0,0.2,0.7292963266372681,0.6445310115814209,0.8221666812896729,0.04749910160899162,0.27070367336273193
fever_201457,fever,0,5,0.1,0.8,0.4,0.591109037399292,0.35056692361831665,0.9999998807907104,0.2401689738035202,0.408890962600708
fever_216399,fever,1,5,0.0,1.0,0.2,0.4665864408016205,0.158050537109375,0.9632565379142761,0.2944908142089844,0.5334135591983795
fever_76126,fever,1,5,0.0,1.0,0.2,0.8344934582710266,0.6189184188842773,0.9703478217124939,0.11522749066352844,0.1655065417289734
fever_135951,fever,1,5,0.0,1.0,0.2,0.7812278270721436,0.6031070351600647,0.9857004284858704,0.14453870058059692,0.21877217292785645
fever_180717,fever,1,5,0.1,0.8,0.4,0.560980498790741,0.15737535059452057,1.0,0.29570919275283813,0.43901950120925903
fever_111850,fever,1,5,0.1,0.8,0.4,0.6952112913131714,0.38076096773147583,1.0,0.26101499795913696,0.3047887086868286
fever_171901,fever,1,5,0.0,1.0,0.2,0.6621640920639038,0.34237825870513916,0.8482691049575806,0.17588366568088531,0.3378359079360962
fever_48048,fever,1,5,0.0,1.0,0.2,0.629878580570221,0.11575913429260254,0.9737499952316284,0.2979620695114136,0.37012141942977905
fever_42922,fever,0,5,0.1,0.8,0.4,0.8900123834609985,0.778548002243042,1.0,0.05846894532442093,0.10998761653900146
fever_124817,fever,1,5,0.3,0.6,0.6,0.7398303747177124,0.33465462923049927,1.0,0.3165440261363983,0.2601696252822876
fever_117699,fever,0,5,0.0,1.0,0.2,0.6584497094154358,0.31196027994155884,0.9397903680801392,0.20734235644340515,0.3415502905845642
fever_106478,fever,1,5,0.0,1.0,0.2,0.7767771482467651,0.5918527245521545,0.9383736848831177,0.11954684555530548,0.22322285175323486
fever_69354,fever,1,5,0.0,1.0,0.2,0.8389159440994263,0.6133180856704712,0.9712257385253906,0.11386486142873764,0.16108405590057373
fever_62835,fever,1,5,0.0,1.0,0.2,0.5616345405578613,-0.016601139679551125,0.9330105781555176,0.31971675157546997,0.43836545944213867
fever_142717,fever,0,5,0.3,0.6,0.6,0.8954129219055176,0.7852658033370972,1.0,0.08417090773582458,0.10458707809448242
fever_218479,fever,0,5,0.0,1.0,0.2,0.5985721349716187,0.004397378768771887,0.9137420654296875,0.3007512390613556,0.40142786502838135
fever_205121,fever,1,5,0.1,0.8,0.4,0.5933271646499634,0.2142004817724228,1.0,0.26606249809265137,0.4066728353500366
fever_157640,fever,0,5,0.1,0.8,0.4,0.511013925075531,0.1353694647550583,1.0,0.3469928205013275,0.488986074924469
fever_50923,fever,0,5,0.0,1.0,0.2,0.5379859209060669,0.045850642025470734,0.8414064645767212,0.23775546252727509,0.4620140790939331
fever_166919,fever,0,5,0.1,0.8,0.4,0.746313214302063,0.5327423810958862,1.0,0.17709188163280487,0.253686785697937
fever_123189,fever,1,5,0.0,1.0,0.2,0.686399519443512,0.2579481303691864,0.9240992665290833,0.23527368903160095,0.31360048055648804
fever_43974,fever,1,5,0.1,0.8,0.4,0.6697627902030945,0.45220398902893066,0.9999998807907104,0.21437503397464752,0.3302372097969055
fever_50198,fever,1,5,0.2,0.6,0.4,0.7699784636497498,0.46791714429855347,1.0,0.23109011352062225,0.23002153635025024
fever_22861,fever,1,5,0.1,0.8,0.4,0.8662217855453491,0.7825712561607361,1.0,0.05412493273615837,0.13377821445465088
fever_185194,fever,0,5,0.3,0.6,0.6,0.946323573589325,0.8704506158828735,1.0,0.05376146361231804,0.05367642641067505
fever_166940,fever,0,5,0.0,1.0,0.2,0.4410713315010071,-0.06349809467792511,0.785365104675293,0.25048190355300903,0.5589286684989929
fever_53147,fever,0,5,0.0,1.0,0.2,0.4405275285243988,0.08478304743766785,0.9754903316497803,0.28497859835624695,0.5594724714756012
fever_169317,fever,0,5,0.0,1.0,0.2,0.5948038101196289,0.16128620505332947,0.9832427501678467,0.3110728859901428,0.4051961898803711
fever_77435,fever,1,5,0.0,1.0,0.2,0.55237877368927,0.17729750275611877,0.9162485003471375,0.2664310336112976,0.44762122631073
fever_69892,fever,0,5,0.0,1.0,0.2,0.6047255992889404,0.03993834927678108,0.914808988571167,0.25326743721961975,0.39527440071105957
fever_130220,fever,1,5,1.0,0.2,1.0,1.0,1.0,1.0,0.0,0.0
fever_132225,fever,1,5,0.1,0.8,0.4,0.5348838567733765,0.031596019864082336,1.0,0.2409830093383789,0.46511614322662354
fever_67950,fever,1,5,0.2,0.6,0.4,0.5900959372520447,0.35111427307128906,1.0,0.2652450203895569,0.4099040627479553
fever_226092,fever,0,5,0.0,1.0,0.2,0.467536062002182,0.057946741580963135,0.9399134516716003,0.3365641236305237,0.532463937997818
fever_132447,fever,1,5,0.0,1.0,0.2,0.5670103430747986,0.2539334297180176,0.9835255146026611,0.3277994394302368,0.4329896569252014
fever_36425,fever,0,5,0.0,1.0,0.2,0.5650416612625122,0.11646249890327454,0.8663487434387207,0.2838691174983978,0.4349583387374878
fever_98786,fever,0,5,0.1,0.8,0.4,0.8645209074020386,0.728919267654419,1.0,0.08505871146917343,0.13547909259796143
fever_74507,fever,1,5,1.0,0.2,1.0,1.0,1.0,1.0,0.0,0.0
fever_165864,fever,0,5,0.0,1.0,0.2,0.890424907207489,0.8225241899490356,0.9647248983383179,0.047977592796087265,0.10957509279251099
fever_151680,fever,0,5,0.0,1.0,0.2,0.7871657609939575,0.6464786529541016,0.9614416360855103,0.114755779504776,0.21283423900604248
fever_112986,fever,1,5,0.0,1.0,0.2,0.6515160799026489,0.3065308928489685,0.9911115765571594,0.2490442395210266,0.3484839200973511
fever_23381,fever,1,5,0.0,1.0,0.2,0.33230382204055786,0.06453078985214233,0.9317340850830078,0.31113773584365845,0.6676961779594421
fever_71986,fever,1,5,0.0,1.0,0.2,0.6504805088043213,0.2945227026939392,0.9671422243118286,0.25228142738342285,0.3495194911956787
fever_92807,fever,1,5,0.0,1.0,0.2,0.4223701059818268,0.05228734016418457,0.9902123212814331,0.3452855348587036,0.5776298940181732
fever_71368,fever,1,5,0.0,1.0,0.2,0.5505756735801697,0.05887569859623909,0.9525302052497864,0.3422011435031891,0.4494243264198303
fever_217658,fever,0,5,0.0,1.0,0.2,0.904467761516571,0.8482235074043274,0.9731003046035767,0.03882014378905296,0.09553223848342896
fever_50223,fever,1,5,0.0,1.0,0.2,0.7834674715995789,0.5919975638389587,0.9636298418045044,0.11511388421058655,0.21653252840042114
fever_4134,fever,0,5,0.1,0.8,0.4,0.6961145401000977,0.41505709290504456,1.0,0.23921005427837372,0.30388545989990234
fever_26340,fever,0,5,0.0,1.0,0.2,0.8407074809074402,0.734917402267456,0.9633637070655823,0.08236226439476013,0.15929251909255981
fever_195057,fever,0,5,0.0,1.0,0.2,0.8479255437850952,0.7718223929405212,0.9755727052688599,0.06461448222398758,0.15207445621490479
fever_172776,fever,1,5,0.0,1.0,0.2,0.6424272060394287,0.14599654078483582,0.9375858306884766,0.2254805564880371,0.3575727939605713
fever_84694,fever,1,5,0.3,0.6,0.6,0.5658982992172241,0.15152281522750854,1.0,0.3486146628856659,0.4341017007827759
fever_102745,fever,1,5,0.0,1.0,0.2,0.8155215978622437,0.7273976802825928,0.9907253980636597,0.08681871742010117,0.18447840213775635
fever_80054,fever,1,5,1.0,0.2,1.0,1.0,1.0,1.0,0.0,0.0
fever_14019,fever,1,5,0.0,1.0,0.2,0.2765718996524811,0.004197599366307259,0.9128285646438599,0.30784955620765686,0.7234281003475189
fever_144309,fever,0,5,0.0,1.0,0.2,0.44826221466064453,0.08543869853019714,0.8696742057800293,0.2773708701133728,0.5517377853393555
fever_37097,fever,0,5,0.3,0.6,0.6,0.8207095861434937,0.7184435129165649,0.9999997615814209,0.12620851397514343,0.17929041385650635
fever_212035,fever,0,5,0.0,1.0,0.2,0.5280755758285522,0.06478913128376007,0.8731507062911987,0.25662028789520264,0.47192442417144775
fever_100204,fever,1,5,0.0,1.0,0.2,0.7748757600784302,0.6916948556900024,0.8675724267959595,0.052251994609832764,0.22512423992156982
fever_213948,fever,1,5,0.1,0.8,0.4,0.6076663732528687,0.08561033755540848,1.0,0.4249507188796997,0.39233362674713135
fever_137267,fever,1,5,0.0,1.0,0.2,0.68324214220047,0.49363604187965393,0.9755090475082397,0.15639905631542206,0.31675785779953003
fever_119940,fever,1,5,0.1,0.8,0.4,0.5637556314468384,0.2658127546310425,1.0,0.2781430780887604,0.4362443685531616
fever_158306,fever,0,5,0.1,0.8,0.4,0.8605422973632812,0.7814565896987915,0.9999998807907104,0.07786562293767929,0.13945770263671875
fever_165896,fever,0,5,0.6,0.4,0.8,0.9713025093078613,0.9282562732696533,1.0,0.035147104412317276,0.028697490692138672
fever_126509,fever,0,5,0.0,1.0,0.2,0.574224591255188,0.2867358326911926,0.957432210445404,0.23794686794281006,0.425775408744812
fever_112573,fever,0,5,0.1,0.8,0.4,0.8989740610122681,0.7964024543762207,1.0,0.06418558955192566,0.10102593898773193
fever_186590,fever,0,5,0.0,1.0,0.2,0.5172446966171265,0.2056579887866974,0.8664155006408691,0.21255099773406982,0.48275530338287354
fever_128297,fever,1,5,0.0,1.0,0.2,0.5924437046051025,0.22373643517494202,0.895544171333313,0.22578975558280945,0.40755629539489746
fever_26332,fever,1,5,0.1,0.8,0.4,0.5456486940383911,0.33787593245506287,1.0,0.20844052731990814,0.4543513059616089
fever_48183,fever,0,5,0.3,0.6,0.6,0.9549053907394409,0.9137420058250427,1.0,0.034546781331300735,0.04509460926055908
fever_45829,fever,1,5,0.0,1.0,0.2,0.6507969498634338,0.3344672918319702,0.9106745719909668,0.1839301586151123,0.34920305013656616
fever_134854,fever,0,5,0.0,1.0,0.2,0.7870118618011475,0.6603666543960571,0.9118744134902954,0.09021545946598053,0.21298813819885254
fever_211027,fever,1,5,0.1,0.8,0.4,0.8958622813224792,0.7966152429580688,1.0,0.0765339657664299,0.10413771867752075
fever_37159,fever,0,5,0.1,0.8,0.4,0.9414149522781372,0.8883658647537231,1.0,0.03735322505235672,0.05858504772186279
fever_156057,fever,0,5,0.1,0.8,0.4,0.8906767964363098,0.7541158199310303,1.0,0.08434945344924927,0.10932320356369019
fever_155837,fever,0,5,0.0,1.0,0.2,0.938249945640564,0.9153563976287842,0.9806687831878662,0.025505775585770607,0.061750054359436035
fever_10452,fever,0,5,0.0,1.0,0.2,0.5249199867248535,-0.03338535502552986,0.8940979242324829,0.34964343905448914,0.4750800132751465
fever_202439,fever,0,5,0.0,1.0,0.2,0.7105728387832642,0.5342943668365479,0.8462222814559937,0.09256967157125473,0.28942716121673584
fever_144018,fever,0,5,0.0,1.0,0.2,0.7822485566139221,0.6785553693771362,0.9875179529190063,0.09409531205892563,0.21775144338607788
fever_118806,fever,0,5,0.3,0.6,0.6,0.6591838598251343,0.43439289927482605,1.0,0.2523402273654938,0.3408161401748657
fever_70276,fever,0,5,0.3,0.6,0.6,0.9634559750556946,0.9118080139160156,1.0,0.026903297752141953,0.03654402494430542
fever_82859,fever,0,5,0.0,1.0,0.2,0.6083203554153442,0.03952813893556595,0.9072282314300537,0.33234965801239014,0.39167964458465576
fever_83454,fever,1,5,0.0,1.0,0.2,0.5747319459915161,0.053080104291439056,0.9846800565719604,0.39628490805625916,0.4252680540084839
fever_213451,fever,1,5,0.0,1.0,0.2,0.48053914308547974,0.11551445722579956,0.9276731610298157,0.29945987462997437,0.5194608569145203
fever_153819,fever,1,5,0.1,0.8,0.4,0.5126492977142334,0.16475588083267212,1.0,0.30687257647514343,0.4873507022857666
fever_23846,fever,1,5,0.0,1.0,0.2,0.6435043215751648,0.19175145030021667,0.9894668459892273,0.32272955775260925,0.3564956784248352
fever_8167,fever,1,5,0.0,1.0,0.2,0.6250436902046204,0.14502447843551636,0.8757952451705933,0.2810479998588562,0.37495630979537964
fever_36828,fever,0,5,0.0,1.0,0.2,0.5221737623214722,-0.08504277467727661,0.8340986371040344,0.3205574154853821,0.47782623767852783
fever_138500,fever,1,5,0.0,1.0,0.2,0.5464080572128296,-0.009083839133381844,0.9487241506576538,0.3587670624256134,0.4535919427871704
fever_78388,fever,0,5,0.6,0.4,0.8,0.6420113444328308,0.10502834618091583,1.0,0.4384447932243347,0.3579886555671692
fever_144809,fever,1,5,0.1,0.8,0.4,0.6815723180770874,0.46982061862945557,1.0,0.2368878573179245,0.3184276819229126
fever_52356,fever,1,5,0.0,1.0,0.2,0.9062536358833313,0.8688526153564453,0.9419913291931152,0.02371661737561226,0.0937463641166687
fever_144509,fever,1,5,0.1,0.8,0.4,0.7029550671577454,0.5360006093978882,1.0,0.19345252215862274,0.29704493284225464
fever_211288,fever,1,5,0.3,0.6,0.6,0.6792728304862976,0.4460768699645996,1.0,0.25456681847572327,0.3207271695137024
fever_29746,fever,0,5,0.0,1.0,0.2,0.7223523259162903,0.5991004705429077,0.8346237540245056,0.08770164102315903,0.2776476740837097
fever_32652,fever,1,5,0.0,1.0,0.2,0.3516271710395813,-0.03684249892830849,0.7171221971511841,0.2616416811943054,0.6483728289604187
fever_35365,fever,1,5,0.0,1.0,0.2,0.8197075724601746,0.6570926308631897,0.9594048261642456,0.08915241062641144,0.18029242753982544
fever_182936,fever,1,5,0.0,1.0,0.2,0.8211186528205872,0.6987266540527344,0.956040620803833,0.10085343569517136,0.17888134717941284
fever_167172,fever,1,5,0.1,0.8,0.4,0.4583636224269867,0.13478606939315796,1.0,0.37524083256721497,0.5416363775730133
fever_143288,fever,1,5,0.1,0.8,0.4,0.4658598005771637,0.18112099170684814,0.9999999403953552,0.28393423557281494,0.5341401994228363
fever_149173,fever,1,5,0.6,0.4,0.8,0.8578035235404968,0.644508957862854,1.0,0.17415432631969452,0.14219647645950317
fever_50357,fever,1,5,0.1,0.8,0.4,0.5997133851051331,0.09961043298244476,1.0,0.3491557538509369,0.40028661489486694
fever_135962,fever,1,5,0.0,1.0,0.2,0.6580091714859009,0.20418661832809448,0.9230078458786011,0.2573924660682678,0.3419908285140991
fever_59319,fever,0,5,0.6,0.4,0.8,0.9953233599662781,0.9883087277412415,0.9999998211860657,0.005727442912757397,0.004676640033721924
fever_200051,fever,1,5,0.0,1.0,0.2,0.567223846912384,0.16033175587654114,0.9678329229354858,0.2720511853694916,0.43277615308761597
fever_204444,fever,1,5,0.0,1.0,0.2,0.5103155970573425,0.1567252278327942,0.8374909162521362,0.25187748670578003,0.48968440294265747
fever_184285,fever,0,5,0.3,0.6,0.6,0.9182279706001282,0.8517367839813232,1.0,0.06311702728271484,0.08177202939987183
fever_55041,fever,1,5,0.0,1.0,0.2,0.5272825956344604,0.15440285205841064,0.975490391254425,0.2645944356918335,0.47271740436553955
fever_212335,fever,0,5,0.3,0.6,0.6,0.6566669940948486,0.372793972492218,1.0,0.2638665735721588,0.34333300590515137
fever_44552,fever,0,5,0.0,1.0,0.2,0.5221529006958008,0.02439950965344906,0.9674204587936401,0.286956787109375,0.4778470993041992
fever_2615,fever,0,5,0.0,1.0,0.2,0.5818801522254944,0.16588979959487915,0.9624037146568298,0.27003347873687744,0.4181198477745056
fever_192043,fever,1,5,0.0,1.0,0.2,0.8455217480659485,0.7891806364059448,0.9106370210647583,0.03689999878406525,0.1544782519340515
fever_100320,fever,0,5,0.0,1.0,0.2,0.8154932260513306,0.677864134311676,0.9353964328765869,0.08778900653123856,0.18450677394866943
fever_126561,fever,1,5,0.1,0.8,0.4,0.6230486035346985,0.31599217653274536,1.0,0.2777867019176483,0.3769513964653015
fever_217684,fever,1,5,0.0,1.0,0.2,0.8632287979125977,0.756966233253479,0.9503103494644165,0.06215514987707138,0.13677120208740234
fever_89608,fever,1,5,0.1,0.8,0.4,0.3792002201080322,-0.07848677784204483,1.0,0.3764139413833618,0.6207997798919678
fever_189776,fever,0,5,0.1,0.8,0.4,0.4098239541053772,0.02818320319056511,1.0,0.3956432342529297,0.5901760458946228
fever_171067,fever,1,5,0.0,1.0,0.2,0.7471348643302917,0.5136283040046692,0.9458093047142029,0.15968413650989532,0.25286513566970825
fever_181274,fever,1,5,0.1,0.8,0.4,0.6351327896118164,0.13161638379096985,1.0,0.3954769968986511,0.3648672103881836
fever_121634,fever,0,5,0.3,0.6,0.6,0.6840490102767944,0.22832834720611572,1.0,0.37207144498825073,0.31595098972320557
fever_228062,fever,1,5,0.0,1.0,0.2,0.6164364814758301,0.15029336512088776,0.9238457679748535,0.30384933948516846,0.3835635185241699
fever_61803,fever,1,5,0.1,0.8,0.4,0.6532548666000366,0.3993353247642517,1.0,0.2441135048866272,0.3467451333999634
fever_13126,fever,0,5,0.0,1.0,0.2,0.6449860334396362,0.1760154664516449,0.9825344681739807,0.31728169322013855,0.35501396656036377
fever_229309,fever,1,5,0.0,1.0,0.2,0.5796482563018799,0.3424280285835266,0.9169667959213257,0.20102253556251526,0.4203517436981201
fever_66610,fever,0,5,0.1,0.8,0.4,0.5184112787246704,0.1478293538093567,0.9999999403953552,0.3475021719932556,0.4815887212753296
fever_34755,fever,1,5,0.0,1.0,0.2,0.6211777925491333,0.0936831459403038,0.9395509958267212,0.33188557624816895,0.3788222074508667
fever_34924,fever,1,5,0.0,1.0,0.2,0.8552533984184265,0.797392725944519,0.9004489183425903,0.029170699417591095,0.1447466015815735
fever_90925,fever,0,5,0.1,0.8,0.4,0.56551593542099,0.25321531295776367,1.0,0.28492647409439087,0.43448406457901
fever_74806,fever,0,5,0.1,0.8,0.4,0.5458133816719055,0.12785109877586365,1.0,0.28506267070770264,0.4541866183280945
fever_53016,fever,1,5,0.0,1.0,0.2,0.8183185458183289,0.6991791129112244,0.9894938468933105,0.09834447503089905,0.18168145418167114
fever_131422,fever,1,5,0.6,0.4,0.8,0.9625089764595032,0.9062724113464355,1.0,0.045916952192783356,0.037491023540496826
fever_108957,fever,1,5,0.0,1.0,0.2,0.5988357663154602,0.29520827531814575,0.8967376947402954,0.1935054212808609,0.4011642336845398
fever_191255,fever,0,5,0.0,1.0,0.2,0.8573614954948425,0.7707111835479736,0.9988840818405151,0.07619030773639679,0.14263850450515747
fever_216771,fever,0,5,0.0,1.0,0.2,0.43233203887939453,0.0571366548538208,0.7439737319946289,0.27481192350387573,0.5676679611206055
fever_32355,fever,0,5,0.0,1.0,0.2,0.6177304983139038,0.09642146527767181,0.961342453956604,0.2991909086704254,0.3822695016860962
fever_198035,fever,0,5,0.3,0.6,0.6,0.6548867225646973,0.21633905172348022,1.0,0.358040452003479,0.34511327743530273
fever_51351,fever,1,5,0.1,0.8,0.4,0.8303720355033875,0.7077350616455078,1.0,0.10571464151144028,0.16962796449661255
fever_182923,fever,1,5,0.0,1.0,0.2,0.7490427494049072,0.5068091750144958,0.9465814828872681,0.12197732925415039,0.2509572505950928
fever_47736,fever,0,5,0.0,1.0,0.2,0.7672492265701294,0.6919842958450317,0.8767602443695068,0.06656356900930405,0.2327507734298706
fever_32321,fever,0,5,0.0,1.0,0.2,0.6214613914489746,0.15974575281143188,0.9289509654045105,0.3288683295249939,0.3785386085510254
fever_178210,fever,1,5,0.1,0.8,0.4,0.4076874852180481,-0.02590186335146427,0.9999998807907104,0.34911206364631653,0.5923125147819519
fever_35286,fever,1,5,0.0,1.0,0.2,0.6355900764465332,0.48156774044036865,0.8405054211616516,0.10670545697212219,0.3644099235534668
fever_192212,fever,1,5,0.0,1.0,0.2,0.7642490267753601,0.57967209815979,0.9729242324829102,0.1358049064874649,0.2357509732246399
fever_202450,fever,1,5,0.3,0.6,0.6,0.6480578184127808,0.31097352504730225,0.9999998807907104,0.27855318784713745,0.35194218158721924
fever_165875,fever,1,5,0.0,1.0,0.2,0.45617255568504333,0.09926345944404602,0.9655376076698303,0.3405761420726776,0.5438274443149567
fever_76386,fever,1,5,0.1,0.8,0.4,0.8247146606445312,0.5719680190086365,1.0,0.19400586187839508,0.17528533935546875
fever_118442,fever,1,5,0.0,1.0,0.2,0.7193329334259033,0.36047807335853577,0.9924880266189575,0.28801608085632324,0.2806670665740967
fever_179266,fever,1,5,0.1,0.8,0.4,0.5506464838981628,0.23339872062206268,0.9999998807907104,0.28259512782096863,0.44935351610183716
fever_108950,fever,1,5,0.4,0.4,0.6,0.48196688294410706,0.13661150634288788,1.0,0.42297226190567017,0.5180331170558929
fever_154919,fever,1,5,0.0,1.0,0.2,0.8219407200813293,0.5775288343429565,0.992957592010498,0.19371412694454193,0.17805927991867065
fever_198554,fever,1,5,0.0,1.0,0.2,0.8565872311592102,0.7190632820129395,0.972413957118988,0.10132429003715515,0.1434127688407898
fever_134135,fever,1,5,0.0,1.0,0.2,0.7137264609336853,0.578742265701294,0.9125940799713135,0.11324425041675568,0.2862735390663147
fever_81806,fever,1,5,0.0,1.0,0.2,0.8198593854904175,0.6246750950813293,0.9462852478027344,0.08971080929040909,0.18014061450958252
fever_53613,fever,1,5,0.6,0.4,0.8,0.8800390362739563,0.7000974416732788,1.0,0.14692164957523346,0.1199609637260437
fever_81439,fever,0,5,0.0,1.0,0.2,0.4179812967777252,0.1395713835954666,0.6656569242477417,0.1742693930864334,0.5820187032222748
fever_119558,fever,0,5,0.0,1.0,0.2,0.5149219632148743,0.0777101069688797,0.8858640193939209,0.3227004408836365,0.48507803678512573
fever_99635,fever,1,5,0.0,1.0,0.2,0.8877928853034973,0.807553768157959,0.9841486215591431,0.06428782641887665,0.11220711469650269
fever_102346,fever,0,5,0.1,0.8,0.4,0.48485690355300903,0.08846548944711685,0.9999998807907104,0.28870248794555664,0.515143096446991
fever_93018,fever,1,5,0.1,0.8,0.4,0.5377182364463806,0.15377044677734375,1.0,0.28910988569259644,0.4622817635536194
fever_124875,fever,0,5,0.3,0.6,0.6,0.8302103281021118,0.7166695594787598,1.0,0.11512304842472076,0.16978967189788818
fever_89171,fever,1,5,0.0,1.0,0.2,0.5351835489273071,0.03394860401749611,0.845138669013977,0.2890816628932953,0.46481645107269287
fever_104178,fever,0,5,0.1,0.8,0.4,0.8635493516921997,0.7463552951812744,1.0,0.08751203864812851,0.1364506483078003
fever_61612,fever,1,5,0.0,1.0,0.2,0.8038371205329895,0.6064334511756897,0.9830090999603271,0.14717960357666016,0.1961628794670105
fever_127819,fever,1,5,0.0,1.0,0.2,0.5982562303543091,0.05990944802761078,0.9816396236419678,0.25491058826446533,0.4017437696456909
fever_195502,fever,1,5,0.0,1.0,0.2,0.381732314825058,0.009602876380085945,0.976706326007843,0.2880588173866272,0.618267685174942
fever_212331,fever,1,5,0.0,1.0,0.2,0.5091530084609985,0.09288156032562256,0.9927588105201721,0.29355600476264954,0.49084699153900146
fever_169324,fever,1,5,0.0,1.0,0.2,0.4835914075374603,0.015671418979763985,0.9196797609329224,0.28524327278137207,0.5164085924625397
fever_59056,fever,1,5,0.1,0.8,0.4,0.29358184337615967,0.07275773584842682,0.9999998807907104,0.29064685106277466,0.7064181566238403
fever_168091,fever,0,5,0.1,0.8,0.4,0.6189449429512024,0.2785020172595978,1.0,0.2768299877643585,0.3810550570487976
fever_112394,fever,1,5,0.1,0.8,0.4,0.4044540524482727,0.1279434710741043,1.0,0.3038790822029114,0.5955459475517273
fever_133948,fever,0,5,0.1,0.8,0.4,0.502041220664978,0.1297389268875122,0.9999999403953552,0.30639153718948364,0.497958779335022
fever_141271,fever,1,5,0.1,0.8,0.4,0.6151948571205139,0.21886295080184937,1.0,0.2724359333515167,0.3848051428794861
fever_198037,fever,1,5,0.0,1.0,0.2,0.5289133191108704,0.07136596739292145,0.9189503192901611,0.282583087682724,0.47108668088912964
fever_142701,fever,1,5,0.0,1.0,0.2,0.8578950762748718,0.7087763547897339,0.9971848726272583,0.09474107623100281,0.14210492372512817
fever_40859,fever,0,5,0.0,1.0,0.2,0.7436210513114929,0.582329511642456,0.8985730409622192,0.11021917313337326,0.2563789486885071
fever_7138,fever,1,5,0.1,0.8,0.4,0.29509156942367554,0.04189882427453995,1.0,0.29282522201538086,0.7049084305763245
fever_24273,fever,1,5,0.3,0.6,0.6,0.5164452195167542,0.08944430202245712,0.9999998807907104,0.3575141727924347,0.48355478048324585
fever_12178,fever,0,5,0.1,0.8,0.4,0.6414545774459839,0.14110775291919708,1.0,0.36395570635795593,0.3585454225540161
fever_84328,fever,0,5,0.0,1.0,0.2,0.6995652914047241,0.1722213327884674,0.9877567291259766,0.28156113624572754,0.3004347085952759
fever_87760,fever,1,5,0.0,1.0,0.2,0.7539060115814209,0.5585245490074158,0.9265428781509399,0.13506582379341125,0.2460939884185791
fever_53901,fever,0,5,0.0,1.0,0.2,0.8085412979125977,0.683307945728302,0.9807181358337402,0.0945795550942421,0.19145870208740234
fever_108736,fever,1,5,0.1,0.8,0.4,0.9403567314147949,0.8700366020202637,1.0,0.04739717021584511,0.05964326858520508
fever_106826,fever,1,5,0.1,0.8,0.4,0.5846911668777466,0.15988294780254364,1.0,0.2762880325317383,0.4153088331222534
fever_212324,fever,0,5,0.1,0.8,0.4,0.5867364406585693,0.29221075773239136,1.0,0.30704379081726074,0.41326355934143066
fever_89796,fever,0,5,0.1,0.8,0.4,0.9087768793106079,0.8273735642433167,1.0,0.05956227332353592,0.09122312068939209
fever_213945,fever,1,5,0.1,0.8,0.4,0.9919027090072632,0.9837028384208679,1.0,0.004614256322383881,0.008097290992736816
fever_148149,fever,1,5,0.0,1.0,0.2,0.7776117324829102,0.6463842988014221,0.9465842247009277,0.07970543205738068,0.22238826751708984
fever_146288,fever,1,5,0.0,1.0,0.2,0.7367779016494751,0.5502851009368896,0.9210625886917114,0.10756434500217438,0.2632220983505249
fever_123226,fever,1,5,0.1,0.8,0.4,0.4946131706237793,0.1663646101951599,0.9999998807907104,0.30931946635246277,0.5053868293762207
fever_93600,fever,1,5,0.0,1.0,0.2,0.7546207308769226,0.49667680263519287,0.9340283870697021,0.13309630751609802,0.2453792691230774
fever_118434,fever,1,5,0.0,1.0,0.2,0.3832319974899292,0.10361027717590332,0.9720389246940613,0.3333427309989929,0.6167680025100708
fever_149842,fever,1,5,0.0,1.0,0.2,0.526913046836853,0.2253618836402893,0.9249372482299805,0.2594791650772095,0.473086953163147
fever_141561,fever,1,5,0.1,0.8,0.4,0.8919180631637573,0.8027067184448242,1.0,0.06362298876047134,0.10808193683624268
fever_183411,fever,0,5,0.0,1.0,0.2,0.6066755056381226,0.0651574358344078,0.9842512607574463,0.3842442035675049,0.39332449436187744
fever_184100,fever,1,5,0.1,0.8,0.4,0.6936556100845337,0.312114953994751,0.9999997615814209,0.27623850107192993,0.3063443899154663
fever_145389,fever,1,5,0.1,0.8,0.4,0.9325081706047058,0.8428326845169067,1.0,0.06116325408220291,0.06749182939529419
fever_142620,fever,1,5,0.0,1.0,0.2,0.9278535842895508,0.8745906352996826,0.9732204675674438,0.02990812435746193,0.07214641571044922
fever_4705,fever,0,5,0.0,1.0,0.2,0.7856224775314331,0.5857027769088745,0.8865525722503662,0.08566262573003769,0.2143775224685669
fever_83425,fever,1,5,0.0,1.0,0.2,0.4767143130302429,0.11119423061609268,0.9382487535476685,0.31226688623428345,0.5232856869697571
fever_168086,fever,0,5,0.0,1.0,0.2,0.8713542819023132,0.7567776441574097,0.9619407653808594,0.06260467320680618,0.12864571809768677
fever_134438,fever,0,5,0.1,0.8,0.4,0.6283761858940125,0.1242363452911377,0.9999998807907104,0.2847388982772827,0.37162381410598755
fever_133512,fever,1,5,0.0,1.0,0.2,0.6504512429237366,0.23707836866378784,0.9887886047363281,0.2663588523864746,0.3495487570762634
fever_57850,fever,1,5,0.0,1.0,0.2,0.47117939591407776,0.15021872520446777,0.8594154119491577,0.25478583574295044,0.5288206040859222
fever_53760,fever,0,5,0.0,1.0,0.2,0.6868516206741333,0.4590640366077423,0.9476681351661682,0.15646934509277344,0.3131483793258667
fever_184083,fever,0,5,0.3,0.6,0.6,0.6662479639053345,0.41022419929504395,1.0,0.23409561812877655,0.3337520360946655
fever_29289,fever,0,5,0.3,0.6,0.6,0.8992542028427124,0.783002495765686,1.0,0.08222881704568863,0.1007457971572876
fever_150964,fever,1,5,0.3,0.6,0.6,0.7427662014961243,0.40600842237472534,1.0,0.2352895587682724,0.25723379850387573
fever_123023,fever,0,5,0.0,1.0,0.2,0.6407953500747681,0.5021694302558899,0.8387888669967651,0.09901084750890732,0.35920464992523193
fever_198217,fever,0,5,0.3,0.6,0.6,0.8540065884590149,0.7000761032104492,1.0,0.11817780137062073,0.1459934115409851
fever_98879,fever,1,5,0.0,1.0,0.2,0.7603299021720886,0.6411354541778564,0.8717154860496521,0.08066397160291672,0.23967009782791138
fever_53025,fever,0,5,0.0,1.0,0.2,0.8370071649551392,0.6504983901977539,0.9567161798477173,0.0882963240146637,0.16299283504486084
fever_215230,fever,0,5,0.1,0.8,0.4,0.765678882598877,0.582451343536377,1.0,0.17946015298366547,0.23432111740112305
fever_194781,fever,0,5,0.4,0.4,0.6,0.9852942228317261,0.9754903316497803,1.0,0.01200723648071289,0.014705777168273926
fever_143417,fever,1,5,0.1,0.8,0.4,0.6643854975700378,0.2170165777206421,0.9999999403953552,0.3452099561691284,0.33561450242996216
fever_45310,fever,0,5,0.0,1.0,0.2,0.5807791352272034,0.17368797957897186,0.8670262098312378,0.2314027100801468,0.41922086477279663
fever_86109,fever,1,5,0.0,1.0,0.2,0.5986406207084656,0.21187883615493774,0.8122605085372925,0.21283146739006042,0.4013593792915344
fever_37924,fever,0,5,0.3,0.6,0.6,0.8865000605583191,0.7618237733840942,1.0,0.08417152613401413,0.11349993944168091
fever_112568,fever,0,5,0.0,1.0,0.2,0.47992315888404846,-0.0006957105360925198,0.7619185447692871,0.2362114042043686,0.5200768411159515
fever_16329,fever,0,5,0.0,1.0,0.2,0.7133068442344666,0.2332395315170288,0.9862483739852905,0.2851821780204773,0.28669315576553345
fever_1313,fever,0,5,0.1,0.8,0.4,0.7612093687057495,0.6437641382217407,1.0,0.10520337522029877,0.2387906312942505
fever_89213,fever,1,5,0.1,0.8,0.4,0.3171713948249817,0.061617933213710785,1.0,0.2760361433029175,0.6828286051750183
fever_34961,fever,0,5,0.0,1.0,0.2,0.9075416326522827,0.8388501405715942,0.9402304887771606,0.02612674981355667,0.09245836734771729
fever_212228,fever,1,5,0.0,1.0,0.2,0.5545130968093872,0.22052383422851562,0.9899967908859253,0.2908857464790344,0.4454869031906128
fever_192190,fever,1,5,0.0,1.0,0.2,0.7639576196670532,0.5762983560562134,0.9044332504272461,0.09927304089069366,0.23604238033294678
fever_177185,fever,1,5,0.1,0.8,0.4,0.6365854144096375,0.3760017156600952,1.0,0.255096971988678,0.36341458559036255
fever_112087,fever,1,5,0.0,1.0,0.2,0.443489134311676,0.10840451717376709,0.9645564556121826,0.342156320810318,0.556510865688324
fever_21072,fever,0,5,0.1,0.8,0.4,0.594161331653595,0.2623479962348938,1.0,0.278093546628952,0.40583866834640503
fever_21986,fever,1,5,0.0,1.0,0.2,0.5694518089294434,0.13975903391838074,0.980587363243103,0.27513033151626587,0.43054819107055664
fever_19902,fever,0,5,0.0,1.0,0.2,0.7365249395370483,0.6553876399993896,0.8996226787567139,0.08542249351739883,0.26347506046295166
fever_34205,fever,0,5,0.0,1.0,0.2,0.65492182970047,0.4208047091960907,0.9754903316497803,0.18676261603832245,0.34507817029953003
fever_170400,fever,0,5,0.3,0.6,0.6,0.8915776014328003,0.7973648309707642,1.0,0.07983782142400742,0.10842239856719971
fever_58417,fever,0,5,0.0,1.0,0.2,0.823971152305603,0.619239330291748,0.9860339164733887,0.1471129208803177,0.17602884769439697
fever_127408,fever,0,5,0.0,1.0,0.2,0.772611677646637,0.6519013047218323,0.8605825901031494,0.07145500928163528,0.22738832235336304
fever_6576,fever,0,5,0.1,0.8,0.4,0.6375719308853149,0.013772383332252502,1.0,0.3180009722709656,0.36242806911468506
fever_224197,fever,1,5,0.0,1.0,0.2,0.4731801152229309,-0.10216382145881653,0.992424726486206,0.42512717843055725,0.5268198847770691
fever_17783,fever,0,5,0.3,0.6,0.6,0.439993679523468,0.09220963716506958,0.9999999403953552,0.4188688397407532,0.560006320476532
fever_222172,fever,1,5,0.0,1.0,0.2,0.7670952081680298,0.6861538887023926,0.8950676321983337,0.06901443749666214,0.23290479183197021
fever_183470,fever,0,5,0.0,1.0,0.2,0.506476879119873,0.011125484481453896,0.8258411884307861,0.3126682639122009,0.49352312088012695
fever_179105,fever,1,5,0.0,1.0,0.2,0.4960194230079651,0.060719992965459824,0.9336296916007996,0.21450687944889069,0.5039805769920349
fever_66842,fever,0,5,0.0,1.0,0.2,0.6210312247276306,0.3020424544811249,0.9556642770767212,0.1820051223039627,0.3789687752723694
fever_80676,fever,1,5,0.0,1.0,0.2,0.49701911211013794,0.15214091539382935,0.8787904977798462,0.23785999417304993,0.5029808878898621
fever_181114,fever,1,5,0.0,1.0,0.2,0.6584637761116028,0.37344813346862793,0.9855330586433411,0.20394903421401978,0.3415362238883972
fever_119884,fever,1,5,0.0,1.0,0.2,0.6079723238945007,0.5285893678665161,0.8042842745780945,0.08101825416088104,0.39202767610549927
fever_15452,fever,0,5,0.0,1.0,0.2,0.5091558694839478,0.1968156397342682,0.9754904508590698,0.3177545368671417,0.49084413051605225
fever_53317,fever,1,5,0.1,0.8,0.4,0.5058784484863281,0.12334652245044708,1.0,0.37014710903167725,0.4941215515136719
fever_203154,fever,0,5,0.1,0.8,0.4,0.89238440990448,0.806291937828064,1.0,0.06519363075494766,0.10761559009552002
fever_145848,fever,1,5,0.1,0.8,0.4,0.8353402018547058,0.656047523021698,1.0,0.12520380318164825,0.1646597981452942
fever_166848,fever,0,5,0.0,1.0,0.2,0.8307514190673828,0.7362279891967773,0.9215972423553467,0.05434448644518852,0.1692485809326172
fever_218481,fever,0,5,0.1,0.8,0.4,0.5695240497589111,0.2764561176300049,1.0,0.30408594012260437,0.43047595024108887
fever_141894,fever,1,5,0.3,0.6,0.6,0.6683727502822876,0.4146610498428345,1.0,0.24682645499706268,0.3316272497177124
fever_180736,fever,1,5,0.1,0.8,0.4,0.32664889097213745,0.03068704530596733,1.0,0.28644004464149475,0.6733511090278625
fever_66211,fever,1,5,0.0,1.0,0.2,0.6028614640235901,0.19353029131889343,0.9358621835708618,0.24648961424827576,0.3971385359764099
fever_159700,fever,0,5,0.1,0.8,0.4,0.6469600796699524,0.24015173316001892,1.0,0.29060181975364685,0.3530399203300476
fever_81045,fever,0,5,0.0,1.0,0.2,0.7967397570610046,0.6463897228240967,0.9771634340286255,0.10622387379407883,0.20326024293899536
fever_216351,fever,0,5,0.0,1.0,0.2,0.4788052439689636,-0.03578037768602371,0.8661455512046814,0.35210251808166504,0.5211947560310364
fever_12682,fever,1,5,0.0,1.0,0.2,0.8400126695632935,0.7051466703414917,0.9191169142723083,0.06299937516450882,0.15998733043670654
fever_162408,fever,1,5,0.0,1.0,0.2,0.5186394453048706,0.17826692759990692,0.9650053977966309,0.2535817325115204,0.4813605546951294
fever_221072,fever,0,5,0.0,1.0,0.2,0.8975604176521301,0.7864018678665161,0.9767340421676636,0.07694856822490692,0.10243958234786987
fever_178341,fever,1,5,0.0,1.0,0.2,0.660764753818512,0.4116531014442444,0.9360790252685547,0.20604635775089264,0.33923524618148804
fever_151450,fever,0,5,0.0,1.0,0.2,0.48462972044944763,0.050115011632442474,0.8903183937072754,0.2822951078414917,0.5153702795505524
fever_38861,fever,1,5,0.1,0.8,0.4,0.407980352640152,-0.03941561281681061,0.9999998807907104,0.3704913556575775,0.592019647359848
fever_161234,fever,1,5,0.1,0.8,0.4,0.6795001029968262,0.4506179094314575,1.0,0.2586018145084381,0.32049989700317383
fever_15425,fever,0,5,0.1,0.8,0.4,0.613681972026825,0.22315575182437897,1.0,0.24923498928546906,0.38631802797317505
fever_40432,fever,1,5,0.1,0.8,0.4,0.615052342414856,0.341993510723114,1.0,0.30640658736228943,0.38494765758514404
fever_162035,fever,0,5,0.1,0.8,0.4,0.5384794473648071,-0.014275005087256432,1.0,0.36200565099716187,0.46152055263519287
fever_64457,fever,0,5,0.0,1.0,0.2,0.576746940612793,-0.04772717133164406,0.9127024412155151,0.2871463894844055,0.42325305938720703
fever_127957,fever,1,5,0.1,0.8,0.4,0.6728396415710449,0.33527764678001404,1.0,0.23040015995502472,0.3271603584289551
fever_194893,fever,1,5,0.0,1.0,0.2,0.38337334990501404,0.009655130095779896,0.8617308735847473,0.24431435763835907,0.616626650094986
fever_195038,fever,1,5,0.0,1.0,0.2,0.7894344925880432,0.4563071131706238,0.9868596196174622,0.2006787806749344,0.2105655074119568
fever_90000,fever,0,5,0.0,1.0,0.2,0.6105855107307434,0.26556330919265747,0.9474173784255981,0.22354523837566376,0.3894144892692566
fever_186588,fever,0,5,0.3,0.6,0.6,0.6374973058700562,0.20314309000968933,1.0,0.3521398603916168,0.36250269412994385
fever_104847,fever,0,5,0.3,0.6,0.6,0.992538332939148,0.9872605800628662,0.9999997615814209,0.005565047264099121,0.007461667060852051
fever_69425,fever,1,5,0.1,0.8,0.4,0.9236218333244324,0.8733754754066467,1.0,0.051037441939115524,0.07637816667556763
fever_33011,fever,1,5,0.0,1.0,0.2,0.8225318193435669,0.6869964599609375,0.966539740562439,0.08866001665592194,0.1774681806564331
fever_9182,fever,0,5,0.3,0.6,0.6,0.6594769954681396,0.42459172010421753,0.9999999403953552,0.25993460416793823,0.34052300453186035
fever_67766,fever,0,5,0.6,0.4,0.8,0.9497390985488892,0.8743477463722229,1.0,0.061556778848171234,0.05026090145111084
fever_113361,fever,0,5,0.0,1.0,0.2,0.9080163836479187,0.8410152196884155,0.9507040977478027,0.03673394396901131,0.0919836163520813
fever_21187,fever,0,5,0.1,0.8,0.4,0.9260519742965698,0.8788613080978394,1.0,0.042105983942747116,0.07394802570343018
fever_69536,fever,0,5,0.1,0.8,0.4,0.9297114610671997,0.858944296836853,0.9881154298782349,0.04785080626606941,0.07028853893280029
fever_123477,fever,1,5,0.0,1.0,0.2,0.7940478324890137,0.6098335981369019,0.9532497525215149,0.11072037369012833,0.20595216751098633
fever_84329,fever,1,5,0.0,1.0,0.2,0.8130229115486145,0.6714283227920532,0.9732083678245544,0.10246234387159348,0.1869770884513855
fever_114050,fever,0,5,0.1,0.8,0.4,0.3633176386356354,0.019519012421369553,1.0,0.38616496324539185,0.6366823613643646
fever_113188,fever,1,5,0.0,1.0,0.2,0.3944862484931946,0.11405555158853531,0.895544171333313,0.2478451281785965,0.6055137515068054
fever_19592,fever,0,5,0.0,1.0,0.2,0.8829857707023621,0.785232424736023,0.9716982245445251,0.07034565508365631,0.11701422929763794
fever_199414,fever,0,5,0.0,1.0,0.2,0.7157685160636902,0.5079180002212524,0.9292351007461548,0.12705834209918976,0.2842314839363098
fever_146260,fever,0,5,0.0,1.0,0.2,0.6612390875816345,0.19814059138298035,0.9160313606262207,0.25313401222229004,0.3387609124183655
fever_28679,fever,1,5,0.0,1.0,0.2,0.565956711769104,0.1998337209224701,0.9215234518051147,0.2518578767776489,0.434043288230896
fever_124565,fever,0,5,0.3,0.6,0.6,0.5868242979049683,0.1590728461742401,1.0,0.340559184551239,0.41317570209503174
fever_146361,fever,0,5,0.1,0.8,0.4,0.5957261323928833,0.3351724147796631,1.0,0.2208332121372223,0.4042738676071167
fever_10713,fever,0,5,0.1,0.8,0.4,0.4730249047279358,-0.0030488939955830574,1.0,0.35411396622657776,0.5269750952720642
fever_225749,fever,1,5,0.0,1.0,0.2,0.39631786942481995,0.03775303065776825,0.9048540592193604,0.29894331097602844,0.60368213057518
fever_150098,fever,1,5,0.1,0.8,0.4,0.4299798905849457,0.018983112648129463,1.0,0.43889230489730835,0.5700201094150543
fever_181264,fever,1,5,0.2,0.6,0.4,0.8333801031112671,0.7329356670379639,1.0,0.11868957430124283,0.1666198968887329
fever_125912,fever,1,5,0.1,0.8,0.4,0.6412214040756226,0.37284767627716064,1.0,0.23668788373470306,0.35877859592437744
fever_139330,fever,0,5,0.0,1.0,0.2,0.6618166565895081,0.2527412176132202,0.9467631578445435,0.2596680521965027,0.33818334341049194
fever_11570,fever,1,5,0.1,0.8,0.4,0.5100694894790649,0.10833258181810379,1.0,0.2805437743663788,0.48993051052093506
fever_194183,fever,1,5,0.1,0.8,0.4,0.5667632222175598,0.27707600593566895,1.0,0.3429119884967804,0.4332367777824402
fever_164103,fever,1,5,0.3,0.6,0.6,0.5836254954338074,0.31131309270858765,1.0,0.2811920642852783,0.4163745045661926
fever_204997,fever,0,5,0.0,1.0,0.2,0.6460008025169373,0.5300304889678955,0.8603687882423401,0.10729600489139557,0.35399919748306274
fever_155629,fever,1,5,0.3,0.6,0.6,0.945355236530304,0.9102321863174438,1.0,0.03680655360221863,0.054644763469696045
fever_178240,fever,1,5,0.0,1.0,0.2,0.4272076487541199,0.07910551130771637,0.9588596820831299,0.39832380414009094,0.5727923512458801
fever_172306,fever,1,5,0.1,0.8,0.4,0.7207351922988892,0.6272417306900024,1.0,0.12405426055192947,0.27926480770111084
fever_86749,fever,1,5,0.0,1.0,0.2,0.9128161668777466,0.8496666550636292,0.9897710084915161,0.05187549442052841,0.08718383312225342
fever_119606,fever,0,5,0.4,0.4,0.6,0.9477933049201965,0.9129889607429504,1.0,0.042626526206731796,0.05220669507980347
fever_205643,fever,1,5,0.0,1.0,0.2,0.9334107637405396,0.8357017040252686,0.994899332523346,0.07160431146621704,0.06658923625946045
fever_2317,fever,1,5,0.0,1.0,0.2,0.9179256558418274,0.8295466899871826,0.9911285042762756,0.05794968828558922,0.08207434415817261
fever_222643,fever,0,5,0.3,0.6,0.6,0.7212949991226196,0.5256881713867188,1.0,0.20332196354866028,0.27870500087738037
fever_10675,fever,1,5,0.0,1.0,0.2,0.5419518947601318,0.06297172605991364,0.9123095870018005,0.33259013295173645,0.45804810523986816
fever_198067,fever,1,5,0.0,1.0,0.2,0.5872719883918762,0.24895912408828735,0.9508415460586548,0.24899770319461823,0.4127280116081238
fever_145516,fever,0,5,0.3,0.6,0.6,0.545608639717102,0.1639636754989624,1.0,0.32762086391448975,0.45439136028289795
fever_192959,fever,0,5,0.0,1.0,0.2,0.467627614736557,0.10506303608417511,0.9064419269561768,0.2166079580783844,0.532372385263443
fever_117447,fever,1,5,0.0,1.0,0.2,0.7967216968536377,0.6644480228424072,0.9691300392150879,0.09562364220619202,0.2032783031463623
fever_208441,fever,1,5,0.1,0.8,0.4,0.5718229413032532,0.3358311057090759,0.9999998807907104,0.2571188807487488,0.4281770586967468
fever_127814,fever,1,5,0.0,1.0,0.2,0.8049426078796387,0.6703939437866211,0.9747062921524048,0.0846370980143547,0.19505739212036133
fever_78311,fever,0,5,0.3,0.6,0.6,0.9557144045829773,0.8895326256752014,0.9999998807907104,0.049150411039590836,0.044285595417022705
fever_32490,fever,0,5,0.0,1.0,0.2,0.8798457980155945,0.8233039379119873,0.9891989827156067,0.04860185086727142,0.12015420198440552
fever_27657,fever,0,5,1.0,0.2,1.0,1.0,1.0,1.0,0.0,0.0
fever_21145,fever,0,5,0.3,0.6,0.6,0.6133552193641663,0.08958850800991058,0.9999998807907104,0.3819199800491333,0.38664478063583374
fever_220234,fever,0,5,0.0,1.0,0.2,0.5209243893623352,0.037600234150886536,0.8888522386550903,0.36137139797210693,0.4790756106376648
fever_220278,fever,0,5,0.3,0.6,0.6,0.5448716282844543,0.24806445837020874,1.0,0.359028697013855,0.45512837171554565
fever_185402,fever,1,5,0.0,1.0,0.2,0.41007575392723083,0.12226621806621552,0.9291683435440063,0.237296000123024,0.5899242460727692
fever_5092,fever,0,5,0.0,1.0,0.2,0.7871056795120239,0.6877415180206299,0.9361189603805542,0.07570845633745193,0.21289432048797607
fever_165111,fever,0,5,0.1,0.8,0.4,0.8100644946098328,0.7597668170928955,1.0,0.07164283841848373,0.18993550539016724
fever_42152,fever,1,5,0.0,1.0,0.2,0.6138018369674683,0.19567763805389404,0.9775540828704834,0.27521616220474243,0.38619816303253174
fever_197368,fever,0,5,0.0,1.0,0.2,0.7883089780807495,0.6541662812232971,0.9746249318122864,0.08625686913728714,0.2116910219192505
fever_174510,fever,0,5,0.1,0.8,0.4,0.9611795544624329,0.9358681440353394,1.0,0.026272932067513466,0.03882044553756714
fever_61563,fever,0,5,0.1,0.8,0.4,0.5230799317359924,0.10458391159772873,1.0,0.308284193277359,0.47692006826400757
fever_184054,fever,1,5,0.0,1.0,0.2,0.6898475885391235,0.2887542247772217,0.9716217517852783,0.259246289730072,0.31015241146087646
fever_187114,fever,0,5,0.4,0.4,0.6,0.4952794909477234,0.1587991714477539,1.0,0.4121025800704956,0.5047205090522766
fever_183618,fever,1,5,0.0,1.0,0.2,0.7190858721733093,0.5341882109642029,0.9479209780693054,0.1149788349866867,0.2809141278266907
fever_166485,fever,0,5,0.1,0.8,0.4,0.6482709050178528,0.16171938180923462,0.9999998807907104,0.286490797996521,0.3517290949821472
fever_186592,fever,1,5,0.1,0.8,0.4,0.7332406044006348,0.37484708428382874,0.9999999403953552,0.2821713089942932,0.26675939559936523
fever_99105,fever,1,5,0.6,0.4,0.8,0.8051338195800781,0.5128344893455505,1.0,0.23866137862205505,0.19486618041992188
fever_134200,fever,0,5,0.0,1.0,0.2,0.7090297937393188,0.27000710368156433,0.9924252033233643,0.2649841904640198,0.29097020626068115
fever_137038,fever,0,5,0.1,0.8,0.4,0.5894447565078735,0.3182905316352844,0.9999998807907104,0.25095799565315247,0.41055524349212646
fever_193860,fever,0,5,0.6,0.4,0.8,0.635181188583374,0.08795294165611267,1.0,0.44680994749069214,0.364818811416626
fever_30062,fever,0,5,0.3,0.6,0.6,0.9193102121353149,0.8489656448364258,1.0,0.06553269922733307,0.08068978786468506
fever_78018,fever,0,5,0.0,1.0,0.2,0.518243134021759,0.19583871960639954,0.951846182346344,0.29146817326545715,0.48175686597824097
fever_165652,fever,0,5,0.0,1.0,0.2,0.830901026725769,0.6427741050720215,0.9903638958930969,0.13760825991630554,0.16909897327423096
fever_225254,fever,0,5,0.0,1.0,0.2,0.4891825318336487,0.19488251209259033,0.9123351573944092,0.3121049404144287,0.5108174681663513
fever_8246,fever,0,5,0.1,0.8,0.4,0.592853844165802,0.25160637497901917,1.0,0.3166230618953705,0.407146155834198
fever_10278,fever,1,5,0.3,0.6,0.6,0.8837519884109497,0.7087429761886597,1.0,0.13704925775527954,0.11624801158905029
fever_42619,fever,0,5,0.0,1.0,0.2,0.6632498502731323,0.13821128010749817,0.9280519485473633,0.24373432993888855,0.3367501497268677
fever_204010,fever,1,5,0.0,1.0,0.2,0.4861777722835541,-0.06460274755954742,0.8149515390396118,0.35271987318992615,0.5138222277164459
fever_15006,fever,0,5,0.0,1.0,0.2,0.6004015207290649,0.03813721984624863,0.9570746421813965,0.2877589166164398,0.39959847927093506
fever_201364,fever,0,5,0.0,1.0,0.2,0.8578108549118042,0.7930885553359985,0.9208585023880005,0.0429825559258461,0.1421891450881958
fever_147936,fever,0,5,0.0,1.0,0.2,0.6593221426010132,0.4099287986755371,0.9081882238388062,0.16204331815242767,0.3406778573989868
fever_37558,fever,1,5,0.0,1.0,0.2,0.8588638305664062,0.7452868223190308,0.9725728034973145,0.07744566351175308,0.14113616943359375
fever_212187,fever,0,5,0.0,1.0,0.2,0.6367917060852051,0.29584282636642456,0.8851558566093445,0.18998511135578156,0.3632082939147949
fever_94059,fever,0,5,0.0,1.0,0.2,0.8185383677482605,0.5536839365959167,0.9949519038200378,0.20466828346252441,0.1814616322517395
